subject,run,event_index,latency_samples,event_time_sec,event_type,memory_cond,task_role,letter,qc_status,qc_start_sec,qc_end_sec
sub-004,1,1,3714.0,14.852,"[[115]
 [104]
 [111]
 [119]
 [ 95]
 [ 99]
 [114]
 [111]
 [115]
 [115]]",53.0,"[[102]
 [105]
 [120]
 [ 97]
 [116]
 [101]]",43.0,REVIEW,10.0,20.0
sub-004,1,2,5025.793619749999,20.099174,"[[115]
 [104]
 [111]
 [119]
 [ 95]
 [108]
 [101]
 [116]
 [116]
 [101]
 [114]]",53.0,"[[116]
 [111]
 [ 95]
 [114]
 [101]
 [109]
 [101]
 [109]
 [ 98]
 [101]
 [114]]",75.0,NORMAL,20.0,30.0
sub-004,1,3,5385.96686795,21.539867,"[[115]
 [104]
 [111]
 [119]
 [ 95]
 [108]
 [101]
 [116]
 [116]
 [101]
 [114]]",53.0,"[[116]
 [111]
 [ 95]
 [105]
 [103]
 [110]
 [111]
 [114]
 [101]]",67.0,NORMAL,20.0,30.0
sub-004,1,4,5746.415114824999,22.98166,"[[115]
 [104]
 [111]
 [119]
 [ 95]
 [108]
 [101]
 [116]
 [116]
 [101]
 [114]]",53.0,"[[116]
 [111]
 [ 95]
 [114]
 [101]
 [109]
 [101]
 [109]
 [ 98]
 [101]
 [114]]",74.0,NORMAL,20.0,30.0
sub-004,1,5,6106.863361675,24.423453,"[[115]
 [104]
 [111]
 [119]
 [ 95]
 [108]
 [101]
 [116]
 [116]
 [101]
 [114]]",53.0,"[[116]
 [111]
 [ 95]
 [105]
 [103]
 [110]
 [111]
 [114]
 [101]]",89.0,NORMAL,20.0,30.0
sub-004,1,6,6467.06160975,25.864246,"[[115]
 [104]
 [111]
 [119]
 [ 95]
 [108]
 [101]
 [116]
 [116]
 [101]
 [114]]",53.0,"[[116]
 [111]
 [ 95]
 [114]
 [101]
 [109]
 [101]
 [109]
 [ 98]
 [101]
 [114]]",76.0,NORMAL,20.0,30.0
sub-004,1,7,6827.509856625,27.306039,"[[115]
 [104]
 [111]
 [119]
 [ 95]
 [108]
 [101]
 [116]
 [116]
 [101]
 [114]]",53.0,"[[116]
 [111]
 [ 95]
 [114]
 [101]
 [109]
 [101]
 [109]
 [ 98]
 [101]
 [114]]",68.0,NORMAL,20.0,30.0
sub-004,1,8,7187.933103625,28.747732,"[[115]
 [104]
 [111]
 [119]
 [ 95]
 [108]
 [101]
 [116]
 [116]
 [101]
 [114]]",53.0,"[[116]
 [111]
 [ 95]
 [114]
 [101]
 [109]
 [101]
 [109]
 [ 98]
 [101]
 [114]]",77.0,NORMAL,20.0,30.0
sub-004,1,9,7548.381350475,30.189525,"[[115]
 [104]
 [111]
 [119]
 [ 95]
 [108]
 [101]
 [116]
 [116]
 [101]
 [114]]",53.0,"[[116]
 [111]
 [ 95]
 [105]
 [103]
 [110]
 [111]
 [114]
 [101]]",83.0,NORMAL,30.0,40.0
sub-004,1,10,7908.57959855,31.630318,"[[115]
 [104]
 [111]
 [119]
 [ 95]
 [100]
 [ 97]
 [115]
 [104]]",53.0,"[[119]
 [111]
 [114]
 [107]
 [ 95]
 [109]
 [101]
 [109]
 [111]
 [114]
 [121]]",45.0,NORMAL,30.0,40.0
sub-004,1,11,8478.501826599999,33.910007,"[[115]
 [104]
 [111]
 [119]
 [ 95]
 [108]
 [101]
 [116]
 [116]
 [101]
 [114]]",53.0,"[[112]
 [114]
 [111]
 [ 98]
 [101]
 [ 95]
 [116]
 [ 97]
 [114]
 [103]
 [101]
 [116]]",74.0,NORMAL,30.0,40.0
sub-004,1,12,8762.20044675,35.044802,"[[114]
 [105]
 [103]
 [104]
 [116]
 [ 95]
 [ 99]
 [108]
 [105]
 [ 99]
 [107]]",53.0,"[[114]
 [101]
 [109]
 [101]
 [109]
 [ 98]
 [101]
 [114]
 [101]
 [100]
 [ 95]
 [ 99]
 [111]
 [114]
 [114]
 [101]
 [ 99]
 [116]]","[[110]
 [ 47]
 [ 97]]",NORMAL,30.0,40.0
sub-004,1,13,8862.249960125,35.445,"[[115]
 [111]
 [117]
 [110]
 [100]
 [ 95]
 [ 98]
 [101]
 [101]
 [112]]",53.0,"[[102]
 [101]
 [101]
 [100]
 [ 98]
 [ 97]
 [ 99]
 [107]
 [ 95]
 [ 99]
 [111]
 [114]
 [114]
 [101]
 [ 99]
 [116]]","[[110]
 [ 47]
 [ 97]]",NORMAL,30.0,40.0
sub-004,1,14,9862.845093475002,39.44738,"[[114]
 [105]
 [103]
 [104]
 [116]
 [ 95]
 [ 99]
 [108]
 [105]
 [ 99]
 [107]]",53.0,"[[105]
 [110]
 [100]
 [105]
 [ 99]
 [ 97]
 [116]
 [101]
 [ 95]
 [114]
 [101]
 [ 97]
 [100]
 [121]]","[[110]
 [ 47]
 [ 97]]",NORMAL,30.0,40.0
sub-004,1,15,9869.7700598,39.47508,"[[115]
 [104]
 [111]
 [119]
 [ 95]
 [ 99]
 [114]
 [111]
 [115]
 [115]]",51.0,"[[102]
 [105]
 [120]
 [ 97]
 [116]
 [101]]",43.0,NORMAL,30.0,40.0
sub-004,1,16,11181.338680625,44.721355,"[[115]
 [104]
 [111]
 [119]
 [ 95]
 [108]
 [101]
 [116]
 [116]
 [101]
 [114]]",51.0,"[[116]
 [111]
 [ 95]
 [105]
 [103]
 [110]
 [111]
 [114]
 [101]]",74.0,REVIEW,40.0,50.0
sub-004,1,17,11541.761927625,46.163048,"[[115]
 [104]
 [111]
 [119]
 [ 95]
 [108]
 [101]
 [116]
 [116]
 [101]
 [114]]",51.0,"[[116]
 [111]
 [ 95]
 [105]
 [103]
 [110]
 [111]
 [114]
 [101]]",67.0,REVIEW,40.0,50.0
sub-004,1,18,11902.2101745,47.604841,"[[115]
 [104]
 [111]
 [119]
 [ 95]
 [108]
 [101]
 [116]
 [116]
 [101]
 [114]]",51.0,"[[116]
 [111]
 [ 95]
 [105]
 [103]
 [110]
 [111]
 [114]
 [101]]",76.0,REVIEW,40.0,50.0
sub-004,1,19,12262.408422575,49.045634,"[[115]
 [104]
 [111]
 [119]
 [ 95]
 [108]
 [101]
 [116]
 [116]
 [101]
 [114]]",51.0,"[[116]
 [111]
 [ 95]
 [114]
 [101]
 [109]
 [101]
 [109]
 [ 98]
 [101]
 [114]]",83.0,REVIEW,40.0,50.0
sub-004,1,20,12622.856669425,50.487427,"[[115]
 [104]
 [111]
 [119]
 [ 95]
 [108]
 [101]
 [116]
 [116]
 [101]
 [114]]",51.0,"[[116]
 [111]
 [ 95]
 [114]
 [101]
 [109]
 [101]
 [109]
 [ 98]
 [101]
 [114]]",71.0,REVIEW,50.0,60.0
sub-004,1,21,12983.3049163,51.92922,"[[115]
 [104]
 [111]
 [119]
 [ 95]
 [108]
 [101]
 [116]
 [116]
 [101]
 [114]]",51.0,"[[116]
 [111]
 [ 95]
 [114]
 [101]
 [109]
 [101]
 [109]
 [ 98]
 [101]
 [114]]",86.0,REVIEW,50.0,60.0
sub-004,1,22,13343.7281633,53.370913,"[[115]
 [104]
 [111]
 [119]
 [ 95]
 [108]
 [101]
 [116]
 [116]
 [101]
 [114]]",51.0,"[[116]
 [111]
 [ 95]
 [105]
 [103]
 [110]
 [111]
 [114]
 [101]]",82.0,REVIEW,50.0,60.0
sub-004,1,23,13703.926411375,54.811706,"[[115]
 [104]
 [111]
 [119]
 [ 95]
 [108]
 [101]
 [116]
 [116]
 [101]
 [114]]",51.0,"[[116]
 [111]
 [ 95]
 [105]
 [103]
 [110]
 [111]
 [114]
 [101]]",84.0,REVIEW,50.0,60.0
sub-004,1,24,14064.374658224999,56.253499,"[[115]
 [104]
 [111]
 [119]
 [ 95]
 [100]
 [ 97]
 [115]
 [104]]",51.0,"[[119]
 [111]
 [114]
 [107]
 [ 95]
 [109]
 [101]
 [109]
 [111]
 [114]
 [121]]",45.0,REVIEW,50.0,60.0
sub-004,1,25,14676.2716821,58.701087,"[[115]
 [104]
 [111]
 [119]
 [ 95]
 [108]
 [101]
 [116]
 [116]
 [101]
 [114]]",51.0,"[[112]
 [114]
 [111]
 [ 98]
 [101]
 [ 95]
 [116]
 [ 97]
 [114]
 [103]
 [101]
 [116]]",86.0,REVIEW,50.0,60.0
sub-004,1,26,15016.695026375,60.06278,"[[114]
 [105]
 [103]
 [104]
 [116]
 [ 95]
 [ 99]
 [108]
 [105]
 [ 99]
 [107]]",51.0,"[[114]
 [101]
 [109]
 [101]
 [109]
 [ 98]
 [101]
 [114]
 [101]
 [100]
 [ 95]
 [ 99]
 [111]
 [114]
 [114]
 [101]
 [ 99]
 [116]]","[[110]
 [ 47]
 [ 97]]",REVIEW,60.0,70.0
sub-004,1,27,15116.719539875001,60.462878,"[[115]
 [111]
 [117]
 [110]
 [100]
 [ 95]
 [ 98]
 [101]
 [101]
 [112]]",51.0,"[[102]
 [101]
 [101]
 [100]
 [ 98]
 [ 97]
 [ 99]
 [107]
 [ 95]
 [ 99]
 [111]
 [114]
 [114]
 [101]
 [ 99]
 [116]]","[[110]
 [ 47]
 [ 97]]",REVIEW,60.0,70.0
sub-004,1,28,16097.58976915,64.386359,"[[114]
 [105]
 [103]
 [104]
 [116]
 [ 95]
 [ 99]
 [108]
 [105]
 [ 99]
 [107]]",51.0,"[[105]
 [110]
 [100]
 [105]
 [ 99]
 [ 97]
 [116]
 [101]
 [ 95]
 [114]
 [101]
 [ 97]
 [100]
 [121]]","[[110]
 [ 47]
 [ 97]]",REVIEW,60.0,70.0
sub-004,1,29,16105.064732800001,64.416259,"[[115]
 [104]
 [111]
 [119]
 [ 95]
 [ 99]
 [114]
 [111]
 [115]
 [115]]",55.0,"[[102]
 [105]
 [120]
 [ 97]
 [116]
 [101]]",43.0,REVIEW,60.0,70.0
sub-004,1,30,17416.608353775,69.662433,"[[115]
 [104]
 [111]
 [119]
 [ 95]
 [108]
 [101]
 [116]
 [116]
 [101]
 [114]]",55.0,"[[116]
 [111]
 [ 95]
 [114]
 [101]
 [109]
 [101]
 [109]
 [ 98]
 [101]
 [114]]",74.0,REVIEW,60.0,70.0
sub-004,1,31,17777.056600625,71.104226,"[[115]
 [104]
 [111]
 [119]
 [ 95]
 [108]
 [101]
 [116]
 [116]
 [101]
 [114]]",55.0,"[[116]
 [111]
 [ 95]
 [114]
 [101]
 [109]
 [101]
 [109]
 [ 98]
 [101]
 [114]]",67.0,REVIEW,70.0,80.0
sub-004,1,32,18137.5048475,72.546019,"[[115]
 [104]
 [111]
 [119]
 [ 95]
 [108]
 [101]
 [116]
 [116]
 [101]
 [114]]",55.0,"[[116]
 [111]
 [ 95]
 [114]
 [101]
 [109]
 [101]
 [109]
 [ 98]
 [101]
 [114]]",70.0,REVIEW,70.0,80.0
sub-004,1,33,18497.928094475,73.987712,"[[115]
 [104]
 [111]
 [119]
 [ 95]
 [108]
 [101]
 [116]
 [116]
 [101]
 [114]]",55.0,"[[116]
 [111]
 [ 95]
 [114]
 [101]
 [109]
 [101]
 [109]
 [ 98]
 [101]
 [114]]",77.0,REVIEW,70.0,80.0
sub-004,1,34,18858.126342575,75.428505,"[[115]
 [104]
 [111]
 [119]
 [ 95]
 [108]
 [101]
 [116]
 [116]
 [101]
 [114]]",55.0,"[[116]
 [111]
 [ 95]
 [105]
 [103]
 [110]
 [111]
 [114]
 [101]]",76.0,REVIEW,70.0,80.0
sub-004,1,35,19218.574589425,76.870298,"[[115]
 [104]
 [111]
 [119]
 [ 95]
 [108]
 [101]
 [116]
 [116]
 [101]
 [114]]",55.0,"[[116]
 [111]
 [ 95]
 [114]
 [101]
 [109]
 [101]
 [109]
 [ 98]
 [101]
 [114]]",75.0,REVIEW,70.0,80.0
sub-004,1,36,19579.022836300002,78.312091,"[[115]
 [104]
 [111]
 [119]
 [ 95]
 [108]
 [101]
 [116]
 [116]
 [101]
 [114]]",55.0,"[[116]
 [111]
 [ 95]
 [114]
 [101]
 [109]
 [101]
 [109]
 [ 98]
 [101]
 [114]]",81.0,REVIEW,70.0,80.0
sub-004,1,37,19939.1960845,79.752784,"[[115]
 [104]
 [111]
 [119]
 [ 95]
 [108]
 [101]
 [116]
 [116]
 [101]
 [114]]",55.0,"[[116]
 [111]
 [ 95]
 [114]
 [101]
 [109]
 [101]
 [109]
 [ 98]
 [101]
 [114]]",87.0,REVIEW,70.0,80.0
sub-004,1,38,20299.644331350002,81.194577,"[[115]
 [104]
 [111]
 [119]
 [ 95]
 [100]
 [ 97]
 [115]
 [104]]",55.0,"[[119]
 [111]
 [114]
 [107]
 [ 95]
 [109]
 [101]
 [109]
 [111]
 [114]
 [121]]",45.0,REVIEW,80.0,90.0
sub-004,1,39,20924.066294325,83.692265,"[[115]
 [104]
 [111]
 [119]
 [ 95]
 [108]
 [101]
 [116]
 [116]
 [101]
 [114]]",55.0,"[[112]
 [114]
 [111]
 [ 98]
 [101]
 [ 95]
 [110]
 [111]
 [116]
 [ 95]
 [115]
 [104]
 [111]
 [119]
 [110]]",66.0,REVIEW,80.0,90.0
sub-004,1,40,21488.813547525002,85.951254,"[[108]
 [101]
 [102]
 [116]
 [ 95]
 [ 99]
 [108]
 [105]
 [ 99]
 [107]]",55.0,"[[105]
 [103]
 [110]
 [111]
 [114]
 [101]
 [100]
 [ 95]
 [ 99]
 [111]
 [114]
 [114]
 [101]
 [ 99]
 [116]]","[[110]
 [ 47]
 [ 97]]",REVIEW,80.0,90.0
sub-004,1,41,21588.838061025,86.351352,"[[115]
 [111]
 [117]
 [110]
 [100]
 [ 95]
 [ 98]
 [101]
 [101]
 [112]]",55.0,"[[102]
 [101]
 [101]
 [100]
 [ 98]
 [ 97]
 [ 99]
 [107]
 [ 95]
 [ 99]
 [111]
 [114]
 [114]
 [101]
 [ 99]
 [116]]","[[110]
 [ 47]
 [ 97]]",REVIEW,80.0,90.0
sub-004,1,42,24342.649667150003,97.366599,"[[114]
 [105]
 [103]
 [104]
 [116]
 [ 95]
 [ 99]
 [108]
 [105]
 [ 99]
 [107]]",55.0,"[[105]
 [110]
 [100]
 [105]
 [ 99]
 [ 97]
 [116]
 [101]
 [ 95]
 [114]
 [101]
 [ 97]
 [100]
 [121]]","[[110]
 [ 47]
 [ 97]]",NORMAL,90.0,100.0
sub-004,1,43,24347.524643425,97.386099,"[[115]
 [104]
 [111]
 [119]
 [ 95]
 [ 99]
 [114]
 [111]
 [115]
 [115]]",53.0,"[[102]
 [105]
 [120]
 [ 97]
 [116]
 [101]]",43.0,NORMAL,90.0,100.0
sub-004,1,44,25659.318263175002,102.633273,"[[115]
 [104]
 [111]
 [119]
 [ 95]
 [108]
 [101]
 [116]
 [116]
 [101]
 [114]]",53.0,"[[116]
 [111]
 [ 95]
 [114]
 [101]
 [109]
 [101]
 [109]
 [ 98]
 [101]
 [114]]",75.0,NORMAL,100.0,110.0
sub-004,1,45,26019.51651125,104.074066,"[[115]
 [104]
 [111]
 [119]
 [ 95]
 [108]
 [101]
 [116]
 [116]
 [101]
 [114]]",53.0,"[[116]
 [111]
 [ 95]
 [105]
 [103]
 [110]
 [111]
 [114]
 [101]]",90.0,NORMAL,100.0,110.0
sub-004,1,46,26379.964758125,105.515859,"[[115]
 [104]
 [111]
 [119]
 [ 95]
 [108]
 [101]
 [116]
 [116]
 [101]
 [114]]",53.0,"[[116]
 [111]
 [ 95]
 [114]
 [101]
 [109]
 [101]
 [109]
 [ 98]
 [101]
 [114]]",74.0,NORMAL,100.0,110.0
sub-004,1,47,26740.413005,106.957652,"[[115]
 [104]
 [111]
 [119]
 [ 95]
 [108]
 [101]
 [116]
 [116]
 [101]
 [114]]",53.0,"[[116]
 [111]
 [ 95]
 [114]
 [101]
 [109]
 [101]
 [109]
 [ 98]
 [101]
 [114]]",86.0,NORMAL,100.0,110.0
sub-004,1,48,27100.5862532,108.398345,"[[115]
 [104]
 [111]
 [119]
 [ 95]
 [108]
 [101]
 [116]
 [116]
 [101]
 [114]]",53.0,"[[116]
 [111]
 [ 95]
 [114]
 [101]
 [109]
 [101]
 [109]
 [ 98]
 [101]
 [114]]",82.0,NORMAL,100.0,110.0
sub-004,1,49,27461.03450005,109.840138,"[[115]
 [104]
 [111]
 [119]
 [ 95]
 [108]
 [101]
 [116]
 [116]
 [101]
 [114]]",53.0,"[[116]
 [111]
 [ 95]
 [105]
 [103]
 [110]
 [111]
 [114]
 [101]]",72.0,NORMAL,100.0,110.0
sub-004,1,50,27821.482746924998,111.281931,"[[115]
 [104]
 [111]
 [119]
 [ 95]
 [108]
 [101]
 [116]
 [116]
 [101]
 [114]]",53.0,"[[116]
 [111]
 [ 95]
 [105]
 [103]
 [110]
 [111]
 [114]
 [101]]",77.0,REVIEW,110.0,120.0
sub-004,1,51,28181.9309938,112.723724,"[[115]
 [104]
 [111]
 [119]
 [ 95]
 [108]
 [101]
 [116]
 [116]
 [101]
 [114]]",53.0,"[[116]
 [111]
 [ 95]
 [114]
 [101]
 [109]
 [101]
 [109]
 [ 98]
 [101]
 [114]]",83.0,REVIEW,110.0,120.0
sub-004,1,52,28542.129241875,114.164517,"[[115]
 [104]
 [111]
 [119]
 [ 95]
 [100]
 [ 97]
 [115]
 [104]]",53.0,"[[119]
 [111]
 [114]
 [107]
 [ 95]
 [109]
 [101]
 [109]
 [111]
 [114]
 [121]]",45.0,REVIEW,110.0,120.0
sub-004,1,53,29351.000307725,117.400001,"[[115]
 [104]
 [111]
 [119]
 [ 95]
 [108]
 [101]
 [116]
 [116]
 [101]
 [114]]",53.0,"[[112]
 [114]
 [111]
 [ 98]
 [101]
 [ 95]
 [116]
 [ 97]
 [114]
 [103]
 [101]
 [116]]",82.0,REVIEW,110.0,120.0
sub-004,1,54,29648.123862575,118.588495,"[[114]
 [105]
 [103]
 [104]
 [116]
 [ 95]
 [ 99]
 [108]
 [105]
 [ 99]
 [107]]",53.0,"[[114]
 [101]
 [109]
 [101]
 [109]
 [ 98]
 [101]
 [114]
 [101]
 [100]
 [ 95]
 [ 99]
 [111]
 [114]
 [114]
 [101]
 [ 99]
 [116]]","[[110]
 [ 47]
 [ 97]]",REVIEW,110.0,120.0
sub-004,1,55,29748.19837585,118.988794,"[[115]
 [111]
 [117]
 [110]
 [100]
 [ 95]
 [ 98]
 [101]
 [101]
 [112]]",53.0,"[[102]
 [101]
 [101]
 [100]
 [ 98]
 [ 97]
 [ 99]
 [107]
 [ 95]
 [ 99]
 [111]
 [114]
 [114]
 [101]
 [ 99]
 [116]]","[[110]
 [ 47]
 [ 97]]",REVIEW,110.0,120.0
sub-004,1,56,31533.0396948,126.128159,"[[114]
 [105]
 [103]
 [104]
 [116]
 [ 95]
 [ 99]
 [108]
 [105]
 [ 99]
 [107]]",53.0,"[[105]
 [110]
 [100]
 [105]
 [ 99]
 [ 97]
 [116]
 [101]
 [ 95]
 [114]
 [101]
 [ 97]
 [100]
 [121]]","[[110]
 [ 47]
 [ 97]]",NORMAL,120.0,130.0
sub-004,1,57,31538.414668650003,126.149659,"[[115]
 [104]
 [111]
 [119]
 [ 95]
 [ 99]
 [114]
 [111]
 [115]
 [115]]",53.0,"[[102]
 [105]
 [120]
 [ 97]
 [116]
 [101]]",43.0,NORMAL,120.0,130.0
sub-004,1,58,32849.958289625,131.395833,"[[115]
 [104]
 [111]
 [119]
 [ 95]
 [108]
 [101]
 [116]
 [116]
 [101]
 [114]]",53.0,"[[116]
 [111]
 [ 95]
 [105]
 [103]
 [110]
 [111]
 [114]
 [101]]",90.0,NORMAL,130.0,140.0
sub-004,1,59,33210.406536475,132.837626,"[[115]
 [104]
 [111]
 [119]
 [ 95]
 [108]
 [101]
 [116]
 [116]
 [101]
 [114]]",53.0,"[[116]
 [111]
 [ 95]
 [114]
 [101]
 [109]
 [101]
 [109]
 [ 98]
 [101]
 [114]]",84.0,NORMAL,130.0,140.0
sub-004,1,60,33570.579784675,134.278319,"[[115]
 [104]
 [111]
 [119]
 [ 95]
 [108]
 [101]
 [116]
 [116]
 [101]
 [114]]",53.0,"[[116]
 [111]
 [ 95]
 [114]
 [101]
 [109]
 [101]
 [109]
 [ 98]
 [101]
 [114]]",77.0,NORMAL,130.0,140.0
sub-004,1,61,33931.02803155,135.720112,"[[115]
 [104]
 [111]
 [119]
 [ 95]
 [108]
 [101]
 [116]
 [116]
 [101]
 [114]]",53.0,"[[116]
 [111]
 [ 95]
 [114]
 [101]
 [109]
 [101]
 [109]
 [ 98]
 [101]
 [114]]",83.0,NORMAL,130.0,140.0
sub-004,1,62,34291.4762784,137.161905,"[[115]
 [104]
 [111]
 [119]
 [ 95]
 [108]
 [101]
 [116]
 [116]
 [101]
 [114]]",53.0,"[[116]
 [111]
 [ 95]
 [105]
 [103]
 [110]
 [111]
 [114]
 [101]]",89.0,NORMAL,130.0,140.0
sub-004,1,63,34651.924525275004,138.603698,"[[115]
 [104]
 [111]
 [119]
 [ 95]
 [108]
 [101]
 [116]
 [116]
 [101]
 [114]]",53.0,"[[116]
 [111]
 [ 95]
 [114]
 [101]
 [109]
 [101]
 [109]
 [ 98]
 [101]
 [114]]",86.0,NORMAL,130.0,140.0
sub-004,1,64,35012.122773350005,140.044491,"[[115]
 [104]
 [111]
 [119]
 [ 95]
 [108]
 [101]
 [116]
 [116]
 [101]
 [114]]",53.0,"[[116]
 [111]
 [ 95]
 [114]
 [101]
 [109]
 [101]
 [109]
 [ 98]
 [101]
 [114]]",78.0,NORMAL,140.0,150.0
sub-004,1,65,35372.546020350004,141.486184,"[[115]
 [104]
 [111]
 [119]
 [ 95]
 [108]
 [101]
 [116]
 [116]
 [101]
 [114]]",53.0,"[[116]
 [111]
 [ 95]
 [105]
 [103]
 [110]
 [111]
 [114]
 [101]]",72.0,NORMAL,140.0,150.0
sub-004,1,66,35733.0192671,142.928077,"[[115]
 [104]
 [111]
 [119]
 [ 95]
 [100]
 [ 97]
 [115]
 [104]]",53.0,"[[119]
 [111]
 [114]
 [107]
 [ 95]
 [109]
 [101]
 [109]
 [111]
 [114]
 [121]]",45.0,NORMAL,140.0,150.0
sub-004,1,67,36332.166352975,145.324665,"[[115]
 [104]
 [111]
 [119]
 [ 95]
 [108]
 [101]
 [116]
 [116]
 [101]
 [114]]",53.0,"[[112]
 [114]
 [111]
 [ 98]
 [101]
 [ 95]
 [110]
 [111]
 [116]
 [ 95]
 [115]
 [104]
 [111]
 [119]
 [110]]",81.0,NORMAL,140.0,150.0
sub-004,1,68,36720.014466575,146.876058,"[[108]
 [101]
 [102]
 [116]
 [ 95]
 [ 99]
 [108]
 [105]
 [ 99]
 [107]]",53.0,"[[105]
 [103]
 [110]
 [111]
 [114]
 [101]
 [100]
 [ 95]
 [ 99]
 [111]
 [114]
 [114]
 [101]
 [ 99]
 [116]]","[[110]
 [ 47]
 [ 97]]",NORMAL,140.0,150.0
sub-004,1,69,36820.06397995,147.276256,"[[115]
 [111]
 [117]
 [110]
 [100]
 [ 95]
 [ 98]
 [101]
 [101]
 [112]]",53.0,"[[102]
 [101]
 [101]
 [100]
 [ 98]
 [ 97]
 [ 99]
 [107]
 [ 95]
 [ 99]
 [111]
 [114]
 [114]
 [101]
 [ 99]
 [116]]","[[110]
 [ 47]
 [ 97]]",NORMAL,140.0,150.0
sub-004,1,70,37168.21228665,148.668849,"[[114]
 [105]
 [103]
 [104]
 [116]
 [ 95]
 [ 99]
 [108]
 [105]
 [ 99]
 [107]]",53.0,"[[105]
 [110]
 [100]
 [105]
 [ 99]
 [ 97]
 [116]
 [101]
 [ 95]
 [114]
 [101]
 [ 97]
 [100]
 [121]]","[[110]
 [ 47]
 [ 97]]",NORMAL,140.0,150.0
sub-004,1,71,37174.5372559,148.694149,"[[115]
 [104]
 [111]
 [119]
 [ 95]
 [ 99]
 [114]
 [111]
 [115]
 [115]]",51.0,"[[102]
 [105]
 [120]
 [ 97]
 [116]
 [101]]",43.0,NORMAL,140.0,150.0
sub-004,1,72,38486.08087685,153.940324,"[[115]
 [104]
 [111]
 [119]
 [ 95]
 [108]
 [101]
 [116]
 [116]
 [101]
 [114]]",51.0,"[[116]
 [111]
 [ 95]
 [105]
 [103]
 [110]
 [111]
 [114]
 [101]]",83.0,NORMAL,150.0,160.0
sub-004,1,73,38846.529123725,155.382116,"[[115]
 [104]
 [111]
 [119]
 [ 95]
 [108]
 [101]
 [116]
 [116]
 [101]
 [114]]",51.0,"[[116]
 [111]
 [ 95]
 [114]
 [101]
 [109]
 [101]
 [109]
 [ 98]
 [101]
 [114]]",90.0,NORMAL,150.0,160.0
sub-004,1,74,39206.702371925,156.822809,"[[115]
 [104]
 [111]
 [119]
 [ 95]
 [108]
 [101]
 [116]
 [116]
 [101]
 [114]]",51.0,"[[116]
 [111]
 [ 95]
 [114]
 [101]
 [109]
 [101]
 [109]
 [ 98]
 [101]
 [114]]",70.0,NORMAL,150.0,160.0
sub-004,1,75,39567.150618775,158.264602,"[[115]
 [104]
 [111]
 [119]
 [ 95]
 [108]
 [101]
 [116]
 [116]
 [101]
 [114]]",51.0,"[[116]
 [111]
 [ 95]
 [105]
 [103]
 [110]
 [111]
 [114]
 [101]]",68.0,NORMAL,150.0,160.0
sub-004,1,76,39927.59886565,159.706395,"[[115]
 [104]
 [111]
 [119]
 [ 95]
 [108]
 [101]
 [116]
 [116]
 [101]
 [114]]",51.0,"[[116]
 [111]
 [ 95]
 [105]
 [103]
 [110]
 [111]
 [114]
 [101]]",71.0,NORMAL,150.0,160.0
sub-004,1,77,40287.797113725,161.147188,"[[115]
 [104]
 [111]
 [119]
 [ 95]
 [108]
 [101]
 [116]
 [116]
 [101]
 [114]]",51.0,"[[116]
 [111]
 [ 95]
 [114]
 [101]
 [109]
 [101]
 [109]
 [ 98]
 [101]
 [114]]",87.0,REVIEW,160.0,170.0
sub-004,1,78,40648.245360600005,162.588981,"[[115]
 [104]
 [111]
 [119]
 [ 95]
 [108]
 [101]
 [116]
 [116]
 [101]
 [114]]",51.0,"[[116]
 [111]
 [ 95]
 [105]
 [103]
 [110]
 [111]
 [114]
 [101]]",86.0,REVIEW,160.0,170.0
sub-004,1,79,41008.668607575,164.030674,"[[115]
 [104]
 [111]
 [119]
 [ 95]
 [108]
 [101]
 [116]
 [116]
 [101]
 [114]]",51.0,"[[116]
 [111]
 [ 95]
 [105]
 [103]
 [110]
 [111]
 [114]
 [101]]",81.0,REVIEW,160.0,170.0
sub-004,1,80,41369.11685445,165.472467,"[[115]
 [104]
 [111]
 [119]
 [ 95]
 [100]
 [ 97]
 [115]
 [104]]",51.0,"[[119]
 [111]
 [114]
 [107]
 [ 95]
 [109]
 [101]
 [109]
 [111]
 [114]
 [121]]",45.0,REVIEW,160.0,170.0
sub-004,1,81,42211.237758575,168.840951,"[[115]
 [104]
 [111]
 [119]
 [ 95]
 [108]
 [101]
 [116]
 [116]
 [101]
 [114]]",51.0,"[[112]
 [114]
 [111]
 [ 98]
 [101]
 [ 95]
 [110]
 [111]
 [116]
 [ 95]
 [115]
 [104]
 [111]
 [119]
 [110]]",76.0,REVIEW,160.0,170.0
sub-004,1,82,42519.886257375,170.075545,"[[108]
 [101]
 [102]
 [116]
 [ 95]
 [ 99]
 [108]
 [105]
 [ 99]
 [107]]",51.0,"[[105]
 [103]
 [110]
 [111]
 [114]
 [101]
 [100]
 [ 95]
 [ 99]
 [111]
 [114]
 [114]
 [101]
 [ 99]
 [116]]","[[110]
 [ 47]
 [ 97]]",NORMAL,170.0,180.0
sub-004,1,83,42619.910770874994,170.475643,"[[115]
 [111]
 [117]
 [110]
 [100]
 [ 95]
 [ 98]
 [101]
 [101]
 [112]]",51.0,"[[102]
 [101]
 [101]
 [100]
 [ 98]
 [ 97]
 [ 99]
 [107]
 [ 95]
 [ 99]
 [111]
 [114]
 [114]
 [101]
 [ 99]
 [116]]","[[110]
 [ 47]
 [ 97]]",NORMAL,170.0,180.0
sub-004,1,84,44022.57894865,176.086316,"[[114]
 [105]
 [103]
 [104]
 [116]
 [ 95]
 [ 99]
 [108]
 [105]
 [ 99]
 [107]]",51.0,"[[105]
 [110]
 [100]
 [105]
 [ 99]
 [ 97]
 [116]
 [101]
 [ 95]
 [114]
 [101]
 [ 97]
 [100]
 [121]]","[[110]
 [ 47]
 [ 97]]",NORMAL,170.0,180.0
sub-004,1,85,44029.953912775,176.115816,"[[115]
 [104]
 [111]
 [119]
 [ 95]
 [ 99]
 [114]
 [111]
 [115]
 [115]]",55.0,"[[102]
 [105]
 [120]
 [ 97]
 [116]
 [101]]",43.0,NORMAL,170.0,180.0
sub-004,1,86,45341.497533725,181.36199,"[[115]
 [104]
 [111]
 [119]
 [ 95]
 [108]
 [101]
 [116]
 [116]
 [101]
 [114]]",55.0,"[[116]
 [111]
 [ 95]
 [114]
 [101]
 [109]
 [101]
 [109]
 [ 98]
 [101]
 [114]]",87.0,NORMAL,180.0,190.0
sub-004,1,87,45701.970780475,182.803883,"[[115]
 [104]
 [111]
 [119]
 [ 95]
 [108]
 [101]
 [116]
 [116]
 [101]
 [114]]",55.0,"[[116]
 [111]
 [ 95]
 [105]
 [103]
 [110]
 [111]
 [114]
 [101]]",84.0,NORMAL,180.0,190.0
sub-004,1,88,46062.39402745,184.245576,"[[115]
 [104]
 [111]
 [119]
 [ 95]
 [108]
 [101]
 [116]
 [116]
 [101]
 [114]]",55.0,"[[116]
 [111]
 [ 95]
 [114]
 [101]
 [109]
 [101]
 [109]
 [ 98]
 [101]
 [114]]",77.0,NORMAL,180.0,190.0
sub-004,1,89,46422.59227555,185.686369,"[[115]
 [104]
 [111]
 [119]
 [ 95]
 [108]
 [101]
 [116]
 [116]
 [101]
 [114]]",55.0,"[[116]
 [111]
 [ 95]
 [114]
 [101]
 [109]
 [101]
 [109]
 [ 98]
 [101]
 [114]]",80.0,NORMAL,180.0,190.0
sub-004,1,90,46783.015522525,187.128062,"[[115]
 [104]
 [111]
 [119]
 [ 95]
 [108]
 [101]
 [116]
 [116]
 [101]
 [114]]",55.0,"[[116]
 [111]
 [ 95]
 [114]
 [101]
 [109]
 [101]
 [109]
 [ 98]
 [101]
 [114]]",71.0,NORMAL,180.0,190.0
sub-004,1,91,47143.463769400005,188.569855,"[[115]
 [104]
 [111]
 [119]
 [ 95]
 [108]
 [101]
 [116]
 [116]
 [101]
 [114]]",55.0,"[[116]
 [111]
 [ 95]
 [114]
 [101]
 [109]
 [101]
 [109]
 [ 98]
 [101]
 [114]]",72.0,NORMAL,180.0,190.0
sub-004,1,92,47503.662017475,190.010648,"[[115]
 [104]
 [111]
 [119]
 [ 95]
 [108]
 [101]
 [116]
 [116]
 [101]
 [114]]",55.0,"[[116]
 [111]
 [ 95]
 [114]
 [101]
 [109]
 [101]
 [109]
 [ 98]
 [101]
 [114]]",90.0,REVIEW,190.0,200.0
sub-004,1,93,47864.11026435,191.452441,"[[115]
 [104]
 [111]
 [119]
 [ 95]
 [108]
 [101]
 [116]
 [116]
 [101]
 [114]]",55.0,"[[116]
 [111]
 [ 95]
 [114]
 [101]
 [109]
 [101]
 [109]
 [ 98]
 [101]
 [114]]",78.0,REVIEW,190.0,200.0
sub-004,1,94,48224.5585112,192.894234,"[[115]
 [104]
 [111]
 [119]
 [ 95]
 [100]
 [ 97]
 [115]
 [104]]",55.0,"[[119]
 [111]
 [114]
 [107]
 [ 95]
 [109]
 [101]
 [109]
 [111]
 [114]
 [121]]",45.0,REVIEW,190.0,200.0
sub-004,1,95,49045.92951625,196.179718,"[[115]
 [104]
 [111]
 [119]
 [ 95]
 [108]
 [101]
 [116]
 [116]
 [101]
 [114]]",55.0,"[[112]
 [114]
 [111]
 [ 98]
 [101]
 [ 95]
 [116]
 [ 97]
 [114]
 [103]
 [101]
 [116]]",77.0,REVIEW,190.0,200.0
sub-004,1,96,49394.17782245,197.572711,"[[114]
 [105]
 [103]
 [104]
 [116]
 [ 95]
 [ 99]
 [108]
 [105]
 [ 99]
 [107]]",55.0,"[[114]
 [101]
 [109]
 [101]
 [109]
 [ 98]
 [101]
 [114]
 [101]
 [100]
 [ 95]
 [ 99]
 [111]
 [114]
 [114]
 [101]
 [ 99]
 [116]]","[[110]
 [ 47]
 [ 97]]",REVIEW,190.0,200.0
sub-004,1,97,49494.20233595,197.972809,"[[115]
 [111]
 [117]
 [110]
 [100]
 [ 95]
 [ 98]
 [101]
 [101]
 [112]]",55.0,"[[102]
 [101]
 [101]
 [100]
 [ 98]
 [ 97]
 [ 99]
 [107]
 [ 95]
 [ 99]
 [111]
 [114]
 [114]
 [101]
 [ 99]
 [116]]","[[110]
 [ 47]
 [ 97]]",REVIEW,190.0,200.0
sub-004,1,98,50943.02028925,203.768081,"[[114]
 [105]
 [103]
 [104]
 [116]
 [ 95]
 [ 99]
 [108]
 [105]
 [ 99]
 [107]]",55.0,"[[105]
 [110]
 [100]
 [105]
 [ 99]
 [ 97]
 [116]
 [101]
 [ 95]
 [114]
 [101]
 [ 97]
 [100]
 [121]]","[[110]
 [ 47]
 [ 97]]",NORMAL,200.0,210.0
sub-004,1,99,50948.370263225,203.789481,"[[115]
 [104]
 [111]
 [119]
 [ 95]
 [ 99]
 [114]
 [111]
 [115]
 [115]]",53.0,"[[102]
 [105]
 [120]
 [ 97]
 [116]
 [101]]",43.0,NORMAL,200.0,210.0
sub-004,1,100,52259.963883950004,209.035856,"[[115]
 [104]
 [111]
 [119]
 [ 95]
 [108]
 [101]
 [116]
 [116]
 [101]
 [114]]",53.0,"[[116]
 [111]
 [ 95]
 [114]
 [101]
 [109]
 [101]
 [109]
 [ 98]
 [101]
 [114]]",75.0,NORMAL,200.0,210.0
sub-004,1,101,52620.36213105,210.477449,"[[115]
 [104]
 [111]
 [119]
 [ 95]
 [108]
 [101]
 [116]
 [116]
 [101]
 [114]]",53.0,"[[116]
 [111]
 [ 95]
 [105]
 [103]
 [110]
 [111]
 [114]
 [101]]",87.0,NORMAL,210.0,220.0
sub-004,1,102,52980.56037915,211.918242,"[[115]
 [104]
 [111]
 [119]
 [ 95]
 [108]
 [101]
 [116]
 [116]
 [101]
 [114]]",53.0,"[[116]
 [111]
 [ 95]
 [114]
 [101]
 [109]
 [101]
 [109]
 [ 98]
 [101]
 [114]]",90.0,NORMAL,210.0,220.0
sub-004,1,103,53341.008626,213.360035,"[[115]
 [104]
 [111]
 [119]
 [ 95]
 [108]
 [101]
 [116]
 [116]
 [101]
 [114]]",53.0,"[[116]
 [111]
 [ 95]
 [105]
 [103]
 [110]
 [111]
 [114]
 [101]]",81.0,NORMAL,210.0,220.0
sub-004,1,104,53701.456872875,214.801827,"[[115]
 [104]
 [111]
 [119]
 [ 95]
 [108]
 [101]
 [116]
 [116]
 [101]
 [114]]",53.0,"[[116]
 [111]
 [ 95]
 [114]
 [101]
 [109]
 [101]
 [109]
 [ 98]
 [101]
 [114]]",68.0,NORMAL,210.0,220.0
sub-004,1,105,54061.65512095,216.24262,"[[115]
 [104]
 [111]
 [119]
 [ 95]
 [108]
 [101]
 [116]
 [116]
 [101]
 [114]]",53.0,"[[116]
 [111]
 [ 95]
 [114]
 [101]
 [109]
 [101]
 [109]
 [ 98]
 [101]
 [114]]",67.0,NORMAL,210.0,220.0
sub-004,1,106,54422.103367824995,217.684413,"[[115]
 [104]
 [111]
 [119]
 [ 95]
 [108]
 [101]
 [116]
 [116]
 [101]
 [114]]",53.0,"[[116]
 [111]
 [ 95]
 [105]
 [103]
 [110]
 [111]
 [114]
 [101]]",77.0,NORMAL,210.0,220.0
sub-004,1,107,54782.5266148,219.126106,"[[115]
 [104]
 [111]
 [119]
 [ 95]
 [108]
 [101]
 [116]
 [116]
 [101]
 [114]]",53.0,"[[116]
 [111]
 [ 95]
 [114]
 [101]
 [109]
 [101]
 [109]
 [ 98]
 [101]
 [114]]",80.0,NORMAL,210.0,220.0
sub-004,1,108,55142.974861675,220.567899,"[[115]
 [104]
 [111]
 [119]
 [ 95]
 [100]
 [ 97]
 [115]
 [104]]",53.0,"[[119]
 [111]
 [114]
 [107]
 [ 95]
 [109]
 [101]
 [109]
 [111]
 [114]
 [121]]",45.0,NORMAL,220.0,230.0
sub-004,1,109,55796.6216825,223.182487,"[[115]
 [104]
 [111]
 [119]
 [ 95]
 [108]
 [101]
 [116]
 [116]
 [101]
 [114]]",53.0,"[[112]
 [114]
 [111]
 [ 98]
 [101]
 [ 95]
 [110]
 [111]
 [116]
 [ 95]
 [115]
 [104]
 [111]
 [119]
 [110]]",74.0,NORMAL,220.0,230.0
sub-004,1,110,56242.019516175,224.964078,"[[108]
 [101]
 [102]
 [116]
 [ 95]
 [ 99]
 [108]
 [105]
 [ 99]
 [107]]",53.0,"[[105]
 [103]
 [110]
 [111]
 [114]
 [101]
 [100]
 [ 95]
 [ 99]
 [111]
 [114]
 [114]
 [101]
 [ 99]
 [116]]","[[110]
 [ 47]
 [ 97]]",NORMAL,220.0,230.0
sub-004,1,111,56342.044029674995,225.364176,"[[115]
 [111]
 [117]
 [110]
 [100]
 [ 95]
 [ 98]
 [101]
 [101]
 [112]]",53.0,"[[102]
 [101]
 [101]
 [100]
 [ 98]
 [ 97]
 [ 99]
 [107]
 [ 95]
 [ 99]
 [111]
 [114]
 [114]
 [101]
 [ 99]
 [116]]","[[110]
 [ 47]
 [ 97]]",NORMAL,220.0,230.0
sub-004,1,112,56881.3164068,227.521266,"[[114]
 [105]
 [103]
 [104]
 [116]
 [ 95]
 [ 99]
 [108]
 [105]
 [ 99]
 [107]]",53.0,"[[105]
 [110]
 [100]
 [105]
 [ 99]
 [ 97]
 [116]
 [101]
 [ 95]
 [114]
 [101]
 [ 97]
 [100]
 [121]]","[[110]
 [ 47]
 [ 97]]",NORMAL,220.0,230.0
sub-004,1,113,56886.21638295,227.540866,"[[115]
 [104]
 [111]
 [119]
 [ 95]
 [ 99]
 [114]
 [111]
 [115]
 [115]]",55.0,"[[102]
 [105]
 [120]
 [ 97]
 [116]
 [101]]",43.0,NORMAL,220.0,230.0
sub-004,1,114,58197.760003925,232.78704,"[[115]
 [104]
 [111]
 [119]
 [ 95]
 [108]
 [101]
 [116]
 [116]
 [101]
 [114]]",55.0,"[[116]
 [111]
 [ 95]
 [114]
 [101]
 [109]
 [101]
 [109]
 [ 98]
 [101]
 [114]]",84.0,NORMAL,230.0,240.0
sub-004,1,115,58558.1832509,234.228733,"[[115]
 [104]
 [111]
 [119]
 [ 95]
 [108]
 [101]
 [116]
 [116]
 [101]
 [114]]",55.0,"[[116]
 [111]
 [ 95]
 [105]
 [103]
 [110]
 [111]
 [114]
 [101]]",72.0,NORMAL,230.0,240.0
sub-004,1,116,58918.381499,235.669526,"[[115]
 [104]
 [111]
 [119]
 [ 95]
 [108]
 [101]
 [116]
 [116]
 [101]
 [114]]",55.0,"[[116]
 [111]
 [ 95]
 [114]
 [101]
 [109]
 [101]
 [109]
 [ 98]
 [101]
 [114]]",88.0,NORMAL,230.0,240.0
sub-004,1,117,59278.82974585,237.111319,"[[115]
 [104]
 [111]
 [119]
 [ 95]
 [108]
 [101]
 [116]
 [116]
 [101]
 [114]]",55.0,"[[116]
 [111]
 [ 95]
 [114]
 [101]
 [109]
 [101]
 [109]
 [ 98]
 [101]
 [114]]",83.0,NORMAL,230.0,240.0
sub-004,1,118,59639.277992725,238.553112,"[[115]
 [104]
 [111]
 [119]
 [ 95]
 [108]
 [101]
 [116]
 [116]
 [101]
 [114]]",55.0,"[[116]
 [111]
 [ 95]
 [114]
 [101]
 [109]
 [101]
 [109]
 [ 98]
 [101]
 [114]]",87.0,NORMAL,230.0,240.0
sub-004,1,119,59999.4762408,239.993905,"[[115]
 [104]
 [111]
 [119]
 [ 95]
 [108]
 [101]
 [116]
 [116]
 [101]
 [114]]",55.0,"[[116]
 [111]
 [ 95]
 [114]
 [101]
 [109]
 [101]
 [109]
 [ 98]
 [101]
 [114]]",81.0,NORMAL,230.0,240.0
sub-004,1,120,60359.924487674994,241.435698,"[[115]
 [104]
 [111]
 [119]
 [ 95]
 [108]
 [101]
 [116]
 [116]
 [101]
 [114]]",55.0,"[[116]
 [111]
 [ 95]
 [114]
 [101]
 [109]
 [101]
 [109]
 [ 98]
 [101]
 [114]]",75.0,REVIEW,240.0,250.0
sub-004,1,121,60720.397734399994,242.877591,"[[115]
 [104]
 [111]
 [119]
 [ 95]
 [108]
 [101]
 [116]
 [116]
 [101]
 [114]]",55.0,"[[116]
 [111]
 [ 95]
 [114]
 [101]
 [109]
 [101]
 [109]
 [ 98]
 [101]
 [114]]",68.0,REVIEW,240.0,250.0
sub-004,1,122,61080.795981525,244.319184,"[[115]
 [104]
 [111]
 [119]
 [ 95]
 [100]
 [ 97]
 [115]
 [104]]",55.0,"[[119]
 [111]
 [114]
 [107]
 [ 95]
 [109]
 [101]
 [109]
 [111]
 [114]
 [121]]",45.0,REVIEW,240.0,250.0
sub-004,1,123,61717.717883675,246.866872,"[[115]
 [104]
 [111]
 [119]
 [ 95]
 [108]
 [101]
 [116]
 [116]
 [101]
 [114]]",55.0,"[[112]
 [114]
 [111]
 [ 98]
 [101]
 [ 95]
 [110]
 [111]
 [116]
 [ 95]
 [115]
 [104]
 [111]
 [119]
 [110]]",70.0,REVIEW,240.0,250.0
sub-004,1,124,62140.765826074996,248.559063,"[[108]
 [101]
 [102]
 [116]
 [ 95]
 [ 99]
 [108]
 [105]
 [ 99]
 [107]]",55.0,"[[105]
 [103]
 [110]
 [111]
 [114]
 [101]
 [100]
 [ 95]
 [ 99]
 [111]
 [114]
 [114]
 [101]
 [ 99]
 [116]]","[[110]
 [ 47]
 [ 97]]",REVIEW,240.0,250.0
sub-004,1,125,62240.790339575,248.959161,"[[115]
 [111]
 [117]
 [110]
 [100]
 [ 95]
 [ 98]
 [101]
 [101]
 [112]]",55.0,"[[102]
 [101]
 [101]
 [100]
 [ 98]
 [ 97]
 [ 99]
 [107]
 [ 95]
 [ 99]
 [111]
 [114]
 [114]
 [101]
 [ 99]
 [116]]","[[110]
 [ 47]
 [ 97]]",REVIEW,240.0,250.0
sub-004,1,126,62984.411722775,251.933647,"[[114]
 [105]
 [103]
 [104]
 [116]
 [ 95]
 [ 99]
 [108]
 [105]
 [ 99]
 [107]]",55.0,"[[105]
 [110]
 [100]
 [105]
 [ 99]
 [ 97]
 [116]
 [101]
 [ 95]
 [114]
 [101]
 [ 97]
 [100]
 [121]]","[[110]
 [ 47]
 [ 97]]",NORMAL,250.0,260.0
sub-004,1,127,62991.51168825,251.962047,"[[115]
 [104]
 [111]
 [119]
 [ 95]
 [ 99]
 [114]
 [111]
 [115]
 [115]]",53.0,"[[102]
 [105]
 [120]
 [ 97]
 [116]
 [101]]",43.0,NORMAL,250.0,260.0
sub-004,1,128,64303.055309225,257.208221,"[[115]
 [104]
 [111]
 [119]
 [ 95]
 [108]
 [101]
 [116]
 [116]
 [101]
 [114]]",53.0,"[[116]
 [111]
 [ 95]
 [114]
 [101]
 [109]
 [101]
 [109]
 [ 98]
 [101]
 [114]]",77.0,NORMAL,250.0,260.0
sub-004,1,129,64663.503556075,258.650014,"[[115]
 [104]
 [111]
 [119]
 [ 95]
 [108]
 [101]
 [116]
 [116]
 [101]
 [114]]",53.0,"[[116]
 [111]
 [ 95]
 [105]
 [103]
 [110]
 [111]
 [114]
 [101]]",71.0,NORMAL,250.0,260.0
sub-004,1,130,65023.95180295,260.091807,"[[115]
 [104]
 [111]
 [119]
 [ 95]
 [108]
 [101]
 [116]
 [116]
 [101]
 [114]]",53.0,"[[116]
 [111]
 [ 95]
 [114]
 [101]
 [109]
 [101]
 [109]
 [ 98]
 [101]
 [114]]",76.0,NORMAL,260.0,270.0
sub-004,1,131,65384.125051150004,261.5325,"[[115]
 [104]
 [111]
 [119]
 [ 95]
 [108]
 [101]
 [116]
 [116]
 [101]
 [114]]",53.0,"[[116]
 [111]
 [ 95]
 [114]
 [101]
 [109]
 [101]
 [109]
 [ 98]
 [101]
 [114]]",90.0,NORMAL,260.0,270.0
sub-004,1,132,65744.573298025,262.974293,"[[115]
 [104]
 [111]
 [119]
 [ 95]
 [108]
 [101]
 [116]
 [116]
 [101]
 [114]]",53.0,"[[116]
 [111]
 [ 95]
 [114]
 [101]
 [109]
 [101]
 [109]
 [ 98]
 [101]
 [114]]",66.0,NORMAL,260.0,270.0
sub-004,1,133,66105.04654475,264.416186,"[[115]
 [104]
 [111]
 [119]
 [ 95]
 [108]
 [101]
 [116]
 [116]
 [101]
 [114]]",53.0,"[[116]
 [111]
 [ 95]
 [114]
 [101]
 [109]
 [101]
 [109]
 [ 98]
 [101]
 [114]]",89.0,NORMAL,260.0,270.0
sub-004,1,134,66465.46979175,265.857879,"[[115]
 [104]
 [111]
 [119]
 [ 95]
 [108]
 [101]
 [116]
 [116]
 [101]
 [114]]",53.0,"[[116]
 [111]
 [ 95]
 [105]
 [103]
 [110]
 [111]
 [114]
 [101]]",82.0,NORMAL,260.0,270.0
sub-004,1,135,66825.64303995001,267.298572,"[[115]
 [104]
 [111]
 [119]
 [ 95]
 [108]
 [101]
 [116]
 [116]
 [101]
 [114]]",53.0,"[[116]
 [111]
 [ 95]
 [105]
 [103]
 [110]
 [111]
 [114]
 [101]]",67.0,NORMAL,260.0,270.0
sub-004,1,136,67186.0912868,268.740365,"[[115]
 [104]
 [111]
 [119]
 [ 95]
 [100]
 [ 97]
 [115]
 [104]]",53.0,"[[119]
 [111]
 [114]
 [107]
 [ 95]
 [109]
 [101]
 [109]
 [111]
 [114]
 [121]]",45.0,NORMAL,260.0,270.0
sub-004,1,137,67843.98808695,271.371952,"[[115]
 [104]
 [111]
 [119]
 [ 95]
 [108]
 [101]
 [116]
 [116]
 [101]
 [114]]",53.0,"[[112]
 [114]
 [111]
 [ 98]
 [101]
 [ 95]
 [110]
 [111]
 [116]
 [ 95]
 [115]
 [104]
 [111]
 [119]
 [110]]",84.0,NORMAL,270.0,280.0
sub-004,1,138,68143.96162795,272.571847,"[[108]
 [101]
 [102]
 [116]
 [ 95]
 [ 99]
 [108]
 [105]
 [ 99]
 [107]]",53.0,"[[105]
 [103]
 [110]
 [111]
 [114]
 [101]
 [100]
 [ 95]
 [ 99]
 [111]
 [114]
 [114]
 [101]
 [ 99]
 [116]]","[[110]
 [ 47]
 [ 97]]",NORMAL,270.0,280.0
sub-004,1,139,68245.836132475,272.979345,"[[115]
 [111]
 [117]
 [110]
 [100]
 [ 95]
 [ 98]
 [101]
 [101]
 [112]]",53.0,"[[102]
 [101]
 [101]
 [100]
 [ 98]
 [ 97]
 [ 99]
 [107]
 [ 95]
 [ 99]
 [111]
 [114]
 [114]
 [101]
 [ 99]
 [116]]","[[110]
 [ 47]
 [ 97]]",NORMAL,270.0,280.0
sub-004,1,140,68626.28428205001,274.501137,"[[114]
 [105]
 [103]
 [104]
 [116]
 [ 95]
 [ 99]
 [108]
 [105]
 [ 99]
 [107]]",53.0,"[[105]
 [110]
 [100]
 [105]
 [ 99]
 [ 97]
 [116]
 [101]
 [ 95]
 [114]
 [101]
 [ 97]
 [100]
 [121]]","[[110]
 [ 47]
 [ 97]]",NORMAL,270.0,280.0
sub-004,1,141,68631.88425482501,274.523537,"[[115]
 [104]
 [111]
 [119]
 [ 95]
 [ 99]
 [114]
 [111]
 [115]
 [115]]",53.0,"[[102]
 [105]
 [120]
 [ 97]
 [116]
 [101]]",43.0,NORMAL,270.0,280.0
sub-004,1,142,69943.427875775,279.769712,"[[115]
 [104]
 [111]
 [119]
 [ 95]
 [108]
 [101]
 [116]
 [116]
 [101]
 [114]]",53.0,"[[116]
 [111]
 [ 95]
 [105]
 [103]
 [110]
 [111]
 [114]
 [101]]",83.0,NORMAL,270.0,280.0
sub-004,1,143,70307.8761032,281.227504,"[[115]
 [104]
 [111]
 [119]
 [ 95]
 [108]
 [101]
 [116]
 [116]
 [101]
 [114]]",53.0,"[[116]
 [111]
 [ 95]
 [114]
 [101]
 [109]
 [101]
 [109]
 [ 98]
 [101]
 [114]]",67.0,NORMAL,280.0,290.0
sub-004,1,144,70668.299350175,282.669197,"[[115]
 [104]
 [111]
 [119]
 [ 95]
 [108]
 [101]
 [116]
 [116]
 [101]
 [114]]",53.0,"[[116]
 [111]
 [ 95]
 [114]
 [101]
 [109]
 [101]
 [109]
 [ 98]
 [101]
 [114]]",71.0,NORMAL,280.0,290.0
sub-004,1,145,71028.772596925,284.11109,"[[115]
 [104]
 [111]
 [119]
 [ 95]
 [108]
 [101]
 [116]
 [116]
 [101]
 [114]]",53.0,"[[116]
 [111]
 [ 95]
 [114]
 [101]
 [109]
 [101]
 [109]
 [ 98]
 [101]
 [114]]",80.0,NORMAL,280.0,290.0
sub-004,1,146,71389.19584389999,285.552783,"[[115]
 [104]
 [111]
 [119]
 [ 95]
 [108]
 [101]
 [116]
 [116]
 [101]
 [114]]",53.0,"[[116]
 [111]
 [ 95]
 [105]
 [103]
 [110]
 [111]
 [114]
 [101]]",70.0,NORMAL,280.0,290.0
sub-004,1,147,71749.394092,286.993576,"[[115]
 [104]
 [111]
 [119]
 [ 95]
 [108]
 [101]
 [116]
 [116]
 [101]
 [114]]",53.0,"[[116]
 [111]
 [ 95]
 [114]
 [101]
 [109]
 [101]
 [109]
 [ 98]
 [101]
 [114]]",77.0,NORMAL,280.0,290.0
sub-004,1,148,72109.84233885,288.435369,"[[115]
 [104]
 [111]
 [119]
 [ 95]
 [108]
 [101]
 [116]
 [116]
 [101]
 [114]]",53.0,"[[116]
 [111]
 [ 95]
 [105]
 [103]
 [110]
 [111]
 [114]
 [101]]",74.0,NORMAL,280.0,290.0
sub-004,1,149,72470.290585725,289.877162,"[[115]
 [104]
 [111]
 [119]
 [ 95]
 [108]
 [101]
 [116]
 [116]
 [101]
 [114]]",53.0,"[[116]
 [111]
 [ 95]
 [114]
 [101]
 [109]
 [101]
 [109]
 [ 98]
 [101]
 [114]]",76.0,NORMAL,280.0,290.0
sub-004,1,150,72830.46383392501,291.317855,"[[115]
 [104]
 [111]
 [119]
 [ 95]
 [100]
 [ 97]
 [115]
 [104]]",53.0,"[[119]
 [111]
 [114]
 [107]
 [ 95]
 [109]
 [101]
 [109]
 [111]
 [114]
 [121]]",45.0,REVIEW,290.0,300.0
sub-004,1,151,73635.084920425,294.53634,"[[115]
 [104]
 [111]
 [119]
 [ 95]
 [108]
 [101]
 [116]
 [116]
 [101]
 [114]]",53.0,"[[112]
 [114]
 [111]
 [ 98]
 [101]
 [ 95]
 [116]
 [ 97]
 [114]
 [103]
 [101]
 [116]]",71.0,REVIEW,290.0,300.0
sub-004,1,152,74017.70805945,296.066832,"[[114]
 [105]
 [103]
 [104]
 [116]
 [ 95]
 [ 99]
 [108]
 [105]
 [ 99]
 [107]]",53.0,"[[114]
 [101]
 [109]
 [101]
 [109]
 [ 98]
 [101]
 [114]
 [101]
 [100]
 [ 95]
 [ 99]
 [111]
 [114]
 [114]
 [101]
 [ 99]
 [116]]","[[110]
 [ 47]
 [ 97]]",REVIEW,290.0,300.0
sub-004,1,153,74117.73257295,296.46693,"[[115]
 [111]
 [117]
 [110]
 [100]
 [ 95]
 [ 98]
 [101]
 [101]
 [112]]",53.0,"[[102]
 [101]
 [101]
 [100]
 [ 98]
 [ 97]
 [ 99]
 [107]
 [ 95]
 [ 99]
 [111]
 [114]
 [114]
 [101]
 [ 99]
 [116]]","[[110]
 [ 47]
 [ 97]]",REVIEW,290.0,300.0
sub-004,1,154,74993.178315,299.968713,"[[114]
 [105]
 [103]
 [104]
 [116]
 [ 95]
 [ 99]
 [108]
 [105]
 [ 99]
 [107]]",53.0,"[[105]
 [110]
 [100]
 [105]
 [ 99]
 [ 97]
 [116]
 [101]
 [ 95]
 [114]
 [101]
 [ 97]
 [100]
 [121]]","[[110]
 [ 47]
 [ 97]]",REVIEW,290.0,300.0
sub-004,1,155,75001.128276325,300.000513,"[[115]
 [104]
 [111]
 [119]
 [ 95]
 [ 99]
 [114]
 [111]
 [115]
 [115]]",55.0,"[[102]
 [105]
 [120]
 [ 97]
 [116]
 [101]]",43.0,NORMAL,300.0,310.0
sub-004,1,156,76312.921896075,305.247688,"[[115]
 [104]
 [111]
 [119]
 [ 95]
 [108]
 [101]
 [116]
 [116]
 [101]
 [114]]",55.0,"[[116]
 [111]
 [ 95]
 [105]
 [103]
 [110]
 [111]
 [114]
 [101]]",67.0,NORMAL,300.0,310.0
sub-004,1,157,76673.12014415,306.688481,"[[115]
 [104]
 [111]
 [119]
 [ 95]
 [108]
 [101]
 [116]
 [116]
 [101]
 [114]]",55.0,"[[116]
 [111]
 [ 95]
 [114]
 [101]
 [109]
 [101]
 [109]
 [ 98]
 [101]
 [114]]",90.0,NORMAL,300.0,310.0
sub-004,1,158,77033.568391025,308.130274,"[[115]
 [104]
 [111]
 [119]
 [ 95]
 [108]
 [101]
 [116]
 [116]
 [101]
 [114]]",55.0,"[[116]
 [111]
 [ 95]
 [114]
 [101]
 [109]
 [101]
 [109]
 [ 98]
 [101]
 [114]]",76.0,NORMAL,300.0,310.0
sub-004,1,159,77394.016637875,309.572067,"[[115]
 [104]
 [111]
 [119]
 [ 95]
 [108]
 [101]
 [116]
 [116]
 [101]
 [114]]",55.0,"[[116]
 [111]
 [ 95]
 [114]
 [101]
 [109]
 [101]
 [109]
 [ 98]
 [101]
 [114]]",75.0,NORMAL,300.0,310.0
sub-004,1,160,77754.214885975,311.01286,"[[115]
 [104]
 [111]
 [119]
 [ 95]
 [108]
 [101]
 [116]
 [116]
 [101]
 [114]]",55.0,"[[116]
 [111]
 [ 95]
 [114]
 [101]
 [109]
 [101]
 [109]
 [ 98]
 [101]
 [114]]",82.0,REVIEW,310.0,320.0
sub-004,1,161,78114.663132825,312.454653,"[[115]
 [104]
 [111]
 [119]
 [ 95]
 [108]
 [101]
 [116]
 [116]
 [101]
 [114]]",55.0,"[[116]
 [111]
 [ 95]
 [114]
 [101]
 [109]
 [101]
 [109]
 [ 98]
 [101]
 [114]]",71.0,REVIEW,310.0,320.0
sub-004,1,162,78475.13637957501,313.896546,"[[115]
 [104]
 [111]
 [119]
 [ 95]
 [108]
 [101]
 [116]
 [116]
 [101]
 [114]]",55.0,"[[116]
 [111]
 [ 95]
 [114]
 [101]
 [109]
 [101]
 [109]
 [ 98]
 [101]
 [114]]",66.0,REVIEW,310.0,320.0
sub-004,1,163,78835.534626675,315.338139,"[[115]
 [104]
 [111]
 [119]
 [ 95]
 [108]
 [101]
 [116]
 [116]
 [101]
 [114]]",55.0,"[[116]
 [111]
 [ 95]
 [114]
 [101]
 [109]
 [101]
 [109]
 [ 98]
 [101]
 [114]]",84.0,REVIEW,310.0,320.0
sub-004,1,164,79195.732874775,316.778931,"[[115]
 [104]
 [111]
 [119]
 [ 95]
 [100]
 [ 97]
 [115]
 [104]]",55.0,"[[119]
 [111]
 [114]
 [107]
 [ 95]
 [109]
 [101]
 [109]
 [111]
 [114]
 [121]]",45.0,REVIEW,310.0,320.0
sub-004,1,165,79769.905082125,319.07562,"[[115]
 [104]
 [111]
 [119]
 [ 95]
 [108]
 [101]
 [116]
 [116]
 [101]
 [114]]",55.0,"[[112]
 [114]
 [111]
 [ 98]
 [101]
 [ 95]
 [116]
 [ 97]
 [114]
 [103]
 [101]
 [116]]",90.0,REVIEW,310.0,320.0
sub-004,1,166,80068.22863115,320.268915,"[[114]
 [105]
 [103]
 [104]
 [116]
 [ 95]
 [ 99]
 [108]
 [105]
 [ 99]
 [107]]",55.0,"[[114]
 [101]
 [109]
 [101]
 [109]
 [ 98]
 [101]
 [114]
 [101]
 [100]
 [ 95]
 [ 99]
 [111]
 [114]
 [114]
 [101]
 [ 99]
 [116]]","[[110]
 [ 47]
 [ 97]]",REVIEW,320.0,330.0
sub-004,1,167,80168.25314465,320.669013,"[[115]
 [111]
 [117]
 [110]
 [100]
 [ 95]
 [ 98]
 [101]
 [101]
 [112]]",55.0,"[[102]
 [101]
 [101]
 [100]
 [ 98]
 [ 97]
 [ 99]
 [107]
 [ 95]
 [ 99]
 [111]
 [114]
 [114]
 [101]
 [ 99]
 [116]]","[[110]
 [ 47]
 [ 97]]",REVIEW,320.0,330.0
sub-004,1,168,81135.9734379,324.539894,"[[114]
 [105]
 [103]
 [104]
 [116]
 [ 95]
 [ 99]
 [108]
 [105]
 [ 99]
 [107]]",55.0,"[[105]
 [110]
 [100]
 [105]
 [ 99]
 [ 97]
 [116]
 [101]
 [ 95]
 [114]
 [101]
 [ 97]
 [100]
 [121]]","[[110]
 [ 47]
 [ 97]]",REVIEW,320.0,330.0
sub-004,1,169,81144.4233968,324.573694,"[[115]
 [104]
 [111]
 [119]
 [ 95]
 [ 99]
 [114]
 [111]
 [115]
 [115]]",55.0,"[[102]
 [105]
 [120]
 [ 97]
 [116]
 [101]]",43.0,REVIEW,320.0,330.0
sub-004,1,170,82456.017017525,329.820068,"[[115]
 [104]
 [111]
 [119]
 [ 95]
 [108]
 [101]
 [116]
 [116]
 [101]
 [114]]",55.0,"[[116]
 [111]
 [ 95]
 [105]
 [103]
 [110]
 [111]
 [114]
 [101]]",88.0,REVIEW,320.0,330.0
sub-004,1,171,82816.415264625,331.261661,"[[115]
 [104]
 [111]
 [119]
 [ 95]
 [108]
 [101]
 [116]
 [116]
 [101]
 [114]]",55.0,"[[116]
 [111]
 [ 95]
 [114]
 [101]
 [109]
 [101]
 [109]
 [ 98]
 [101]
 [114]]",74.0,REVIEW,330.0,340.0
sub-004,1,172,83176.6135127,332.702454,"[[115]
 [104]
 [111]
 [119]
 [ 95]
 [108]
 [101]
 [116]
 [116]
 [101]
 [114]]",55.0,"[[116]
 [111]
 [ 95]
 [114]
 [101]
 [109]
 [101]
 [109]
 [ 98]
 [101]
 [114]]",78.0,REVIEW,330.0,340.0
sub-004,1,173,83537.06175957501,334.144247,"[[115]
 [104]
 [111]
 [119]
 [ 95]
 [108]
 [101]
 [116]
 [116]
 [101]
 [114]]",55.0,"[[116]
 [111]
 [ 95]
 [114]
 [101]
 [109]
 [101]
 [109]
 [ 98]
 [101]
 [114]]",82.0,REVIEW,330.0,340.0
sub-004,1,174,83897.48500654999,335.58594,"[[115]
 [104]
 [111]
 [119]
 [ 95]
 [108]
 [101]
 [116]
 [116]
 [101]
 [114]]",55.0,"[[116]
 [111]
 [ 95]
 [114]
 [101]
 [109]
 [101]
 [109]
 [ 98]
 [101]
 [114]]",83.0,REVIEW,330.0,340.0
sub-004,1,175,84257.933253425,337.027733,"[[115]
 [104]
 [111]
 [119]
 [ 95]
 [108]
 [101]
 [116]
 [116]
 [101]
 [114]]",55.0,"[[116]
 [111]
 [ 95]
 [114]
 [101]
 [109]
 [101]
 [109]
 [ 98]
 [101]
 [114]]",86.0,REVIEW,330.0,340.0
sub-004,1,176,84618.1315015,338.468526,"[[115]
 [104]
 [111]
 [119]
 [ 95]
 [108]
 [101]
 [116]
 [116]
 [101]
 [114]]",55.0,"[[116]
 [111]
 [ 95]
 [114]
 [101]
 [109]
 [101]
 [109]
 [ 98]
 [101]
 [114]]",89.0,REVIEW,330.0,340.0
sub-004,1,177,84978.579748375,339.910319,"[[115]
 [104]
 [111]
 [119]
 [ 95]
 [108]
 [101]
 [116]
 [116]
 [101]
 [114]]",55.0,"[[116]
 [111]
 [ 95]
 [114]
 [101]
 [109]
 [101]
 [109]
 [ 98]
 [101]
 [114]]",72.0,REVIEW,330.0,340.0
sub-004,1,178,85339.027995225,341.352112,"[[115]
 [104]
 [111]
 [119]
 [ 95]
 [100]
 [ 97]
 [115]
 [104]]",55.0,"[[119]
 [111]
 [114]
 [107]
 [ 95]
 [109]
 [101]
 [109]
 [111]
 [114]
 [121]]",45.0,NORMAL,340.0,350.0
sub-004,1,179,85929.675122475,343.7147,"[[115]
 [104]
 [111]
 [119]
 [ 95]
 [108]
 [101]
 [116]
 [116]
 [101]
 [114]]",55.0,"[[112]
 [114]
 [111]
 [ 98]
 [101]
 [ 95]
 [110]
 [111]
 [116]
 [ 95]
 [115]
 [104]
 [111]
 [119]
 [110]]",67.0,NORMAL,340.0,350.0
sub-004,1,180,86263.748497625,345.050994,"[[108]
 [101]
 [102]
 [116]
 [ 95]
 [ 99]
 [108]
 [105]
 [ 99]
 [107]]",55.0,"[[105]
 [103]
 [110]
 [111]
 [114]
 [101]
 [100]
 [ 95]
 [ 99]
 [111]
 [114]
 [114]
 [101]
 [ 99]
 [116]]","[[110]
 [ 47]
 [ 97]]",NORMAL,340.0,350.0
sub-004,1,181,86363.773011125,345.451092,"[[115]
 [111]
 [117]
 [110]
 [100]
 [ 95]
 [ 98]
 [101]
 [101]
 [112]]",55.0,"[[102]
 [101]
 [101]
 [100]
 [ 98]
 [ 97]
 [ 99]
 [107]
 [ 95]
 [ 99]
 [111]
 [114]
 [114]
 [101]
 [ 99]
 [116]]","[[110]
 [ 47]
 [ 97]]",NORMAL,340.0,350.0
sub-004,1,182,86982.170003375,347.92468,"[[114]
 [105]
 [103]
 [104]
 [116]
 [ 95]
 [ 99]
 [108]
 [105]
 [ 99]
 [107]]",55.0,"[[105]
 [110]
 [100]
 [105]
 [ 99]
 [ 97]
 [116]
 [101]
 [ 95]
 [114]
 [101]
 [ 97]
 [100]
 [121]]","[[110]
 [ 47]
 [ 97]]",NORMAL,340.0,350.0
sub-004,1,183,86990.0199652,347.95608,"[[115]
 [104]
 [111]
 [119]
 [ 95]
 [ 99]
 [114]
 [111]
 [115]
 [115]]",51.0,"[[102]
 [105]
 [120]
 [ 97]
 [116]
 [101]]",43.0,NORMAL,340.0,350.0
sub-004,1,184,88301.563586175,353.202254,"[[115]
 [104]
 [111]
 [119]
 [ 95]
 [108]
 [101]
 [116]
 [116]
 [101]
 [114]]",51.0,"[[116]
 [111]
 [ 95]
 [105]
 [103]
 [110]
 [111]
 [114]
 [101]]",70.0,NORMAL,350.0,360.0
sub-004,1,185,88662.011833025,354.644047,"[[115]
 [104]
 [111]
 [119]
 [ 95]
 [108]
 [101]
 [116]
 [116]
 [101]
 [114]]",51.0,"[[116]
 [111]
 [ 95]
 [105]
 [103]
 [110]
 [111]
 [114]
 [101]]",66.0,NORMAL,350.0,360.0
sub-004,1,186,89022.2100811,356.08484,"[[115]
 [104]
 [111]
 [119]
 [ 95]
 [108]
 [101]
 [116]
 [116]
 [101]
 [114]]",51.0,"[[116]
 [111]
 [ 95]
 [105]
 [103]
 [110]
 [111]
 [114]
 [101]]",67.0,NORMAL,350.0,360.0
sub-004,1,187,89382.6333281,357.526533,"[[115]
 [104]
 [111]
 [119]
 [ 95]
 [108]
 [101]
 [116]
 [116]
 [101]
 [114]]",51.0,"[[116]
 [111]
 [ 95]
 [114]
 [101]
 [109]
 [101]
 [109]
 [ 98]
 [101]
 [114]]",82.0,NORMAL,350.0,360.0
sub-004,1,188,89743.10657485,358.968426,"[[115]
 [104]
 [111]
 [119]
 [ 95]
 [108]
 [101]
 [116]
 [116]
 [101]
 [114]]",51.0,"[[116]
 [111]
 [ 95]
 [114]
 [101]
 [109]
 [101]
 [109]
 [ 98]
 [101]
 [114]]",77.0,NORMAL,350.0,360.0
sub-004,1,189,90103.529821825,360.410119,"[[115]
 [104]
 [111]
 [119]
 [ 95]
 [108]
 [101]
 [116]
 [116]
 [101]
 [114]]",51.0,"[[116]
 [111]
 [ 95]
 [105]
 [103]
 [110]
 [111]
 [114]
 [101]]",74.0,GLOBAL_ARTIFACT,360.0,370.0
sub-004,1,190,90463.7280699,361.850912,"[[115]
 [104]
 [111]
 [119]
 [ 95]
 [108]
 [101]
 [116]
 [116]
 [101]
 [114]]",51.0,"[[116]
 [111]
 [ 95]
 [105]
 [103]
 [110]
 [111]
 [114]
 [101]]",72.0,GLOBAL_ARTIFACT,360.0,370.0
sub-004,1,191,90824.176316775,363.292705,"[[115]
 [104]
 [111]
 [119]
 [ 95]
 [108]
 [101]
 [116]
 [116]
 [101]
 [114]]",51.0,"[[116]
 [111]
 [ 95]
 [114]
 [101]
 [109]
 [101]
 [109]
 [ 98]
 [101]
 [114]]",84.0,GLOBAL_ARTIFACT,360.0,370.0
sub-004,1,192,91184.62456365,364.734498,"[[115]
 [104]
 [111]
 [119]
 [ 95]
 [100]
 [ 97]
 [115]
 [104]]",51.0,"[[119]
 [111]
 [114]
 [107]
 [ 95]
 [109]
 [101]
 [109]
 [111]
 [114]
 [121]]",45.0,GLOBAL_ARTIFACT,360.0,370.0
sub-004,1,193,91817.2714866,367.265086,"[[115]
 [104]
 [111]
 [119]
 [ 95]
 [108]
 [101]
 [116]
 [116]
 [101]
 [114]]",51.0,"[[112]
 [114]
 [111]
 [ 98]
 [101]
 [ 95]
 [110]
 [111]
 [116]
 [ 95]
 [115]
 [104]
 [111]
 [119]
 [110]]",83.0,GLOBAL_ARTIFACT,360.0,370.0
sub-004,1,194,92057.345318925,368.225381,"[[108]
 [101]
 [102]
 [116]
 [ 95]
 [ 99]
 [108]
 [105]
 [ 99]
 [107]]",51.0,"[[105]
 [103]
 [110]
 [111]
 [114]
 [101]
 [100]
 [ 95]
 [ 99]
 [111]
 [114]
 [114]
 [101]
 [ 99]
 [116]]","[[110]
 [ 47]
 [ 97]]",GLOBAL_ARTIFACT,360.0,370.0
sub-004,1,195,92157.39483232501,368.625579,"[[115]
 [111]
 [117]
 [110]
 [100]
 [ 95]
 [ 98]
 [101]
 [101]
 [112]]",51.0,"[[102]
 [101]
 [101]
 [100]
 [ 98]
 [ 97]
 [ 99]
 [107]
 [ 95]
 [ 99]
 [111]
 [114]
 [114]
 [101]
 [ 99]
 [116]]","[[110]
 [ 47]
 [ 97]]",GLOBAL_ARTIFACT,360.0,370.0
sub-004,1,196,92406.6936198,369.622774,"[[114]
 [105]
 [103]
 [104]
 [116]
 [ 95]
 [ 99]
 [108]
 [105]
 [ 99]
 [107]]",51.0,"[[105]
 [110]
 [100]
 [105]
 [ 99]
 [ 97]
 [116]
 [101]
 [ 95]
 [114]
 [101]
 [ 97]
 [100]
 [121]]","[[110]
 [ 47]
 [ 97]]",GLOBAL_ARTIFACT,360.0,370.0
sub-004,1,197,92412.41859195,369.645674,"[[115]
 [104]
 [111]
 [119]
 [ 95]
 [ 99]
 [114]
 [111]
 [115]
 [115]]",53.0,"[[102]
 [105]
 [120]
 [ 97]
 [116]
 [101]]",43.0,GLOBAL_ARTIFACT,360.0,370.0
sub-004,1,198,93723.987212775,374.891949,"[[115]
 [104]
 [111]
 [119]
 [ 95]
 [108]
 [101]
 [116]
 [116]
 [101]
 [114]]",53.0,"[[116]
 [111]
 [ 95]
 [114]
 [101]
 [109]
 [101]
 [109]
 [ 98]
 [101]
 [114]]",68.0,NORMAL,370.0,380.0
sub-004,1,199,94084.410459775,376.333642,"[[115]
 [104]
 [111]
 [119]
 [ 95]
 [108]
 [101]
 [116]
 [116]
 [101]
 [114]]",53.0,"[[116]
 [111]
 [ 95]
 [105]
 [103]
 [110]
 [111]
 [114]
 [101]]",67.0,NORMAL,370.0,380.0
sub-004,1,200,94444.60870785,377.774435,"[[115]
 [104]
 [111]
 [119]
 [ 95]
 [108]
 [101]
 [116]
 [116]
 [101]
 [114]]",53.0,"[[116]
 [111]
 [ 95]
 [114]
 [101]
 [109]
 [101]
 [109]
 [ 98]
 [101]
 [114]]",76.0,NORMAL,370.0,380.0
sub-004,1,201,94805.056954725,379.216228,"[[115]
 [104]
 [111]
 [119]
 [ 95]
 [108]
 [101]
 [116]
 [116]
 [101]
 [114]]",53.0,"[[116]
 [111]
 [ 95]
 [114]
 [101]
 [109]
 [101]
 [109]
 [ 98]
 [101]
 [114]]",83.0,NORMAL,370.0,380.0
sub-004,1,202,95165.505201575,380.658021,"[[115]
 [104]
 [111]
 [119]
 [ 95]
 [108]
 [101]
 [116]
 [116]
 [101]
 [114]]",53.0,"[[116]
 [111]
 [ 95]
 [114]
 [101]
 [109]
 [101]
 [109]
 [ 98]
 [101]
 [114]]",74.0,NORMAL,380.0,390.0
sub-004,1,203,95525.67844977499,382.098714,"[[115]
 [104]
 [111]
 [119]
 [ 95]
 [108]
 [101]
 [116]
 [116]
 [101]
 [114]]",53.0,"[[116]
 [111]
 [ 95]
 [105]
 [103]
 [110]
 [111]
 [114]
 [101]]",75.0,NORMAL,380.0,390.0
sub-004,1,204,95886.12669665001,383.540507,"[[115]
 [104]
 [111]
 [119]
 [ 95]
 [108]
 [101]
 [116]
 [116]
 [101]
 [114]]",53.0,"[[116]
 [111]
 [ 95]
 [114]
 [101]
 [109]
 [101]
 [109]
 [ 98]
 [101]
 [114]]",72.0,NORMAL,380.0,390.0
sub-004,1,205,96246.574943525,384.9823,"[[115]
 [104]
 [111]
 [119]
 [ 95]
 [108]
 [101]
 [116]
 [116]
 [101]
 [114]]",53.0,"[[116]
 [111]
 [ 95]
 [105]
 [103]
 [110]
 [111]
 [114]
 [101]]",86.0,NORMAL,380.0,390.0
sub-004,1,206,96607.023190375,386.424093,"[[115]
 [104]
 [111]
 [119]
 [ 95]
 [100]
 [ 97]
 [115]
 [104]]",53.0,"[[119]
 [111]
 [114]
 [107]
 [ 95]
 [109]
 [101]
 [109]
 [111]
 [114]
 [121]]",45.0,NORMAL,380.0,390.0
sub-004,1,207,97524.618727425,390.094475,"[[115]
 [104]
 [111]
 [119]
 [ 95]
 [108]
 [101]
 [116]
 [116]
 [101]
 [114]]",53.0,"[[112]
 [114]
 [111]
 [ 98]
 [101]
 [ 95]
 [116]
 [ 97]
 [114]
 [103]
 [101]
 [116]]",76.0,NORMAL,390.0,400.0
sub-004,1,208,97811.34233284999,391.241369,"[[114]
 [105]
 [103]
 [104]
 [116]
 [ 95]
 [ 99]
 [108]
 [105]
 [ 99]
 [107]]",53.0,"[[114]
 [101]
 [109]
 [101]
 [109]
 [ 98]
 [101]
 [114]
 [101]
 [100]
 [ 95]
 [ 99]
 [111]
 [114]
 [114]
 [101]
 [ 99]
 [116]]","[[110]
 [ 47]
 [ 97]]",NORMAL,390.0,400.0
sub-004,1,209,97911.366846375,391.641467,"[[115]
 [111]
 [117]
 [110]
 [100]
 [ 95]
 [ 98]
 [101]
 [101]
 [112]]",53.0,"[[102]
 [101]
 [101]
 [100]
 [ 98]
 [ 97]
 [ 99]
 [107]
 [ 95]
 [ 99]
 [111]
 [114]
 [114]
 [101]
 [ 99]
 [116]]","[[110]
 [ 47]
 [ 97]]",NORMAL,390.0,400.0
sub-004,1,210,98470.46412705,393.877857,"[[114]
 [105]
 [103]
 [104]
 [116]
 [ 95]
 [ 99]
 [108]
 [105]
 [ 99]
 [107]]",53.0,"[[105]
 [110]
 [100]
 [105]
 [ 99]
 [ 97]
 [116]
 [101]
 [ 95]
 [114]
 [101]
 [ 97]
 [100]
 [121]]","[[110]
 [ 47]
 [ 97]]",NORMAL,390.0,400.0
sub-004,1,211,98475.7391014,393.898956,"[[115]
 [104]
 [111]
 [119]
 [ 95]
 [ 99]
 [114]
 [111]
 [115]
 [115]]",55.0,"[[102]
 [105]
 [120]
 [ 97]
 [116]
 [101]]",43.0,NORMAL,390.0,400.0
sub-004,1,212,99787.53272115,399.146131,"[[115]
 [104]
 [111]
 [119]
 [ 95]
 [108]
 [101]
 [116]
 [116]
 [101]
 [114]]",55.0,"[[116]
 [111]
 [ 95]
 [114]
 [101]
 [109]
 [101]
 [109]
 [ 98]
 [101]
 [114]]",87.0,NORMAL,390.0,400.0
sub-004,1,213,100147.730969225,400.586924,"[[115]
 [104]
 [111]
 [119]
 [ 95]
 [108]
 [101]
 [116]
 [116]
 [101]
 [114]]",55.0,"[[116]
 [111]
 [ 95]
 [114]
 [101]
 [109]
 [101]
 [109]
 [ 98]
 [101]
 [114]]",90.0,NORMAL,400.0,410.0
sub-004,1,214,100508.1542162,402.028617,"[[115]
 [104]
 [111]
 [119]
 [ 95]
 [108]
 [101]
 [116]
 [116]
 [101]
 [114]]",55.0,"[[116]
 [111]
 [ 95]
 [114]
 [101]
 [109]
 [101]
 [109]
 [ 98]
 [101]
 [114]]",86.0,NORMAL,400.0,410.0
sub-004,1,215,100868.62746295,403.47051,"[[115]
 [104]
 [111]
 [119]
 [ 95]
 [108]
 [101]
 [116]
 [116]
 [101]
 [114]]",55.0,"[[116]
 [111]
 [ 95]
 [114]
 [101]
 [109]
 [101]
 [109]
 [ 98]
 [101]
 [114]]",68.0,NORMAL,400.0,410.0
sub-004,1,216,101229.050709925,404.912203,"[[115]
 [104]
 [111]
 [119]
 [ 95]
 [108]
 [101]
 [116]
 [116]
 [101]
 [114]]",55.0,"[[116]
 [111]
 [ 95]
 [105]
 [103]
 [110]
 [111]
 [114]
 [101]]",70.0,NORMAL,400.0,410.0
sub-004,1,217,101589.24895802501,406.352996,"[[115]
 [104]
 [111]
 [119]
 [ 95]
 [108]
 [101]
 [116]
 [116]
 [101]
 [114]]",55.0,"[[116]
 [111]
 [ 95]
 [114]
 [101]
 [109]
 [101]
 [109]
 [ 98]
 [101]
 [114]]",88.0,NORMAL,400.0,410.0
sub-004,1,218,101949.697204875,407.794789,"[[115]
 [104]
 [111]
 [119]
 [ 95]
 [108]
 [101]
 [116]
 [116]
 [101]
 [114]]",55.0,"[[116]
 [111]
 [ 95]
 [114]
 [101]
 [109]
 [101]
 [109]
 [ 98]
 [101]
 [114]]",77.0,NORMAL,400.0,410.0
sub-004,1,219,102310.120451875,409.236482,"[[115]
 [104]
 [111]
 [119]
 [ 95]
 [108]
 [101]
 [116]
 [116]
 [101]
 [114]]",55.0,"[[116]
 [111]
 [ 95]
 [114]
 [101]
 [109]
 [101]
 [109]
 [ 98]
 [101]
 [114]]",89.0,NORMAL,400.0,410.0
sub-004,1,220,102670.31869995,410.677275,"[[115]
 [104]
 [111]
 [119]
 [ 95]
 [100]
 [ 97]
 [115]
 [104]]",55.0,"[[119]
 [111]
 [114]
 [107]
 [ 95]
 [109]
 [101]
 [109]
 [111]
 [114]
 [121]]",45.0,REVIEW,410.0,420.0
sub-004,1,221,103345.215417425,413.376862,"[[115]
 [104]
 [111]
 [119]
 [ 95]
 [108]
 [101]
 [116]
 [116]
 [101]
 [114]]",55.0,"[[112]
 [114]
 [111]
 [ 98]
 [101]
 [ 95]
 [110]
 [111]
 [116]
 [ 95]
 [115]
 [104]
 [111]
 [119]
 [110]]",71.0,REVIEW,410.0,420.0
sub-004,1,222,103657.63889785,414.626556,"[[108]
 [101]
 [102]
 [116]
 [ 95]
 [ 99]
 [108]
 [105]
 [ 99]
 [107]]",55.0,"[[105]
 [103]
 [110]
 [111]
 [114]
 [101]
 [100]
 [ 95]
 [ 99]
 [111]
 [114]
 [114]
 [101]
 [ 99]
 [116]]","[[110]
 [ 47]
 [ 97]]",REVIEW,410.0,420.0
sub-004,1,223,103757.663411375,415.026654,"[[115]
 [111]
 [117]
 [110]
 [100]
 [ 95]
 [ 98]
 [101]
 [101]
 [112]]",55.0,"[[102]
 [101]
 [101]
 [100]
 [ 98]
 [ 97]
 [ 99]
 [107]
 [ 95]
 [ 99]
 [111]
 [114]
 [114]
 [101]
 [ 99]
 [116]]","[[110]
 [ 47]
 [ 97]]",REVIEW,410.0,420.0
sub-004,1,224,104402.43527535,417.605741,"[[114]
 [105]
 [103]
 [104]
 [116]
 [ 95]
 [ 99]
 [108]
 [105]
 [ 99]
 [107]]",55.0,"[[105]
 [110]
 [100]
 [105]
 [ 99]
 [ 97]
 [116]
 [101]
 [ 95]
 [114]
 [101]
 [ 97]
 [100]
 [121]]","[[110]
 [ 47]
 [ 97]]",REVIEW,410.0,420.0
sub-004,1,225,104409.5602407,417.634241,"[[115]
 [104]
 [111]
 [119]
 [ 95]
 [ 99]
 [114]
 [111]
 [115]
 [115]]",55.0,"[[102]
 [105]
 [120]
 [ 97]
 [116]
 [101]]",43.0,REVIEW,410.0,420.0
sub-004,1,226,105721.128861525,422.880515,"[[115]
 [104]
 [111]
 [119]
 [ 95]
 [108]
 [101]
 [116]
 [116]
 [101]
 [114]]",55.0,"[[116]
 [111]
 [ 95]
 [114]
 [101]
 [109]
 [101]
 [109]
 [ 98]
 [101]
 [114]]",88.0,GLOBAL_ARTIFACT,420.0,430.0
sub-004,1,227,106081.552108525,424.322208,"[[115]
 [104]
 [111]
 [119]
 [ 95]
 [108]
 [101]
 [116]
 [116]
 [101]
 [114]]",55.0,"[[116]
 [111]
 [ 95]
 [105]
 [103]
 [110]
 [111]
 [114]
 [101]]",67.0,GLOBAL_ARTIFACT,420.0,430.0
sub-004,1,228,106441.725356725,425.762901,"[[115]
 [104]
 [111]
 [119]
 [ 95]
 [108]
 [101]
 [116]
 [116]
 [101]
 [114]]",55.0,"[[116]
 [111]
 [ 95]
 [114]
 [101]
 [109]
 [101]
 [109]
 [ 98]
 [101]
 [114]]",74.0,GLOBAL_ARTIFACT,420.0,430.0
sub-004,1,229,106802.17360360001,427.204694,"[[115]
 [104]
 [111]
 [119]
 [ 95]
 [108]
 [101]
 [116]
 [116]
 [101]
 [114]]",55.0,"[[116]
 [111]
 [ 95]
 [114]
 [101]
 [109]
 [101]
 [109]
 [ 98]
 [101]
 [114]]",72.0,GLOBAL_ARTIFACT,420.0,430.0
sub-004,1,230,107162.62185045,428.646487,"[[115]
 [104]
 [111]
 [119]
 [ 95]
 [108]
 [101]
 [116]
 [116]
 [101]
 [114]]",55.0,"[[116]
 [111]
 [ 95]
 [114]
 [101]
 [109]
 [101]
 [109]
 [ 98]
 [101]
 [114]]",78.0,GLOBAL_ARTIFACT,420.0,430.0
sub-004,1,231,107523.070097325,430.08828,"[[115]
 [104]
 [111]
 [119]
 [ 95]
 [108]
 [101]
 [116]
 [116]
 [101]
 [114]]",55.0,"[[116]
 [111]
 [ 95]
 [114]
 [101]
 [109]
 [101]
 [109]
 [ 98]
 [101]
 [114]]",68.0,REVIEW,430.0,440.0
sub-004,1,232,107883.2683454,431.529073,"[[115]
 [104]
 [111]
 [119]
 [ 95]
 [108]
 [101]
 [116]
 [116]
 [101]
 [114]]",55.0,"[[116]
 [111]
 [ 95]
 [114]
 [101]
 [109]
 [101]
 [109]
 [ 98]
 [101]
 [114]]",80.0,REVIEW,430.0,440.0
sub-004,1,233,108243.716592275,432.970866,"[[115]
 [104]
 [111]
 [119]
 [ 95]
 [108]
 [101]
 [116]
 [116]
 [101]
 [114]]",55.0,"[[116]
 [111]
 [ 95]
 [114]
 [101]
 [109]
 [101]
 [109]
 [ 98]
 [101]
 [114]]",83.0,REVIEW,430.0,440.0
sub-004,1,234,108604.13983925001,434.412559,"[[115]
 [104]
 [111]
 [119]
 [ 95]
 [100]
 [ 97]
 [115]
 [104]]",55.0,"[[119]
 [111]
 [114]
 [107]
 [ 95]
 [109]
 [101]
 [109]
 [111]
 [114]
 [121]]",45.0,REVIEW,430.0,440.0
sub-004,1,235,109542.760274025,438.167041,"[[115]
 [104]
 [111]
 [119]
 [ 95]
 [108]
 [101]
 [116]
 [116]
 [101]
 [114]]",55.0,"[[112]
 [114]
 [111]
 [ 98]
 [101]
 [ 95]
 [110]
 [111]
 [116]
 [ 95]
 [115]
 [104]
 [111]
 [119]
 [110]]",76.0,REVIEW,430.0,440.0
sub-004,1,236,109826.908892,439.303636,"[[108]
 [101]
 [102]
 [116]
 [ 95]
 [ 99]
 [108]
 [105]
 [ 99]
 [107]]",55.0,"[[105]
 [103]
 [110]
 [111]
 [114]
 [101]
 [100]
 [ 95]
 [ 99]
 [111]
 [114]
 [114]
 [101]
 [ 99]
 [116]]","[[110]
 [ 47]
 [ 97]]",REVIEW,430.0,440.0
sub-004,1,237,109926.958405375,439.703834,"[[115]
 [111]
 [117]
 [110]
 [100]
 [ 95]
 [ 98]
 [101]
 [101]
 [112]]",55.0,"[[102]
 [101]
 [101]
 [100]
 [ 98]
 [ 97]
 [ 99]
 [107]
 [ 95]
 [ 99]
 [111]
 [114]
 [114]
 [101]
 [ 99]
 [116]]","[[110]
 [ 47]
 [ 97]]",REVIEW,430.0,440.0
sub-004,1,238,110901.25366662501,443.601015,"[[114]
 [105]
 [103]
 [104]
 [116]
 [ 95]
 [ 99]
 [108]
 [105]
 [ 99]
 [107]]",55.0,"[[105]
 [110]
 [100]
 [105]
 [ 99]
 [ 97]
 [116]
 [101]
 [ 95]
 [114]
 [101]
 [ 97]
 [100]
 [121]]","[[110]
 [ 47]
 [ 97]]",GLOBAL_ARTIFACT,440.0,450.0
sub-004,1,239,110908.778630025,443.631115,"[[115]
 [104]
 [111]
 [119]
 [ 95]
 [ 99]
 [114]
 [111]
 [115]
 [115]]",51.0,"[[102]
 [105]
 [120]
 [ 97]
 [116]
 [101]]",43.0,GLOBAL_ARTIFACT,440.0,450.0
sub-004,1,240,112220.347250875,448.877389,"[[115]
 [104]
 [111]
 [119]
 [ 95]
 [108]
 [101]
 [116]
 [116]
 [101]
 [114]]",51.0,"[[116]
 [111]
 [ 95]
 [105]
 [103]
 [110]
 [111]
 [114]
 [101]]",68.0,GLOBAL_ARTIFACT,440.0,450.0
sub-004,1,241,112580.820497625,450.319282,"[[115]
 [104]
 [111]
 [119]
 [ 95]
 [108]
 [101]
 [116]
 [116]
 [101]
 [114]]",51.0,"[[116]
 [111]
 [ 95]
 [105]
 [103]
 [110]
 [111]
 [114]
 [101]]",77.0,GLOBAL_ARTIFACT,450.0,460.0
sub-004,1,242,112941.218744725,451.760875,"[[115]
 [104]
 [111]
 [119]
 [ 95]
 [108]
 [101]
 [116]
 [116]
 [101]
 [114]]",51.0,"[[116]
 [111]
 [ 95]
 [105]
 [103]
 [110]
 [111]
 [114]
 [101]]",66.0,GLOBAL_ARTIFACT,450.0,460.0
sub-004,1,243,113301.41699279999,453.201668,"[[115]
 [104]
 [111]
 [119]
 [ 95]
 [108]
 [101]
 [116]
 [116]
 [101]
 [114]]",51.0,"[[116]
 [111]
 [ 95]
 [114]
 [101]
 [109]
 [101]
 [109]
 [ 98]
 [101]
 [114]]",89.0,GLOBAL_ARTIFACT,450.0,460.0
sub-004,1,244,113661.86523967501,454.643461,"[[115]
 [104]
 [111]
 [119]
 [ 95]
 [108]
 [101]
 [116]
 [116]
 [101]
 [114]]",51.0,"[[116]
 [111]
 [ 95]
 [105]
 [103]
 [110]
 [111]
 [114]
 [101]]",72.0,GLOBAL_ARTIFACT,450.0,460.0
sub-004,1,245,114022.31348655,456.085254,"[[115]
 [104]
 [111]
 [119]
 [ 95]
 [108]
 [101]
 [116]
 [116]
 [101]
 [114]]",51.0,"[[116]
 [111]
 [ 95]
 [114]
 [101]
 [109]
 [101]
 [109]
 [ 98]
 [101]
 [114]]",81.0,GLOBAL_ARTIFACT,450.0,460.0
sub-004,1,246,114382.51173462499,457.526047,"[[115]
 [104]
 [111]
 [119]
 [ 95]
 [108]
 [101]
 [116]
 [116]
 [101]
 [114]]",51.0,"[[116]
 [111]
 [ 95]
 [114]
 [101]
 [109]
 [101]
 [109]
 [ 98]
 [101]
 [114]]",67.0,GLOBAL_ARTIFACT,450.0,460.0
sub-004,1,247,114742.9349816,458.96774,"[[115]
 [104]
 [111]
 [119]
 [ 95]
 [108]
 [101]
 [116]
 [116]
 [101]
 [114]]",51.0,"[[116]
 [111]
 [ 95]
 [105]
 [103]
 [110]
 [111]
 [114]
 [101]]",71.0,GLOBAL_ARTIFACT,450.0,460.0
sub-004,1,248,115103.38322847501,460.409533,"[[115]
 [104]
 [111]
 [119]
 [ 95]
 [100]
 [ 97]
 [115]
 [104]]",51.0,"[[119]
 [111]
 [114]
 [107]
 [ 95]
 [109]
 [101]
 [109]
 [111]
 [114]
 [121]]",45.0,GLOBAL_ARTIFACT,460.0,470.0
sub-004,1,249,116000.00386752501,463.996015,"[[115]
 [104]
 [111]
 [119]
 [ 95]
 [108]
 [101]
 [116]
 [116]
 [101]
 [114]]",51.0,"[[112]
 [114]
 [111]
 [ 98]
 [101]
 [ 95]
 [116]
 [ 97]
 [114]
 [103]
 [101]
 [116]]",67.0,GLOBAL_ARTIFACT,460.0,470.0
sub-004,1,250,116213.552828875,464.850211,"[[114]
 [105]
 [103]
 [104]
 [116]
 [ 95]
 [ 99]
 [108]
 [105]
 [ 99]
 [107]]",51.0,"[[114]
 [101]
 [109]
 [101]
 [109]
 [ 98]
 [101]
 [114]
 [101]
 [100]
 [ 95]
 [ 99]
 [111]
 [114]
 [114]
 [101]
 [ 99]
 [116]]","[[110]
 [ 47]
 [ 97]]",GLOBAL_ARTIFACT,460.0,470.0
sub-004,1,251,116313.60234225,465.250409,"[[115]
 [111]
 [117]
 [110]
 [100]
 [ 95]
 [ 98]
 [101]
 [101]
 [112]]",51.0,"[[102]
 [101]
 [101]
 [100]
 [ 98]
 [ 97]
 [ 99]
 [107]
 [ 95]
 [ 99]
 [111]
 [114]
 [114]
 [101]
 [ 99]
 [116]]","[[110]
 [ 47]
 [ 97]]",GLOBAL_ARTIFACT,460.0,470.0
sub-004,1,252,117123.09840505,468.488394,"[[108]
 [101]
 [102]
 [116]
 [ 95]
 [ 99]
 [108]
 [105]
 [ 99]
 [107]]",51.0,"[[105]
 [110]
 [100]
 [105]
 [ 99]
 [ 97]
 [116]
 [101]
 [ 95]
 [114]
 [101]
 [ 97]
 [100]
 [121]]","[[110]
 [ 47]
 [ 97]]",GLOBAL_ARTIFACT,460.0,470.0
sub-004,1,253,117131.598363725,468.522393,"[[115]
 [104]
 [111]
 [119]
 [ 95]
 [ 99]
 [114]
 [111]
 [115]
 [115]]",51.0,"[[102]
 [105]
 [120]
 [ 97]
 [116]
 [101]]",43.0,GLOBAL_ARTIFACT,460.0,470.0
sub-004,1,254,118443.1169848,473.768468,"[[115]
 [104]
 [111]
 [119]
 [ 95]
 [108]
 [101]
 [116]
 [116]
 [101]
 [114]]",51.0,"[[116]
 [111]
 [ 95]
 [105]
 [103]
 [110]
 [111]
 [114]
 [101]]",74.0,NORMAL,470.0,480.0
sub-004,1,255,118803.565231675,475.210261,"[[115]
 [104]
 [111]
 [119]
 [ 95]
 [108]
 [101]
 [116]
 [116]
 [101]
 [114]]",51.0,"[[116]
 [111]
 [ 95]
 [105]
 [103]
 [110]
 [111]
 [114]
 [101]]",81.0,NORMAL,470.0,480.0
sub-004,1,256,119163.76347974999,476.651054,"[[115]
 [104]
 [111]
 [119]
 [ 95]
 [108]
 [101]
 [116]
 [116]
 [101]
 [114]]",51.0,"[[116]
 [111]
 [ 95]
 [114]
 [101]
 [109]
 [101]
 [109]
 [ 98]
 [101]
 [114]]",68.0,NORMAL,470.0,480.0
sub-004,1,257,119524.186726725,478.092747,"[[115]
 [104]
 [111]
 [119]
 [ 95]
 [108]
 [101]
 [116]
 [116]
 [101]
 [114]]",51.0,"[[116]
 [111]
 [ 95]
 [114]
 [101]
 [109]
 [101]
 [109]
 [ 98]
 [101]
 [114]]",72.0,NORMAL,470.0,480.0
sub-004,1,258,119884.6349736,479.53454,"[[115]
 [104]
 [111]
 [119]
 [ 95]
 [108]
 [101]
 [116]
 [116]
 [101]
 [114]]",51.0,"[[116]
 [111]
 [ 95]
 [105]
 [103]
 [110]
 [111]
 [114]
 [101]]",88.0,NORMAL,470.0,480.0
sub-004,1,259,120245.083220475,480.976333,"[[115]
 [104]
 [111]
 [119]
 [ 95]
 [108]
 [101]
 [116]
 [116]
 [101]
 [114]]",51.0,"[[116]
 [111]
 [ 95]
 [114]
 [101]
 [109]
 [101]
 [109]
 [ 98]
 [101]
 [114]]",71.0,NORMAL,480.0,490.0
sub-004,1,260,120605.28146855,482.417126,"[[115]
 [104]
 [111]
 [119]
 [ 95]
 [108]
 [101]
 [116]
 [116]
 [101]
 [114]]",51.0,"[[116]
 [111]
 [ 95]
 [105]
 [103]
 [110]
 [111]
 [114]
 [101]]",67.0,NORMAL,480.0,490.0
sub-004,1,261,120965.729715425,483.858919,"[[115]
 [104]
 [111]
 [119]
 [ 95]
 [108]
 [101]
 [116]
 [116]
 [101]
 [114]]",51.0,"[[116]
 [111]
 [ 95]
 [105]
 [103]
 [110]
 [111]
 [114]
 [101]]",87.0,NORMAL,480.0,490.0
sub-004,1,262,121326.177962275,485.300712,"[[115]
 [104]
 [111]
 [119]
 [ 95]
 [100]
 [ 97]
 [115]
 [104]]",51.0,"[[119]
 [111]
 [114]
 [107]
 [ 95]
 [109]
 [101]
 [109]
 [111]
 [114]
 [121]]",45.0,NORMAL,480.0,490.0
sub-004,1,263,122218.7736209,488.871094,"[[115]
 [104]
 [111]
 [119]
 [ 95]
 [108]
 [101]
 [116]
 [116]
 [101]
 [114]]",51.0,"[[112]
 [114]
 [111]
 [ 98]
 [101]
 [ 95]
 [116]
 [ 97]
 [114]
 [103]
 [101]
 [116]]",68.0,NORMAL,480.0,490.0
sub-004,1,264,122547.42202245,490.185688,"[[114]
 [105]
 [103]
 [104]
 [116]
 [ 95]
 [ 99]
 [108]
 [105]
 [ 99]
 [107]]",51.0,"[[114]
 [101]
 [109]
 [101]
 [109]
 [ 98]
 [101]
 [114]
 [101]
 [100]
 [ 95]
 [ 99]
 [111]
 [114]
 [114]
 [101]
 [ 99]
 [116]]","[[110]
 [ 47]
 [ 97]]",GLOBAL_ARTIFACT,490.0,500.0
sub-004,1,265,122647.471535825,490.585886,"[[115]
 [111]
 [117]
 [110]
 [100]
 [ 95]
 [ 98]
 [101]
 [101]
 [112]]",51.0,"[[102]
 [101]
 [101]
 [100]
 [ 98]
 [ 97]
 [ 99]
 [107]
 [ 95]
 [ 99]
 [111]
 [114]
 [114]
 [101]
 [ 99]
 [116]]","[[110]
 [ 47]
 [ 97]]",GLOBAL_ARTIFACT,490.0,500.0
sub-004,1,266,123344.9181436,493.375673,"[[114]
 [105]
 [103]
 [104]
 [116]
 [ 95]
 [ 99]
 [108]
 [105]
 [ 99]
 [107]]",51.0,"[[105]
 [110]
 [100]
 [105]
 [ 99]
 [ 97]
 [116]
 [101]
 [ 95]
 [114]
 [101]
 [ 97]
 [100]
 [121]]","[[110]
 [ 47]
 [ 97]]",GLOBAL_ARTIFACT,490.0,500.0
sub-004,1,267,123350.09311842501,493.396372,"[[115]
 [104]
 [111]
 [119]
 [ 95]
 [ 99]
 [114]
 [111]
 [115]
 [115]]",51.0,"[[102]
 [105]
 [120]
 [ 97]
 [116]
 [101]]",43.0,GLOBAL_ARTIFACT,490.0,500.0
sub-004,1,268,124661.63673940001,498.642547,"[[115]
 [104]
 [111]
 [119]
 [ 95]
 [108]
 [101]
 [116]
 [116]
 [101]
 [114]]",51.0,"[[116]
 [111]
 [ 95]
 [114]
 [101]
 [109]
 [101]
 [109]
 [ 98]
 [101]
 [114]]",80.0,GLOBAL_ARTIFACT,490.0,500.0
sub-004,1,269,125022.10998615,500.08444,"[[115]
 [104]
 [111]
 [119]
 [ 95]
 [108]
 [101]
 [116]
 [116]
 [101]
 [114]]",51.0,"[[116]
 [111]
 [ 95]
 [105]
 [103]
 [110]
 [111]
 [114]
 [101]]",84.0,GLOBAL_ARTIFACT,500.0,510.0
sub-004,1,270,125382.533233125,501.526133,"[[115]
 [104]
 [111]
 [119]
 [ 95]
 [108]
 [101]
 [116]
 [116]
 [101]
 [114]]",51.0,"[[116]
 [111]
 [ 95]
 [105]
 [103]
 [110]
 [111]
 [114]
 [101]]",90.0,GLOBAL_ARTIFACT,500.0,510.0
sub-004,1,271,125742.73148120001,502.966926,"[[115]
 [104]
 [111]
 [119]
 [ 95]
 [108]
 [101]
 [116]
 [116]
 [101]
 [114]]",51.0,"[[116]
 [111]
 [ 95]
 [105]
 [103]
 [110]
 [111]
 [114]
 [101]]",81.0,GLOBAL_ARTIFACT,500.0,510.0
sub-004,1,272,126103.179728075,504.408719,"[[115]
 [104]
 [111]
 [119]
 [ 95]
 [108]
 [101]
 [116]
 [116]
 [101]
 [114]]",51.0,"[[116]
 [111]
 [ 95]
 [114]
 [101]
 [109]
 [101]
 [109]
 [ 98]
 [101]
 [114]]",86.0,GLOBAL_ARTIFACT,500.0,510.0
sub-004,1,273,126463.62797495,505.850512,"[[115]
 [104]
 [111]
 [119]
 [ 95]
 [108]
 [101]
 [116]
 [116]
 [101]
 [114]]",51.0,"[[116]
 [111]
 [ 95]
 [105]
 [103]
 [110]
 [111]
 [114]
 [101]]",66.0,GLOBAL_ARTIFACT,500.0,510.0
sub-004,1,274,126823.82622302501,507.291305,"[[115]
 [104]
 [111]
 [119]
 [ 95]
 [108]
 [101]
 [116]
 [116]
 [101]
 [114]]",51.0,"[[116]
 [111]
 [ 95]
 [114]
 [101]
 [109]
 [101]
 [109]
 [ 98]
 [101]
 [114]]",88.0,GLOBAL_ARTIFACT,500.0,510.0
sub-004,1,275,127184.24947000001,508.732998,"[[115]
 [104]
 [111]
 [119]
 [ 95]
 [108]
 [101]
 [116]
 [116]
 [101]
 [114]]",51.0,"[[116]
 [111]
 [ 95]
 [105]
 [103]
 [110]
 [111]
 [114]
 [101]]",71.0,GLOBAL_ARTIFACT,500.0,510.0
sub-004,1,276,127544.697716875,510.174791,"[[115]
 [104]
 [111]
 [119]
 [ 95]
 [100]
 [ 97]
 [115]
 [104]]",51.0,"[[119]
 [111]
 [114]
 [107]
 [ 95]
 [109]
 [101]
 [109]
 [111]
 [114]
 [121]]",45.0,GLOBAL_ARTIFACT,510.0,520.0
sub-004,1,277,128278.0941498,513.108377,"[[115]
 [104]
 [111]
 [119]
 [ 95]
 [108]
 [101]
 [116]
 [116]
 [101]
 [114]]",51.0,"[[112]
 [114]
 [111]
 [ 98]
 [101]
 [ 95]
 [116]
 [ 97]
 [114]
 [103]
 [101]
 [116]]",86.0,GLOBAL_ARTIFACT,510.0,520.0
sub-004,1,278,129085.56522245001,516.338261,"[[114]
 [105]
 [103]
 [104]
 [116]
 [ 95]
 [ 99]
 [108]
 [105]
 [ 99]
 [107]]",51.0,"[[114]
 [101]
 [109]
 [101]
 [109]
 [ 98]
 [101]
 [114]
 [101]
 [100]
 [ 95]
 [ 99]
 [111]
 [114]
 [114]
 [101]
 [ 99]
 [116]]","[[110]
 [ 47]
 [ 97]]",GLOBAL_ARTIFACT,510.0,520.0
sub-004,1,279,129185.61473585,516.738459,"[[115]
 [111]
 [117]
 [110]
 [100]
 [ 95]
 [ 98]
 [101]
 [101]
 [112]]",51.0,"[[102]
 [101]
 [101]
 [100]
 [ 98]
 [ 97]
 [ 99]
 [107]
 [ 95]
 [ 99]
 [111]
 [114]
 [114]
 [101]
 [ 99]
 [116]]","[[110]
 [ 47]
 [ 97]]",GLOBAL_ARTIFACT,510.0,520.0
sub-004,1,280,131801.002015225,527.200008,"[[114]
 [105]
 [103]
 [104]
 [116]
 [ 95]
 [ 99]
 [108]
 [105]
 [ 99]
 [107]]",51.0,"[[105]
 [110]
 [100]
 [105]
 [ 99]
 [ 97]
 [116]
 [101]
 [ 95]
 [114]
 [101]
 [ 97]
 [100]
 [121]]","[[110]
 [ 47]
 [ 97]]",GLOBAL_ARTIFACT,520.0,530.0
sub-004,1,281,131806.27698957498,527.221108,"[[115]
 [104]
 [111]
 [119]
 [ 95]
 [ 99]
 [114]
 [111]
 [115]
 [115]]",53.0,"[[102]
 [105]
 [120]
 [ 97]
 [116]
 [101]]",43.0,GLOBAL_ARTIFACT,520.0,530.0
sub-004,1,282,133117.8456104,532.467382,"[[115]
 [104]
 [111]
 [119]
 [ 95]
 [108]
 [101]
 [116]
 [116]
 [101]
 [114]]",53.0,"[[116]
 [111]
 [ 95]
 [105]
 [103]
 [110]
 [111]
 [114]
 [101]]",66.0,GLOBAL_ARTIFACT,530.0,540.0
sub-004,1,283,133478.2688574,533.909075,"[[115]
 [104]
 [111]
 [119]
 [ 95]
 [108]
 [101]
 [116]
 [116]
 [101]
 [114]]",53.0,"[[116]
 [111]
 [ 95]
 [105]
 [103]
 [110]
 [111]
 [114]
 [101]]",72.0,GLOBAL_ARTIFACT,530.0,540.0
sub-004,1,284,133838.71710425,535.350868,"[[115]
 [104]
 [111]
 [119]
 [ 95]
 [108]
 [101]
 [116]
 [116]
 [101]
 [114]]",53.0,"[[116]
 [111]
 [ 95]
 [114]
 [101]
 [109]
 [101]
 [109]
 [ 98]
 [101]
 [114]]",68.0,GLOBAL_ARTIFACT,530.0,540.0
sub-004,1,285,134198.91535235,536.791661,"[[115]
 [104]
 [111]
 [119]
 [ 95]
 [108]
 [101]
 [116]
 [116]
 [101]
 [114]]",53.0,"[[116]
 [111]
 [ 95]
 [114]
 [101]
 [109]
 [101]
 [109]
 [ 98]
 [101]
 [114]]",82.0,GLOBAL_ARTIFACT,530.0,540.0
sub-004,1,286,134559.3635992,538.233454,"[[115]
 [104]
 [111]
 [119]
 [ 95]
 [108]
 [101]
 [116]
 [116]
 [101]
 [114]]",53.0,"[[116]
 [111]
 [ 95]
 [114]
 [101]
 [109]
 [101]
 [109]
 [ 98]
 [101]
 [114]]",78.0,GLOBAL_ARTIFACT,530.0,540.0
sub-004,1,287,134919.811846075,539.675247,"[[115]
 [104]
 [111]
 [119]
 [ 95]
 [108]
 [101]
 [116]
 [116]
 [101]
 [114]]",53.0,"[[116]
 [111]
 [ 95]
 [114]
 [101]
 [109]
 [101]
 [109]
 [ 98]
 [101]
 [114]]",90.0,GLOBAL_ARTIFACT,530.0,540.0
sub-004,1,288,135280.260092925,541.11704,"[[115]
 [104]
 [111]
 [119]
 [ 95]
 [108]
 [101]
 [116]
 [116]
 [101]
 [114]]",53.0,"[[116]
 [111]
 [ 95]
 [114]
 [101]
 [109]
 [101]
 [109]
 [ 98]
 [101]
 [114]]",86.0,GLOBAL_ARTIFACT,540.0,550.0
sub-004,1,289,135640.43334115,542.557733,"[[115]
 [104]
 [111]
 [119]
 [ 95]
 [108]
 [101]
 [116]
 [116]
 [101]
 [114]]",53.0,"[[116]
 [111]
 [ 95]
 [105]
 [103]
 [110]
 [111]
 [114]
 [101]]",76.0,GLOBAL_ARTIFACT,540.0,550.0
sub-004,1,290,136000.881588,543.999526,"[[115]
 [104]
 [111]
 [119]
 [ 95]
 [100]
 [ 97]
 [115]
 [104]]",53.0,"[[119]
 [111]
 [114]
 [107]
 [ 95]
 [109]
 [101]
 [109]
 [111]
 [114]
 [121]]",45.0,GLOBAL_ARTIFACT,540.0,550.0
sub-004,1,291,136805.5276744,547.218111,"[[115]
 [104]
 [111]
 [119]
 [ 95]
 [108]
 [101]
 [116]
 [116]
 [101]
 [114]]",53.0,"[[112]
 [114]
 [111]
 [ 98]
 [101]
 [ 95]
 [116]
 [ 97]
 [114]
 [103]
 [101]
 [116]]",82.0,GLOBAL_ARTIFACT,540.0,550.0
sub-004,1,292,137053.901466375,548.211606,"[[114]
 [105]
 [103]
 [104]
 [116]
 [ 95]
 [ 99]
 [108]
 [105]
 [ 99]
 [107]]",53.0,"[[114]
 [101]
 [109]
 [101]
 [109]
 [ 98]
 [101]
 [114]
 [101]
 [100]
 [ 95]
 [ 99]
 [111]
 [114]
 [114]
 [101]
 [ 99]
 [116]]","[[110]
 [ 47]
 [ 97]]",GLOBAL_ARTIFACT,540.0,550.0
sub-004,1,293,137153.925979875,548.611704,"[[115]
 [111]
 [117]
 [110]
 [100]
 [ 95]
 [ 98]
 [101]
 [101]
 [112]]",53.0,"[[102]
 [101]
 [101]
 [100]
 [ 98]
 [ 97]
 [ 99]
 [107]
 [ 95]
 [ 99]
 [111]
 [114]
 [114]
 [101]
 [ 99]
 [116]]","[[110]
 [ 47]
 [ 97]]",GLOBAL_ARTIFACT,540.0,550.0
sub-004,1,294,138378.670023,553.51068,"[[114]
 [105]
 [103]
 [104]
 [116]
 [ 95]
 [ 99]
 [108]
 [105]
 [ 99]
 [107]]",53.0,"[[105]
 [110]
 [100]
 [105]
 [ 99]
 [ 97]
 [116]
 [101]
 [ 95]
 [114]
 [101]
 [ 97]
 [100]
 [121]]","[[110]
 [ 47]
 [ 97]]",GLOBAL_ARTIFACT,550.0,560.0
sub-004,1,295,138385.2699909,553.53708,"[[115]
 [104]
 [111]
 [119]
 [ 95]
 [ 99]
 [114]
 [111]
 [115]
 [115]]",51.0,"[[102]
 [105]
 [120]
 [ 97]
 [116]
 [101]]",43.0,GLOBAL_ARTIFACT,550.0,560.0
sub-004,1,296,139696.813611875,558.783254,"[[115]
 [104]
 [111]
 [119]
 [ 95]
 [108]
 [101]
 [116]
 [116]
 [101]
 [114]]",51.0,"[[116]
 [111]
 [ 95]
 [105]
 [103]
 [110]
 [111]
 [114]
 [101]]",68.0,GLOBAL_ARTIFACT,550.0,560.0
sub-004,1,297,140057.26185872502,560.225047,"[[115]
 [104]
 [111]
 [119]
 [ 95]
 [108]
 [101]
 [116]
 [116]
 [101]
 [114]]",51.0,"[[116]
 [111]
 [ 95]
 [114]
 [101]
 [109]
 [101]
 [109]
 [ 98]
 [101]
 [114]]",89.0,NORMAL,560.0,570.0
sub-004,1,298,140417.68510572502,561.66674,"[[115]
 [104]
 [111]
 [119]
 [ 95]
 [108]
 [101]
 [116]
 [116]
 [101]
 [114]]",51.0,"[[116]
 [111]
 [ 95]
 [105]
 [103]
 [110]
 [111]
 [114]
 [101]]",84.0,NORMAL,560.0,570.0
sub-004,1,299,140777.8833538,563.107533,"[[115]
 [104]
 [111]
 [119]
 [ 95]
 [108]
 [101]
 [116]
 [116]
 [101]
 [114]]",51.0,"[[116]
 [111]
 [ 95]
 [105]
 [103]
 [110]
 [111]
 [114]
 [101]]",74.0,NORMAL,560.0,570.0
sub-004,1,300,141138.331600675,564.549326,"[[115]
 [104]
 [111]
 [119]
 [ 95]
 [108]
 [101]
 [116]
 [116]
 [101]
 [114]]",51.0,"[[116]
 [111]
 [ 95]
 [105]
 [103]
 [110]
 [111]
 [114]
 [101]]",77.0,NORMAL,560.0,570.0
sub-004,1,301,141498.779847525,565.991119,"[[115]
 [104]
 [111]
 [119]
 [ 95]
 [108]
 [101]
 [116]
 [116]
 [101]
 [114]]",51.0,"[[116]
 [111]
 [ 95]
 [114]
 [101]
 [109]
 [101]
 [109]
 [ 98]
 [101]
 [114]]",75.0,NORMAL,560.0,570.0
sub-004,1,302,141858.97809562497,567.431912,"[[115]
 [104]
 [111]
 [119]
 [ 95]
 [108]
 [101]
 [116]
 [116]
 [101]
 [114]]",51.0,"[[116]
 [111]
 [ 95]
 [114]
 [101]
 [109]
 [101]
 [109]
 [ 98]
 [101]
 [114]]",66.0,NORMAL,560.0,570.0
sub-004,1,303,142219.4013426,568.873605,"[[115]
 [104]
 [111]
 [119]
 [ 95]
 [108]
 [101]
 [116]
 [116]
 [101]
 [114]]",51.0,"[[116]
 [111]
 [ 95]
 [105]
 [103]
 [110]
 [111]
 [114]
 [101]]",70.0,NORMAL,560.0,570.0
sub-004,1,304,142579.849589475,570.315398,"[[115]
 [104]
 [111]
 [119]
 [ 95]
 [100]
 [ 97]
 [115]
 [104]]",51.0,"[[119]
 [111]
 [114]
 [107]
 [ 95]
 [109]
 [101]
 [109]
 [111]
 [114]
 [121]]",45.0,GLOBAL_ARTIFACT,570.0,580.0
sub-004,1,305,143447.220370775,573.784881,"[[115]
 [104]
 [111]
 [119]
 [ 95]
 [108]
 [101]
 [116]
 [116]
 [101]
 [114]]",51.0,"[[112]
 [114]
 [111]
 [ 98]
 [101]
 [ 95]
 [116]
 [ 97]
 [114]
 [103]
 [101]
 [116]]",66.0,GLOBAL_ARTIFACT,570.0,580.0
sub-004,1,306,143664.5193139,574.654077,"[[108]
 [101]
 [102]
 [116]
 [ 95]
 [ 99]
 [108]
 [105]
 [ 99]
 [107]]",51.0,"[[105]
 [103]
 [110]
 [111]
 [114]
 [101]
 [100]
 [ 95]
 [105]
 [110]
 [ 99]
 [111]
 [114]
 [114]
 [101]
 [ 99]
 [116]]","[[110]
 [ 47]
 [ 97]]",GLOBAL_ARTIFACT,570.0,580.0
sub-004,1,307,143764.54382740002,575.054175,"[[115]
 [111]
 [117]
 [110]
 [100]
 [ 95]
 [ 98]
 [117]
 [122]
 [122]]",51.0,"[[102]
 [101]
 [101]
 [100]
 [ 98]
 [ 97]
 [ 99]
 [107]
 [ 95]
 [105]
 [110]
 [ 99]
 [111]
 [114]
 [114]
 [101]
 [ 99]
 [116]]","[[110]
 [ 47]
 [ 97]]",GLOBAL_ARTIFACT,570.0,580.0
sub-004,1,308,144534.515082425,578.13406,"[[114]
 [105]
 [103]
 [104]
 [116]
 [ 95]
 [ 99]
 [108]
 [105]
 [ 99]
 [107]]",51.0,"[[105]
 [110]
 [100]
 [105]
 [ 99]
 [ 97]
 [116]
 [101]
 [ 95]
 [114]
 [101]
 [ 97]
 [100]
 [121]]","[[110]
 [ 47]
 [ 97]]",GLOBAL_ARTIFACT,570.0,580.0
sub-004,1,309,144541.0400507,578.16016,"[[115]
 [104]
 [111]
 [119]
 [ 95]
 [ 99]
 [114]
 [111]
 [115]
 [115]]",53.0,"[[102]
 [105]
 [120]
 [ 97]
 [116]
 [101]]",43.0,GLOBAL_ARTIFACT,570.0,580.0
sub-004,1,310,145852.60867155,583.406435,"[[115]
 [104]
 [111]
 [119]
 [ 95]
 [108]
 [101]
 [116]
 [116]
 [101]
 [114]]",53.0,"[[116]
 [111]
 [ 95]
 [114]
 [101]
 [109]
 [101]
 [109]
 [ 98]
 [101]
 [114]]",76.0,REVIEW,580.0,590.0
sub-004,1,311,146213.05691840002,584.848228,"[[115]
 [104]
 [111]
 [119]
 [ 95]
 [108]
 [101]
 [116]
 [116]
 [101]
 [114]]",53.0,"[[116]
 [111]
 [ 95]
 [105]
 [103]
 [110]
 [111]
 [114]
 [101]]",71.0,REVIEW,580.0,590.0
sub-004,1,312,146573.2301666,586.288921,"[[115]
 [104]
 [111]
 [119]
 [ 95]
 [108]
 [101]
 [116]
 [116]
 [101]
 [114]]",53.0,"[[116]
 [111]
 [ 95]
 [114]
 [101]
 [109]
 [101]
 [109]
 [ 98]
 [101]
 [114]]",81.0,REVIEW,580.0,590.0
sub-004,1,313,146933.678413475,587.730714,"[[115]
 [104]
 [111]
 [119]
 [ 95]
 [108]
 [101]
 [116]
 [116]
 [101]
 [114]]",53.0,"[[116]
 [111]
 [ 95]
 [114]
 [101]
 [109]
 [101]
 [109]
 [ 98]
 [101]
 [114]]",70.0,REVIEW,580.0,590.0
sub-004,1,314,147294.12666035,589.172507,"[[115]
 [104]
 [111]
 [119]
 [ 95]
 [108]
 [101]
 [116]
 [116]
 [101]
 [114]]",53.0,"[[116]
 [111]
 [ 95]
 [114]
 [101]
 [109]
 [101]
 [109]
 [ 98]
 [101]
 [114]]",90.0,REVIEW,580.0,590.0
sub-004,1,315,147654.32490842498,590.6133,"[[115]
 [104]
 [111]
 [119]
 [ 95]
 [108]
 [101]
 [116]
 [116]
 [101]
 [114]]",53.0,"[[116]
 [111]
 [ 95]
 [114]
 [101]
 [109]
 [101]
 [109]
 [ 98]
 [101]
 [114]]",84.0,REVIEW,590.0,600.0
sub-004,1,316,148014.773155275,592.055093,"[[115]
 [104]
 [111]
 [119]
 [ 95]
 [108]
 [101]
 [116]
 [116]
 [101]
 [114]]",53.0,"[[116]
 [111]
 [ 95]
 [105]
 [103]
 [110]
 [111]
 [114]
 [101]]",82.0,REVIEW,590.0,600.0
sub-004,1,317,148375.246402025,593.496986,"[[115]
 [104]
 [111]
 [119]
 [ 95]
 [108]
 [101]
 [116]
 [116]
 [101]
 [114]]",53.0,"[[116]
 [111]
 [ 95]
 [105]
 [103]
 [110]
 [111]
 [114]
 [101]]",77.0,REVIEW,590.0,600.0
sub-004,1,318,148735.64464915,594.938579,"[[115]
 [104]
 [111]
 [119]
 [ 95]
 [100]
 [ 97]
 [115]
 [104]]",53.0,"[[119]
 [111]
 [114]
 [107]
 [ 95]
 [109]
 [101]
 [109]
 [111]
 [114]
 [121]]",45.0,REVIEW,590.0,600.0
sub-004,1,319,149715.989880975,598.85996,"[[115]
 [104]
 [111]
 [119]
 [ 95]
 [108]
 [101]
 [116]
 [116]
 [101]
 [114]]",53.0,"[[112]
 [114]
 [111]
 [ 98]
 [101]
 [ 95]
 [116]
 [ 97]
 [114]
 [103]
 [101]
 [116]]",76.0,REVIEW,590.0,600.0
sub-004,1,320,150103.6879953,600.410752,"[[114]
 [105]
 [103]
 [104]
 [116]
 [ 95]
 [ 99]
 [108]
 [105]
 [ 99]
 [107]]",53.0,"[[114]
 [101]
 [109]
 [101]
 [109]
 [ 98]
 [101]
 [114]
 [101]
 [100]
 [ 95]
 [ 99]
 [111]
 [114]
 [114]
 [101]
 [ 99]
 [116]]","[[110]
 [ 47]
 [ 97]]",REVIEW,600.0,610.0
sub-004,1,321,150203.737508675,600.81095,"[[115]
 [111]
 [117]
 [110]
 [100]
 [ 95]
 [ 98]
 [101]
 [101]
 [112]]",53.0,"[[102]
 [101]
 [101]
 [100]
 [ 98]
 [ 97]
 [ 99]
 [107]
 [ 95]
 [ 99]
 [111]
 [114]
 [114]
 [101]
 [ 99]
 [116]]","[[110]
 [ 47]
 [ 97]]",REVIEW,600.0,610.0
sub-004,1,322,150855.0593408,603.416237,"[[114]
 [105]
 [103]
 [104]
 [116]
 [ 95]
 [ 99]
 [108]
 [105]
 [ 99]
 [107]]",53.0,"[[105]
 [110]
 [100]
 [105]
 [ 99]
 [ 97]
 [116]
 [101]
 [ 95]
 [114]
 [101]
 [ 97]
 [100]
 [121]]","[[110]
 [ 47]
 [ 97]]",REVIEW,600.0,610.0
sub-004,1,323,150860.0593165,603.436237,"[[115]
 [104]
 [111]
 [119]
 [ 95]
 [ 99]
 [114]
 [111]
 [115]
 [115]]",51.0,"[[102]
 [105]
 [120]
 [ 97]
 [116]
 [101]]",43.0,REVIEW,600.0,610.0
sub-004,1,324,152171.627937325,608.682512,"[[115]
 [104]
 [111]
 [119]
 [ 95]
 [108]
 [101]
 [116]
 [116]
 [101]
 [114]]",51.0,"[[116]
 [111]
 [ 95]
 [114]
 [101]
 [109]
 [101]
 [109]
 [ 98]
 [101]
 [114]]",81.0,REVIEW,600.0,610.0
sub-004,1,325,152532.051184325,610.124205,"[[115]
 [104]
 [111]
 [119]
 [ 95]
 [108]
 [101]
 [116]
 [116]
 [101]
 [114]]",51.0,"[[116]
 [111]
 [ 95]
 [105]
 [103]
 [110]
 [111]
 [114]
 [101]]",80.0,NORMAL,610.0,620.0
sub-004,1,326,152892.499431175,611.565998,"[[115]
 [104]
 [111]
 [119]
 [ 95]
 [108]
 [101]
 [116]
 [116]
 [101]
 [114]]",51.0,"[[116]
 [111]
 [ 95]
 [114]
 [101]
 [109]
 [101]
 [109]
 [ 98]
 [101]
 [114]]",74.0,NORMAL,610.0,620.0
sub-004,1,327,153252.697679275,613.006791,"[[115]
 [104]
 [111]
 [119]
 [ 95]
 [108]
 [101]
 [116]
 [116]
 [101]
 [114]]",51.0,"[[116]
 [111]
 [ 95]
 [105]
 [103]
 [110]
 [111]
 [114]
 [101]]",84.0,NORMAL,610.0,620.0
sub-004,1,328,153613.145926125,614.448584,"[[115]
 [104]
 [111]
 [119]
 [ 95]
 [108]
 [101]
 [116]
 [116]
 [101]
 [114]]",51.0,"[[116]
 [111]
 [ 95]
 [105]
 [103]
 [110]
 [111]
 [114]
 [101]]",90.0,NORMAL,610.0,620.0
sub-004,1,329,153973.594173,615.890377,"[[115]
 [104]
 [111]
 [119]
 [ 95]
 [108]
 [101]
 [116]
 [116]
 [101]
 [114]]",51.0,"[[116]
 [111]
 [ 95]
 [105]
 [103]
 [110]
 [111]
 [114]
 [101]]",75.0,NORMAL,610.0,620.0
sub-004,1,330,154334.04241984998,617.33217,"[[115]
 [104]
 [111]
 [119]
 [ 95]
 [108]
 [101]
 [116]
 [116]
 [101]
 [114]]",51.0,"[[116]
 [111]
 [ 95]
 [114]
 [101]
 [109]
 [101]
 [109]
 [ 98]
 [101]
 [114]]",68.0,NORMAL,610.0,620.0
sub-004,1,331,154694.215668075,618.772863,"[[115]
 [104]
 [111]
 [119]
 [ 95]
 [108]
 [101]
 [116]
 [116]
 [101]
 [114]]",51.0,"[[116]
 [111]
 [ 95]
 [105]
 [103]
 [110]
 [111]
 [114]
 [101]]",67.0,NORMAL,610.0,620.0
sub-004,1,332,155054.663914925,620.214656,"[[115]
 [104]
 [111]
 [119]
 [ 95]
 [100]
 [ 97]
 [115]
 [104]]",51.0,"[[119]
 [111]
 [114]
 [107]
 [ 95]
 [109]
 [101]
 [109]
 [111]
 [114]
 [121]]",45.0,GLOBAL_ARTIFACT,620.0,630.0
sub-004,1,333,155855.035022125,623.41614,"[[115]
 [104]
 [111]
 [119]
 [ 95]
 [108]
 [101]
 [116]
 [116]
 [101]
 [114]]",51.0,"[[112]
 [114]
 [111]
 [ 98]
 [101]
 [ 95]
 [116]
 [ 97]
 [114]
 [103]
 [101]
 [116]]",74.0,GLOBAL_ARTIFACT,620.0,630.0
sub-004,1,334,156154.15856724998,624.612634,"[[114]
 [105]
 [103]
 [104]
 [116]
 [ 95]
 [ 99]
 [108]
 [105]
 [ 99]
 [107]]",51.0,"[[114]
 [101]
 [109]
 [101]
 [109]
 [ 98]
 [101]
 [114]
 [101]
 [100]
 [ 95]
 [ 99]
 [111]
 [114]
 [114]
 [101]
 [ 99]
 [116]]","[[110]
 [ 47]
 [ 97]]",GLOBAL_ARTIFACT,620.0,630.0
sub-004,1,335,156254.18308075,625.012732,"[[115]
 [111]
 [117]
 [110]
 [100]
 [ 95]
 [ 98]
 [101]
 [101]
 [112]]",51.0,"[[102]
 [101]
 [101]
 [100]
 [ 98]
 [ 97]
 [ 99]
 [107]
 [ 95]
 [ 99]
 [111]
 [114]
 [114]
 [101]
 [ 99]
 [116]]","[[110]
 [ 47]
 [ 97]]",GLOBAL_ARTIFACT,620.0,630.0
sub-004,1,336,156984.57952827498,627.934318,"[[114]
 [105]
 [103]
 [104]
 [116]
 [ 95]
 [ 99]
 [108]
 [105]
 [ 99]
 [107]]",51.0,"[[105]
 [110]
 [100]
 [105]
 [ 99]
 [ 97]
 [116]
 [101]
 [ 95]
 [114]
 [101]
 [ 97]
 [100]
 [121]]","[[110]
 [ 47]
 [ 97]]",GLOBAL_ARTIFACT,620.0,630.0
sub-004,1,337,156990.604498975,627.958418,"[[115]
 [104]
 [111]
 [119]
 [ 95]
 [ 99]
 [114]
 [111]
 [115]
 [115]]",55.0,"[[102]
 [105]
 [120]
 [ 97]
 [116]
 [101]]",43.0,GLOBAL_ARTIFACT,620.0,630.0
sub-004,1,338,158302.148119925,633.204592,"[[115]
 [104]
 [111]
 [119]
 [ 95]
 [108]
 [101]
 [116]
 [116]
 [101]
 [114]]",55.0,"[[116]
 [111]
 [ 95]
 [114]
 [101]
 [109]
 [101]
 [109]
 [ 98]
 [101]
 [114]]",87.0,REVIEW,630.0,640.0
sub-004,1,339,158662.59636680002,634.646385,"[[115]
 [104]
 [111]
 [119]
 [ 95]
 [108]
 [101]
 [116]
 [116]
 [101]
 [114]]",55.0,"[[116]
 [111]
 [ 95]
 [114]
 [101]
 [109]
 [101]
 [109]
 [ 98]
 [101]
 [114]]",75.0,REVIEW,630.0,640.0
sub-004,1,340,159023.044613675,636.088178,"[[115]
 [104]
 [111]
 [119]
 [ 95]
 [108]
 [101]
 [116]
 [116]
 [101]
 [114]]",55.0,"[[116]
 [111]
 [ 95]
 [114]
 [101]
 [109]
 [101]
 [109]
 [ 98]
 [101]
 [114]]",77.0,REVIEW,630.0,640.0
sub-004,1,341,159383.24286175,637.528971,"[[115]
 [104]
 [111]
 [119]
 [ 95]
 [108]
 [101]
 [116]
 [116]
 [101]
 [114]]",55.0,"[[116]
 [111]
 [ 95]
 [114]
 [101]
 [109]
 [101]
 [109]
 [ 98]
 [101]
 [114]]",67.0,REVIEW,630.0,640.0
sub-004,1,342,159743.691108625,638.970764,"[[115]
 [104]
 [111]
 [119]
 [ 95]
 [108]
 [101]
 [116]
 [116]
 [101]
 [114]]",55.0,"[[116]
 [111]
 [ 95]
 [114]
 [101]
 [109]
 [101]
 [109]
 [ 98]
 [101]
 [114]]",81.0,REVIEW,630.0,640.0
sub-004,1,343,160104.139355475,640.412557,"[[115]
 [104]
 [111]
 [119]
 [ 95]
 [108]
 [101]
 [116]
 [116]
 [101]
 [114]]",55.0,"[[116]
 [111]
 [ 95]
 [105]
 [103]
 [110]
 [111]
 [114]
 [101]]",71.0,GLOBAL_ARTIFACT,640.0,650.0
sub-004,1,344,160464.562602475,641.85425,"[[115]
 [104]
 [111]
 [119]
 [ 95]
 [108]
 [101]
 [116]
 [116]
 [101]
 [114]]",55.0,"[[116]
 [111]
 [ 95]
 [114]
 [101]
 [109]
 [101]
 [109]
 [ 98]
 [101]
 [114]]",66.0,GLOBAL_ARTIFACT,640.0,650.0
sub-004,1,345,160824.76085055,643.295043,"[[115]
 [104]
 [111]
 [119]
 [ 95]
 [108]
 [101]
 [116]
 [116]
 [101]
 [114]]",55.0,"[[116]
 [111]
 [ 95]
 [114]
 [101]
 [109]
 [101]
 [109]
 [ 98]
 [101]
 [114]]",84.0,GLOBAL_ARTIFACT,640.0,650.0
sub-004,1,346,161185.2090974,644.736836,"[[115]
 [104]
 [111]
 [119]
 [ 95]
 [100]
 [ 97]
 [115]
 [104]]",55.0,"[[119]
 [111]
 [114]
 [107]
 [ 95]
 [109]
 [101]
 [109]
 [111]
 [114]
 [121]]",45.0,GLOBAL_ARTIFACT,640.0,650.0
sub-004,1,347,161817.856020375,647.267424,"[[115]
 [104]
 [111]
 [119]
 [ 95]
 [108]
 [101]
 [116]
 [116]
 [101]
 [114]]",55.0,"[[112]
 [114]
 [111]
 [ 98]
 [101]
 [ 95]
 [116]
 [ 97]
 [114]
 [103]
 [101]
 [116]]",66.0,GLOBAL_ARTIFACT,640.0,650.0
sub-004,1,348,162145.17942834998,648.576718,"[[114]
 [105]
 [103]
 [104]
 [116]
 [ 95]
 [ 99]
 [108]
 [105]
 [ 99]
 [107]]",55.0,"[[114]
 [101]
 [109]
 [101]
 [109]
 [ 98]
 [101]
 [114]
 [101]
 [100]
 [ 95]
 [ 99]
 [111]
 [114]
 [114]
 [101]
 [ 99]
 [116]]","[[110]
 [ 47]
 [ 97]]",GLOBAL_ARTIFACT,640.0,650.0
sub-004,1,349,162245.20394185,648.976816,"[[115]
 [111]
 [117]
 [110]
 [100]
 [ 95]
 [ 98]
 [101]
 [101]
 [112]]",55.0,"[[102]
 [101]
 [101]
 [100]
 [ 98]
 [ 97]
 [ 99]
 [107]
 [ 95]
 [ 99]
 [111]
 [114]
 [114]
 [101]
 [ 99]
 [116]]","[[110]
 [ 47]
 [ 97]]",GLOBAL_ARTIFACT,640.0,650.0
sub-004,1,350,162942.67554949998,651.766702,"[[114]
 [105]
 [103]
 [104]
 [116]
 [ 95]
 [ 99]
 [108]
 [105]
 [ 99]
 [107]]",55.0,"[[105]
 [110]
 [100]
 [105]
 [ 99]
 [ 97]
 [116]
 [101]
 [ 95]
 [114]
 [101]
 [ 97]
 [100]
 [121]]","[[110]
 [ 47]
 [ 97]]",GLOBAL_ARTIFACT,650.0,660.0
sub-004,2,1,1971.0,7.88,"[[115]
 [104]
 [111]
 [119]
 [ 95]
 [ 99]
 [114]
 [111]
 [115]
 [115]]",48.0,"[[ 98]
 [ 97]
 [100]
 [ 95]
 [116]
 [114]
 [105]
 [ 97]
 [108]]",43.0,GLOBAL_ARTIFACT,0.0,10.0
sub-004,2,2,2611.7509777,10.443004,"[[114]
 [105]
 [103]
 [104]
 [116]
 [ 95]
 [ 99]
 [108]
 [105]
 [ 99]
 [107]]",48.0,"[[114]
 [101]
 [109]
 [101]
 [109]
 [ 98]
 [101]
 [114]
 [101]
 [100]
 [ 95]
 [105]
 [110]
 [ 99]
 [111]
 [114]
 [114]
 [101]
 [ 99]
 [116]]","[[110]
 [ 47]
 [ 97]]",REVIEW,10.0,20.0
sub-004,2,3,2711.7761303250004,10.843105,"[[115]
 [111]
 [117]
 [110]
 [100]
 [ 95]
 [ 98]
 [117]
 [122]
 [122]]",48.0,"[[ 98]
 [ 97]
 [100]
 [ 95]
 [116]
 [114]
 [105]
 [ 97]
 [108]]","[[110]
 [ 47]
 [ 97]]",REVIEW,10.0,20.0
sub-004,2,4,4766.954266275,19.063817,"[[114]
 [105]
 [103]
 [104]
 [116]
 [ 95]
 [ 99]
 [108]
 [105]
 [ 99]
 [107]]",48.0,"[[114]
 [101]
 [109]
 [101]
 [109]
 [ 98]
 [101]
 [114]
 [101]
 [100]
 [ 95]
 [105]
 [110]
 [ 99]
 [111]
 [114]
 [114]
 [101]
 [ 99]
 [116]]","[[110]
 [ 47]
 [ 97]]",REVIEW,10.0,20.0
sub-004,2,5,4774.329277525,19.093317,"[[115]
 [104]
 [111]
 [119]
 [ 95]
 [ 99]
 [114]
 [111]
 [115]
 [115]]",53.0,"[[102]
 [105]
 [120]
 [ 97]
 [116]
 [101]]",43.0,REVIEW,10.0,20.0
sub-004,2,6,6086.131279175,24.340525,"[[115]
 [104]
 [111]
 [119]
 [ 95]
 [108]
 [101]
 [116]
 [116]
 [101]
 [114]]",53.0,"[[116]
 [111]
 [ 95]
 [114]
 [101]
 [109]
 [101]
 [109]
 [ 98]
 [101]
 [114]]",84.0,NORMAL,20.0,30.0
sub-004,2,7,6446.3318288,25.781327,"[[115]
 [104]
 [111]
 [119]
 [ 95]
 [108]
 [101]
 [116]
 [116]
 [101]
 [114]]",53.0,"[[116]
 [111]
 [ 95]
 [114]
 [101]
 [109]
 [101]
 [109]
 [ 98]
 [101]
 [114]]",89.0,NORMAL,20.0,30.0
sub-004,2,8,6806.7823788,27.22313,"[[115]
 [104]
 [111]
 [119]
 [ 95]
 [108]
 [101]
 [116]
 [116]
 [101]
 [114]]",53.0,"[[116]
 [111]
 [ 95]
 [114]
 [101]
 [109]
 [101]
 [109]
 [ 98]
 [101]
 [114]]",75.0,NORMAL,20.0,30.0
sub-004,2,9,7167.2329288,28.664932,"[[115]
 [104]
 [111]
 [119]
 [ 95]
 [108]
 [101]
 [116]
 [116]
 [101]
 [114]]",53.0,"[[116]
 [111]
 [ 95]
 [114]
 [101]
 [109]
 [101]
 [109]
 [ 98]
 [101]
 [114]]",90.0,NORMAL,20.0,30.0
sub-004,2,10,7527.433478425,30.105734,"[[115]
 [104]
 [111]
 [119]
 [ 95]
 [108]
 [101]
 [116]
 [116]
 [101]
 [114]]",53.0,"[[116]
 [111]
 [ 95]
 [114]
 [101]
 [109]
 [101]
 [109]
 [ 98]
 [101]
 [114]]",70.0,NORMAL,30.0,40.0
sub-004,2,11,7887.8590284,31.547436,"[[115]
 [104]
 [111]
 [119]
 [ 95]
 [108]
 [101]
 [116]
 [116]
 [101]
 [114]]",53.0,"[[116]
 [111]
 [ 95]
 [105]
 [103]
 [110]
 [111]
 [114]
 [101]]",81.0,NORMAL,30.0,40.0
sub-004,2,12,8248.33457845,32.989338,"[[115]
 [104]
 [111]
 [119]
 [ 95]
 [108]
 [101]
 [116]
 [116]
 [101]
 [114]]",53.0,"[[116]
 [111]
 [ 95]
 [105]
 [103]
 [110]
 [111]
 [114]
 [101]]",71.0,NORMAL,30.0,40.0
sub-004,2,13,8608.760128400001,34.431041,"[[115]
 [104]
 [111]
 [119]
 [ 95]
 [108]
 [101]
 [116]
 [116]
 [101]
 [114]]",53.0,"[[116]
 [111]
 [ 95]
 [105]
 [103]
 [110]
 [111]
 [114]
 [101]]",87.0,NORMAL,30.0,40.0
sub-004,2,14,8968.960678025,35.871843,"[[115]
 [104]
 [111]
 [119]
 [ 95]
 [100]
 [ 97]
 [115]
 [104]]",53.0,"[[119]
 [111]
 [114]
 [107]
 [ 95]
 [109]
 [101]
 [109]
 [111]
 [114]
 [121]]",45.0,NORMAL,30.0,40.0
sub-004,2,15,9945.312167825,39.777249,"[[115]
 [104]
 [111]
 [119]
 [ 95]
 [108]
 [101]
 [116]
 [116]
 [101]
 [114]]",53.0,"[[112]
 [114]
 [111]
 [ 98]
 [101]
 [ 95]
 [110]
 [111]
 [116]
 [ 95]
 [115]
 [104]
 [111]
 [119]
 [110]]",76.0,NORMAL,30.0,40.0
sub-004,2,16,10277.01267395,41.104051,"[[108]
 [101]
 [102]
 [116]
 [ 95]
 [ 99]
 [108]
 [105]
 [ 99]
 [107]]",53.0,"[[105]
 [103]
 [110]
 [111]
 [114]
 [101]
 [100]
 [ 95]
 [ 99]
 [111]
 [114]
 [114]
 [101]
 [ 99]
 [116]]","[[110]
 [ 47]
 [ 97]]",GLOBAL_ARTIFACT,40.0,50.0
sub-004,2,17,10377.037826575,41.504151,"[[115]
 [111]
 [117]
 [110]
 [100]
 [ 95]
 [ 98]
 [101]
 [101]
 [112]]",53.0,"[[102]
 [101]
 [101]
 [100]
 [ 98]
 [ 97]
 [ 99]
 [107]
 [ 95]
 [ 99]
 [111]
 [114]
 [114]
 [101]
 [ 99]
 [116]]","[[110]
 [ 47]
 [ 97]]",GLOBAL_ARTIFACT,40.0,50.0
sub-004,2,18,12623.391254225,50.489565,"[[114]
 [105]
 [103]
 [104]
 [116]
 [ 95]
 [ 99]
 [108]
 [105]
 [ 99]
 [107]]",53.0,"[[105]
 [110]
 [100]
 [105]
 [ 99]
 [ 97]
 [116]
 [101]
 [ 95]
 [114]
 [101]
 [ 97]
 [100]
 [121]]","[[110]
 [ 47]
 [ 97]]",GLOBAL_ARTIFACT,50.0,60.0
sub-004,2,19,12631.416266475,50.521665,"[[115]
 [104]
 [111]
 [119]
 [ 95]
 [ 99]
 [114]
 [111]
 [115]
 [115]]",53.0,"[[102]
 [105]
 [120]
 [ 97]
 [116]
 [101]]",43.0,GLOBAL_ARTIFACT,50.0,60.0
sub-004,2,20,13942.968267749999,55.767873,"[[115]
 [104]
 [111]
 [119]
 [ 95]
 [108]
 [101]
 [116]
 [116]
 [101]
 [114]]",53.0,"[[116]
 [111]
 [ 95]
 [114]
 [101]
 [109]
 [101]
 [109]
 [ 98]
 [101]
 [114]]",81.0,GLOBAL_ARTIFACT,50.0,60.0
sub-004,2,21,14303.41881775,57.209675,"[[115]
 [104]
 [111]
 [119]
 [ 95]
 [108]
 [101]
 [116]
 [116]
 [101]
 [114]]",53.0,"[[116]
 [111]
 [ 95]
 [114]
 [101]
 [109]
 [101]
 [109]
 [ 98]
 [101]
 [114]]",77.0,GLOBAL_ARTIFACT,50.0,60.0
sub-004,2,22,14663.8943678,58.651577,"[[115]
 [104]
 [111]
 [119]
 [ 95]
 [108]
 [101]
 [116]
 [116]
 [101]
 [114]]",53.0,"[[116]
 [111]
 [ 95]
 [105]
 [103]
 [110]
 [111]
 [114]
 [101]]",67.0,GLOBAL_ARTIFACT,50.0,60.0
sub-004,2,23,15024.294917725,60.09318,"[[115]
 [104]
 [111]
 [119]
 [ 95]
 [108]
 [101]
 [116]
 [116]
 [101]
 [114]]",53.0,"[[116]
 [111]
 [ 95]
 [105]
 [103]
 [110]
 [111]
 [114]
 [101]]",88.0,NORMAL,60.0,70.0
sub-004,2,24,15384.49546735,61.533982,"[[115]
 [104]
 [111]
 [119]
 [ 95]
 [108]
 [101]
 [116]
 [116]
 [101]
 [114]]",53.0,"[[116]
 [111]
 [ 95]
 [105]
 [103]
 [110]
 [111]
 [114]
 [101]]",83.0,NORMAL,60.0,70.0
sub-004,2,25,15744.94601735,62.975784,"[[115]
 [104]
 [111]
 [119]
 [ 95]
 [108]
 [101]
 [116]
 [116]
 [101]
 [114]]",53.0,"[[116]
 [111]
 [ 95]
 [114]
 [101]
 [109]
 [101]
 [109]
 [ 98]
 [101]
 [114]]",87.0,NORMAL,60.0,70.0
sub-004,2,26,16105.39656735,64.417586,"[[115]
 [104]
 [111]
 [119]
 [ 95]
 [108]
 [101]
 [116]
 [116]
 [101]
 [114]]",53.0,"[[116]
 [111]
 [ 95]
 [114]
 [101]
 [109]
 [101]
 [109]
 [ 98]
 [101]
 [114]]",82.0,NORMAL,60.0,70.0
sub-004,2,27,16465.597116975,65.858388,"[[115]
 [104]
 [111]
 [119]
 [ 95]
 [108]
 [101]
 [116]
 [116]
 [101]
 [114]]",53.0,"[[116]
 [111]
 [ 95]
 [114]
 [101]
 [109]
 [101]
 [109]
 [ 98]
 [101]
 [114]]",72.0,NORMAL,60.0,70.0
sub-004,2,28,16826.047666975,67.300191,"[[115]
 [104]
 [111]
 [119]
 [ 95]
 [100]
 [ 97]
 [115]
 [104]]",53.0,"[[119]
 [111]
 [114]
 [107]
 [ 95]
 [109]
 [101]
 [109]
 [111]
 [114]
 [121]]",45.0,NORMAL,60.0,70.0
sub-004,2,29,17802.39915675,71.205597,"[[115]
 [104]
 [111]
 [119]
 [ 95]
 [108]
 [101]
 [116]
 [116]
 [101]
 [114]]",53.0,"[[112]
 [114]
 [111]
 [ 98]
 [101]
 [ 95]
 [116]
 [ 97]
 [114]
 [103]
 [101]
 [116]]",81.0,REVIEW,70.0,80.0
sub-004,2,30,18074.2745716,72.293098,"[[114]
 [105]
 [103]
 [104]
 [116]
 [ 95]
 [ 99]
 [108]
 [105]
 [ 99]
 [107]]",53.0,"[[114]
 [101]
 [109]
 [101]
 [109]
 [ 98]
 [101]
 [114]
 [101]
 [100]
 [ 95]
 [ 99]
 [111]
 [114]
 [114]
 [101]
 [ 99]
 [116]]","[[110]
 [ 47]
 [ 97]]",REVIEW,70.0,80.0
sub-004,2,31,18174.299724225,72.693199,"[[115]
 [111]
 [117]
 [110]
 [100]
 [ 95]
 [ 98]
 [101]
 [101]
 [112]]",53.0,"[[102]
 [101]
 [101]
 [100]
 [ 98]
 [ 97]
 [ 99]
 [107]
 [ 95]
 [ 99]
 [111]
 [114]
 [114]
 [101]
 [ 99]
 [116]]","[[110]
 [ 47]
 [ 97]]",REVIEW,70.0,80.0
sub-004,2,32,20203.2028201,80.808811,"[[114]
 [105]
 [103]
 [104]
 [116]
 [ 95]
 [ 99]
 [108]
 [105]
 [ 99]
 [107]]",53.0,"[[105]
 [110]
 [100]
 [105]
 [ 99]
 [ 97]
 [116]
 [101]
 [ 95]
 [114]
 [101]
 [ 97]
 [100]
 [121]]","[[110]
 [ 47]
 [ 97]]",NORMAL,80.0,90.0
sub-004,2,33,20207.777827075002,80.827111,"[[115]
 [104]
 [111]
 [119]
 [ 95]
 [ 99]
 [114]
 [111]
 [115]
 [115]]",53.0,"[[102]
 [105]
 [120]
 [ 97]
 [116]
 [101]]",43.0,NORMAL,80.0,90.0
sub-004,2,34,21519.32982835,86.073319,"[[115]
 [104]
 [111]
 [119]
 [ 95]
 [108]
 [101]
 [116]
 [116]
 [101]
 [114]]",53.0,"[[116]
 [111]
 [ 95]
 [105]
 [103]
 [110]
 [111]
 [114]
 [101]]",77.0,NORMAL,80.0,90.0
sub-004,2,35,21879.805378375,87.515222,"[[115]
 [104]
 [111]
 [119]
 [ 95]
 [108]
 [101]
 [116]
 [116]
 [101]
 [114]]",53.0,"[[116]
 [111]
 [ 95]
 [114]
 [101]
 [109]
 [101]
 [109]
 [ 98]
 [101]
 [114]]",70.0,NORMAL,80.0,90.0
sub-004,2,36,22240.23092835,88.956924,"[[115]
 [104]
 [111]
 [119]
 [ 95]
 [108]
 [101]
 [116]
 [116]
 [101]
 [114]]",53.0,"[[116]
 [111]
 [ 95]
 [114]
 [101]
 [109]
 [101]
 [109]
 [ 98]
 [101]
 [114]]",71.0,NORMAL,80.0,90.0
sub-004,2,37,22600.431477975,90.397726,"[[115]
 [104]
 [111]
 [119]
 [ 95]
 [108]
 [101]
 [116]
 [116]
 [101]
 [114]]",53.0,"[[116]
 [111]
 [ 95]
 [114]
 [101]
 [109]
 [101]
 [109]
 [ 98]
 [101]
 [114]]",75.0,GLOBAL_ARTIFACT,90.0,100.0
sub-004,2,38,22960.882027975,91.839528,"[[115]
 [104]
 [111]
 [119]
 [ 95]
 [108]
 [101]
 [116]
 [116]
 [101]
 [114]]",53.0,"[[116]
 [111]
 [ 95]
 [114]
 [101]
 [109]
 [101]
 [109]
 [ 98]
 [101]
 [114]]",90.0,GLOBAL_ARTIFACT,90.0,100.0
sub-004,2,39,23321.307577925,93.28123,"[[115]
 [104]
 [111]
 [119]
 [ 95]
 [108]
 [101]
 [116]
 [116]
 [101]
 [114]]",53.0,"[[116]
 [111]
 [ 95]
 [105]
 [103]
 [110]
 [111]
 [114]
 [101]]",81.0,GLOBAL_ARTIFACT,90.0,100.0
sub-004,2,40,23681.508127549998,94.722033,"[[115]
 [104]
 [111]
 [119]
 [ 95]
 [108]
 [101]
 [116]
 [116]
 [101]
 [114]]",53.0,"[[116]
 [111]
 [ 95]
 [105]
 [103]
 [110]
 [111]
 [114]
 [101]]",89.0,GLOBAL_ARTIFACT,90.0,100.0
sub-004,2,41,24041.958677550003,96.163835,"[[115]
 [104]
 [111]
 [119]
 [ 95]
 [108]
 [101]
 [116]
 [116]
 [101]
 [114]]",53.0,"[[116]
 [111]
 [ 95]
 [114]
 [101]
 [109]
 [101]
 [109]
 [ 98]
 [101]
 [114]]",78.0,GLOBAL_ARTIFACT,90.0,100.0
sub-004,2,42,24402.40922755,97.605637,"[[115]
 [104]
 [111]
 [119]
 [ 95]
 [100]
 [ 97]
 [115]
 [104]]",53.0,"[[119]
 [111]
 [114]
 [107]
 [ 95]
 [109]
 [101]
 [109]
 [111]
 [114]
 [121]]",45.0,GLOBAL_ARTIFACT,90.0,100.0
sub-004,2,43,25240.53550645,100.958142,"[[115]
 [104]
 [111]
 [119]
 [ 95]
 [108]
 [101]
 [116]
 [116]
 [101]
 [114]]",53.0,"[[112]
 [114]
 [111]
 [ 98]
 [101]
 [ 95]
 [116]
 [ 97]
 [114]
 [103]
 [101]
 [116]]",75.0,GLOBAL_ARTIFACT,100.0,110.0
sub-004,2,44,25482.710875975,101.926844,"[[114]
 [105]
 [103]
 [104]
 [116]
 [ 95]
 [ 99]
 [108]
 [105]
 [ 99]
 [107]]",53.0,"[[114]
 [101]
 [109]
 [101]
 [109]
 [ 98]
 [101]
 [114]
 [101]
 [100]
 [ 95]
 [ 99]
 [111]
 [114]
 [114]
 [101]
 [ 99]
 [116]]","[[110]
 [ 47]
 [ 97]]",GLOBAL_ARTIFACT,100.0,110.0
sub-004,2,45,25582.7360286,102.326944,"[[115]
 [111]
 [117]
 [110]
 [100]
 [ 95]
 [ 98]
 [101]
 [101]
 [112]]",53.0,"[[102]
 [101]
 [101]
 [100]
 [ 98]
 [ 97]
 [ 99]
 [107]
 [ 95]
 [ 99]
 [111]
 [114]
 [114]
 [101]
 [ 99]
 [116]]","[[110]
 [ 47]
 [ 97]]",GLOBAL_ARTIFACT,100.0,110.0
sub-004,2,46,27598.464104349998,110.389856,"[[114]
 [105]
 [103]
 [104]
 [116]
 [ 95]
 [ 99]
 [108]
 [105]
 [ 99]
 [107]]",53.0,"[[105]
 [110]
 [100]
 [105]
 [ 99]
 [ 97]
 [116]
 [101]
 [ 95]
 [114]
 [101]
 [ 97]
 [100]
 [121]]","[[110]
 [ 47]
 [ 97]]",GLOBAL_ARTIFACT,110.0,120.0
sub-004,2,47,27603.939112699998,110.411756,"[[115]
 [104]
 [111]
 [119]
 [ 95]
 [ 99]
 [114]
 [111]
 [115]
 [115]]",53.0,"[[102]
 [105]
 [120]
 [ 97]
 [116]
 [101]]",43.0,GLOBAL_ARTIFACT,110.0,120.0
sub-004,2,48,28915.491113975,115.657964,"[[115]
 [104]
 [111]
 [119]
 [ 95]
 [108]
 [101]
 [116]
 [116]
 [101]
 [114]]",53.0,"[[116]
 [111]
 [ 95]
 [114]
 [101]
 [109]
 [101]
 [109]
 [ 98]
 [101]
 [114]]",70.0,GLOBAL_ARTIFACT,110.0,120.0
sub-004,2,49,29275.916663925,117.099667,"[[115]
 [104]
 [111]
 [119]
 [ 95]
 [108]
 [101]
 [116]
 [116]
 [101]
 [114]]",53.0,"[[116]
 [111]
 [ 95]
 [105]
 [103]
 [110]
 [111]
 [114]
 [101]]",67.0,GLOBAL_ARTIFACT,110.0,120.0
sub-004,2,50,29636.11721355,118.540469,"[[115]
 [104]
 [111]
 [119]
 [ 95]
 [108]
 [101]
 [116]
 [116]
 [101]
 [114]]",53.0,"[[116]
 [111]
 [ 95]
 [114]
 [101]
 [109]
 [101]
 [109]
 [ 98]
 [101]
 [114]]",74.0,GLOBAL_ARTIFACT,110.0,120.0
sub-004,2,51,29996.56776355,119.982271,"[[115]
 [104]
 [111]
 [119]
 [ 95]
 [108]
 [101]
 [116]
 [116]
 [101]
 [114]]",53.0,"[[116]
 [111]
 [ 95]
 [105]
 [103]
 [110]
 [111]
 [114]
 [101]]",81.0,GLOBAL_ARTIFACT,110.0,120.0
sub-004,2,52,30357.018313549997,121.424073,"[[115]
 [104]
 [111]
 [119]
 [ 95]
 [108]
 [101]
 [116]
 [116]
 [101]
 [114]]",53.0,"[[116]
 [111]
 [ 95]
 [105]
 [103]
 [110]
 [111]
 [114]
 [101]]",84.0,GLOBAL_ARTIFACT,120.0,130.0
sub-004,2,53,30717.468863575,122.865875,"[[115]
 [104]
 [111]
 [119]
 [ 95]
 [108]
 [101]
 [116]
 [116]
 [101]
 [114]]",53.0,"[[116]
 [111]
 [ 95]
 [114]
 [101]
 [109]
 [101]
 [109]
 [ 98]
 [101]
 [114]]",83.0,GLOBAL_ARTIFACT,120.0,130.0
sub-004,2,54,31077.669413175,124.306678,"[[115]
 [104]
 [111]
 [119]
 [ 95]
 [108]
 [101]
 [116]
 [116]
 [101]
 [114]]",53.0,"[[116]
 [111]
 [ 95]
 [114]
 [101]
 [109]
 [101]
 [109]
 [ 98]
 [101]
 [114]]",77.0,GLOBAL_ARTIFACT,120.0,130.0
sub-004,2,55,31438.1199632,125.74848,"[[115]
 [104]
 [111]
 [119]
 [ 95]
 [108]
 [101]
 [116]
 [116]
 [101]
 [114]]",53.0,"[[116]
 [111]
 [ 95]
 [114]
 [101]
 [109]
 [101]
 [109]
 [ 98]
 [101]
 [114]]",78.0,GLOBAL_ARTIFACT,120.0,130.0
sub-004,2,56,31798.54551315,127.190182,"[[115]
 [104]
 [111]
 [119]
 [ 95]
 [100]
 [ 97]
 [115]
 [104]]",53.0,"[[119]
 [111]
 [114]
 [107]
 [ 95]
 [109]
 [101]
 [109]
 [111]
 [114]
 [121]]",45.0,GLOBAL_ARTIFACT,120.0,130.0
sub-004,2,57,32850.39711815,131.397588,"[[115]
 [104]
 [111]
 [119]
 [ 95]
 [108]
 [101]
 [116]
 [116]
 [101]
 [114]]",53.0,"[[112]
 [114]
 [111]
 [ 98]
 [101]
 [ 95]
 [110]
 [111]
 [116]
 [ 95]
 [115]
 [104]
 [111]
 [119]
 [110]]",90.0,GLOBAL_ARTIFACT,130.0,140.0
sub-004,2,58,33141.64756255,132.56259,"[[108]
 [101]
 [102]
 [116]
 [ 95]
 [ 99]
 [108]
 [105]
 [ 99]
 [107]]",53.0,"[[105]
 [103]
 [110]
 [111]
 [114]
 [101]
 [100]
 [ 95]
 [ 99]
 [111]
 [114]
 [114]
 [101]
 [ 99]
 [116]]","[[110]
 [ 47]
 [ 97]]",GLOBAL_ARTIFACT,130.0,140.0
sub-004,2,59,33241.697715225,132.962791,"[[115]
 [111]
 [117]
 [110]
 [100]
 [ 95]
 [ 98]
 [101]
 [101]
 [112]]",53.0,"[[102]
 [101]
 [101]
 [100]
 [ 98]
 [ 97]
 [ 99]
 [107]
 [ 95]
 [ 99]
 [111]
 [114]
 [114]
 [101]
 [ 99]
 [116]]","[[110]
 [ 47]
 [ 97]]",GLOBAL_ARTIFACT,130.0,140.0
sub-004,2,60,34756.500026625,139.022,"[[114]
 [105]
 [103]
 [104]
 [116]
 [ 95]
 [ 99]
 [108]
 [105]
 [ 99]
 [107]]",53.0,"[[105]
 [110]
 [100]
 [105]
 [ 99]
 [ 97]
 [116]
 [101]
 [ 95]
 [114]
 [101]
 [ 97]
 [100]
 [121]]","[[110]
 [ 47]
 [ 97]]",GLOBAL_ARTIFACT,130.0,140.0
sub-004,2,61,34761.10003365,139.0404,"[[115]
 [104]
 [111]
 [119]
 [ 95]
 [ 99]
 [114]
 [111]
 [115]
 [115]]",55.0,"[[102]
 [105]
 [120]
 [ 97]
 [116]
 [101]]",43.0,GLOBAL_ARTIFACT,130.0,140.0
sub-004,2,62,36072.67703495,144.286708,"[[115]
 [104]
 [111]
 [119]
 [ 95]
 [108]
 [101]
 [116]
 [116]
 [101]
 [114]]",55.0,"[[116]
 [111]
 [ 95]
 [105]
 [103]
 [110]
 [111]
 [114]
 [101]]",81.0,GLOBAL_ARTIFACT,140.0,150.0
sub-004,2,63,36433.102584925,145.72841,"[[115]
 [104]
 [111]
 [119]
 [ 95]
 [108]
 [101]
 [116]
 [116]
 [101]
 [114]]",55.0,"[[116]
 [111]
 [ 95]
 [114]
 [101]
 [109]
 [101]
 [109]
 [ 98]
 [101]
 [114]]",80.0,GLOBAL_ARTIFACT,140.0,150.0
sub-004,2,64,36793.553134925,147.170213,"[[115]
 [104]
 [111]
 [119]
 [ 95]
 [108]
 [101]
 [116]
 [116]
 [101]
 [114]]",55.0,"[[116]
 [111]
 [ 95]
 [114]
 [101]
 [109]
 [101]
 [109]
 [ 98]
 [101]
 [114]]",72.0,GLOBAL_ARTIFACT,140.0,150.0
sub-004,2,65,37153.75368455,148.611015,"[[115]
 [104]
 [111]
 [119]
 [ 95]
 [108]
 [101]
 [116]
 [116]
 [101]
 [114]]",55.0,"[[116]
 [111]
 [ 95]
 [114]
 [101]
 [109]
 [101]
 [109]
 [ 98]
 [101]
 [114]]",82.0,GLOBAL_ARTIFACT,140.0,150.0
sub-004,2,66,37514.20423455,150.052817,"[[115]
 [104]
 [111]
 [119]
 [ 95]
 [108]
 [101]
 [116]
 [116]
 [101]
 [114]]",55.0,"[[116]
 [111]
 [ 95]
 [114]
 [101]
 [109]
 [101]
 [109]
 [ 98]
 [101]
 [114]]",88.0,GLOBAL_ARTIFACT,150.0,160.0
sub-004,2,67,37874.62978449999,151.494519,"[[115]
 [104]
 [111]
 [119]
 [ 95]
 [108]
 [101]
 [116]
 [116]
 [101]
 [114]]",55.0,"[[116]
 [111]
 [ 95]
 [114]
 [101]
 [109]
 [101]
 [109]
 [ 98]
 [101]
 [114]]",67.0,GLOBAL_ARTIFACT,150.0,160.0
sub-004,2,68,38235.0803345,152.936321,"[[115]
 [104]
 [111]
 [119]
 [ 95]
 [108]
 [101]
 [116]
 [116]
 [101]
 [114]]",55.0,"[[116]
 [111]
 [ 95]
 [114]
 [101]
 [109]
 [101]
 [109]
 [ 98]
 [101]
 [114]]",83.0,GLOBAL_ARTIFACT,150.0,160.0
sub-004,2,69,38595.280884125,154.377124,"[[115]
 [104]
 [111]
 [119]
 [ 95]
 [108]
 [101]
 [116]
 [116]
 [101]
 [114]]",55.0,"[[116]
 [111]
 [ 95]
 [114]
 [101]
 [109]
 [101]
 [109]
 [ 98]
 [101]
 [114]]",86.0,GLOBAL_ARTIFACT,150.0,160.0
sub-004,2,70,38955.731434125,155.818926,"[[115]
 [104]
 [111]
 [119]
 [ 95]
 [100]
 [ 97]
 [115]
 [104]]",55.0,"[[119]
 [111]
 [114]
 [107]
 [ 95]
 [109]
 [101]
 [109]
 [111]
 [114]
 [121]]",45.0,GLOBAL_ARTIFACT,150.0,160.0
sub-004,2,71,39751.857648925,159.003431,"[[115]
 [104]
 [111]
 [119]
 [ 95]
 [108]
 [101]
 [116]
 [116]
 [101]
 [114]]",55.0,"[[112]
 [114]
 [111]
 [ 98]
 [101]
 [ 95]
 [110]
 [111]
 [116]
 [ 95]
 [115]
 [104]
 [111]
 [119]
 [110]]",90.0,GLOBAL_ARTIFACT,150.0,160.0
sub-004,2,72,40022.883062475,160.087532,"[[114]
 [105]
 [103]
 [104]
 [116]
 [ 95]
 [ 99]
 [108]
 [105]
 [ 99]
 [107]]",55.0,"[[114]
 [101]
 [109]
 [101]
 [109]
 [ 98]
 [101]
 [114]
 [101]
 [100]
 [ 95]
 [105]
 [110]
 [ 99]
 [111]
 [114]
 [114]
 [101]
 [ 99]
 [116]]","[[110]
 [ 47]
 [ 97]]",GLOBAL_ARTIFACT,160.0,170.0
sub-004,2,73,40122.9082151,160.487633,"[[115]
 [111]
 [117]
 [110]
 [100]
 [ 95]
 [ 98]
 [117]
 [122]
 [122]]",55.0,"[[102]
 [101]
 [101]
 [100]
 [ 98]
 [ 97]
 [ 99]
 [107]
 [ 95]
 [105]
 [110]
 [ 99]
 [111]
 [114]
 [114]
 [101]
 [ 99]
 [116]]","[[110]
 [ 47]
 [ 97]]",GLOBAL_ARTIFACT,160.0,170.0
sub-004,2,74,41835.460828250005,167.337843,"[[114]
 [105]
 [103]
 [104]
 [116]
 [ 95]
 [ 99]
 [108]
 [105]
 [ 99]
 [107]]",55.0,"[[105]
 [110]
 [100]
 [105]
 [ 99]
 [ 97]
 [116]
 [101]
 [ 95]
 [114]
 [101]
 [ 97]
 [100]
 [121]]","[[110]
 [ 47]
 [ 97]]",GLOBAL_ARTIFACT,160.0,170.0
sub-004,2,75,41843.06083985,167.368243,"[[115]
 [104]
 [111]
 [119]
 [ 95]
 [ 99]
 [114]
 [111]
 [115]
 [115]]",51.0,"[[102]
 [105]
 [120]
 [ 97]
 [116]
 [101]]",43.0,GLOBAL_ARTIFACT,160.0,170.0
sub-004,2,76,43154.6128411,172.614451,"[[115]
 [104]
 [111]
 [119]
 [ 95]
 [108]
 [101]
 [116]
 [116]
 [101]
 [114]]",51.0,"[[116]
 [111]
 [ 95]
 [105]
 [103]
 [110]
 [111]
 [114]
 [101]]",80.0,GLOBAL_ARTIFACT,170.0,180.0
sub-004,2,77,43515.063391125,174.056254,"[[115]
 [104]
 [111]
 [119]
 [ 95]
 [108]
 [101]
 [116]
 [116]
 [101]
 [114]]",51.0,"[[116]
 [111]
 [ 95]
 [105]
 [103]
 [110]
 [111]
 [114]
 [101]]",82.0,GLOBAL_ARTIFACT,170.0,180.0
sub-004,2,78,43875.2389407,175.496956,"[[115]
 [104]
 [111]
 [119]
 [ 95]
 [108]
 [101]
 [116]
 [116]
 [101]
 [114]]",51.0,"[[116]
 [111]
 [ 95]
 [114]
 [101]
 [109]
 [101]
 [109]
 [ 98]
 [101]
 [114]]",75.0,GLOBAL_ARTIFACT,170.0,180.0
sub-004,2,79,44235.6894907,176.938758,"[[115]
 [104]
 [111]
 [119]
 [ 95]
 [108]
 [101]
 [116]
 [116]
 [101]
 [114]]",51.0,"[[116]
 [111]
 [ 95]
 [105]
 [103]
 [110]
 [111]
 [114]
 [101]]",87.0,GLOBAL_ARTIFACT,170.0,180.0
sub-004,2,80,44596.140040700004,178.38056,"[[115]
 [104]
 [111]
 [119]
 [ 95]
 [108]
 [101]
 [116]
 [116]
 [101]
 [114]]",51.0,"[[116]
 [111]
 [ 95]
 [114]
 [101]
 [109]
 [101]
 [109]
 [ 98]
 [101]
 [114]]",67.0,GLOBAL_ARTIFACT,170.0,180.0
sub-004,2,81,44956.340590325,179.821362,"[[115]
 [104]
 [111]
 [119]
 [ 95]
 [108]
 [101]
 [116]
 [116]
 [101]
 [114]]",51.0,"[[116]
 [111]
 [ 95]
 [105]
 [103]
 [110]
 [111]
 [114]
 [101]]",90.0,GLOBAL_ARTIFACT,170.0,180.0
sub-004,2,82,45316.791140325,181.263165,"[[115]
 [104]
 [111]
 [119]
 [ 95]
 [108]
 [101]
 [116]
 [116]
 [101]
 [114]]",51.0,"[[116]
 [111]
 [ 95]
 [105]
 [103]
 [110]
 [111]
 [114]
 [101]]",89.0,GLOBAL_ARTIFACT,180.0,190.0
sub-004,2,83,45677.2166903,182.704867,"[[115]
 [104]
 [111]
 [119]
 [ 95]
 [108]
 [101]
 [116]
 [116]
 [101]
 [114]]",51.0,"[[116]
 [111]
 [ 95]
 [114]
 [101]
 [109]
 [101]
 [109]
 [ 98]
 [101]
 [114]]",88.0,GLOBAL_ARTIFACT,180.0,190.0
sub-004,2,84,46037.6672403,184.146669,"[[115]
 [104]
 [111]
 [119]
 [ 95]
 [100]
 [ 97]
 [115]
 [104]]",51.0,"[[119]
 [111]
 [114]
 [107]
 [ 95]
 [109]
 [101]
 [109]
 [111]
 [114]
 [121]]",45.0,GLOBAL_ARTIFACT,180.0,190.0
sub-004,2,85,46603.34310345,186.409372,"[[115]
 [104]
 [111]
 [119]
 [ 95]
 [108]
 [101]
 [116]
 [116]
 [101]
 [114]]",51.0,"[[112]
 [114]
 [111]
 [ 98]
 [101]
 [ 95]
 [110]
 [111]
 [116]
 [ 95]
 [115]
 [104]
 [111]
 [119]
 [110]]",66.0,GLOBAL_ARTIFACT,180.0,190.0
sub-004,2,86,47207.31902505,188.825276,"[[108]
 [101]
 [102]
 [116]
 [ 95]
 [ 99]
 [108]
 [105]
 [ 99]
 [107]]",51.0,"[[105]
 [103]
 [110]
 [111]
 [114]
 [101]
 [100]
 [ 95]
 [ 99]
 [111]
 [114]
 [114]
 [101]
 [ 99]
 [116]]","[[110]
 [ 47]
 [ 97]]",GLOBAL_ARTIFACT,180.0,190.0
sub-004,2,87,47307.344177675004,189.225377,"[[115]
 [111]
 [117]
 [110]
 [100]
 [ 95]
 [ 98]
 [101]
 [101]
 [112]]",51.0,"[[102]
 [101]
 [101]
 [100]
 [ 98]
 [ 97]
 [ 99]
 [107]
 [ 95]
 [ 99]
 [111]
 [114]
 [114]
 [101]
 [ 99]
 [116]]","[[110]
 [ 47]
 [ 97]]",GLOBAL_ARTIFACT,180.0,190.0
sub-004,2,88,49560.347615474995,198.23739,"[[114]
 [105]
 [103]
 [104]
 [116]
 [ 95]
 [ 99]
 [108]
 [105]
 [ 99]
 [107]]",51.0,"[[105]
 [110]
 [100]
 [105]
 [ 99]
 [ 97]
 [116]
 [101]
 [ 95]
 [114]
 [101]
 [ 97]
 [100]
 [121]]","[[110]
 [ 47]
 [ 97]]",GLOBAL_ARTIFACT,190.0,200.0
sub-004,2,89,49565.897623950004,198.25959,"[[115]
 [104]
 [111]
 [119]
 [ 95]
 [ 99]
 [114]
 [111]
 [115]
 [115]]",51.0,"[[102]
 [105]
 [120]
 [ 97]
 [116]
 [101]]",43.0,GLOBAL_ARTIFACT,190.0,200.0
sub-004,2,90,50877.4496252,203.505799,"[[115]
 [104]
 [111]
 [119]
 [ 95]
 [108]
 [101]
 [116]
 [116]
 [101]
 [114]]",51.0,"[[116]
 [111]
 [ 95]
 [114]
 [101]
 [109]
 [101]
 [109]
 [ 98]
 [101]
 [114]]",67.0,GLOBAL_ARTIFACT,200.0,210.0
sub-004,2,91,51237.9001752,204.947601,"[[115]
 [104]
 [111]
 [119]
 [ 95]
 [108]
 [101]
 [116]
 [116]
 [101]
 [114]]",51.0,"[[116]
 [111]
 [ 95]
 [105]
 [103]
 [110]
 [111]
 [114]
 [101]]",86.0,GLOBAL_ARTIFACT,200.0,210.0
sub-004,2,92,51598.350725200005,206.389403,"[[115]
 [104]
 [111]
 [119]
 [ 95]
 [108]
 [101]
 [116]
 [116]
 [101]
 [114]]",51.0,"[[116]
 [111]
 [ 95]
 [105]
 [103]
 [110]
 [111]
 [114]
 [101]]",87.0,GLOBAL_ARTIFACT,200.0,210.0
sub-004,2,93,51958.5262748,207.830105,"[[115]
 [104]
 [111]
 [119]
 [ 95]
 [108]
 [101]
 [116]
 [116]
 [101]
 [114]]",51.0,"[[116]
 [111]
 [ 95]
 [114]
 [101]
 [109]
 [101]
 [109]
 [ 98]
 [101]
 [114]]",72.0,GLOBAL_ARTIFACT,200.0,210.0
sub-004,2,94,52318.9768248,209.271907,"[[115]
 [104]
 [111]
 [119]
 [ 95]
 [108]
 [101]
 [116]
 [116]
 [101]
 [114]]",51.0,"[[116]
 [111]
 [ 95]
 [105]
 [103]
 [110]
 [111]
 [114]
 [101]]",78.0,GLOBAL_ARTIFACT,200.0,210.0
sub-004,2,95,52679.427374800005,210.713709,"[[115]
 [104]
 [111]
 [119]
 [ 95]
 [108]
 [101]
 [116]
 [116]
 [101]
 [114]]",51.0,"[[116]
 [111]
 [ 95]
 [105]
 [103]
 [110]
 [111]
 [114]
 [101]]",88.0,GLOBAL_ARTIFACT,210.0,220.0
sub-004,2,96,53039.8779248,212.155512,"[[115]
 [104]
 [111]
 [119]
 [ 95]
 [108]
 [101]
 [116]
 [116]
 [101]
 [114]]",51.0,"[[116]
 [111]
 [ 95]
 [114]
 [101]
 [109]
 [101]
 [109]
 [ 98]
 [101]
 [114]]",82.0,GLOBAL_ARTIFACT,210.0,220.0
sub-004,2,97,53400.078474425005,213.596314,"[[115]
 [104]
 [111]
 [119]
 [ 95]
 [108]
 [101]
 [116]
 [116]
 [101]
 [114]]",51.0,"[[116]
 [111]
 [ 95]
 [105]
 [103]
 [110]
 [111]
 [114]
 [101]]",77.0,GLOBAL_ARTIFACT,210.0,220.0
sub-004,2,98,53760.529024425,215.038116,"[[115]
 [104]
 [111]
 [119]
 [ 95]
 [100]
 [ 97]
 [115]
 [104]]",51.0,"[[119]
 [111]
 [114]
 [107]
 [ 95]
 [109]
 [101]
 [109]
 [111]
 [114]
 [121]]",45.0,GLOBAL_ARTIFACT,210.0,220.0
sub-004,2,99,54376.429964225,217.50172,"[[115]
 [104]
 [111]
 [119]
 [ 95]
 [108]
 [101]
 [116]
 [116]
 [101]
 [114]]",51.0,"[[112]
 [114]
 [111]
 [ 98]
 [101]
 [ 95]
 [116]
 [ 97]
 [114]
 [103]
 [101]
 [116]]",82.0,GLOBAL_ARTIFACT,210.0,220.0
sub-004,2,100,54826.605651125,219.302423,"[[114]
 [105]
 [103]
 [104]
 [116]
 [ 95]
 [ 99]
 [108]
 [105]
 [ 99]
 [107]]",51.0,"[[114]
 [101]
 [109]
 [101]
 [109]
 [ 98]
 [101]
 [114]
 [101]
 [100]
 [ 95]
 [ 99]
 [111]
 [114]
 [114]
 [101]
 [ 99]
 [116]]","[[110]
 [ 47]
 [ 97]]",GLOBAL_ARTIFACT,210.0,220.0
sub-004,2,101,54926.6558038,219.702623,"[[115]
 [111]
 [117]
 [110]
 [100]
 [ 95]
 [ 98]
 [101]
 [101]
 [112]]",51.0,"[[102]
 [101]
 [101]
 [100]
 [ 98]
 [ 97]
 [ 99]
 [107]
 [ 95]
 [ 99]
 [111]
 [114]
 [114]
 [101]
 [ 99]
 [116]]","[[110]
 [ 47]
 [ 97]]",GLOBAL_ARTIFACT,210.0,220.0
sub-004,2,102,56632.583406825004,226.526334,"[[114]
 [105]
 [103]
 [104]
 [116]
 [ 95]
 [ 99]
 [108]
 [105]
 [ 99]
 [107]]",51.0,"[[105]
 [110]
 [100]
 [105]
 [ 99]
 [ 97]
 [116]
 [101]
 [ 95]
 [114]
 [101]
 [ 97]
 [100]
 [121]]","[[110]
 [ 47]
 [ 97]]",GLOBAL_ARTIFACT,220.0,230.0
sub-004,2,103,56639.333417124995,226.553334,"[[115]
 [104]
 [111]
 [119]
 [ 95]
 [ 99]
 [114]
 [111]
 [115]
 [115]]",55.0,"[[102]
 [105]
 [120]
 [ 97]
 [116]
 [101]]",43.0,GLOBAL_ARTIFACT,220.0,230.0
sub-004,2,104,57950.8854184,231.799542,"[[115]
 [104]
 [111]
 [119]
 [ 95]
 [108]
 [101]
 [116]
 [116]
 [101]
 [114]]",55.0,"[[116]
 [111]
 [ 95]
 [114]
 [101]
 [109]
 [101]
 [109]
 [ 98]
 [101]
 [114]]",77.0,GLOBAL_ARTIFACT,230.0,240.0
sub-004,2,105,58311.335968399995,233.241344,"[[115]
 [104]
 [111]
 [119]
 [ 95]
 [108]
 [101]
 [116]
 [116]
 [101]
 [114]]",55.0,"[[116]
 [111]
 [ 95]
 [105]
 [103]
 [110]
 [111]
 [114]
 [101]]",81.0,GLOBAL_ARTIFACT,230.0,240.0
sub-004,2,106,58671.7865184,234.683146,"[[115]
 [104]
 [111]
 [119]
 [ 95]
 [108]
 [101]
 [116]
 [116]
 [101]
 [114]]",55.0,"[[116]
 [111]
 [ 95]
 [114]
 [101]
 [109]
 [101]
 [109]
 [ 98]
 [101]
 [114]]",87.0,GLOBAL_ARTIFACT,230.0,240.0
sub-004,2,107,59031.987068024995,236.123948,"[[115]
 [104]
 [111]
 [119]
 [ 95]
 [108]
 [101]
 [116]
 [116]
 [101]
 [114]]",55.0,"[[116]
 [111]
 [ 95]
 [114]
 [101]
 [109]
 [101]
 [109]
 [ 98]
 [101]
 [114]]",66.0,GLOBAL_ARTIFACT,230.0,240.0
sub-004,2,108,59392.437618025004,237.56575,"[[115]
 [104]
 [111]
 [119]
 [ 95]
 [108]
 [101]
 [116]
 [116]
 [101]
 [114]]",55.0,"[[116]
 [111]
 [ 95]
 [114]
 [101]
 [109]
 [101]
 [109]
 [ 98]
 [101]
 [114]]",90.0,GLOBAL_ARTIFACT,230.0,240.0
sub-004,2,109,59752.863167999996,239.007453,"[[115]
 [104]
 [111]
 [119]
 [ 95]
 [108]
 [101]
 [116]
 [116]
 [101]
 [114]]",55.0,"[[116]
 [111]
 [ 95]
 [114]
 [101]
 [109]
 [101]
 [109]
 [ 98]
 [101]
 [114]]",68.0,GLOBAL_ARTIFACT,230.0,240.0
sub-004,2,110,60113.313718000005,240.449255,"[[115]
 [104]
 [111]
 [119]
 [ 95]
 [108]
 [101]
 [116]
 [116]
 [101]
 [114]]",55.0,"[[116]
 [111]
 [ 95]
 [114]
 [101]
 [109]
 [101]
 [109]
 [ 98]
 [101]
 [114]]",82.0,NORMAL,240.0,250.0
sub-004,2,111,60473.514267625,241.890057,"[[115]
 [104]
 [111]
 [119]
 [ 95]
 [108]
 [101]
 [116]
 [116]
 [101]
 [114]]",55.0,"[[116]
 [111]
 [ 95]
 [114]
 [101]
 [109]
 [101]
 [109]
 [ 98]
 [101]
 [114]]",76.0,NORMAL,240.0,250.0
sub-004,2,112,60833.964817625,243.331859,"[[115]
 [104]
 [111]
 [119]
 [ 95]
 [100]
 [ 97]
 [115]
 [104]]",55.0,"[[119]
 [111]
 [114]
 [107]
 [ 95]
 [109]
 [101]
 [109]
 [111]
 [114]
 [121]]",45.0,NORMAL,240.0,250.0
sub-004,2,113,61659.591077425,246.634364,"[[115]
 [104]
 [111]
 [119]
 [ 95]
 [108]
 [101]
 [116]
 [116]
 [101]
 [114]]",55.0,"[[112]
 [114]
 [111]
 [ 98]
 [101]
 [ 95]
 [110]
 [111]
 [116]
 [ 95]
 [115]
 [104]
 [111]
 [119]
 [110]]",89.0,NORMAL,240.0,250.0
sub-004,2,114,61964.716542999995,247.854866,"[[108]
 [101]
 [102]
 [116]
 [ 95]
 [ 99]
 [108]
 [105]
 [ 99]
 [107]]",55.0,"[[105]
 [103]
 [110]
 [111]
 [114]
 [101]
 [100]
 [ 95]
 [ 99]
 [111]
 [114]
 [114]
 [101]
 [ 99]
 [116]]","[[110]
 [ 47]
 [ 97]]",NORMAL,240.0,250.0
sub-004,2,115,62064.766695674996,248.255067,"[[115]
 [111]
 [117]
 [110]
 [100]
 [ 95]
 [ 98]
 [101]
 [101]
 [112]]",55.0,"[[102]
 [101]
 [101]
 [100]
 [ 98]
 [ 97]
 [ 99]
 [107]
 [ 95]
 [ 99]
 [111]
 [114]
 [114]
 [101]
 [ 99]
 [116]]","[[110]
 [ 47]
 [ 97]]",NORMAL,240.0,250.0
sub-004,2,116,64251.82003285,257.00328,"[[114]
 [105]
 [103]
 [104]
 [116]
 [ 95]
 [ 99]
 [108]
 [105]
 [ 99]
 [107]]",55.0,"[[105]
 [110]
 [100]
 [105]
 [ 99]
 [ 97]
 [116]
 [101]
 [ 95]
 [114]
 [101]
 [ 97]
 [100]
 [121]]","[[110]
 [ 47]
 [ 97]]",NORMAL,250.0,260.0
sub-004,2,117,64257.445041424995,257.02578,"[[115]
 [104]
 [111]
 [119]
 [ 95]
 [ 99]
 [114]
 [111]
 [115]
 [115]]",53.0,"[[102]
 [105]
 [120]
 [ 97]
 [116]
 [101]]",43.0,NORMAL,250.0,260.0
sub-004,2,118,65569.24704307501,262.272988,"[[115]
 [104]
 [111]
 [119]
 [ 95]
 [108]
 [101]
 [116]
 [116]
 [101]
 [114]]",53.0,"[[116]
 [111]
 [ 95]
 [114]
 [101]
 [109]
 [101]
 [109]
 [ 98]
 [101]
 [114]]",86.0,NORMAL,260.0,270.0
sub-004,2,119,65929.4475927,263.71379,"[[115]
 [104]
 [111]
 [119]
 [ 95]
 [108]
 [101]
 [116]
 [116]
 [101]
 [114]]",53.0,"[[116]
 [111]
 [ 95]
 [105]
 [103]
 [110]
 [111]
 [114]
 [101]]",67.0,NORMAL,260.0,270.0
sub-004,2,120,66289.89814270001,265.155593,"[[115]
 [104]
 [111]
 [119]
 [ 95]
 [108]
 [101]
 [116]
 [116]
 [101]
 [114]]",53.0,"[[116]
 [111]
 [ 95]
 [105]
 [103]
 [110]
 [111]
 [114]
 [101]]",72.0,NORMAL,260.0,270.0
sub-004,2,121,66650.37369275,266.597495,"[[115]
 [104]
 [111]
 [119]
 [ 95]
 [108]
 [101]
 [116]
 [116]
 [101]
 [114]]",53.0,"[[116]
 [111]
 [ 95]
 [114]
 [101]
 [109]
 [101]
 [109]
 [ 98]
 [101]
 [114]]",77.0,NORMAL,260.0,270.0
sub-004,2,122,67010.7992427,268.039197,"[[115]
 [104]
 [111]
 [119]
 [ 95]
 [108]
 [101]
 [116]
 [116]
 [101]
 [114]]",53.0,"[[116]
 [111]
 [ 95]
 [105]
 [103]
 [110]
 [111]
 [114]
 [101]]",68.0,NORMAL,260.0,270.0
sub-004,2,123,67370.9747923,269.479899,"[[115]
 [104]
 [111]
 [119]
 [ 95]
 [108]
 [101]
 [116]
 [116]
 [101]
 [114]]",53.0,"[[116]
 [111]
 [ 95]
 [114]
 [101]
 [109]
 [101]
 [109]
 [ 98]
 [101]
 [114]]",81.0,NORMAL,260.0,270.0
sub-004,2,124,67731.42534229999,270.921701,"[[115]
 [104]
 [111]
 [119]
 [ 95]
 [108]
 [101]
 [116]
 [116]
 [101]
 [114]]",53.0,"[[116]
 [111]
 [ 95]
 [114]
 [101]
 [109]
 [101]
 [109]
 [ 98]
 [101]
 [114]]",90.0,GLOBAL_ARTIFACT,270.0,280.0
sub-004,2,125,68091.8758923,272.363504,"[[115]
 [104]
 [111]
 [119]
 [ 95]
 [108]
 [101]
 [116]
 [116]
 [101]
 [114]]",53.0,"[[116]
 [111]
 [ 95]
 [114]
 [101]
 [109]
 [101]
 [109]
 [ 98]
 [101]
 [114]]",89.0,GLOBAL_ARTIFACT,270.0,280.0
sub-004,2,126,68452.07644192499,273.804306,"[[115]
 [104]
 [111]
 [119]
 [ 95]
 [100]
 [ 97]
 [115]
 [104]]",53.0,"[[119]
 [111]
 [114]
 [107]
 [ 95]
 [109]
 [101]
 [109]
 [111]
 [114]
 [121]]",45.0,GLOBAL_ARTIFACT,270.0,280.0
sub-004,2,127,69453.67797024999,277.810712,"[[115]
 [104]
 [111]
 [119]
 [ 95]
 [108]
 [101]
 [116]
 [116]
 [101]
 [114]]",53.0,"[[112]
 [114]
 [111]
 [ 98]
 [101]
 [ 95]
 [110]
 [111]
 [116]
 [ 95]
 [115]
 [104]
 [111]
 [119]
 [110]]",74.0,GLOBAL_ARTIFACT,270.0,280.0
sub-004,2,128,69742.128410375,278.964514,"[[108]
 [101]
 [102]
 [116]
 [ 95]
 [ 99]
 [108]
 [105]
 [ 99]
 [107]]",53.0,"[[105]
 [103]
 [110]
 [111]
 [114]
 [101]
 [100]
 [ 95]
 [ 99]
 [111]
 [114]
 [114]
 [101]
 [ 99]
 [116]]","[[110]
 [ 47]
 [ 97]]",GLOBAL_ARTIFACT,270.0,280.0
sub-004,2,129,69842.153563,279.364614,"[[115]
 [111]
 [117]
 [110]
 [100]
 [ 95]
 [ 98]
 [101]
 [101]
 [112]]",53.0,"[[102]
 [101]
 [101]
 [100]
 [ 98]
 [ 97]
 [ 99]
 [107]
 [ 95]
 [ 99]
 [111]
 [114]
 [114]
 [101]
 [ 99]
 [116]]","[[110]
 [ 47]
 [ 97]]",GLOBAL_ARTIFACT,270.0,280.0
sub-004,2,130,74177.86017875001,296.707441,"[[114]
 [105]
 [103]
 [104]
 [116]
 [ 95]
 [ 99]
 [108]
 [105]
 [ 99]
 [107]]",53.0,"[[105]
 [110]
 [100]
 [105]
 [ 99]
 [ 97]
 [116]
 [101]
 [ 95]
 [114]
 [101]
 [ 97]
 [100]
 [121]]","[[110]
 [ 47]
 [ 97]]",REVIEW,290.0,300.0
sub-004,2,131,74184.7101892,296.734841,"[[115]
 [104]
 [111]
 [119]
 [ 95]
 [ 99]
 [114]
 [111]
 [115]
 [115]]",51.0,"[[102]
 [105]
 [120]
 [ 97]
 [116]
 [101]]",43.0,REVIEW,290.0,300.0
sub-004,2,132,75496.262190475,301.981049,"[[115]
 [104]
 [111]
 [119]
 [ 95]
 [108]
 [101]
 [116]
 [116]
 [101]
 [114]]",51.0,"[[116]
 [111]
 [ 95]
 [105]
 [103]
 [110]
 [111]
 [114]
 [101]]",68.0,NORMAL,300.0,310.0
sub-004,2,133,75856.737740525,303.422951,"[[115]
 [104]
 [111]
 [119]
 [ 95]
 [108]
 [101]
 [116]
 [116]
 [101]
 [114]]",51.0,"[[116]
 [111]
 [ 95]
 [105]
 [103]
 [110]
 [111]
 [114]
 [101]]",66.0,NORMAL,300.0,310.0
sub-004,2,134,76217.163290475,304.864653,"[[115]
 [104]
 [111]
 [119]
 [ 95]
 [108]
 [101]
 [116]
 [116]
 [101]
 [114]]",51.0,"[[116]
 [111]
 [ 95]
 [105]
 [103]
 [110]
 [111]
 [114]
 [101]]",71.0,NORMAL,300.0,310.0
sub-004,2,135,76577.3638401,306.305455,"[[115]
 [104]
 [111]
 [119]
 [ 95]
 [108]
 [101]
 [116]
 [116]
 [101]
 [114]]",51.0,"[[116]
 [111]
 [ 95]
 [114]
 [101]
 [109]
 [101]
 [109]
 [ 98]
 [101]
 [114]]",74.0,NORMAL,300.0,310.0
sub-004,2,136,76937.8143901,307.747258,"[[115]
 [104]
 [111]
 [119]
 [ 95]
 [108]
 [101]
 [116]
 [116]
 [101]
 [114]]",51.0,"[[116]
 [111]
 [ 95]
 [105]
 [103]
 [110]
 [111]
 [114]
 [101]]",87.0,NORMAL,300.0,310.0
sub-004,2,137,77298.26494010001,309.18906,"[[115]
 [104]
 [111]
 [119]
 [ 95]
 [108]
 [101]
 [116]
 [116]
 [101]
 [114]]",51.0,"[[116]
 [111]
 [ 95]
 [114]
 [101]
 [109]
 [101]
 [109]
 [ 98]
 [101]
 [114]]",76.0,NORMAL,300.0,310.0
sub-004,2,138,77658.44048969999,310.629762,"[[115]
 [104]
 [111]
 [119]
 [ 95]
 [108]
 [101]
 [116]
 [116]
 [101]
 [114]]",51.0,"[[116]
 [111]
 [ 95]
 [105]
 [103]
 [110]
 [111]
 [114]
 [101]]",75.0,REVIEW,310.0,320.0
sub-004,2,139,78018.8910397,312.071564,"[[115]
 [104]
 [111]
 [119]
 [ 95]
 [108]
 [101]
 [116]
 [116]
 [101]
 [114]]",51.0,"[[116]
 [111]
 [ 95]
 [114]
 [101]
 [109]
 [101]
 [109]
 [ 98]
 [101]
 [114]]",67.0,REVIEW,310.0,320.0
sub-004,2,140,78379.366589725,313.513466,"[[115]
 [104]
 [111]
 [119]
 [ 95]
 [100]
 [ 97]
 [115]
 [104]]",51.0,"[[119]
 [111]
 [114]
 [107]
 [ 95]
 [109]
 [101]
 [109]
 [111]
 [114]
 [121]]",45.0,REVIEW,310.0,320.0
sub-004,2,141,79003.74254245,316.01097,"[[115]
 [104]
 [111]
 [119]
 [ 95]
 [108]
 [101]
 [116]
 [116]
 [101]
 [114]]",51.0,"[[112]
 [114]
 [111]
 [ 98]
 [101]
 [ 95]
 [116]
 [ 97]
 [114]
 [103]
 [101]
 [116]]",76.0,REVIEW,310.0,320.0
sub-004,2,142,79259.467932675,317.033872,"[[114]
 [105]
 [103]
 [104]
 [116]
 [ 95]
 [ 99]
 [108]
 [105]
 [ 99]
 [107]]",51.0,"[[114]
 [101]
 [109]
 [101]
 [109]
 [ 98]
 [101]
 [114]
 [101]
 [100]
 [ 95]
 [ 99]
 [111]
 [114]
 [114]
 [101]
 [ 99]
 [116]]","[[110]
 [ 47]
 [ 97]]",REVIEW,310.0,320.0
sub-004,2,143,79359.518085325,317.434072,"[[115]
 [111]
 [117]
 [110]
 [100]
 [ 95]
 [ 98]
 [101]
 [101]
 [112]]",51.0,"[[102]
 [101]
 [101]
 [100]
 [ 98]
 [ 97]
 [ 99]
 [107]
 [ 95]
 [ 99]
 [111]
 [114]
 [114]
 [101]
 [ 99]
 [116]]","[[110]
 [ 47]
 [ 97]]",REVIEW,310.0,320.0
sub-004,2,144,80722.67016532499,322.886681,"[[114]
 [105]
 [103]
 [104]
 [116]
 [ 95]
 [ 99]
 [108]
 [105]
 [ 99]
 [107]]",51.0,"[[105]
 [110]
 [100]
 [105]
 [ 99]
 [ 97]
 [116]
 [101]
 [ 95]
 [114]
 [101]
 [ 97]
 [100]
 [121]]","[[110]
 [ 47]
 [ 97]]",GLOBAL_ARTIFACT,320.0,330.0
sub-004,2,145,80730.24517689999,322.916981,"[[115]
 [104]
 [111]
 [119]
 [ 95]
 [ 99]
 [114]
 [111]
 [115]
 [115]]",55.0,"[[102]
 [105]
 [120]
 [ 97]
 [116]
 [101]]",43.0,GLOBAL_ARTIFACT,320.0,330.0
sub-004,2,146,82041.79717815,328.163189,"[[115]
 [104]
 [111]
 [119]
 [ 95]
 [108]
 [101]
 [116]
 [116]
 [101]
 [114]]",55.0,"[[116]
 [111]
 [ 95]
 [105]
 [103]
 [110]
 [111]
 [114]
 [101]]",80.0,GLOBAL_ARTIFACT,320.0,330.0
sub-004,2,147,82401.997727775,329.603991,"[[115]
 [104]
 [111]
 [119]
 [ 95]
 [108]
 [101]
 [116]
 [116]
 [101]
 [114]]",55.0,"[[116]
 [111]
 [ 95]
 [114]
 [101]
 [109]
 [101]
 [109]
 [ 98]
 [101]
 [114]]",87.0,GLOBAL_ARTIFACT,320.0,330.0
sub-004,2,148,82762.44827777501,331.045793,"[[115]
 [104]
 [111]
 [119]
 [ 95]
 [108]
 [101]
 [116]
 [116]
 [101]
 [114]]",55.0,"[[116]
 [111]
 [ 95]
 [114]
 [101]
 [109]
 [101]
 [109]
 [ 98]
 [101]
 [114]]",70.0,NORMAL,330.0,340.0
sub-004,2,149,83122.87382775,332.487495,"[[115]
 [104]
 [111]
 [119]
 [ 95]
 [108]
 [101]
 [116]
 [116]
 [101]
 [114]]",55.0,"[[116]
 [111]
 [ 95]
 [114]
 [101]
 [109]
 [101]
 [109]
 [ 98]
 [101]
 [114]]",83.0,NORMAL,330.0,340.0
sub-004,2,150,83483.32437775,333.929298,"[[115]
 [104]
 [111]
 [119]
 [ 95]
 [108]
 [101]
 [116]
 [116]
 [101]
 [114]]",55.0,"[[116]
 [111]
 [ 95]
 [114]
 [101]
 [109]
 [101]
 [109]
 [ 98]
 [101]
 [114]]",90.0,NORMAL,330.0,340.0
sub-004,2,151,83843.524927375,335.3701,"[[115]
 [104]
 [111]
 [119]
 [ 95]
 [108]
 [101]
 [116]
 [116]
 [101]
 [114]]",55.0,"[[116]
 [111]
 [ 95]
 [114]
 [101]
 [109]
 [101]
 [109]
 [ 98]
 [101]
 [114]]",84.0,NORMAL,330.0,340.0
sub-004,2,152,84203.975477375,336.811902,"[[115]
 [104]
 [111]
 [119]
 [ 95]
 [108]
 [101]
 [116]
 [116]
 [101]
 [114]]",55.0,"[[116]
 [111]
 [ 95]
 [114]
 [101]
 [109]
 [101]
 [109]
 [ 98]
 [101]
 [114]]",75.0,NORMAL,330.0,340.0
sub-004,2,153,84564.4510274,338.253804,"[[115]
 [104]
 [111]
 [119]
 [ 95]
 [108]
 [101]
 [116]
 [116]
 [101]
 [114]]",55.0,"[[116]
 [111]
 [ 95]
 [114]
 [101]
 [109]
 [101]
 [109]
 [ 98]
 [101]
 [114]]",81.0,NORMAL,330.0,340.0
sub-004,2,154,84924.87657737499,339.695506,"[[115]
 [104]
 [111]
 [119]
 [ 95]
 [100]
 [ 97]
 [115]
 [104]]",55.0,"[[119]
 [111]
 [114]
 [107]
 [ 95]
 [109]
 [101]
 [109]
 [111]
 [114]
 [121]]",45.0,NORMAL,330.0,340.0
sub-004,2,155,85616.25263232499,342.461011,"[[115]
 [104]
 [111]
 [119]
 [ 95]
 [108]
 [101]
 [116]
 [116]
 [101]
 [114]]",55.0,"[[112]
 [114]
 [111]
 [ 98]
 [101]
 [ 95]
 [110]
 [111]
 [116]
 [ 95]
 [115]
 [104]
 [111]
 [119]
 [110]]",76.0,REVIEW,340.0,350.0
sub-004,2,156,86034.95327122501,344.135813,"[[108]
 [101]
 [102]
 [116]
 [ 95]
 [ 99]
 [108]
 [105]
 [ 99]
 [107]]",55.0,"[[105]
 [103]
 [110]
 [111]
 [114]
 [101]
 [100]
 [ 95]
 [ 99]
 [111]
 [114]
 [114]
 [101]
 [ 99]
 [116]]","[[110]
 [ 47]
 [ 97]]",REVIEW,340.0,350.0
sub-004,2,157,86134.97842385,344.535914,"[[115]
 [111]
 [117]
 [110]
 [100]
 [ 95]
 [ 98]
 [101]
 [101]
 [112]]",55.0,"[[102]
 [101]
 [101]
 [100]
 [ 98]
 [ 97]
 [ 99]
 [107]
 [ 95]
 [ 99]
 [111]
 [114]
 [114]
 [101]
 [ 99]
 [116]]","[[110]
 [ 47]
 [ 97]]",REVIEW,340.0,350.0
sub-004,2,158,87992.45625812499,351.965825,"[[114]
 [105]
 [103]
 [104]
 [116]
 [ 95]
 [ 99]
 [108]
 [105]
 [ 99]
 [107]]",55.0,"[[105]
 [110]
 [100]
 [105]
 [ 99]
 [ 97]
 [116]
 [101]
 [ 95]
 [114]
 [101]
 [ 97]
 [100]
 [121]]","[[110]
 [ 47]
 [ 97]]",NORMAL,350.0,360.0
sub-004,2,159,88000.40627025001,351.997625,"[[115]
 [104]
 [111]
 [119]
 [ 95]
 [ 99]
 [114]
 [111]
 [115]
 [115]]",55.0,"[[102]
 [105]
 [120]
 [ 97]
 [116]
 [101]]",43.0,NORMAL,350.0,360.0
sub-004,2,160,89312.2082719,357.244833,"[[115]
 [104]
 [111]
 [119]
 [ 95]
 [108]
 [101]
 [116]
 [116]
 [101]
 [114]]",55.0,"[[116]
 [111]
 [ 95]
 [114]
 [101]
 [109]
 [101]
 [109]
 [ 98]
 [101]
 [114]]",72.0,NORMAL,350.0,360.0
sub-004,2,161,89672.40882152501,358.685635,"[[115]
 [104]
 [111]
 [119]
 [ 95]
 [108]
 [101]
 [116]
 [116]
 [101]
 [114]]",55.0,"[[116]
 [111]
 [ 95]
 [114]
 [101]
 [109]
 [101]
 [109]
 [ 98]
 [101]
 [114]]",68.0,NORMAL,350.0,360.0
sub-004,2,162,90032.859371525,360.127437,"[[115]
 [104]
 [111]
 [119]
 [ 95]
 [108]
 [101]
 [116]
 [116]
 [101]
 [114]]",55.0,"[[116]
 [111]
 [ 95]
 [114]
 [101]
 [109]
 [101]
 [109]
 [ 98]
 [101]
 [114]]",87.0,NORMAL,360.0,370.0
sub-004,2,163,90393.334921575,361.56934,"[[115]
 [104]
 [111]
 [119]
 [ 95]
 [108]
 [101]
 [116]
 [116]
 [101]
 [114]]",55.0,"[[116]
 [111]
 [ 95]
 [114]
 [101]
 [109]
 [101]
 [109]
 [ 98]
 [101]
 [114]]",89.0,NORMAL,360.0,370.0
sub-004,2,164,90753.7354715,363.010942,"[[115]
 [104]
 [111]
 [119]
 [ 95]
 [108]
 [101]
 [116]
 [116]
 [101]
 [114]]",55.0,"[[116]
 [111]
 [ 95]
 [105]
 [103]
 [110]
 [111]
 [114]
 [101]]",75.0,NORMAL,360.0,370.0
sub-004,2,165,91113.93602112499,364.451744,"[[115]
 [104]
 [111]
 [119]
 [ 95]
 [108]
 [101]
 [116]
 [116]
 [101]
 [114]]",55.0,"[[116]
 [111]
 [ 95]
 [114]
 [101]
 [109]
 [101]
 [109]
 [ 98]
 [101]
 [114]]",80.0,NORMAL,360.0,370.0
sub-004,2,166,91474.38657112501,365.893546,"[[115]
 [104]
 [111]
 [119]
 [ 95]
 [108]
 [101]
 [116]
 [116]
 [101]
 [114]]",55.0,"[[116]
 [111]
 [ 95]
 [114]
 [101]
 [109]
 [101]
 [109]
 [ 98]
 [101]
 [114]]",88.0,NORMAL,360.0,370.0
sub-004,2,167,91834.812121075,367.335248,"[[115]
 [104]
 [111]
 [119]
 [ 95]
 [108]
 [101]
 [116]
 [116]
 [101]
 [114]]",55.0,"[[116]
 [111]
 [ 95]
 [114]
 [101]
 [109]
 [101]
 [109]
 [ 98]
 [101]
 [114]]",86.0,NORMAL,360.0,370.0
sub-004,2,168,92195.287671125,368.777151,"[[115]
 [104]
 [111]
 [119]
 [ 95]
 [100]
 [ 97]
 [115]
 [104]]",55.0,"[[119]
 [111]
 [114]
 [107]
 [ 95]
 [109]
 [101]
 [109]
 [111]
 [114]
 [121]]",45.0,NORMAL,360.0,370.0
sub-004,2,169,93033.163949625,372.128656,"[[115]
 [104]
 [111]
 [119]
 [ 95]
 [108]
 [101]
 [116]
 [116]
 [101]
 [114]]",55.0,"[[112]
 [114]
 [111]
 [ 98]
 [101]
 [ 95]
 [116]
 [ 97]
 [114]
 [103]
 [101]
 [116]]",88.0,REVIEW,370.0,380.0
sub-004,2,170,93350.83943435,373.399358,"[[114]
 [105]
 [103]
 [104]
 [116]
 [ 95]
 [ 99]
 [108]
 [105]
 [ 99]
 [107]]",55.0,"[[114]
 [101]
 [109]
 [101]
 [109]
 [ 98]
 [101]
 [114]
 [101]
 [100]
 [ 95]
 [ 99]
 [111]
 [114]
 [114]
 [101]
 [ 99]
 [116]]","[[110]
 [ 47]
 [ 97]]",REVIEW,370.0,380.0
sub-004,2,171,93450.864586975,373.799458,"[[115]
 [111]
 [117]
 [110]
 [100]
 [ 95]
 [ 98]
 [101]
 [101]
 [112]]",55.0,"[[102]
 [101]
 [101]
 [100]
 [ 98]
 [ 97]
 [ 99]
 [107]
 [ 95]
 [ 99]
 [111]
 [114]
 [114]
 [101]
 [ 99]
 [116]]","[[110]
 [ 47]
 [ 97]]",REVIEW,370.0,380.0
sub-004,2,172,95993.76846715,383.971074,"[[114]
 [105]
 [103]
 [104]
 [116]
 [ 95]
 [ 99]
 [108]
 [105]
 [ 99]
 [107]]",55.0,"[[105]
 [110]
 [100]
 [105]
 [ 99]
 [ 97]
 [116]
 [101]
 [ 95]
 [114]
 [101]
 [ 97]
 [100]
 [121]]","[[110]
 [ 47]
 [ 97]]",REVIEW,380.0,390.0
sub-004,2,173,95999.9684766,383.995874,"[[115]
 [104]
 [111]
 [119]
 [ 95]
 [ 99]
 [114]
 [111]
 [115]
 [115]]",55.0,"[[102]
 [105]
 [120]
 [ 97]
 [116]
 [101]]",43.0,REVIEW,380.0,390.0
sub-004,2,174,97311.77047825001,389.243082,"[[115]
 [104]
 [111]
 [119]
 [ 95]
 [108]
 [101]
 [116]
 [116]
 [101]
 [114]]",55.0,"[[116]
 [111]
 [ 95]
 [114]
 [101]
 [109]
 [101]
 [109]
 [ 98]
 [101]
 [114]]",87.0,REVIEW,380.0,390.0
sub-004,2,175,97671.971027875,390.683884,"[[115]
 [104]
 [111]
 [119]
 [ 95]
 [108]
 [101]
 [116]
 [116]
 [101]
 [114]]",55.0,"[[116]
 [111]
 [ 95]
 [114]
 [101]
 [109]
 [101]
 [109]
 [ 98]
 [101]
 [114]]",76.0,NORMAL,390.0,400.0
sub-004,2,176,98032.421577875,392.125686,"[[115]
 [104]
 [111]
 [119]
 [ 95]
 [108]
 [101]
 [116]
 [116]
 [101]
 [114]]",55.0,"[[116]
 [111]
 [ 95]
 [114]
 [101]
 [109]
 [101]
 [109]
 [ 98]
 [101]
 [114]]",68.0,NORMAL,390.0,400.0
sub-004,2,177,98392.84712785,393.567389,"[[115]
 [104]
 [111]
 [119]
 [ 95]
 [108]
 [101]
 [116]
 [116]
 [101]
 [114]]",55.0,"[[116]
 [111]
 [ 95]
 [114]
 [101]
 [109]
 [101]
 [109]
 [ 98]
 [101]
 [114]]",74.0,NORMAL,390.0,400.0
sub-004,2,178,98753.04767745,395.008191,"[[115]
 [104]
 [111]
 [119]
 [ 95]
 [108]
 [101]
 [116]
 [116]
 [101]
 [114]]",55.0,"[[116]
 [111]
 [ 95]
 [114]
 [101]
 [109]
 [101]
 [109]
 [ 98]
 [101]
 [114]]",67.0,NORMAL,390.0,400.0
sub-004,2,179,99113.49822747501,396.449993,"[[115]
 [104]
 [111]
 [119]
 [ 95]
 [108]
 [101]
 [116]
 [116]
 [101]
 [114]]",55.0,"[[116]
 [111]
 [ 95]
 [105]
 [103]
 [110]
 [111]
 [114]
 [101]]",70.0,NORMAL,390.0,400.0
sub-004,2,180,99473.948777475,397.891795,"[[115]
 [104]
 [111]
 [119]
 [ 95]
 [108]
 [101]
 [116]
 [116]
 [101]
 [114]]",55.0,"[[116]
 [111]
 [ 95]
 [114]
 [101]
 [109]
 [101]
 [109]
 [ 98]
 [101]
 [114]]",86.0,NORMAL,390.0,400.0
sub-004,2,181,99834.399327475,399.333597,"[[115]
 [104]
 [111]
 [119]
 [ 95]
 [108]
 [101]
 [116]
 [116]
 [101]
 [114]]",55.0,"[[116]
 [111]
 [ 95]
 [114]
 [101]
 [109]
 [101]
 [109]
 [ 98]
 [101]
 [114]]",83.0,NORMAL,390.0,400.0
sub-004,2,182,100194.5998771,400.7744,"[[115]
 [104]
 [111]
 [119]
 [ 95]
 [100]
 [ 97]
 [115]
 [104]]",55.0,"[[119]
 [111]
 [114]
 [107]
 [ 95]
 [109]
 [101]
 [109]
 [111]
 [114]
 [121]]",45.0,REVIEW,400.0,410.0
sub-004,2,183,101015.95113037499,404.059805,"[[115]
 [104]
 [111]
 [119]
 [ 95]
 [108]
 [101]
 [116]
 [116]
 [101]
 [114]]",55.0,"[[112]
 [114]
 [111]
 [ 98]
 [101]
 [ 95]
 [116]
 [ 97]
 [114]
 [103]
 [101]
 [116]]",83.0,REVIEW,400.0,410.0
sub-004,2,184,101266.47651265,405.061906,"[[114]
 [105]
 [103]
 [104]
 [116]
 [ 95]
 [ 99]
 [108]
 [105]
 [ 99]
 [107]]",55.0,"[[114]
 [101]
 [109]
 [101]
 [109]
 [ 98]
 [101]
 [114]
 [101]
 [100]
 [ 95]
 [ 99]
 [111]
 [114]
 [114]
 [101]
 [ 99]
 [116]]","[[110]
 [ 47]
 [ 97]]",REVIEW,400.0,410.0
sub-004,2,185,101366.501665275,405.462007,"[[115]
 [111]
 [117]
 [110]
 [100]
 [ 95]
 [ 98]
 [101]
 [101]
 [112]]",55.0,"[[102]
 [101]
 [101]
 [100]
 [ 98]
 [ 97]
 [ 99]
 [107]
 [ 95]
 [ 99]
 [111]
 [114]
 [114]
 [101]
 [ 99]
 [116]]","[[110]
 [ 47]
 [ 97]]",REVIEW,400.0,410.0
sub-004,2,186,102288.05307145,409.148212,"[[114]
 [105]
 [103]
 [104]
 [116]
 [ 95]
 [ 99]
 [108]
 [105]
 [ 99]
 [107]]",55.0,"[[105]
 [110]
 [100]
 [105]
 [ 99]
 [ 97]
 [116]
 [101]
 [ 95]
 [114]
 [101]
 [ 97]
 [100]
 [121]]","[[110]
 [ 47]
 [ 97]]",REVIEW,400.0,410.0
sub-004,2,187,102294.02808055001,409.172112,"[[115]
 [104]
 [111]
 [119]
 [ 95]
 [ 99]
 [114]
 [111]
 [115]
 [115]]",51.0,"[[102]
 [105]
 [120]
 [ 97]
 [116]
 [101]]",43.0,REVIEW,400.0,410.0
sub-004,2,188,103605.580081825,414.41832,"[[115]
 [104]
 [111]
 [119]
 [ 95]
 [108]
 [101]
 [116]
 [116]
 [101]
 [114]]",51.0,"[[116]
 [111]
 [ 95]
 [114]
 [101]
 [109]
 [101]
 [109]
 [ 98]
 [101]
 [114]]",89.0,NORMAL,410.0,420.0
sub-004,2,189,103966.03063182501,415.860123,"[[115]
 [104]
 [111]
 [119]
 [ 95]
 [108]
 [101]
 [116]
 [116]
 [101]
 [114]]",51.0,"[[116]
 [111]
 [ 95]
 [105]
 [103]
 [110]
 [111]
 [114]
 [101]]",67.0,NORMAL,410.0,420.0
sub-004,2,190,104326.481181825,417.301925,"[[115]
 [104]
 [111]
 [119]
 [ 95]
 [108]
 [101]
 [116]
 [116]
 [101]
 [114]]",51.0,"[[116]
 [111]
 [ 95]
 [105]
 [103]
 [110]
 [111]
 [114]
 [101]]",80.0,NORMAL,410.0,420.0
sub-004,2,191,104686.9067318,418.743627,"[[115]
 [104]
 [111]
 [119]
 [ 95]
 [108]
 [101]
 [116]
 [116]
 [101]
 [114]]",51.0,"[[116]
 [111]
 [ 95]
 [114]
 [101]
 [109]
 [101]
 [109]
 [ 98]
 [101]
 [114]]",75.0,NORMAL,410.0,420.0
sub-004,2,192,105047.107281425,420.184429,"[[115]
 [104]
 [111]
 [119]
 [ 95]
 [108]
 [101]
 [116]
 [116]
 [101]
 [114]]",51.0,"[[116]
 [111]
 [ 95]
 [105]
 [103]
 [110]
 [111]
 [114]
 [101]]",82.0,NORMAL,420.0,430.0
sub-004,2,193,105407.557831425,421.626231,"[[115]
 [104]
 [111]
 [119]
 [ 95]
 [108]
 [101]
 [116]
 [116]
 [101]
 [114]]",51.0,"[[116]
 [111]
 [ 95]
 [105]
 [103]
 [110]
 [111]
 [114]
 [101]]",87.0,NORMAL,420.0,430.0
sub-004,2,194,105768.008381425,423.068034,"[[115]
 [104]
 [111]
 [119]
 [ 95]
 [108]
 [101]
 [116]
 [116]
 [101]
 [114]]",51.0,"[[116]
 [111]
 [ 95]
 [105]
 [103]
 [110]
 [111]
 [114]
 [101]]",72.0,NORMAL,420.0,430.0
sub-004,2,195,106128.43393140001,424.509736,"[[115]
 [104]
 [111]
 [119]
 [ 95]
 [108]
 [101]
 [116]
 [116]
 [101]
 [114]]",51.0,"[[116]
 [111]
 [ 95]
 [114]
 [101]
 [109]
 [101]
 [109]
 [ 98]
 [101]
 [114]]",76.0,NORMAL,420.0,430.0
sub-004,2,196,106488.634481,425.950538,"[[115]
 [104]
 [111]
 [119]
 [ 95]
 [100]
 [ 97]
 [115]
 [104]]",51.0,"[[119]
 [111]
 [114]
 [107]
 [ 95]
 [109]
 [101]
 [109]
 [111]
 [114]
 [121]]",45.0,NORMAL,420.0,430.0
sub-004,2,197,107414.760894175,429.655044,"[[115]
 [104]
 [111]
 [119]
 [ 95]
 [108]
 [101]
 [116]
 [116]
 [101]
 [114]]",51.0,"[[112]
 [114]
 [111]
 [ 98]
 [101]
 [ 95]
 [116]
 [ 97]
 [114]
 [103]
 [101]
 [116]]",75.0,NORMAL,420.0,430.0
sub-004,2,198,107679.36129792499,430.713445,"[[114]
 [105]
 [103]
 [104]
 [116]
 [ 95]
 [ 99]
 [108]
 [105]
 [ 99]
 [107]]",51.0,"[[114]
 [101]
 [109]
 [101]
 [109]
 [ 98]
 [101]
 [114]
 [101]
 [100]
 [ 95]
 [ 99]
 [111]
 [114]
 [114]
 [101]
 [ 99]
 [116]]","[[110]
 [ 47]
 [ 97]]",REVIEW,430.0,440.0
sub-004,2,199,107779.38645055,431.113546,"[[115]
 [111]
 [117]
 [110]
 [100]
 [ 95]
 [ 98]
 [101]
 [101]
 [112]]",51.0,"[[102]
 [101]
 [101]
 [100]
 [ 98]
 [ 97]
 [ 99]
 [107]
 [ 95]
 [ 99]
 [111]
 [114]
 [114]
 [101]
 [ 99]
 [116]]","[[110]
 [ 47]
 [ 97]]",REVIEW,430.0,440.0
sub-004,2,200,110104.764998775,440.41506,"[[114]
 [105]
 [103]
 [104]
 [116]
 [ 95]
 [ 99]
 [108]
 [105]
 [ 99]
 [107]]",51.0,"[[105]
 [110]
 [100]
 [105]
 [ 99]
 [ 97]
 [116]
 [101]
 [ 95]
 [114]
 [101]
 [ 97]
 [100]
 [121]]","[[110]
 [ 47]
 [ 97]]",NORMAL,440.0,450.0
sub-004,2,201,110109.36500579999,440.43346,"[[115]
 [104]
 [111]
 [119]
 [ 95]
 [ 99]
 [114]
 [111]
 [115]
 [115]]",51.0,"[[102]
 [105]
 [120]
 [ 97]
 [116]
 [101]]",43.0,NORMAL,440.0,450.0
sub-004,2,202,111420.917007075,445.679668,"[[115]
 [104]
 [111]
 [119]
 [ 95]
 [108]
 [101]
 [116]
 [116]
 [101]
 [114]]",51.0,"[[116]
 [111]
 [ 95]
 [105]
 [103]
 [110]
 [111]
 [114]
 [101]]",80.0,NORMAL,440.0,450.0
sub-004,2,203,111781.11755667499,447.12047,"[[115]
 [104]
 [111]
 [119]
 [ 95]
 [108]
 [101]
 [116]
 [116]
 [101]
 [114]]",51.0,"[[116]
 [111]
 [ 95]
 [114]
 [101]
 [109]
 [101]
 [109]
 [ 98]
 [101]
 [114]]",88.0,NORMAL,440.0,450.0
sub-004,2,204,112141.54310665,448.562172,"[[115]
 [104]
 [111]
 [119]
 [ 95]
 [108]
 [101]
 [116]
 [116]
 [101]
 [114]]",51.0,"[[116]
 [111]
 [ 95]
 [105]
 [103]
 [110]
 [111]
 [114]
 [101]]",66.0,NORMAL,440.0,450.0
sub-004,2,205,112502.043656725,450.004175,"[[115]
 [104]
 [111]
 [119]
 [ 95]
 [108]
 [101]
 [116]
 [116]
 [101]
 [114]]",51.0,"[[116]
 [111]
 [ 95]
 [114]
 [101]
 [109]
 [101]
 [109]
 [ 98]
 [101]
 [114]]",90.0,NORMAL,450.0,460.0
sub-004,2,206,112862.44420665,451.445777,"[[115]
 [104]
 [111]
 [119]
 [ 95]
 [108]
 [101]
 [116]
 [116]
 [101]
 [114]]",51.0,"[[116]
 [111]
 [ 95]
 [105]
 [103]
 [110]
 [111]
 [114]
 [101]]",72.0,NORMAL,450.0,460.0
sub-004,2,207,113222.644756275,452.886579,"[[115]
 [104]
 [111]
 [119]
 [ 95]
 [108]
 [101]
 [116]
 [116]
 [101]
 [114]]",51.0,"[[116]
 [111]
 [ 95]
 [105]
 [103]
 [110]
 [111]
 [114]
 [101]]",86.0,NORMAL,450.0,460.0
sub-004,2,208,113583.09530627499,454.328381,"[[115]
 [104]
 [111]
 [119]
 [ 95]
 [108]
 [101]
 [116]
 [116]
 [101]
 [114]]",51.0,"[[116]
 [111]
 [ 95]
 [105]
 [103]
 [110]
 [111]
 [114]
 [101]]",82.0,NORMAL,450.0,460.0
sub-004,2,209,113943.545856275,455.770183,"[[115]
 [104]
 [111]
 [119]
 [ 95]
 [108]
 [101]
 [116]
 [116]
 [101]
 [114]]",51.0,"[[116]
 [111]
 [ 95]
 [114]
 [101]
 [109]
 [101]
 [109]
 [ 98]
 [101]
 [114]]",70.0,NORMAL,450.0,460.0
sub-004,2,210,114303.72140587501,457.210886,"[[115]
 [104]
 [111]
 [119]
 [ 95]
 [100]
 [ 97]
 [115]
 [104]]",51.0,"[[119]
 [111]
 [114]
 [107]
 [ 95]
 [109]
 [101]
 [109]
 [111]
 [114]
 [121]]",45.0,NORMAL,450.0,460.0
sub-004,2,211,115053.847550475,460.21139,"[[115]
 [104]
 [111]
 [119]
 [ 95]
 [108]
 [101]
 [116]
 [116]
 [101]
 [114]]",51.0,"[[112]
 [114]
 [111]
 [ 98]
 [101]
 [ 95]
 [110]
 [111]
 [116]
 [ 95]
 [115]
 [104]
 [111]
 [119]
 [110]]",81.0,REVIEW,460.0,470.0
sub-004,2,212,115370.84803417501,461.479392,"[[108]
 [101]
 [102]
 [116]
 [ 95]
 [ 99]
 [108]
 [105]
 [ 99]
 [107]]",51.0,"[[105]
 [103]
 [110]
 [111]
 [114]
 [101]
 [100]
 [ 95]
 [ 99]
 [111]
 [114]
 [114]
 [101]
 [ 99]
 [116]]","[[110]
 [ 47]
 [ 97]]",REVIEW,460.0,470.0
sub-004,2,213,115470.8731868,461.879493,"[[115]
 [111]
 [117]
 [110]
 [100]
 [ 95]
 [ 98]
 [101]
 [101]
 [112]]",51.0,"[[102]
 [101]
 [101]
 [100]
 [ 98]
 [ 97]
 [ 99]
 [107]
 [ 95]
 [ 99]
 [111]
 [114]
 [114]
 [101]
 [ 99]
 [116]]","[[110]
 [ 47]
 [ 97]]",REVIEW,460.0,470.0
sub-004,2,214,117170.12577965,468.676503,"[[114]
 [105]
 [103]
 [104]
 [116]
 [ 95]
 [ 99]
 [108]
 [105]
 [ 99]
 [107]]",51.0,"[[105]
 [110]
 [100]
 [105]
 [ 99]
 [ 97]
 [116]
 [101]
 [ 95]
 [114]
 [101]
 [ 97]
 [100]
 [121]]","[[110]
 [ 47]
 [ 97]]",REVIEW,460.0,470.0
sub-004,2,215,117178.5507925,468.710203,"[[115]
 [104]
 [111]
 [119]
 [ 95]
 [ 99]
 [114]
 [111]
 [115]
 [115]]",53.0,"[[102]
 [105]
 [120]
 [ 97]
 [116]
 [101]]",43.0,REVIEW,460.0,470.0
sub-004,2,216,118490.102793775,473.956411,"[[115]
 [104]
 [111]
 [119]
 [ 95]
 [108]
 [101]
 [116]
 [116]
 [101]
 [114]]",53.0,"[[116]
 [111]
 [ 95]
 [114]
 [101]
 [109]
 [101]
 [109]
 [ 98]
 [101]
 [114]]",82.0,NORMAL,470.0,480.0
sub-004,2,217,118850.553343775,475.398213,"[[115]
 [104]
 [111]
 [119]
 [ 95]
 [108]
 [101]
 [116]
 [116]
 [101]
 [114]]",53.0,"[[116]
 [111]
 [ 95]
 [114]
 [101]
 [109]
 [101]
 [109]
 [ 98]
 [101]
 [114]]",67.0,NORMAL,470.0,480.0
sub-004,2,218,119210.7538934,476.839016,"[[115]
 [104]
 [111]
 [119]
 [ 95]
 [108]
 [101]
 [116]
 [116]
 [101]
 [114]]",53.0,"[[116]
 [111]
 [ 95]
 [105]
 [103]
 [110]
 [111]
 [114]
 [101]]",88.0,NORMAL,470.0,480.0
sub-004,2,219,119571.17944335,478.280718,"[[115]
 [104]
 [111]
 [119]
 [ 95]
 [108]
 [101]
 [116]
 [116]
 [101]
 [114]]",53.0,"[[116]
 [111]
 [ 95]
 [114]
 [101]
 [109]
 [101]
 [109]
 [ 98]
 [101]
 [114]]",72.0,NORMAL,470.0,480.0
sub-004,2,220,119931.65499339999,479.72262,"[[115]
 [104]
 [111]
 [119]
 [ 95]
 [108]
 [101]
 [116]
 [116]
 [101]
 [114]]",53.0,"[[116]
 [111]
 [ 95]
 [114]
 [101]
 [109]
 [101]
 [109]
 [ 98]
 [101]
 [114]]",78.0,NORMAL,470.0,480.0
sub-004,2,221,120292.080543375,481.164322,"[[115]
 [104]
 [111]
 [119]
 [ 95]
 [108]
 [101]
 [116]
 [116]
 [101]
 [114]]",53.0,"[[116]
 [111]
 [ 95]
 [114]
 [101]
 [109]
 [101]
 [109]
 [ 98]
 [101]
 [114]]",80.0,NORMAL,480.0,490.0
sub-004,2,222,120652.281092975,482.605124,"[[115]
 [104]
 [111]
 [119]
 [ 95]
 [108]
 [101]
 [116]
 [116]
 [101]
 [114]]",53.0,"[[116]
 [111]
 [ 95]
 [105]
 [103]
 [110]
 [111]
 [114]
 [101]]",77.0,NORMAL,480.0,490.0
sub-004,2,223,121012.731643,484.046927,"[[115]
 [104]
 [111]
 [119]
 [ 95]
 [108]
 [101]
 [116]
 [116]
 [101]
 [114]]",53.0,"[[116]
 [111]
 [ 95]
 [105]
 [103]
 [110]
 [111]
 [114]
 [101]]",76.0,NORMAL,480.0,490.0
sub-004,2,224,121373.182193,485.488729,"[[115]
 [104]
 [111]
 [119]
 [ 95]
 [100]
 [ 97]
 [115]
 [104]]",53.0,"[[119]
 [111]
 [114]
 [107]
 [ 95]
 [109]
 [101]
 [109]
 [111]
 [114]
 [121]]",45.0,NORMAL,480.0,490.0
sub-004,2,225,122215.30847797499,488.857234,"[[115]
 [104]
 [111]
 [119]
 [ 95]
 [108]
 [101]
 [116]
 [116]
 [101]
 [114]]",53.0,"[[112]
 [114]
 [111]
 [ 98]
 [101]
 [ 95]
 [116]
 [ 97]
 [114]
 [103]
 [101]
 [116]]",80.0,NORMAL,480.0,490.0
sub-004,2,226,122449.35883509999,489.793435,"[[114]
 [105]
 [103]
 [104]
 [116]
 [ 95]
 [ 99]
 [108]
 [105]
 [ 99]
 [107]]",53.0,"[[114]
 [101]
 [109]
 [101]
 [109]
 [ 98]
 [101]
 [114]
 [101]
 [100]
 [ 95]
 [ 99]
 [111]
 [114]
 [114]
 [101]
 [ 99]
 [116]]","[[110]
 [ 47]
 [ 97]]",NORMAL,480.0,490.0
sub-004,2,227,122549.40898777501,490.193636,"[[115]
 [111]
 [117]
 [110]
 [100]
 [ 95]
 [ 98]
 [101]
 [101]
 [112]]",53.0,"[[102]
 [101]
 [101]
 [100]
 [ 98]
 [ 97]
 [ 99]
 [107]
 [ 95]
 [ 99]
 [111]
 [114]
 [114]
 [101]
 [ 99]
 [116]]","[[110]
 [ 47]
 [ 97]]",GLOBAL_ARTIFACT,490.0,500.0
sub-004,2,228,124301.36166102499,497.201447,"[[114]
 [105]
 [103]
 [104]
 [116]
 [ 95]
 [ 99]
 [108]
 [105]
 [ 99]
 [107]]",53.0,"[[105]
 [110]
 [100]
 [105]
 [ 99]
 [ 97]
 [116]
 [101]
 [ 95]
 [114]
 [101]
 [ 97]
 [100]
 [121]]","[[110]
 [ 47]
 [ 97]]",GLOBAL_ARTIFACT,490.0,500.0
sub-004,2,229,124306.48666884999,497.221947,"[[115]
 [104]
 [111]
 [119]
 [ 95]
 [ 99]
 [114]
 [111]
 [115]
 [115]]",55.0,"[[102]
 [105]
 [120]
 [ 97]
 [116]
 [101]]",43.0,GLOBAL_ARTIFACT,490.0,500.0
sub-004,2,230,125618.038670125,502.468155,"[[115]
 [104]
 [111]
 [119]
 [ 95]
 [108]
 [101]
 [116]
 [116]
 [101]
 [114]]",55.0,"[[116]
 [111]
 [ 95]
 [114]
 [101]
 [109]
 [101]
 [109]
 [ 98]
 [101]
 [114]]",66.0,NORMAL,500.0,510.0
sub-004,2,231,125978.48922012499,503.909957,"[[115]
 [104]
 [111]
 [119]
 [ 95]
 [108]
 [101]
 [116]
 [116]
 [101]
 [114]]",55.0,"[[116]
 [111]
 [ 95]
 [114]
 [101]
 [109]
 [101]
 [109]
 [ 98]
 [101]
 [114]]",78.0,NORMAL,500.0,510.0
sub-004,2,232,126338.68976975,505.350759,"[[115]
 [104]
 [111]
 [119]
 [ 95]
 [108]
 [101]
 [116]
 [116]
 [101]
 [114]]",55.0,"[[116]
 [111]
 [ 95]
 [114]
 [101]
 [109]
 [101]
 [109]
 [ 98]
 [101]
 [114]]",82.0,NORMAL,500.0,510.0
sub-004,2,233,126699.14031974999,506.792561,"[[115]
 [104]
 [111]
 [119]
 [ 95]
 [108]
 [101]
 [116]
 [116]
 [101]
 [114]]",55.0,"[[116]
 [111]
 [ 95]
 [114]
 [101]
 [109]
 [101]
 [109]
 [ 98]
 [101]
 [114]]",71.0,NORMAL,500.0,510.0
sub-004,2,234,127059.59086975001,508.234363,"[[115]
 [104]
 [111]
 [119]
 [ 95]
 [108]
 [101]
 [116]
 [116]
 [101]
 [114]]",55.0,"[[116]
 [111]
 [ 95]
 [114]
 [101]
 [109]
 [101]
 [109]
 [ 98]
 [101]
 [114]]",89.0,NORMAL,500.0,510.0
sub-004,2,235,127420.016419725,509.676066,"[[115]
 [104]
 [111]
 [119]
 [ 95]
 [108]
 [101]
 [116]
 [116]
 [101]
 [114]]",55.0,"[[116]
 [111]
 [ 95]
 [114]
 [101]
 [109]
 [101]
 [109]
 [ 98]
 [101]
 [114]]",90.0,NORMAL,500.0,510.0
sub-004,2,236,127780.216969325,511.116868,"[[115]
 [104]
 [111]
 [119]
 [ 95]
 [108]
 [101]
 [116]
 [116]
 [101]
 [114]]",55.0,"[[116]
 [111]
 [ 95]
 [114]
 [101]
 [109]
 [101]
 [109]
 [ 98]
 [101]
 [114]]",77.0,REVIEW,510.0,520.0
sub-004,2,237,128140.6425193,512.55857,"[[115]
 [104]
 [111]
 [119]
 [ 95]
 [108]
 [101]
 [116]
 [116]
 [101]
 [114]]",55.0,"[[116]
 [111]
 [ 95]
 [105]
 [103]
 [110]
 [111]
 [114]
 [101]]",88.0,REVIEW,510.0,520.0
sub-004,2,238,128501.0930693,514.000372,"[[115]
 [104]
 [111]
 [119]
 [ 95]
 [100]
 [ 97]
 [115]
 [104]]",55.0,"[[119]
 [111]
 [114]
 [107]
 [ 95]
 [109]
 [101]
 [109]
 [111]
 [114]
 [121]]",45.0,REVIEW,510.0,520.0
sub-004,2,239,129142.26904765001,516.565076,"[[115]
 [104]
 [111]
 [119]
 [ 95]
 [108]
 [101]
 [116]
 [116]
 [101]
 [114]]",55.0,"[[112]
 [114]
 [111]
 [ 98]
 [101]
 [ 95]
 [116]
 [ 97]
 [114]
 [103]
 [101]
 [116]]",90.0,REVIEW,510.0,520.0
sub-004,2,240,130542.99618499998,522.167985,"[[114]
 [105]
 [103]
 [104]
 [116]
 [ 95]
 [ 99]
 [108]
 [105]
 [ 99]
 [107]]",55.0,"[[114]
 [101]
 [109]
 [101]
 [109]
 [ 98]
 [101]
 [114]
 [101]
 [100]
 [ 95]
 [ 99]
 [111]
 [114]
 [114]
 [101]
 [ 99]
 [116]]","[[110]
 [ 47]
 [ 97]]",GLOBAL_ARTIFACT,520.0,530.0
sub-004,2,241,130643.02133762502,522.568085,"[[115]
 [111]
 [117]
 [110]
 [100]
 [ 95]
 [ 98]
 [101]
 [101]
 [112]]",55.0,"[[102]
 [101]
 [101]
 [100]
 [ 98]
 [ 97]
 [ 99]
 [107]
 [ 95]
 [ 99]
 [111]
 [114]
 [114]
 [101]
 [ 99]
 [116]]","[[110]
 [ 47]
 [ 97]]",GLOBAL_ARTIFACT,520.0,530.0
sub-004,2,242,132546.62424227502,530.182497,"[[114]
 [105]
 [103]
 [104]
 [116]
 [ 95]
 [ 99]
 [108]
 [105]
 [ 99]
 [107]]",55.0,"[[105]
 [110]
 [100]
 [105]
 [ 99]
 [ 97]
 [116]
 [101]
 [ 95]
 [114]
 [101]
 [ 97]
 [100]
 [121]]","[[110]
 [ 47]
 [ 97]]",GLOBAL_ARTIFACT,530.0,540.0
sub-004,2,243,132553.2492524,530.208997,"[[115]
 [104]
 [111]
 [119]
 [ 95]
 [ 99]
 [114]
 [111]
 [115]
 [115]]",53.0,"[[102]
 [105]
 [120]
 [ 97]
 [116]
 [101]]",43.0,GLOBAL_ARTIFACT,530.0,540.0
sub-004,2,244,133864.80125365,535.455205,"[[115]
 [104]
 [111]
 [119]
 [ 95]
 [108]
 [101]
 [116]
 [116]
 [101]
 [114]]",53.0,"[[116]
 [111]
 [ 95]
 [105]
 [103]
 [110]
 [111]
 [114]
 [101]]",72.0,GLOBAL_ARTIFACT,530.0,540.0
sub-004,2,245,134225.251803675,536.897007,"[[115]
 [104]
 [111]
 [119]
 [ 95]
 [108]
 [101]
 [116]
 [116]
 [101]
 [114]]",53.0,"[[116]
 [111]
 [ 95]
 [114]
 [101]
 [109]
 [101]
 [109]
 [ 98]
 [101]
 [114]]",84.0,GLOBAL_ARTIFACT,530.0,540.0
sub-004,2,246,134585.452353275,538.337809,"[[115]
 [104]
 [111]
 [119]
 [ 95]
 [108]
 [101]
 [116]
 [116]
 [101]
 [114]]",53.0,"[[116]
 [111]
 [ 95]
 [114]
 [101]
 [109]
 [101]
 [109]
 [ 98]
 [101]
 [114]]",88.0,GLOBAL_ARTIFACT,530.0,540.0
sub-004,2,247,134945.9029033,539.779612,"[[115]
 [104]
 [111]
 [119]
 [ 95]
 [108]
 [101]
 [116]
 [116]
 [101]
 [114]]",53.0,"[[116]
 [111]
 [ 95]
 [114]
 [101]
 [109]
 [101]
 [109]
 [ 98]
 [101]
 [114]]",86.0,GLOBAL_ARTIFACT,530.0,540.0
sub-004,2,248,135306.3534533,541.221414,"[[115]
 [104]
 [111]
 [119]
 [ 95]
 [108]
 [101]
 [116]
 [116]
 [101]
 [114]]",53.0,"[[116]
 [111]
 [ 95]
 [105]
 [103]
 [110]
 [111]
 [114]
 [101]]",70.0,NORMAL,540.0,550.0
sub-004,2,249,135666.529002875,542.662116,"[[115]
 [104]
 [111]
 [119]
 [ 95]
 [108]
 [101]
 [116]
 [116]
 [101]
 [114]]",53.0,"[[116]
 [111]
 [ 95]
 [114]
 [101]
 [109]
 [101]
 [109]
 [ 98]
 [101]
 [114]]",75.0,NORMAL,540.0,550.0
sub-004,2,250,136026.97955287498,544.103918,"[[115]
 [104]
 [111]
 [119]
 [ 95]
 [108]
 [101]
 [116]
 [116]
 [101]
 [114]]",53.0,"[[116]
 [111]
 [ 95]
 [105]
 [103]
 [110]
 [111]
 [114]
 [101]]",67.0,NORMAL,540.0,550.0
sub-004,2,251,136387.43010287502,545.54572,"[[115]
 [104]
 [111]
 [119]
 [ 95]
 [108]
 [101]
 [116]
 [116]
 [101]
 [114]]",53.0,"[[116]
 [111]
 [ 95]
 [114]
 [101]
 [109]
 [101]
 [109]
 [ 98]
 [101]
 [114]]",71.0,NORMAL,540.0,550.0
sub-004,2,252,136747.880652875,546.987523,"[[115]
 [104]
 [111]
 [119]
 [ 95]
 [100]
 [ 97]
 [115]
 [104]]",53.0,"[[119]
 [111]
 [114]
 [107]
 [ 95]
 [109]
 [101]
 [109]
 [111]
 [114]
 [121]]",45.0,NORMAL,540.0,550.0
sub-004,2,253,137334.53154805,549.334126,"[[115]
 [104]
 [111]
 [119]
 [ 95]
 [108]
 [101]
 [116]
 [116]
 [101]
 [114]]",53.0,"[[112]
 [114]
 [111]
 [ 98]
 [101]
 [ 95]
 [116]
 [ 97]
 [114]
 [103]
 [101]
 [116]]",88.0,NORMAL,540.0,550.0
sub-004,2,254,137898.28240825,551.58913,"[[114]
 [105]
 [103]
 [104]
 [116]
 [ 95]
 [ 99]
 [108]
 [105]
 [ 99]
 [107]]",53.0,"[[114]
 [101]
 [109]
 [101]
 [109]
 [ 98]
 [101]
 [114]
 [101]
 [100]
 [ 95]
 [ 99]
 [111]
 [114]
 [114]
 [101]
 [ 99]
 [116]]","[[110]
 [ 47]
 [ 97]]",GLOBAL_ARTIFACT,550.0,560.0
sub-004,2,255,137998.307560875,551.98923,"[[115]
 [111]
 [117]
 [110]
 [100]
 [ 95]
 [ 98]
 [101]
 [101]
 [112]]",53.0,"[[102]
 [101]
 [101]
 [100]
 [ 98]
 [ 97]
 [ 99]
 [107]
 [ 95]
 [ 99]
 [111]
 [114]
 [114]
 [101]
 [ 99]
 [116]]","[[110]
 [ 47]
 [ 97]]",GLOBAL_ARTIFACT,550.0,560.0
sub-004,2,256,139532.7849023,558.12714,"[[114]
 [105]
 [103]
 [104]
 [116]
 [ 95]
 [ 99]
 [108]
 [105]
 [ 99]
 [107]]",53.0,"[[105]
 [110]
 [100]
 [105]
 [ 99]
 [ 97]
 [116]
 [101]
 [ 95]
 [114]
 [101]
 [ 97]
 [100]
 [121]]","[[110]
 [ 47]
 [ 97]]",GLOBAL_ARTIFACT,550.0,560.0
sub-004,2,257,139538.70991135,558.15084,"[[115]
 [104]
 [111]
 [119]
 [ 95]
 [ 99]
 [114]
 [111]
 [115]
 [115]]",51.0,"[[102]
 [105]
 [120]
 [ 97]
 [116]
 [101]]",43.0,GLOBAL_ARTIFACT,550.0,560.0
sub-004,2,258,140850.28691265002,563.397148,"[[115]
 [104]
 [111]
 [119]
 [ 95]
 [108]
 [101]
 [116]
 [116]
 [101]
 [114]]",51.0,"[[116]
 [111]
 [ 95]
 [114]
 [101]
 [109]
 [101]
 [109]
 [ 98]
 [101]
 [114]]",86.0,REVIEW,560.0,570.0
sub-004,2,259,141210.712462625,564.83885,"[[115]
 [104]
 [111]
 [119]
 [ 95]
 [108]
 [101]
 [116]
 [116]
 [101]
 [114]]",51.0,"[[116]
 [111]
 [ 95]
 [105]
 [103]
 [110]
 [111]
 [114]
 [101]]",87.0,REVIEW,560.0,570.0
sub-004,2,260,141570.91301225,566.279652,"[[115]
 [104]
 [111]
 [119]
 [ 95]
 [108]
 [101]
 [116]
 [116]
 [101]
 [114]]",51.0,"[[116]
 [111]
 [ 95]
 [105]
 [103]
 [110]
 [111]
 [114]
 [101]]",83.0,REVIEW,560.0,570.0
sub-004,2,261,141931.36356225,567.721454,"[[115]
 [104]
 [111]
 [119]
 [ 95]
 [108]
 [101]
 [116]
 [116]
 [101]
 [114]]",51.0,"[[116]
 [111]
 [ 95]
 [114]
 [101]
 [109]
 [101]
 [109]
 [ 98]
 [101]
 [114]]",82.0,REVIEW,560.0,570.0
sub-004,2,262,142291.7891122,569.163156,"[[115]
 [104]
 [111]
 [119]
 [ 95]
 [108]
 [101]
 [116]
 [116]
 [101]
 [114]]",51.0,"[[116]
 [111]
 [ 95]
 [105]
 [103]
 [110]
 [111]
 [114]
 [101]]",66.0,REVIEW,560.0,570.0
sub-004,2,263,142651.989661825,570.603959,"[[115]
 [104]
 [111]
 [119]
 [ 95]
 [108]
 [101]
 [116]
 [116]
 [101]
 [114]]",51.0,"[[116]
 [111]
 [ 95]
 [114]
 [101]
 [109]
 [101]
 [109]
 [ 98]
 [101]
 [114]]",78.0,NORMAL,570.0,580.0
sub-004,2,264,143012.44021182501,572.045761,"[[115]
 [104]
 [111]
 [119]
 [ 95]
 [108]
 [101]
 [116]
 [116]
 [101]
 [114]]",51.0,"[[116]
 [111]
 [ 95]
 [105]
 [103]
 [110]
 [111]
 [114]
 [101]]",80.0,NORMAL,570.0,580.0
sub-004,2,265,143372.890761825,573.487563,"[[115]
 [104]
 [111]
 [119]
 [ 95]
 [108]
 [101]
 [116]
 [116]
 [101]
 [114]]",51.0,"[[116]
 [111]
 [ 95]
 [105]
 [103]
 [110]
 [111]
 [114]
 [101]]",90.0,NORMAL,570.0,580.0
sub-004,2,266,143733.341311825,574.929365,"[[115]
 [104]
 [111]
 [119]
 [ 95]
 [100]
 [ 97]
 [115]
 [104]]",51.0,"[[119]
 [111]
 [114]
 [107]
 [ 95]
 [109]
 [101]
 [109]
 [111]
 [114]
 [121]]",45.0,NORMAL,570.0,580.0
sub-004,2,267,144755.66787177502,579.018671,"[[115]
 [104]
 [111]
 [119]
 [ 95]
 [108]
 [101]
 [116]
 [116]
 [101]
 [114]]",51.0,"[[112]
 [114]
 [111]
 [ 98]
 [101]
 [ 95]
 [110]
 [111]
 [116]
 [ 95]
 [115]
 [104]
 [111]
 [119]
 [110]]",88.0,NORMAL,570.0,580.0
sub-004,2,268,145062.49333995002,580.245973,"[[108]
 [101]
 [102]
 [116]
 [ 95]
 [ 99]
 [108]
 [105]
 [ 99]
 [107]]",51.0,"[[105]
 [103]
 [110]
 [111]
 [114]
 [101]
 [100]
 [ 95]
 [ 99]
 [111]
 [114]
 [114]
 [101]
 [ 99]
 [116]]","[[110]
 [ 47]
 [ 97]]",REVIEW,580.0,590.0
sub-004,2,269,145162.518492575,580.646074,"[[115]
 [111]
 [117]
 [110]
 [100]
 [ 95]
 [ 98]
 [101]
 [101]
 [112]]",51.0,"[[102]
 [101]
 [101]
 [100]
 [ 98]
 [ 97]
 [ 99]
 [107]
 [ 95]
 [ 99]
 [111]
 [114]
 [114]
 [101]
 [ 99]
 [116]]","[[110]
 [ 47]
 [ 97]]",REVIEW,580.0,590.0
sub-004,2,270,147474.722020725,589.894888,"[[114]
 [105]
 [103]
 [104]
 [116]
 [ 95]
 [ 99]
 [108]
 [105]
 [ 99]
 [107]]",51.0,"[[105]
 [110]
 [100]
 [105]
 [ 99]
 [ 97]
 [116]
 [101]
 [ 95]
 [114]
 [101]
 [ 97]
 [100]
 [121]]","[[110]
 [ 47]
 [ 97]]",REVIEW,580.0,590.0
sub-004,2,271,147479.547028075,589.914188,"[[115]
 [104]
 [111]
 [119]
 [ 95]
 [ 99]
 [114]
 [111]
 [115]
 [115]]",51.0,"[[102]
 [105]
 [120]
 [ 97]
 [116]
 [101]]",43.0,REVIEW,580.0,590.0
sub-004,2,272,148791.0740293,595.160296,"[[115]
 [104]
 [111]
 [119]
 [ 95]
 [108]
 [101]
 [116]
 [116]
 [101]
 [114]]",51.0,"[[116]
 [111]
 [ 95]
 [105]
 [103]
 [110]
 [111]
 [114]
 [101]]",83.0,NORMAL,590.0,600.0
sub-004,2,273,149151.52457932502,596.602098,"[[115]
 [104]
 [111]
 [119]
 [ 95]
 [108]
 [101]
 [116]
 [116]
 [101]
 [114]]",51.0,"[[116]
 [111]
 [ 95]
 [105]
 [103]
 [110]
 [111]
 [114]
 [101]]",78.0,NORMAL,590.0,600.0
sub-004,2,274,149511.725128925,598.042901,"[[115]
 [104]
 [111]
 [119]
 [ 95]
 [108]
 [101]
 [116]
 [116]
 [101]
 [114]]",51.0,"[[116]
 [111]
 [ 95]
 [114]
 [101]
 [109]
 [101]
 [109]
 [ 98]
 [101]
 [114]]",82.0,NORMAL,590.0,600.0
sub-004,2,275,149872.17567895,599.484703,"[[115]
 [104]
 [111]
 [119]
 [ 95]
 [108]
 [101]
 [116]
 [116]
 [101]
 [114]]",51.0,"[[116]
 [111]
 [ 95]
 [114]
 [101]
 [109]
 [101]
 [109]
 [ 98]
 [101]
 [114]]",88.0,NORMAL,590.0,600.0
sub-004,2,276,150232.6012289,600.926405,"[[115]
 [104]
 [111]
 [119]
 [ 95]
 [108]
 [101]
 [116]
 [116]
 [101]
 [114]]",51.0,"[[116]
 [111]
 [ 95]
 [114]
 [101]
 [109]
 [101]
 [109]
 [ 98]
 [101]
 [114]]",77.0,GLOBAL_ARTIFACT,600.0,610.0
sub-004,2,277,150593.05177889997,602.368207,"[[115]
 [104]
 [111]
 [119]
 [ 95]
 [108]
 [101]
 [116]
 [116]
 [101]
 [114]]",51.0,"[[116]
 [111]
 [ 95]
 [105]
 [103]
 [110]
 [111]
 [114]
 [101]]",84.0,GLOBAL_ARTIFACT,600.0,610.0
sub-004,2,278,150953.252328525,603.809009,"[[115]
 [104]
 [111]
 [119]
 [ 95]
 [108]
 [101]
 [116]
 [116]
 [101]
 [114]]",51.0,"[[116]
 [111]
 [ 95]
 [105]
 [103]
 [110]
 [111]
 [114]
 [101]]",66.0,GLOBAL_ARTIFACT,600.0,610.0
sub-004,2,279,151313.702878525,605.250812,"[[115]
 [104]
 [111]
 [119]
 [ 95]
 [108]
 [101]
 [116]
 [116]
 [101]
 [114]]",51.0,"[[116]
 [111]
 [ 95]
 [105]
 [103]
 [110]
 [111]
 [114]
 [101]]",71.0,GLOBAL_ARTIFACT,600.0,610.0
sub-004,2,280,151674.15342852502,606.692614,"[[115]
 [104]
 [111]
 [119]
 [ 95]
 [100]
 [ 97]
 [115]
 [104]]",51.0,"[[119]
 [111]
 [114]
 [107]
 [ 95]
 [109]
 [101]
 [109]
 [111]
 [114]
 [121]]",45.0,GLOBAL_ARTIFACT,600.0,610.0
sub-004,2,281,152545.7547585,610.179019,"[[115]
 [104]
 [111]
 [119]
 [ 95]
 [108]
 [101]
 [116]
 [116]
 [101]
 [114]]",51.0,"[[112]
 [114]
 [111]
 [ 98]
 [101]
 [ 95]
 [116]
 [ 97]
 [114]
 [103]
 [101]
 [116]]",82.0,GLOBAL_ARTIFACT,610.0,620.0
sub-004,2,282,152720.95502582498,610.87982,"[[114]
 [105]
 [103]
 [104]
 [116]
 [ 95]
 [ 99]
 [108]
 [105]
 [ 99]
 [107]]",51.0,"[[114]
 [101]
 [109]
 [101]
 [109]
 [ 98]
 [101]
 [114]
 [101]
 [100]
 [ 95]
 [ 99]
 [111]
 [114]
 [114]
 [101]
 [ 99]
 [116]]","[[110]
 [ 47]
 [ 97]]",GLOBAL_ARTIFACT,610.0,620.0
sub-004,2,283,152820.98017845,611.279921,"[[115]
 [111]
 [117]
 [110]
 [100]
 [ 95]
 [ 98]
 [101]
 [101]
 [112]]",51.0,"[[102]
 [101]
 [101]
 [100]
 [ 98]
 [ 97]
 [ 99]
 [107]
 [ 95]
 [ 99]
 [111]
 [114]
 [114]
 [101]
 [ 99]
 [116]]","[[110]
 [ 47]
 [ 97]]",GLOBAL_ARTIFACT,610.0,620.0
sub-004,2,284,153656.806453825,614.623226,"[[114]
 [105]
 [103]
 [104]
 [116]
 [ 95]
 [ 99]
 [108]
 [105]
 [ 99]
 [107]]",51.0,"[[105]
 [110]
 [100]
 [105]
 [ 99]
 [ 97]
 [116]
 [101]
 [ 95]
 [114]
 [101]
 [ 97]
 [100]
 [121]]","[[110]
 [ 47]
 [ 97]]",GLOBAL_ARTIFACT,610.0,620.0
sub-004,2,285,153664.606465725,614.654426,"[[115]
 [104]
 [111]
 [119]
 [ 95]
 [ 99]
 [114]
 [111]
 [115]
 [115]]",51.0,"[[102]
 [105]
 [120]
 [ 97]
 [116]
 [101]]",43.0,GLOBAL_ARTIFACT,610.0,620.0
sub-004,2,286,154976.158467,619.900634,"[[115]
 [104]
 [111]
 [119]
 [ 95]
 [108]
 [101]
 [116]
 [116]
 [101]
 [114]]",51.0,"[[116]
 [111]
 [ 95]
 [105]
 [103]
 [110]
 [111]
 [114]
 [101]]",78.0,GLOBAL_ARTIFACT,610.0,620.0
sub-004,2,287,155336.609017,621.342436,"[[115]
 [104]
 [111]
 [119]
 [ 95]
 [108]
 [101]
 [116]
 [116]
 [101]
 [114]]",51.0,"[[116]
 [111]
 [ 95]
 [105]
 [103]
 [110]
 [111]
 [114]
 [101]]",66.0,GLOBAL_ARTIFACT,620.0,630.0
sub-004,2,288,155696.78456657502,622.783138,"[[115]
 [104]
 [111]
 [119]
 [ 95]
 [108]
 [101]
 [116]
 [116]
 [101]
 [114]]",51.0,"[[116]
 [111]
 [ 95]
 [114]
 [101]
 [109]
 [101]
 [109]
 [ 98]
 [101]
 [114]]",84.0,GLOBAL_ARTIFACT,620.0,630.0
sub-004,2,289,156057.235116575,624.22494,"[[115]
 [104]
 [111]
 [119]
 [ 95]
 [108]
 [101]
 [116]
 [116]
 [101]
 [114]]",51.0,"[[116]
 [111]
 [ 95]
 [114]
 [101]
 [109]
 [101]
 [109]
 [ 98]
 [101]
 [114]]",83.0,GLOBAL_ARTIFACT,620.0,630.0
sub-004,2,290,156417.685666575,625.666743,"[[115]
 [104]
 [111]
 [119]
 [ 95]
 [108]
 [101]
 [116]
 [116]
 [101]
 [114]]",51.0,"[[116]
 [111]
 [ 95]
 [114]
 [101]
 [109]
 [101]
 [109]
 [ 98]
 [101]
 [114]]",88.0,GLOBAL_ARTIFACT,620.0,630.0
sub-004,2,291,156778.136216575,627.108545,"[[115]
 [104]
 [111]
 [119]
 [ 95]
 [108]
 [101]
 [116]
 [116]
 [101]
 [114]]",51.0,"[[116]
 [111]
 [ 95]
 [105]
 [103]
 [110]
 [111]
 [114]
 [101]]",67.0,GLOBAL_ARTIFACT,620.0,630.0
sub-004,2,292,157138.3367662,628.549347,"[[115]
 [104]
 [111]
 [119]
 [ 95]
 [108]
 [101]
 [116]
 [116]
 [101]
 [114]]",51.0,"[[116]
 [111]
 [ 95]
 [105]
 [103]
 [110]
 [111]
 [114]
 [101]]",81.0,GLOBAL_ARTIFACT,620.0,630.0
sub-004,2,293,157498.7873162,629.991149,"[[115]
 [104]
 [111]
 [119]
 [ 95]
 [108]
 [101]
 [116]
 [116]
 [101]
 [114]]",51.0,"[[116]
 [111]
 [ 95]
 [105]
 [103]
 [110]
 [111]
 [114]
 [101]]",82.0,GLOBAL_ARTIFACT,620.0,630.0
sub-004,2,294,157859.2378662,631.432951,"[[115]
 [104]
 [111]
 [119]
 [ 95]
 [100]
 [ 97]
 [115]
 [104]]",51.0,"[[119]
 [111]
 [114]
 [107]
 [ 95]
 [109]
 [101]
 [109]
 [111]
 [114]
 [121]]",45.0,GLOBAL_ARTIFACT,630.0,640.0
sub-004,2,295,158718.0891767,634.868357,"[[115]
 [104]
 [111]
 [119]
 [ 95]
 [108]
 [101]
 [116]
 [116]
 [101]
 [114]]",51.0,"[[112]
 [114]
 [111]
 [ 98]
 [101]
 [ 95]
 [116]
 [ 97]
 [114]
 [103]
 [101]
 [116]]",83.0,GLOBAL_ARTIFACT,630.0,640.0
sub-004,2,296,158968.839559325,635.871358,"[[114]
 [105]
 [103]
 [104]
 [116]
 [ 95]
 [ 99]
 [108]
 [105]
 [ 99]
 [107]]",51.0,"[[114]
 [101]
 [109]
 [101]
 [109]
 [ 98]
 [101]
 [114]
 [101]
 [100]
 [ 95]
 [ 99]
 [111]
 [114]
 [114]
 [101]
 [ 99]
 [116]]","[[110]
 [ 47]
 [ 97]]",GLOBAL_ARTIFACT,630.0,640.0
sub-004,2,297,159068.889712,636.271559,"[[115]
 [111]
 [117]
 [110]
 [100]
 [ 95]
 [ 98]
 [101]
 [101]
 [112]]",51.0,"[[102]
 [101]
 [101]
 [100]
 [ 98]
 [ 97]
 [ 99]
 [107]
 [ 95]
 [ 99]
 [111]
 [114]
 [114]
 [101]
 [ 99]
 [116]]","[[110]
 [ 47]
 [ 97]]",GLOBAL_ARTIFACT,630.0,640.0
sub-004,2,298,161268.96806905,645.071872,"[[114]
 [105]
 [103]
 [104]
 [116]
 [ 95]
 [ 99]
 [108]
 [105]
 [ 99]
 [107]]",51.0,"[[105]
 [110]
 [100]
 [105]
 [ 99]
 [ 97]
 [116]
 [101]
 [ 95]
 [114]
 [101]
 [ 97]
 [100]
 [121]]","[[110]
 [ 47]
 [ 97]]",GLOBAL_ARTIFACT,640.0,650.0
sub-004,2,299,161274.4430774,645.093772,"[[115]
 [104]
 [111]
 [119]
 [ 95]
 [ 99]
 [114]
 [111]
 [115]
 [115]]",55.0,"[[102]
 [105]
 [120]
 [ 97]
 [116]
 [101]]",43.0,GLOBAL_ARTIFACT,640.0,650.0
sub-004,2,300,162586.045078725,650.34018,"[[115]
 [104]
 [111]
 [119]
 [ 95]
 [108]
 [101]
 [116]
 [116]
 [101]
 [114]]",55.0,"[[116]
 [111]
 [ 95]
 [114]
 [101]
 [109]
 [101]
 [109]
 [ 98]
 [101]
 [114]]",80.0,NORMAL,650.0,660.0
sub-004,2,301,162946.47062870002,651.781883,"[[115]
 [104]
 [111]
 [119]
 [ 95]
 [108]
 [101]
 [116]
 [116]
 [101]
 [114]]",55.0,"[[116]
 [111]
 [ 95]
 [105]
 [103]
 [110]
 [111]
 [114]
 [101]]",81.0,NORMAL,650.0,660.0
sub-004,2,302,163306.646178275,653.222585,"[[115]
 [104]
 [111]
 [119]
 [ 95]
 [108]
 [101]
 [116]
 [116]
 [101]
 [114]]",55.0,"[[116]
 [111]
 [ 95]
 [114]
 [101]
 [109]
 [101]
 [109]
 [ 98]
 [101]
 [114]]",83.0,NORMAL,650.0,660.0
sub-004,2,303,163667.096728275,654.664387,"[[115]
 [104]
 [111]
 [119]
 [ 95]
 [108]
 [101]
 [116]
 [116]
 [101]
 [114]]",55.0,"[[116]
 [111]
 [ 95]
 [114]
 [101]
 [109]
 [101]
 [109]
 [ 98]
 [101]
 [114]]",87.0,NORMAL,650.0,660.0
sub-004,2,304,164027.54727830002,656.106189,"[[115]
 [104]
 [111]
 [119]
 [ 95]
 [108]
 [101]
 [116]
 [116]
 [101]
 [114]]",55.0,"[[116]
 [111]
 [ 95]
 [114]
 [101]
 [109]
 [101]
 [109]
 [ 98]
 [101]
 [114]]",68.0,NORMAL,650.0,660.0
sub-004,2,305,164387.7478279,657.546991,"[[115]
 [104]
 [111]
 [119]
 [ 95]
 [108]
 [101]
 [116]
 [116]
 [101]
 [114]]",55.0,"[[116]
 [111]
 [ 95]
 [114]
 [101]
 [109]
 [101]
 [109]
 [ 98]
 [101]
 [114]]",70.0,NORMAL,650.0,660.0
sub-004,2,306,164748.198377925,658.988794,"[[115]
 [104]
 [111]
 [119]
 [ 95]
 [108]
 [101]
 [116]
 [116]
 [101]
 [114]]",55.0,"[[116]
 [111]
 [ 95]
 [114]
 [101]
 [109]
 [101]
 [109]
 [ 98]
 [101]
 [114]]",67.0,NORMAL,650.0,660.0
sub-004,2,307,165108.648927925,660.430596,"[[115]
 [104]
 [111]
 [119]
 [ 95]
 [108]
 [101]
 [116]
 [116]
 [101]
 [114]]",55.0,"[[116]
 [111]
 [ 95]
 [114]
 [101]
 [109]
 [101]
 [109]
 [ 98]
 [101]
 [114]]",72.0,NORMAL,660.0,670.0
sub-004,2,308,165469.074477875,661.872298,"[[115]
 [104]
 [111]
 [119]
 [ 95]
 [100]
 [ 97]
 [115]
 [104]]",55.0,"[[119]
 [111]
 [114]
 [107]
 [ 95]
 [109]
 [101]
 [109]
 [111]
 [114]
 [121]]",45.0,NORMAL,660.0,670.0
sub-004,2,309,166043.00035362502,664.168001,"[[115]
 [104]
 [111]
 [119]
 [ 95]
 [108]
 [101]
 [116]
 [116]
 [101]
 [114]]",55.0,"[[112]
 [114]
 [111]
 [ 98]
 [101]
 [ 95]
 [110]
 [111]
 [116]
 [ 95]
 [115]
 [104]
 [111]
 [119]
 [110]]",88.0,NORMAL,660.0,670.0
sub-004,2,310,166310.775762225,665.239103,"[[108]
 [101]
 [102]
 [116]
 [ 95]
 [ 99]
 [108]
 [105]
 [ 99]
 [107]]",55.0,"[[105]
 [103]
 [110]
 [111]
 [114]
 [101]
 [100]
 [ 95]
 [ 99]
 [111]
 [114]
 [114]
 [101]
 [ 99]
 [116]]","[[110]
 [ 47]
 [ 97]]",NORMAL,660.0,670.0
sub-004,2,311,166410.80091485,665.639204,"[[115]
 [111]
 [117]
 [110]
 [100]
 [ 95]
 [ 98]
 [101]
 [101]
 [112]]",55.0,"[[102]
 [101]
 [101]
 [100]
 [ 98]
 [ 97]
 [ 99]
 [107]
 [ 95]
 [ 99]
 [111]
 [114]
 [114]
 [101]
 [ 99]
 [116]]","[[110]
 [ 47]
 [ 97]]",NORMAL,660.0,670.0
sub-004,2,312,167398.2024215,669.58881,"[[114]
 [105]
 [103]
 [104]
 [116]
 [ 95]
 [ 99]
 [108]
 [105]
 [ 99]
 [107]]",55.0,"[[105]
 [110]
 [100]
 [105]
 [ 99]
 [ 97]
 [116]
 [101]
 [ 95]
 [114]
 [101]
 [ 97]
 [100]
 [121]]","[[110]
 [ 47]
 [ 97]]",NORMAL,660.0,670.0
sub-004,2,313,167405.05243195,669.61621,"[[115]
 [104]
 [111]
 [119]
 [ 95]
 [ 99]
 [114]
 [111]
 [115]
 [115]]",51.0,"[[102]
 [105]
 [120]
 [ 97]
 [116]
 [101]]",43.0,NORMAL,660.0,670.0
sub-004,2,314,168716.6044332,674.862418,"[[115]
 [104]
 [111]
 [119]
 [ 95]
 [108]
 [101]
 [116]
 [116]
 [101]
 [114]]",51.0,"[[116]
 [111]
 [ 95]
 [114]
 [101]
 [109]
 [101]
 [109]
 [ 98]
 [101]
 [114]]",80.0,GLOBAL_ARTIFACT,670.0,680.0
sub-004,2,315,169077.05498322498,676.30422,"[[115]
 [104]
 [111]
 [119]
 [ 95]
 [108]
 [101]
 [116]
 [116]
 [101]
 [114]]",51.0,"[[116]
 [111]
 [ 95]
 [105]
 [103]
 [110]
 [111]
 [114]
 [101]]",75.0,GLOBAL_ARTIFACT,670.0,680.0
sub-004,2,316,169437.255532825,677.745022,"[[115]
 [104]
 [111]
 [119]
 [ 95]
 [108]
 [101]
 [116]
 [116]
 [101]
 [114]]",51.0,"[[116]
 [111]
 [ 95]
 [114]
 [101]
 [109]
 [101]
 [109]
 [ 98]
 [101]
 [114]]",66.0,GLOBAL_ARTIFACT,670.0,680.0
sub-004,2,317,169797.6810828,679.186724,"[[115]
 [104]
 [111]
 [119]
 [ 95]
 [108]
 [101]
 [116]
 [116]
 [101]
 [114]]",51.0,"[[116]
 [111]
 [ 95]
 [105]
 [103]
 [110]
 [111]
 [114]
 [101]]",89.0,GLOBAL_ARTIFACT,670.0,680.0
sub-004,2,318,170158.1316328,680.628527,"[[115]
 [104]
 [111]
 [119]
 [ 95]
 [108]
 [101]
 [116]
 [116]
 [101]
 [114]]",51.0,"[[116]
 [111]
 [ 95]
 [114]
 [101]
 [109]
 [101]
 [109]
 [ 98]
 [101]
 [114]]",68.0,GLOBAL_ARTIFACT,680.0,690.0
sub-004,2,319,170518.33218242502,682.069329,"[[115]
 [104]
 [111]
 [119]
 [ 95]
 [108]
 [101]
 [116]
 [116]
 [101]
 [114]]",51.0,"[[116]
 [111]
 [ 95]
 [105]
 [103]
 [110]
 [111]
 [114]
 [101]]",77.0,GLOBAL_ARTIFACT,680.0,690.0
sub-004,2,320,170878.782732425,683.511131,"[[115]
 [104]
 [111]
 [119]
 [ 95]
 [108]
 [101]
 [116]
 [116]
 [101]
 [114]]",51.0,"[[116]
 [111]
 [ 95]
 [105]
 [103]
 [110]
 [111]
 [114]
 [101]]",67.0,GLOBAL_ARTIFACT,680.0,690.0
sub-004,2,321,171239.233282425,684.952933,"[[115]
 [104]
 [111]
 [119]
 [ 95]
 [108]
 [101]
 [116]
 [116]
 [101]
 [114]]",51.0,"[[116]
 [111]
 [ 95]
 [105]
 [103]
 [110]
 [111]
 [114]
 [101]]",70.0,GLOBAL_ARTIFACT,680.0,690.0
sub-004,2,322,171599.6588324,686.394635,"[[115]
 [104]
 [111]
 [119]
 [ 95]
 [100]
 [ 97]
 [115]
 [104]]",51.0,"[[119]
 [111]
 [114]
 [107]
 [ 95]
 [109]
 [101]
 [109]
 [111]
 [114]
 [121]]",45.0,GLOBAL_ARTIFACT,680.0,690.0
sub-004,2,323,172437.5351109,689.74614,"[[115]
 [104]
 [111]
 [119]
 [ 95]
 [108]
 [101]
 [116]
 [116]
 [101]
 [114]]",51.0,"[[112]
 [114]
 [111]
 [ 98]
 [101]
 [ 95]
 [116]
 [ 97]
 [114]
 [103]
 [101]
 [116]]",80.0,GLOBAL_ARTIFACT,680.0,690.0
sub-004,2,324,172677.260476675,690.705042,"[[114]
 [105]
 [103]
 [104]
 [116]
 [ 95]
 [ 99]
 [108]
 [105]
 [ 99]
 [107]]",51.0,"[[114]
 [101]
 [109]
 [101]
 [109]
 [ 98]
 [101]
 [114]
 [101]
 [100]
 [ 95]
 [ 99]
 [111]
 [114]
 [114]
 [101]
 [ 99]
 [116]]","[[110]
 [ 47]
 [ 97]]",GLOBAL_ARTIFACT,690.0,700.0
sub-004,2,325,172777.2856293,691.105143,"[[115]
 [111]
 [117]
 [110]
 [100]
 [ 95]
 [ 98]
 [101]
 [101]
 [112]]",51.0,"[[102]
 [101]
 [101]
 [100]
 [ 98]
 [ 97]
 [ 99]
 [107]
 [ 95]
 [ 99]
 [111]
 [114]
 [114]
 [101]
 [ 99]
 [116]]","[[110]
 [ 47]
 [ 97]]",GLOBAL_ARTIFACT,690.0,700.0
sub-004,2,326,175208.0143383,700.828057,"[[114]
 [105]
 [103]
 [104]
 [116]
 [ 95]
 [ 99]
 [108]
 [105]
 [ 99]
 [107]]",51.0,"[[105]
 [110]
 [100]
 [105]
 [ 99]
 [ 97]
 [116]
 [101]
 [ 95]
 [114]
 [101]
 [ 97]
 [100]
 [121]]","[[110]
 [ 47]
 [ 97]]",GLOBAL_ARTIFACT,700.0,710.0
sub-004,2,327,175215.889350325,700.859557,"[[115]
 [104]
 [111]
 [119]
 [ 95]
 [ 99]
 [114]
 [111]
 [115]
 [115]]",55.0,"[[102]
 [105]
 [120]
 [ 97]
 [116]
 [101]]",43.0,GLOBAL_ARTIFACT,700.0,710.0
sub-004,2,328,176527.441351575,706.105765,"[[115]
 [104]
 [111]
 [119]
 [ 95]
 [108]
 [101]
 [116]
 [116]
 [101]
 [114]]",55.0,"[[116]
 [111]
 [ 95]
 [114]
 [101]
 [109]
 [101]
 [109]
 [ 98]
 [101]
 [114]]",89.0,GLOBAL_ARTIFACT,700.0,710.0
sub-004,2,329,176887.8919016,707.547568,"[[115]
 [104]
 [111]
 [119]
 [ 95]
 [108]
 [101]
 [116]
 [116]
 [101]
 [114]]",55.0,"[[116]
 [111]
 [ 95]
 [114]
 [101]
 [109]
 [101]
 [109]
 [ 98]
 [101]
 [114]]",68.0,GLOBAL_ARTIFACT,700.0,710.0
sub-004,2,330,177248.34245159998,708.98937,"[[115]
 [104]
 [111]
 [119]
 [ 95]
 [108]
 [101]
 [116]
 [116]
 [101]
 [114]]",55.0,"[[116]
 [111]
 [ 95]
 [114]
 [101]
 [109]
 [101]
 [109]
 [ 98]
 [101]
 [114]]",81.0,GLOBAL_ARTIFACT,700.0,710.0
sub-004,2,331,177608.76800155,710.431072,"[[115]
 [104]
 [111]
 [119]
 [ 95]
 [108]
 [101]
 [116]
 [116]
 [101]
 [114]]",55.0,"[[116]
 [111]
 [ 95]
 [105]
 [103]
 [110]
 [111]
 [114]
 [101]]",86.0,GLOBAL_ARTIFACT,710.0,720.0
sub-004,2,332,177968.968551175,711.871874,"[[115]
 [104]
 [111]
 [119]
 [ 95]
 [108]
 [101]
 [116]
 [116]
 [101]
 [114]]",55.0,"[[116]
 [111]
 [ 95]
 [114]
 [101]
 [109]
 [101]
 [109]
 [ 98]
 [101]
 [114]]",71.0,GLOBAL_ARTIFACT,710.0,720.0
sub-004,2,333,178329.419101175,713.313676,"[[115]
 [104]
 [111]
 [119]
 [ 95]
 [108]
 [101]
 [116]
 [116]
 [101]
 [114]]",55.0,"[[116]
 [111]
 [ 95]
 [114]
 [101]
 [109]
 [101]
 [109]
 [ 98]
 [101]
 [114]]",76.0,GLOBAL_ARTIFACT,710.0,720.0
sub-004,2,334,178693.8696573,714.771479,"[[115]
 [104]
 [111]
 [119]
 [ 95]
 [108]
 [101]
 [116]
 [116]
 [101]
 [114]]",55.0,"[[116]
 [111]
 [ 95]
 [114]
 [101]
 [109]
 [101]
 [109]
 [ 98]
 [101]
 [114]]",70.0,GLOBAL_ARTIFACT,710.0,720.0
sub-004,2,335,179054.3202073,716.213281,"[[115]
 [104]
 [111]
 [119]
 [ 95]
 [108]
 [101]
 [116]
 [116]
 [101]
 [114]]",55.0,"[[116]
 [111]
 [ 95]
 [114]
 [101]
 [109]
 [101]
 [109]
 [ 98]
 [101]
 [114]]",83.0,GLOBAL_ARTIFACT,710.0,720.0
sub-004,2,336,179414.74575725,717.654983,"[[115]
 [104]
 [111]
 [119]
 [ 95]
 [100]
 [ 97]
 [115]
 [104]]",55.0,"[[119]
 [111]
 [114]
 [107]
 [ 95]
 [109]
 [101]
 [109]
 [111]
 [114]
 [121]]",45.0,GLOBAL_ARTIFACT,710.0,720.0
sub-004,2,337,180089.446786775,720.353787,"[[115]
 [104]
 [111]
 [119]
 [ 95]
 [108]
 [101]
 [116]
 [116]
 [101]
 [114]]",55.0,"[[112]
 [114]
 [111]
 [ 98]
 [101]
 [ 95]
 [116]
 [ 97]
 [114]
 [103]
 [101]
 [116]]",71.0,GLOBAL_ARTIFACT,720.0,730.0
sub-004,2,338,180829.8229165,723.315292,"[[114]
 [105]
 [103]
 [104]
 [116]
 [ 95]
 [ 99]
 [108]
 [105]
 [ 99]
 [107]]",55.0,"[[114]
 [101]
 [109]
 [101]
 [109]
 [ 98]
 [101]
 [114]
 [101]
 [100]
 [ 95]
 [ 99]
 [111]
 [114]
 [114]
 [101]
 [ 99]
 [116]]","[[110]
 [ 47]
 [ 97]]",GLOBAL_ARTIFACT,720.0,730.0
sub-004,2,339,180929.848069125,723.715392,"[[115]
 [111]
 [117]
 [110]
 [100]
 [ 95]
 [ 98]
 [101]
 [101]
 [112]]",55.0,"[[102]
 [101]
 [101]
 [100]
 [ 98]
 [ 97]
 [ 99]
 [107]
 [ 95]
 [ 99]
 [111]
 [114]
 [114]
 [101]
 [ 99]
 [116]]","[[110]
 [ 47]
 [ 97]]",GLOBAL_ARTIFACT,720.0,730.0
sub-004,2,340,181818.449425,727.269798,"[[114]
 [105]
 [103]
 [104]
 [116]
 [ 95]
 [ 99]
 [108]
 [105]
 [ 99]
 [107]]",55.0,"[[105]
 [110]
 [100]
 [105]
 [ 99]
 [ 97]
 [116]
 [101]
 [ 95]
 [114]
 [101]
 [ 97]
 [100]
 [121]]","[[110]
 [ 47]
 [ 97]]",GLOBAL_ARTIFACT,720.0,730.0
sub-004,3,1,847.0,3.384,"[[115]
 [104]
 [111]
 [119]
 [ 95]
 [ 99]
 [114]
 [111]
 [115]
 [115]]",51.0,"[[102]
 [105]
 [120]
 [ 97]
 [116]
 [101]]",43.0,GLOBAL_ARTIFACT,0.0,10.0
sub-004,3,2,2158.5542527,8.630217,"[[115]
 [104]
 [111]
 [119]
 [ 95]
 [108]
 [101]
 [116]
 [116]
 [101]
 [114]]",51.0,"[[116]
 [111]
 [ 95]
 [114]
 [101]
 [109]
 [101]
 [109]
 [ 98]
 [101]
 [114]]",66.0,GLOBAL_ARTIFACT,0.0,10.0
sub-004,3,3,2518.980421375,10.071922,"[[115]
 [104]
 [111]
 [119]
 [ 95]
 [108]
 [101]
 [116]
 [116]
 [101]
 [114]]",51.0,"[[116]
 [111]
 [ 95]
 [105]
 [103]
 [110]
 [111]
 [114]
 [101]]",70.0,GLOBAL_ARTIFACT,10.0,20.0
sub-004,3,4,2879.181589325,11.512726,"[[115]
 [104]
 [111]
 [119]
 [ 95]
 [108]
 [101]
 [116]
 [116]
 [101]
 [114]]",51.0,"[[116]
 [111]
 [ 95]
 [105]
 [103]
 [110]
 [111]
 [114]
 [101]]",72.0,GLOBAL_ARTIFACT,10.0,20.0
sub-004,3,5,3239.632758075,12.954531,"[[115]
 [104]
 [111]
 [119]
 [ 95]
 [108]
 [101]
 [116]
 [116]
 [101]
 [114]]",51.0,"[[116]
 [111]
 [ 95]
 [114]
 [101]
 [109]
 [101]
 [109]
 [ 98]
 [101]
 [114]]",82.0,GLOBAL_ARTIFACT,10.0,20.0
sub-004,3,6,3600.083926825,14.396336,"[[115]
 [104]
 [111]
 [119]
 [ 95]
 [108]
 [101]
 [116]
 [116]
 [101]
 [114]]",51.0,"[[116]
 [111]
 [ 95]
 [105]
 [103]
 [110]
 [111]
 [114]
 [101]]",90.0,GLOBAL_ARTIFACT,10.0,20.0
sub-004,3,7,3960.535095575,15.83814,"[[115]
 [104]
 [111]
 [119]
 [ 95]
 [108]
 [101]
 [116]
 [116]
 [101]
 [114]]",51.0,"[[116]
 [111]
 [ 95]
 [114]
 [101]
 [109]
 [101]
 [109]
 [ 98]
 [101]
 [114]]",71.0,GLOBAL_ARTIFACT,10.0,20.0
sub-004,3,8,4320.71126345,17.278845,"[[115]
 [104]
 [111]
 [119]
 [ 95]
 [108]
 [101]
 [116]
 [116]
 [101]
 [114]]",51.0,"[[116]
 [111]
 [ 95]
 [105]
 [103]
 [110]
 [111]
 [114]
 [101]]",77.0,GLOBAL_ARTIFACT,10.0,20.0
sub-004,3,9,4681.162432200001,18.72065,"[[115]
 [104]
 [111]
 [119]
 [ 95]
 [108]
 [101]
 [116]
 [116]
 [101]
 [114]]",51.0,"[[116]
 [111]
 [ 95]
 [105]
 [103]
 [110]
 [111]
 [114]
 [101]]",86.0,GLOBAL_ARTIFACT,10.0,20.0
sub-004,3,10,5041.613600950001,20.162454,"[[115]
 [104]
 [111]
 [119]
 [ 95]
 [100]
 [ 97]
 [115]
 [104]]",51.0,"[[119]
 [111]
 [114]
 [107]
 [ 95]
 [109]
 [101]
 [109]
 [111]
 [114]
 [121]]",45.0,GLOBAL_ARTIFACT,20.0,30.0
sub-004,3,11,5921.4914539500005,23.681966,"[[115]
 [104]
 [111]
 [119]
 [ 95]
 [108]
 [101]
 [116]
 [116]
 [101]
 [114]]",51.0,"[[112]
 [114]
 [111]
 [ 98]
 [101]
 [ 95]
 [116]
 [ 97]
 [114]
 [103]
 [101]
 [116]]",66.0,GLOBAL_ARTIFACT,20.0,30.0
sub-004,3,12,6337.8428039499995,25.347371,"[[114]
 [105]
 [103]
 [104]
 [116]
 [ 95]
 [ 99]
 [108]
 [105]
 [ 99]
 [107]]",51.0,"[[114]
 [101]
 [109]
 [101]
 [109]
 [ 98]
 [101]
 [114]
 [101]
 [100]
 [ 95]
 [ 99]
 [111]
 [114]
 [114]
 [101]
 [ 99]
 [116]]","[[110]
 [ 47]
 [ 97]]",GLOBAL_ARTIFACT,20.0,30.0
sub-004,3,13,6437.8681283000005,25.747473,"[[115]
 [111]
 [117]
 [110]
 [100]
 [ 95]
 [ 98]
 [101]
 [101]
 [112]]",51.0,"[[102]
 [101]
 [101]
 [100]
 [ 98]
 [ 97]
 [ 99]
 [107]
 [ 95]
 [ 99]
 [111]
 [114]
 [114]
 [101]
 [ 99]
 [116]]","[[110]
 [ 47]
 [ 97]]",GLOBAL_ARTIFACT,20.0,30.0
sub-004,3,14,6983.7198982,27.93088,"[[114]
 [105]
 [103]
 [104]
 [116]
 [ 95]
 [ 99]
 [108]
 [105]
 [ 99]
 [107]]",51.0,"[[105]
 [110]
 [100]
 [105]
 [ 99]
 [ 97]
 [116]
 [101]
 [ 95]
 [114]
 [101]
 [ 97]
 [100]
 [121]]","[[110]
 [ 47]
 [ 97]]",GLOBAL_ARTIFACT,20.0,30.0
sub-004,3,15,6990.0699188,27.95628,"[[115]
 [104]
 [111]
 [119]
 [ 95]
 [ 99]
 [114]
 [111]
 [115]
 [115]]",53.0,"[[102]
 [105]
 [120]
 [ 97]
 [116]
 [101]]",43.0,GLOBAL_ARTIFACT,20.0,30.0
sub-004,3,16,8301.624171475001,33.202497,"[[115]
 [104]
 [111]
 [119]
 [ 95]
 [108]
 [101]
 [116]
 [116]
 [101]
 [114]]",53.0,"[[116]
 [111]
 [ 95]
 [114]
 [101]
 [109]
 [101]
 [109]
 [ 98]
 [101]
 [114]]",86.0,REVIEW,30.0,40.0
sub-004,3,17,8662.07534025,34.644301,"[[115]
 [104]
 [111]
 [119]
 [ 95]
 [108]
 [101]
 [116]
 [116]
 [101]
 [114]]",53.0,"[[116]
 [111]
 [ 95]
 [114]
 [101]
 [109]
 [101]
 [109]
 [ 98]
 [101]
 [114]]",87.0,REVIEW,30.0,40.0
sub-004,3,18,9022.526509,36.086106,"[[115]
 [104]
 [111]
 [119]
 [ 95]
 [108]
 [101]
 [116]
 [116]
 [101]
 [114]]",53.0,"[[116]
 [111]
 [ 95]
 [105]
 [103]
 [110]
 [111]
 [114]
 [101]]",81.0,REVIEW,30.0,40.0
sub-004,3,19,9382.97767775,37.527911,"[[115]
 [104]
 [111]
 [119]
 [ 95]
 [108]
 [101]
 [116]
 [116]
 [101]
 [114]]",53.0,"[[116]
 [111]
 [ 95]
 [114]
 [101]
 [109]
 [101]
 [109]
 [ 98]
 [101]
 [114]]",83.0,REVIEW,30.0,40.0
sub-004,3,20,9743.1788457,38.968715,"[[115]
 [104]
 [111]
 [119]
 [ 95]
 [108]
 [101]
 [116]
 [116]
 [101]
 [114]]",53.0,"[[116]
 [111]
 [ 95]
 [105]
 [103]
 [110]
 [111]
 [114]
 [101]]",84.0,REVIEW,30.0,40.0
sub-004,3,21,10103.605014375,40.41042,"[[115]
 [104]
 [111]
 [119]
 [ 95]
 [108]
 [101]
 [116]
 [116]
 [101]
 [114]]",53.0,"[[116]
 [111]
 [ 95]
 [114]
 [101]
 [109]
 [101]
 [109]
 [ 98]
 [101]
 [114]]",90.0,GLOBAL_ARTIFACT,40.0,50.0
sub-004,3,22,10464.056183125,41.852225,"[[115]
 [104]
 [111]
 [119]
 [ 95]
 [108]
 [101]
 [116]
 [116]
 [101]
 [114]]",53.0,"[[116]
 [111]
 [ 95]
 [114]
 [101]
 [109]
 [101]
 [109]
 [ 98]
 [101]
 [114]]",75.0,GLOBAL_ARTIFACT,40.0,50.0
sub-004,3,23,10824.257351075,43.293029,"[[115]
 [104]
 [111]
 [119]
 [ 95]
 [108]
 [101]
 [116]
 [116]
 [101]
 [114]]",53.0,"[[116]
 [111]
 [ 95]
 [105]
 [103]
 [110]
 [111]
 [114]
 [101]]",88.0,GLOBAL_ARTIFACT,40.0,50.0
sub-004,3,24,11184.708519825,44.734834,"[[115]
 [104]
 [111]
 [119]
 [ 95]
 [100]
 [ 97]
 [115]
 [104]]",53.0,"[[119]
 [111]
 [114]
 [107]
 [ 95]
 [109]
 [101]
 [109]
 [111]
 [114]
 [121]]",45.0,GLOBAL_ARTIFACT,40.0,50.0
sub-004,3,25,11989.3611289,47.953445,"[[115]
 [104]
 [111]
 [119]
 [ 95]
 [108]
 [101]
 [116]
 [116]
 [101]
 [114]]",53.0,"[[112]
 [114]
 [111]
 [ 98]
 [101]
 [ 95]
 [116]
 [ 97]
 [114]
 [103]
 [101]
 [116]]",87.0,GLOBAL_ARTIFACT,40.0,50.0
sub-004,3,26,12328.662229075,49.310649,"[[114]
 [105]
 [103]
 [104]
 [116]
 [ 95]
 [ 99]
 [108]
 [105]
 [ 99]
 [107]]",53.0,"[[114]
 [101]
 [109]
 [101]
 [109]
 [ 98]
 [101]
 [114]
 [101]
 [100]
 [ 95]
 [ 99]
 [111]
 [114]
 [114]
 [101]
 [ 99]
 [116]]","[[110]
 [ 47]
 [ 97]]",GLOBAL_ARTIFACT,40.0,50.0
sub-004,3,27,12428.687553425001,49.71075,"[[115]
 [111]
 [117]
 [110]
 [100]
 [ 95]
 [ 98]
 [101]
 [101]
 [112]]",53.0,"[[102]
 [101]
 [101]
 [100]
 [ 98]
 [ 97]
 [ 99]
 [107]
 [ 95]
 [ 99]
 [111]
 [114]
 [114]
 [101]
 [ 99]
 [116]]","[[110]
 [ 47]
 [ 97]]",GLOBAL_ARTIFACT,40.0,50.0
sub-004,3,28,13752.216844925,55.004867,"[[114]
 [105]
 [103]
 [104]
 [116]
 [ 95]
 [ 99]
 [108]
 [105]
 [ 99]
 [107]]",53.0,"[[105]
 [110]
 [100]
 [105]
 [ 99]
 [ 97]
 [116]
 [101]
 [ 95]
 [114]
 [101]
 [ 97]
 [100]
 [121]]","[[110]
 [ 47]
 [ 97]]",GLOBAL_ARTIFACT,50.0,60.0
sub-004,3,29,13757.566862275,55.026267,"[[115]
 [104]
 [111]
 [119]
 [ 95]
 [ 99]
 [114]
 [111]
 [115]
 [115]]",51.0,"[[102]
 [105]
 [120]
 [ 97]
 [116]
 [101]]",43.0,GLOBAL_ARTIFACT,50.0,60.0
sub-004,3,30,15069.396115875,60.273584,"[[115]
 [104]
 [111]
 [119]
 [ 95]
 [108]
 [101]
 [116]
 [116]
 [101]
 [114]]",51.0,"[[116]
 [111]
 [ 95]
 [105]
 [103]
 [110]
 [111]
 [114]
 [101]]",80.0,GLOBAL_ARTIFACT,60.0,70.0
sub-004,3,31,15429.572283725,61.714289,"[[115]
 [104]
 [111]
 [119]
 [ 95]
 [108]
 [101]
 [116]
 [116]
 [101]
 [114]]",51.0,"[[116]
 [111]
 [ 95]
 [105]
 [103]
 [110]
 [111]
 [114]
 [101]]",77.0,GLOBAL_ARTIFACT,60.0,70.0
sub-004,3,32,15790.023452475,63.156094,"[[115]
 [104]
 [111]
 [119]
 [ 95]
 [108]
 [101]
 [116]
 [116]
 [101]
 [114]]",51.0,"[[116]
 [111]
 [ 95]
 [114]
 [101]
 [109]
 [101]
 [109]
 [ 98]
 [101]
 [114]]",68.0,GLOBAL_ARTIFACT,60.0,70.0
sub-004,3,33,16150.474621250001,64.597898,"[[115]
 [104]
 [111]
 [119]
 [ 95]
 [108]
 [101]
 [116]
 [116]
 [101]
 [114]]",51.0,"[[116]
 [111]
 [ 95]
 [105]
 [103]
 [110]
 [111]
 [114]
 [101]]",90.0,GLOBAL_ARTIFACT,60.0,70.0
sub-004,3,34,16510.6757892,66.038703,"[[115]
 [104]
 [111]
 [119]
 [ 95]
 [108]
 [101]
 [116]
 [116]
 [101]
 [114]]",51.0,"[[116]
 [111]
 [ 95]
 [105]
 [103]
 [110]
 [111]
 [114]
 [101]]",66.0,GLOBAL_ARTIFACT,60.0,70.0
sub-004,3,35,16871.101957875002,67.480408,"[[115]
 [104]
 [111]
 [119]
 [ 95]
 [108]
 [101]
 [116]
 [116]
 [101]
 [114]]",51.0,"[[116]
 [111]
 [ 95]
 [114]
 [101]
 [109]
 [101]
 [109]
 [ 98]
 [101]
 [114]]",82.0,GLOBAL_ARTIFACT,60.0,70.0
sub-004,3,36,17231.5781267,68.922313,"[[115]
 [104]
 [111]
 [119]
 [ 95]
 [108]
 [101]
 [116]
 [116]
 [101]
 [114]]",51.0,"[[116]
 [111]
 [ 95]
 [105]
 [103]
 [110]
 [111]
 [114]
 [101]]",78.0,GLOBAL_ARTIFACT,60.0,70.0
sub-004,3,37,17592.02929545,70.364117,"[[115]
 [104]
 [111]
 [119]
 [ 95]
 [108]
 [101]
 [116]
 [116]
 [101]
 [114]]",51.0,"[[116]
 [111]
 [ 95]
 [114]
 [101]
 [109]
 [101]
 [109]
 [ 98]
 [101]
 [114]]",71.0,REVIEW,70.0,80.0
sub-004,3,38,17952.205463325,71.804822,"[[115]
 [104]
 [111]
 [119]
 [ 95]
 [100]
 [ 97]
 [115]
 [104]]",51.0,"[[119]
 [111]
 [114]
 [107]
 [ 95]
 [109]
 [101]
 [109]
 [111]
 [114]
 [121]]",45.0,REVIEW,70.0,80.0
sub-004,3,39,18723.357963775,74.889432,"[[115]
 [104]
 [111]
 [119]
 [ 95]
 [108]
 [101]
 [116]
 [116]
 [101]
 [114]]",51.0,"[[112]
 [114]
 [111]
 [ 98]
 [101]
 [ 95]
 [110]
 [111]
 [116]
 [ 95]
 [115]
 [104]
 [111]
 [119]
 [110]]",70.0,REVIEW,70.0,80.0
sub-004,3,40,19011.533898175003,76.042136,"[[108]
 [101]
 [102]
 [116]
 [ 95]
 [ 99]
 [108]
 [105]
 [ 99]
 [107]]",51.0,"[[105]
 [103]
 [110]
 [111]
 [114]
 [101]
 [100]
 [ 95]
 [ 99]
 [111]
 [114]
 [114]
 [101]
 [ 99]
 [116]]","[[110]
 [ 47]
 [ 97]]",REVIEW,70.0,80.0
sub-004,3,41,19111.5592225,76.442237,"[[115]
 [111]
 [117]
 [110]
 [100]
 [ 95]
 [ 98]
 [101]
 [101]
 [112]]",51.0,"[[102]
 [101]
 [101]
 [100]
 [ 98]
 [ 97]
 [ 99]
 [107]
 [ 95]
 [ 99]
 [111]
 [114]
 [114]
 [101]
 [ 99]
 [116]]","[[110]
 [ 47]
 [ 97]]",REVIEW,70.0,80.0
sub-004,3,42,19545.360629100003,78.177443,"[[114]
 [105]
 [103]
 [104]
 [116]
 [ 95]
 [ 99]
 [108]
 [105]
 [ 99]
 [107]]",51.0,"[[105]
 [110]
 [100]
 [105]
 [ 99]
 [ 97]
 [116]
 [101]
 [ 95]
 [114]
 [101]
 [ 97]
 [100]
 [121]]","[[110]
 [ 47]
 [ 97]]",REVIEW,70.0,80.0
sub-004,3,43,19552.985653825,78.207943,"[[115]
 [104]
 [111]
 [119]
 [ 95]
 [ 99]
 [114]
 [111]
 [115]
 [115]]",55.0,"[[102]
 [105]
 [120]
 [ 97]
 [116]
 [101]]",43.0,REVIEW,70.0,80.0
sub-004,3,44,20864.539906525,83.45416,"[[115]
 [104]
 [111]
 [119]
 [ 95]
 [108]
 [101]
 [116]
 [116]
 [101]
 [114]]",55.0,"[[116]
 [111]
 [ 95]
 [114]
 [101]
 [109]
 [101]
 [109]
 [ 98]
 [101]
 [114]]",70.0,NORMAL,80.0,90.0
sub-004,3,45,21224.991075275,84.895964,"[[115]
 [104]
 [111]
 [119]
 [ 95]
 [108]
 [101]
 [116]
 [116]
 [101]
 [114]]",55.0,"[[116]
 [111]
 [ 95]
 [114]
 [101]
 [109]
 [101]
 [109]
 [ 98]
 [101]
 [114]]",77.0,NORMAL,80.0,90.0
sub-004,3,46,21585.41724395,86.337669,"[[115]
 [104]
 [111]
 [119]
 [ 95]
 [108]
 [101]
 [116]
 [116]
 [101]
 [114]]",55.0,"[[116]
 [111]
 [ 95]
 [114]
 [101]
 [109]
 [101]
 [109]
 [ 98]
 [101]
 [114]]",66.0,NORMAL,80.0,90.0
sub-004,3,47,21945.8684127,87.779474,"[[115]
 [104]
 [111]
 [119]
 [ 95]
 [108]
 [101]
 [116]
 [116]
 [101]
 [114]]",55.0,"[[116]
 [111]
 [ 95]
 [105]
 [103]
 [110]
 [111]
 [114]
 [101]]",78.0,NORMAL,80.0,90.0
sub-004,3,48,22306.069580649997,89.220278,"[[115]
 [104]
 [111]
 [119]
 [ 95]
 [108]
 [101]
 [116]
 [116]
 [101]
 [114]]",55.0,"[[116]
 [111]
 [ 95]
 [114]
 [101]
 [109]
 [101]
 [109]
 [ 98]
 [101]
 [114]]",76.0,NORMAL,80.0,90.0
sub-004,3,49,22666.5207494,90.662083,"[[115]
 [104]
 [111]
 [119]
 [ 95]
 [108]
 [101]
 [116]
 [116]
 [101]
 [114]]",55.0,"[[116]
 [111]
 [ 95]
 [114]
 [101]
 [109]
 [101]
 [109]
 [ 98]
 [101]
 [114]]",88.0,NORMAL,90.0,100.0
sub-004,3,50,23026.971918175,92.103888,"[[115]
 [104]
 [111]
 [119]
 [ 95]
 [108]
 [101]
 [116]
 [116]
 [101]
 [114]]",55.0,"[[116]
 [111]
 [ 95]
 [114]
 [101]
 [109]
 [101]
 [109]
 [ 98]
 [101]
 [114]]",74.0,NORMAL,90.0,100.0
sub-004,3,51,23387.39808685,93.545592,"[[115]
 [104]
 [111]
 [119]
 [ 95]
 [108]
 [101]
 [116]
 [116]
 [101]
 [114]]",55.0,"[[116]
 [111]
 [ 95]
 [114]
 [101]
 [109]
 [101]
 [109]
 [ 98]
 [101]
 [114]]",89.0,NORMAL,90.0,100.0
sub-004,3,52,23747.599254775,94.986397,"[[115]
 [104]
 [111]
 [119]
 [ 95]
 [100]
 [ 97]
 [115]
 [104]]",55.0,"[[119]
 [111]
 [114]
 [107]
 [ 95]
 [109]
 [101]
 [109]
 [111]
 [114]
 [121]]",45.0,NORMAL,90.0,100.0
sub-004,3,53,24682.2272853,98.724909,"[[115]
 [104]
 [111]
 [119]
 [ 95]
 [108]
 [101]
 [116]
 [116]
 [101]
 [114]]",55.0,"[[112]
 [114]
 [111]
 [ 98]
 [101]
 [ 95]
 [110]
 [111]
 [116]
 [ 95]
 [115]
 [104]
 [111]
 [119]
 [110]]",80.0,NORMAL,90.0,100.0
sub-004,3,54,24956.20317365,99.820813,"[[108]
 [101]
 [102]
 [116]
 [ 95]
 [ 99]
 [108]
 [105]
 [ 99]
 [107]]",55.0,"[[105]
 [103]
 [110]
 [111]
 [114]
 [101]
 [100]
 [ 95]
 [ 99]
 [111]
 [114]
 [114]
 [101]
 [ 99]
 [116]]","[[110]
 [ 47]
 [ 97]]",NORMAL,90.0,100.0
sub-004,3,55,25056.228498,100.220914,"[[115]
 [111]
 [117]
 [110]
 [100]
 [ 95]
 [ 98]
 [101]
 [101]
 [112]]",55.0,"[[102]
 [101]
 [101]
 [100]
 [ 98]
 [ 97]
 [ 99]
 [107]
 [ 95]
 [ 99]
 [111]
 [114]
 [114]
 [101]
 [ 99]
 [116]]","[[110]
 [ 47]
 [ 97]]",NORMAL,100.0,110.0
sub-004,3,56,25951.356400425,103.801426,"[[114]
 [105]
 [103]
 [104]
 [116]
 [ 95]
 [ 99]
 [108]
 [105]
 [ 99]
 [107]]",55.0,"[[105]
 [110]
 [100]
 [105]
 [ 99]
 [ 97]
 [116]
 [101]
 [ 95]
 [114]
 [101]
 [ 97]
 [100]
 [121]]","[[110]
 [ 47]
 [ 97]]",NORMAL,100.0,110.0
sub-004,3,57,25956.031415575,103.820126,"[[115]
 [104]
 [111]
 [119]
 [ 95]
 [ 99]
 [114]
 [111]
 [115]
 [115]]",55.0,"[[102]
 [105]
 [120]
 [ 97]
 [116]
 [101]]",43.0,NORMAL,100.0,110.0
sub-004,3,58,27267.585668274998,109.066343,"[[115]
 [104]
 [111]
 [119]
 [ 95]
 [108]
 [101]
 [116]
 [116]
 [101]
 [114]]",55.0,"[[116]
 [111]
 [ 95]
 [114]
 [101]
 [109]
 [101]
 [109]
 [ 98]
 [101]
 [114]]",89.0,NORMAL,100.0,110.0
sub-004,3,59,27628.036837025,110.508147,"[[115]
 [104]
 [111]
 [119]
 [ 95]
 [108]
 [101]
 [116]
 [116]
 [101]
 [114]]",55.0,"[[116]
 [111]
 [ 95]
 [105]
 [103]
 [110]
 [111]
 [114]
 [101]]",87.0,NORMAL,110.0,120.0
sub-004,3,60,27988.488005799998,111.949952,"[[115]
 [104]
 [111]
 [119]
 [ 95]
 [108]
 [101]
 [116]
 [116]
 [101]
 [114]]",55.0,"[[116]
 [111]
 [ 95]
 [114]
 [101]
 [109]
 [101]
 [109]
 [ 98]
 [101]
 [114]]",83.0,NORMAL,110.0,120.0
sub-004,3,61,28348.66417365,113.390657,"[[115]
 [104]
 [111]
 [119]
 [ 95]
 [108]
 [101]
 [116]
 [116]
 [101]
 [114]]",55.0,"[[116]
 [111]
 [ 95]
 [114]
 [101]
 [109]
 [101]
 [109]
 [ 98]
 [101]
 [114]]",74.0,NORMAL,110.0,120.0
sub-004,3,62,28709.1153424,114.832461,"[[115]
 [104]
 [111]
 [119]
 [ 95]
 [108]
 [101]
 [116]
 [116]
 [101]
 [114]]",55.0,"[[116]
 [111]
 [ 95]
 [114]
 [101]
 [109]
 [101]
 [109]
 [ 98]
 [101]
 [114]]",80.0,NORMAL,110.0,120.0
sub-004,3,63,29069.566511175,116.274266,"[[115]
 [104]
 [111]
 [119]
 [ 95]
 [108]
 [101]
 [116]
 [116]
 [101]
 [114]]",55.0,"[[116]
 [111]
 [ 95]
 [114]
 [101]
 [109]
 [101]
 [109]
 [ 98]
 [101]
 [114]]",67.0,NORMAL,110.0,120.0
sub-004,3,64,29430.017679925,117.716071,"[[115]
 [104]
 [111]
 [119]
 [ 95]
 [108]
 [101]
 [116]
 [116]
 [101]
 [114]]",55.0,"[[116]
 [111]
 [ 95]
 [114]
 [101]
 [109]
 [101]
 [109]
 [ 98]
 [101]
 [114]]",68.0,NORMAL,110.0,120.0
sub-004,3,65,29790.218847875,119.156875,"[[115]
 [104]
 [111]
 [119]
 [ 95]
 [108]
 [101]
 [116]
 [116]
 [101]
 [114]]",55.0,"[[116]
 [111]
 [ 95]
 [114]
 [101]
 [109]
 [101]
 [109]
 [ 98]
 [101]
 [114]]",75.0,NORMAL,110.0,120.0
sub-004,3,66,30150.670016624998,120.59868,"[[115]
 [104]
 [111]
 [119]
 [ 95]
 [100]
 [ 97]
 [115]
 [104]]",55.0,"[[119]
 [111]
 [114]
 [107]
 [ 95]
 [109]
 [101]
 [109]
 [111]
 [114]
 [121]]",45.0,REVIEW,120.0,130.0
sub-004,3,67,31089.273060025,124.353092,"[[115]
 [104]
 [111]
 [119]
 [ 95]
 [108]
 [101]
 [116]
 [116]
 [101]
 [114]]",55.0,"[[112]
 [114]
 [111]
 [ 98]
 [101]
 [ 95]
 [116]
 [ 97]
 [114]
 [103]
 [101]
 [116]]",67.0,REVIEW,120.0,130.0
sub-004,3,68,31632.47482135,126.525899,"[[108]
 [101]
 [102]
 [116]
 [ 95]
 [ 99]
 [108]
 [105]
 [ 99]
 [107]]",55.0,"[[105]
 [103]
 [110]
 [111]
 [114]
 [101]
 [100]
 [ 95]
 [105]
 [110]
 [ 99]
 [111]
 [114]
 [114]
 [101]
 [ 99]
 [116]]","[[110]
 [ 47]
 [ 97]]",REVIEW,120.0,130.0
sub-004,3,69,31732.500145675,126.926001,"[[115]
 [111]
 [117]
 [110]
 [100]
 [ 95]
 [ 98]
 [117]
 [122]
 [122]]",55.0,"[[102]
 [101]
 [101]
 [100]
 [ 98]
 [ 97]
 [ 99]
 [107]
 [ 95]
 [105]
 [110]
 [ 99]
 [111]
 [114]
 [114]
 [101]
 [ 99]
 [116]]","[[110]
 [ 47]
 [ 97]]",REVIEW,120.0,130.0
sub-004,3,70,32482.65257805,129.92661,"[[114]
 [105]
 [103]
 [104]
 [116]
 [ 95]
 [ 99]
 [108]
 [105]
 [ 99]
 [107]]",55.0,"[[105]
 [110]
 [100]
 [105]
 [ 99]
 [ 97]
 [116]
 [101]
 [ 95]
 [114]
 [101]
 [ 97]
 [100]
 [121]]","[[110]
 [ 47]
 [ 97]]",REVIEW,120.0,130.0
sub-004,3,71,32488.827598050004,129.95131,"[[115]
 [104]
 [111]
 [119]
 [ 95]
 [ 99]
 [114]
 [111]
 [115]
 [115]]",55.0,"[[102]
 [105]
 [120]
 [ 97]
 [116]
 [101]]",43.0,REVIEW,120.0,130.0
sub-004,3,72,33800.631851575,135.198527,"[[115]
 [104]
 [111]
 [119]
 [ 95]
 [108]
 [101]
 [116]
 [116]
 [101]
 [114]]",55.0,"[[116]
 [111]
 [ 95]
 [105]
 [103]
 [110]
 [111]
 [114]
 [101]]",74.0,REVIEW,130.0,140.0
sub-004,3,73,34160.808019425,136.639232,"[[115]
 [104]
 [111]
 [119]
 [ 95]
 [108]
 [101]
 [116]
 [116]
 [101]
 [114]]",55.0,"[[116]
 [111]
 [ 95]
 [114]
 [101]
 [109]
 [101]
 [109]
 [ 98]
 [101]
 [114]]",84.0,REVIEW,130.0,140.0
sub-004,3,74,34521.259188175,138.081037,"[[115]
 [104]
 [111]
 [119]
 [ 95]
 [108]
 [101]
 [116]
 [116]
 [101]
 [114]]",55.0,"[[116]
 [111]
 [ 95]
 [114]
 [101]
 [109]
 [101]
 [109]
 [ 98]
 [101]
 [114]]",86.0,REVIEW,130.0,140.0
sub-004,3,75,34881.735357025005,139.522941,"[[115]
 [104]
 [111]
 [119]
 [ 95]
 [108]
 [101]
 [116]
 [116]
 [101]
 [114]]",55.0,"[[116]
 [111]
 [ 95]
 [114]
 [101]
 [109]
 [101]
 [109]
 [ 98]
 [101]
 [114]]",68.0,REVIEW,130.0,140.0
sub-004,3,76,35242.1615257,140.964646,"[[115]
 [104]
 [111]
 [119]
 [ 95]
 [108]
 [101]
 [116]
 [116]
 [101]
 [114]]",55.0,"[[116]
 [111]
 [ 95]
 [114]
 [101]
 [109]
 [101]
 [109]
 [ 98]
 [101]
 [114]]",88.0,NORMAL,140.0,150.0
sub-004,3,77,35602.36269365,142.405451,"[[115]
 [104]
 [111]
 [119]
 [ 95]
 [108]
 [101]
 [116]
 [116]
 [101]
 [114]]",55.0,"[[116]
 [111]
 [ 95]
 [114]
 [101]
 [109]
 [101]
 [109]
 [ 98]
 [101]
 [114]]",71.0,NORMAL,140.0,150.0
sub-004,3,78,35962.8138624,143.847255,"[[115]
 [104]
 [111]
 [119]
 [ 95]
 [108]
 [101]
 [116]
 [116]
 [101]
 [114]]",55.0,"[[116]
 [111]
 [ 95]
 [114]
 [101]
 [109]
 [101]
 [109]
 [ 98]
 [101]
 [114]]",78.0,NORMAL,140.0,150.0
sub-004,3,79,36323.240031074994,145.28896,"[[115]
 [104]
 [111]
 [119]
 [ 95]
 [108]
 [101]
 [116]
 [116]
 [101]
 [114]]",55.0,"[[116]
 [111]
 [ 95]
 [114]
 [101]
 [109]
 [101]
 [109]
 [ 98]
 [101]
 [114]]",82.0,NORMAL,140.0,150.0
sub-004,3,80,36683.441199025,146.729765,"[[115]
 [104]
 [111]
 [119]
 [ 95]
 [100]
 [ 97]
 [115]
 [104]]",55.0,"[[119]
 [111]
 [114]
 [107]
 [ 95]
 [109]
 [101]
 [109]
 [111]
 [114]
 [121]]",45.0,NORMAL,140.0,150.0
sub-004,3,81,37584.569120925,150.334276,"[[115]
 [104]
 [111]
 [119]
 [ 95]
 [108]
 [101]
 [116]
 [116]
 [101]
 [114]]",55.0,"[[112]
 [114]
 [111]
 [ 98]
 [101]
 [ 95]
 [116]
 [ 97]
 [114]
 [103]
 [101]
 [116]]",82.0,NORMAL,150.0,160.0
sub-004,3,82,37998.92046445,151.991682,"[[114]
 [105]
 [103]
 [104]
 [116]
 [ 95]
 [ 99]
 [108]
 [105]
 [ 99]
 [107]]",55.0,"[[114]
 [101]
 [109]
 [101]
 [109]
 [ 98]
 [101]
 [114]
 [101]
 [100]
 [ 95]
 [ 99]
 [111]
 [114]
 [114]
 [101]
 [ 99]
 [116]]","[[110]
 [ 47]
 [ 97]]",NORMAL,150.0,160.0
sub-004,3,83,38098.945788775,152.391783,"[[115]
 [111]
 [117]
 [110]
 [100]
 [ 95]
 [ 98]
 [101]
 [101]
 [112]]",55.0,"[[102]
 [101]
 [101]
 [100]
 [ 98]
 [ 97]
 [ 99]
 [107]
 [ 95]
 [ 99]
 [111]
 [114]
 [114]
 [101]
 [ 99]
 [116]]","[[110]
 [ 47]
 [ 97]]",NORMAL,150.0,160.0
sub-004,3,84,38677.747665525,154.706991,"[[114]
 [105]
 [103]
 [104]
 [116]
 [ 95]
 [ 99]
 [108]
 [105]
 [ 99]
 [107]]",55.0,"[[105]
 [110]
 [100]
 [105]
 [ 99]
 [ 97]
 [116]
 [101]
 [ 95]
 [114]
 [101]
 [ 97]
 [100]
 [121]]","[[110]
 [ 47]
 [ 97]]",NORMAL,150.0,160.0
sub-004,3,85,38682.3976806,154.725591,"[[115]
 [104]
 [111]
 [119]
 [ 95]
 [ 99]
 [114]
 [111]
 [115]
 [115]]",51.0,"[[102]
 [105]
 [120]
 [ 97]
 [116]
 [101]]",43.0,NORMAL,150.0,160.0
sub-004,3,86,39993.9519333,159.971808,"[[115]
 [104]
 [111]
 [119]
 [ 95]
 [108]
 [101]
 [116]
 [116]
 [101]
 [114]]",51.0,"[[116]
 [111]
 [ 95]
 [105]
 [103]
 [110]
 [111]
 [114]
 [101]]",68.0,NORMAL,150.0,160.0
sub-004,3,87,40354.403102050004,161.413612,"[[115]
 [104]
 [111]
 [119]
 [ 95]
 [108]
 [101]
 [116]
 [116]
 [101]
 [114]]",51.0,"[[116]
 [111]
 [ 95]
 [105]
 [103]
 [110]
 [111]
 [114]
 [101]]",67.0,NORMAL,160.0,170.0
sub-004,3,88,40714.8542708,162.855417,"[[115]
 [104]
 [111]
 [119]
 [ 95]
 [108]
 [101]
 [116]
 [116]
 [101]
 [114]]",51.0,"[[116]
 [111]
 [ 95]
 [114]
 [101]
 [109]
 [101]
 [109]
 [ 98]
 [101]
 [114]]",82.0,NORMAL,160.0,170.0
sub-004,3,89,41075.05543875,164.296222,"[[115]
 [104]
 [111]
 [119]
 [ 95]
 [108]
 [101]
 [116]
 [116]
 [101]
 [114]]",51.0,"[[116]
 [111]
 [ 95]
 [105]
 [103]
 [110]
 [111]
 [114]
 [101]]",71.0,NORMAL,160.0,170.0
sub-004,3,90,41435.5066075,165.738026,"[[115]
 [104]
 [111]
 [119]
 [ 95]
 [108]
 [101]
 [116]
 [116]
 [101]
 [114]]",51.0,"[[116]
 [111]
 [ 95]
 [114]
 [101]
 [109]
 [101]
 [109]
 [ 98]
 [101]
 [114]]",90.0,NORMAL,160.0,170.0
sub-004,3,91,41795.932776175,167.179731,"[[115]
 [104]
 [111]
 [119]
 [ 95]
 [108]
 [101]
 [116]
 [116]
 [101]
 [114]]",51.0,"[[116]
 [111]
 [ 95]
 [105]
 [103]
 [110]
 [111]
 [114]
 [101]]",88.0,NORMAL,160.0,170.0
sub-004,3,92,42156.133944124995,168.620536,"[[115]
 [104]
 [111]
 [119]
 [ 95]
 [108]
 [101]
 [116]
 [116]
 [101]
 [114]]",51.0,"[[116]
 [111]
 [ 95]
 [105]
 [103]
 [110]
 [111]
 [114]
 [101]]",76.0,NORMAL,160.0,170.0
sub-004,3,93,42516.585112875,170.06234,"[[115]
 [104]
 [111]
 [119]
 [ 95]
 [108]
 [101]
 [116]
 [116]
 [101]
 [114]]",51.0,"[[116]
 [111]
 [ 95]
 [114]
 [101]
 [109]
 [101]
 [109]
 [ 98]
 [101]
 [114]]",75.0,NORMAL,170.0,180.0
sub-004,3,94,42877.036281650006,171.504145,"[[115]
 [104]
 [111]
 [119]
 [ 95]
 [100]
 [ 97]
 [115]
 [104]]",51.0,"[[119]
 [111]
 [114]
 [107]
 [ 95]
 [109]
 [101]
 [109]
 [111]
 [114]
 [121]]",45.0,NORMAL,170.0,180.0
sub-004,3,95,43727.6640398,174.906656,"[[115]
 [104]
 [111]
 [119]
 [ 95]
 [108]
 [101]
 [116]
 [116]
 [101]
 [114]]",51.0,"[[112]
 [114]
 [111]
 [ 98]
 [101]
 [ 95]
 [116]
 [ 97]
 [114]
 [103]
 [101]
 [116]]",75.0,NORMAL,170.0,180.0
sub-004,3,96,43943.56473985,175.770259,"[[114]
 [105]
 [103]
 [104]
 [116]
 [ 95]
 [ 99]
 [108]
 [105]
 [ 99]
 [107]]",51.0,"[[114]
 [101]
 [109]
 [101]
 [109]
 [ 98]
 [101]
 [114]
 [101]
 [100]
 [ 95]
 [ 99]
 [111]
 [114]
 [114]
 [101]
 [ 99]
 [116]]","[[110]
 [ 47]
 [ 97]]",NORMAL,170.0,180.0
sub-004,3,97,44043.61506425,176.17046,"[[115]
 [111]
 [117]
 [110]
 [100]
 [ 95]
 [ 98]
 [101]
 [101]
 [112]]",51.0,"[[102]
 [101]
 [101]
 [100]
 [ 98]
 [ 97]
 [ 99]
 [107]
 [ 95]
 [ 99]
 [111]
 [114]
 [114]
 [101]
 [ 99]
 [116]]","[[110]
 [ 47]
 [ 97]]",NORMAL,170.0,180.0
sub-004,3,98,44833.292624775,179.32917,"[[114]
 [105]
 [103]
 [104]
 [116]
 [ 95]
 [ 99]
 [108]
 [105]
 [ 99]
 [107]]",51.0,"[[105]
 [110]
 [100]
 [105]
 [ 99]
 [ 97]
 [116]
 [101]
 [ 95]
 [114]
 [101]
 [ 97]
 [100]
 [121]]","[[110]
 [ 47]
 [ 97]]",NORMAL,170.0,180.0
sub-004,3,99,44838.242640825,179.348971,"[[115]
 [104]
 [111]
 [119]
 [ 95]
 [ 99]
 [114]
 [111]
 [115]
 [115]]",55.0,"[[102]
 [105]
 [120]
 [ 97]
 [116]
 [101]]",43.0,NORMAL,170.0,180.0
sub-004,3,100,46149.8218936,184.595288,"[[115]
 [104]
 [111]
 [119]
 [ 95]
 [108]
 [101]
 [116]
 [116]
 [101]
 [114]]",55.0,"[[116]
 [111]
 [ 95]
 [114]
 [101]
 [109]
 [101]
 [109]
 [ 98]
 [101]
 [114]]",89.0,NORMAL,180.0,190.0
sub-004,3,101,46510.248062275,186.036992,"[[115]
 [104]
 [111]
 [119]
 [ 95]
 [108]
 [101]
 [116]
 [116]
 [101]
 [114]]",55.0,"[[116]
 [111]
 [ 95]
 [114]
 [101]
 [109]
 [101]
 [109]
 [ 98]
 [101]
 [114]]",83.0,NORMAL,180.0,190.0
sub-004,3,102,46870.449230225,187.477797,"[[115]
 [104]
 [111]
 [119]
 [ 95]
 [108]
 [101]
 [116]
 [116]
 [101]
 [114]]",55.0,"[[116]
 [111]
 [ 95]
 [114]
 [101]
 [109]
 [101]
 [109]
 [ 98]
 [101]
 [114]]",78.0,NORMAL,180.0,190.0
sub-004,3,103,47230.900398975,188.919602,"[[115]
 [104]
 [111]
 [119]
 [ 95]
 [108]
 [101]
 [116]
 [116]
 [101]
 [114]]",55.0,"[[116]
 [111]
 [ 95]
 [114]
 [101]
 [109]
 [101]
 [109]
 [ 98]
 [101]
 [114]]",77.0,NORMAL,180.0,190.0
sub-004,3,104,47591.32656765,190.361306,"[[115]
 [104]
 [111]
 [119]
 [ 95]
 [108]
 [101]
 [116]
 [116]
 [101]
 [114]]",55.0,"[[116]
 [111]
 [ 95]
 [114]
 [101]
 [109]
 [101]
 [109]
 [ 98]
 [101]
 [114]]",70.0,NORMAL,190.0,200.0
sub-004,3,105,47951.5277356,191.802111,"[[115]
 [104]
 [111]
 [119]
 [ 95]
 [108]
 [101]
 [116]
 [116]
 [101]
 [114]]",55.0,"[[116]
 [111]
 [ 95]
 [114]
 [101]
 [109]
 [101]
 [109]
 [ 98]
 [101]
 [114]]",81.0,NORMAL,190.0,200.0
sub-004,3,106,48311.97890435,193.243916,"[[115]
 [104]
 [111]
 [119]
 [ 95]
 [108]
 [101]
 [116]
 [116]
 [101]
 [114]]",55.0,"[[116]
 [111]
 [ 95]
 [114]
 [101]
 [109]
 [101]
 [109]
 [ 98]
 [101]
 [114]]",72.0,NORMAL,190.0,200.0
sub-004,3,107,48672.455073175,194.68582,"[[115]
 [104]
 [111]
 [119]
 [ 95]
 [108]
 [101]
 [116]
 [116]
 [101]
 [114]]",55.0,"[[116]
 [111]
 [ 95]
 [105]
 [103]
 [110]
 [111]
 [114]
 [101]]",87.0,NORMAL,190.0,200.0
sub-004,3,108,49032.88124185,196.127525,"[[115]
 [104]
 [111]
 [119]
 [ 95]
 [100]
 [ 97]
 [115]
 [104]]",55.0,"[[119]
 [111]
 [114]
 [107]
 [ 95]
 [109]
 [101]
 [109]
 [111]
 [114]
 [121]]",45.0,NORMAL,190.0,200.0
sub-004,3,109,49703.308415700005,198.809234,"[[115]
 [104]
 [111]
 [119]
 [ 95]
 [108]
 [101]
 [116]
 [116]
 [101]
 [114]]",55.0,"[[112]
 [114]
 [111]
 [ 98]
 [101]
 [ 95]
 [116]
 [ 97]
 [114]
 [103]
 [101]
 [116]]",78.0,NORMAL,190.0,200.0
sub-004,3,110,50013.5344216,200.050138,"[[114]
 [105]
 [103]
 [104]
 [116]
 [ 95]
 [ 99]
 [108]
 [105]
 [ 99]
 [107]]",55.0,"[[114]
 [101]
 [109]
 [101]
 [109]
 [ 98]
 [101]
 [114]
 [101]
 [100]
 [ 95]
 [ 99]
 [111]
 [114]
 [114]
 [101]
 [ 99]
 [116]]","[[110]
 [ 47]
 [ 97]]",NORMAL,200.0,210.0
sub-004,3,111,50113.55974595,200.450239,"[[115]
 [111]
 [117]
 [110]
 [100]
 [ 95]
 [ 98]
 [101]
 [101]
 [112]]",55.0,"[[102]
 [101]
 [101]
 [100]
 [ 98]
 [ 97]
 [ 99]
 [107]
 [ 95]
 [ 99]
 [111]
 [114]
 [114]
 [101]
 [ 99]
 [116]]","[[110]
 [ 47]
 [ 97]]",NORMAL,200.0,210.0
sub-004,3,112,50507.836024375,202.027344,"[[114]
 [105]
 [103]
 [104]
 [116]
 [ 95]
 [ 99]
 [108]
 [105]
 [ 99]
 [107]]",55.0,"[[105]
 [110]
 [100]
 [105]
 [ 99]
 [ 97]
 [116]
 [101]
 [ 95]
 [114]
 [101]
 [ 97]
 [100]
 [121]]","[[110]
 [ 47]
 [ 97]]",NORMAL,200.0,210.0
sub-004,3,113,50516.161051375006,202.060644,"[[115]
 [104]
 [111]
 [119]
 [ 95]
 [ 99]
 [114]
 [111]
 [115]
 [115]]",53.0,"[[102]
 [105]
 [120]
 [ 97]
 [116]
 [101]]",43.0,NORMAL,200.0,210.0
sub-004,3,114,51827.71530405,207.306861,"[[115]
 [104]
 [111]
 [119]
 [ 95]
 [108]
 [101]
 [116]
 [116]
 [101]
 [114]]",53.0,"[[116]
 [111]
 [ 95]
 [114]
 [101]
 [109]
 [101]
 [109]
 [ 98]
 [101]
 [114]]",68.0,NORMAL,200.0,210.0
sub-004,3,115,52188.166472824996,208.748666,"[[115]
 [104]
 [111]
 [119]
 [ 95]
 [108]
 [101]
 [116]
 [116]
 [101]
 [114]]",53.0,"[[116]
 [111]
 [ 95]
 [114]
 [101]
 [109]
 [101]
 [109]
 [ 98]
 [101]
 [114]]",81.0,NORMAL,200.0,210.0
sub-004,3,116,52548.617641575,210.190471,"[[115]
 [104]
 [111]
 [119]
 [ 95]
 [108]
 [101]
 [116]
 [116]
 [101]
 [114]]",53.0,"[[116]
 [111]
 [ 95]
 [114]
 [101]
 [109]
 [101]
 [109]
 [ 98]
 [101]
 [114]]",71.0,NORMAL,210.0,220.0
sub-004,3,117,52908.79380945,211.631175,"[[115]
 [104]
 [111]
 [119]
 [ 95]
 [108]
 [101]
 [116]
 [116]
 [101]
 [114]]",53.0,"[[116]
 [111]
 [ 95]
 [105]
 [103]
 [110]
 [111]
 [114]
 [101]]",77.0,NORMAL,210.0,220.0
sub-004,3,118,53269.244978200004,213.07298,"[[115]
 [104]
 [111]
 [119]
 [ 95]
 [108]
 [101]
 [116]
 [116]
 [101]
 [114]]",53.0,"[[116]
 [111]
 [ 95]
 [114]
 [101]
 [109]
 [101]
 [109]
 [ 98]
 [101]
 [114]]",80.0,NORMAL,210.0,220.0
sub-004,3,119,53629.69614695,214.514785,"[[115]
 [104]
 [111]
 [119]
 [ 95]
 [108]
 [101]
 [116]
 [116]
 [101]
 [114]]",53.0,"[[116]
 [111]
 [ 95]
 [105]
 [103]
 [110]
 [111]
 [114]
 [101]]",86.0,NORMAL,210.0,220.0
sub-004,3,120,53990.1473157,215.956589,"[[115]
 [104]
 [111]
 [119]
 [ 95]
 [108]
 [101]
 [116]
 [116]
 [101]
 [114]]",53.0,"[[116]
 [111]
 [ 95]
 [105]
 [103]
 [110]
 [111]
 [114]
 [101]]",70.0,NORMAL,210.0,220.0
sub-004,3,121,54350.34848365,217.397394,"[[115]
 [104]
 [111]
 [119]
 [ 95]
 [108]
 [101]
 [116]
 [116]
 [101]
 [114]]",53.0,"[[116]
 [111]
 [ 95]
 [114]
 [101]
 [109]
 [101]
 [109]
 [ 98]
 [101]
 [114]]",84.0,NORMAL,210.0,220.0
sub-004,3,122,54710.774652325,218.839099,"[[115]
 [104]
 [111]
 [119]
 [ 95]
 [100]
 [ 97]
 [115]
 [104]]",53.0,"[[119]
 [111]
 [114]
 [107]
 [ 95]
 [109]
 [101]
 [109]
 [111]
 [114]
 [121]]",45.0,NORMAL,210.0,220.0
sub-004,3,123,55289.201527875004,221.152806,"[[115]
 [104]
 [111]
 [119]
 [ 95]
 [108]
 [101]
 [116]
 [116]
 [101]
 [114]]",53.0,"[[112]
 [114]
 [111]
 [ 98]
 [101]
 [ 95]
 [110]
 [111]
 [116]
 [ 95]
 [115]
 [104]
 [111]
 [119]
 [110]]",66.0,NORMAL,220.0,230.0
sub-004,3,124,55589.177500525,222.35271,"[[108]
 [101]
 [102]
 [116]
 [ 95]
 [ 99]
 [108]
 [105]
 [ 99]
 [107]]",53.0,"[[105]
 [103]
 [110]
 [111]
 [114]
 [101]
 [100]
 [ 95]
 [ 99]
 [111]
 [114]
 [114]
 [101]
 [ 99]
 [116]]","[[110]
 [ 47]
 [ 97]]",NORMAL,220.0,230.0
sub-004,3,125,55690.927830450004,222.759711,"[[115]
 [111]
 [117]
 [110]
 [100]
 [ 95]
 [ 98]
 [101]
 [101]
 [112]]",53.0,"[[102]
 [101]
 [101]
 [100]
 [ 98]
 [ 97]
 [ 99]
 [107]
 [ 95]
 [ 99]
 [111]
 [114]
 [114]
 [101]
 [ 99]
 [116]]","[[110]
 [ 47]
 [ 97]]",NORMAL,220.0,230.0
sub-004,3,126,56063.779039425004,224.251116,"[[114]
 [105]
 [103]
 [104]
 [116]
 [ 95]
 [ 99]
 [108]
 [105]
 [ 99]
 [107]]",53.0,"[[105]
 [110]
 [100]
 [105]
 [ 99]
 [ 97]
 [116]
 [101]
 [ 95]
 [114]
 [101]
 [ 97]
 [100]
 [121]]","[[110]
 [ 47]
 [ 97]]",NORMAL,220.0,230.0
sub-004,3,127,56068.579054975,224.270316,"[[115]
 [104]
 [111]
 [119]
 [ 95]
 [ 99]
 [114]
 [111]
 [115]
 [115]]",51.0,"[[102]
 [105]
 [120]
 [ 97]
 [116]
 [101]]",43.0,NORMAL,220.0,230.0
sub-004,3,128,57380.133307674994,229.516533,"[[115]
 [104]
 [111]
 [119]
 [ 95]
 [108]
 [101]
 [116]
 [116]
 [101]
 [114]]",51.0,"[[116]
 [111]
 [ 95]
 [105]
 [103]
 [110]
 [111]
 [114]
 [101]]",72.0,NORMAL,220.0,230.0
sub-004,3,129,57740.584476425,230.958338,"[[115]
 [104]
 [111]
 [119]
 [ 95]
 [108]
 [101]
 [116]
 [116]
 [101]
 [114]]",51.0,"[[116]
 [111]
 [ 95]
 [114]
 [101]
 [109]
 [101]
 [109]
 [ 98]
 [101]
 [114]]",77.0,NORMAL,230.0,240.0
sub-004,3,130,58100.785644375,232.399143,"[[115]
 [104]
 [111]
 [119]
 [ 95]
 [108]
 [101]
 [116]
 [116]
 [101]
 [114]]",51.0,"[[116]
 [111]
 [ 95]
 [105]
 [103]
 [110]
 [111]
 [114]
 [101]]",87.0,NORMAL,230.0,240.0
sub-004,3,131,58461.236813125,233.840947,"[[115]
 [104]
 [111]
 [119]
 [ 95]
 [108]
 [101]
 [116]
 [116]
 [101]
 [114]]",51.0,"[[116]
 [111]
 [ 95]
 [105]
 [103]
 [110]
 [111]
 [114]
 [101]]",78.0,NORMAL,230.0,240.0
sub-004,3,132,58821.6879819,235.282752,"[[115]
 [104]
 [111]
 [119]
 [ 95]
 [108]
 [101]
 [116]
 [116]
 [101]
 [114]]",51.0,"[[116]
 [111]
 [ 95]
 [114]
 [101]
 [109]
 [101]
 [109]
 [ 98]
 [101]
 [114]]",71.0,NORMAL,230.0,240.0
sub-004,3,133,59182.13915065,236.724557,"[[115]
 [104]
 [111]
 [119]
 [ 95]
 [108]
 [101]
 [116]
 [116]
 [101]
 [114]]",51.0,"[[116]
 [111]
 [ 95]
 [105]
 [103]
 [110]
 [111]
 [114]
 [101]]",66.0,NORMAL,230.0,240.0
sub-004,3,134,59542.315318525,238.165261,"[[115]
 [104]
 [111]
 [119]
 [ 95]
 [108]
 [101]
 [116]
 [116]
 [101]
 [114]]",51.0,"[[116]
 [111]
 [ 95]
 [114]
 [101]
 [109]
 [101]
 [109]
 [ 98]
 [101]
 [114]]",84.0,NORMAL,230.0,240.0
sub-004,3,135,59902.766487274996,239.607066,"[[115]
 [104]
 [111]
 [119]
 [ 95]
 [108]
 [101]
 [116]
 [116]
 [101]
 [114]]",51.0,"[[116]
 [111]
 [ 95]
 [105]
 [103]
 [110]
 [111]
 [114]
 [101]]",76.0,NORMAL,230.0,240.0
sub-004,3,136,60263.217656025,241.048871,"[[115]
 [104]
 [111]
 [119]
 [ 95]
 [100]
 [ 97]
 [115]
 [104]]",51.0,"[[119]
 [111]
 [114]
 [107]
 [ 95]
 [109]
 [101]
 [109]
 [111]
 [114]
 [121]]",45.0,NORMAL,240.0,250.0
sub-004,3,137,60837.1195169,243.344478,"[[115]
 [104]
 [111]
 [119]
 [ 95]
 [108]
 [101]
 [116]
 [116]
 [101]
 [114]]",51.0,"[[112]
 [114]
 [111]
 [ 98]
 [101]
 [ 95]
 [116]
 [ 97]
 [114]
 [103]
 [101]
 [116]]",84.0,NORMAL,240.0,250.0
sub-004,3,138,61184.720643975,244.734883,"[[114]
 [105]
 [103]
 [104]
 [116]
 [ 95]
 [ 99]
 [108]
 [105]
 [ 99]
 [107]]",51.0,"[[114]
 [101]
 [109]
 [101]
 [109]
 [ 98]
 [101]
 [114]
 [101]
 [100]
 [ 95]
 [ 99]
 [111]
 [114]
 [114]
 [101]
 [ 99]
 [116]]","[[110]
 [ 47]
 [ 97]]",NORMAL,240.0,250.0
sub-004,3,139,61284.745968325,245.134984,"[[115]
 [111]
 [117]
 [110]
 [100]
 [ 95]
 [ 98]
 [101]
 [101]
 [112]]",51.0,"[[102]
 [101]
 [101]
 [100]
 [ 98]
 [ 97]
 [ 99]
 [107]
 [ 95]
 [ 99]
 [111]
 [114]
 [114]
 [101]
 [ 99]
 [116]]","[[110]
 [ 47]
 [ 97]]",NORMAL,240.0,250.0
sub-004,3,140,61777.872567275,247.10749,"[[114]
 [105]
 [103]
 [104]
 [116]
 [ 95]
 [ 99]
 [108]
 [105]
 [ 99]
 [107]]",51.0,"[[105]
 [110]
 [100]
 [105]
 [ 99]
 [ 97]
 [116]
 [101]
 [ 95]
 [114]
 [101]
 [ 97]
 [100]
 [121]]","[[110]
 [ 47]
 [ 97]]",NORMAL,240.0,250.0
sub-004,3,141,61784.24758795,247.13299,"[[115]
 [104]
 [111]
 [119]
 [ 95]
 [ 99]
 [114]
 [111]
 [115]
 [115]]",53.0,"[[102]
 [105]
 [120]
 [ 97]
 [116]
 [101]]",43.0,NORMAL,240.0,250.0
sub-004,3,142,63095.801840625005,252.379207,"[[115]
 [104]
 [111]
 [119]
 [ 95]
 [108]
 [101]
 [116]
 [116]
 [101]
 [114]]",53.0,"[[116]
 [111]
 [ 95]
 [114]
 [101]
 [109]
 [101]
 [109]
 [ 98]
 [101]
 [114]]",76.0,NORMAL,250.0,260.0
sub-004,3,143,63456.253009375,253.821012,"[[115]
 [104]
 [111]
 [119]
 [ 95]
 [108]
 [101]
 [116]
 [116]
 [101]
 [114]]",53.0,"[[116]
 [111]
 [ 95]
 [114]
 [101]
 [109]
 [101]
 [109]
 [ 98]
 [101]
 [114]]",70.0,NORMAL,250.0,260.0
sub-004,3,144,63816.70417815,255.262817,"[[115]
 [104]
 [111]
 [119]
 [ 95]
 [108]
 [101]
 [116]
 [116]
 [101]
 [114]]",53.0,"[[116]
 [111]
 [ 95]
 [105]
 [103]
 [110]
 [111]
 [114]
 [101]]",77.0,NORMAL,250.0,260.0
sub-004,3,145,64176.880346,256.703521,"[[115]
 [104]
 [111]
 [119]
 [ 95]
 [108]
 [101]
 [116]
 [116]
 [101]
 [114]]",53.0,"[[116]
 [111]
 [ 95]
 [105]
 [103]
 [110]
 [111]
 [114]
 [101]]",74.0,NORMAL,250.0,260.0
sub-004,3,146,64537.331514775,258.145326,"[[115]
 [104]
 [111]
 [119]
 [ 95]
 [108]
 [101]
 [116]
 [116]
 [101]
 [114]]",53.0,"[[116]
 [111]
 [ 95]
 [114]
 [101]
 [109]
 [101]
 [109]
 [ 98]
 [101]
 [114]]",75.0,NORMAL,250.0,260.0
sub-004,3,147,64897.782683525,259.587131,"[[115]
 [104]
 [111]
 [119]
 [ 95]
 [108]
 [101]
 [116]
 [116]
 [101]
 [114]]",53.0,"[[116]
 [111]
 [ 95]
 [105]
 [103]
 [110]
 [111]
 [114]
 [101]]",78.0,NORMAL,250.0,260.0
sub-004,3,148,65258.23385227499,261.028935,"[[115]
 [104]
 [111]
 [119]
 [ 95]
 [108]
 [101]
 [116]
 [116]
 [101]
 [114]]",53.0,"[[116]
 [111]
 [ 95]
 [114]
 [101]
 [109]
 [101]
 [109]
 [ 98]
 [101]
 [114]]",82.0,REVIEW,260.0,270.0
sub-004,3,149,65618.435020225,262.46974,"[[115]
 [104]
 [111]
 [119]
 [ 95]
 [108]
 [101]
 [116]
 [116]
 [101]
 [114]]",53.0,"[[116]
 [111]
 [ 95]
 [114]
 [101]
 [109]
 [101]
 [109]
 [ 98]
 [101]
 [114]]",72.0,REVIEW,260.0,270.0
sub-004,3,150,65978.86118889999,263.911445,"[[115]
 [104]
 [111]
 [119]
 [ 95]
 [100]
 [ 97]
 [115]
 [104]]",53.0,"[[119]
 [111]
 [114]
 [107]
 [ 95]
 [109]
 [101]
 [109]
 [111]
 [114]
 [121]]",45.0,REVIEW,260.0,270.0
sub-004,3,151,66913.489219425,267.649957,"[[115]
 [104]
 [111]
 [119]
 [ 95]
 [108]
 [101]
 [116]
 [116]
 [101]
 [114]]",53.0,"[[112]
 [114]
 [111]
 [ 98]
 [101]
 [ 95]
 [110]
 [111]
 [116]
 [ 95]
 [115]
 [104]
 [111]
 [119]
 [110]]",71.0,REVIEW,260.0,270.0
sub-004,3,152,67432.665902825,269.726664,"[[108]
 [101]
 [102]
 [116]
 [ 95]
 [ 99]
 [108]
 [105]
 [ 99]
 [107]]",53.0,"[[105]
 [103]
 [110]
 [111]
 [114]
 [101]
 [100]
 [ 95]
 [ 99]
 [111]
 [114]
 [114]
 [101]
 [ 99]
 [116]]","[[110]
 [ 47]
 [ 97]]",REVIEW,260.0,270.0
sub-004,3,153,67532.741227325,270.126965,"[[115]
 [111]
 [117]
 [110]
 [100]
 [ 95]
 [ 98]
 [101]
 [101]
 [112]]",53.0,"[[102]
 [101]
 [101]
 [100]
 [ 98]
 [ 97]
 [ 99]
 [107]
 [ 95]
 [ 99]
 [111]
 [114]
 [114]
 [101]
 [ 99]
 [116]]","[[110]
 [ 47]
 [ 97]]",GLOBAL_ARTIFACT,270.0,280.0
sub-004,3,154,69014.42103165,276.053684,"[[114]
 [105]
 [103]
 [104]
 [116]
 [ 95]
 [ 99]
 [108]
 [105]
 [ 99]
 [107]]",53.0,"[[105]
 [110]
 [100]
 [105]
 [ 99]
 [ 97]
 [116]
 [101]
 [ 95]
 [114]
 [101]
 [ 97]
 [100]
 [121]]","[[110]
 [ 47]
 [ 97]]",GLOBAL_ARTIFACT,270.0,280.0
sub-004,3,155,69021.171053525,276.080684,"[[115]
 [104]
 [111]
 [119]
 [ 95]
 [ 99]
 [114]
 [111]
 [115]
 [115]]",53.0,"[[102]
 [105]
 [120]
 [ 97]
 [116]
 [101]]",43.0,GLOBAL_ARTIFACT,270.0,280.0
sub-004,3,156,70332.725306225,281.326901,"[[115]
 [104]
 [111]
 [119]
 [ 95]
 [108]
 [101]
 [116]
 [116]
 [101]
 [114]]",53.0,"[[116]
 [111]
 [ 95]
 [105]
 [103]
 [110]
 [111]
 [114]
 [101]]",90.0,NORMAL,280.0,290.0
sub-004,3,157,70693.20147505,282.768806,"[[115]
 [104]
 [111]
 [119]
 [ 95]
 [108]
 [101]
 [116]
 [116]
 [101]
 [114]]",53.0,"[[116]
 [111]
 [ 95]
 [114]
 [101]
 [109]
 [101]
 [109]
 [ 98]
 [101]
 [114]]",87.0,NORMAL,280.0,290.0
sub-004,3,158,71053.62764375,284.210511,"[[115]
 [104]
 [111]
 [119]
 [ 95]
 [108]
 [101]
 [116]
 [116]
 [101]
 [114]]",53.0,"[[116]
 [111]
 [ 95]
 [105]
 [103]
 [110]
 [111]
 [114]
 [101]]",84.0,NORMAL,280.0,290.0
sub-004,3,159,71413.8038116,285.651215,"[[115]
 [104]
 [111]
 [119]
 [ 95]
 [108]
 [101]
 [116]
 [116]
 [101]
 [114]]",53.0,"[[116]
 [111]
 [ 95]
 [114]
 [101]
 [109]
 [101]
 [109]
 [ 98]
 [101]
 [114]]",82.0,NORMAL,280.0,290.0
sub-004,3,160,71774.25498035,287.09302,"[[115]
 [104]
 [111]
 [119]
 [ 95]
 [108]
 [101]
 [116]
 [116]
 [101]
 [114]]",53.0,"[[116]
 [111]
 [ 95]
 [114]
 [101]
 [109]
 [101]
 [109]
 [ 98]
 [101]
 [114]]",72.0,NORMAL,280.0,290.0
sub-004,3,161,72134.706149125,288.534825,"[[115]
 [104]
 [111]
 [119]
 [ 95]
 [108]
 [101]
 [116]
 [116]
 [101]
 [114]]",53.0,"[[116]
 [111]
 [ 95]
 [114]
 [101]
 [109]
 [101]
 [109]
 [ 98]
 [101]
 [114]]",76.0,NORMAL,280.0,290.0
sub-004,3,162,72494.90731705,289.975629,"[[115]
 [104]
 [111]
 [119]
 [ 95]
 [108]
 [101]
 [116]
 [116]
 [101]
 [114]]",53.0,"[[116]
 [111]
 [ 95]
 [114]
 [101]
 [109]
 [101]
 [109]
 [ 98]
 [101]
 [114]]",68.0,NORMAL,280.0,290.0
sub-004,3,163,72855.358485825,291.417434,"[[115]
 [104]
 [111]
 [119]
 [ 95]
 [108]
 [101]
 [116]
 [116]
 [101]
 [114]]",53.0,"[[116]
 [111]
 [ 95]
 [105]
 [103]
 [110]
 [111]
 [114]
 [101]]",74.0,NORMAL,290.0,300.0
sub-004,3,164,73215.809654575,292.859239,"[[115]
 [104]
 [111]
 [119]
 [ 95]
 [100]
 [ 97]
 [115]
 [104]]",53.0,"[[119]
 [111]
 [114]
 [107]
 [ 95]
 [109]
 [101]
 [109]
 [111]
 [114]
 [121]]",45.0,NORMAL,290.0,300.0
sub-004,3,165,73982.68714115,295.926749,"[[115]
 [104]
 [111]
 [119]
 [ 95]
 [108]
 [101]
 [116]
 [116]
 [101]
 [114]]",53.0,"[[112]
 [114]
 [111]
 [ 98]
 [101]
 [ 95]
 [116]
 [ 97]
 [114]
 [103]
 [101]
 [116]]",72.0,NORMAL,290.0,300.0
sub-004,3,166,74339.66329865,297.354653,"[[114]
 [105]
 [103]
 [104]
 [116]
 [ 95]
 [ 99]
 [108]
 [105]
 [ 99]
 [107]]",53.0,"[[114]
 [101]
 [109]
 [101]
 [109]
 [ 98]
 [101]
 [114]
 [101]
 [100]
 [ 95]
 [ 99]
 [111]
 [114]
 [114]
 [101]
 [ 99]
 [116]]","[[110]
 [ 47]
 [ 97]]",NORMAL,290.0,300.0
sub-004,3,167,74439.688622975,297.754754,"[[115]
 [111]
 [117]
 [110]
 [100]
 [ 95]
 [ 98]
 [101]
 [101]
 [112]]",53.0,"[[102]
 [101]
 [101]
 [100]
 [ 98]
 [ 97]
 [ 99]
 [107]
 [ 95]
 [ 99]
 [111]
 [114]
 [114]
 [101]
 [ 99]
 [116]]","[[110]
 [ 47]
 [ 97]]",NORMAL,290.0,300.0
sub-004,3,168,75242.59122637499,300.966365,"[[114]
 [105]
 [103]
 [104]
 [116]
 [ 95]
 [ 99]
 [108]
 [105]
 [ 99]
 [107]]",53.0,"[[105]
 [110]
 [100]
 [105]
 [ 99]
 [ 97]
 [116]
 [101]
 [ 95]
 [114]
 [101]
 [ 97]
 [100]
 [121]]","[[110]
 [ 47]
 [ 97]]",NORMAL,300.0,310.0
sub-004,3,169,75248.24124470001,300.988965,"[[115]
 [104]
 [111]
 [119]
 [ 95]
 [ 99]
 [114]
 [111]
 [115]
 [115]]",53.0,"[[102]
 [105]
 [120]
 [ 97]
 [116]
 [101]]",43.0,NORMAL,300.0,310.0
sub-004,3,170,76559.820497475,306.235282,"[[115]
 [104]
 [111]
 [119]
 [ 95]
 [108]
 [101]
 [116]
 [116]
 [101]
 [114]]",53.0,"[[116]
 [111]
 [ 95]
 [105]
 [103]
 [110]
 [111]
 [114]
 [101]]",90.0,NORMAL,300.0,310.0
sub-004,3,171,76919.996665325,307.675987,"[[115]
 [104]
 [111]
 [119]
 [ 95]
 [108]
 [101]
 [116]
 [116]
 [101]
 [114]]",53.0,"[[116]
 [111]
 [ 95]
 [105]
 [103]
 [110]
 [111]
 [114]
 [101]]",67.0,NORMAL,300.0,310.0
sub-004,3,172,77280.44783409999,309.117791,"[[115]
 [104]
 [111]
 [119]
 [ 95]
 [108]
 [101]
 [116]
 [116]
 [101]
 [114]]",53.0,"[[116]
 [111]
 [ 95]
 [114]
 [101]
 [109]
 [101]
 [109]
 [ 98]
 [101]
 [114]]",82.0,NORMAL,300.0,310.0
sub-004,3,173,77640.89900285,310.559596,"[[115]
 [104]
 [111]
 [119]
 [ 95]
 [108]
 [101]
 [116]
 [116]
 [101]
 [114]]",53.0,"[[116]
 [111]
 [ 95]
 [114]
 [101]
 [109]
 [101]
 [109]
 [ 98]
 [101]
 [114]]",70.0,NORMAL,310.0,320.0
sub-004,3,174,78001.3501716,312.001401,"[[115]
 [104]
 [111]
 [119]
 [ 95]
 [108]
 [101]
 [116]
 [116]
 [101]
 [114]]",53.0,"[[116]
 [111]
 [ 95]
 [114]
 [101]
 [109]
 [101]
 [109]
 [ 98]
 [101]
 [114]]",81.0,NORMAL,310.0,320.0
sub-004,3,175,78361.55133955,313.442205,"[[115]
 [104]
 [111]
 [119]
 [ 95]
 [108]
 [101]
 [116]
 [116]
 [101]
 [114]]",53.0,"[[116]
 [111]
 [ 95]
 [114]
 [101]
 [109]
 [101]
 [109]
 [ 98]
 [101]
 [114]]",86.0,NORMAL,310.0,320.0
sub-004,3,176,78722.00250830001,314.88401,"[[115]
 [104]
 [111]
 [119]
 [ 95]
 [108]
 [101]
 [116]
 [116]
 [101]
 [114]]",53.0,"[[116]
 [111]
 [ 95]
 [114]
 [101]
 [109]
 [101]
 [109]
 [ 98]
 [101]
 [114]]",80.0,NORMAL,310.0,320.0
sub-004,3,177,79082.453677075,316.325815,"[[115]
 [104]
 [111]
 [119]
 [ 95]
 [108]
 [101]
 [116]
 [116]
 [101]
 [114]]",53.0,"[[116]
 [111]
 [ 95]
 [105]
 [103]
 [110]
 [111]
 [114]
 [101]]",78.0,NORMAL,310.0,320.0
sub-004,3,178,79442.87984575,317.767519,"[[115]
 [104]
 [111]
 [119]
 [ 95]
 [100]
 [ 97]
 [115]
 [104]]",53.0,"[[119]
 [111]
 [114]
 [107]
 [ 95]
 [109]
 [101]
 [109]
 [111]
 [114]
 [121]]",45.0,NORMAL,310.0,320.0
sub-004,3,179,80398.25794352501,321.589032,"[[115]
 [104]
 [111]
 [119]
 [ 95]
 [108]
 [101]
 [116]
 [116]
 [101]
 [114]]",53.0,"[[112]
 [114]
 [111]
 [ 98]
 [101]
 [ 95]
 [116]
 [ 97]
 [114]
 [103]
 [101]
 [116]]",70.0,NORMAL,320.0,330.0
sub-004,3,180,80824.90932695,323.295637,"[[108]
 [101]
 [102]
 [116]
 [ 95]
 [ 99]
 [108]
 [105]
 [ 99]
 [107]]",53.0,"[[105]
 [103]
 [110]
 [111]
 [114]
 [101]
 [100]
 [ 95]
 [105]
 [110]
 [ 99]
 [111]
 [114]
 [114]
 [101]
 [ 99]
 [116]]","[[110]
 [ 47]
 [ 97]]",NORMAL,320.0,330.0
sub-004,3,181,80924.934651275,323.695739,"[[115]
 [111]
 [117]
 [110]
 [100]
 [ 95]
 [ 98]
 [117]
 [122]
 [122]]",53.0,"[[102]
 [101]
 [101]
 [100]
 [ 98]
 [ 97]
 [ 99]
 [107]
 [ 95]
 [105]
 [110]
 [ 99]
 [111]
 [114]
 [114]
 [101]
 [ 99]
 [116]]","[[110]
 [ 47]
 [ 97]]",NORMAL,320.0,330.0
sub-004,3,182,81490.5614853,325.958246,"[[114]
 [105]
 [103]
 [104]
 [116]
 [ 95]
 [ 99]
 [108]
 [105]
 [ 99]
 [107]]",53.0,"[[105]
 [110]
 [100]
 [105]
 [ 99]
 [ 97]
 [116]
 [101]
 [ 95]
 [114]
 [101]
 [ 97]
 [100]
 [121]]","[[110]
 [ 47]
 [ 97]]",NORMAL,320.0,330.0
sub-004,3,183,81496.086503225,325.980346,"[[115]
 [104]
 [111]
 [119]
 [ 95]
 [ 99]
 [114]
 [111]
 [115]
 [115]]",55.0,"[[102]
 [105]
 [120]
 [ 97]
 [116]
 [101]]",43.0,NORMAL,320.0,330.0
sub-004,3,184,82807.64075592501,331.226563,"[[115]
 [104]
 [111]
 [119]
 [ 95]
 [108]
 [101]
 [116]
 [116]
 [101]
 [114]]",55.0,"[[116]
 [111]
 [ 95]
 [114]
 [101]
 [109]
 [101]
 [109]
 [ 98]
 [101]
 [114]]",74.0,NORMAL,330.0,340.0
sub-004,3,185,83168.09192467501,332.668368,"[[115]
 [104]
 [111]
 [119]
 [ 95]
 [108]
 [101]
 [116]
 [116]
 [101]
 [114]]",55.0,"[[116]
 [111]
 [ 95]
 [114]
 [101]
 [109]
 [101]
 [109]
 [ 98]
 [101]
 [114]]",84.0,NORMAL,330.0,340.0
sub-004,3,186,83528.54309342499,334.110172,"[[115]
 [104]
 [111]
 [119]
 [ 95]
 [108]
 [101]
 [116]
 [116]
 [101]
 [114]]",55.0,"[[116]
 [111]
 [ 95]
 [114]
 [101]
 [109]
 [101]
 [109]
 [ 98]
 [101]
 [114]]",76.0,NORMAL,330.0,340.0
sub-004,3,187,83888.71926130001,335.550877,"[[115]
 [104]
 [111]
 [119]
 [ 95]
 [108]
 [101]
 [116]
 [116]
 [101]
 [114]]",55.0,"[[116]
 [111]
 [ 95]
 [114]
 [101]
 [109]
 [101]
 [109]
 [ 98]
 [101]
 [114]]",88.0,NORMAL,330.0,340.0
sub-004,3,188,84249.17043005,336.992682,"[[115]
 [104]
 [111]
 [119]
 [ 95]
 [108]
 [101]
 [116]
 [116]
 [101]
 [114]]",55.0,"[[116]
 [111]
 [ 95]
 [114]
 [101]
 [109]
 [101]
 [109]
 [ 98]
 [101]
 [114]]",83.0,NORMAL,330.0,340.0
sub-004,3,189,84609.646598875,338.434586,"[[115]
 [104]
 [111]
 [119]
 [ 95]
 [108]
 [101]
 [116]
 [116]
 [101]
 [114]]",55.0,"[[116]
 [111]
 [ 95]
 [114]
 [101]
 [109]
 [101]
 [109]
 [ 98]
 [101]
 [114]]",71.0,NORMAL,330.0,340.0
sub-004,3,190,84970.072767575,339.876291,"[[115]
 [104]
 [111]
 [119]
 [ 95]
 [108]
 [101]
 [116]
 [116]
 [101]
 [114]]",55.0,"[[116]
 [111]
 [ 95]
 [114]
 [101]
 [109]
 [101]
 [109]
 [ 98]
 [101]
 [114]]",81.0,NORMAL,330.0,340.0
sub-004,3,191,85330.2739355,341.317096,"[[115]
 [104]
 [111]
 [119]
 [ 95]
 [108]
 [101]
 [116]
 [116]
 [101]
 [114]]",55.0,"[[116]
 [111]
 [ 95]
 [105]
 [103]
 [110]
 [111]
 [114]
 [101]]",82.0,NORMAL,340.0,350.0
sub-004,3,192,85690.700104175,342.7588,"[[115]
 [104]
 [111]
 [119]
 [ 95]
 [100]
 [ 97]
 [115]
 [104]]",55.0,"[[119]
 [111]
 [114]
 [107]
 [ 95]
 [109]
 [101]
 [109]
 [111]
 [114]
 [121]]",45.0,NORMAL,340.0,350.0
sub-004,3,193,86357.102264975,345.424409,"[[115]
 [104]
 [111]
 [119]
 [ 95]
 [108]
 [101]
 [116]
 [116]
 [101]
 [114]]",55.0,"[[112]
 [114]
 [111]
 [ 98]
 [101]
 [ 95]
 [110]
 [111]
 [116]
 [ 95]
 [115]
 [104]
 [111]
 [119]
 [110]]",89.0,NORMAL,340.0,350.0
sub-004,3,194,86749.928538725,346.995714,"[[108]
 [101]
 [102]
 [116]
 [ 95]
 [ 99]
 [108]
 [105]
 [ 99]
 [107]]",55.0,"[[105]
 [103]
 [110]
 [111]
 [114]
 [101]
 [100]
 [ 95]
 [ 99]
 [111]
 [114]
 [114]
 [101]
 [ 99]
 [116]]","[[110]
 [ 47]
 [ 97]]",NORMAL,340.0,350.0
sub-004,3,195,86849.95386305,347.395815,"[[115]
 [111]
 [117]
 [110]
 [100]
 [ 95]
 [ 98]
 [101]
 [101]
 [112]]",55.0,"[[102]
 [101]
 [101]
 [100]
 [ 98]
 [ 97]
 [ 99]
 [107]
 [ 95]
 [ 99]
 [111]
 [114]
 [114]
 [101]
 [ 99]
 [116]]","[[110]
 [ 47]
 [ 97]]",NORMAL,340.0,350.0
sub-004,3,196,87422.180718475,349.684723,"[[114]
 [105]
 [103]
 [104]
 [116]
 [ 95]
 [ 99]
 [108]
 [105]
 [ 99]
 [107]]",55.0,"[[105]
 [110]
 [100]
 [105]
 [ 99]
 [ 97]
 [116]
 [101]
 [ 95]
 [114]
 [101]
 [ 97]
 [100]
 [121]]","[[110]
 [ 47]
 [ 97]]",NORMAL,340.0,350.0
sub-004,3,197,87429.705742875,349.714823,"[[115]
 [104]
 [111]
 [119]
 [ 95]
 [ 99]
 [114]
 [111]
 [115]
 [115]]",51.0,"[[102]
 [105]
 [120]
 [ 97]
 [116]
 [101]]",43.0,NORMAL,340.0,350.0
sub-004,3,198,88741.259995575,354.96104,"[[115]
 [104]
 [111]
 [119]
 [ 95]
 [108]
 [101]
 [116]
 [116]
 [101]
 [114]]",51.0,"[[116]
 [111]
 [ 95]
 [105]
 [103]
 [110]
 [111]
 [114]
 [101]]",82.0,NORMAL,350.0,360.0
sub-004,3,199,89101.71116432501,356.402845,"[[115]
 [104]
 [111]
 [119]
 [ 95]
 [108]
 [101]
 [116]
 [116]
 [101]
 [114]]",51.0,"[[116]
 [111]
 [ 95]
 [105]
 [103]
 [110]
 [111]
 [114]
 [101]]",88.0,NORMAL,350.0,360.0
sub-004,3,200,89462.162333075,357.844649,"[[115]
 [104]
 [111]
 [119]
 [ 95]
 [108]
 [101]
 [116]
 [116]
 [101]
 [114]]",51.0,"[[116]
 [111]
 [ 95]
 [114]
 [101]
 [109]
 [101]
 [109]
 [ 98]
 [101]
 [114]]",83.0,NORMAL,350.0,360.0
sub-004,3,201,89822.58850175,359.286354,"[[115]
 [104]
 [111]
 [119]
 [ 95]
 [108]
 [101]
 [116]
 [116]
 [101]
 [114]]",51.0,"[[116]
 [111]
 [ 95]
 [114]
 [101]
 [109]
 [101]
 [109]
 [ 98]
 [101]
 [114]]",80.0,NORMAL,350.0,360.0
sub-004,3,202,90182.7896697,360.727159,"[[115]
 [104]
 [111]
 [119]
 [ 95]
 [108]
 [101]
 [116]
 [116]
 [101]
 [114]]",51.0,"[[116]
 [111]
 [ 95]
 [114]
 [101]
 [109]
 [101]
 [109]
 [ 98]
 [101]
 [114]]",78.0,NORMAL,360.0,370.0
sub-004,3,203,90543.24083845,362.168963,"[[115]
 [104]
 [111]
 [119]
 [ 95]
 [108]
 [101]
 [116]
 [116]
 [101]
 [114]]",51.0,"[[116]
 [111]
 [ 95]
 [105]
 [103]
 [110]
 [111]
 [114]
 [101]]",68.0,NORMAL,360.0,370.0
sub-004,3,204,90903.69200722499,363.610768,"[[115]
 [104]
 [111]
 [119]
 [ 95]
 [108]
 [101]
 [116]
 [116]
 [101]
 [114]]",51.0,"[[116]
 [111]
 [ 95]
 [105]
 [103]
 [110]
 [111]
 [114]
 [101]]",71.0,NORMAL,360.0,370.0
sub-004,3,205,91263.89317517499,365.051573,"[[115]
 [104]
 [111]
 [119]
 [ 95]
 [108]
 [101]
 [116]
 [116]
 [101]
 [114]]",51.0,"[[116]
 [111]
 [ 95]
 [105]
 [103]
 [110]
 [111]
 [114]
 [101]]",74.0,NORMAL,360.0,370.0
sub-004,3,206,91624.344343925,366.493377,"[[115]
 [104]
 [111]
 [119]
 [ 95]
 [100]
 [ 97]
 [115]
 [104]]",51.0,"[[119]
 [111]
 [114]
 [107]
 [ 95]
 [109]
 [101]
 [109]
 [111]
 [114]
 [121]]",45.0,NORMAL,360.0,370.0
sub-004,3,207,92370.221762425,369.476887,"[[115]
 [104]
 [111]
 [119]
 [ 95]
 [108]
 [101]
 [116]
 [116]
 [101]
 [114]]",51.0,"[[112]
 [114]
 [111]
 [ 98]
 [101]
 [ 95]
 [110]
 [111]
 [116]
 [ 95]
 [115]
 [104]
 [111]
 [119]
 [110]]",77.0,NORMAL,360.0,370.0
sub-004,3,208,92641.99764365,370.563991,"[[108]
 [101]
 [102]
 [116]
 [ 95]
 [ 99]
 [108]
 [105]
 [ 99]
 [107]]",51.0,"[[105]
 [103]
 [110]
 [111]
 [114]
 [101]
 [100]
 [ 95]
 [ 99]
 [111]
 [114]
 [114]
 [101]
 [ 99]
 [116]]","[[110]
 [ 47]
 [ 97]]",REVIEW,370.0,380.0
sub-004,3,209,92742.04796805,370.964192,"[[115]
 [111]
 [117]
 [110]
 [100]
 [ 95]
 [ 98]
 [101]
 [101]
 [112]]",51.0,"[[102]
 [101]
 [101]
 [100]
 [ 98]
 [ 97]
 [ 99]
 [107]
 [ 95]
 [ 99]
 [111]
 [114]
 [114]
 [101]
 [ 99]
 [116]]","[[110]
 [ 47]
 [ 97]]",REVIEW,370.0,380.0
sub-004,3,210,93597.650742325,374.386603,"[[114]
 [105]
 [103]
 [104]
 [116]
 [ 95]
 [ 99]
 [108]
 [105]
 [ 99]
 [107]]",51.0,"[[105]
 [110]
 [100]
 [105]
 [ 99]
 [ 97]
 [116]
 [101]
 [ 95]
 [114]
 [101]
 [ 97]
 [100]
 [121]]","[[110]
 [ 47]
 [ 97]]",REVIEW,370.0,380.0
sub-004,3,211,93602.3257575,374.405303,"[[115]
 [104]
 [111]
 [119]
 [ 95]
 [ 99]
 [114]
 [111]
 [115]
 [115]]",55.0,"[[102]
 [105]
 [120]
 [ 97]
 [116]
 [101]]",43.0,REVIEW,370.0,380.0
sub-004,3,212,94913.8550101,379.65142,"[[115]
 [104]
 [111]
 [119]
 [ 95]
 [108]
 [101]
 [116]
 [116]
 [101]
 [114]]",55.0,"[[116]
 [111]
 [ 95]
 [114]
 [101]
 [109]
 [101]
 [109]
 [ 98]
 [101]
 [114]]",80.0,REVIEW,370.0,380.0
sub-004,3,213,95274.30617885,381.093225,"[[115]
 [104]
 [111]
 [119]
 [ 95]
 [108]
 [101]
 [116]
 [116]
 [101]
 [114]]",55.0,"[[116]
 [111]
 [ 95]
 [105]
 [103]
 [110]
 [111]
 [114]
 [101]]",89.0,NORMAL,380.0,390.0
sub-004,3,214,95634.732347525,382.534929,"[[115]
 [104]
 [111]
 [119]
 [ 95]
 [108]
 [101]
 [116]
 [116]
 [101]
 [114]]",55.0,"[[116]
 [111]
 [ 95]
 [114]
 [101]
 [109]
 [101]
 [109]
 [ 98]
 [101]
 [114]]",82.0,NORMAL,380.0,390.0
sub-004,3,215,95994.933515475,383.975734,"[[115]
 [104]
 [111]
 [119]
 [ 95]
 [108]
 [101]
 [116]
 [116]
 [101]
 [114]]",55.0,"[[116]
 [111]
 [ 95]
 [114]
 [101]
 [109]
 [101]
 [109]
 [ 98]
 [101]
 [114]]",84.0,NORMAL,380.0,390.0
sub-004,3,216,96355.38468422499,385.417539,"[[115]
 [104]
 [111]
 [119]
 [ 95]
 [108]
 [101]
 [116]
 [116]
 [101]
 [114]]",55.0,"[[116]
 [111]
 [ 95]
 [114]
 [101]
 [109]
 [101]
 [109]
 [ 98]
 [101]
 [114]]",66.0,NORMAL,380.0,390.0
sub-004,3,217,96715.835853,386.859343,"[[115]
 [104]
 [111]
 [119]
 [ 95]
 [108]
 [101]
 [116]
 [116]
 [101]
 [114]]",55.0,"[[116]
 [111]
 [ 95]
 [114]
 [101]
 [109]
 [101]
 [109]
 [ 98]
 [101]
 [114]]",71.0,NORMAL,380.0,390.0
sub-004,3,218,97076.037020925,388.300148,"[[115]
 [104]
 [111]
 [119]
 [ 95]
 [108]
 [101]
 [116]
 [116]
 [101]
 [114]]",55.0,"[[116]
 [111]
 [ 95]
 [114]
 [101]
 [109]
 [101]
 [109]
 [ 98]
 [101]
 [114]]",86.0,NORMAL,380.0,390.0
sub-004,3,219,97436.4881897,389.741953,"[[115]
 [104]
 [111]
 [119]
 [ 95]
 [108]
 [101]
 [116]
 [116]
 [101]
 [114]]",55.0,"[[116]
 [111]
 [ 95]
 [114]
 [101]
 [109]
 [101]
 [109]
 [ 98]
 [101]
 [114]]",77.0,NORMAL,380.0,390.0
sub-004,3,220,97796.93935844999,391.183757,"[[115]
 [104]
 [111]
 [119]
 [ 95]
 [100]
 [ 97]
 [115]
 [104]]",55.0,"[[119]
 [111]
 [114]
 [107]
 [ 95]
 [109]
 [101]
 [109]
 [111]
 [114]
 [121]]",45.0,NORMAL,390.0,400.0
sub-004,3,221,98567.81685799999,394.267267,"[[115]
 [104]
 [111]
 [119]
 [ 95]
 [108]
 [101]
 [116]
 [116]
 [101]
 [114]]",55.0,"[[112]
 [114]
 [111]
 [ 98]
 [101]
 [ 95]
 [116]
 [ 97]
 [114]
 [103]
 [101]
 [116]]",80.0,NORMAL,390.0,400.0
sub-004,3,222,98850.442774425,395.397771,"[[114]
 [105]
 [103]
 [104]
 [116]
 [ 95]
 [ 99]
 [108]
 [105]
 [ 99]
 [107]]",55.0,"[[114]
 [101]
 [109]
 [101]
 [109]
 [ 98]
 [101]
 [114]
 [101]
 [100]
 [ 95]
 [ 99]
 [111]
 [114]
 [114]
 [101]
 [ 99]
 [116]]","[[110]
 [ 47]
 [ 97]]",NORMAL,390.0,400.0
sub-004,3,223,98950.46809875,395.797872,"[[115]
 [111]
 [117]
 [110]
 [100]
 [ 95]
 [ 98]
 [101]
 [101]
 [112]]",55.0,"[[102]
 [101]
 [101]
 [100]
 [ 98]
 [ 97]
 [ 99]
 [107]
 [ 95]
 [ 99]
 [111]
 [114]
 [114]
 [101]
 [ 99]
 [116]]","[[110]
 [ 47]
 [ 97]]",NORMAL,390.0,400.0
sub-004,3,224,102416.004335675,409.660017,"[[114]
 [105]
 [103]
 [104]
 [116]
 [ 95]
 [ 99]
 [108]
 [105]
 [ 99]
 [107]]",55.0,"[[105]
 [110]
 [100]
 [105]
 [ 99]
 [ 97]
 [116]
 [101]
 [ 95]
 [114]
 [101]
 [ 97]
 [100]
 [121]]","[[110]
 [ 47]
 [ 97]]",REVIEW,400.0,410.0
sub-004,3,225,102423.2293591,409.688917,"[[115]
 [104]
 [111]
 [119]
 [ 95]
 [ 99]
 [114]
 [111]
 [115]
 [115]]",55.0,"[[102]
 [105]
 [120]
 [ 97]
 [116]
 [101]]",43.0,REVIEW,400.0,410.0
sub-004,3,226,103734.78361180001,414.935134,"[[115]
 [104]
 [111]
 [119]
 [ 95]
 [108]
 [101]
 [116]
 [116]
 [101]
 [114]]",55.0,"[[116]
 [111]
 [ 95]
 [114]
 [101]
 [109]
 [101]
 [109]
 [ 98]
 [101]
 [114]]",90.0,NORMAL,410.0,420.0
sub-004,3,227,104094.98477975,416.375939,"[[115]
 [104]
 [111]
 [119]
 [ 95]
 [108]
 [101]
 [116]
 [116]
 [101]
 [114]]",55.0,"[[116]
 [111]
 [ 95]
 [114]
 [101]
 [109]
 [101]
 [109]
 [ 98]
 [101]
 [114]]",88.0,NORMAL,410.0,420.0
sub-004,3,228,104455.4359485,417.817744,"[[115]
 [104]
 [111]
 [119]
 [ 95]
 [108]
 [101]
 [116]
 [116]
 [101]
 [114]]",55.0,"[[116]
 [111]
 [ 95]
 [114]
 [101]
 [109]
 [101]
 [109]
 [ 98]
 [101]
 [114]]",83.0,NORMAL,410.0,420.0
sub-004,3,229,104815.88711725,419.259548,"[[115]
 [104]
 [111]
 [119]
 [ 95]
 [108]
 [101]
 [116]
 [116]
 [101]
 [114]]",55.0,"[[116]
 [111]
 [ 95]
 [114]
 [101]
 [109]
 [101]
 [109]
 [ 98]
 [101]
 [114]]",89.0,NORMAL,410.0,420.0
sub-004,3,230,105176.338286025,420.701353,"[[115]
 [104]
 [111]
 [119]
 [ 95]
 [108]
 [101]
 [116]
 [116]
 [101]
 [114]]",55.0,"[[116]
 [111]
 [ 95]
 [114]
 [101]
 [109]
 [101]
 [109]
 [ 98]
 [101]
 [114]]",67.0,NORMAL,420.0,430.0
sub-004,3,231,105536.53945397501,422.142158,"[[115]
 [104]
 [111]
 [119]
 [ 95]
 [108]
 [101]
 [116]
 [116]
 [101]
 [114]]",55.0,"[[116]
 [111]
 [ 95]
 [114]
 [101]
 [109]
 [101]
 [109]
 [ 98]
 [101]
 [114]]",86.0,NORMAL,420.0,430.0
sub-004,3,232,105896.96562265,423.583862,"[[115]
 [104]
 [111]
 [119]
 [ 95]
 [108]
 [101]
 [116]
 [116]
 [101]
 [114]]",55.0,"[[116]
 [111]
 [ 95]
 [114]
 [101]
 [109]
 [101]
 [109]
 [ 98]
 [101]
 [114]]",84.0,NORMAL,420.0,430.0
sub-004,3,233,106257.441791475,425.025767,"[[115]
 [104]
 [111]
 [119]
 [ 95]
 [108]
 [101]
 [116]
 [116]
 [101]
 [114]]",55.0,"[[116]
 [111]
 [ 95]
 [105]
 [103]
 [110]
 [111]
 [114]
 [101]]",87.0,NORMAL,420.0,430.0
sub-004,3,234,106617.86796015,426.467472,"[[115]
 [104]
 [111]
 [119]
 [ 95]
 [100]
 [ 97]
 [115]
 [104]]",55.0,"[[119]
 [111]
 [114]
 [107]
 [ 95]
 [109]
 [101]
 [109]
 [111]
 [114]
 [121]]",45.0,NORMAL,420.0,430.0
sub-004,3,235,107317.520228775,429.266081,"[[115]
 [104]
 [111]
 [119]
 [ 95]
 [108]
 [101]
 [116]
 [116]
 [101]
 [114]]",55.0,"[[112]
 [114]
 [111]
 [ 98]
 [101]
 [ 95]
 [116]
 [ 97]
 [114]
 [103]
 [101]
 [116]]",86.0,NORMAL,420.0,430.0
sub-004,3,236,107734.69658145,430.934786,"[[114]
 [105]
 [103]
 [104]
 [116]
 [ 95]
 [ 99]
 [108]
 [105]
 [ 99]
 [107]]",55.0,"[[114]
 [101]
 [109]
 [101]
 [109]
 [ 98]
 [101]
 [114]
 [101]
 [100]
 [ 95]
 [ 99]
 [111]
 [114]
 [114]
 [101]
 [ 99]
 [116]]","[[110]
 [ 47]
 [ 97]]",NORMAL,430.0,440.0
sub-004,3,237,107834.74690585,431.334988,"[[115]
 [111]
 [117]
 [110]
 [100]
 [ 95]
 [ 98]
 [101]
 [101]
 [112]]",55.0,"[[102]
 [101]
 [101]
 [100]
 [ 98]
 [ 97]
 [ 99]
 [107]
 [ 95]
 [ 99]
 [111]
 [114]
 [114]
 [101]
 [ 99]
 [116]]","[[110]
 [ 47]
 [ 97]]",NORMAL,430.0,440.0
sub-004,3,238,108439.923868125,433.755695,"[[114]
 [105]
 [103]
 [104]
 [116]
 [ 95]
 [ 99]
 [108]
 [105]
 [ 99]
 [107]]",55.0,"[[105]
 [110]
 [100]
 [105]
 [ 99]
 [ 97]
 [116]
 [101]
 [ 95]
 [114]
 [101]
 [ 97]
 [100]
 [121]]","[[110]
 [ 47]
 [ 97]]",NORMAL,430.0,440.0
sub-004,3,239,108444.8488841,433.775396,"[[115]
 [104]
 [111]
 [119]
 [ 95]
 [ 99]
 [114]
 [111]
 [115]
 [115]]",55.0,"[[102]
 [105]
 [120]
 [ 97]
 [116]
 [101]]",43.0,NORMAL,430.0,440.0
sub-004,3,240,109756.45313694999,439.021813,"[[115]
 [104]
 [111]
 [119]
 [ 95]
 [108]
 [101]
 [116]
 [116]
 [101]
 [114]]",55.0,"[[116]
 [111]
 [ 95]
 [114]
 [101]
 [109]
 [101]
 [109]
 [ 98]
 [101]
 [114]]",75.0,NORMAL,430.0,440.0
sub-004,3,241,110116.85430555,440.463417,"[[115]
 [104]
 [111]
 [119]
 [ 95]
 [108]
 [101]
 [116]
 [116]
 [101]
 [114]]",55.0,"[[116]
 [111]
 [ 95]
 [114]
 [101]
 [109]
 [101]
 [109]
 [ 98]
 [101]
 [114]]",71.0,NORMAL,440.0,450.0
sub-004,3,242,110477.0554735,441.904222,"[[115]
 [104]
 [111]
 [119]
 [ 95]
 [108]
 [101]
 [116]
 [116]
 [101]
 [114]]",55.0,"[[116]
 [111]
 [ 95]
 [114]
 [101]
 [109]
 [101]
 [109]
 [ 98]
 [101]
 [114]]",74.0,NORMAL,440.0,450.0
sub-004,3,243,110837.50664225,443.346027,"[[115]
 [104]
 [111]
 [119]
 [ 95]
 [108]
 [101]
 [116]
 [116]
 [101]
 [114]]",55.0,"[[116]
 [111]
 [ 95]
 [114]
 [101]
 [109]
 [101]
 [109]
 [ 98]
 [101]
 [114]]",90.0,NORMAL,440.0,450.0
sub-004,3,244,111197.957811,444.787831,"[[115]
 [104]
 [111]
 [119]
 [ 95]
 [108]
 [101]
 [116]
 [116]
 [101]
 [114]]",55.0,"[[116]
 [111]
 [ 95]
 [114]
 [101]
 [109]
 [101]
 [109]
 [ 98]
 [101]
 [114]]",72.0,NORMAL,440.0,450.0
sub-004,3,245,111558.38397970001,446.229536,"[[115]
 [104]
 [111]
 [119]
 [ 95]
 [108]
 [101]
 [116]
 [116]
 [101]
 [114]]",55.0,"[[116]
 [111]
 [ 95]
 [114]
 [101]
 [109]
 [101]
 [109]
 [ 98]
 [101]
 [114]]",68.0,NORMAL,440.0,450.0
sub-004,3,246,111918.58514762501,447.670341,"[[115]
 [104]
 [111]
 [119]
 [ 95]
 [108]
 [101]
 [116]
 [116]
 [101]
 [114]]",55.0,"[[116]
 [111]
 [ 95]
 [105]
 [103]
 [110]
 [111]
 [114]
 [101]]",80.0,NORMAL,440.0,450.0
sub-004,3,247,112279.0363164,449.112145,"[[115]
 [104]
 [111]
 [119]
 [ 95]
 [108]
 [101]
 [116]
 [116]
 [101]
 [114]]",55.0,"[[116]
 [111]
 [ 95]
 [114]
 [101]
 [109]
 [101]
 [109]
 [ 98]
 [101]
 [114]]",86.0,NORMAL,440.0,450.0
sub-004,3,248,112639.48748514999,450.55395,"[[115]
 [104]
 [111]
 [119]
 [ 95]
 [100]
 [ 97]
 [115]
 [104]]",55.0,"[[119]
 [111]
 [114]
 [107]
 [ 95]
 [109]
 [101]
 [109]
 [111]
 [114]
 [121]]",45.0,NORMAL,450.0,460.0
sub-004,3,249,113531.840378575,454.123362,"[[115]
 [104]
 [111]
 [119]
 [ 95]
 [108]
 [101]
 [116]
 [116]
 [101]
 [114]]",55.0,"[[112]
 [114]
 [111]
 [ 98]
 [101]
 [ 95]
 [116]
 [ 97]
 [114]
 [103]
 [101]
 [116]]",71.0,NORMAL,450.0,460.0
sub-004,3,250,113890.44154135,455.557766,"[[114]
 [105]
 [103]
 [104]
 [116]
 [ 95]
 [ 99]
 [108]
 [105]
 [ 99]
 [107]]",55.0,"[[114]
 [101]
 [109]
 [101]
 [109]
 [ 98]
 [101]
 [114]
 [101]
 [100]
 [ 95]
 [ 99]
 [111]
 [114]
 [114]
 [101]
 [ 99]
 [116]]","[[110]
 [ 47]
 [ 97]]",NORMAL,450.0,460.0
sub-004,3,251,113990.51686582499,455.958067,"[[115]
 [111]
 [117]
 [110]
 [100]
 [ 95]
 [ 98]
 [101]
 [101]
 [112]]",55.0,"[[102]
 [101]
 [101]
 [100]
 [ 98]
 [ 97]
 [ 99]
 [107]
 [ 95]
 [ 99]
 [111]
 [114]
 [114]
 [101]
 [ 99]
 [116]]","[[110]
 [ 47]
 [ 97]]",NORMAL,450.0,460.0
sub-004,3,252,114589.04380655,458.352175,"[[114]
 [105]
 [103]
 [104]
 [116]
 [ 95]
 [ 99]
 [108]
 [105]
 [ 99]
 [107]]",55.0,"[[105]
 [110]
 [100]
 [105]
 [ 99]
 [ 97]
 [116]
 [101]
 [ 95]
 [114]
 [101]
 [ 97]
 [100]
 [121]]","[[110]
 [ 47]
 [ 97]]",NORMAL,450.0,460.0
sub-004,3,253,114596.44383055,458.381775,"[[115]
 [104]
 [111]
 [119]
 [ 95]
 [ 99]
 [114]
 [111]
 [115]
 [115]]",53.0,"[[102]
 [105]
 [120]
 [ 97]
 [116]
 [101]]",43.0,NORMAL,450.0,460.0
sub-004,3,254,115908.023083325,463.628092,"[[115]
 [104]
 [111]
 [119]
 [ 95]
 [108]
 [101]
 [116]
 [116]
 [101]
 [114]]",53.0,"[[116]
 [111]
 [ 95]
 [114]
 [101]
 [109]
 [101]
 [109]
 [ 98]
 [101]
 [114]]",72.0,NORMAL,460.0,470.0
sub-004,3,255,116268.449252,465.069797,"[[115]
 [104]
 [111]
 [119]
 [ 95]
 [108]
 [101]
 [116]
 [116]
 [101]
 [114]]",53.0,"[[116]
 [111]
 [ 95]
 [114]
 [101]
 [109]
 [101]
 [109]
 [ 98]
 [101]
 [114]]",66.0,NORMAL,460.0,470.0
sub-004,3,256,116628.650419925,466.510602,"[[115]
 [104]
 [111]
 [119]
 [ 95]
 [108]
 [101]
 [116]
 [116]
 [101]
 [114]]",53.0,"[[116]
 [111]
 [ 95]
 [114]
 [101]
 [109]
 [101]
 [109]
 [ 98]
 [101]
 [114]]",81.0,NORMAL,460.0,470.0
sub-004,3,257,116989.0765886,467.952306,"[[115]
 [104]
 [111]
 [119]
 [ 95]
 [108]
 [101]
 [116]
 [116]
 [101]
 [114]]",53.0,"[[116]
 [111]
 [ 95]
 [105]
 [103]
 [110]
 [111]
 [114]
 [101]]",75.0,NORMAL,460.0,470.0
sub-004,3,258,117349.52775737499,469.394111,"[[115]
 [104]
 [111]
 [119]
 [ 95]
 [108]
 [101]
 [116]
 [116]
 [101]
 [114]]",53.0,"[[116]
 [111]
 [ 95]
 [114]
 [101]
 [109]
 [101]
 [109]
 [ 98]
 [101]
 [114]]",83.0,NORMAL,460.0,470.0
sub-004,3,259,117709.728925325,470.834916,"[[115]
 [104]
 [111]
 [119]
 [ 95]
 [108]
 [101]
 [116]
 [116]
 [101]
 [114]]",53.0,"[[116]
 [111]
 [ 95]
 [114]
 [101]
 [109]
 [101]
 [109]
 [ 98]
 [101]
 [114]]",82.0,NORMAL,470.0,480.0
sub-004,3,260,118070.180094075,472.27672,"[[115]
 [104]
 [111]
 [119]
 [ 95]
 [108]
 [101]
 [116]
 [116]
 [101]
 [114]]",53.0,"[[116]
 [111]
 [ 95]
 [105]
 [103]
 [110]
 [111]
 [114]
 [101]]",84.0,NORMAL,470.0,480.0
sub-004,3,261,118430.6562629,473.718625,"[[115]
 [104]
 [111]
 [119]
 [ 95]
 [108]
 [101]
 [116]
 [116]
 [101]
 [114]]",53.0,"[[116]
 [111]
 [ 95]
 [105]
 [103]
 [110]
 [111]
 [114]
 [101]]",74.0,NORMAL,470.0,480.0
sub-004,3,262,118791.082431575,475.16033,"[[115]
 [104]
 [111]
 [119]
 [ 95]
 [100]
 [ 97]
 [115]
 [104]]",53.0,"[[119]
 [111]
 [114]
 [107]
 [ 95]
 [109]
 [101]
 [109]
 [111]
 [114]
 [121]]",45.0,NORMAL,470.0,480.0
sub-004,3,263,119670.9352845,478.679741,"[[115]
 [104]
 [111]
 [119]
 [ 95]
 [108]
 [101]
 [116]
 [116]
 [101]
 [114]]",53.0,"[[112]
 [114]
 [111]
 [ 98]
 [101]
 [ 95]
 [116]
 [ 97]
 [114]
 [103]
 [101]
 [116]]",81.0,NORMAL,470.0,480.0
sub-004,3,264,119907.736052325,479.626944,"[[114]
 [105]
 [103]
 [104]
 [116]
 [ 95]
 [ 99]
 [108]
 [105]
 [ 99]
 [107]]",53.0,"[[114]
 [101]
 [109]
 [101]
 [109]
 [ 98]
 [101]
 [114]
 [101]
 [100]
 [ 95]
 [ 99]
 [111]
 [114]
 [114]
 [101]
 [ 99]
 [116]]","[[110]
 [ 47]
 [ 97]]",NORMAL,470.0,480.0
sub-004,3,265,120007.78637672501,480.027146,"[[115]
 [111]
 [117]
 [110]
 [100]
 [ 95]
 [ 98]
 [101]
 [101]
 [112]]",53.0,"[[102]
 [101]
 [101]
 [100]
 [ 98]
 [ 97]
 [ 99]
 [107]
 [ 95]
 [ 99]
 [111]
 [114]
 [114]
 [101]
 [ 99]
 [116]]","[[110]
 [ 47]
 [ 97]]",NORMAL,480.0,490.0
sub-004,3,266,120494.312954275,481.973252,"[[114]
 [105]
 [103]
 [104]
 [116]
 [ 95]
 [ 99]
 [108]
 [105]
 [ 99]
 [107]]",53.0,"[[105]
 [110]
 [100]
 [105]
 [ 99]
 [ 97]
 [116]
 [101]
 [ 95]
 [114]
 [101]
 [ 97]
 [100]
 [121]]","[[110]
 [ 47]
 [ 97]]",NORMAL,480.0,490.0
sub-004,3,267,120500.56297455,481.998252,"[[115]
 [104]
 [111]
 [119]
 [ 95]
 [ 99]
 [114]
 [111]
 [115]
 [115]]",53.0,"[[102]
 [105]
 [120]
 [ 97]
 [116]
 [101]]",43.0,NORMAL,480.0,490.0
sub-004,3,268,121812.36722805,487.245469,"[[115]
 [104]
 [111]
 [119]
 [ 95]
 [108]
 [101]
 [116]
 [116]
 [101]
 [114]]",53.0,"[[116]
 [111]
 [ 95]
 [105]
 [103]
 [110]
 [111]
 [114]
 [101]]",67.0,NORMAL,480.0,490.0
sub-004,3,269,122172.568396,488.686274,"[[115]
 [104]
 [111]
 [119]
 [ 95]
 [108]
 [101]
 [116]
 [116]
 [101]
 [114]]",53.0,"[[116]
 [111]
 [ 95]
 [105]
 [103]
 [110]
 [111]
 [114]
 [101]]",80.0,NORMAL,480.0,490.0
sub-004,3,270,122533.01956475001,490.128078,"[[115]
 [104]
 [111]
 [119]
 [ 95]
 [108]
 [101]
 [116]
 [116]
 [101]
 [114]]",53.0,"[[116]
 [111]
 [ 95]
 [114]
 [101]
 [109]
 [101]
 [109]
 [ 98]
 [101]
 [114]]",88.0,NORMAL,490.0,500.0
sub-004,3,271,122893.4707335,491.569883,"[[115]
 [104]
 [111]
 [119]
 [ 95]
 [108]
 [101]
 [116]
 [116]
 [101]
 [114]]",53.0,"[[116]
 [111]
 [ 95]
 [105]
 [103]
 [110]
 [111]
 [114]
 [101]]",90.0,NORMAL,490.0,500.0
sub-004,3,272,123253.67190145,493.010688,"[[115]
 [104]
 [111]
 [119]
 [ 95]
 [108]
 [101]
 [116]
 [116]
 [101]
 [114]]",53.0,"[[116]
 [111]
 [ 95]
 [114]
 [101]
 [109]
 [101]
 [109]
 [ 98]
 [101]
 [114]]",84.0,NORMAL,490.0,500.0
sub-004,3,273,123614.1230702,494.452492,"[[115]
 [104]
 [111]
 [119]
 [ 95]
 [108]
 [101]
 [116]
 [116]
 [101]
 [114]]",53.0,"[[116]
 [111]
 [ 95]
 [114]
 [101]
 [109]
 [101]
 [109]
 [ 98]
 [101]
 [114]]",89.0,NORMAL,490.0,500.0
sub-004,3,274,123974.549238875,495.894197,"[[115]
 [104]
 [111]
 [119]
 [ 95]
 [108]
 [101]
 [116]
 [116]
 [101]
 [114]]",53.0,"[[116]
 [111]
 [ 95]
 [114]
 [101]
 [109]
 [101]
 [109]
 [ 98]
 [101]
 [114]]",74.0,NORMAL,490.0,500.0
sub-004,3,275,124335.00040764999,497.336002,"[[115]
 [104]
 [111]
 [119]
 [ 95]
 [108]
 [101]
 [116]
 [116]
 [101]
 [114]]",53.0,"[[116]
 [111]
 [ 95]
 [114]
 [101]
 [109]
 [101]
 [109]
 [ 98]
 [101]
 [114]]",66.0,NORMAL,490.0,500.0
sub-004,3,276,124695.20157557499,498.776806,"[[115]
 [104]
 [111]
 [119]
 [ 95]
 [100]
 [ 97]
 [115]
 [104]]",53.0,"[[119]
 [111]
 [114]
 [107]
 [ 95]
 [109]
 [101]
 [109]
 [111]
 [114]
 [121]]",45.0,NORMAL,490.0,500.0
sub-004,3,277,125541.82932075001,502.163317,"[[115]
 [104]
 [111]
 [119]
 [ 95]
 [108]
 [101]
 [116]
 [116]
 [101]
 [114]]",53.0,"[[112]
 [114]
 [111]
 [ 98]
 [101]
 [ 95]
 [110]
 [111]
 [116]
 [ 95]
 [115]
 [104]
 [111]
 [119]
 [110]]",72.0,NORMAL,500.0,510.0
sub-004,3,278,126135.98124727499,504.539925,"[[108]
 [101]
 [102]
 [116]
 [ 95]
 [ 99]
 [108]
 [105]
 [ 99]
 [107]]",53.0,"[[105]
 [103]
 [110]
 [111]
 [114]
 [101]
 [100]
 [ 95]
 [ 99]
 [111]
 [114]
 [114]
 [101]
 [ 99]
 [116]]","[[110]
 [ 47]
 [ 97]]",NORMAL,500.0,510.0
sub-004,3,279,126236.006571625,504.940026,"[[115]
 [111]
 [117]
 [110]
 [100]
 [ 95]
 [ 98]
 [101]
 [101]
 [112]]",53.0,"[[102]
 [101]
 [101]
 [100]
 [ 98]
 [ 97]
 [ 99]
 [107]
 [ 95]
 [ 99]
 [111]
 [114]
 [114]
 [101]
 [ 99]
 [116]]","[[110]
 [ 47]
 [ 97]]",NORMAL,500.0,510.0
sub-004,3,280,126801.63340565,507.202534,"[[114]
 [105]
 [103]
 [104]
 [116]
 [ 95]
 [ 99]
 [108]
 [105]
 [ 99]
 [107]]",53.0,"[[105]
 [110]
 [100]
 [105]
 [ 99]
 [ 97]
 [116]
 [101]
 [ 95]
 [114]
 [101]
 [ 97]
 [100]
 [121]]","[[110]
 [ 47]
 [ 97]]",NORMAL,500.0,510.0
sub-004,3,281,126807.38342429999,507.225534,"[[115]
 [104]
 [111]
 [119]
 [ 95]
 [ 99]
 [114]
 [111]
 [115]
 [115]]",51.0,"[[102]
 [105]
 [120]
 [ 97]
 [116]
 [101]]",43.0,NORMAL,500.0,510.0
sub-004,3,282,128118.93767699998,512.471751,"[[115]
 [104]
 [111]
 [119]
 [ 95]
 [108]
 [101]
 [116]
 [116]
 [101]
 [114]]",51.0,"[[116]
 [111]
 [ 95]
 [105]
 [103]
 [110]
 [111]
 [114]
 [101]]",71.0,NORMAL,510.0,520.0
sub-004,3,283,128479.13884492501,513.912555,"[[115]
 [104]
 [111]
 [119]
 [ 95]
 [108]
 [101]
 [116]
 [116]
 [101]
 [114]]",51.0,"[[116]
 [111]
 [ 95]
 [114]
 [101]
 [109]
 [101]
 [109]
 [ 98]
 [101]
 [114]]",76.0,NORMAL,510.0,520.0
sub-004,3,284,128839.59001370001,515.35436,"[[115]
 [104]
 [111]
 [119]
 [ 95]
 [108]
 [101]
 [116]
 [116]
 [101]
 [114]]",51.0,"[[116]
 [111]
 [ 95]
 [114]
 [101]
 [109]
 [101]
 [109]
 [ 98]
 [101]
 [114]]",88.0,NORMAL,510.0,520.0
sub-004,3,285,129200.04118245,516.796165,"[[115]
 [104]
 [111]
 [119]
 [ 95]
 [108]
 [101]
 [116]
 [116]
 [101]
 [114]]",51.0,"[[116]
 [111]
 [ 95]
 [105]
 [103]
 [110]
 [111]
 [114]
 [101]]",80.0,NORMAL,510.0,520.0
sub-004,3,286,129560.4923512,518.237969,"[[115]
 [104]
 [111]
 [119]
 [ 95]
 [108]
 [101]
 [116]
 [116]
 [101]
 [114]]",51.0,"[[116]
 [111]
 [ 95]
 [105]
 [103]
 [110]
 [111]
 [114]
 [101]]",72.0,NORMAL,510.0,520.0
sub-004,3,287,129920.668519075,519.678674,"[[115]
 [104]
 [111]
 [119]
 [ 95]
 [108]
 [101]
 [116]
 [116]
 [101]
 [114]]",51.0,"[[116]
 [111]
 [ 95]
 [105]
 [103]
 [110]
 [111]
 [114]
 [101]]",77.0,NORMAL,510.0,520.0
sub-004,3,288,130281.11968782499,521.120479,"[[115]
 [104]
 [111]
 [119]
 [ 95]
 [108]
 [101]
 [116]
 [116]
 [101]
 [114]]",51.0,"[[116]
 [111]
 [ 95]
 [114]
 [101]
 [109]
 [101]
 [109]
 [ 98]
 [101]
 [114]]",78.0,NORMAL,520.0,530.0
sub-004,3,289,130641.59585665,522.562383,"[[115]
 [104]
 [111]
 [119]
 [ 95]
 [108]
 [101]
 [116]
 [116]
 [101]
 [114]]",51.0,"[[116]
 [111]
 [ 95]
 [105]
 [103]
 [110]
 [111]
 [114]
 [101]]",82.0,NORMAL,520.0,530.0
sub-004,3,290,131002.022025325,524.004088,"[[115]
 [104]
 [111]
 [119]
 [ 95]
 [100]
 [ 97]
 [115]
 [104]]",51.0,"[[119]
 [111]
 [114]
 [107]
 [ 95]
 [109]
 [101]
 [109]
 [111]
 [114]
 [121]]",45.0,NORMAL,520.0,530.0
sub-004,3,291,131739.399416275,526.953598,"[[115]
 [104]
 [111]
 [119]
 [ 95]
 [108]
 [101]
 [116]
 [116]
 [101]
 [114]]",51.0,"[[112]
 [114]
 [111]
 [ 98]
 [101]
 [ 95]
 [110]
 [111]
 [116]
 [ 95]
 [115]
 [104]
 [111]
 [119]
 [110]]",90.0,NORMAL,520.0,530.0
sub-004,3,292,132186.25086517498,528.741003,"[[108]
 [101]
 [102]
 [116]
 [ 95]
 [ 99]
 [108]
 [105]
 [ 99]
 [107]]",51.0,"[[105]
 [103]
 [110]
 [111]
 [114]
 [101]
 [100]
 [ 95]
 [ 99]
 [111]
 [114]
 [114]
 [101]
 [ 99]
 [116]]","[[110]
 [ 47]
 [ 97]]",NORMAL,520.0,530.0
sub-004,3,293,132286.2761895,529.141105,"[[115]
 [111]
 [117]
 [110]
 [100]
 [ 95]
 [ 98]
 [101]
 [101]
 [112]]",51.0,"[[102]
 [101]
 [101]
 [100]
 [ 98]
 [ 97]
 [ 99]
 [107]
 [ 95]
 [ 99]
 [111]
 [114]
 [114]
 [101]
 [ 99]
 [116]]","[[110]
 [ 47]
 [ 97]]",NORMAL,520.0,530.0
sub-004,3,294,132647.6023611,530.586409,"[[114]
 [105]
 [103]
 [104]
 [116]
 [ 95]
 [ 99]
 [108]
 [105]
 [ 99]
 [107]]",51.0,"[[105]
 [110]
 [100]
 [105]
 [ 99]
 [ 97]
 [116]
 [101]
 [ 95]
 [114]
 [101]
 [ 97]
 [100]
 [121]]","[[110]
 [ 47]
 [ 97]]",NORMAL,530.0,540.0
sub-004,3,295,132653.0273787,530.60811,"[[115]
 [104]
 [111]
 [119]
 [ 95]
 [ 99]
 [114]
 [111]
 [115]
 [115]]",53.0,"[[102]
 [105]
 [120]
 [ 97]
 [116]
 [101]]",43.0,NORMAL,530.0,540.0
sub-004,3,296,133964.60663147498,535.854427,"[[115]
 [104]
 [111]
 [119]
 [ 95]
 [108]
 [101]
 [116]
 [116]
 [101]
 [114]]",53.0,"[[116]
 [111]
 [ 95]
 [114]
 [101]
 [109]
 [101]
 [109]
 [ 98]
 [101]
 [114]]",74.0,NORMAL,530.0,540.0
sub-004,3,297,134325.03280015002,537.296131,"[[115]
 [104]
 [111]
 [119]
 [ 95]
 [108]
 [101]
 [116]
 [116]
 [101]
 [114]]",53.0,"[[116]
 [111]
 [ 95]
 [114]
 [101]
 [109]
 [101]
 [109]
 [ 98]
 [101]
 [114]]",83.0,NORMAL,530.0,540.0
sub-004,3,298,134685.23396807502,538.736936,"[[115]
 [104]
 [111]
 [119]
 [ 95]
 [108]
 [101]
 [116]
 [116]
 [101]
 [114]]",53.0,"[[116]
 [111]
 [ 95]
 [114]
 [101]
 [109]
 [101]
 [109]
 [ 98]
 [101]
 [114]]",89.0,NORMAL,530.0,540.0
sub-004,3,299,135045.68513685,540.178741,"[[115]
 [104]
 [111]
 [119]
 [ 95]
 [108]
 [101]
 [116]
 [116]
 [101]
 [114]]",53.0,"[[116]
 [111]
 [ 95]
 [105]
 [103]
 [110]
 [111]
 [114]
 [101]]",84.0,NORMAL,540.0,550.0
sub-004,3,300,135406.111305525,541.620445,"[[115]
 [104]
 [111]
 [119]
 [ 95]
 [108]
 [101]
 [116]
 [116]
 [101]
 [114]]",53.0,"[[116]
 [111]
 [ 95]
 [105]
 [103]
 [110]
 [111]
 [114]
 [101]]",80.0,NORMAL,540.0,550.0
sub-004,3,301,135766.312473475,543.06125,"[[115]
 [104]
 [111]
 [119]
 [ 95]
 [108]
 [101]
 [116]
 [116]
 [101]
 [114]]",53.0,"[[116]
 [111]
 [ 95]
 [114]
 [101]
 [109]
 [101]
 [109]
 [ 98]
 [101]
 [114]]",70.0,NORMAL,540.0,550.0
sub-004,3,302,136126.763642225,544.503055,"[[115]
 [104]
 [111]
 [119]
 [ 95]
 [108]
 [101]
 [116]
 [116]
 [101]
 [114]]",53.0,"[[116]
 [111]
 [ 95]
 [105]
 [103]
 [110]
 [111]
 [114]
 [101]]",77.0,NORMAL,540.0,550.0
sub-004,3,303,136487.214810975,545.944859,"[[115]
 [104]
 [111]
 [119]
 [ 95]
 [108]
 [101]
 [116]
 [116]
 [101]
 [114]]",53.0,"[[116]
 [111]
 [ 95]
 [114]
 [101]
 [109]
 [101]
 [109]
 [ 98]
 [101]
 [114]]",75.0,NORMAL,540.0,550.0
sub-004,3,304,136847.66597972502,547.386664,"[[115]
 [104]
 [111]
 [119]
 [ 95]
 [100]
 [ 97]
 [115]
 [104]]",53.0,"[[119]
 [111]
 [114]
 [107]
 [ 95]
 [109]
 [101]
 [109]
 [111]
 [114]
 [121]]",45.0,NORMAL,540.0,550.0
sub-004,3,305,137438.31789489998,549.749272,"[[115]
 [104]
 [111]
 [119]
 [ 95]
 [108]
 [101]
 [116]
 [116]
 [101]
 [114]]",53.0,"[[112]
 [114]
 [111]
 [ 98]
 [101]
 [ 95]
 [110]
 [111]
 [116]
 [ 95]
 [115]
 [104]
 [111]
 [119]
 [110]]",86.0,NORMAL,540.0,550.0
sub-004,3,306,137893.819371875,551.571277,"[[108]
 [101]
 [102]
 [116]
 [ 95]
 [ 99]
 [108]
 [105]
 [ 99]
 [107]]",53.0,"[[105]
 [103]
 [110]
 [111]
 [114]
 [101]
 [100]
 [ 95]
 [ 99]
 [111]
 [114]
 [114]
 [101]
 [ 99]
 [116]]","[[110]
 [ 47]
 [ 97]]",NORMAL,550.0,560.0
sub-004,3,307,137993.8446962,551.971379,"[[115]
 [111]
 [117]
 [110]
 [100]
 [ 95]
 [ 98]
 [101]
 [101]
 [112]]",53.0,"[[102]
 [101]
 [101]
 [100]
 [ 98]
 [ 97]
 [ 99]
 [107]
 [ 95]
 [ 99]
 [111]
 [114]
 [114]
 [101]
 [ 99]
 [116]]","[[110]
 [ 47]
 [ 97]]",NORMAL,550.0,560.0
sub-004,3,308,138322.245761025,553.284983,"[[114]
 [105]
 [103]
 [104]
 [116]
 [ 95]
 [ 99]
 [108]
 [105]
 [ 99]
 [107]]",53.0,"[[105]
 [110]
 [100]
 [105]
 [ 99]
 [ 97]
 [116]
 [101]
 [ 95]
 [114]
 [101]
 [ 97]
 [100]
 [121]]","[[110]
 [ 47]
 [ 97]]",NORMAL,550.0,560.0
sub-004,3,309,138326.69577544997,553.302783,"[[115]
 [104]
 [111]
 [119]
 [ 95]
 [ 99]
 [114]
 [111]
 [115]
 [115]]",51.0,"[[102]
 [105]
 [120]
 [ 97]
 [116]
 [101]]",43.0,NORMAL,550.0,560.0
sub-004,3,310,139638.50002897502,558.55,"[[115]
 [104]
 [111]
 [119]
 [ 95]
 [108]
 [101]
 [116]
 [116]
 [101]
 [114]]",51.0,"[[116]
 [111]
 [ 95]
 [105]
 [103]
 [110]
 [111]
 [114]
 [101]]",75.0,NORMAL,550.0,560.0
sub-004,3,311,139998.70119690002,559.990805,"[[115]
 [104]
 [111]
 [119]
 [ 95]
 [108]
 [101]
 [116]
 [116]
 [101]
 [114]]",51.0,"[[116]
 [111]
 [ 95]
 [105]
 [103]
 [110]
 [111]
 [114]
 [101]]",72.0,NORMAL,550.0,560.0
sub-004,3,312,140359.127365575,561.432509,"[[115]
 [104]
 [111]
 [119]
 [ 95]
 [108]
 [101]
 [116]
 [116]
 [101]
 [114]]",51.0,"[[116]
 [111]
 [ 95]
 [114]
 [101]
 [109]
 [101]
 [109]
 [ 98]
 [101]
 [114]]",76.0,NORMAL,560.0,570.0
sub-004,3,313,140719.57853435,562.874314,"[[115]
 [104]
 [111]
 [119]
 [ 95]
 [108]
 [101]
 [116]
 [116]
 [101]
 [114]]",51.0,"[[116]
 [111]
 [ 95]
 [114]
 [101]
 [109]
 [101]
 [109]
 [ 98]
 [101]
 [114]]",86.0,NORMAL,560.0,570.0
sub-004,3,314,141079.779702275,564.315119,"[[115]
 [104]
 [111]
 [119]
 [ 95]
 [108]
 [101]
 [116]
 [116]
 [101]
 [114]]",51.0,"[[116]
 [111]
 [ 95]
 [114]
 [101]
 [109]
 [101]
 [109]
 [ 98]
 [101]
 [114]]",82.0,NORMAL,560.0,570.0
sub-004,3,315,141440.23087105,565.756923,"[[115]
 [104]
 [111]
 [119]
 [ 95]
 [108]
 [101]
 [116]
 [116]
 [101]
 [114]]",51.0,"[[116]
 [111]
 [ 95]
 [105]
 [103]
 [110]
 [111]
 [114]
 [101]]",67.0,NORMAL,560.0,570.0
sub-004,3,316,141800.68203979998,567.198728,"[[115]
 [104]
 [111]
 [119]
 [ 95]
 [108]
 [101]
 [116]
 [116]
 [101]
 [114]]",51.0,"[[116]
 [111]
 [ 95]
 [105]
 [103]
 [110]
 [111]
 [114]
 [101]]",74.0,NORMAL,560.0,570.0
sub-004,3,317,142161.13320855002,568.640533,"[[115]
 [104]
 [111]
 [119]
 [ 95]
 [108]
 [101]
 [116]
 [116]
 [101]
 [114]]",51.0,"[[116]
 [111]
 [ 95]
 [105]
 [103]
 [110]
 [111]
 [114]
 [101]]",89.0,NORMAL,560.0,570.0
sub-004,3,318,142521.309376425,570.081238,"[[115]
 [104]
 [111]
 [119]
 [ 95]
 [100]
 [ 97]
 [115]
 [104]]",51.0,"[[119]
 [111]
 [114]
 [107]
 [ 95]
 [109]
 [101]
 [109]
 [111]
 [114]
 [121]]",45.0,NORMAL,570.0,580.0
sub-004,3,319,143082.98619765,572.327945,"[[115]
 [104]
 [111]
 [119]
 [ 95]
 [108]
 [101]
 [116]
 [116]
 [101]
 [114]]",51.0,"[[112]
 [114]
 [111]
 [ 98]
 [101]
 [ 95]
 [116]
 [ 97]
 [114]
 [103]
 [101]
 [116]]",82.0,NORMAL,570.0,580.0
sub-004,3,320,143344.412045325,573.373648,"[[114]
 [105]
 [103]
 [104]
 [116]
 [ 95]
 [ 99]
 [108]
 [105]
 [ 99]
 [107]]",51.0,"[[114]
 [101]
 [109]
 [101]
 [109]
 [ 98]
 [101]
 [114]
 [101]
 [100]
 [ 95]
 [ 99]
 [111]
 [114]
 [114]
 [101]
 [ 99]
 [116]]","[[110]
 [ 47]
 [ 97]]",NORMAL,570.0,580.0
sub-004,3,321,143444.43736965003,573.773749,"[[115]
 [111]
 [117]
 [110]
 [100]
 [ 95]
 [ 98]
 [101]
 [101]
 [112]]",51.0,"[[102]
 [101]
 [101]
 [100]
 [ 98]
 [ 97]
 [ 99]
 [107]
 [ 95]
 [ 99]
 [111]
 [114]
 [114]
 [101]
 [ 99]
 [116]]","[[110]
 [ 47]
 [ 97]]",NORMAL,570.0,580.0
sub-004,3,322,143739.838327475,574.955353,"[[114]
 [105]
 [103]
 [104]
 [116]
 [ 95]
 [ 99]
 [108]
 [105]
 [ 99]
 [107]]",51.0,"[[105]
 [110]
 [100]
 [105]
 [ 99]
 [ 97]
 [116]
 [101]
 [ 95]
 [114]
 [101]
 [ 97]
 [100]
 [121]]","[[110]
 [ 47]
 [ 97]]",NORMAL,570.0,580.0
sub-004,3,323,143745.138344675,574.976553,"[[115]
 [104]
 [111]
 [119]
 [ 95]
 [ 99]
 [114]
 [111]
 [115]
 [115]]",51.0,"[[102]
 [105]
 [120]
 [ 97]
 [116]
 [101]]",43.0,NORMAL,570.0,580.0
sub-004,3,324,145056.69259735,580.22277,"[[115]
 [104]
 [111]
 [119]
 [ 95]
 [108]
 [101]
 [116]
 [116]
 [101]
 [114]]",51.0,"[[116]
 [111]
 [ 95]
 [105]
 [103]
 [110]
 [111]
 [114]
 [101]]",68.0,NORMAL,580.0,590.0
sub-004,3,325,145416.89376530002,581.663575,"[[115]
 [104]
 [111]
 [119]
 [ 95]
 [108]
 [101]
 [116]
 [116]
 [101]
 [114]]",51.0,"[[116]
 [111]
 [ 95]
 [105]
 [103]
 [110]
 [111]
 [114]
 [101]]",86.0,NORMAL,580.0,590.0
sub-004,3,326,145777.34493405,583.10538,"[[115]
 [104]
 [111]
 [119]
 [ 95]
 [108]
 [101]
 [116]
 [116]
 [101]
 [114]]",51.0,"[[116]
 [111]
 [ 95]
 [114]
 [101]
 [109]
 [101]
 [109]
 [ 98]
 [101]
 [114]]",71.0,NORMAL,580.0,590.0
sub-004,3,327,146137.796102825,584.547184,"[[115]
 [104]
 [111]
 [119]
 [ 95]
 [108]
 [101]
 [116]
 [116]
 [101]
 [114]]",51.0,"[[116]
 [111]
 [ 95]
 [105]
 [103]
 [110]
 [111]
 [114]
 [101]]",72.0,NORMAL,580.0,590.0
sub-004,3,328,146498.22227149998,585.988889,"[[115]
 [104]
 [111]
 [119]
 [ 95]
 [108]
 [101]
 [116]
 [116]
 [101]
 [114]]",51.0,"[[116]
 [111]
 [ 95]
 [105]
 [103]
 [110]
 [111]
 [114]
 [101]]",80.0,NORMAL,580.0,590.0
sub-004,3,329,146858.42343942498,587.429694,"[[115]
 [104]
 [111]
 [119]
 [ 95]
 [108]
 [101]
 [116]
 [116]
 [101]
 [114]]",51.0,"[[116]
 [111]
 [ 95]
 [105]
 [103]
 [110]
 [111]
 [114]
 [101]]",74.0,NORMAL,580.0,590.0
sub-004,3,330,147218.87460819999,588.871498,"[[115]
 [104]
 [111]
 [119]
 [ 95]
 [108]
 [101]
 [116]
 [116]
 [101]
 [114]]",51.0,"[[116]
 [111]
 [ 95]
 [114]
 [101]
 [109]
 [101]
 [109]
 [ 98]
 [101]
 [114]]",77.0,NORMAL,580.0,590.0
sub-004,3,331,147579.32577695002,590.313303,"[[115]
 [104]
 [111]
 [119]
 [ 95]
 [108]
 [101]
 [116]
 [116]
 [101]
 [114]]",51.0,"[[116]
 [111]
 [ 95]
 [114]
 [101]
 [109]
 [101]
 [109]
 [ 98]
 [101]
 [114]]",90.0,NORMAL,590.0,600.0
sub-004,3,332,147939.7769457,591.755108,"[[115]
 [104]
 [111]
 [119]
 [ 95]
 [100]
 [ 97]
 [115]
 [104]]",51.0,"[[119]
 [111]
 [114]
 [107]
 [ 95]
 [109]
 [101]
 [109]
 [111]
 [114]
 [121]]",45.0,NORMAL,590.0,600.0
sub-004,3,333,148580.679023825,594.318716,"[[115]
 [104]
 [111]
 [119]
 [ 95]
 [108]
 [101]
 [116]
 [116]
 [101]
 [114]]",51.0,"[[112]
 [114]
 [111]
 [ 98]
 [101]
 [ 95]
 [110]
 [111]
 [116]
 [ 95]
 [115]
 [104]
 [111]
 [119]
 [110]]",89.0,NORMAL,590.0,600.0
sub-004,3,334,148854.279910975,595.41312,"[[108]
 [101]
 [102]
 [116]
 [ 95]
 [ 99]
 [108]
 [105]
 [ 99]
 [107]]",51.0,"[[105]
 [103]
 [110]
 [111]
 [114]
 [101]
 [100]
 [ 95]
 [ 99]
 [111]
 [114]
 [114]
 [101]
 [ 99]
 [116]]","[[110]
 [ 47]
 [ 97]]",NORMAL,590.0,600.0
sub-004,3,335,148954.330235375,595.813321,"[[115]
 [111]
 [117]
 [110]
 [100]
 [ 95]
 [ 98]
 [101]
 [101]
 [112]]",51.0,"[[102]
 [101]
 [101]
 [100]
 [ 98]
 [ 97]
 [ 99]
 [107]
 [ 95]
 [ 99]
 [111]
 [114]
 [114]
 [101]
 [ 99]
 [116]]","[[110]
 [ 47]
 [ 97]]",NORMAL,590.0,600.0
sub-004,3,336,149249.7561933,596.995025,"[[114]
 [105]
 [103]
 [104]
 [116]
 [ 95]
 [ 99]
 [108]
 [105]
 [ 99]
 [107]]",51.0,"[[105]
 [110]
 [100]
 [105]
 [ 99]
 [ 97]
 [116]
 [101]
 [ 95]
 [114]
 [101]
 [ 97]
 [100]
 [121]]","[[110]
 [ 47]
 [ 97]]",NORMAL,590.0,600.0
sub-004,3,337,149255.30621127502,597.017225,"[[115]
 [104]
 [111]
 [119]
 [ 95]
 [ 99]
 [114]
 [111]
 [115]
 [115]]",55.0,"[[102]
 [105]
 [120]
 [ 97]
 [116]
 [101]]",43.0,NORMAL,590.0,600.0
sub-004,3,338,150567.135464875,602.264542,"[[115]
 [104]
 [111]
 [119]
 [ 95]
 [108]
 [101]
 [116]
 [116]
 [101]
 [114]]",55.0,"[[116]
 [111]
 [ 95]
 [114]
 [101]
 [109]
 [101]
 [109]
 [ 98]
 [101]
 [114]]",87.0,REVIEW,600.0,610.0
sub-004,3,339,150927.33663282503,603.705347,"[[115]
 [104]
 [111]
 [119]
 [ 95]
 [108]
 [101]
 [116]
 [116]
 [101]
 [114]]",55.0,"[[116]
 [111]
 [ 95]
 [114]
 [101]
 [109]
 [101]
 [109]
 [ 98]
 [101]
 [114]]",68.0,REVIEW,600.0,610.0
sub-004,3,340,151287.787801575,605.147151,"[[115]
 [104]
 [111]
 [119]
 [ 95]
 [108]
 [101]
 [116]
 [116]
 [101]
 [114]]",55.0,"[[116]
 [111]
 [ 95]
 [114]
 [101]
 [109]
 [101]
 [109]
 [ 98]
 [101]
 [114]]",82.0,REVIEW,600.0,610.0
sub-004,3,341,151648.2639704,606.589056,"[[115]
 [104]
 [111]
 [119]
 [ 95]
 [108]
 [101]
 [116]
 [116]
 [101]
 [114]]",55.0,"[[116]
 [111]
 [ 95]
 [114]
 [101]
 [109]
 [101]
 [109]
 [ 98]
 [101]
 [114]]",90.0,REVIEW,600.0,610.0
sub-004,3,342,152008.66513900002,608.030661,"[[115]
 [104]
 [111]
 [119]
 [ 95]
 [108]
 [101]
 [116]
 [116]
 [101]
 [114]]",55.0,"[[116]
 [111]
 [ 95]
 [114]
 [101]
 [109]
 [101]
 [109]
 [ 98]
 [101]
 [114]]",77.0,REVIEW,600.0,610.0
sub-004,3,343,152368.86630695,609.471465,"[[115]
 [104]
 [111]
 [119]
 [ 95]
 [108]
 [101]
 [116]
 [116]
 [101]
 [114]]",55.0,"[[116]
 [111]
 [ 95]
 [105]
 [103]
 [110]
 [111]
 [114]
 [101]]",84.0,REVIEW,600.0,610.0
sub-004,3,344,152729.31747570002,610.91327,"[[115]
 [104]
 [111]
 [119]
 [ 95]
 [108]
 [101]
 [116]
 [116]
 [101]
 [114]]",55.0,"[[116]
 [111]
 [ 95]
 [114]
 [101]
 [109]
 [101]
 [109]
 [ 98]
 [101]
 [114]]",72.0,GLOBAL_ARTIFACT,610.0,620.0
sub-004,3,345,153089.76864445,612.355075,"[[115]
 [104]
 [111]
 [119]
 [ 95]
 [108]
 [101]
 [116]
 [116]
 [101]
 [114]]",55.0,"[[116]
 [111]
 [ 95]
 [114]
 [101]
 [109]
 [101]
 [109]
 [ 98]
 [101]
 [114]]",76.0,GLOBAL_ARTIFACT,610.0,620.0
sub-004,3,346,153449.9698124,613.795879,"[[115]
 [104]
 [111]
 [119]
 [ 95]
 [100]
 [ 97]
 [115]
 [104]]",55.0,"[[119]
 [111]
 [114]
 [107]
 [ 95]
 [109]
 [101]
 [109]
 [111]
 [114]
 [121]]",45.0,GLOBAL_ARTIFACT,610.0,620.0
sub-004,3,347,154480.79815485,617.919193,"[[115]
 [104]
 [111]
 [119]
 [ 95]
 [108]
 [101]
 [116]
 [116]
 [101]
 [114]]",55.0,"[[112]
 [114]
 [111]
 [ 98]
 [101]
 [ 95]
 [116]
 [ 97]
 [114]
 [103]
 [101]
 [116]]",87.0,GLOBAL_ARTIFACT,610.0,620.0
sub-004,3,348,155221.025555025,620.880102,"[[114]
 [105]
 [103]
 [104]
 [116]
 [ 95]
 [ 99]
 [108]
 [105]
 [ 99]
 [107]]",55.0,"[[114]
 [101]
 [109]
 [101]
 [109]
 [ 98]
 [101]
 [114]
 [101]
 [100]
 [ 95]
 [ 99]
 [111]
 [114]
 [114]
 [101]
 [ 99]
 [116]]","[[110]
 [ 47]
 [ 97]]",GLOBAL_ARTIFACT,620.0,630.0
sub-004,3,349,155321.05087935,621.280204,"[[115]
 [111]
 [117]
 [110]
 [100]
 [ 95]
 [ 98]
 [101]
 [101]
 [112]]",55.0,"[[102]
 [101]
 [101]
 [100]
 [ 98]
 [ 97]
 [ 99]
 [107]
 [ 95]
 [ 99]
 [111]
 [114]
 [114]
 [101]
 [ 99]
 [116]]","[[110]
 [ 47]
 [ 97]]",GLOBAL_ARTIFACT,620.0,630.0
sub-004,3,350,157435.5577356,629.738231,"[[114]
 [105]
 [103]
 [104]
 [116]
 [ 95]
 [ 99]
 [108]
 [105]
 [ 99]
 [107]]",55.0,"[[105]
 [110]
 [100]
 [105]
 [ 99]
 [ 97]
 [116]
 [101]
 [ 95]
 [114]
 [101]
 [ 97]
 [100]
 [121]]","[[110]
 [ 47]
 [ 97]]",GLOBAL_ARTIFACT,620.0,630.0
sub-004,4,1,1566.0,6.26,"[[114]
 [105]
 [103]
 [104]
 [116]
 [ 95]
 [ 99]
 [108]
 [105]
 [ 99]
 [107]]",48.0,"[[114]
 [101]
 [109]
 [101]
 [109]
 [ 98]
 [101]
 [114]
 [101]
 [100]
 [ 95]
 [ 99]
 [111]
 [114]
 [114]
 [101]
 [ 99]
 [116]]","[[110]
 [ 47]
 [ 97]]",REVIEW,0.0,10.0
sub-004,4,2,1566.0,6.26,"[[114]
 [105]
 [103]
 [104]
 [116]
 [ 95]
 [ 99]
 [108]
 [105]
 [ 99]
 [107]]",48.0,"[[114]
 [101]
 [109]
 [101]
 [109]
 [ 98]
 [101]
 [114]
 [101]
 [100]
 [ 95]
 [ 99]
 [111]
 [114]
 [114]
 [101]
 [ 99]
 [116]]","[[110]
 [ 47]
 [ 97]]",REVIEW,0.0,10.0
sub-004,4,3,1821.4239769249998,7.281696,"[[115]
 [104]
 [111]
 [119]
 [ 95]
 [ 99]
 [114]
 [111]
 [115]
 [115]]",53.0,"[[102]
 [105]
 [120]
 [ 97]
 [116]
 [101]]",43.0,REVIEW,0.0,10.0
sub-004,4,4,3133.218722575,12.528875,"[[115]
 [104]
 [111]
 [119]
 [ 95]
 [108]
 [101]
 [116]
 [116]
 [101]
 [114]]",53.0,"[[116]
 [111]
 [ 95]
 [105]
 [103]
 [110]
 [111]
 [114]
 [101]]",74.0,NORMAL,10.0,20.0
sub-004,4,5,3493.392279925,13.969569,"[[115]
 [104]
 [111]
 [119]
 [ 95]
 [108]
 [101]
 [116]
 [116]
 [101]
 [114]]",53.0,"[[116]
 [111]
 [ 95]
 [114]
 [101]
 [109]
 [101]
 [109]
 [ 98]
 [101]
 [114]]",81.0,NORMAL,10.0,20.0
sub-004,4,6,3853.840836175,15.411363,"[[115]
 [104]
 [111]
 [119]
 [ 95]
 [108]
 [101]
 [116]
 [116]
 [101]
 [114]]",53.0,"[[116]
 [111]
 [ 95]
 [105]
 [103]
 [110]
 [111]
 [114]
 [101]]",75.0,NORMAL,10.0,20.0
sub-004,4,7,4214.289392424999,16.853158,"[[115]
 [104]
 [111]
 [119]
 [ 95]
 [108]
 [101]
 [116]
 [116]
 [101]
 [114]]",53.0,"[[116]
 [111]
 [ 95]
 [114]
 [101]
 [109]
 [101]
 [109]
 [ 98]
 [101]
 [114]]",70.0,NORMAL,10.0,20.0
sub-004,4,8,4574.48794965,18.293952,"[[115]
 [104]
 [111]
 [119]
 [ 95]
 [108]
 [101]
 [116]
 [116]
 [101]
 [114]]",53.0,"[[116]
 [111]
 [ 95]
 [114]
 [101]
 [109]
 [101]
 [109]
 [ 98]
 [101]
 [114]]",90.0,NORMAL,10.0,20.0
sub-004,4,9,4934.9365059,19.735746,"[[115]
 [104]
 [111]
 [119]
 [ 95]
 [108]
 [101]
 [116]
 [116]
 [101]
 [114]]",53.0,"[[116]
 [111]
 [ 95]
 [114]
 [101]
 [109]
 [101]
 [109]
 [ 98]
 [101]
 [114]]",87.0,NORMAL,10.0,20.0
sub-004,4,10,5295.41006205,21.17764,"[[115]
 [104]
 [111]
 [119]
 [ 95]
 [108]
 [101]
 [116]
 [116]
 [101]
 [114]]",53.0,"[[116]
 [111]
 [ 95]
 [105]
 [103]
 [110]
 [111]
 [114]
 [101]]",77.0,NORMAL,20.0,30.0
sub-004,4,11,5655.808618475,22.619234,"[[115]
 [104]
 [111]
 [119]
 [ 95]
 [108]
 [101]
 [116]
 [116]
 [101]
 [114]]",53.0,"[[116]
 [111]
 [ 95]
 [114]
 [101]
 [109]
 [101]
 [109]
 [ 98]
 [101]
 [114]]",72.0,NORMAL,20.0,30.0
sub-004,4,12,6016.007175725,24.060029,"[[115]
 [104]
 [111]
 [119]
 [ 95]
 [100]
 [ 97]
 [115]
 [104]]",53.0,"[[119]
 [111]
 [114]
 [107]
 [ 95]
 [109]
 [101]
 [109]
 [111]
 [114]
 [121]]",45.0,NORMAL,20.0,30.0
sub-004,4,13,6770.429153925001,27.077717,"[[115]
 [104]
 [111]
 [119]
 [ 95]
 [108]
 [101]
 [116]
 [116]
 [101]
 [114]]",53.0,"[[112]
 [114]
 [111]
 [ 98]
 [101]
 [ 95]
 [110]
 [111]
 [116]
 [ 95]
 [115]
 [104]
 [111]
 [119]
 [110]]",66.0,NORMAL,20.0,30.0
sub-004,4,14,7053.6030197,28.210412,"[[108]
 [101]
 [102]
 [116]
 [ 95]
 [ 99]
 [108]
 [105]
 [ 99]
 [107]]",53.0,"[[105]
 [103]
 [110]
 [111]
 [114]
 [101]
 [100]
 [ 95]
 [ 99]
 [111]
 [114]
 [114]
 [101]
 [ 99]
 [116]]","[[110]
 [ 47]
 [ 97]]",NORMAL,20.0,30.0
sub-004,4,15,7153.65261895,28.61061,"[[115]
 [111]
 [117]
 [110]
 [100]
 [ 95]
 [ 98]
 [101]
 [101]
 [112]]",53.0,"[[102]
 [101]
 [101]
 [100]
 [ 98]
 [ 97]
 [ 99]
 [107]
 [ 95]
 [ 99]
 [111]
 [114]
 [114]
 [101]
 [ 99]
 [116]]","[[110]
 [ 47]
 [ 97]]",NORMAL,20.0,30.0
sub-004,4,16,7765.400168625,31.057601,"[[114]
 [105]
 [103]
 [104]
 [116]
 [ 95]
 [ 99]
 [108]
 [105]
 [ 99]
 [107]]",53.0,"[[105]
 [110]
 [100]
 [105]
 [ 99]
 [ 97]
 [116]
 [101]
 [ 95]
 [114]
 [101]
 [ 97]
 [100]
 [121]]","[[110]
 [ 47]
 [ 97]]",NORMAL,30.0,40.0
sub-004,4,17,7771.7501432,31.083001,"[[115]
 [104]
 [111]
 [119]
 [ 95]
 [ 99]
 [114]
 [111]
 [115]
 [115]]",55.0,"[[102]
 [105]
 [120]
 [ 97]
 [116]
 [101]]",43.0,NORMAL,30.0,40.0
sub-004,4,18,9083.544888875002,36.33018,"[[115]
 [104]
 [111]
 [119]
 [ 95]
 [108]
 [101]
 [116]
 [116]
 [101]
 [114]]",55.0,"[[116]
 [111]
 [ 95]
 [114]
 [101]
 [109]
 [101]
 [109]
 [ 98]
 [101]
 [114]]",76.0,NORMAL,30.0,40.0
sub-004,4,19,9443.7434461,37.770974,"[[115]
 [104]
 [111]
 [119]
 [ 95]
 [108]
 [101]
 [116]
 [116]
 [101]
 [114]]",55.0,"[[116]
 [111]
 [ 95]
 [114]
 [101]
 [109]
 [101]
 [109]
 [ 98]
 [101]
 [114]]",75.0,NORMAL,30.0,40.0
sub-004,4,20,9804.16700245,39.212668,"[[115]
 [104]
 [111]
 [119]
 [ 95]
 [108]
 [101]
 [116]
 [116]
 [101]
 [114]]",55.0,"[[116]
 [111]
 [ 95]
 [114]
 [101]
 [109]
 [101]
 [109]
 [ 98]
 [101]
 [114]]",71.0,NORMAL,30.0,40.0
sub-004,4,21,10164.640558599998,40.654562,"[[115]
 [104]
 [111]
 [119]
 [ 95]
 [108]
 [101]
 [116]
 [116]
 [101]
 [114]]",55.0,"[[116]
 [111]
 [ 95]
 [114]
 [101]
 [109]
 [101]
 [109]
 [ 98]
 [101]
 [114]]",90.0,NORMAL,40.0,50.0
sub-004,4,22,10525.064114925,42.096256,"[[115]
 [104]
 [111]
 [119]
 [ 95]
 [108]
 [101]
 [116]
 [116]
 [101]
 [114]]",55.0,"[[116]
 [111]
 [ 95]
 [114]
 [101]
 [109]
 [101]
 [109]
 [ 98]
 [101]
 [114]]",72.0,NORMAL,40.0,50.0
sub-004,4,23,10885.262672175,43.537051,"[[115]
 [104]
 [111]
 [119]
 [ 95]
 [108]
 [101]
 [116]
 [116]
 [101]
 [114]]",55.0,"[[116]
 [111]
 [ 95]
 [114]
 [101]
 [109]
 [101]
 [109]
 [ 98]
 [101]
 [114]]",87.0,NORMAL,40.0,50.0
sub-004,4,24,11245.711228425,44.978845,"[[115]
 [104]
 [111]
 [119]
 [ 95]
 [108]
 [101]
 [116]
 [116]
 [101]
 [114]]",55.0,"[[116]
 [111]
 [ 95]
 [105]
 [103]
 [110]
 [111]
 [114]
 [101]]",77.0,NORMAL,40.0,50.0
sub-004,4,25,11606.15978465,46.420639,"[[115]
 [104]
 [111]
 [119]
 [ 95]
 [108]
 [101]
 [116]
 [116]
 [101]
 [114]]",55.0,"[[116]
 [111]
 [ 95]
 [114]
 [101]
 [109]
 [101]
 [109]
 [ 98]
 [101]
 [114]]",68.0,NORMAL,40.0,50.0
sub-004,4,26,11966.333342,47.861333,"[[115]
 [104]
 [111]
 [119]
 [ 95]
 [100]
 [ 97]
 [115]
 [104]]",55.0,"[[119]
 [111]
 [114]
 [107]
 [ 95]
 [109]
 [101]
 [109]
 [111]
 [114]
 [121]]",45.0,NORMAL,40.0,50.0
sub-004,4,27,12967.929330175,51.867717,"[[115]
 [104]
 [111]
 [119]
 [ 95]
 [108]
 [101]
 [116]
 [116]
 [101]
 [114]]",55.0,"[[112]
 [114]
 [111]
 [ 98]
 [101]
 [ 95]
 [110]
 [111]
 [116]
 [ 95]
 [115]
 [104]
 [111]
 [119]
 [110]]",81.0,NORMAL,50.0,60.0
sub-004,4,28,13229.05328425,52.912213,"[[114]
 [105]
 [103]
 [104]
 [116]
 [ 95]
 [ 99]
 [108]
 [105]
 [ 99]
 [107]]",55.0,"[[114]
 [101]
 [109]
 [101]
 [109]
 [ 98]
 [101]
 [114]
 [101]
 [100]
 [ 95]
 [105]
 [110]
 [ 99]
 [111]
 [114]
 [114]
 [101]
 [ 99]
 [116]]","[[110]
 [ 47]
 [ 97]]",NORMAL,50.0,60.0
sub-004,4,29,13329.0778836,53.312312,"[[115]
 [111]
 [117]
 [110]
 [100]
 [ 95]
 [ 98]
 [117]
 [122]
 [122]]",55.0,"[[102]
 [101]
 [101]
 [100]
 [ 98]
 [ 97]
 [ 99]
 [107]
 [ 95]
 [105]
 [110]
 [ 99]
 [111]
 [114]
 [114]
 [101]
 [ 99]
 [116]]","[[110]
 [ 47]
 [ 97]]",NORMAL,50.0,60.0
sub-004,4,30,14402.198585275,57.604794,"[[114]
 [105]
 [103]
 [104]
 [116]
 [ 95]
 [ 99]
 [108]
 [105]
 [ 99]
 [107]]",55.0,"[[105]
 [110]
 [100]
 [105]
 [ 99]
 [ 97]
 [116]
 [101]
 [ 95]
 [114]
 [101]
 [ 97]
 [100]
 [121]]","[[110]
 [ 47]
 [ 97]]",NORMAL,50.0,60.0
sub-004,4,31,14409.448556225001,57.633794,"[[115]
 [104]
 [111]
 [119]
 [ 95]
 [ 99]
 [114]
 [111]
 [115]
 [115]]",51.0,"[[102]
 [105]
 [120]
 [ 97]
 [116]
 [101]]",43.0,NORMAL,50.0,60.0
sub-004,4,32,15721.0183028,62.880073,"[[115]
 [104]
 [111]
 [119]
 [ 95]
 [108]
 [101]
 [116]
 [116]
 [101]
 [114]]",51.0,"[[116]
 [111]
 [ 95]
 [105]
 [103]
 [110]
 [111]
 [114]
 [101]]",90.0,NORMAL,60.0,70.0
sub-004,4,33,16081.44185915,64.321767,"[[115]
 [104]
 [111]
 [119]
 [ 95]
 [108]
 [101]
 [116]
 [116]
 [101]
 [114]]",51.0,"[[116]
 [111]
 [ 95]
 [114]
 [101]
 [109]
 [101]
 [109]
 [ 98]
 [101]
 [114]]",75.0,NORMAL,60.0,70.0
sub-004,4,34,16441.890415399997,65.763562,"[[115]
 [104]
 [111]
 [119]
 [ 95]
 [108]
 [101]
 [116]
 [116]
 [101]
 [114]]",51.0,"[[116]
 [111]
 [ 95]
 [105]
 [103]
 [110]
 [111]
 [114]
 [101]]",72.0,NORMAL,60.0,70.0
sub-004,4,35,16802.088972625,67.204356,"[[115]
 [104]
 [111]
 [119]
 [ 95]
 [108]
 [101]
 [116]
 [116]
 [101]
 [114]]",51.0,"[[116]
 [111]
 [ 95]
 [114]
 [101]
 [109]
 [101]
 [109]
 [ 98]
 [101]
 [114]]",80.0,NORMAL,60.0,70.0
sub-004,4,36,17162.537528875,68.64615,"[[115]
 [104]
 [111]
 [119]
 [ 95]
 [108]
 [101]
 [116]
 [116]
 [101]
 [114]]",51.0,"[[116]
 [111]
 [ 95]
 [114]
 [101]
 [109]
 [101]
 [109]
 [ 98]
 [101]
 [114]]",67.0,NORMAL,60.0,70.0
sub-004,4,37,17523.011085025,70.088044,"[[115]
 [104]
 [111]
 [119]
 [ 95]
 [108]
 [101]
 [116]
 [116]
 [101]
 [114]]",51.0,"[[116]
 [111]
 [ 95]
 [105]
 [103]
 [110]
 [111]
 [114]
 [101]]",83.0,NORMAL,70.0,80.0
sub-004,4,38,17883.43464135,71.529739,"[[115]
 [104]
 [111]
 [119]
 [ 95]
 [108]
 [101]
 [116]
 [116]
 [101]
 [114]]",51.0,"[[116]
 [111]
 [ 95]
 [105]
 [103]
 [110]
 [111]
 [114]
 [101]]",86.0,NORMAL,70.0,80.0
sub-004,4,39,18243.6081987,72.970433,"[[115]
 [104]
 [111]
 [119]
 [ 95]
 [108]
 [101]
 [116]
 [116]
 [101]
 [114]]",51.0,"[[116]
 [111]
 [ 95]
 [105]
 [103]
 [110]
 [111]
 [114]
 [101]]",88.0,NORMAL,70.0,80.0
sub-004,4,40,18604.03175505,74.412127,"[[115]
 [104]
 [111]
 [119]
 [ 95]
 [100]
 [ 97]
 [115]
 [104]]",51.0,"[[119]
 [111]
 [114]
 [107]
 [ 95]
 [109]
 [101]
 [109]
 [111]
 [114]
 [121]]",45.0,NORMAL,70.0,80.0
sub-004,4,41,19379.178650225,77.512715,"[[115]
 [104]
 [111]
 [119]
 [ 95]
 [108]
 [101]
 [116]
 [116]
 [101]
 [114]]",51.0,"[[112]
 [114]
 [111]
 [ 98]
 [101]
 [ 95]
 [116]
 [ 97]
 [114]
 [103]
 [101]
 [116]]",67.0,NORMAL,70.0,80.0
sub-004,4,42,20083.3508297,80.329403,"[[114]
 [105]
 [103]
 [104]
 [116]
 [ 95]
 [ 99]
 [108]
 [105]
 [ 99]
 [107]]",51.0,"[[114]
 [101]
 [109]
 [101]
 [109]
 [ 98]
 [101]
 [114]
 [101]
 [100]
 [ 95]
 [ 99]
 [111]
 [114]
 [114]
 [101]
 [ 99]
 [116]]","[[110]
 [ 47]
 [ 97]]",NORMAL,80.0,90.0
sub-004,4,43,20183.375429075,80.729502,"[[115]
 [111]
 [117]
 [110]
 [100]
 [ 95]
 [ 98]
 [101]
 [101]
 [112]]",51.0,"[[102]
 [101]
 [101]
 [100]
 [ 98]
 [ 97]
 [ 99]
 [107]
 [ 95]
 [ 99]
 [111]
 [114]
 [114]
 [101]
 [ 99]
 [116]]","[[110]
 [ 47]
 [ 97]]",NORMAL,80.0,90.0
sub-004,4,44,20538.09900825,82.148396,"[[114]
 [105]
 [103]
 [104]
 [116]
 [ 95]
 [ 99]
 [108]
 [105]
 [ 99]
 [107]]",51.0,"[[105]
 [110]
 [100]
 [105]
 [ 99]
 [ 97]
 [116]
 [101]
 [ 95]
 [114]
 [101]
 [ 97]
 [100]
 [121]]","[[110]
 [ 47]
 [ 97]]",NORMAL,80.0,90.0
sub-004,4,45,20544.2989834,82.173196,"[[115]
 [104]
 [111]
 [119]
 [ 95]
 [ 99]
 [114]
 [111]
 [115]
 [115]]",53.0,"[[102]
 [105]
 [120]
 [ 97]
 [116]
 [101]]",43.0,NORMAL,80.0,90.0
sub-004,4,46,21855.818730175,87.419275,"[[115]
 [104]
 [111]
 [119]
 [ 95]
 [108]
 [101]
 [116]
 [116]
 [101]
 [114]]",53.0,"[[116]
 [111]
 [ 95]
 [114]
 [101]
 [109]
 [101]
 [109]
 [ 98]
 [101]
 [114]]",82.0,NORMAL,80.0,90.0
sub-004,4,47,22216.267286425,88.861069,"[[115]
 [104]
 [111]
 [119]
 [ 95]
 [108]
 [101]
 [116]
 [116]
 [101]
 [114]]",53.0,"[[116]
 [111]
 [ 95]
 [105]
 [103]
 [110]
 [111]
 [114]
 [101]]",66.0,NORMAL,80.0,90.0
sub-004,4,48,22576.440843775,90.301763,"[[115]
 [104]
 [111]
 [119]
 [ 95]
 [108]
 [101]
 [116]
 [116]
 [101]
 [114]]",53.0,"[[116]
 [111]
 [ 95]
 [114]
 [101]
 [109]
 [101]
 [109]
 [ 98]
 [101]
 [114]]",89.0,NORMAL,90.0,100.0
sub-004,4,49,22936.8894,91.743558,"[[115]
 [104]
 [111]
 [119]
 [ 95]
 [108]
 [101]
 [116]
 [116]
 [101]
 [114]]",53.0,"[[116]
 [111]
 [ 95]
 [114]
 [101]
 [109]
 [101]
 [109]
 [ 98]
 [101]
 [114]]",67.0,NORMAL,90.0,100.0
sub-004,4,50,23297.337956249998,93.185352,"[[115]
 [104]
 [111]
 [119]
 [ 95]
 [108]
 [101]
 [116]
 [116]
 [101]
 [114]]",53.0,"[[116]
 [111]
 [ 95]
 [105]
 [103]
 [110]
 [111]
 [114]
 [101]]",81.0,NORMAL,90.0,100.0
sub-004,4,51,23657.7865125,94.627146,"[[115]
 [104]
 [111]
 [119]
 [ 95]
 [108]
 [101]
 [116]
 [116]
 [101]
 [114]]",53.0,"[[116]
 [111]
 [ 95]
 [105]
 [103]
 [110]
 [111]
 [114]
 [101]]",70.0,NORMAL,90.0,100.0
sub-004,4,52,24017.96006985,96.06784,"[[115]
 [104]
 [111]
 [119]
 [ 95]
 [108]
 [101]
 [116]
 [116]
 [101]
 [114]]",53.0,"[[116]
 [111]
 [ 95]
 [114]
 [101]
 [109]
 [101]
 [109]
 [ 98]
 [101]
 [114]]",78.0,NORMAL,90.0,100.0
sub-004,4,53,24378.408626074997,97.509635,"[[115]
 [104]
 [111]
 [119]
 [ 95]
 [108]
 [101]
 [116]
 [116]
 [101]
 [114]]",53.0,"[[116]
 [111]
 [ 95]
 [114]
 [101]
 [109]
 [101]
 [109]
 [ 98]
 [101]
 [114]]",76.0,NORMAL,90.0,100.0
sub-004,4,54,24738.882182225,98.951529,"[[115]
 [104]
 [111]
 [119]
 [ 95]
 [100]
 [ 97]
 [115]
 [104]]",53.0,"[[119]
 [111]
 [114]
 [107]
 [ 95]
 [109]
 [101]
 [109]
 [111]
 [114]
 [121]]",45.0,NORMAL,90.0,100.0
sub-004,4,55,25421.754447,101.683018,"[[115]
 [104]
 [111]
 [119]
 [ 95]
 [108]
 [101]
 [116]
 [116]
 [101]
 [114]]",53.0,"[[112]
 [114]
 [111]
 [ 98]
 [101]
 [ 95]
 [110]
 [111]
 [116]
 [ 95]
 [115]
 [104]
 [111]
 [119]
 [110]]",90.0,NORMAL,100.0,110.0
sub-004,4,56,25678.803417425,102.711214,"[[108]
 [101]
 [102]
 [116]
 [ 95]
 [ 99]
 [108]
 [105]
 [ 99]
 [107]]",53.0,"[[105]
 [103]
 [110]
 [111]
 [114]
 [101]
 [100]
 [ 95]
 [ 99]
 [111]
 [114]
 [114]
 [101]
 [ 99]
 [116]]","[[110]
 [ 47]
 [ 97]]",NORMAL,100.0,110.0
sub-004,4,57,25778.828016775,103.111312,"[[115]
 [111]
 [117]
 [110]
 [100]
 [ 95]
 [ 98]
 [101]
 [101]
 [112]]",53.0,"[[102]
 [101]
 [101]
 [100]
 [ 98]
 [ 97]
 [ 99]
 [107]
 [ 95]
 [ 99]
 [111]
 [114]
 [114]
 [101]
 [ 99]
 [116]]","[[110]
 [ 47]
 [ 97]]",NORMAL,100.0,110.0
sub-004,4,58,26047.8769391,104.187508,"[[114]
 [105]
 [103]
 [104]
 [116]
 [ 95]
 [ 99]
 [108]
 [105]
 [ 99]
 [107]]",53.0,"[[105]
 [110]
 [100]
 [105]
 [ 99]
 [ 97]
 [116]
 [101]
 [ 95]
 [114]
 [101]
 [ 97]
 [100]
 [121]]","[[110]
 [ 47]
 [ 97]]",NORMAL,100.0,110.0
sub-004,4,59,26054.676911875,104.214708,"[[115]
 [104]
 [111]
 [119]
 [ 95]
 [ 99]
 [114]
 [111]
 [115]
 [115]]",55.0,"[[102]
 [105]
 [120]
 [ 97]
 [116]
 [101]]",43.0,NORMAL,100.0,110.0
sub-004,4,60,27366.19665865,109.460787,"[[115]
 [104]
 [111]
 [119]
 [ 95]
 [108]
 [101]
 [116]
 [116]
 [101]
 [114]]",55.0,"[[116]
 [111]
 [ 95]
 [114]
 [101]
 [109]
 [101]
 [109]
 [ 98]
 [101]
 [114]]",70.0,NORMAL,100.0,110.0
sub-004,4,61,27726.6452149,110.902581,"[[115]
 [104]
 [111]
 [119]
 [ 95]
 [108]
 [101]
 [116]
 [116]
 [101]
 [114]]",55.0,"[[116]
 [111]
 [ 95]
 [114]
 [101]
 [109]
 [101]
 [109]
 [ 98]
 [101]
 [114]]",87.0,NORMAL,110.0,120.0
sub-004,4,62,28086.843772124997,112.343375,"[[115]
 [104]
 [111]
 [119]
 [ 95]
 [108]
 [101]
 [116]
 [116]
 [101]
 [114]]",55.0,"[[116]
 [111]
 [ 95]
 [114]
 [101]
 [109]
 [101]
 [109]
 [ 98]
 [101]
 [114]]",67.0,NORMAL,110.0,120.0
sub-004,4,63,28447.292328375002,113.785169,"[[115]
 [104]
 [111]
 [119]
 [ 95]
 [108]
 [101]
 [116]
 [116]
 [101]
 [114]]",55.0,"[[116]
 [111]
 [ 95]
 [105]
 [103]
 [110]
 [111]
 [114]
 [101]]",82.0,NORMAL,110.0,120.0
sub-004,4,64,28807.740884625,115.226964,"[[115]
 [104]
 [111]
 [119]
 [ 95]
 [108]
 [101]
 [116]
 [116]
 [101]
 [114]]",55.0,"[[116]
 [111]
 [ 95]
 [114]
 [101]
 [109]
 [101]
 [109]
 [ 98]
 [101]
 [114]]",78.0,NORMAL,110.0,120.0
sub-004,4,65,29168.189440849997,116.668758,"[[115]
 [104]
 [111]
 [119]
 [ 95]
 [108]
 [101]
 [116]
 [116]
 [101]
 [114]]",55.0,"[[116]
 [111]
 [ 95]
 [114]
 [101]
 [109]
 [101]
 [109]
 [ 98]
 [101]
 [114]]",81.0,NORMAL,110.0,120.0
sub-004,4,66,29528.362998200002,118.109452,"[[115]
 [104]
 [111]
 [119]
 [ 95]
 [108]
 [101]
 [116]
 [116]
 [101]
 [114]]",55.0,"[[116]
 [111]
 [ 95]
 [114]
 [101]
 [109]
 [101]
 [109]
 [ 98]
 [101]
 [114]]",72.0,NORMAL,110.0,120.0
sub-004,4,67,29888.81155445,119.551246,"[[115]
 [104]
 [111]
 [119]
 [ 95]
 [108]
 [101]
 [116]
 [116]
 [101]
 [114]]",55.0,"[[116]
 [111]
 [ 95]
 [114]
 [101]
 [109]
 [101]
 [109]
 [ 98]
 [101]
 [114]]",83.0,NORMAL,110.0,120.0
sub-004,4,68,30249.260110699997,120.99304,"[[115]
 [104]
 [111]
 [119]
 [ 95]
 [100]
 [ 97]
 [115]
 [104]]",55.0,"[[119]
 [111]
 [114]
 [107]
 [ 95]
 [109]
 [101]
 [109]
 [111]
 [114]
 [121]]",45.0,NORMAL,120.0,130.0
sub-004,4,69,31296.8809145,125.183524,"[[115]
 [104]
 [111]
 [119]
 [ 95]
 [108]
 [101]
 [116]
 [116]
 [101]
 [114]]",55.0,"[[112]
 [114]
 [111]
 [ 98]
 [101]
 [ 95]
 [110]
 [111]
 [116]
 [ 95]
 [115]
 [104]
 [111]
 [119]
 [110]]",74.0,NORMAL,120.0,130.0
sub-004,4,70,31603.804685125,126.411219,"[[108]
 [101]
 [102]
 [116]
 [ 95]
 [ 99]
 [108]
 [105]
 [ 99]
 [107]]",55.0,"[[105]
 [103]
 [110]
 [111]
 [114]
 [101]
 [100]
 [ 95]
 [ 99]
 [111]
 [114]
 [114]
 [101]
 [ 99]
 [116]]","[[110]
 [ 47]
 [ 97]]",NORMAL,120.0,130.0
sub-004,4,71,31703.854284375,126.811417,"[[115]
 [111]
 [117]
 [110]
 [100]
 [ 95]
 [ 98]
 [101]
 [101]
 [112]]",55.0,"[[102]
 [101]
 [101]
 [100]
 [ 98]
 [ 97]
 [ 99]
 [107]
 [ 95]
 [ 99]
 [111]
 [114]
 [114]
 [101]
 [ 99]
 [116]]","[[110]
 [ 47]
 [ 97]]",NORMAL,120.0,130.0
sub-004,4,72,32038.802942775,128.151212,"[[114]
 [105]
 [103]
 [104]
 [116]
 [ 95]
 [ 99]
 [108]
 [105]
 [ 99]
 [107]]",55.0,"[[105]
 [110]
 [100]
 [105]
 [ 99]
 [ 97]
 [116]
 [101]
 [ 95]
 [114]
 [101]
 [ 97]
 [100]
 [121]]","[[110]
 [ 47]
 [ 97]]",NORMAL,120.0,130.0
sub-004,4,73,32046.952910125,128.183812,"[[115]
 [104]
 [111]
 [119]
 [ 95]
 [ 99]
 [114]
 [111]
 [115]
 [115]]",55.0,"[[102]
 [105]
 [120]
 [ 97]
 [116]
 [101]]",43.0,NORMAL,120.0,130.0
sub-004,4,74,33358.5476566,133.430191,"[[115]
 [104]
 [111]
 [119]
 [ 95]
 [108]
 [101]
 [116]
 [116]
 [101]
 [114]]",55.0,"[[116]
 [111]
 [ 95]
 [114]
 [101]
 [109]
 [101]
 [109]
 [ 98]
 [101]
 [114]]",90.0,NORMAL,130.0,140.0
sub-004,4,75,33718.97121295,134.871885,"[[115]
 [104]
 [111]
 [119]
 [ 95]
 [108]
 [101]
 [116]
 [116]
 [101]
 [114]]",55.0,"[[116]
 [111]
 [ 95]
 [114]
 [101]
 [109]
 [101]
 [109]
 [ 98]
 [101]
 [114]]",80.0,NORMAL,130.0,140.0
sub-004,4,76,34079.144770275,136.312579,"[[115]
 [104]
 [111]
 [119]
 [ 95]
 [108]
 [101]
 [116]
 [116]
 [101]
 [114]]",55.0,"[[116]
 [111]
 [ 95]
 [114]
 [101]
 [109]
 [101]
 [109]
 [ 98]
 [101]
 [114]]",87.0,NORMAL,130.0,140.0
sub-004,4,77,34439.618326425,137.754473,"[[115]
 [104]
 [111]
 [119]
 [ 95]
 [108]
 [101]
 [116]
 [116]
 [101]
 [114]]",55.0,"[[116]
 [111]
 [ 95]
 [114]
 [101]
 [109]
 [101]
 [109]
 [ 98]
 [101]
 [114]]",81.0,NORMAL,130.0,140.0
sub-004,4,78,34800.066882675,139.196268,"[[115]
 [104]
 [111]
 [119]
 [ 95]
 [108]
 [101]
 [116]
 [116]
 [101]
 [114]]",55.0,"[[116]
 [111]
 [ 95]
 [105]
 [103]
 [110]
 [111]
 [114]
 [101]]",66.0,NORMAL,130.0,140.0
sub-004,4,79,35160.24044,140.636962,"[[115]
 [104]
 [111]
 [119]
 [ 95]
 [108]
 [101]
 [116]
 [116]
 [101]
 [114]]",55.0,"[[116]
 [111]
 [ 95]
 [114]
 [101]
 [109]
 [101]
 [109]
 [ 98]
 [101]
 [114]]",71.0,NORMAL,140.0,150.0
sub-004,4,80,35520.68899625,142.078756,"[[115]
 [104]
 [111]
 [119]
 [ 95]
 [108]
 [101]
 [116]
 [116]
 [101]
 [114]]",55.0,"[[116]
 [111]
 [ 95]
 [114]
 [101]
 [109]
 [101]
 [109]
 [ 98]
 [101]
 [114]]",74.0,NORMAL,140.0,150.0
sub-004,4,81,35881.137552500004,143.52055,"[[115]
 [104]
 [111]
 [119]
 [ 95]
 [108]
 [101]
 [116]
 [116]
 [101]
 [114]]",55.0,"[[116]
 [111]
 [ 95]
 [114]
 [101]
 [109]
 [101]
 [109]
 [ 98]
 [101]
 [114]]",77.0,NORMAL,140.0,150.0
sub-004,4,82,36241.586108724994,144.962344,"[[115]
 [104]
 [111]
 [119]
 [ 95]
 [100]
 [ 97]
 [115]
 [104]]",55.0,"[[119]
 [111]
 [114]
 [107]
 [ 95]
 [109]
 [101]
 [109]
 [111]
 [114]
 [121]]",45.0,NORMAL,140.0,150.0
sub-004,4,83,36853.233658825,147.408935,"[[115]
 [104]
 [111]
 [119]
 [ 95]
 [108]
 [101]
 [116]
 [116]
 [101]
 [114]]",55.0,"[[112]
 [114]
 [111]
 [ 98]
 [101]
 [ 95]
 [110]
 [111]
 [116]
 [ 95]
 [115]
 [104]
 [111]
 [119]
 [110]]",86.0,NORMAL,140.0,150.0
sub-004,4,84,37403.656454125005,149.610626,"[[108]
 [101]
 [102]
 [116]
 [ 95]
 [ 99]
 [108]
 [105]
 [ 99]
 [107]]",55.0,"[[105]
 [103]
 [110]
 [111]
 [114]
 [101]
 [100]
 [ 95]
 [ 99]
 [111]
 [114]
 [114]
 [101]
 [ 99]
 [116]]","[[110]
 [ 47]
 [ 97]]",NORMAL,140.0,150.0
sub-004,4,85,37503.681053475004,150.010724,"[[115]
 [111]
 [117]
 [110]
 [100]
 [ 95]
 [ 98]
 [101]
 [101]
 [112]]",55.0,"[[102]
 [101]
 [101]
 [100]
 [ 98]
 [ 97]
 [ 99]
 [107]
 [ 95]
 [ 99]
 [111]
 [114]
 [114]
 [101]
 [ 99]
 [116]]","[[110]
 [ 47]
 [ 97]]",NORMAL,150.0,160.0
sub-004,4,86,37838.62971185,151.350519,"[[114]
 [105]
 [103]
 [104]
 [116]
 [ 95]
 [ 99]
 [108]
 [105]
 [ 99]
 [107]]",55.0,"[[105]
 [110]
 [100]
 [105]
 [ 99]
 [ 97]
 [116]
 [101]
 [ 95]
 [114]
 [101]
 [ 97]
 [100]
 [121]]","[[110]
 [ 47]
 [ 97]]",NORMAL,150.0,160.0
sub-004,4,87,37846.329681025,151.381319,"[[115]
 [104]
 [111]
 [119]
 [ 95]
 [ 99]
 [114]
 [111]
 [115]
 [115]]",51.0,"[[102]
 [105]
 [120]
 [ 97]
 [116]
 [101]]",43.0,NORMAL,150.0,160.0
sub-004,4,88,39158.1244267,156.628498,"[[115]
 [104]
 [111]
 [119]
 [ 95]
 [108]
 [101]
 [116]
 [116]
 [101]
 [114]]",51.0,"[[116]
 [111]
 [ 95]
 [105]
 [103]
 [110]
 [111]
 [114]
 [101]]",68.0,NORMAL,150.0,160.0
sub-004,4,89,39518.322983925,158.069292,"[[115]
 [104]
 [111]
 [119]
 [ 95]
 [108]
 [101]
 [116]
 [116]
 [101]
 [114]]",51.0,"[[116]
 [111]
 [ 95]
 [105]
 [103]
 [110]
 [111]
 [114]
 [101]]",72.0,NORMAL,150.0,160.0
sub-004,4,90,39878.771540174996,159.511086,"[[115]
 [104]
 [111]
 [119]
 [ 95]
 [108]
 [101]
 [116]
 [116]
 [101]
 [114]]",51.0,"[[116]
 [111]
 [ 95]
 [105]
 [103]
 [110]
 [111]
 [114]
 [101]]",71.0,NORMAL,150.0,160.0
sub-004,4,91,40239.220096425,160.95288,"[[115]
 [104]
 [111]
 [119]
 [ 95]
 [108]
 [101]
 [116]
 [116]
 [101]
 [114]]",51.0,"[[116]
 [111]
 [ 95]
 [114]
 [101]
 [109]
 [101]
 [109]
 [ 98]
 [101]
 [114]]",67.0,NORMAL,160.0,170.0
sub-004,4,92,40599.393653775,162.393575,"[[115]
 [104]
 [111]
 [119]
 [ 95]
 [108]
 [101]
 [116]
 [116]
 [101]
 [114]]",51.0,"[[116]
 [111]
 [ 95]
 [114]
 [101]
 [109]
 [101]
 [109]
 [ 98]
 [101]
 [114]]",83.0,NORMAL,160.0,170.0
sub-004,4,93,40959.84221,163.835369,"[[115]
 [104]
 [111]
 [119]
 [ 95]
 [108]
 [101]
 [116]
 [116]
 [101]
 [114]]",51.0,"[[116]
 [111]
 [ 95]
 [114]
 [101]
 [109]
 [101]
 [109]
 [ 98]
 [101]
 [114]]",78.0,NORMAL,160.0,170.0
sub-004,4,94,41320.29076625,165.277163,"[[115]
 [104]
 [111]
 [119]
 [ 95]
 [108]
 [101]
 [116]
 [116]
 [101]
 [114]]",51.0,"[[116]
 [111]
 [ 95]
 [105]
 [103]
 [110]
 [111]
 [114]
 [101]]",77.0,NORMAL,160.0,170.0
sub-004,4,95,41680.7393225,166.718957,"[[115]
 [104]
 [111]
 [119]
 [ 95]
 [108]
 [101]
 [116]
 [116]
 [101]
 [114]]",51.0,"[[116]
 [111]
 [ 95]
 [105]
 [103]
 [110]
 [111]
 [114]
 [101]]",70.0,NORMAL,160.0,170.0
sub-004,4,96,42040.937879725,168.159752,"[[115]
 [104]
 [111]
 [119]
 [ 95]
 [100]
 [ 97]
 [115]
 [104]]",51.0,"[[119]
 [111]
 [114]
 [107]
 [ 95]
 [109]
 [101]
 [109]
 [111]
 [114]
 [121]]",45.0,NORMAL,160.0,170.0
sub-004,4,97,43025.783934975,172.099136,"[[115]
 [104]
 [111]
 [119]
 [ 95]
 [108]
 [101]
 [116]
 [116]
 [101]
 [114]]",51.0,"[[112]
 [114]
 [111]
 [ 98]
 [101]
 [ 95]
 [116]
 [ 97]
 [114]
 [103]
 [101]
 [116]]",83.0,NORMAL,170.0,180.0
sub-004,4,98,43315.4327748,173.257731,"[[114]
 [105]
 [103]
 [104]
 [116]
 [ 95]
 [ 99]
 [108]
 [105]
 [ 99]
 [107]]",51.0,"[[114]
 [101]
 [109]
 [101]
 [109]
 [ 98]
 [101]
 [114]
 [101]
 [100]
 [ 95]
 [ 99]
 [111]
 [114]
 [114]
 [101]
 [ 99]
 [116]]","[[110]
 [ 47]
 [ 97]]",NORMAL,170.0,180.0
sub-004,4,99,43415.482374075,173.657929,"[[115]
 [111]
 [117]
 [110]
 [100]
 [ 95]
 [ 98]
 [101]
 [101]
 [112]]",51.0,"[[102]
 [101]
 [101]
 [100]
 [ 98]
 [ 97]
 [ 99]
 [107]
 [ 95]
 [ 99]
 [111]
 [114]
 [114]
 [101]
 [ 99]
 [116]]","[[110]
 [ 47]
 [ 97]]",NORMAL,170.0,180.0
sub-004,4,100,43730.65611165,174.918624,"[[114]
 [105]
 [103]
 [104]
 [116]
 [ 95]
 [ 99]
 [108]
 [105]
 [ 99]
 [107]]",51.0,"[[105]
 [110]
 [100]
 [105]
 [ 99]
 [ 97]
 [116]
 [101]
 [ 95]
 [114]
 [101]
 [ 97]
 [100]
 [121]]","[[110]
 [ 47]
 [ 97]]",NORMAL,170.0,180.0
sub-004,4,101,43738.181081525,174.948724,"[[115]
 [104]
 [111]
 [119]
 [ 95]
 [ 99]
 [114]
 [111]
 [115]
 [115]]",53.0,"[[102]
 [105]
 [120]
 [ 97]
 [116]
 [101]]",43.0,NORMAL,170.0,180.0
sub-004,4,102,45049.7258282,180.194903,"[[115]
 [104]
 [111]
 [119]
 [ 95]
 [108]
 [101]
 [116]
 [116]
 [101]
 [114]]",53.0,"[[116]
 [111]
 [ 95]
 [114]
 [101]
 [109]
 [101]
 [109]
 [ 98]
 [101]
 [114]]",77.0,NORMAL,180.0,190.0
sub-004,4,103,45410.149384525,181.636598,"[[115]
 [104]
 [111]
 [119]
 [ 95]
 [108]
 [101]
 [116]
 [116]
 [101]
 [114]]",53.0,"[[116]
 [111]
 [ 95]
 [114]
 [101]
 [109]
 [101]
 [109]
 [ 98]
 [101]
 [114]]",82.0,NORMAL,180.0,190.0
sub-004,4,104,45770.347941775006,183.077392,"[[115]
 [104]
 [111]
 [119]
 [ 95]
 [108]
 [101]
 [116]
 [116]
 [101]
 [114]]",53.0,"[[116]
 [111]
 [ 95]
 [114]
 [101]
 [109]
 [101]
 [109]
 [ 98]
 [101]
 [114]]",76.0,NORMAL,180.0,190.0
sub-004,4,105,46130.796498025,184.519186,"[[115]
 [104]
 [111]
 [119]
 [ 95]
 [108]
 [101]
 [116]
 [116]
 [101]
 [114]]",53.0,"[[116]
 [111]
 [ 95]
 [105]
 [103]
 [110]
 [111]
 [114]
 [101]]",88.0,NORMAL,180.0,190.0
sub-004,4,106,46491.24505425,185.96098,"[[115]
 [104]
 [111]
 [119]
 [ 95]
 [108]
 [101]
 [116]
 [116]
 [101]
 [114]]",53.0,"[[116]
 [111]
 [ 95]
 [105]
 [103]
 [110]
 [111]
 [114]
 [101]]",71.0,NORMAL,180.0,190.0
sub-004,4,107,46851.693610500006,187.402774,"[[115]
 [104]
 [111]
 [119]
 [ 95]
 [108]
 [101]
 [116]
 [116]
 [101]
 [114]]",53.0,"[[116]
 [111]
 [ 95]
 [114]
 [101]
 [109]
 [101]
 [109]
 [ 98]
 [101]
 [114]]",87.0,NORMAL,180.0,190.0
sub-004,4,108,47211.892167750004,188.843569,"[[115]
 [104]
 [111]
 [119]
 [ 95]
 [108]
 [101]
 [116]
 [116]
 [101]
 [114]]",53.0,"[[116]
 [111]
 [ 95]
 [114]
 [101]
 [109]
 [101]
 [109]
 [ 98]
 [101]
 [114]]",70.0,NORMAL,180.0,190.0
sub-004,4,109,47572.315724075,190.285263,"[[115]
 [104]
 [111]
 [119]
 [ 95]
 [108]
 [101]
 [116]
 [116]
 [101]
 [114]]",53.0,"[[116]
 [111]
 [ 95]
 [105]
 [103]
 [110]
 [111]
 [114]
 [101]]",68.0,NORMAL,190.0,200.0
sub-004,4,110,47932.789280225,191.727157,"[[115]
 [104]
 [111]
 [119]
 [ 95]
 [100]
 [ 97]
 [115]
 [104]]",53.0,"[[119]
 [111]
 [114]
 [107]
 [ 95]
 [109]
 [101]
 [109]
 [111]
 [114]
 [121]]",45.0,NORMAL,190.0,200.0
sub-004,4,111,48536.21186325,194.140847,"[[115]
 [104]
 [111]
 [119]
 [ 95]
 [108]
 [101]
 [116]
 [116]
 [101]
 [114]]",53.0,"[[112]
 [114]
 [111]
 [ 98]
 [101]
 [ 95]
 [116]
 [ 97]
 [114]
 [103]
 [101]
 [116]]",70.0,NORMAL,190.0,200.0
sub-004,4,112,49016.434939750005,196.06174,"[[108]
 [101]
 [102]
 [116]
 [ 95]
 [ 99]
 [108]
 [105]
 [ 99]
 [107]]",53.0,"[[105]
 [103]
 [110]
 [111]
 [114]
 [101]
 [100]
 [ 95]
 [105]
 [110]
 [ 99]
 [111]
 [114]
 [114]
 [101]
 [ 99]
 [116]]","[[110]
 [ 47]
 [ 97]]",NORMAL,190.0,200.0
sub-004,4,113,49116.459539100004,196.461838,"[[115]
 [111]
 [117]
 [110]
 [100]
 [ 95]
 [ 98]
 [117]
 [122]
 [122]]",53.0,"[[102]
 [101]
 [101]
 [100]
 [ 98]
 [ 97]
 [ 99]
 [107]
 [ 95]
 [105]
 [110]
 [ 99]
 [111]
 [114]
 [114]
 [101]
 [ 99]
 [116]]","[[110]
 [ 47]
 [ 97]]",NORMAL,190.0,200.0
sub-004,4,114,49708.457167875,198.829829,"[[114]
 [105]
 [103]
 [104]
 [116]
 [ 95]
 [ 99]
 [108]
 [105]
 [ 99]
 [107]]",53.0,"[[105]
 [110]
 [100]
 [105]
 [ 99]
 [ 97]
 [116]
 [101]
 [ 95]
 [114]
 [101]
 [ 97]
 [100]
 [121]]","[[110]
 [ 47]
 [ 97]]",NORMAL,190.0,200.0
sub-004,4,115,49713.75714665,198.851029,"[[115]
 [104]
 [111]
 [119]
 [ 95]
 [ 99]
 [114]
 [111]
 [115]
 [115]]",51.0,"[[102]
 [105]
 [120]
 [ 97]
 [116]
 [101]]",43.0,NORMAL,190.0,200.0
sub-004,4,116,51025.301893325006,204.097208,"[[115]
 [104]
 [111]
 [119]
 [ 95]
 [108]
 [101]
 [116]
 [116]
 [101]
 [114]]",51.0,"[[116]
 [111]
 [ 95]
 [105]
 [103]
 [110]
 [111]
 [114]
 [101]]",83.0,NORMAL,200.0,210.0
sub-004,4,117,51385.725449675,205.538902,"[[115]
 [104]
 [111]
 [119]
 [ 95]
 [108]
 [101]
 [116]
 [116]
 [101]
 [114]]",51.0,"[[116]
 [111]
 [ 95]
 [105]
 [103]
 [110]
 [111]
 [114]
 [101]]",84.0,NORMAL,200.0,210.0
sub-004,4,118,51745.92400692499,206.979696,"[[115]
 [104]
 [111]
 [119]
 [ 95]
 [108]
 [101]
 [116]
 [116]
 [101]
 [114]]",51.0,"[[116]
 [111]
 [ 95]
 [105]
 [103]
 [110]
 [111]
 [114]
 [101]]",71.0,NORMAL,200.0,210.0
sub-004,4,119,52106.37256315,208.42149,"[[115]
 [104]
 [111]
 [119]
 [ 95]
 [108]
 [101]
 [116]
 [116]
 [101]
 [114]]",51.0,"[[116]
 [111]
 [ 95]
 [114]
 [101]
 [109]
 [101]
 [109]
 [ 98]
 [101]
 [114]]",78.0,NORMAL,200.0,210.0
sub-004,4,120,52466.821119399996,209.863284,"[[115]
 [104]
 [111]
 [119]
 [ 95]
 [108]
 [101]
 [116]
 [116]
 [101]
 [114]]",51.0,"[[116]
 [111]
 [ 95]
 [114]
 [101]
 [109]
 [101]
 [109]
 [ 98]
 [101]
 [114]]",87.0,NORMAL,200.0,210.0
sub-004,4,121,52827.01967665,211.304079,"[[115]
 [104]
 [111]
 [119]
 [ 95]
 [108]
 [101]
 [116]
 [116]
 [101]
 [114]]",51.0,"[[116]
 [111]
 [ 95]
 [114]
 [101]
 [109]
 [101]
 [109]
 [ 98]
 [101]
 [114]]",74.0,NORMAL,210.0,220.0
sub-004,4,122,53187.468232875,212.745873,"[[115]
 [104]
 [111]
 [119]
 [ 95]
 [108]
 [101]
 [116]
 [116]
 [101]
 [114]]",51.0,"[[116]
 [111]
 [ 95]
 [105]
 [103]
 [110]
 [111]
 [114]
 [101]]",70.0,NORMAL,210.0,220.0
sub-004,4,123,53547.891789225,214.187567,"[[115]
 [104]
 [111]
 [119]
 [ 95]
 [108]
 [101]
 [116]
 [116]
 [101]
 [114]]",51.0,"[[116]
 [111]
 [ 95]
 [105]
 [103]
 [110]
 [111]
 [114]
 [101]]",72.0,NORMAL,210.0,220.0
sub-004,4,124,53908.340345475,215.629361,"[[115]
 [104]
 [111]
 [119]
 [ 95]
 [100]
 [ 97]
 [115]
 [104]]",51.0,"[[119]
 [111]
 [114]
 [107]
 [ 95]
 [109]
 [101]
 [109]
 [111]
 [114]
 [121]]",45.0,NORMAL,210.0,220.0
sub-004,4,125,54846.961585875004,219.383846,"[[115]
 [104]
 [111]
 [119]
 [ 95]
 [108]
 [101]
 [116]
 [116]
 [101]
 [114]]",51.0,"[[112]
 [114]
 [111]
 [ 98]
 [101]
 [ 95]
 [116]
 [ 97]
 [114]
 [103]
 [101]
 [116]]",78.0,NORMAL,210.0,220.0
sub-004,4,126,55093.035600225005,220.368142,"[[114]
 [105]
 [103]
 [104]
 [116]
 [ 95]
 [ 99]
 [108]
 [105]
 [ 99]
 [107]]",51.0,"[[114]
 [101]
 [109]
 [101]
 [109]
 [ 98]
 [101]
 [114]
 [101]
 [100]
 [ 95]
 [ 99]
 [111]
 [114]
 [114]
 [101]
 [ 99]
 [116]]","[[110]
 [ 47]
 [ 97]]",NORMAL,220.0,230.0
sub-004,4,127,55193.0601996,220.768241,"[[115]
 [111]
 [117]
 [110]
 [100]
 [ 95]
 [ 98]
 [101]
 [101]
 [112]]",51.0,"[[102]
 [101]
 [101]
 [100]
 [ 98]
 [ 97]
 [ 99]
 [107]
 [ 95]
 [ 99]
 [111]
 [114]
 [114]
 [101]
 [ 99]
 [116]]","[[110]
 [ 47]
 [ 97]]",NORMAL,220.0,230.0
sub-004,4,128,55442.359201025,221.765437,"[[114]
 [105]
 [103]
 [104]
 [116]
 [ 95]
 [ 99]
 [108]
 [105]
 [ 99]
 [107]]",51.0,"[[105]
 [110]
 [100]
 [105]
 [ 99]
 [ 97]
 [116]
 [101]
 [ 95]
 [114]
 [101]
 [ 97]
 [100]
 [121]]","[[110]
 [ 47]
 [ 97]]",NORMAL,220.0,230.0
sub-004,4,129,55450.384168900004,221.797537,"[[115]
 [104]
 [111]
 [119]
 [ 95]
 [ 99]
 [114]
 [111]
 [115]
 [115]]",51.0,"[[102]
 [105]
 [120]
 [ 97]
 [116]
 [101]]",43.0,NORMAL,220.0,230.0
sub-004,4,130,56761.903915675,227.043616,"[[115]
 [104]
 [111]
 [119]
 [ 95]
 [108]
 [101]
 [116]
 [116]
 [101]
 [114]]",51.0,"[[116]
 [111]
 [ 95]
 [105]
 [103]
 [110]
 [111]
 [114]
 [101]]",90.0,NORMAL,220.0,230.0
sub-004,4,131,57122.352471900005,228.48541,"[[115]
 [104]
 [111]
 [119]
 [ 95]
 [108]
 [101]
 [116]
 [116]
 [101]
 [114]]",51.0,"[[116]
 [111]
 [ 95]
 [114]
 [101]
 [109]
 [101]
 [109]
 [ 98]
 [101]
 [114]]",77.0,NORMAL,220.0,230.0
sub-004,4,132,57482.551029149996,229.926204,"[[115]
 [104]
 [111]
 [119]
 [ 95]
 [108]
 [101]
 [116]
 [116]
 [101]
 [114]]",51.0,"[[116]
 [111]
 [ 95]
 [105]
 [103]
 [110]
 [111]
 [114]
 [101]]",80.0,NORMAL,220.0,230.0
sub-004,4,133,57842.9745855,231.367898,"[[115]
 [104]
 [111]
 [119]
 [ 95]
 [108]
 [101]
 [116]
 [116]
 [101]
 [114]]",51.0,"[[116]
 [111]
 [ 95]
 [105]
 [103]
 [110]
 [111]
 [114]
 [101]]",78.0,GLOBAL_ARTIFACT,230.0,240.0
sub-004,4,134,58203.423141725,232.809693,"[[115]
 [104]
 [111]
 [119]
 [ 95]
 [108]
 [101]
 [116]
 [116]
 [101]
 [114]]",51.0,"[[116]
 [111]
 [ 95]
 [114]
 [101]
 [109]
 [101]
 [109]
 [ 98]
 [101]
 [114]]",70.0,GLOBAL_ARTIFACT,230.0,240.0
sub-004,4,135,58563.871697974995,234.251487,"[[115]
 [104]
 [111]
 [119]
 [ 95]
 [108]
 [101]
 [116]
 [116]
 [101]
 [114]]",51.0,"[[116]
 [111]
 [ 95]
 [114]
 [101]
 [109]
 [101]
 [109]
 [ 98]
 [101]
 [114]]",76.0,GLOBAL_ARTIFACT,230.0,240.0
sub-004,4,136,58924.070255225,235.692281,"[[115]
 [104]
 [111]
 [119]
 [ 95]
 [108]
 [101]
 [116]
 [116]
 [101]
 [114]]",51.0,"[[116]
 [111]
 [ 95]
 [105]
 [103]
 [110]
 [111]
 [114]
 [101]]",68.0,GLOBAL_ARTIFACT,230.0,240.0
sub-004,4,137,59284.518811475,237.134075,"[[115]
 [104]
 [111]
 [119]
 [ 95]
 [108]
 [101]
 [116]
 [116]
 [101]
 [114]]",51.0,"[[116]
 [111]
 [ 95]
 [105]
 [103]
 [110]
 [111]
 [114]
 [101]]",72.0,GLOBAL_ARTIFACT,230.0,240.0
sub-004,4,138,59644.9673677,238.575869,"[[115]
 [104]
 [111]
 [119]
 [ 95]
 [100]
 [ 97]
 [115]
 [104]]",51.0,"[[119]
 [111]
 [114]
 [107]
 [ 95]
 [109]
 [101]
 [109]
 [111]
 [114]
 [121]]",45.0,GLOBAL_ARTIFACT,230.0,240.0
sub-004,4,139,60244.11496785,240.97246,"[[115]
 [104]
 [111]
 [119]
 [ 95]
 [108]
 [101]
 [116]
 [116]
 [101]
 [114]]",51.0,"[[112]
 [114]
 [111]
 [ 98]
 [101]
 [ 95]
 [110]
 [111]
 [116]
 [ 95]
 [115]
 [104]
 [111]
 [119]
 [110]]",74.0,GLOBAL_ARTIFACT,240.0,250.0
sub-004,4,140,60747.812950325,242.987252,"[[108]
 [101]
 [102]
 [116]
 [ 95]
 [ 99]
 [108]
 [105]
 [ 99]
 [107]]",51.0,"[[105]
 [103]
 [110]
 [111]
 [114]
 [101]
 [100]
 [ 95]
 [ 99]
 [111]
 [114]
 [114]
 [101]
 [ 99]
 [116]]","[[110]
 [ 47]
 [ 97]]",GLOBAL_ARTIFACT,240.0,250.0
sub-004,4,141,60847.837549675,243.38735,"[[115]
 [111]
 [117]
 [110]
 [100]
 [ 95]
 [ 98]
 [101]
 [101]
 [112]]",51.0,"[[102]
 [101]
 [101]
 [100]
 [ 98]
 [ 97]
 [ 99]
 [107]
 [ 95]
 [ 99]
 [111]
 [114]
 [114]
 [101]
 [ 99]
 [116]]","[[110]
 [ 47]
 [ 97]]",GLOBAL_ARTIFACT,240.0,250.0
sub-004,4,142,62098.907538575004,248.39163,"[[114]
 [105]
 [103]
 [104]
 [116]
 [ 95]
 [ 99]
 [108]
 [105]
 [ 99]
 [107]]",51.0,"[[105]
 [110]
 [100]
 [105]
 [ 99]
 [ 97]
 [116]
 [101]
 [ 95]
 [114]
 [101]
 [ 97]
 [100]
 [121]]","[[110]
 [ 47]
 [ 97]]",GLOBAL_ARTIFACT,240.0,250.0
sub-004,4,143,62104.58251585,248.41433,"[[115]
 [104]
 [111]
 [119]
 [ 95]
 [ 99]
 [114]
 [111]
 [115]
 [115]]",55.0,"[[102]
 [105]
 [120]
 [ 97]
 [116]
 [101]]",43.0,GLOBAL_ARTIFACT,240.0,250.0
sub-004,4,144,63420.3772455,253.677509,"[[115]
 [104]
 [111]
 [119]
 [ 95]
 [108]
 [101]
 [116]
 [116]
 [101]
 [114]]",55.0,"[[116]
 [111]
 [ 95]
 [114]
 [101]
 [109]
 [101]
 [109]
 [ 98]
 [101]
 [114]]",75.0,NORMAL,250.0,260.0
sub-004,4,145,63780.800801850004,255.119203,"[[115]
 [104]
 [111]
 [119]
 [ 95]
 [108]
 [101]
 [116]
 [116]
 [101]
 [114]]",55.0,"[[116]
 [111]
 [ 95]
 [105]
 [103]
 [110]
 [111]
 [114]
 [101]]",71.0,NORMAL,250.0,260.0
sub-004,4,146,64141.274357975,256.561097,"[[115]
 [104]
 [111]
 [119]
 [ 95]
 [108]
 [101]
 [116]
 [116]
 [101]
 [114]]",55.0,"[[116]
 [111]
 [ 95]
 [114]
 [101]
 [109]
 [101]
 [109]
 [ 98]
 [101]
 [114]]",68.0,NORMAL,250.0,260.0
sub-004,4,147,64501.697914325,258.002792,"[[115]
 [104]
 [111]
 [119]
 [ 95]
 [108]
 [101]
 [116]
 [116]
 [101]
 [114]]",55.0,"[[116]
 [111]
 [ 95]
 [114]
 [101]
 [109]
 [101]
 [109]
 [ 98]
 [101]
 [114]]",72.0,NORMAL,250.0,260.0
sub-004,4,148,64861.896471575004,259.443586,"[[115]
 [104]
 [111]
 [119]
 [ 95]
 [108]
 [101]
 [116]
 [116]
 [101]
 [114]]",55.0,"[[116]
 [111]
 [ 95]
 [114]
 [101]
 [109]
 [101]
 [109]
 [ 98]
 [101]
 [114]]",82.0,NORMAL,250.0,260.0
sub-004,4,149,65222.345027799995,260.88538,"[[115]
 [104]
 [111]
 [119]
 [ 95]
 [108]
 [101]
 [116]
 [116]
 [101]
 [114]]",55.0,"[[116]
 [111]
 [ 95]
 [114]
 [101]
 [109]
 [101]
 [109]
 [ 98]
 [101]
 [114]]",84.0,NORMAL,260.0,270.0
sub-004,4,150,65582.79358405,262.327174,"[[115]
 [104]
 [111]
 [119]
 [ 95]
 [108]
 [101]
 [116]
 [116]
 [101]
 [114]]",55.0,"[[116]
 [111]
 [ 95]
 [114]
 [101]
 [109]
 [101]
 [109]
 [ 98]
 [101]
 [114]]",86.0,NORMAL,260.0,270.0
sub-004,4,151,65942.9671414,263.767869,"[[115]
 [104]
 [111]
 [119]
 [ 95]
 [108]
 [101]
 [116]
 [116]
 [101]
 [114]]",55.0,"[[116]
 [111]
 [ 95]
 [114]
 [101]
 [109]
 [101]
 [109]
 [ 98]
 [101]
 [114]]",78.0,NORMAL,260.0,270.0
sub-004,4,152,66303.415697625,265.209663,"[[115]
 [104]
 [111]
 [119]
 [ 95]
 [100]
 [ 97]
 [115]
 [104]]",55.0,"[[119]
 [111]
 [114]
 [107]
 [ 95]
 [109]
 [101]
 [109]
 [111]
 [114]
 [121]]",45.0,NORMAL,260.0,270.0
sub-004,4,153,66969.81302842501,267.875252,"[[115]
 [104]
 [111]
 [119]
 [ 95]
 [108]
 [101]
 [116]
 [116]
 [101]
 [114]]",55.0,"[[112]
 [114]
 [111]
 [ 98]
 [101]
 [ 95]
 [116]
 [ 97]
 [114]
 [103]
 [101]
 [116]]",68.0,NORMAL,260.0,270.0
sub-004,4,154,67377.9613936,269.507846,"[[114]
 [105]
 [103]
 [104]
 [116]
 [ 95]
 [ 99]
 [108]
 [105]
 [ 99]
 [107]]",55.0,"[[114]
 [101]
 [109]
 [101]
 [109]
 [ 98]
 [101]
 [114]
 [101]
 [100]
 [ 95]
 [ 99]
 [111]
 [114]
 [114]
 [101]
 [ 99]
 [116]]","[[110]
 [ 47]
 [ 97]]",NORMAL,260.0,270.0
sub-004,4,155,67477.98599295001,269.907944,"[[115]
 [111]
 [117]
 [110]
 [100]
 [ 95]
 [ 98]
 [101]
 [101]
 [112]]",55.0,"[[102]
 [101]
 [101]
 [100]
 [ 98]
 [ 97]
 [ 99]
 [107]
 [ 95]
 [ 99]
 [111]
 [114]
 [114]
 [101]
 [ 99]
 [116]]","[[110]
 [ 47]
 [ 97]]",NORMAL,260.0,270.0
sub-004,4,156,67740.43494172499,270.95774,"[[114]
 [105]
 [103]
 [104]
 [116]
 [ 95]
 [ 99]
 [108]
 [105]
 [ 99]
 [107]]",55.0,"[[105]
 [110]
 [100]
 [105]
 [ 99]
 [ 97]
 [116]
 [101]
 [ 95]
 [114]
 [101]
 [ 97]
 [100]
 [121]]","[[110]
 [ 47]
 [ 97]]",NORMAL,270.0,280.0
sub-004,4,157,67744.9599236,270.97584,"[[115]
 [104]
 [111]
 [119]
 [ 95]
 [ 99]
 [114]
 [111]
 [115]
 [115]]",55.0,"[[102]
 [105]
 [120]
 [ 97]
 [116]
 [101]]",43.0,NORMAL,270.0,280.0
sub-004,4,158,69056.504670275,276.222019,"[[115]
 [104]
 [111]
 [119]
 [ 95]
 [108]
 [101]
 [116]
 [116]
 [101]
 [114]]",55.0,"[[116]
 [111]
 [ 95]
 [114]
 [101]
 [109]
 [101]
 [109]
 [ 98]
 [101]
 [114]]",80.0,NORMAL,270.0,280.0
sub-004,4,159,69416.928226625,277.663713,"[[115]
 [104]
 [111]
 [119]
 [ 95]
 [108]
 [101]
 [116]
 [116]
 [101]
 [114]]",55.0,"[[116]
 [111]
 [ 95]
 [114]
 [101]
 [109]
 [101]
 [109]
 [ 98]
 [101]
 [114]]",76.0,NORMAL,270.0,280.0
sub-004,4,160,69777.376782875,279.105507,"[[115]
 [104]
 [111]
 [119]
 [ 95]
 [108]
 [101]
 [116]
 [116]
 [101]
 [114]]",55.0,"[[116]
 [111]
 [ 95]
 [114]
 [101]
 [109]
 [101]
 [109]
 [ 98]
 [101]
 [114]]",72.0,NORMAL,270.0,280.0
sub-004,4,161,70137.5753401,280.546301,"[[115]
 [104]
 [111]
 [119]
 [ 95]
 [108]
 [101]
 [116]
 [116]
 [101]
 [114]]",55.0,"[[116]
 [111]
 [ 95]
 [114]
 [101]
 [109]
 [101]
 [109]
 [ 98]
 [101]
 [114]]",75.0,NORMAL,280.0,290.0
sub-004,4,162,70498.02389635,281.988096,"[[115]
 [104]
 [111]
 [119]
 [ 95]
 [108]
 [101]
 [116]
 [116]
 [101]
 [114]]",55.0,"[[116]
 [111]
 [ 95]
 [114]
 [101]
 [109]
 [101]
 [109]
 [ 98]
 [101]
 [114]]",66.0,NORMAL,280.0,290.0
sub-004,4,163,70858.4974525,283.42999,"[[115]
 [104]
 [111]
 [119]
 [ 95]
 [108]
 [101]
 [116]
 [116]
 [101]
 [114]]",55.0,"[[116]
 [111]
 [ 95]
 [114]
 [101]
 [109]
 [101]
 [109]
 [ 98]
 [101]
 [114]]",81.0,NORMAL,280.0,290.0
sub-004,4,164,71218.921008825,284.871684,"[[115]
 [104]
 [111]
 [119]
 [ 95]
 [108]
 [101]
 [116]
 [116]
 [101]
 [114]]",55.0,"[[116]
 [111]
 [ 95]
 [105]
 [103]
 [110]
 [111]
 [114]
 [101]]",84.0,NORMAL,280.0,290.0
sub-004,4,165,71579.094566175,286.312378,"[[115]
 [104]
 [111]
 [119]
 [ 95]
 [108]
 [101]
 [116]
 [116]
 [101]
 [114]]",55.0,"[[116]
 [111]
 [ 95]
 [114]
 [101]
 [109]
 [101]
 [109]
 [ 98]
 [101]
 [114]]",74.0,NORMAL,280.0,290.0
sub-004,4,166,71939.543122425,287.754172,"[[115]
 [104]
 [111]
 [119]
 [ 95]
 [100]
 [ 97]
 [115]
 [104]]",55.0,"[[119]
 [111]
 [114]
 [107]
 [ 95]
 [109]
 [101]
 [109]
 [111]
 [114]
 [121]]",45.0,NORMAL,280.0,290.0
sub-004,4,167,72987.138926325,291.944556,"[[115]
 [104]
 [111]
 [119]
 [ 95]
 [108]
 [101]
 [116]
 [116]
 [101]
 [114]]",55.0,"[[112]
 [114]
 [111]
 [ 98]
 [101]
 [ 95]
 [116]
 [ 97]
 [114]
 [103]
 [101]
 [116]]",72.0,NORMAL,290.0,300.0
sub-004,4,168,73309.437635375,293.233751,"[[114]
 [105]
 [103]
 [104]
 [116]
 [ 95]
 [ 99]
 [108]
 [105]
 [ 99]
 [107]]",55.0,"[[114]
 [101]
 [109]
 [101]
 [109]
 [ 98]
 [101]
 [114]
 [101]
 [100]
 [ 95]
 [ 99]
 [111]
 [114]
 [114]
 [101]
 [ 99]
 [116]]","[[110]
 [ 47]
 [ 97]]",NORMAL,290.0,300.0
sub-004,4,169,73409.462234725,293.633849,"[[115]
 [111]
 [117]
 [110]
 [100]
 [ 95]
 [ 98]
 [101]
 [101]
 [112]]",55.0,"[[102]
 [101]
 [101]
 [100]
 [ 98]
 [ 97]
 [ 99]
 [107]
 [ 95]
 [ 99]
 [111]
 [114]
 [114]
 [101]
 [ 99]
 [116]]","[[110]
 [ 47]
 [ 97]]",NORMAL,290.0,300.0
sub-004,4,170,73718.06099864999,294.868244,"[[114]
 [105]
 [103]
 [104]
 [116]
 [ 95]
 [ 99]
 [108]
 [105]
 [ 99]
 [107]]",55.0,"[[105]
 [110]
 [100]
 [105]
 [ 99]
 [ 97]
 [116]
 [101]
 [ 95]
 [114]
 [101]
 [ 97]
 [100]
 [121]]","[[110]
 [ 47]
 [ 97]]",NORMAL,290.0,300.0
sub-004,4,171,73724.760971825,294.895044,"[[115]
 [104]
 [111]
 [119]
 [ 95]
 [ 99]
 [114]
 [111]
 [115]
 [115]]",55.0,"[[102]
 [105]
 [120]
 [ 97]
 [116]
 [101]]",43.0,NORMAL,290.0,300.0
sub-004,4,172,75036.3307184,300.141323,"[[115]
 [104]
 [111]
 [119]
 [ 95]
 [108]
 [101]
 [116]
 [116]
 [101]
 [114]]",55.0,"[[116]
 [111]
 [ 95]
 [114]
 [101]
 [109]
 [101]
 [109]
 [ 98]
 [101]
 [114]]",89.0,NORMAL,300.0,310.0
sub-004,4,173,75396.75427475,301.583017,"[[115]
 [104]
 [111]
 [119]
 [ 95]
 [108]
 [101]
 [116]
 [116]
 [101]
 [114]]",55.0,"[[116]
 [111]
 [ 95]
 [105]
 [103]
 [110]
 [111]
 [114]
 [101]]",86.0,NORMAL,300.0,310.0
sub-004,4,174,75756.952831975,303.023811,"[[115]
 [104]
 [111]
 [119]
 [ 95]
 [108]
 [101]
 [116]
 [116]
 [101]
 [114]]",55.0,"[[116]
 [111]
 [ 95]
 [114]
 [101]
 [109]
 [101]
 [109]
 [ 98]
 [101]
 [114]]",70.0,NORMAL,300.0,310.0
sub-004,4,175,76117.401388225,304.465606,"[[115]
 [104]
 [111]
 [119]
 [ 95]
 [108]
 [101]
 [116]
 [116]
 [101]
 [114]]",55.0,"[[116]
 [111]
 [ 95]
 [114]
 [101]
 [109]
 [101]
 [109]
 [ 98]
 [101]
 [114]]",82.0,NORMAL,300.0,310.0
sub-004,4,176,76477.849944475,305.9074,"[[115]
 [104]
 [111]
 [119]
 [ 95]
 [108]
 [101]
 [116]
 [116]
 [101]
 [114]]",55.0,"[[116]
 [111]
 [ 95]
 [114]
 [101]
 [109]
 [101]
 [109]
 [ 98]
 [101]
 [114]]",67.0,NORMAL,300.0,310.0
sub-004,4,177,76838.0485017,307.348194,"[[115]
 [104]
 [111]
 [119]
 [ 95]
 [108]
 [101]
 [116]
 [116]
 [101]
 [114]]",55.0,"[[116]
 [111]
 [ 95]
 [114]
 [101]
 [109]
 [101]
 [109]
 [ 98]
 [101]
 [114]]",90.0,NORMAL,300.0,310.0
sub-004,4,178,77198.47205805,308.789888,"[[115]
 [104]
 [111]
 [119]
 [ 95]
 [108]
 [101]
 [116]
 [116]
 [101]
 [114]]",55.0,"[[116]
 [111]
 [ 95]
 [114]
 [101]
 [109]
 [101]
 [109]
 [ 98]
 [101]
 [114]]",81.0,NORMAL,300.0,310.0
sub-004,4,179,77558.9706141,310.231882,"[[115]
 [104]
 [111]
 [119]
 [ 95]
 [108]
 [101]
 [116]
 [116]
 [101]
 [114]]",55.0,"[[116]
 [111]
 [ 95]
 [114]
 [101]
 [109]
 [101]
 [109]
 [ 98]
 [101]
 [114]]",68.0,NORMAL,310.0,320.0
sub-004,4,180,77919.369170525,311.673477,"[[115]
 [104]
 [111]
 [119]
 [ 95]
 [100]
 [ 97]
 [115]
 [104]]",55.0,"[[119]
 [111]
 [114]
 [107]
 [ 95]
 [109]
 [101]
 [109]
 [111]
 [114]
 [121]]",45.0,NORMAL,310.0,320.0
sub-004,4,181,78945.99005845,315.77996,"[[115]
 [104]
 [111]
 [119]
 [ 95]
 [108]
 [101]
 [116]
 [116]
 [101]
 [114]]",55.0,"[[112]
 [114]
 [111]
 [ 98]
 [101]
 [ 95]
 [110]
 [111]
 [116]
 [ 95]
 [115]
 [104]
 [111]
 [119]
 [110]]",75.0,NORMAL,310.0,320.0
sub-004,4,182,79333.16350765,317.328654,"[[108]
 [101]
 [102]
 [116]
 [ 95]
 [ 99]
 [108]
 [105]
 [ 99]
 [107]]",55.0,"[[105]
 [103]
 [110]
 [111]
 [114]
 [101]
 [100]
 [ 95]
 [ 99]
 [111]
 [114]
 [114]
 [101]
 [ 99]
 [116]]","[[110]
 [ 47]
 [ 97]]",NORMAL,310.0,320.0
sub-004,4,183,79433.188107025,317.728752,"[[115]
 [111]
 [117]
 [110]
 [100]
 [ 95]
 [ 98]
 [101]
 [101]
 [112]]",55.0,"[[102]
 [101]
 [101]
 [100]
 [ 98]
 [ 97]
 [ 99]
 [107]
 [ 95]
 [ 99]
 [111]
 [114]
 [114]
 [101]
 [ 99]
 [116]]","[[110]
 [ 47]
 [ 97]]",NORMAL,310.0,320.0
sub-004,4,184,79754.961818175,319.015847,"[[114]
 [105]
 [103]
 [104]
 [116]
 [ 95]
 [ 99]
 [108]
 [105]
 [ 99]
 [107]]",55.0,"[[105]
 [110]
 [100]
 [105]
 [ 99]
 [ 97]
 [116]
 [101]
 [ 95]
 [114]
 [101]
 [ 97]
 [100]
 [121]]","[[110]
 [ 47]
 [ 97]]",NORMAL,310.0,320.0
sub-004,4,185,79763.11178552499,319.048447,"[[115]
 [104]
 [111]
 [119]
 [ 95]
 [ 99]
 [114]
 [111]
 [115]
 [115]]",53.0,"[[102]
 [105]
 [120]
 [ 97]
 [116]
 [101]]",43.0,NORMAL,310.0,320.0
sub-004,4,186,81074.6315323,324.294526,"[[115]
 [104]
 [111]
 [119]
 [ 95]
 [108]
 [101]
 [116]
 [116]
 [101]
 [114]]",53.0,"[[116]
 [111]
 [ 95]
 [105]
 [103]
 [110]
 [111]
 [114]
 [101]]",77.0,NORMAL,320.0,330.0
sub-004,4,187,81435.08008855,325.73632,"[[115]
 [104]
 [111]
 [119]
 [ 95]
 [108]
 [101]
 [116]
 [116]
 [101]
 [114]]",53.0,"[[116]
 [111]
 [ 95]
 [114]
 [101]
 [109]
 [101]
 [109]
 [ 98]
 [101]
 [114]]",86.0,NORMAL,320.0,330.0
sub-004,4,188,81795.27864577499,327.177115,"[[115]
 [104]
 [111]
 [119]
 [ 95]
 [108]
 [101]
 [116]
 [116]
 [101]
 [114]]",53.0,"[[116]
 [111]
 [ 95]
 [114]
 [101]
 [109]
 [101]
 [109]
 [ 98]
 [101]
 [114]]",71.0,NORMAL,320.0,330.0
sub-004,4,189,82155.727202025,328.618909,"[[115]
 [104]
 [111]
 [119]
 [ 95]
 [108]
 [101]
 [116]
 [116]
 [101]
 [114]]",53.0,"[[116]
 [111]
 [ 95]
 [114]
 [101]
 [109]
 [101]
 [109]
 [ 98]
 [101]
 [114]]",70.0,NORMAL,320.0,330.0
sub-004,4,190,82516.175758275,330.060703,"[[115]
 [104]
 [111]
 [119]
 [ 95]
 [108]
 [101]
 [116]
 [116]
 [101]
 [114]]",53.0,"[[116]
 [111]
 [ 95]
 [105]
 [103]
 [110]
 [111]
 [114]
 [101]]",82.0,NORMAL,330.0,340.0
sub-004,4,191,82876.5993146,331.502397,"[[115]
 [104]
 [111]
 [119]
 [ 95]
 [108]
 [101]
 [116]
 [116]
 [101]
 [114]]",53.0,"[[116]
 [111]
 [ 95]
 [114]
 [101]
 [109]
 [101]
 [109]
 [ 98]
 [101]
 [114]]",88.0,NORMAL,330.0,340.0
sub-004,4,192,83236.79787185,332.943191,"[[115]
 [104]
 [111]
 [119]
 [ 95]
 [108]
 [101]
 [116]
 [116]
 [101]
 [114]]",53.0,"[[116]
 [111]
 [ 95]
 [114]
 [101]
 [109]
 [101]
 [109]
 [ 98]
 [101]
 [114]]",87.0,NORMAL,330.0,340.0
sub-004,4,193,83597.2464281,334.384986,"[[115]
 [104]
 [111]
 [119]
 [ 95]
 [108]
 [101]
 [116]
 [116]
 [101]
 [114]]",53.0,"[[116]
 [111]
 [ 95]
 [105]
 [103]
 [110]
 [111]
 [114]
 [101]]",89.0,NORMAL,330.0,340.0
sub-004,4,194,83957.719984225,335.82688,"[[115]
 [104]
 [111]
 [119]
 [ 95]
 [100]
 [ 97]
 [115]
 [104]]",53.0,"[[119]
 [111]
 [114]
 [107]
 [ 95]
 [109]
 [101]
 [109]
 [111]
 [114]
 [121]]",45.0,NORMAL,330.0,340.0
sub-004,4,195,84770.56672842501,339.078267,"[[115]
 [104]
 [111]
 [119]
 [ 95]
 [108]
 [101]
 [116]
 [116]
 [101]
 [114]]",53.0,"[[112]
 [114]
 [111]
 [ 98]
 [101]
 [ 95]
 [110]
 [111]
 [116]
 [ 95]
 [115]
 [104]
 [111]
 [119]
 [110]]",74.0,NORMAL,330.0,340.0
sub-004,4,196,85119.590330425,340.474361,"[[108]
 [101]
 [102]
 [116]
 [ 95]
 [ 99]
 [108]
 [105]
 [ 99]
 [107]]",53.0,"[[105]
 [103]
 [110]
 [111]
 [114]
 [101]
 [100]
 [ 95]
 [ 99]
 [111]
 [114]
 [114]
 [101]
 [ 99]
 [116]]","[[110]
 [ 47]
 [ 97]]",NORMAL,340.0,350.0
sub-004,4,197,85219.614929775,340.87446,"[[115]
 [111]
 [117]
 [110]
 [100]
 [ 95]
 [ 98]
 [101]
 [101]
 [112]]",53.0,"[[102]
 [101]
 [101]
 [100]
 [ 98]
 [ 97]
 [ 99]
 [107]
 [ 95]
 [ 99]
 [111]
 [114]
 [114]
 [101]
 [ 99]
 [116]]","[[110]
 [ 47]
 [ 97]]",NORMAL,340.0,350.0
sub-004,4,198,85679.78808657499,342.715152,"[[114]
 [105]
 [103]
 [104]
 [116]
 [ 95]
 [ 99]
 [108]
 [105]
 [ 99]
 [107]]",53.0,"[[105]
 [110]
 [100]
 [105]
 [ 99]
 [ 97]
 [116]
 [101]
 [ 95]
 [114]
 [101]
 [ 97]
 [100]
 [121]]","[[110]
 [ 47]
 [ 97]]",NORMAL,340.0,350.0
sub-004,4,199,85688.163053025,342.748652,"[[115]
 [104]
 [111]
 [119]
 [ 95]
 [ 99]
 [114]
 [111]
 [115]
 [115]]",53.0,"[[102]
 [105]
 [120]
 [ 97]
 [116]
 [101]]",43.0,NORMAL,340.0,350.0
sub-004,4,200,86999.95779870001,347.995831,"[[115]
 [104]
 [111]
 [119]
 [ 95]
 [108]
 [101]
 [116]
 [116]
 [101]
 [114]]",53.0,"[[116]
 [111]
 [ 95]
 [114]
 [101]
 [109]
 [101]
 [109]
 [ 98]
 [101]
 [114]]",72.0,NORMAL,340.0,350.0
sub-004,4,201,87360.15635595,349.436625,"[[115]
 [104]
 [111]
 [119]
 [ 95]
 [108]
 [101]
 [116]
 [116]
 [101]
 [114]]",53.0,"[[116]
 [111]
 [ 95]
 [114]
 [101]
 [109]
 [101]
 [109]
 [ 98]
 [101]
 [114]]",87.0,NORMAL,340.0,350.0
sub-004,4,202,87720.6049122,350.87842,"[[115]
 [104]
 [111]
 [119]
 [ 95]
 [108]
 [101]
 [116]
 [116]
 [101]
 [114]]",53.0,"[[116]
 [111]
 [ 95]
 [105]
 [103]
 [110]
 [111]
 [114]
 [101]]",90.0,NORMAL,350.0,360.0
sub-004,4,203,88081.078468325,352.320314,"[[115]
 [104]
 [111]
 [119]
 [ 95]
 [108]
 [101]
 [116]
 [116]
 [101]
 [114]]",53.0,"[[116]
 [111]
 [ 95]
 [105]
 [103]
 [110]
 [111]
 [114]
 [101]]",81.0,NORMAL,350.0,360.0
sub-004,4,204,88441.50202467499,353.762008,"[[115]
 [104]
 [111]
 [119]
 [ 95]
 [108]
 [101]
 [116]
 [116]
 [101]
 [114]]",53.0,"[[116]
 [111]
 [ 95]
 [105]
 [103]
 [110]
 [111]
 [114]
 [101]]",70.0,NORMAL,350.0,360.0
sub-004,4,205,88801.700581925,355.202802,"[[115]
 [104]
 [111]
 [119]
 [ 95]
 [108]
 [101]
 [116]
 [116]
 [101]
 [114]]",53.0,"[[116]
 [111]
 [ 95]
 [114]
 [101]
 [109]
 [101]
 [109]
 [ 98]
 [101]
 [114]]",84.0,NORMAL,350.0,360.0
sub-004,4,206,89162.124138275,356.644497,"[[115]
 [104]
 [111]
 [119]
 [ 95]
 [108]
 [101]
 [116]
 [116]
 [101]
 [114]]",53.0,"[[116]
 [111]
 [ 95]
 [114]
 [101]
 [109]
 [101]
 [109]
 [ 98]
 [101]
 [114]]",83.0,NORMAL,350.0,360.0
sub-004,4,207,89522.57269449999,358.086291,"[[115]
 [104]
 [111]
 [119]
 [ 95]
 [108]
 [101]
 [116]
 [116]
 [101]
 [114]]",53.0,"[[116]
 [111]
 [ 95]
 [114]
 [101]
 [109]
 [101]
 [109]
 [ 98]
 [101]
 [114]]",77.0,NORMAL,350.0,360.0
sub-004,4,208,89882.77125174999,359.527085,"[[115]
 [104]
 [111]
 [119]
 [ 95]
 [100]
 [ 97]
 [115]
 [104]]",53.0,"[[119]
 [111]
 [114]
 [107]
 [ 95]
 [109]
 [101]
 [109]
 [111]
 [114]
 [121]]",45.0,NORMAL,350.0,360.0
sub-004,4,209,90586.94343122501,362.343774,"[[115]
 [104]
 [111]
 [119]
 [ 95]
 [108]
 [101]
 [116]
 [116]
 [101]
 [114]]",53.0,"[[112]
 [114]
 [111]
 [ 98]
 [101]
 [ 95]
 [110]
 [111]
 [116]
 [ 95]
 [115]
 [104]
 [111]
 [119]
 [110]]",66.0,NORMAL,360.0,370.0
sub-004,4,210,90912.56712695,363.646269,"[[108]
 [101]
 [102]
 [116]
 [ 95]
 [ 99]
 [108]
 [105]
 [ 99]
 [107]]",53.0,"[[105]
 [103]
 [110]
 [111]
 [114]
 [101]
 [100]
 [ 95]
 [ 99]
 [111]
 [114]
 [114]
 [101]
 [ 99]
 [116]]","[[110]
 [ 47]
 [ 97]]",NORMAL,360.0,370.0
sub-004,4,211,91012.591726325,364.046367,"[[115]
 [111]
 [117]
 [110]
 [100]
 [ 95]
 [ 98]
 [101]
 [101]
 [112]]",53.0,"[[102]
 [101]
 [101]
 [100]
 [ 98]
 [ 97]
 [ 99]
 [107]
 [ 95]
 [ 99]
 [111]
 [114]
 [114]
 [101]
 [ 99]
 [116]]","[[110]
 [ 47]
 [ 97]]",NORMAL,360.0,370.0
sub-004,4,212,91795.68858964999,367.178754,"[[114]
 [105]
 [103]
 [104]
 [116]
 [ 95]
 [ 99]
 [108]
 [105]
 [ 99]
 [107]]",53.0,"[[105]
 [110]
 [100]
 [105]
 [ 99]
 [ 97]
 [116]
 [101]
 [ 95]
 [114]
 [101]
 [ 97]
 [100]
 [121]]","[[110]
 [ 47]
 [ 97]]",NORMAL,360.0,370.0
sub-004,4,213,91801.96356452501,367.203854,"[[115]
 [104]
 [111]
 [119]
 [ 95]
 [ 99]
 [114]
 [111]
 [115]
 [115]]",53.0,"[[102]
 [105]
 [120]
 [ 97]
 [116]
 [101]]",43.0,NORMAL,360.0,370.0
sub-004,4,214,93113.75831019999,372.451033,"[[115]
 [104]
 [111]
 [119]
 [ 95]
 [108]
 [101]
 [116]
 [116]
 [101]
 [114]]",53.0,"[[116]
 [111]
 [ 95]
 [114]
 [101]
 [109]
 [101]
 [109]
 [ 98]
 [101]
 [114]]",71.0,NORMAL,370.0,380.0
sub-004,4,215,93473.95686744999,373.891827,"[[115]
 [104]
 [111]
 [119]
 [ 95]
 [108]
 [101]
 [116]
 [116]
 [101]
 [114]]",53.0,"[[116]
 [111]
 [ 95]
 [105]
 [103]
 [110]
 [111]
 [114]
 [101]]",75.0,NORMAL,370.0,380.0
sub-004,4,216,93834.40542367501,375.333622,"[[115]
 [104]
 [111]
 [119]
 [ 95]
 [108]
 [101]
 [116]
 [116]
 [101]
 [114]]",53.0,"[[116]
 [111]
 [ 95]
 [114]
 [101]
 [109]
 [101]
 [109]
 [ 98]
 [101]
 [114]]",77.0,NORMAL,370.0,380.0
sub-004,4,217,94194.828980025,376.775316,"[[115]
 [104]
 [111]
 [119]
 [ 95]
 [108]
 [101]
 [116]
 [116]
 [101]
 [114]]",53.0,"[[116]
 [111]
 [ 95]
 [114]
 [101]
 [109]
 [101]
 [109]
 [ 98]
 [101]
 [114]]",68.0,NORMAL,370.0,380.0
sub-004,4,218,94555.302536175,378.21721,"[[115]
 [104]
 [111]
 [119]
 [ 95]
 [108]
 [101]
 [116]
 [116]
 [101]
 [114]]",53.0,"[[116]
 [111]
 [ 95]
 [105]
 [103]
 [110]
 [111]
 [114]
 [101]]",82.0,NORMAL,370.0,380.0
sub-004,4,219,94915.5010934,379.658004,"[[115]
 [104]
 [111]
 [119]
 [ 95]
 [108]
 [101]
 [116]
 [116]
 [101]
 [114]]",53.0,"[[116]
 [111]
 [ 95]
 [105]
 [103]
 [110]
 [111]
 [114]
 [101]]",67.0,NORMAL,370.0,380.0
sub-004,4,220,95275.92464975,381.099699,"[[115]
 [104]
 [111]
 [119]
 [ 95]
 [108]
 [101]
 [116]
 [116]
 [101]
 [114]]",53.0,"[[116]
 [111]
 [ 95]
 [114]
 [101]
 [109]
 [101]
 [109]
 [ 98]
 [101]
 [114]]",66.0,NORMAL,380.0,390.0
sub-004,4,221,95636.373206,382.541493,"[[115]
 [104]
 [111]
 [119]
 [ 95]
 [108]
 [101]
 [116]
 [116]
 [101]
 [114]]",53.0,"[[116]
 [111]
 [ 95]
 [114]
 [101]
 [109]
 [101]
 [109]
 [ 98]
 [101]
 [114]]",89.0,NORMAL,380.0,390.0
sub-004,4,222,95996.57176325,383.982287,"[[115]
 [104]
 [111]
 [119]
 [ 95]
 [100]
 [ 97]
 [115]
 [104]]",53.0,"[[119]
 [111]
 [114]
 [107]
 [ 95]
 [109]
 [101]
 [109]
 [111]
 [114]
 [121]]",45.0,NORMAL,380.0,390.0
sub-004,4,223,96905.9431208,387.619772,"[[115]
 [104]
 [111]
 [119]
 [ 95]
 [108]
 [101]
 [116]
 [116]
 [101]
 [114]]",53.0,"[[112]
 [114]
 [111]
 [ 98]
 [101]
 [ 95]
 [116]
 [ 97]
 [114]
 [103]
 [101]
 [116]]",89.0,NORMAL,380.0,390.0
sub-004,4,224,97173.44204935,388.689768,"[[114]
 [105]
 [103]
 [104]
 [116]
 [ 95]
 [ 99]
 [108]
 [105]
 [ 99]
 [107]]",53.0,"[[114]
 [101]
 [109]
 [101]
 [109]
 [ 98]
 [101]
 [114]
 [101]
 [100]
 [ 95]
 [ 99]
 [111]
 [114]
 [114]
 [101]
 [ 99]
 [116]]","[[110]
 [ 47]
 [ 97]]",NORMAL,380.0,390.0
sub-004,4,225,97273.4916486,389.089967,"[[115]
 [111]
 [117]
 [110]
 [100]
 [ 95]
 [ 98]
 [101]
 [101]
 [112]]",53.0,"[[102]
 [101]
 [101]
 [100]
 [ 98]
 [ 97]
 [ 99]
 [107]
 [ 95]
 [ 99]
 [111]
 [114]
 [114]
 [101]
 [ 99]
 [116]]","[[110]
 [ 47]
 [ 97]]",NORMAL,380.0,390.0
sub-004,4,226,97476.5908351,389.902363,"[[114]
 [105]
 [103]
 [104]
 [116]
 [ 95]
 [ 99]
 [108]
 [105]
 [ 99]
 [107]]",53.0,"[[105]
 [110]
 [100]
 [105]
 [ 99]
 [ 97]
 [116]
 [101]
 [ 95]
 [114]
 [101]
 [ 97]
 [100]
 [121]]","[[110]
 [ 47]
 [ 97]]",NORMAL,380.0,390.0
sub-004,4,227,97484.34080405,389.933363,"[[115]
 [104]
 [111]
 [119]
 [ 95]
 [ 99]
 [114]
 [111]
 [115]
 [115]]",51.0,"[[102]
 [105]
 [120]
 [ 97]
 [116]
 [101]]",43.0,NORMAL,380.0,390.0
sub-004,4,228,98795.885550725,395.179542,"[[115]
 [104]
 [111]
 [119]
 [ 95]
 [108]
 [101]
 [116]
 [116]
 [101]
 [114]]",51.0,"[[116]
 [111]
 [ 95]
 [105]
 [103]
 [110]
 [111]
 [114]
 [101]]",70.0,NORMAL,390.0,400.0
sub-004,4,229,99156.334106975,396.621336,"[[115]
 [104]
 [111]
 [119]
 [ 95]
 [108]
 [101]
 [116]
 [116]
 [101]
 [114]]",51.0,"[[116]
 [111]
 [ 95]
 [114]
 [101]
 [109]
 [101]
 [109]
 [ 98]
 [101]
 [114]]",83.0,NORMAL,390.0,400.0
sub-004,4,230,99516.532664225,398.062131,"[[115]
 [104]
 [111]
 [119]
 [ 95]
 [108]
 [101]
 [116]
 [116]
 [101]
 [114]]",51.0,"[[116]
 [111]
 [ 95]
 [105]
 [103]
 [110]
 [111]
 [114]
 [101]]",77.0,NORMAL,390.0,400.0
sub-004,4,231,99876.98122045,399.503925,"[[115]
 [104]
 [111]
 [119]
 [ 95]
 [108]
 [101]
 [116]
 [116]
 [101]
 [114]]",51.0,"[[116]
 [111]
 [ 95]
 [105]
 [103]
 [110]
 [111]
 [114]
 [101]]",68.0,NORMAL,390.0,400.0
sub-004,4,232,100237.42977670001,400.945719,"[[115]
 [104]
 [111]
 [119]
 [ 95]
 [108]
 [101]
 [116]
 [116]
 [101]
 [114]]",51.0,"[[116]
 [111]
 [ 95]
 [114]
 [101]
 [109]
 [101]
 [109]
 [ 98]
 [101]
 [114]]",89.0,NORMAL,400.0,410.0
sub-004,4,233,100597.85333305,402.387413,"[[115]
 [104]
 [111]
 [119]
 [ 95]
 [108]
 [101]
 [116]
 [116]
 [101]
 [114]]",51.0,"[[116]
 [111]
 [ 95]
 [114]
 [101]
 [109]
 [101]
 [109]
 [ 98]
 [101]
 [114]]",78.0,NORMAL,400.0,410.0
sub-004,4,234,100958.05189027499,403.828208,"[[115]
 [104]
 [111]
 [119]
 [ 95]
 [108]
 [101]
 [116]
 [116]
 [101]
 [114]]",51.0,"[[116]
 [111]
 [ 95]
 [105]
 [103]
 [110]
 [111]
 [114]
 [101]]",81.0,NORMAL,400.0,410.0
sub-004,4,235,101318.50044652501,405.270002,"[[115]
 [104]
 [111]
 [119]
 [ 95]
 [108]
 [101]
 [116]
 [116]
 [101]
 [114]]",51.0,"[[116]
 [111]
 [ 95]
 [105]
 [103]
 [110]
 [111]
 [114]
 [101]]",75.0,NORMAL,400.0,410.0
sub-004,4,236,101678.949002775,406.711796,"[[115]
 [104]
 [111]
 [119]
 [ 95]
 [100]
 [ 97]
 [115]
 [104]]",51.0,"[[119]
 [111]
 [114]
 [107]
 [ 95]
 [109]
 [101]
 [109]
 [111]
 [114]
 [121]]",45.0,NORMAL,400.0,410.0
sub-004,4,237,102424.821015225,409.695284,"[[115]
 [104]
 [111]
 [119]
 [ 95]
 [108]
 [101]
 [116]
 [116]
 [101]
 [114]]",51.0,"[[112]
 [114]
 [111]
 [ 98]
 [101]
 [ 95]
 [110]
 [111]
 [116]
 [ 95]
 [115]
 [104]
 [111]
 [119]
 [110]]",82.0,NORMAL,400.0,410.0
sub-004,4,238,102715.94484915001,410.859779,"[[108]
 [101]
 [102]
 [116]
 [ 95]
 [ 99]
 [108]
 [105]
 [ 99]
 [107]]",51.0,"[[105]
 [103]
 [110]
 [111]
 [114]
 [101]
 [100]
 [ 95]
 [ 99]
 [111]
 [114]
 [114]
 [101]
 [ 99]
 [116]]","[[110]
 [ 47]
 [ 97]]",NORMAL,410.0,420.0
sub-004,4,239,102815.96944849999,411.259878,"[[115]
 [111]
 [117]
 [110]
 [100]
 [ 95]
 [ 98]
 [101]
 [101]
 [112]]",51.0,"[[102]
 [101]
 [101]
 [100]
 [ 98]
 [ 97]
 [ 99]
 [107]
 [ 95]
 [ 99]
 [111]
 [114]
 [114]
 [101]
 [ 99]
 [116]]","[[110]
 [ 47]
 [ 97]]",NORMAL,410.0,420.0
sub-004,4,240,103052.043502925,412.204174,"[[114]
 [105]
 [103]
 [104]
 [116]
 [ 95]
 [ 99]
 [108]
 [105]
 [ 99]
 [107]]",51.0,"[[105]
 [110]
 [100]
 [105]
 [ 99]
 [ 97]
 [116]
 [101]
 [ 95]
 [114]
 [101]
 [ 97]
 [100]
 [121]]","[[110]
 [ 47]
 [ 97]]",NORMAL,410.0,420.0
sub-004,4,241,103057.493481075,412.225974,"[[115]
 [104]
 [111]
 [119]
 [ 95]
 [ 99]
 [114]
 [111]
 [115]
 [115]]",55.0,"[[102]
 [105]
 [120]
 [ 97]
 [116]
 [101]]",43.0,NORMAL,410.0,420.0
sub-004,4,242,104369.03822775,417.472153,"[[115]
 [104]
 [111]
 [119]
 [ 95]
 [108]
 [101]
 [116]
 [116]
 [101]
 [114]]",55.0,"[[116]
 [111]
 [ 95]
 [114]
 [101]
 [109]
 [101]
 [109]
 [ 98]
 [101]
 [114]]",76.0,NORMAL,410.0,420.0
sub-004,4,243,104729.4617841,418.913847,"[[115]
 [104]
 [111]
 [119]
 [ 95]
 [108]
 [101]
 [116]
 [116]
 [101]
 [114]]",55.0,"[[116]
 [111]
 [ 95]
 [114]
 [101]
 [109]
 [101]
 [109]
 [ 98]
 [101]
 [114]]",67.0,NORMAL,410.0,420.0
sub-004,4,244,105089.93534025,420.355741,"[[115]
 [104]
 [111]
 [119]
 [ 95]
 [108]
 [101]
 [116]
 [116]
 [101]
 [114]]",55.0,"[[116]
 [111]
 [ 95]
 [105]
 [103]
 [110]
 [111]
 [114]
 [101]]",90.0,NORMAL,420.0,430.0
sub-004,4,245,105450.35889657501,421.797436,"[[115]
 [104]
 [111]
 [119]
 [ 95]
 [108]
 [101]
 [116]
 [116]
 [101]
 [114]]",55.0,"[[116]
 [111]
 [ 95]
 [114]
 [101]
 [109]
 [101]
 [109]
 [ 98]
 [101]
 [114]]",77.0,NORMAL,420.0,430.0
sub-004,4,246,105810.557453825,423.23823,"[[115]
 [104]
 [111]
 [119]
 [ 95]
 [108]
 [101]
 [116]
 [116]
 [101]
 [114]]",55.0,"[[116]
 [111]
 [ 95]
 [114]
 [101]
 [109]
 [101]
 [109]
 [ 98]
 [101]
 [114]]",84.0,NORMAL,420.0,430.0
sub-004,4,247,106171.006010075,424.680024,"[[115]
 [104]
 [111]
 [119]
 [ 95]
 [108]
 [101]
 [116]
 [116]
 [101]
 [114]]",55.0,"[[116]
 [111]
 [ 95]
 [114]
 [101]
 [109]
 [101]
 [109]
 [ 98]
 [101]
 [114]]",66.0,NORMAL,420.0,430.0
sub-004,4,248,106531.42956640001,426.121718,"[[115]
 [104]
 [111]
 [119]
 [ 95]
 [108]
 [101]
 [116]
 [116]
 [101]
 [114]]",55.0,"[[116]
 [111]
 [ 95]
 [114]
 [101]
 [109]
 [101]
 [109]
 [ 98]
 [101]
 [114]]",71.0,NORMAL,420.0,430.0
sub-004,4,249,106891.62812365,427.562512,"[[115]
 [104]
 [111]
 [119]
 [ 95]
 [108]
 [101]
 [116]
 [116]
 [101]
 [114]]",55.0,"[[116]
 [111]
 [ 95]
 [114]
 [101]
 [109]
 [101]
 [109]
 [ 98]
 [101]
 [114]]",75.0,NORMAL,420.0,430.0
sub-004,4,250,107252.0766799,429.004307,"[[115]
 [104]
 [111]
 [119]
 [ 95]
 [100]
 [ 97]
 [115]
 [104]]",55.0,"[[119]
 [111]
 [114]
 [107]
 [ 95]
 [109]
 [101]
 [109]
 [111]
 [114]
 [121]]",45.0,NORMAL,420.0,430.0
sub-004,4,251,108081.94835590001,432.323793,"[[115]
 [104]
 [111]
 [119]
 [ 95]
 [108]
 [101]
 [116]
 [116]
 [101]
 [114]]",55.0,"[[112]
 [114]
 [111]
 [ 98]
 [101]
 [ 95]
 [110]
 [111]
 [116]
 [ 95]
 [115]
 [104]
 [111]
 [119]
 [110]]",68.0,NORMAL,430.0,440.0
sub-004,4,252,108607.696250025,434.426785,"[[108]
 [101]
 [102]
 [116]
 [ 95]
 [ 99]
 [108]
 [105]
 [ 99]
 [107]]",55.0,"[[105]
 [103]
 [110]
 [111]
 [114]
 [101]
 [100]
 [ 95]
 [ 99]
 [111]
 [114]
 [114]
 [101]
 [ 99]
 [116]]","[[110]
 [ 47]
 [ 97]]",NORMAL,430.0,440.0
sub-004,4,253,108707.7208494,434.826883,"[[115]
 [111]
 [117]
 [110]
 [100]
 [ 95]
 [ 98]
 [101]
 [101]
 [112]]",55.0,"[[102]
 [101]
 [101]
 [100]
 [ 98]
 [ 97]
 [ 99]
 [107]
 [ 95]
 [ 99]
 [111]
 [114]
 [114]
 [101]
 [ 99]
 [116]]","[[110]
 [ 47]
 [ 97]]",NORMAL,430.0,440.0
sub-004,4,254,109062.444428575,436.245778,"[[114]
 [105]
 [103]
 [104]
 [116]
 [ 95]
 [ 99]
 [108]
 [105]
 [ 99]
 [107]]",55.0,"[[105]
 [110]
 [100]
 [105]
 [ 99]
 [ 97]
 [116]
 [101]
 [ 95]
 [114]
 [101]
 [ 97]
 [100]
 [121]]","[[110]
 [ 47]
 [ 97]]",NORMAL,430.0,440.0
sub-004,4,255,109070.819395025,436.279278,"[[115]
 [104]
 [111]
 [119]
 [ 95]
 [ 99]
 [114]
 [111]
 [115]
 [115]]",51.0,"[[102]
 [105]
 [120]
 [ 97]
 [116]
 [101]]",43.0,NORMAL,430.0,440.0
sub-004,4,256,110382.3391418,441.525357,"[[115]
 [104]
 [111]
 [119]
 [ 95]
 [108]
 [101]
 [116]
 [116]
 [101]
 [114]]",51.0,"[[116]
 [111]
 [ 95]
 [105]
 [103]
 [110]
 [111]
 [114]
 [101]]",89.0,NORMAL,440.0,450.0
sub-004,4,257,110742.787698025,442.967151,"[[115]
 [104]
 [111]
 [119]
 [ 95]
 [108]
 [101]
 [116]
 [116]
 [101]
 [114]]",51.0,"[[116]
 [111]
 [ 95]
 [114]
 [101]
 [109]
 [101]
 [109]
 [ 98]
 [101]
 [114]]",84.0,NORMAL,440.0,450.0
sub-004,4,258,111102.986255275,444.407945,"[[115]
 [104]
 [111]
 [119]
 [ 95]
 [108]
 [101]
 [116]
 [116]
 [101]
 [114]]",51.0,"[[116]
 [111]
 [ 95]
 [105]
 [103]
 [110]
 [111]
 [114]
 [101]]",87.0,NORMAL,440.0,450.0
sub-004,4,259,111463.434811525,445.849739,"[[115]
 [104]
 [111]
 [119]
 [ 95]
 [108]
 [101]
 [116]
 [116]
 [101]
 [114]]",51.0,"[[116]
 [111]
 [ 95]
 [105]
 [103]
 [110]
 [111]
 [114]
 [101]]",78.0,NORMAL,440.0,450.0
sub-004,4,260,111823.88336777501,447.291533,"[[115]
 [104]
 [111]
 [119]
 [ 95]
 [108]
 [101]
 [116]
 [116]
 [101]
 [114]]",51.0,"[[116]
 [111]
 [ 95]
 [105]
 [103]
 [110]
 [111]
 [114]
 [101]]",74.0,NORMAL,440.0,450.0
sub-004,4,261,112184.30692409999,448.733228,"[[115]
 [104]
 [111]
 [119]
 [ 95]
 [108]
 [101]
 [116]
 [116]
 [101]
 [114]]",51.0,"[[116]
 [111]
 [ 95]
 [114]
 [101]
 [109]
 [101]
 [109]
 [ 98]
 [101]
 [114]]",86.0,NORMAL,440.0,450.0
sub-004,4,262,112544.50548135,450.174022,"[[115]
 [104]
 [111]
 [119]
 [ 95]
 [108]
 [101]
 [116]
 [116]
 [101]
 [114]]",51.0,"[[116]
 [111]
 [ 95]
 [114]
 [101]
 [109]
 [101]
 [109]
 [ 98]
 [101]
 [114]]",90.0,NORMAL,450.0,460.0
sub-004,4,263,112904.95403760001,451.615816,"[[115]
 [104]
 [111]
 [119]
 [ 95]
 [108]
 [101]
 [116]
 [116]
 [101]
 [114]]",51.0,"[[116]
 [111]
 [ 95]
 [105]
 [103]
 [110]
 [111]
 [114]
 [101]]",67.0,NORMAL,450.0,460.0
sub-004,4,264,113265.402593825,453.05761,"[[115]
 [104]
 [111]
 [119]
 [ 95]
 [100]
 [ 97]
 [115]
 [104]]",51.0,"[[119]
 [111]
 [114]
 [107]
 [ 95]
 [109]
 [101]
 [109]
 [111]
 [114]
 [121]]",45.0,NORMAL,450.0,460.0
sub-004,4,265,114262.748599025,457.046994,"[[115]
 [104]
 [111]
 [119]
 [ 95]
 [108]
 [101]
 [116]
 [116]
 [101]
 [114]]",51.0,"[[112]
 [114]
 [111]
 [ 98]
 [101]
 [ 95]
 [110]
 [111]
 [116]
 [ 95]
 [115]
 [104]
 [111]
 [119]
 [110]]",66.0,NORMAL,450.0,460.0
sub-004,4,266,114499.447650925,457.993791,"[[108]
 [101]
 [102]
 [116]
 [ 95]
 [ 99]
 [108]
 [105]
 [ 99]
 [107]]",51.0,"[[105]
 [103]
 [110]
 [111]
 [114]
 [101]
 [100]
 [ 95]
 [ 99]
 [111]
 [114]
 [114]
 [101]
 [ 99]
 [116]]","[[110]
 [ 47]
 [ 97]]",NORMAL,450.0,460.0
sub-004,4,267,114599.472250275,458.393889,"[[115]
 [111]
 [117]
 [110]
 [100]
 [ 95]
 [ 98]
 [101]
 [101]
 [112]]",51.0,"[[102]
 [101]
 [101]
 [100]
 [ 98]
 [ 97]
 [ 99]
 [107]
 [ 95]
 [ 99]
 [111]
 [114]
 [114]
 [101]
 [ 99]
 [116]]","[[110]
 [ 47]
 [ 97]]",NORMAL,450.0,460.0
sub-004,4,268,115560.493400975,462.237974,"[[114]
 [105]
 [103]
 [104]
 [116]
 [ 95]
 [ 99]
 [108]
 [105]
 [ 99]
 [107]]",51.0,"[[105]
 [110]
 [100]
 [105]
 [ 99]
 [ 97]
 [116]
 [101]
 [ 95]
 [114]
 [101]
 [ 97]
 [100]
 [121]]","[[110]
 [ 47]
 [ 97]]",NORMAL,460.0,470.0
sub-004,4,269,115565.793379725,462.259174,"[[115]
 [104]
 [111]
 [119]
 [ 95]
 [ 99]
 [114]
 [111]
 [115]
 [115]]",55.0,"[[102]
 [105]
 [120]
 [ 97]
 [116]
 [101]]",43.0,NORMAL,460.0,470.0
sub-004,4,270,116877.5881254,467.506353,"[[115]
 [104]
 [111]
 [119]
 [ 95]
 [108]
 [101]
 [116]
 [116]
 [101]
 [114]]",55.0,"[[116]
 [111]
 [ 95]
 [114]
 [101]
 [109]
 [101]
 [109]
 [ 98]
 [101]
 [114]]",90.0,NORMAL,460.0,470.0
sub-004,4,271,117237.78668265001,468.947147,"[[115]
 [104]
 [111]
 [119]
 [ 95]
 [108]
 [101]
 [116]
 [116]
 [101]
 [114]]",55.0,"[[116]
 [111]
 [ 95]
 [114]
 [101]
 [109]
 [101]
 [109]
 [ 98]
 [101]
 [114]]",78.0,NORMAL,460.0,470.0
sub-004,4,272,117598.2352389,470.388941,"[[115]
 [104]
 [111]
 [119]
 [ 95]
 [108]
 [101]
 [116]
 [116]
 [101]
 [114]]",55.0,"[[116]
 [111]
 [ 95]
 [114]
 [101]
 [109]
 [101]
 [109]
 [ 98]
 [101]
 [114]]",75.0,NORMAL,470.0,480.0
sub-004,4,273,117958.683795125,471.830735,"[[115]
 [104]
 [111]
 [119]
 [ 95]
 [108]
 [101]
 [116]
 [116]
 [101]
 [114]]",55.0,"[[116]
 [111]
 [ 95]
 [114]
 [101]
 [109]
 [101]
 [109]
 [ 98]
 [101]
 [114]]",71.0,NORMAL,470.0,480.0
sub-004,4,274,118318.88235237499,473.271529,"[[115]
 [104]
 [111]
 [119]
 [ 95]
 [108]
 [101]
 [116]
 [116]
 [101]
 [114]]",55.0,"[[116]
 [111]
 [ 95]
 [114]
 [101]
 [109]
 [101]
 [109]
 [ 98]
 [101]
 [114]]",66.0,NORMAL,470.0,480.0
sub-004,4,275,118679.305908725,474.713224,"[[115]
 [104]
 [111]
 [119]
 [ 95]
 [108]
 [101]
 [116]
 [116]
 [101]
 [114]]",55.0,"[[116]
 [111]
 [ 95]
 [114]
 [101]
 [109]
 [101]
 [109]
 [ 98]
 [101]
 [114]]",77.0,NORMAL,470.0,480.0
sub-004,4,276,119039.754464975,476.155018,"[[115]
 [104]
 [111]
 [119]
 [ 95]
 [108]
 [101]
 [116]
 [116]
 [101]
 [114]]",55.0,"[[116]
 [111]
 [ 95]
 [114]
 [101]
 [109]
 [101]
 [109]
 [ 98]
 [101]
 [114]]",89.0,NORMAL,470.0,480.0
sub-004,4,277,119400.2030212,477.596812,"[[115]
 [104]
 [111]
 [119]
 [ 95]
 [108]
 [101]
 [116]
 [116]
 [101]
 [114]]",55.0,"[[116]
 [111]
 [ 95]
 [105]
 [103]
 [110]
 [111]
 [114]
 [101]]",82.0,NORMAL,470.0,480.0
sub-004,4,278,119760.40157845,479.037606,"[[115]
 [104]
 [111]
 [119]
 [ 95]
 [100]
 [ 97]
 [115]
 [104]]",55.0,"[[119]
 [111]
 [114]
 [107]
 [ 95]
 [109]
 [101]
 [109]
 [111]
 [114]
 [121]]",45.0,NORMAL,470.0,480.0
sub-004,4,279,120581.7732885,482.323093,"[[115]
 [104]
 [111]
 [119]
 [ 95]
 [108]
 [101]
 [116]
 [116]
 [101]
 [114]]",55.0,"[[112]
 [114]
 [111]
 [ 98]
 [101]
 [ 95]
 [116]
 [ 97]
 [114]
 [103]
 [101]
 [116]]",75.0,NORMAL,480.0,490.0
sub-004,4,280,120938.17186095001,483.748687,"[[114]
 [105]
 [103]
 [104]
 [116]
 [ 95]
 [ 99]
 [108]
 [105]
 [ 99]
 [107]]",55.0,"[[114]
 [101]
 [109]
 [101]
 [109]
 [ 98]
 [101]
 [114]
 [101]
 [100]
 [ 95]
 [ 99]
 [111]
 [114]
 [114]
 [101]
 [ 99]
 [116]]","[[110]
 [ 47]
 [ 97]]",NORMAL,480.0,490.0
sub-004,4,281,121038.1964603,484.148786,"[[115]
 [111]
 [117]
 [110]
 [100]
 [ 95]
 [ 98]
 [101]
 [101]
 [112]]",55.0,"[[102]
 [101]
 [101]
 [100]
 [ 98]
 [ 97]
 [ 99]
 [107]
 [ 95]
 [ 99]
 [111]
 [114]
 [114]
 [101]
 [ 99]
 [116]]","[[110]
 [ 47]
 [ 97]]",NORMAL,480.0,490.0
sub-004,4,282,121353.3701979,485.409481,"[[114]
 [105]
 [103]
 [104]
 [116]
 [ 95]
 [ 99]
 [108]
 [105]
 [ 99]
 [107]]",55.0,"[[105]
 [110]
 [100]
 [105]
 [ 99]
 [ 97]
 [116]
 [101]
 [ 95]
 [114]
 [101]
 [ 97]
 [100]
 [121]]","[[110]
 [ 47]
 [ 97]]",NORMAL,480.0,490.0
sub-004,4,283,121361.14516675001,485.440581,"[[115]
 [104]
 [111]
 [119]
 [ 95]
 [ 99]
 [114]
 [111]
 [115]
 [115]]",51.0,"[[102]
 [105]
 [120]
 [ 97]
 [116]
 [101]]",43.0,NORMAL,480.0,490.0
sub-004,4,284,122672.689913425,490.68676,"[[115]
 [104]
 [111]
 [119]
 [ 95]
 [108]
 [101]
 [116]
 [116]
 [101]
 [114]]",51.0,"[[116]
 [111]
 [ 95]
 [105]
 [103]
 [110]
 [111]
 [114]
 [101]]",68.0,NORMAL,490.0,500.0
sub-004,4,285,123033.138469675,492.128554,"[[115]
 [104]
 [111]
 [119]
 [ 95]
 [108]
 [101]
 [116]
 [116]
 [101]
 [114]]",51.0,"[[116]
 [111]
 [ 95]
 [105]
 [103]
 [110]
 [111]
 [114]
 [101]]",78.0,NORMAL,490.0,500.0
sub-004,4,286,123393.587025925,493.570348,"[[115]
 [104]
 [111]
 [119]
 [ 95]
 [108]
 [101]
 [116]
 [116]
 [101]
 [114]]",51.0,"[[116]
 [111]
 [ 95]
 [105]
 [103]
 [110]
 [111]
 [114]
 [101]]",75.0,NORMAL,490.0,500.0
sub-004,4,287,123754.03558215001,495.012142,"[[115]
 [104]
 [111]
 [119]
 [ 95]
 [108]
 [101]
 [116]
 [116]
 [101]
 [114]]",51.0,"[[116]
 [111]
 [ 95]
 [114]
 [101]
 [109]
 [101]
 [109]
 [ 98]
 [101]
 [114]]",72.0,NORMAL,490.0,500.0
sub-004,4,288,124114.23413940001,496.452937,"[[115]
 [104]
 [111]
 [119]
 [ 95]
 [108]
 [101]
 [116]
 [116]
 [101]
 [114]]",51.0,"[[116]
 [111]
 [ 95]
 [105]
 [103]
 [110]
 [111]
 [114]
 [101]]",74.0,NORMAL,490.0,500.0
sub-004,4,289,124474.65769575001,497.894631,"[[115]
 [104]
 [111]
 [119]
 [ 95]
 [108]
 [101]
 [116]
 [116]
 [101]
 [114]]",51.0,"[[116]
 [111]
 [ 95]
 [114]
 [101]
 [109]
 [101]
 [109]
 [ 98]
 [101]
 [114]]",67.0,NORMAL,490.0,500.0
sub-004,4,290,124835.13125187499,499.336525,"[[115]
 [104]
 [111]
 [119]
 [ 95]
 [108]
 [101]
 [116]
 [116]
 [101]
 [114]]",51.0,"[[116]
 [111]
 [ 95]
 [105]
 [103]
 [110]
 [111]
 [114]
 [101]]",66.0,NORMAL,490.0,500.0
sub-004,4,291,125195.554808225,500.778219,"[[115]
 [104]
 [111]
 [119]
 [ 95]
 [108]
 [101]
 [116]
 [116]
 [101]
 [114]]",51.0,"[[116]
 [111]
 [ 95]
 [114]
 [101]
 [109]
 [101]
 [109]
 [ 98]
 [101]
 [114]]",77.0,NORMAL,500.0,510.0
sub-004,4,292,125555.753365475,502.219013,"[[115]
 [104]
 [111]
 [119]
 [ 95]
 [100]
 [ 97]
 [115]
 [104]]",51.0,"[[119]
 [111]
 [114]
 [107]
 [ 95]
 [109]
 [101]
 [109]
 [111]
 [114]
 [121]]",45.0,NORMAL,500.0,510.0
sub-004,4,293,126364.625125575,505.454501,"[[115]
 [104]
 [111]
 [119]
 [ 95]
 [108]
 [101]
 [116]
 [116]
 [101]
 [114]]",51.0,"[[112]
 [114]
 [111]
 [ 98]
 [101]
 [ 95]
 [110]
 [111]
 [116]
 [ 95]
 [115]
 [104]
 [111]
 [119]
 [110]]",83.0,NORMAL,500.0,510.0
sub-004,4,294,126645.37400104999,506.577496,"[[108]
 [101]
 [102]
 [116]
 [ 95]
 [ 99]
 [108]
 [105]
 [ 99]
 [107]]",51.0,"[[105]
 [103]
 [110]
 [111]
 [114]
 [101]
 [100]
 [ 95]
 [ 99]
 [111]
 [114]
 [114]
 [101]
 [ 99]
 [116]]","[[110]
 [ 47]
 [ 97]]",NORMAL,500.0,510.0
sub-004,4,295,126745.3986004,506.977594,"[[115]
 [111]
 [117]
 [110]
 [100]
 [ 95]
 [ 98]
 [101]
 [101]
 [112]]",51.0,"[[102]
 [101]
 [101]
 [100]
 [ 98]
 [ 97]
 [ 99]
 [107]
 [ 95]
 [ 99]
 [111]
 [114]
 [114]
 [101]
 [ 99]
 [116]]","[[110]
 [ 47]
 [ 97]]",NORMAL,500.0,510.0
sub-004,4,296,127047.37239087501,508.18549,"[[114]
 [105]
 [103]
 [104]
 [116]
 [ 95]
 [ 99]
 [108]
 [105]
 [ 99]
 [107]]",51.0,"[[105]
 [110]
 [100]
 [105]
 [ 99]
 [ 97]
 [116]
 [101]
 [ 95]
 [114]
 [101]
 [ 97]
 [100]
 [121]]","[[110]
 [ 47]
 [ 97]]",NORMAL,500.0,510.0
sub-004,4,297,127056.047356125,508.220189,"[[115]
 [104]
 [111]
 [119]
 [ 95]
 [ 99]
 [114]
 [111]
 [115]
 [115]]",51.0,"[[102]
 [105]
 [120]
 [ 97]
 [116]
 [101]]",43.0,NORMAL,500.0,510.0
sub-004,4,298,128367.56710290001,513.466268,"[[115]
 [104]
 [111]
 [119]
 [ 95]
 [108]
 [101]
 [116]
 [116]
 [101]
 [114]]",51.0,"[[116]
 [111]
 [ 95]
 [105]
 [103]
 [110]
 [111]
 [114]
 [101]]",83.0,NORMAL,510.0,520.0
sub-004,4,299,128728.01565912498,514.908063,"[[115]
 [104]
 [111]
 [119]
 [ 95]
 [108]
 [101]
 [116]
 [116]
 [101]
 [114]]",51.0,"[[116]
 [111]
 [ 95]
 [114]
 [101]
 [109]
 [101]
 [109]
 [ 98]
 [101]
 [114]]",71.0,NORMAL,510.0,520.0
sub-004,4,300,129088.189216475,516.348757,"[[115]
 [104]
 [111]
 [119]
 [ 95]
 [108]
 [101]
 [116]
 [116]
 [101]
 [114]]",51.0,"[[116]
 [111]
 [ 95]
 [105]
 [103]
 [110]
 [111]
 [114]
 [101]]",78.0,NORMAL,510.0,520.0
sub-004,4,301,129448.637772725,517.790551,"[[115]
 [104]
 [111]
 [119]
 [ 95]
 [108]
 [101]
 [116]
 [116]
 [101]
 [114]]",51.0,"[[116]
 [111]
 [ 95]
 [105]
 [103]
 [110]
 [111]
 [114]
 [101]]",66.0,NORMAL,510.0,520.0
sub-004,4,302,129809.08632897501,519.232345,"[[115]
 [104]
 [111]
 [119]
 [ 95]
 [108]
 [101]
 [116]
 [116]
 [101]
 [114]]",51.0,"[[116]
 [111]
 [ 95]
 [114]
 [101]
 [109]
 [101]
 [109]
 [ 98]
 [101]
 [114]]",76.0,NORMAL,510.0,520.0
sub-004,4,303,130169.53488519999,520.67414,"[[115]
 [104]
 [111]
 [119]
 [ 95]
 [108]
 [101]
 [116]
 [116]
 [101]
 [114]]",51.0,"[[116]
 [111]
 [ 95]
 [105]
 [103]
 [110]
 [111]
 [114]
 [101]]",81.0,NORMAL,520.0,530.0
sub-004,4,304,130529.73344245,522.114934,"[[115]
 [104]
 [111]
 [119]
 [ 95]
 [108]
 [101]
 [116]
 [116]
 [101]
 [114]]",51.0,"[[116]
 [111]
 [ 95]
 [105]
 [103]
 [110]
 [111]
 [114]
 [101]]",90.0,NORMAL,520.0,530.0
sub-004,4,305,130890.18199869999,523.556728,"[[115]
 [104]
 [111]
 [119]
 [ 95]
 [108]
 [101]
 [116]
 [116]
 [101]
 [114]]",51.0,"[[116]
 [111]
 [ 95]
 [114]
 [101]
 [109]
 [101]
 [109]
 [ 98]
 [101]
 [114]]",80.0,NORMAL,520.0,530.0
sub-004,4,306,131250.630554925,524.998522,"[[115]
 [104]
 [111]
 [119]
 [ 95]
 [100]
 [ 97]
 [115]
 [104]]",51.0,"[[119]
 [111]
 [114]
 [107]
 [ 95]
 [109]
 [101]
 [109]
 [111]
 [114]
 [121]]",45.0,NORMAL,520.0,530.0
sub-004,4,307,132105.4771309,528.417909,"[[115]
 [104]
 [111]
 [119]
 [ 95]
 [108]
 [101]
 [116]
 [116]
 [101]
 [114]]",51.0,"[[112]
 [114]
 [111]
 [ 98]
 [101]
 [ 95]
 [110]
 [111]
 [116]
 [ 95]
 [115]
 [104]
 [111]
 [119]
 [110]]",88.0,NORMAL,520.0,530.0
sub-004,4,308,132510.8005074,530.039202,"[[108]
 [101]
 [102]
 [116]
 [ 95]
 [ 99]
 [108]
 [105]
 [ 99]
 [107]]",51.0,"[[105]
 [103]
 [110]
 [111]
 [114]
 [101]
 [100]
 [ 95]
 [ 99]
 [111]
 [114]
 [114]
 [101]
 [ 99]
 [116]]","[[110]
 [ 47]
 [ 97]]",NORMAL,530.0,540.0
sub-004,4,309,132610.82510675,530.4393,"[[115]
 [111]
 [117]
 [110]
 [100]
 [ 95]
 [ 98]
 [101]
 [101]
 [112]]",51.0,"[[102]
 [101]
 [101]
 [100]
 [ 98]
 [ 97]
 [ 99]
 [107]
 [ 95]
 [ 99]
 [111]
 [114]
 [114]
 [101]
 [ 99]
 [116]]","[[110]
 [ 47]
 [ 97]]",NORMAL,530.0,540.0
sub-004,4,310,133011.673501175,532.042694,"[[114]
 [105]
 [103]
 [104]
 [116]
 [ 95]
 [ 99]
 [108]
 [105]
 [ 99]
 [107]]",51.0,"[[105]
 [110]
 [100]
 [105]
 [ 99]
 [ 97]
 [116]
 [101]
 [ 95]
 [114]
 [101]
 [ 97]
 [100]
 [121]]","[[110]
 [ 47]
 [ 97]]",NORMAL,530.0,540.0
sub-004,4,311,133018.848472425,532.071394,"[[115]
 [104]
 [111]
 [119]
 [ 95]
 [ 99]
 [114]
 [111]
 [115]
 [115]]",53.0,"[[102]
 [105]
 [120]
 [ 97]
 [116]
 [101]]",43.0,NORMAL,530.0,540.0
sub-004,4,312,134330.64321809998,537.318573,"[[115]
 [104]
 [111]
 [119]
 [ 95]
 [108]
 [101]
 [116]
 [116]
 [101]
 [114]]",53.0,"[[116]
 [111]
 [ 95]
 [105]
 [103]
 [110]
 [111]
 [114]
 [101]]",81.0,NORMAL,530.0,540.0
sub-004,4,313,134690.84177535,538.759367,"[[115]
 [104]
 [111]
 [119]
 [ 95]
 [108]
 [101]
 [116]
 [116]
 [101]
 [114]]",53.0,"[[116]
 [111]
 [ 95]
 [105]
 [103]
 [110]
 [111]
 [114]
 [101]]",87.0,NORMAL,530.0,540.0
sub-004,4,314,135051.26533169998,540.201061,"[[115]
 [104]
 [111]
 [119]
 [ 95]
 [108]
 [101]
 [116]
 [116]
 [101]
 [114]]",53.0,"[[116]
 [111]
 [ 95]
 [114]
 [101]
 [109]
 [101]
 [109]
 [ 98]
 [101]
 [114]]",67.0,NORMAL,540.0,550.0
sub-004,4,315,135411.713887925,541.642856,"[[115]
 [104]
 [111]
 [119]
 [ 95]
 [108]
 [101]
 [116]
 [116]
 [101]
 [114]]",53.0,"[[116]
 [111]
 [ 95]
 [114]
 [101]
 [109]
 [101]
 [109]
 [ 98]
 [101]
 [114]]",75.0,NORMAL,540.0,550.0
sub-004,4,316,135771.912445175,543.08365,"[[115]
 [104]
 [111]
 [119]
 [ 95]
 [108]
 [101]
 [116]
 [116]
 [101]
 [114]]",53.0,"[[116]
 [111]
 [ 95]
 [114]
 [101]
 [109]
 [101]
 [109]
 [ 98]
 [101]
 [114]]",74.0,NORMAL,540.0,550.0
sub-004,4,317,136132.36100142502,544.525444,"[[115]
 [104]
 [111]
 [119]
 [ 95]
 [108]
 [101]
 [116]
 [116]
 [101]
 [114]]",53.0,"[[116]
 [111]
 [ 95]
 [105]
 [103]
 [110]
 [111]
 [114]
 [101]]",80.0,NORMAL,540.0,550.0
sub-004,4,318,136492.80955764998,545.967238,"[[115]
 [104]
 [111]
 [119]
 [ 95]
 [108]
 [101]
 [116]
 [116]
 [101]
 [114]]",53.0,"[[116]
 [111]
 [ 95]
 [114]
 [101]
 [109]
 [101]
 [109]
 [ 98]
 [101]
 [114]]",86.0,NORMAL,540.0,550.0
sub-004,4,319,136853.233114,547.408932,"[[115]
 [104]
 [111]
 [119]
 [ 95]
 [108]
 [101]
 [116]
 [116]
 [101]
 [114]]",53.0,"[[116]
 [111]
 [ 95]
 [114]
 [101]
 [109]
 [101]
 [109]
 [ 98]
 [101]
 [114]]",77.0,NORMAL,540.0,550.0
sub-004,4,320,137213.43167125,548.849727,"[[115]
 [104]
 [111]
 [119]
 [ 95]
 [100]
 [ 97]
 [115]
 [104]]",53.0,"[[119]
 [111]
 [114]
 [107]
 [ 95]
 [109]
 [101]
 [109]
 [111]
 [114]
 [121]]",45.0,NORMAL,540.0,550.0
sub-004,4,321,137976.07861650002,551.900314,"[[115]
 [104]
 [111]
 [119]
 [ 95]
 [108]
 [101]
 [116]
 [116]
 [101]
 [114]]",53.0,"[[112]
 [114]
 [111]
 [ 98]
 [101]
 [ 95]
 [116]
 [ 97]
 [114]
 [103]
 [101]
 [116]]",77.0,NORMAL,550.0,560.0
sub-004,4,322,138297.22733015,553.184909,"[[114]
 [105]
 [103]
 [104]
 [116]
 [ 95]
 [ 99]
 [108]
 [105]
 [ 99]
 [107]]",53.0,"[[114]
 [101]
 [109]
 [101]
 [109]
 [ 98]
 [101]
 [114]
 [101]
 [100]
 [ 95]
 [ 99]
 [111]
 [114]
 [114]
 [101]
 [ 99]
 [116]]","[[110]
 [ 47]
 [ 97]]",NORMAL,550.0,560.0
sub-004,4,323,138397.25192950002,553.585008,"[[115]
 [111]
 [117]
 [110]
 [100]
 [ 95]
 [ 98]
 [101]
 [101]
 [112]]",53.0,"[[102]
 [101]
 [101]
 [100]
 [ 98]
 [ 97]
 [ 99]
 [107]
 [ 95]
 [ 99]
 [111]
 [114]
 [114]
 [101]
 [ 99]
 [116]]","[[110]
 [ 47]
 [ 97]]",NORMAL,550.0,560.0
sub-004,4,324,138719.000640775,554.872003,"[[114]
 [105]
 [103]
 [104]
 [116]
 [ 95]
 [ 99]
 [108]
 [105]
 [ 99]
 [107]]",53.0,"[[105]
 [110]
 [100]
 [105]
 [ 99]
 [ 97]
 [116]
 [101]
 [ 95]
 [114]
 [101]
 [ 97]
 [100]
 [121]]","[[110]
 [ 47]
 [ 97]]",NORMAL,550.0,560.0
sub-004,4,325,138726.200611925,554.900802,"[[115]
 [104]
 [111]
 [119]
 [ 95]
 [ 99]
 [114]
 [111]
 [115]
 [115]]",53.0,"[[102]
 [105]
 [120]
 [ 97]
 [116]
 [101]]",43.0,NORMAL,550.0,560.0
sub-004,4,326,140037.7453586,560.146981,"[[115]
 [104]
 [111]
 [119]
 [ 95]
 [108]
 [101]
 [116]
 [116]
 [101]
 [114]]",53.0,"[[116]
 [111]
 [ 95]
 [114]
 [101]
 [109]
 [101]
 [109]
 [ 98]
 [101]
 [114]]",75.0,NORMAL,560.0,570.0
sub-004,4,327,140398.19391484998,561.588776,"[[115]
 [104]
 [111]
 [119]
 [ 95]
 [108]
 [101]
 [116]
 [116]
 [101]
 [114]]",53.0,"[[116]
 [111]
 [ 95]
 [105]
 [103]
 [110]
 [111]
 [114]
 [101]]",67.0,NORMAL,560.0,570.0
sub-004,4,328,140758.66747097502,563.03067,"[[115]
 [104]
 [111]
 [119]
 [ 95]
 [108]
 [101]
 [116]
 [116]
 [101]
 [114]]",53.0,"[[116]
 [111]
 [ 95]
 [105]
 [103]
 [110]
 [111]
 [114]
 [101]]",90.0,NORMAL,560.0,570.0
sub-004,4,329,141119.091027325,564.472364,"[[115]
 [104]
 [111]
 [119]
 [ 95]
 [108]
 [101]
 [116]
 [116]
 [101]
 [114]]",53.0,"[[116]
 [111]
 [ 95]
 [114]
 [101]
 [109]
 [101]
 [109]
 [ 98]
 [101]
 [114]]",77.0,NORMAL,560.0,570.0
sub-004,4,330,141479.28958457502,565.913158,"[[115]
 [104]
 [111]
 [119]
 [ 95]
 [108]
 [101]
 [116]
 [116]
 [101]
 [114]]",53.0,"[[116]
 [111]
 [ 95]
 [114]
 [101]
 [109]
 [101]
 [109]
 [ 98]
 [101]
 [114]]",76.0,NORMAL,560.0,570.0
sub-004,4,331,141839.7131409,567.354853,"[[115]
 [104]
 [111]
 [119]
 [ 95]
 [108]
 [101]
 [116]
 [116]
 [101]
 [114]]",53.0,"[[116]
 [111]
 [ 95]
 [105]
 [103]
 [110]
 [111]
 [114]
 [101]]",70.0,NORMAL,560.0,570.0
sub-004,4,332,142200.16169715,568.796647,"[[115]
 [104]
 [111]
 [119]
 [ 95]
 [108]
 [101]
 [116]
 [116]
 [101]
 [114]]",53.0,"[[116]
 [111]
 [ 95]
 [114]
 [101]
 [109]
 [101]
 [109]
 [ 98]
 [101]
 [114]]",71.0,NORMAL,560.0,570.0
sub-004,4,333,142560.3602544,570.237441,"[[115]
 [104]
 [111]
 [119]
 [ 95]
 [108]
 [101]
 [116]
 [116]
 [101]
 [114]]",53.0,"[[116]
 [111]
 [ 95]
 [114]
 [101]
 [109]
 [101]
 [109]
 [ 98]
 [101]
 [114]]",89.0,NORMAL,570.0,580.0
sub-004,4,334,142920.80881065002,571.679235,"[[115]
 [104]
 [111]
 [119]
 [ 95]
 [100]
 [ 97]
 [115]
 [104]]",53.0,"[[119]
 [111]
 [114]
 [107]
 [ 95]
 [109]
 [101]
 [109]
 [111]
 [114]
 [121]]",45.0,NORMAL,570.0,580.0
sub-004,4,335,143897.154899925,575.58462,"[[115]
 [104]
 [111]
 [119]
 [ 95]
 [108]
 [101]
 [116]
 [116]
 [101]
 [114]]",53.0,"[[112]
 [114]
 [111]
 [ 98]
 [101]
 [ 95]
 [116]
 [ 97]
 [114]
 [103]
 [101]
 [116]]",76.0,NORMAL,570.0,580.0
sub-004,4,336,144123.22899439998,576.488916,"[[114]
 [105]
 [103]
 [104]
 [116]
 [ 95]
 [ 99]
 [108]
 [105]
 [ 99]
 [107]]",53.0,"[[114]
 [101]
 [109]
 [101]
 [109]
 [ 98]
 [101]
 [114]
 [101]
 [100]
 [ 95]
 [ 99]
 [111]
 [114]
 [114]
 [101]
 [ 99]
 [116]]","[[110]
 [ 47]
 [ 97]]",NORMAL,570.0,580.0
sub-004,4,337,144223.27859367497,576.889114,"[[115]
 [111]
 [117]
 [110]
 [100]
 [ 95]
 [ 98]
 [101]
 [101]
 [112]]",53.0,"[[102]
 [101]
 [101]
 [100]
 [ 98]
 [ 97]
 [ 99]
 [107]
 [ 95]
 [ 99]
 [111]
 [114]
 [114]
 [101]
 [ 99]
 [116]]","[[110]
 [ 47]
 [ 97]]",NORMAL,570.0,580.0
sub-004,4,338,144446.17770085,577.780711,"[[114]
 [105]
 [103]
 [104]
 [116]
 [ 95]
 [ 99]
 [108]
 [105]
 [ 99]
 [107]]",53.0,"[[105]
 [110]
 [100]
 [105]
 [ 99]
 [ 97]
 [116]
 [101]
 [ 95]
 [114]
 [101]
 [ 97]
 [100]
 [121]]","[[110]
 [ 47]
 [ 97]]",NORMAL,570.0,580.0
sub-004,4,339,144454.5776672,577.814311,"[[115]
 [104]
 [111]
 [119]
 [ 95]
 [ 99]
 [114]
 [111]
 [115]
 [115]]",53.0,"[[102]
 [105]
 [120]
 [ 97]
 [116]
 [101]]",43.0,NORMAL,570.0,580.0
sub-004,4,340,145766.12241387498,583.06049,"[[115]
 [104]
 [111]
 [119]
 [ 95]
 [108]
 [101]
 [116]
 [116]
 [101]
 [114]]",53.0,"[[116]
 [111]
 [ 95]
 [114]
 [101]
 [109]
 [101]
 [109]
 [ 98]
 [101]
 [114]]",86.0,NORMAL,580.0,590.0
sub-004,4,341,146126.570970125,584.502284,"[[115]
 [104]
 [111]
 [119]
 [ 95]
 [108]
 [101]
 [116]
 [116]
 [101]
 [114]]",53.0,"[[116]
 [111]
 [ 95]
 [114]
 [101]
 [109]
 [101]
 [109]
 [ 98]
 [101]
 [114]]",76.0,NORMAL,580.0,590.0
sub-004,4,342,146487.019526375,585.944078,"[[115]
 [104]
 [111]
 [119]
 [ 95]
 [108]
 [101]
 [116]
 [116]
 [101]
 [114]]",53.0,"[[116]
 [111]
 [ 95]
 [114]
 [101]
 [109]
 [101]
 [109]
 [ 98]
 [101]
 [114]]",83.0,NORMAL,580.0,590.0
sub-004,4,343,146847.1930837,587.384772,"[[115]
 [104]
 [111]
 [119]
 [ 95]
 [108]
 [101]
 [116]
 [116]
 [101]
 [114]]",53.0,"[[116]
 [111]
 [ 95]
 [105]
 [103]
 [110]
 [111]
 [114]
 [101]]",77.0,NORMAL,580.0,590.0
sub-004,4,344,147207.64163995,588.826567,"[[115]
 [104]
 [111]
 [119]
 [ 95]
 [108]
 [101]
 [116]
 [116]
 [101]
 [114]]",53.0,"[[116]
 [111]
 [ 95]
 [114]
 [101]
 [109]
 [101]
 [109]
 [ 98]
 [101]
 [114]]",82.0,NORMAL,580.0,590.0
sub-004,4,345,147568.0901962,590.268361,"[[115]
 [104]
 [111]
 [119]
 [ 95]
 [108]
 [101]
 [116]
 [116]
 [101]
 [114]]",53.0,"[[116]
 [111]
 [ 95]
 [105]
 [103]
 [110]
 [111]
 [114]
 [101]]",68.0,NORMAL,590.0,600.0
sub-004,4,346,147928.28875345,591.709155,"[[115]
 [104]
 [111]
 [119]
 [ 95]
 [108]
 [101]
 [116]
 [116]
 [101]
 [114]]",53.0,"[[116]
 [111]
 [ 95]
 [114]
 [101]
 [109]
 [101]
 [109]
 [ 98]
 [101]
 [114]]",78.0,NORMAL,590.0,600.0
sub-004,4,347,148288.712309775,593.150849,"[[115]
 [104]
 [111]
 [119]
 [ 95]
 [108]
 [101]
 [116]
 [116]
 [101]
 [114]]",53.0,"[[116]
 [111]
 [ 95]
 [105]
 [103]
 [110]
 [111]
 [114]
 [101]]",81.0,NORMAL,590.0,600.0
sub-004,4,348,148649.160866025,594.592643,"[[115]
 [104]
 [111]
 [119]
 [ 95]
 [100]
 [ 97]
 [115]
 [104]]",53.0,"[[119]
 [111]
 [114]
 [107]
 [ 95]
 [109]
 [101]
 [109]
 [111]
 [114]
 [121]]",45.0,NORMAL,590.0,600.0
sub-004,4,349,149235.858516025,596.939434,"[[115]
 [104]
 [111]
 [119]
 [ 95]
 [108]
 [101]
 [116]
 [116]
 [101]
 [114]]",53.0,"[[112]
 [114]
 [111]
 [ 98]
 [101]
 [ 95]
 [110]
 [111]
 [116]
 [ 95]
 [115]
 [104]
 [111]
 [119]
 [110]]",75.0,NORMAL,590.0,600.0
sub-004,4,350,152084.59710555003,608.334388,"[[108]
 [101]
 [102]
 [116]
 [ 95]
 [ 99]
 [108]
 [105]
 [ 99]
 [107]]",53.0,"[[105]
 [103]
 [110]
 [111]
 [114]
 [101]
 [100]
 [ 95]
 [ 99]
 [111]
 [114]
 [114]
 [101]
 [ 99]
 [116]]","[[110]
 [ 47]
 [ 97]]",REVIEW,600.0,610.0
sub-004,4,351,152184.621704925,608.734487,"[[115]
 [111]
 [117]
 [110]
 [100]
 [ 95]
 [ 98]
 [101]
 [101]
 [112]]",53.0,"[[102]
 [101]
 [101]
 [100]
 [ 98]
 [ 97]
 [ 99]
 [107]
 [ 95]
 [ 99]
 [111]
 [114]
 [114]
 [101]
 [ 99]
 [116]]","[[110]
 [ 47]
 [ 97]]",REVIEW,600.0,610.0
sub-004,4,352,152644.794861725,610.575179,"[[114]
 [105]
 [103]
 [104]
 [116]
 [ 95]
 [ 99]
 [108]
 [105]
 [ 99]
 [107]]",53.0,"[[105]
 [110]
 [100]
 [105]
 [ 99]
 [ 97]
 [116]
 [101]
 [ 95]
 [114]
 [101]
 [ 97]
 [100]
 [121]]","[[110]
 [ 47]
 [ 97]]",NORMAL,610.0,620.0
