subject,file,sampling_rate,channel_index,channel_name,mean,std,min,max,ptp,std_ratio_to_median,near_minus_500,near_plus_500,near_minus_1000,near_plus_1000
sub-002,sub-002_ses-01_task-WorkingMemory_run-1_eeg.set,250.0,1,CH1,-27.667354583740234,59.46059799194336,-473.0158386230469,535.5311889648438,1008.5469970703125,1.5463494062423706,0,8,0,0
sub-002,sub-002_ses-01_task-WorkingMemory_run-1_eeg.set,250.0,2,CH2,-17.74640655517578,54.99803161621094,-462.2710266113281,533.0892333984375,995.3602294921875,1.4302946329116821,0,2,0,0
sub-002,sub-002_ses-01_task-WorkingMemory_run-1_eeg.set,250.0,3,CH3,-32.24353790283203,61.10392379760742,-481.31866455078125,570.2076416015625,1051.5263671875,1.5890861749649048,0,15,0,0
sub-002,sub-002_ses-01_task-WorkingMemory_run-1_eeg.set,250.0,4,CH4,-13.371925354003906,63.011932373046875,-430.0365905761719,547.7412109375,977.77783203125,1.6387064456939697,0,4,0,0
sub-002,sub-002_ses-01_task-WorkingMemory_run-1_eeg.set,250.0,5,CH5,-78.37706756591797,107.20220184326172,-426.12939453125,683.5165405273438,1109.64599609375,2.787931203842163,0,82,0,0
sub-002,sub-002_ses-01_task-WorkingMemory_run-1_eeg.set,250.0,6,CH6,-42.18328094482422,46.963279724121094,-350.42730712890625,365.07940673828125,715.5067138671875,1.221340537071228,0,0,0,0
sub-002,sub-002_ses-01_task-WorkingMemory_run-1_eeg.set,250.0,7,CH7,-46.939212799072266,47.50685501098633,-390.9645690917969,416.3614807128906,807.3260498046875,1.2354769706726074,0,0,0,0
sub-002,sub-002_ses-01_task-WorkingMemory_run-1_eeg.set,250.0,8,CH8,-23.871902465820312,56.57052230834961,-376.80096435546875,503.2967529296875,880.0977172851562,1.471189260482788,0,1,0,0
sub-002,sub-002_ses-01_task-WorkingMemory_run-1_eeg.set,250.0,9,CH9,-64.68000030517578,93.80328369140625,-625.8851928710938,591.2088623046875,1217.093994140625,2.4394750595092773,168,35,0,0
sub-002,sub-002_ses-01_task-WorkingMemory_run-1_eeg.set,250.0,10,CH10,-34.22645568847656,54.35972595214844,-642.00244140625,279.12091064453125,921.1233520507812,1.4136946201324463,3,0,0,0
sub-002,sub-002_ses-01_task-WorkingMemory_run-1_eeg.set,250.0,11,CH11,-34.773136138916016,49.73539733886719,-402.1977844238281,512.576416015625,914.774169921875,1.2934330701828003,0,2,0,0
sub-002,sub-002_ses-01_task-WorkingMemory_run-1_eeg.set,250.0,12,CH12,-28.792490005493164,41.911556243896484,-311.35528564453125,590.2320556640625,901.5873413085938,1.0899639129638672,0,1,0,0
sub-002,sub-002_ses-01_task-WorkingMemory_run-1_eeg.set,250.0,13,CH13,-11.691346168518066,38.80743408203125,-265.4456481933594,365.07940673828125,630.5250244140625,1.009237289428711,0,0,0,0
sub-002,sub-002_ses-01_task-WorkingMemory_run-1_eeg.set,250.0,14,CH14,-31.727659225463867,37.69511795043945,-291.33087158203125,284.4933166503906,575.82421875,0.9803100824356079,0,0,0,0
sub-002,sub-002_ses-01_task-WorkingMemory_run-1_eeg.set,250.0,15,CH15,-1.3531513214111328,39.86112976074219,-269.35284423828125,380.708251953125,650.0610961914062,1.0366400480270386,0,0,0,0
sub-002,sub-002_ses-01_task-WorkingMemory_run-1_eeg.set,250.0,16,CH16,-34.969764709472656,38.452239990234375,-398.29058837890625,511.5995788574219,909.89013671875,1.0,0,1,0,0
sub-002,sub-002_ses-01_task-WorkingMemory_run-1_eeg.set,250.0,17,CH17,-27.04014778137207,46.27311706542969,-506.7154846191406,621.4896850585938,1128.2052001953125,1.2033920288085938,1,4,0,0
sub-002,sub-002_ses-01_task-WorkingMemory_run-1_eeg.set,250.0,18,CH18,-32.02336120605469,65.29755401611328,-526.7399291992188,460.805908203125,987.5458374023438,1.698146939277649,2,0,0,0
sub-002,sub-002_ses-01_task-WorkingMemory_run-1_eeg.set,250.0,19,CH19,-46.77354431152344,64.43975830078125,-482.29547119140625,469.59710693359375,951.892578125,1.675838828086853,0,0,0,0
sub-002,sub-002_ses-01_task-WorkingMemory_run-1_eeg.set,250.0,20,CH20,-38.17570114135742,49.56954574584961,-605.3723754882812,282.05133056640625,887.4237060546875,1.289119839668274,1,0,0,0
sub-002,sub-002_ses-01_task-WorkingMemory_run-1_eeg.set,250.0,21,CH21,-33.600128173828125,46.38249969482422,-782.6617431640625,232.23448181152344,1014.896240234375,1.2062366008758545,3,0,0,0
sub-002,sub-002_ses-01_task-WorkingMemory_run-1_eeg.set,250.0,22,CH22,-26.73914909362793,45.22444534301758,-629.3040161132812,445.6654968261719,1074.969482421875,1.1761199235916138,1,0,0,0
sub-002,sub-002_ses-01_task-WorkingMemory_run-1_eeg.set,250.0,23,CH23,-50.76658248901367,42.50247573852539,-464.224609375,876.9231567382812,1341.147705078125,1.105331540107727,0,3,0,0
sub-002,sub-002_ses-01_task-WorkingMemory_run-1_eeg.set,250.0,24,CH24,-17.407072067260742,38.65394973754883,-245.9096221923828,379.7314453125,625.6410522460938,1.0052456855773926,0,0,0,0
sub-002,sub-002_ses-01_task-WorkingMemory_run-1_eeg.set,250.0,25,CH25,-22.490232467651367,39.332279205322266,-233.69961547851562,278.1441345214844,511.84375,1.0228865146636963,0,0,0,0
sub-002,sub-002_ses-01_task-WorkingMemory_run-1_eeg.set,250.0,26,CH26,-39.43839645385742,35.02304458618164,-322.5885009765625,475.9463195800781,798.5347900390625,0.9108193516731262,0,0,0,0
sub-002,sub-002_ses-01_task-WorkingMemory_run-1_eeg.set,250.0,27,CH27,-36.71540451049805,40.84417724609375,-560.927978515625,991.2088623046875,1552.1368408203125,1.06220543384552,2,30,0,0
sub-002,sub-002_ses-01_task-WorkingMemory_run-1_eeg.set,250.0,28,CH28,-16.906688690185547,41.408424377441406,-588.2783813476562,456.4103088378906,1044.688720703125,1.0768793821334839,4,0,0,0
sub-002,sub-002_ses-01_task-WorkingMemory_run-1_eeg.set,250.0,29,CH29,-51.93783187866211,44.726287841796875,-547.2527465820312,333.3333740234375,880.5861206054688,1.163164734840393,2,0,0,0
sub-002,sub-002_ses-01_task-WorkingMemory_run-1_eeg.set,250.0,30,CH30,-56.618858337402344,42.85573196411133,-365.5677185058594,273.7485046386719,639.3162231445312,1.1145185232162476,0,0,0,0
sub-002,sub-002_ses-01_task-WorkingMemory_run-1_eeg.set,250.0,31,CH31,-65.62544250488281,41.19319534301758,-567.7655639648438,231.74607849121094,799.5116577148438,1.0712820291519165,1,0,0,0
sub-002,sub-002_ses-01_task-WorkingMemory_run-1_eeg.set,250.0,32,CH32,-46.68363571166992,39.34740447998047,-445.1770324707031,671.3065185546875,1116.4835205078125,1.0232799053192139,0,1,0,0
sub-002,sub-002_ses-01_task-WorkingMemory_run-1_eeg.set,250.0,33,CH33,-55.74434280395508,36.707496643066406,-354.82293701171875,537.9732055664062,892.796142578125,0.9546257257461548,0,1,0,0
sub-002,sub-002_ses-01_task-WorkingMemory_run-1_eeg.set,250.0,34,CH34,-18.742191314697266,36.200828552246094,-220.51280212402344,313.79736328125,534.3101806640625,0.9414491653442383,0,0,0,0
sub-002,sub-002_ses-01_task-WorkingMemory_run-1_eeg.set,250.0,35,CH35,-12.120271682739258,39.83765411376953,-191.69717407226562,263.9804992675781,455.67767333984375,1.0360294580459595,0,0,0,0
sub-002,sub-002_ses-01_task-WorkingMemory_run-1_eeg.set,250.0,36,CH36,-38.98674774169922,35.79518127441406,-278.14404296875,363.61419677734375,641.7582397460938,0.9308997392654419,0,0,0,0
sub-002,sub-002_ses-01_task-WorkingMemory_run-1_eeg.set,250.0,37,CH37,-39.816505432128906,37.69024658203125,-395.84857177734375,572.1612548828125,968.0098266601562,0.9801833629608154,0,8,0,0
sub-002,sub-002_ses-01_task-WorkingMemory_run-1_eeg.set,250.0,38,CH38,-24.341747283935547,37.411258697509766,-546.7643432617188,407.08184814453125,953.84619140625,0.9729279279708862,1,0,0,0
sub-002,sub-002_ses-01_task-WorkingMemory_run-1_eeg.set,250.0,39,CH39,-33.00046157836914,40.33871841430664,-552.6251220703125,306.4713439941406,859.096435546875,1.049060344696045,4,0,0,0
sub-002,sub-002_ses-01_task-WorkingMemory_run-1_eeg.set,250.0,40,CH40,-83.52375793457031,48.26282501220703,-379.73138427734375,358.2417907714844,737.97314453125,1.2551368474960327,0,0,0,0
sub-002,sub-002_ses-01_task-WorkingMemory_run-1_eeg.set,250.0,41,CH41,-48.24260711669922,36.940208435058594,-318.1929016113281,383.6386413574219,701.83154296875,0.9606776833534241,0,0,0,0
sub-002,sub-002_ses-01_task-WorkingMemory_run-1_eeg.set,250.0,42,CH42,-33.383934020996094,36.33198928833008,-264.9572448730469,391.45306396484375,656.4102783203125,0.9448601603507996,0,0,0,0
sub-002,sub-002_ses-01_task-WorkingMemory_run-1_eeg.set,250.0,43,CH43,-16.66322898864746,35.31787109375,-242.00241088867188,359.2185974121094,601.2210083007812,0.9184867143630981,0,0,0,0
sub-002,sub-002_ses-01_task-WorkingMemory_run-1_eeg.set,250.0,44,CH44,-30.384611129760742,36.184173583984375,-225.88519287109375,200.0000457763672,425.88525390625,0.9410160183906555,0,0,0,0
sub-002,sub-002_ses-01_task-WorkingMemory_run-1_eeg.set,250.0,45,CH45,-19.46670913696289,35.54271697998047,-203.9071807861328,235.6532745361328,439.5604553222656,0.9243341088294983,0,0,0,0
sub-002,sub-002_ses-01_task-WorkingMemory_run-1_eeg.set,250.0,46,CH46,-17.451589584350586,34.12211227416992,-192.18556213378906,266.9109191894531,459.09649658203125,0.8873894810676575,0,0,0,0
sub-002,sub-002_ses-01_task-WorkingMemory_run-1_eeg.set,250.0,47,CH47,-61.784000396728516,32.536739349365234,-284.0048522949219,287.4237365722656,571.4285888671875,0.846159815788269,0,0,0,0
sub-002,sub-002_ses-01_task-WorkingMemory_run-1_eeg.set,250.0,48,CH48,-39.54937744140625,32.952003479003906,-329.91448974609375,365.07940673828125,694.993896484375,0.8569592833518982,0,0,0,0
sub-002,sub-002_ses-01_task-WorkingMemory_run-1_eeg.set,250.0,49,CH49,-68.0638656616211,32.15461730957031,-353.84613037109375,545.78759765625,899.6337280273438,0.836222231388092,0,1,0,0
sub-002,sub-002_ses-01_task-WorkingMemory_run-1_eeg.set,250.0,50,CH50,-41.338897705078125,28.96516990661621,-247.86322021484375,170.20761108398438,418.0708312988281,0.753276526927948,0,0,0,0
sub-002,sub-002_ses-01_task-WorkingMemory_run-1_eeg.set,250.0,51,CH51,-33.76069259643555,35.53033447265625,-277.167236328125,482.2955017089844,759.4627685546875,0.9240120649337769,0,0,0,0
sub-002,sub-002_ses-01_task-WorkingMemory_run-1_eeg.set,250.0,52,CH52,-54.147552490234375,34.474220275878906,-261.050048828125,284.9817199707031,546.03173828125,0.896546483039856,0,0,0,0
sub-002,sub-002_ses-01_task-WorkingMemory_run-1_eeg.set,250.0,53,CH53,-28.937362670898438,35.58150100708008,-232.23440551757812,225.39686584472656,457.63128662109375,0.9253427386283875,0,0,0,0
sub-002,sub-002_ses-01_task-WorkingMemory_run-1_eeg.set,250.0,54,CH54,-2.51871395111084,52.76741409301758,-306.4712829589844,469.59710693359375,776.068359375,1.3722845315933228,0,0,0,0
sub-002,sub-002_ses-01_task-WorkingMemory_run-1_eeg.set,250.0,55,CH55,-2.4036831855773926,39.54170608520508,-192.67396545410156,212.69845581054688,405.3724365234375,1.0283329486846924,0,0,0,0
sub-002,sub-002_ses-01_task-WorkingMemory_run-1_eeg.set,250.0,56,CH56,-37.77312088012695,33.10078811645508,-204.3955841064453,237.6068878173828,442.0024719238281,0.8608285784721375,0,0,0,0
sub-002,sub-002_ses-01_task-WorkingMemory_run-1_eeg.set,250.0,57,CH57,-28.716279983520508,32.314971923828125,-209.7679901123047,301.58734130859375,511.3553466796875,0.8403924703598022,0,0,0,0
sub-002,sub-002_ses-01_task-WorkingMemory_run-1_eeg.set,250.0,58,CH58,-46.972251892089844,31.583084106445312,-224.9084014892578,351.4041748046875,576.3125610351562,0.8213587403297424,0,0,0,0
sub-002,sub-002_ses-01_task-WorkingMemory_run-1_eeg.set,250.0,59,CH59,-55.40134048461914,32.43463134765625,-223.9315948486328,578.0220336914062,801.95361328125,0.8435043692588806,0,5,0,0
sub-002,sub-002_ses-01_task-WorkingMemory_run-1_eeg.set,250.0,60,CH60,-49.98971939086914,34.91880416870117,-712.3320922851562,311.3553466796875,1023.6874389648438,0.9081084728240967,7,0,0,0
sub-002,sub-002_ses-01_task-WorkingMemory_run-1_eeg.set,250.0,61,CH61,-30.867237091064453,33.94365310668945,-242.00241088867188,222.95486450195312,464.957275390625,0.8827483654022217,0,0,0,0
sub-002,sub-002_ses-01_task-WorkingMemory_run-1_eeg.set,250.0,62,CH62,-24.201040267944336,35.256256103515625,-233.21121215820312,265.9341125488281,499.14532470703125,0.9168843030929565,0,0,0,0
sub-002,sub-002_ses-01_task-WorkingMemory_run-1_eeg.set,250.0,63,CH63,-46.382850646972656,33.97349166870117,-238.09521484375,229.3040771484375,467.3992919921875,0.8835243582725525,0,0,0,0
sub-002,sub-002_ses-01_task-WorkingMemory_run-1_eeg.set,250.0,64,CH64,-20.88056182861328,34.771461486816406,-204.8839874267578,271.3065185546875,476.19049072265625,0.9042766094207764,0,0,0,0
sub-002,sub-002_ses-01_task-WorkingMemory_run-1_eeg.set,250.0,65,CH65,-34.08296585083008,33.13349914550781,-221.00119018554688,234.67648315429688,455.67767333984375,0.8616793155670166,0,0,0,0
sub-002,sub-002_ses-01_task-WorkingMemory_run-1_eeg.set,250.0,66,CH66,-36.895545959472656,31.721046447753906,-545.2991333007812,233.21127319335938,778.5103759765625,0.8249466419219971,2,0,0,0
sub-002,sub-002_ses-01_task-WorkingMemory_run-1_eeg.set,250.0,67,CH67,-37.79111099243164,32.76337814331055,-249.32843017578125,260.56170654296875,509.89013671875,0.8520538210868835,0,0,0,0
sub-002,sub-002_ses-01_task-WorkingMemory_run-1_eeg.set,250.0,68,CH68,-18.417083740234375,34.159996032714844,-218.55918884277344,276.6789245605469,495.23809814453125,0.8883746862411499,0,0,0,0
sub-002,sub-002_ses-01_task-WorkingMemory_run-1_eeg.set,250.0,69,CH69,-50.98778533935547,32.84415054321289,-238.09521484375,222.95486450195312,461.0500793457031,0.8541544079780579,0,0,0,0
sub-002,sub-002_ses-01_task-WorkingMemory_run-2_eeg.set,250.0,1,CH1,-10.878396034240723,72.1242446899414,-410.01220703125,790.9646606445312,1200.976806640625,1.5406841039657593,0,47,0,0
sub-002,sub-002_ses-01_task-WorkingMemory_run-2_eeg.set,250.0,2,CH2,-10.050740242004395,59.29490661621094,-378.26617431640625,646.886474609375,1025.152587890625,1.2666298151016235,0,26,0,0
sub-002,sub-002_ses-01_task-WorkingMemory_run-2_eeg.set,250.0,3,CH3,-9.613887786865234,75.17353820800781,-435.4090270996094,846.1539306640625,1281.56298828125,1.6058217287063599,0,113,0,0
sub-002,sub-002_ses-01_task-WorkingMemory_run-2_eeg.set,250.0,4,CH4,-0.6937654614448547,87.20343780517578,-452.5030212402344,770.4518432617188,1222.954833984375,1.8627986907958984,0,124,0,0
sub-002,sub-002_ses-01_task-WorkingMemory_run-2_eeg.set,250.0,5,CH5,-41.822784423828125,134.4923095703125,-452.0146484375,828.571533203125,1280.586181640625,2.8729612827301025,0,1303,0,0
sub-002,sub-002_ses-01_task-WorkingMemory_run-2_eeg.set,250.0,6,CH6,-12.455437660217285,63.79191207885742,-337.2405090332031,654.2125244140625,991.4530029296875,1.3626927137374878,0,14,0,0
sub-002,sub-002_ses-01_task-WorkingMemory_run-2_eeg.set,250.0,7,CH7,-32.15445327758789,52.69633483886719,-480.34185791015625,549.2064208984375,1029.54833984375,1.1256742477416992,0,3,0,0
sub-002,sub-002_ses-01_task-WorkingMemory_run-2_eeg.set,250.0,8,CH8,-17.56392478942871,68.46464538574219,-569.7191772460938,612.2100830078125,1181.92919921875,1.4625095129013062,12,58,0,0
sub-002,sub-002_ses-01_task-WorkingMemory_run-2_eeg.set,250.0,9,CH9,-34.25359344482422,137.2194366455078,-533.5775146484375,883.2723388671875,1416.849853515625,2.9312169551849365,8,1484,0,0
sub-002,sub-002_ses-01_task-WorkingMemory_run-2_eeg.set,250.0,10,CH10,-20.553577423095703,68.7620849609375,-663.4920654296875,491.57513427734375,1155.067138671875,1.4688632488250732,16,0,0,0
sub-002,sub-002_ses-01_task-WorkingMemory_run-2_eeg.set,250.0,11,CH11,-28.415138244628906,60.4313850402832,-443.2234191894531,877.89990234375,1321.123291015625,1.2909067869186401,0,9,0,0
sub-002,sub-002_ses-01_task-WorkingMemory_run-2_eeg.set,250.0,12,CH12,-18.989595413208008,51.63189697265625,-372.89373779296875,572.6495971679688,945.5433349609375,1.1029362678527832,0,2,0,0
sub-002,sub-002_ses-01_task-WorkingMemory_run-2_eeg.set,250.0,13,CH13,-6.5436110496521,47.02687072753906,-324.5420837402344,416.849853515625,741.3919677734375,1.0045658349990845,0,0,0,0
sub-002,sub-002_ses-01_task-WorkingMemory_run-2_eeg.set,250.0,14,CH14,-17.566862106323242,45.995418548583984,-330.89129638671875,388.52264404296875,719.4139404296875,0.9825324416160583,0,0,0,0
sub-002,sub-002_ses-01_task-WorkingMemory_run-2_eeg.set,250.0,15,CH15,-0.536647617816925,45.74742126464844,-396.33697509765625,494.9939270019531,891.3309326171875,0.9772348403930664,0,0,0,0
sub-002,sub-002_ses-01_task-WorkingMemory_run-2_eeg.set,250.0,16,CH16,-18.88651466369629,46.269752502441406,-550.1831665039062,727.4725952148438,1277.65576171875,0.9883926510810852,1,9,0,0
sub-002,sub-002_ses-01_task-WorkingMemory_run-2_eeg.set,250.0,17,CH17,-18.27699089050293,51.41542053222656,-657.6312255859375,945.78759765625,1603.4188232421875,1.0983120203018188,11,15,0,0
sub-002,sub-002_ses-01_task-WorkingMemory_run-2_eeg.set,250.0,18,CH18,-14.388306617736816,83.77946472167969,-793.89501953125,659.5848999023438,1453.47998046875,1.789657473564148,18,42,0,0
sub-002,sub-002_ses-01_task-WorkingMemory_run-2_eeg.set,250.0,19,CH19,-25.303762435913086,93.15132904052734,-638.09521484375,643.4677124023438,1281.56298828125,1.9898548126220703,17,42,0,0
sub-002,sub-002_ses-01_task-WorkingMemory_run-2_eeg.set,250.0,20,CH20,-26.34576988220215,64.07345581054688,-524.7863159179688,467.64349365234375,992.4298095703125,1.3687069416046143,2,0,0,0
sub-002,sub-002_ses-01_task-WorkingMemory_run-2_eeg.set,250.0,21,CH21,-29.759910583496094,59.810569763183594,-683.5164794921875,461.2943115234375,1144.810791015625,1.277645230293274,21,0,0,0
sub-002,sub-002_ses-01_task-WorkingMemory_run-2_eeg.set,250.0,22,CH22,-31.691993713378906,55.40141677856445,-551.1599731445312,677.65576171875,1228.815673828125,1.183458924293518,2,4,0,0
sub-002,sub-002_ses-01_task-WorkingMemory_run-2_eeg.set,250.0,23,CH23,-30.18634033203125,55.19511795043945,-467.6434631347656,826.617919921875,1294.2613525390625,1.1790521144866943,0,17,0,0
sub-002,sub-002_ses-01_task-WorkingMemory_run-2_eeg.set,250.0,24,CH24,-12.62502384185791,48.03617858886719,-345.0549011230469,397.80224609375,742.857177734375,1.0261261463165283,0,0,0,0
sub-002,sub-002_ses-01_task-WorkingMemory_run-2_eeg.set,250.0,25,CH25,-19.918994903564453,46.019256591796875,-329.42608642578125,353.84619140625,683.2722778320312,0.9830416440963745,0,0,0,0
sub-002,sub-002_ses-01_task-WorkingMemory_run-2_eeg.set,250.0,26,CH26,-27.916412353515625,45.137298583984375,-474.4810485839844,614.6520385742188,1089.133056640625,0.9642016887664795,0,4,0,0
sub-002,sub-002_ses-01_task-WorkingMemory_run-2_eeg.set,250.0,27,CH27,-29.433568954467773,59.41291809082031,-755.3113403320312,1000.0001220703125,1755.3115234375,1.269150733947754,17,115,0,2
sub-002,sub-002_ses-01_task-WorkingMemory_run-2_eeg.set,250.0,28,CH28,-11.540911674499512,51.26564025878906,-696.21484375,585.3480224609375,1281.5628662109375,1.0951124429702759,20,2,0,0
sub-002,sub-002_ses-01_task-WorkingMemory_run-2_eeg.set,250.0,29,CH29,-30.482431411743164,57.50236129760742,-740.1708984375,334.3101806640625,1074.4810791015625,1.228338360786438,21,0,0,0
sub-002,sub-002_ses-01_task-WorkingMemory_run-2_eeg.set,250.0,30,CH30,-28.381025314331055,54.60365295410156,-453.4798278808594,416.849853515625,870.3297119140625,1.1664174795150757,0,0,0,0
sub-002,sub-002_ses-01_task-WorkingMemory_run-2_eeg.set,250.0,31,CH31,-49.763668060302734,54.55064010620117,-800.2442626953125,376.3126220703125,1176.556884765625,1.1652851104736328,18,0,0,0
sub-002,sub-002_ses-01_task-WorkingMemory_run-2_eeg.set,250.0,32,CH32,-34.3179931640625,51.49538803100586,-609.7680053710938,630.769287109375,1240.537353515625,1.100020170211792,2,2,0,0
sub-002,sub-002_ses-01_task-WorkingMemory_run-2_eeg.set,250.0,33,CH33,-28.918943405151367,49.85790252685547,-388.5225830078125,559.9512329101562,948.4738159179688,1.0650410652160645,0,1,0,0
sub-002,sub-002_ses-01_task-WorkingMemory_run-2_eeg.set,250.0,34,CH34,-9.090629577636719,46.54583740234375,-335.2868957519531,336.2637634277344,671.5506591796875,0.9942902326583862,0,0,0,0
sub-002,sub-002_ses-01_task-WorkingMemory_run-2_eeg.set,250.0,35,CH35,-14.463525772094727,45.39488220214844,-324.5420837402344,333.82177734375,658.3638916015625,0.9697040915489197,0,0,0,0
sub-002,sub-002_ses-01_task-WorkingMemory_run-2_eeg.set,250.0,36,CH36,-25.525146484375,44.129249572753906,-409.5237731933594,521.85595703125,931.3797607421875,0.9426681995391846,0,2,0,0
sub-002,sub-002_ses-01_task-WorkingMemory_run-2_eeg.set,250.0,37,CH37,-30.964712142944336,48.67436981201172,-596.0927734375,878.8767700195312,1474.969482421875,1.0397589206695557,1,35,0,0
sub-002,sub-002_ses-01_task-WorkingMemory_run-2_eeg.set,250.0,38,CH38,-20.39415740966797,46.24644088745117,-571.6727905273438,568.2540283203125,1139.9267578125,0.9878946542739868,6,3,0,0
sub-002,sub-002_ses-01_task-WorkingMemory_run-2_eeg.set,250.0,39,CH39,-30.310453414916992,49.63959884643555,-683.028076171875,254.21249389648438,937.2406005859375,1.0603777170181274,19,0,0,0
sub-002,sub-002_ses-01_task-WorkingMemory_run-2_eeg.set,250.0,40,CH40,-45.32490158081055,64.9724349975586,-445.6654052734375,485.2259216308594,930.891357421875,1.3879104852676392,0,0,0,0
sub-002,sub-002_ses-01_task-WorkingMemory_run-2_eeg.set,250.0,41,CH41,-38.87124252319336,48.196346282958984,-383.6385803222656,446.6423034667969,830.2808837890625,1.0295475721359253,0,0,0,0
sub-002,sub-002_ses-01_task-WorkingMemory_run-2_eeg.set,250.0,42,CH42,-17.68362808227539,47.906333923339844,-414.8962097167969,524.2979736328125,939.1942138671875,1.0233525037765503,0,1,0,0
sub-002,sub-002_ses-01_task-WorkingMemory_run-2_eeg.set,250.0,43,CH43,-16.883363723754883,46.412166595458984,-338.7057189941406,391.94146728515625,730.647216796875,0.9914348125457764,0,0,0,0
sub-002,sub-002_ses-01_task-WorkingMemory_run-2_eeg.set,250.0,44,CH44,-26.3724365234375,46.30835723876953,-354.33453369140625,337.7289733886719,692.0634765625,0.9892172813415527,0,0,0,0
sub-002,sub-002_ses-01_task-WorkingMemory_run-2_eeg.set,250.0,45,CH45,-18.492586135864258,45.67910385131836,-329.42608642578125,340.6593933105469,670.08544921875,0.9757754802703857,0,0,0,0
sub-002,sub-002_ses-01_task-WorkingMemory_run-2_eeg.set,250.0,46,CH46,-13.478501319885254,44.11129379272461,-301.098876953125,372.893798828125,673.99267578125,0.9422846436500549,0,0,0,0
sub-002,sub-002_ses-01_task-WorkingMemory_run-2_eeg.set,250.0,47,CH47,-38.927310943603516,44.932735443115234,-386.5689697265625,516.4835815429688,903.0525512695312,0.9598318934440613,0,1,0,0
sub-002,sub-002_ses-01_task-WorkingMemory_run-2_eeg.set,250.0,48,CH48,-22.195236206054688,43.6442756652832,-452.9914245605469,667.8877563476562,1120.879150390625,0.9323084354400635,0,5,0,0
sub-002,sub-002_ses-01_task-WorkingMemory_run-2_eeg.set,250.0,49,CH49,-43.301109313964844,42.081668853759766,-498.41265869140625,458.3639221191406,956.776611328125,0.8989287614822388,0,0,0,0
sub-002,sub-002_ses-01_task-WorkingMemory_run-2_eeg.set,250.0,50,CH50,-18.255359649658203,38.02931594848633,-266.42242431640625,212.21005249023438,478.6324768066406,0.8123643398284912,0,0,0,0
sub-002,sub-002_ses-01_task-WorkingMemory_run-2_eeg.set,250.0,51,CH51,-20.46742820739746,46.81312942504883,-341.147705078125,529.1820068359375,870.3297119140625,1.0,0,2,0,0
sub-002,sub-002_ses-01_task-WorkingMemory_run-2_eeg.set,250.0,52,CH52,-32.818180084228516,45.489356994628906,-353.84613037109375,367.03302001953125,720.879150390625,0.9717221856117249,0,0,0,0
sub-002,sub-002_ses-01_task-WorkingMemory_run-2_eeg.set,250.0,53,CH53,-16.474647521972656,45.36977005004883,-332.84490966796875,351.892578125,684.7374877929688,0.9691676497459412,0,0,0,0
sub-002,sub-002_ses-01_task-WorkingMemory_run-2_eeg.set,250.0,54,CH54,2.008762836456299,79.59262084960938,-409.5237731933594,487.6679382324219,897.1917114257812,1.700219988822937,0,0,0,0
sub-002,sub-002_ses-01_task-WorkingMemory_run-2_eeg.set,250.0,55,CH55,-5.1654791831970215,45.30046081542969,-317.7044982910156,366.54461669921875,684.2491455078125,0.9676870703697205,0,0,0,0
sub-002,sub-002_ses-01_task-WorkingMemory_run-2_eeg.set,250.0,56,CH56,-22.942506790161133,44.24177932739258,-310.37847900390625,329.4261779785156,639.8046875,0.9450720548629761,0,0,0,0
sub-002,sub-002_ses-01_task-WorkingMemory_run-2_eeg.set,250.0,57,CH57,-18.35390281677246,42.671539306640625,-283.5164489746094,369.4750061035156,652.991455078125,0.9115293025970459,0,0,0,0
sub-002,sub-002_ses-01_task-WorkingMemory_run-2_eeg.set,250.0,58,CH58,-32.71794128417969,41.928565979003906,-282.0512390136719,385.1038513183594,667.1550903320312,0.8956582546234131,0,0,0,0
sub-002,sub-002_ses-01_task-WorkingMemory_run-2_eeg.set,250.0,59,CH59,-38.590084075927734,42.554222106933594,-353.84613037109375,665.4456787109375,1019.2918090820312,0.9090232253074646,0,1,0,0
sub-002,sub-002_ses-01_task-WorkingMemory_run-2_eeg.set,250.0,60,CH60,-33.56064224243164,46.68910598754883,-718.1929321289062,259.58489990234375,977.77783203125,0.9973506927490234,5,0,0,0
sub-002,sub-002_ses-01_task-WorkingMemory_run-2_eeg.set,250.0,61,CH61,-21.140958786010742,44.707984924316406,-338.7057189941406,318.1929626464844,656.898681640625,0.9550309181213379,0,0,0,0
sub-002,sub-002_ses-01_task-WorkingMemory_run-2_eeg.set,250.0,62,CH62,-20.208404541015625,45.41278076171875,-340.1708984375,341.63616943359375,681.8070678710938,0.970086395740509,0,0,0,0
sub-002,sub-002_ses-01_task-WorkingMemory_run-2_eeg.set,250.0,63,CH63,-33.93166732788086,44.08369445800781,-332.84490966796875,328.4493713378906,661.2943115234375,0.9416950941085815,0,0,0,0
sub-002,sub-002_ses-01_task-WorkingMemory_run-2_eeg.set,250.0,64,CH64,-15.628236770629883,43.223175048828125,-297.6800537109375,336.2637634277344,633.94384765625,0.9233130812644958,0,0,0,0
sub-002,sub-002_ses-01_task-WorkingMemory_run-2_eeg.set,250.0,65,CH65,-11.95241641998291,44.69769287109375,-275.7020568847656,315.7509460449219,591.4530029296875,0.9548110365867615,0,0,0,0
sub-002,sub-002_ses-01_task-WorkingMemory_run-2_eeg.set,250.0,66,CH66,-20.99968910217285,43.84447479248047,-585.3479614257812,275.7021179199219,861.050048828125,0.936585009098053,6,0,0,0
sub-002,sub-002_ses-01_task-WorkingMemory_run-2_eeg.set,250.0,67,CH67,-23.020328521728516,46.02607727050781,-334.3100891113281,341.63616943359375,675.9462890625,0.9831873774528503,0,0,0,0
sub-002,sub-002_ses-01_task-WorkingMemory_run-2_eeg.set,250.0,68,CH68,-13.433156967163086,43.71213912963867,-292.30767822265625,336.2637634277344,628.5714111328125,0.9337580800056458,0,0,0,0
sub-002,sub-002_ses-01_task-WorkingMemory_run-2_eeg.set,250.0,69,CH69,-28.754541397094727,44.310611724853516,-302.5640869140625,322.58856201171875,625.1526489257812,0.9465423822402954,0,0,0,0
sub-002,sub-002_ses-01_task-WorkingMemory_run-3_eeg.set,250.0,1,CH1,-28.475866317749023,81.3832778930664,-569.2307739257812,576.0684204101562,1145.2991943359375,1.5823520421981812,2,42,0,0
sub-002,sub-002_ses-01_task-WorkingMemory_run-3_eeg.set,250.0,2,CH2,-31.665498733520508,67.11087036132812,-623.4432373046875,462.2711181640625,1085.71435546875,1.304850697517395,2,0,0,0
sub-002,sub-002_ses-01_task-WorkingMemory_run-3_eeg.set,250.0,3,CH3,-30.21349334716797,78.60034942626953,-582.4176025390625,596.581298828125,1178.9989013671875,1.528243064880371,2,54,0,0
sub-002,sub-002_ses-01_task-WorkingMemory_run-3_eeg.set,250.0,4,CH4,-15.739766120910645,95.10384368896484,-636.6300048828125,684.4933471679688,1321.123291015625,1.8491239547729492,3,238,0,0
sub-002,sub-002_ses-01_task-WorkingMemory_run-3_eeg.set,250.0,5,CH5,-71.13282775878906,102.07012939453125,-577.5335693359375,621.0012817382812,1198.534912109375,1.984570860862732,2,135,0,0
sub-002,sub-002_ses-01_task-WorkingMemory_run-3_eeg.set,250.0,6,CH6,-25.546024322509766,60.49308776855469,-602.4419555664062,471.5506896972656,1073.99267578125,1.1761797666549683,2,0,0,0
sub-002,sub-002_ses-01_task-WorkingMemory_run-3_eeg.set,250.0,7,CH7,-51.36800003051758,57.936058044433594,-620.0244140625,526.2515869140625,1146.2760009765625,1.1264629364013672,2,1,0,0
sub-002,sub-002_ses-01_task-WorkingMemory_run-3_eeg.set,250.0,8,CH8,-44.368751525878906,70.5564193725586,-672.2832641601562,527.2283935546875,1199.51171875,1.3718432188034058,19,3,0,0
sub-002,sub-002_ses-01_task-WorkingMemory_run-3_eeg.set,250.0,9,CH9,-60.67430114746094,132.5181427001953,-718.1929321289062,702.5641479492188,1420.757080078125,2.57657790184021,148,441,0,0
sub-002,sub-002_ses-01_task-WorkingMemory_run-3_eeg.set,250.0,10,CH10,-30.909534454345703,76.5184326171875,-848.107421875,426.61785888671875,1274.725341796875,1.4877638816833496,159,0,0,0
sub-002,sub-002_ses-01_task-WorkingMemory_run-3_eeg.set,250.0,11,CH11,-42.35335159301758,66.37483215332031,-721.6116943359375,767.5214233398438,1489.133056640625,1.2905397415161133,11,8,0,0
sub-002,sub-002_ses-01_task-WorkingMemory_run-3_eeg.set,250.0,12,CH12,-35.69255065917969,57.794525146484375,-578.02197265625,624.4200439453125,1202.4420166015625,1.1237109899520874,3,3,0,0
sub-002,sub-002_ses-01_task-WorkingMemory_run-3_eeg.set,250.0,13,CH13,-21.008028030395508,51.97745132446289,-578.5103759765625,395.3602600097656,973.87060546875,1.010608434677124,1,0,0,0
sub-002,sub-002_ses-01_task-WorkingMemory_run-3_eeg.set,250.0,14,CH14,-27.577972412109375,51.16438674926758,-582.4176025390625,407.57025146484375,989.9878540039062,0.9947998523712158,1,0,0,0
sub-002,sub-002_ses-01_task-WorkingMemory_run-3_eeg.set,250.0,15,CH15,-16.47344207763672,50.26607894897461,-557.99755859375,587.3016357421875,1145.2991943359375,0.9773339033126831,1,3,0,0
sub-002,sub-002_ses-01_task-WorkingMemory_run-3_eeg.set,250.0,16,CH16,-31.39963722229004,52.874359130859375,-594.1392211914062,844.688720703125,1438.827880859375,1.0280472040176392,2,15,0,0
sub-002,sub-002_ses-01_task-WorkingMemory_run-3_eeg.set,250.0,17,CH17,-36.68446731567383,61.17042922973633,-709.8900756835938,915.0183715820312,1624.908447265625,1.1893494129180908,16,40,0,0
sub-002,sub-002_ses-01_task-WorkingMemory_run-3_eeg.set,250.0,18,CH18,-33.062217712402344,87.19017791748047,-781.1965942382812,505.2503662109375,1286.447021484375,1.6952568292617798,21,1,0,0
sub-002,sub-002_ses-01_task-WorkingMemory_run-3_eeg.set,250.0,19,CH19,-46.20302200317383,90.81555938720703,-677.1672973632812,514.0415649414062,1191.2088623046875,1.7657458782196045,13,5,0,0
sub-002,sub-002_ses-01_task-WorkingMemory_run-3_eeg.set,250.0,20,CH20,-36.73447036743164,66.8575668334961,-644.932861328125,328.9377746582031,973.87060546875,1.299925684928894,63,0,0,0
sub-002,sub-002_ses-01_task-WorkingMemory_run-3_eeg.set,250.0,21,CH21,-44.76207733154297,67.20435333251953,-916.9718627929688,332.844970703125,1249.81689453125,1.3066682815551758,111,0,0,0
sub-002,sub-002_ses-01_task-WorkingMemory_run-3_eeg.set,250.0,22,CH22,-47.02572250366211,60.859405517578125,-722.10009765625,642.4909057617188,1364.591064453125,1.1833021640777588,19,4,0,0
sub-002,sub-002_ses-01_task-WorkingMemory_run-3_eeg.set,250.0,23,CH23,-40.57405090332031,58.563499450683594,-620.5128173828125,785.1038208007812,1405.61669921875,1.138662338256836,4,15,0,0
sub-002,sub-002_ses-01_task-WorkingMemory_run-3_eeg.set,250.0,24,CH24,-24.898029327392578,50.685020446777344,-578.5103759765625,390.47625732421875,968.9866333007812,0.985479474067688,1,0,0,0
sub-002,sub-002_ses-01_task-WorkingMemory_run-3_eeg.set,250.0,25,CH25,-33.55278396606445,49.39948654174805,-571.184326171875,403.6630554199219,974.847412109375,0.9604845643043518,1,0,0,0
sub-002,sub-002_ses-01_task-WorkingMemory_run-3_eeg.set,250.0,26,CH26,-42.391357421875,50.21760177612305,-548.7179565429688,690.842529296875,1239.560546875,0.9763913154602051,2,8,0,0
sub-002,sub-002_ses-01_task-WorkingMemory_run-3_eeg.set,250.0,27,CH27,-44.51240921020508,68.62718200683594,-1000.0,1000.0001220703125,2000.0001220703125,1.3343327045440674,45,165,1,3
sub-002,sub-002_ses-01_task-WorkingMemory_run-3_eeg.set,250.0,28,CH28,-33.24681091308594,56.407928466796875,-750.4273681640625,575.0916748046875,1325.51904296875,1.096751093864441,31,1,0,0
sub-002,sub-002_ses-01_task-WorkingMemory_run-3_eeg.set,250.0,29,CH29,-49.34073257446289,63.3940544128418,-846.6422119140625,276.1905212402344,1122.832763671875,1.2325838804244995,40,0,0,0
sub-002,sub-002_ses-01_task-WorkingMemory_run-3_eeg.set,250.0,30,CH30,-43.20121383666992,60.908939361572266,-557.5091552734375,314.2857666015625,871.794921875,1.1842652559280396,2,0,0,0
sub-002,sub-002_ses-01_task-WorkingMemory_run-3_eeg.set,250.0,31,CH31,-61.18484878540039,60.713924407958984,-969.7191162109375,258.11968994140625,1227.8388671875,1.1804735660552979,107,0,0,0
sub-002,sub-002_ses-01_task-WorkingMemory_run-3_eeg.set,250.0,32,CH32,-45.28734588623047,54.83149719238281,-676.1904907226562,576.0684204101562,1252.2589111328125,1.0661002397537231,12,2,0,0
sub-002,sub-002_ses-01_task-WorkingMemory_run-3_eeg.set,250.0,33,CH33,-36.8670539855957,51.873294830322266,-602.930419921875,532.1124267578125,1135.0428466796875,1.0085833072662354,1,1,0,0
sub-002,sub-002_ses-01_task-WorkingMemory_run-3_eeg.set,250.0,34,CH34,-19.408161163330078,52.53052520751953,-582.9059448242188,357.2649841308594,940.1708984375,1.0213619470596313,1,0,0,0
sub-002,sub-002_ses-01_task-WorkingMemory_run-3_eeg.set,250.0,35,CH35,-33.329071044921875,48.35154342651367,-578.5103759765625,344.07818603515625,922.5885620117188,0.9401091933250427,1,0,0,0
sub-002,sub-002_ses-01_task-WorkingMemory_run-3_eeg.set,250.0,36,CH36,-38.024658203125,49.66846466064453,-531.135498046875,586.813232421875,1117.94873046875,0.9657143354415894,2,3,0,0
sub-002,sub-002_ses-01_task-WorkingMemory_run-3_eeg.set,250.0,37,CH37,-48.655826568603516,54.29972457885742,-749.93896484375,879.853515625,1629.79248046875,1.0557608604431152,10,59,0,0
sub-002,sub-002_ses-01_task-WorkingMemory_run-3_eeg.set,250.0,38,CH38,-37.41297149658203,51.43183898925781,-697.6801147460938,601.4652709960938,1299.1453857421875,1.0,10,5,0,0
sub-002,sub-002_ses-01_task-WorkingMemory_run-3_eeg.set,250.0,39,CH39,-47.88961410522461,56.57716751098633,-802.6862182617188,280.09771728515625,1082.783935546875,1.1000417470932007,44,0,0,0
sub-002,sub-002_ses-01_task-WorkingMemory_run-3_eeg.set,250.0,40,CH40,-62.4839973449707,76.17508697509766,-654.21240234375,299.1453552246094,953.3577880859375,1.4810881614685059,1,0,0,0
sub-002,sub-002_ses-01_task-WorkingMemory_run-3_eeg.set,250.0,41,CH41,-51.14298629760742,51.283172607421875,-641.025634765625,344.07818603515625,985.1038208007812,0.9971094727516174,2,0,0,0
sub-002,sub-002_ses-01_task-WorkingMemory_run-3_eeg.set,250.0,42,CH42,-28.54937171936035,50.36537170410156,-592.6739501953125,472.5274963378906,1065.201416015625,0.9792644381523132,1,0,0,0
sub-002,sub-002_ses-01_task-WorkingMemory_run-3_eeg.set,250.0,43,CH43,-30.388856887817383,49.831974029541016,-598.5347900390625,410.0122375488281,1008.5469970703125,0.9688934683799744,1,0,0,0
sub-002,sub-002_ses-01_task-WorkingMemory_run-3_eeg.set,250.0,44,CH44,-39.12983703613281,49.39031219482422,-598.5347900390625,294.2613220214844,892.796142578125,0.9603061676025391,1,0,0,0
sub-002,sub-002_ses-01_task-WorkingMemory_run-3_eeg.set,250.0,45,CH45,-31.39932632446289,49.24019241333008,-582.4176025390625,315.2625427246094,897.68017578125,0.9573873281478882,1,0,0,0
sub-002,sub-002_ses-01_task-WorkingMemory_run-3_eeg.set,250.0,46,CH46,-27.786678314208984,49.05523681640625,-550.1831665039062,379.7314453125,929.9146118164062,0.9537912011146545,1,0,0,0
sub-002,sub-002_ses-01_task-WorkingMemory_run-3_eeg.set,250.0,47,CH47,-48.540958404541016,49.55445861816406,-543.3455200195312,510.1343688964844,1053.4798583984375,0.9634976983070374,1,1,0,0
sub-002,sub-002_ses-01_task-WorkingMemory_run-3_eeg.set,250.0,48,CH48,-38.0814208984375,51.47801971435547,-561.4163208007812,709.8901977539062,1271.3065185546875,1.0008978843688965,4,6,0,0
sub-002,sub-002_ses-01_task-WorkingMemory_run-3_eeg.set,250.0,49,CH49,-51.89124298095703,48.19731903076172,-666.9108276367188,498.901123046875,1165.81201171875,0.9371105432510376,2,0,0,0
sub-002,sub-002_ses-01_task-WorkingMemory_run-3_eeg.set,250.0,50,CH50,-31.064727783203125,43.44490051269531,-439.31622314453125,205.37245178222656,644.6886596679688,0.844708263874054,0,0,0,0
sub-002,sub-002_ses-01_task-WorkingMemory_run-3_eeg.set,250.0,51,CH51,-34.34601593017578,50.72419357299805,-636.1416625976562,456.4103088378906,1092.552001953125,0.9862411022186279,1,0,0,0
sub-002,sub-002_ses-01_task-WorkingMemory_run-3_eeg.set,250.0,52,CH52,-43.80937194824219,48.86021041870117,-625.8851928710938,303.05255126953125,928.937744140625,0.9499992728233337,1,0,0,0
sub-002,sub-002_ses-01_task-WorkingMemory_run-3_eeg.set,250.0,53,CH53,-28.1817569732666,48.54716110229492,-597.5579833984375,300.61053466796875,898.1685180664062,0.9439126253128052,1,0,0,0
sub-002,sub-002_ses-01_task-WorkingMemory_run-3_eeg.set,250.0,54,CH54,-11.831177711486816,52.3997688293457,-597.5579833984375,322.58856201171875,920.1465454101562,1.0188196897506714,1,0,0,0
sub-002,sub-002_ses-01_task-WorkingMemory_run-3_eeg.set,250.0,55,CH55,-22.041011810302734,48.92795181274414,-588.2783813476562,266.4225158691406,854.700927734375,0.9513164162635803,1,0,0,0
sub-002,sub-002_ses-01_task-WorkingMemory_run-3_eeg.set,250.0,56,CH56,-30.559478759765625,48.20595932006836,-580.4639892578125,291.3309326171875,871.794921875,0.9372785687446594,1,0,0,0
sub-002,sub-002_ses-01_task-WorkingMemory_run-3_eeg.set,250.0,57,CH57,-31.623306274414062,47.98378372192383,-575.091552734375,379.2430419921875,954.3345947265625,0.932958722114563,1,0,0,0
sub-002,sub-002_ses-01_task-WorkingMemory_run-3_eeg.set,250.0,58,CH58,-44.629940032958984,47.0874137878418,-585.8363647460938,396.3370666503906,982.1734619140625,0.9155304431915283,1,0,0,0
sub-002,sub-002_ses-01_task-WorkingMemory_run-3_eeg.set,250.0,59,CH59,-51.33964157104492,47.50991439819336,-578.5103759765625,494.50555419921875,1073.015869140625,0.9237452149391174,1,0,0,0
sub-002,sub-002_ses-01_task-WorkingMemory_run-3_eeg.set,250.0,60,CH60,-44.62528610229492,50.34258270263672,-664.9572143554688,405.12823486328125,1070.08544921875,0.978821337223053,3,0,0,0
sub-002,sub-002_ses-01_task-WorkingMemory_run-3_eeg.set,250.0,61,CH61,-32.74261474609375,48.78004837036133,-633.6995849609375,342.12457275390625,975.8241577148438,0.948440670967102,1,0,0,0
sub-002,sub-002_ses-01_task-WorkingMemory_run-3_eeg.set,250.0,62,CH62,-32.342342376708984,50.07936477661133,-630.7692260742188,305.4945373535156,936.2637939453125,0.9737035632133484,1,0,0,0
sub-002,sub-002_ses-01_task-WorkingMemory_run-3_eeg.set,250.0,63,CH63,-44.85335159301758,47.95920181274414,-625.8851928710938,259.09649658203125,884.981689453125,0.9324808120727539,1,0,0,0
sub-002,sub-002_ses-01_task-WorkingMemory_run-3_eeg.set,250.0,64,CH64,-30.86299705505371,47.844940185546875,-594.1392211914062,274.7253112792969,868.864501953125,0.9302591681480408,1,0,0,0
sub-002,sub-002_ses-01_task-WorkingMemory_run-3_eeg.set,250.0,65,CH65,-24.14487648010254,47.59640121459961,-598.04638671875,254.21249389648438,852.2589111328125,0.9254267811775208,1,0,0,0
sub-002,sub-002_ses-01_task-WorkingMemory_run-3_eeg.set,250.0,66,CH66,-32.38176727294922,46.94431686401367,-641.5140380859375,292.3077392578125,933.82177734375,0.9127481579780579,2,0,0,0
sub-002,sub-002_ses-01_task-WorkingMemory_run-3_eeg.set,250.0,67,CH67,-33.43784713745117,51.12184524536133,-642.00244140625,370.4518127441406,1012.4542236328125,0.9939727187156677,1,0,0,0
sub-002,sub-002_ses-01_task-WorkingMemory_run-3_eeg.set,250.0,68,CH68,-24.683759689331055,49.855918884277344,-609.2796020507812,358.7301940917969,968.009765625,0.9693590402603149,2,0,0,0
sub-002,sub-002_ses-01_task-WorkingMemory_run-3_eeg.set,250.0,69,CH69,-34.6450309753418,49.7817268371582,-623.9315795898438,307.4481506347656,931.3797607421875,0.9679165482521057,2,0,0,0
sub-002,sub-002_ses-01_task-WorkingMemory_run-4_eeg.set,250.0,1,CH1,-35.040626525878906,87.46440124511719,-381.6849670410156,882.7839965820312,1264.468994140625,1.9263850450515747,0,144,0,0
sub-002,sub-002_ses-01_task-WorkingMemory_run-4_eeg.set,250.0,2,CH2,-32.59788131713867,67.02073669433594,-403.6629638671875,668.3760986328125,1072.0390625,1.4761176109313965,0,36,0,0
sub-002,sub-002_ses-01_task-WorkingMemory_run-4_eeg.set,250.0,3,CH3,-37.50756072998047,87.70616912841797,-413.43096923828125,965.3236083984375,1378.754638671875,1.931709885597229,0,129,0,0
sub-002,sub-002_ses-01_task-WorkingMemory_run-4_eeg.set,250.0,4,CH4,-17.43747901916504,126.1611557006836,-421.7337951660156,1000.0001220703125,1421.73388671875,2.778672933578491,0,1581,0,776
sub-002,sub-002_ses-01_task-WorkingMemory_run-4_eeg.set,250.0,5,CH5,-71.1012191772461,110.40618896484375,-423.6874084472656,915.9952392578125,1339.6826171875,2.431673049926758,0,258,0,0
sub-002,sub-002_ses-01_task-WorkingMemory_run-4_eeg.set,250.0,6,CH6,-24.420801162719727,61.178443908691406,-281.5628662109375,514.0415649414062,795.6044311523438,1.347442388534546,0,3,0,0
sub-002,sub-002_ses-01_task-WorkingMemory_run-4_eeg.set,250.0,7,CH7,-51.63936233520508,55.22660827636719,-442.7350158691406,632.722900390625,1075.4578857421875,1.2163543701171875,0,2,0,0
sub-002,sub-002_ses-01_task-WorkingMemory_run-4_eeg.set,250.0,8,CH8,-50.55992889404297,75.72766876220703,-436.87420654296875,756.776611328125,1193.65087890625,1.6678860187530518,0,40,0,0
sub-002,sub-002_ses-01_task-WorkingMemory_run-4_eeg.set,250.0,9,CH9,-48.05059051513672,144.05441284179688,-571.184326171875,797.3139038085938,1368.498291015625,3.1727681159973145,11,1244,0,0
sub-002,sub-002_ses-01_task-WorkingMemory_run-4_eeg.set,250.0,10,CH10,-35.60546875,73.46966552734375,-899.3894653320312,461.7826843261719,1361.172119140625,1.6181539297103882,46,0,0,0
sub-002,sub-002_ses-01_task-WorkingMemory_run-4_eeg.set,250.0,11,CH11,-47.71382522583008,63.129493713378906,-559.4627685546875,623.9317016601562,1183.39453125,1.390413761138916,5,7,0,0
sub-002,sub-002_ses-01_task-WorkingMemory_run-4_eeg.set,250.0,12,CH12,-33.47486877441406,49.26046371459961,-470.0854187011719,523.8095703125,993.89501953125,1.084951400756836,0,1,0,0
sub-002,sub-002_ses-01_task-WorkingMemory_run-4_eeg.set,250.0,13,CH13,-23.81939125061035,44.94939041137695,-381.6849670410156,407.57025146484375,789.2552490234375,0.99000084400177,0,0,0,0
sub-002,sub-002_ses-01_task-WorkingMemory_run-4_eeg.set,250.0,14,CH14,-29.498533248901367,44.40016555786133,-377.28936767578125,481.80712890625,859.0964965820312,0.9779043197631836,0,0,0,0
sub-002,sub-002_ses-01_task-WorkingMemory_run-4_eeg.set,250.0,15,CH15,-21.47636604309082,45.8934326171875,-440.29302978515625,636.630126953125,1076.923095703125,1.0107932090759277,0,1,0,0
sub-002,sub-002_ses-01_task-WorkingMemory_run-4_eeg.set,250.0,16,CH16,-33.68588638305664,47.122135162353516,-526.7399291992188,863.736328125,1390.476318359375,1.0378551483154297,2,10,0,0
sub-002,sub-002_ses-01_task-WorkingMemory_run-4_eeg.set,250.0,17,CH17,-35.691165924072266,57.03498458862305,-597.069580078125,895.4823608398438,1492.552001953125,1.2561835050582886,4,36,0,0
sub-002,sub-002_ses-01_task-WorkingMemory_run-4_eeg.set,250.0,18,CH18,-31.447296142578125,98.9223403930664,-577.5335693359375,631.2576904296875,1208.791259765625,2.178743839263916,4,118,0,0
sub-002,sub-002_ses-01_task-WorkingMemory_run-4_eeg.set,250.0,19,CH19,-42.97550964355469,114.20015716552734,-571.6727905273438,679.1209106445312,1250.793701171875,2.5152344703674316,8,732,0,0
sub-002,sub-002_ses-01_task-WorkingMemory_run-4_eeg.set,250.0,20,CH20,-39.85653305053711,65.96974182128906,-638.09521484375,285.9585266113281,924.0537109375,1.4529696702957153,12,0,0,0
sub-002,sub-002_ses-01_task-WorkingMemory_run-4_eeg.set,250.0,21,CH21,-51.66942596435547,64.06641387939453,-889.133056640625,315.7509460449219,1204.884033203125,1.411049246788025,65,0,0,0
sub-002,sub-002_ses-01_task-WorkingMemory_run-4_eeg.set,250.0,22,CH22,-52.67726135253906,57.922080993652344,-672.2832641601562,528.693603515625,1200.976806640625,1.2757216691970825,12,1,0,0
sub-002,sub-002_ses-01_task-WorkingMemory_run-4_eeg.set,250.0,23,CH23,-40.62852096557617,50.45938491821289,-454.45660400390625,847.1306762695312,1301.5872802734375,1.11135733127594,0,14,0,0
sub-002,sub-002_ses-01_task-WorkingMemory_run-4_eeg.set,250.0,24,CH24,-28.653125762939453,45.403385162353516,-391.9413757324219,395.3602600097656,787.3016357421875,1.0,0,0,0,0
sub-002,sub-002_ses-01_task-WorkingMemory_run-4_eeg.set,250.0,25,CH25,-38.099830627441406,44.281063079833984,-392.9181823730469,478.3883056640625,871.3065185546875,0.9752811193466187,0,0,0,0
sub-002,sub-002_ses-01_task-WorkingMemory_run-4_eeg.set,250.0,26,CH26,-46.31403350830078,43.95924758911133,-488.6446533203125,758.2418212890625,1246.886474609375,0.9681931734085083,0,6,0,0
sub-002,sub-002_ses-01_task-WorkingMemory_run-4_eeg.set,250.0,27,CH27,-44.3831787109375,59.852962493896484,-794.871826171875,1000.0001220703125,1794.8719482421875,1.3182488679885864,25,154,0,4
sub-002,sub-002_ses-01_task-WorkingMemory_run-4_eeg.set,250.0,28,CH28,-38.5838623046875,52.260013580322266,-707.4481201171875,548.718017578125,1256.1661376953125,1.1510157585144043,13,2,0,0
sub-002,sub-002_ses-01_task-WorkingMemory_run-4_eeg.set,250.0,29,CH29,-42.83259963989258,55.16030502319336,-763.6141967773438,305.0061340332031,1068.620361328125,1.2148940563201904,12,0,0,0
sub-002,sub-002_ses-01_task-WorkingMemory_run-4_eeg.set,250.0,30,CH30,-38.54124450683594,64.2621841430664,-501.83148193359375,450.54949951171875,952.3809814453125,1.4153610467910767,1,0,0,0
sub-002,sub-002_ses-01_task-WorkingMemory_run-4_eeg.set,250.0,31,CH31,-63.73866653442383,57.49663162231445,-885.2258911132812,231.25767517089844,1116.4835205078125,1.2663512229919434,72,0,0,0
sub-002,sub-002_ses-01_task-WorkingMemory_run-4_eeg.set,250.0,32,CH32,-47.66812515258789,51.62675857543945,-586.3247680664062,480.830322265625,1067.155029296875,1.137068510055542,7,0,0,0
sub-002,sub-002_ses-01_task-WorkingMemory_run-4_eeg.set,250.0,33,CH33,-39.89310073852539,47.882720947265625,-412.9425964355469,506.2271728515625,919.1697998046875,1.0546067953109741,0,1,0,0
sub-002,sub-002_ses-01_task-WorkingMemory_run-4_eeg.set,250.0,34,CH34,-20.658971786499023,43.970035552978516,-334.7984924316406,378.754638671875,713.5531005859375,0.968430757522583,0,0,0,0
sub-002,sub-002_ses-01_task-WorkingMemory_run-4_eeg.set,250.0,35,CH35,-41.251277923583984,43.06346893310547,-373.87054443359375,398.779052734375,772.6495971679688,0.9484638571739197,0,0,0,0
sub-002,sub-002_ses-01_task-WorkingMemory_run-4_eeg.set,250.0,36,CH36,-38.3570671081543,43.015281677246094,-449.084228515625,685.9585571289062,1135.042724609375,0.9474025368690491,0,2,0,0
sub-002,sub-002_ses-01_task-WorkingMemory_run-4_eeg.set,250.0,37,CH37,-52.62384796142578,50.388763427734375,-667.3992919921875,1000.0001220703125,1667.3994140625,1.1098018884658813,6,44,0,2
sub-002,sub-002_ses-01_task-WorkingMemory_run-4_eeg.set,250.0,38,CH38,-40.83686447143555,46.04476547241211,-598.5347900390625,651.7705078125,1250.3052978515625,1.0141263008117676,5,5,0,0
sub-002,sub-002_ses-01_task-WorkingMemory_run-4_eeg.set,250.0,39,CH39,-51.7014274597168,48.678428649902344,-670.3296508789062,199.02325439453125,869.3529052734375,1.0721321105957031,28,0,0,0
sub-002,sub-002_ses-01_task-WorkingMemory_run-4_eeg.set,250.0,40,CH40,-53.344383239746094,82.6095962524414,-359.2185363769531,447.13067626953125,806.3492431640625,1.8194589614868164,0,0,0,0
sub-002,sub-002_ses-01_task-WorkingMemory_run-4_eeg.set,250.0,41,CH41,-56.0112419128418,47.83030319213867,-415.38458251953125,391.94146728515625,807.3260498046875,1.0534523725509644,0,0,0,0
sub-002,sub-002_ses-01_task-WorkingMemory_run-4_eeg.set,250.0,42,CH42,-32.323211669921875,46.04087448120117,-400.24420166015625,449.57269287109375,849.81689453125,1.0140405893325806,0,0,0,0
sub-002,sub-002_ses-01_task-WorkingMemory_run-4_eeg.set,250.0,43,CH43,-32.69923400878906,43.796165466308594,-341.147705078125,321.12335205078125,662.2710571289062,0.9646013379096985,0,0,0,0
sub-002,sub-002_ses-01_task-WorkingMemory_run-4_eeg.set,250.0,44,CH44,-40.686187744140625,43.391605377197266,-341.147705078125,283.51654052734375,624.6642456054688,0.9556909799575806,0,0,0,0
sub-002,sub-002_ses-01_task-WorkingMemory_run-4_eeg.set,250.0,45,CH45,-36.59500503540039,43.062252044677734,-350.42730712890625,360.1954040527344,710.6226806640625,0.9484370350837708,0,0,0,0
sub-002,sub-002_ses-01_task-WorkingMemory_run-4_eeg.set,250.0,46,CH46,-33.212223052978516,43.19001388549805,-384.6153869628906,491.08673095703125,875.7021484375,0.9512509703636169,0,0,0,0
sub-002,sub-002_ses-01_task-WorkingMemory_run-4_eeg.set,250.0,47,CH47,-45.98537826538086,43.95563888549805,-440.29302978515625,632.2344970703125,1072.527587890625,0.9681137204170227,0,2,0,0
sub-002,sub-002_ses-01_task-WorkingMemory_run-4_eeg.set,250.0,48,CH48,-40.39813995361328,45.34111404418945,-462.2710266113281,687.4237670898438,1149.69482421875,0.9986284971237183,0,5,0,0
sub-002,sub-002_ses-01_task-WorkingMemory_run-4_eeg.set,250.0,49,CH49,-51.83475875854492,40.769039154052734,-478.3882751464844,480.830322265625,959.2186279296875,0.8979294896125793,0,0,0,0
sub-002,sub-002_ses-01_task-WorkingMemory_run-4_eeg.set,250.0,50,CH50,-31.233449935913086,35.86347961425781,-287.91204833984375,126.2515640258789,414.1636047363281,0.7898855805397034,0,0,0,0
sub-002,sub-002_ses-01_task-WorkingMemory_run-4_eeg.set,250.0,51,CH51,-34.03567123413086,40.98603439331055,-330.40289306640625,434.9206848144531,765.3236083984375,0.9027087688446045,0,0,0,0
sub-002,sub-002_ses-01_task-WorkingMemory_run-4_eeg.set,250.0,52,CH52,-47.0594482421875,43.595611572265625,-340.6593017578125,338.7057800292969,679.3651123046875,0.9601841568946838,0,0,0,0
sub-002,sub-002_ses-01_task-WorkingMemory_run-4_eeg.set,250.0,53,CH53,-31.84088897705078,43.31483840942383,-319.169677734375,290.3541259765625,609.5238037109375,0.9540001749992371,0,0,0,0
sub-002,sub-002_ses-01_task-WorkingMemory_run-4_eeg.set,250.0,54,CH54,-28.702350616455078,44.0504035949707,-313.7972717285156,284.4933166503906,598.2905883789062,0.9702008366584778,0,0,0,0
sub-002,sub-002_ses-01_task-WorkingMemory_run-4_eeg.set,250.0,55,CH55,-30.902381896972656,43.11381149291992,-326.0072937011719,300.12213134765625,626.12939453125,0.9495726227760315,0,0,0,0
sub-002,sub-002_ses-01_task-WorkingMemory_run-4_eeg.set,250.0,56,CH56,-29.52225112915039,40.3213005065918,-326.0072937011719,363.12579345703125,689.133056640625,0.8880681395530701,0,0,0,0
sub-002,sub-002_ses-01_task-WorkingMemory_run-4_eeg.set,250.0,57,CH57,-33.87605285644531,40.34627151489258,-346.0317077636719,433.4554748535156,779.4871826171875,0.8886181116104126,0,0,0,0
sub-002,sub-002_ses-01_task-WorkingMemory_run-4_eeg.set,250.0,58,CH58,-47.5451774597168,39.80207061767578,-340.1708984375,413.91943359375,754.09033203125,0.8766322135925293,0,0,0,0
sub-002,sub-002_ses-01_task-WorkingMemory_run-4_eeg.set,250.0,59,CH59,-54.502044677734375,42.04084396362305,-362.14892578125,540.9036254882812,903.0525512695312,0.925940752029419,0,1,0,0
sub-002,sub-002_ses-01_task-WorkingMemory_run-4_eeg.set,250.0,60,CH60,-51.45275115966797,43.21735763549805,-805.6165771484375,195.1160430908203,1000.7326049804688,0.9518532156944275,11,0,0,0
sub-002,sub-002_ses-01_task-WorkingMemory_run-4_eeg.set,250.0,61,CH61,-34.052276611328125,41.95710372924805,-310.86688232421875,232.72288513183594,543.5897827148438,0.924096405506134,0,0,0,0
sub-002,sub-002_ses-01_task-WorkingMemory_run-4_eeg.set,250.0,62,CH62,-32.71452331542969,43.232200622558594,-307.4480895996094,261.53851318359375,568.986572265625,0.9521801471710205,0,0,0,0
sub-002,sub-002_ses-01_task-WorkingMemory_run-4_eeg.set,250.0,63,CH63,-47.98994827270508,40.42976760864258,-306.4712829589844,226.37367248535156,532.844970703125,0.8904570937156677,0,0,0,0
sub-002,sub-002_ses-01_task-WorkingMemory_run-4_eeg.set,250.0,64,CH64,-35.18291473388672,39.971378326416016,-289.37725830078125,285.4701232910156,574.847412109375,0.8803611993789673,0,0,0,0
sub-002,sub-002_ses-01_task-WorkingMemory_run-4_eeg.set,250.0,65,CH65,-22.151071548461914,37.15352249145508,-246.3980255126953,236.1416778564453,482.5397033691406,0.8182985186576843,0,0,0,0
sub-002,sub-002_ses-01_task-WorkingMemory_run-4_eeg.set,250.0,66,CH66,-32.40126419067383,40.7337646484375,-599.023193359375,225.39686584472656,824.4200439453125,0.8971526026725769,3,0,0,0
sub-002,sub-002_ses-01_task-WorkingMemory_run-4_eeg.set,250.0,67,CH67,-39.0294075012207,41.61513137817383,-295.7264709472656,220.5128631591797,516.2393188476562,0.9165645241737366,0,0,0,0
sub-002,sub-002_ses-01_task-WorkingMemory_run-4_eeg.set,250.0,68,CH68,-32.21209716796875,39.88116455078125,-275.7020568847656,251.28208923339844,526.984130859375,0.8783742785453796,0,0,0,0
sub-002,sub-002_ses-01_task-WorkingMemory_run-4_eeg.set,250.0,69,CH69,-29.591835021972656,40.042415618896484,-278.6324462890625,242.9792938232422,521.6117553710938,0.8819257616996765,0,0,0,0
sub-003,sub-003_ses-01_task-WorkingMemory_run-1_eeg.set,250.0,1,CH1,-25.748414993286133,69.7293472290039,-483.27227783203125,336.2637634277344,819.5360107421875,2.067105293273926,0,0,0,0
sub-003,sub-003_ses-01_task-WorkingMemory_run-1_eeg.set,250.0,2,CH2,-24.58875274658203,59.76261520385742,-495.48223876953125,271.794921875,767.2771606445312,1.7716444730758667,0,0,0,0
sub-003,sub-003_ses-01_task-WorkingMemory_run-1_eeg.set,250.0,3,CH3,-29.52655792236328,57.58168029785156,-554.09033203125,294.7497253417969,848.840087890625,1.7069913148880005,1,0,0,0
sub-003,sub-003_ses-01_task-WorkingMemory_run-1_eeg.set,250.0,4,CH4,-13.187047004699707,86.52993774414062,-968.2539672851562,281.07452392578125,1249.3284912109375,2.5651535987854004,757,0,0,0
sub-003,sub-003_ses-01_task-WorkingMemory_run-1_eeg.set,250.0,5,CH5,-40.56351852416992,49.8359489440918,-610.7448120117188,195.1160430908203,805.86083984375,1.4773714542388916,5,0,0,0
sub-003,sub-003_ses-01_task-WorkingMemory_run-1_eeg.set,250.0,6,CH6,-24.32112693786621,43.58534240722656,-505.25030517578125,227.8388671875,733.0891723632812,1.292074203491211,1,0,0,0
sub-003,sub-003_ses-01_task-WorkingMemory_run-1_eeg.set,250.0,7,CH7,-63.975196838378906,46.45041275024414,-569.2307739257812,153.60198974609375,722.832763671875,1.377008318901062,1,0,0,0
sub-003,sub-003_ses-01_task-WorkingMemory_run-1_eeg.set,250.0,8,CH8,3.8887736797332764,62.70231246948242,-436.87420654296875,431.01348876953125,867.8876953125,1.8587908744812012,0,0,0,0
sub-003,sub-003_ses-01_task-WorkingMemory_run-1_eeg.set,250.0,9,CH9,-53.2816047668457,33.87889099121094,-627.3504028320312,177.0452117919922,804.3956298828125,1.0043293237686157,1,0,0,0
sub-003,sub-003_ses-01_task-WorkingMemory_run-1_eeg.set,250.0,10,CH10,-38.4264030456543,43.630550384521484,-657.6312255859375,192.67404174804688,850.3052978515625,1.2934143543243408,1,0,0,0
sub-003,sub-003_ses-01_task-WorkingMemory_run-1_eeg.set,250.0,11,CH11,-43.93656539916992,40.00596237182617,-553.6019287109375,210.74485778808594,764.3468017578125,1.1859644651412964,1,0,0,0
sub-003,sub-003_ses-01_task-WorkingMemory_run-1_eeg.set,250.0,12,CH12,-15.79343318939209,39.15740966796875,-558.974365234375,178.5104217529297,737.4848022460938,1.1608093976974487,1,0,0,0
sub-003,sub-003_ses-01_task-WorkingMemory_run-1_eeg.set,250.0,13,CH13,-35.47307205200195,38.084075927734375,-525.7631225585938,207.3260498046875,733.0891723632812,1.1289907693862915,1,0,0,0
sub-003,sub-003_ses-01_task-WorkingMemory_run-1_eeg.set,250.0,14,CH14,-31.76561737060547,37.9430046081543,-517.94873046875,212.69845581054688,730.647216796875,1.1248087882995605,1,0,0,0
sub-003,sub-003_ses-01_task-WorkingMemory_run-1_eeg.set,250.0,15,CH15,-7.9292402267456055,37.89921188354492,-481.31866455078125,233.69967651367188,715.018310546875,1.1235105991363525,0,0,0,0
sub-003,sub-003_ses-01_task-WorkingMemory_run-1_eeg.set,250.0,16,CH16,-40.77467346191406,38.635677337646484,-509.6459045410156,197.55804443359375,707.2039794921875,1.1453428268432617,1,0,0,0
sub-003,sub-003_ses-01_task-WorkingMemory_run-1_eeg.set,250.0,17,CH17,-26.99899673461914,42.07406997680664,-482.7838439941406,252.74729919433594,735.5311279296875,1.2472729682922363,0,0,0,0
sub-003,sub-003_ses-01_task-WorkingMemory_run-1_eeg.set,250.0,18,CH18,-35.11119842529297,45.80667495727539,-480.8302307128906,315.2625427246094,796.0927734375,1.3579248189926147,0,0,0,0
sub-003,sub-003_ses-01_task-WorkingMemory_run-1_eeg.set,250.0,19,CH19,-52.15232467651367,47.87004470825195,-458.36383056640625,282.53973388671875,740.903564453125,1.4190928936004639,0,0,0,0
sub-003,sub-003_ses-01_task-WorkingMemory_run-1_eeg.set,250.0,20,CH20,-44.010093688964844,32.47525405883789,-602.4419555664062,151.6483917236328,754.09033203125,0.9627189636230469,1,0,0,0
sub-003,sub-003_ses-01_task-WorkingMemory_run-1_eeg.set,250.0,21,CH21,-42.93288040161133,31.447328567504883,-575.5799560546875,180.95242309570312,756.5323486328125,0.9322464466094971,1,0,0,0
sub-003,sub-003_ses-01_task-WorkingMemory_run-1_eeg.set,250.0,22,CH22,-43.31861877441406,32.25710678100586,-574.11474609375,179.97561645507812,754.09033203125,0.9562520980834961,1,0,0,0
sub-003,sub-003_ses-01_task-WorkingMemory_run-1_eeg.set,250.0,23,CH23,-53.58174133300781,34.34123229980469,-562.881591796875,179.48721313476562,742.3687744140625,1.0180352926254272,1,0,0,0
sub-003,sub-003_ses-01_task-WorkingMemory_run-1_eeg.set,250.0,24,CH24,-51.02802658081055,34.36345291137695,-547.7411499023438,189.25523376464844,736.9963989257812,1.0186940431594849,1,0,0,0
sub-003,sub-003_ses-01_task-WorkingMemory_run-1_eeg.set,250.0,25,CH25,-41.480438232421875,35.17121124267578,-527.2283325195312,205.37245178222656,732.6007690429688,1.0426398515701294,1,0,0,0
sub-003,sub-003_ses-01_task-WorkingMemory_run-1_eeg.set,250.0,26,CH26,-48.621280670166016,34.219078063964844,-517.4603271484375,206.837646484375,724.2979736328125,1.0144140720367432,1,0,0,0
sub-003,sub-003_ses-01_task-WorkingMemory_run-1_eeg.set,250.0,27,CH27,-38.0621223449707,34.029056549072266,-494.01708984375,200.9768524169922,694.9939575195312,1.0087809562683105,0,0,0,0
sub-003,sub-003_ses-01_task-WorkingMemory_run-1_eeg.set,250.0,28,CH28,-45.353271484375,33.310874938964844,-468.1318359375,214.65206909179688,682.783935546875,0.987490713596344,0,0,0,0
sub-003,sub-003_ses-01_task-WorkingMemory_run-1_eeg.set,250.0,29,CH29,-52.34992980957031,32.493961334228516,-511.1111145019531,202.93045043945312,714.0415649414062,0.9632735252380371,1,0,0,0
sub-003,sub-003_ses-01_task-WorkingMemory_run-1_eeg.set,250.0,30,CH30,-19.09154510498047,30.61985206604004,-433.94378662109375,240.53729248046875,674.4810791015625,0.9077161550521851,0,0,0,0
sub-003,sub-003_ses-01_task-WorkingMemory_run-1_eeg.set,250.0,31,CH31,-30.01216697692871,34.25716018676758,-567.7655639648438,185.3480224609375,753.1135864257812,1.015542984008789,1,0,0,0
sub-003,sub-003_ses-01_task-WorkingMemory_run-1_eeg.set,250.0,32,CH32,-43.47590255737305,34.26836013793945,-556.5323486328125,183.88282775878906,740.4151611328125,1.0158751010894775,1,0,0,0
sub-003,sub-003_ses-01_task-WorkingMemory_run-1_eeg.set,250.0,33,CH33,-45.783203125,33.72406005859375,-567.7655639648438,185.83642578125,753.6019897460938,0.9997394680976868,1,0,0,0
sub-003,sub-003_ses-01_task-WorkingMemory_run-1_eeg.set,250.0,34,CH34,-33.2016487121582,32.54171371459961,-541.8803100585938,185.83642578125,727.7167358398438,0.9646891355514526,1,0,0,0
sub-003,sub-003_ses-01_task-WorkingMemory_run-1_eeg.set,250.0,35,CH35,-52.6348876953125,35.83253860473633,-606.3491821289062,126.7399673461914,733.0891723632812,1.0622446537017822,2,0,0,0
sub-003,sub-003_ses-01_task-WorkingMemory_run-1_eeg.set,250.0,36,CH36,-59.75919723510742,32.28102111816406,-542.8571166992188,157.99758911132812,700.854736328125,0.9569609761238098,1,0,0,0
sub-003,sub-003_ses-01_task-WorkingMemory_run-1_eeg.set,250.0,37,CH37,-41.94222640991211,31.981218338012695,-505.25030517578125,190.72044372558594,695.9707641601562,0.9480734467506409,1,0,0,0
sub-003,sub-003_ses-01_task-WorkingMemory_run-1_eeg.set,250.0,38,CH38,-21.3077392578125,32.9510612487793,-432.4786071777344,240.53729248046875,673.015869140625,0.976824164390564,0,0,0,0
sub-003,sub-003_ses-01_task-WorkingMemory_run-1_eeg.set,250.0,39,CH39,-45.963436126708984,28.964481353759766,-436.3858337402344,199.02325439453125,635.4090576171875,0.8586431741714478,0,0,0,0
sub-003,sub-003_ses-01_task-WorkingMemory_run-1_eeg.set,250.0,40,CH40,-59.019927978515625,73.21348571777344,-553.113525390625,1000.0001220703125,1553.1136474609375,2.170391321182251,1,763,0,371
sub-003,sub-003_ses-01_task-WorkingMemory_run-1_eeg.set,250.0,41,CH41,-50.96637725830078,27.44339942932129,-589.2551879882812,148.22958374023438,737.4847412109375,0.8135511875152588,1,0,0,0
sub-003,sub-003_ses-01_task-WorkingMemory_run-1_eeg.set,250.0,42,CH42,-51.131683349609375,29.297935485839844,-582.4176025390625,158.48599243164062,740.903564453125,0.8685283660888672,1,0,0,0
sub-003,sub-003_ses-01_task-WorkingMemory_run-1_eeg.set,250.0,43,CH43,-34.933013916015625,31.14349365234375,-550.1831665039062,188.2784423828125,738.4616088867188,0.9232393503189087,1,0,0,0
sub-003,sub-003_ses-01_task-WorkingMemory_run-1_eeg.set,250.0,44,CH44,-56.633644104003906,33.83056640625,-559.951171875,189.25523376464844,749.2064208984375,1.002896785736084,1,0,0,0
sub-003,sub-003_ses-01_task-WorkingMemory_run-1_eeg.set,250.0,45,CH45,-48.45061492919922,33.73284912109375,-562.881591796875,178.0220184326172,740.9036254882812,1.0,1,0,0,0
sub-003,sub-003_ses-01_task-WorkingMemory_run-1_eeg.set,250.0,46,CH46,-41.003353118896484,34.31965637207031,-525.2747192382812,182.90602111816406,708.1807250976562,1.0173957347869873,1,0,0,0
sub-003,sub-003_ses-01_task-WorkingMemory_run-1_eeg.set,250.0,47,CH47,-44.12122344970703,30.441837310791016,-494.5054626464844,214.16366577148438,708.6691284179688,0.9024389386177063,0,0,0,0
sub-003,sub-003_ses-01_task-WorkingMemory_run-1_eeg.set,250.0,48,CH48,-37.09988021850586,30.008316040039062,-488.1562805175781,175.09161376953125,663.2479248046875,0.8895873427391052,0,0,0,0
sub-003,sub-003_ses-01_task-WorkingMemory_run-1_eeg.set,250.0,49,CH49,-51.74889373779297,27.60541343688965,-455.43341064453125,177.5336151123047,632.967041015625,0.818354070186615,0,0,0,0
sub-003,sub-003_ses-01_task-WorkingMemory_run-1_eeg.set,250.0,50,CH50,-31.946821212768555,31.108856201171875,-470.5738525390625,207.3260498046875,677.89990234375,0.922212541103363,0,0,0,0
sub-003,sub-003_ses-01_task-WorkingMemory_run-1_eeg.set,250.0,51,CH51,-33.07966995239258,30.125490188598633,-569.2307739257812,183.39442443847656,752.6251831054688,0.8930609226226807,1,0,0,0
sub-003,sub-003_ses-01_task-WorkingMemory_run-1_eeg.set,250.0,52,CH52,-51.534114837646484,30.93618392944336,-569.7191772460938,189.74363708496094,759.4628295898438,0.9170936942100525,1,0,0,0
sub-003,sub-003_ses-01_task-WorkingMemory_run-1_eeg.set,250.0,53,CH53,-36.65705108642578,31.763916015625,-554.09033203125,194.1392364501953,748.2295532226562,0.941631555557251,1,0,0,0
sub-003,sub-003_ses-01_task-WorkingMemory_run-1_eeg.set,250.0,54,CH54,-45.950927734375,32.832401275634766,-562.881591796875,180.46401977539062,743.3455810546875,0.9733064770698547,1,0,0,0
sub-003,sub-003_ses-01_task-WorkingMemory_run-1_eeg.set,250.0,55,CH55,-34.225921630859375,33.319915771484375,-569.7191772460938,173.62640380859375,743.3455810546875,0.9877586960792542,1,0,0,0
sub-003,sub-003_ses-01_task-WorkingMemory_run-1_eeg.set,250.0,56,CH56,-30.984756469726562,31.796815872192383,-522.3442993164062,224.90847778320312,747.2528076171875,0.9426068663597107,1,0,0,0
sub-003,sub-003_ses-01_task-WorkingMemory_run-1_eeg.set,250.0,57,CH57,-44.904293060302734,32.55247116088867,-520.3906860351562,211.23326110839844,731.6239624023438,0.9650080800056458,1,0,0,0
sub-003,sub-003_ses-01_task-WorkingMemory_run-1_eeg.set,250.0,58,CH58,-45.28255081176758,36.442447662353516,-508.6690979003906,932.1124267578125,1440.781494140625,1.0803252458572388,1,87,0,0
sub-003,sub-003_ses-01_task-WorkingMemory_run-1_eeg.set,250.0,59,CH59,-44.81401824951172,30.603395462036133,-468.1318359375,197.55804443359375,665.6898803710938,0.9072282910346985,0,0,0,0
sub-003,sub-003_ses-01_task-WorkingMemory_run-1_eeg.set,250.0,60,CH60,-55.05390167236328,30.866884231567383,-594.6275634765625,195.6044464111328,790.2319946289062,0.9150393605232239,1,0,0,0
sub-003,sub-003_ses-01_task-WorkingMemory_run-1_eeg.set,250.0,61,CH61,-43.12711715698242,34.95512390136719,-560.4395141601562,201.95364379882812,762.3931884765625,1.0362340211868286,1,0,0,0
sub-003,sub-003_ses-01_task-WorkingMemory_run-1_eeg.set,250.0,62,CH62,-43.10873794555664,33.380123138427734,-554.09033203125,209.76805114746094,763.8583984375,0.9895435571670532,1,0,0,0
sub-003,sub-003_ses-01_task-WorkingMemory_run-1_eeg.set,250.0,63,CH63,-52.44187545776367,32.80058288574219,-565.8119506835938,184.3712158203125,750.1831665039062,0.9723632335662842,1,0,0,0
sub-003,sub-003_ses-01_task-WorkingMemory_run-1_eeg.set,250.0,64,CH64,-34.947975158691406,39.24658203125,-525.2747192382812,197.06964111328125,722.3443603515625,1.1634529829025269,1,0,0,0
sub-003,sub-003_ses-01_task-WorkingMemory_run-1_eeg.set,250.0,65,CH65,-11.516901016235352,30.452945709228516,-482.7838439941406,240.53729248046875,723.3211669921875,0.9027682542800903,0,0,0,0
sub-003,sub-003_ses-01_task-WorkingMemory_run-1_eeg.set,250.0,66,CH66,-35.924564361572266,30.208105087280273,-456.41021728515625,262.02691650390625,718.4371337890625,0.8955100178718567,0,0,0,0
sub-003,sub-003_ses-01_task-WorkingMemory_run-1_eeg.set,250.0,67,CH67,-11.04327392578125,37.51612854003906,-591.2088012695312,144.810791015625,736.0195922851562,1.1121541261672974,1,0,0,0
sub-003,sub-003_ses-01_task-WorkingMemory_run-1_eeg.set,250.0,68,CH68,-35.40614700317383,31.245853424072266,-535.042724609375,217.58245849609375,752.6251831054688,0.926273763179779,1,0,0,0
sub-003,sub-003_ses-01_task-WorkingMemory_run-1_eeg.set,250.0,69,CH69,-27.540843963623047,32.64781188964844,-556.0439453125,178.99880981445312,735.042724609375,0.9678344130516052,1,0,0,0
sub-003,sub-003_ses-01_task-WorkingMemory_run-2_eeg.set,250.0,1,CH1,-29.807239532470703,97.26724243164062,-748.4737548828125,388.03424072265625,1136.508056640625,1.2158094644546509,480,0,0,0
sub-003,sub-003_ses-01_task-WorkingMemory_run-2_eeg.set,250.0,2,CH2,-37.608009338378906,104.91004180908203,-1000.0,260.56170654296875,1260.561767578125,1.3113420009613037,497,0,14,0
sub-003,sub-003_ses-01_task-WorkingMemory_run-2_eeg.set,250.0,3,CH3,-38.13587951660156,103.20154571533203,-950.6715698242188,550.1832275390625,1500.854736328125,1.2899863719940186,931,8,0,0
sub-003,sub-003_ses-01_task-WorkingMemory_run-2_eeg.set,250.0,4,CH4,-31.72353172302246,119.26705169677734,-1000.0,470.08551025390625,1470.08544921875,1.4908000230789185,1170,0,221,0
sub-003,sub-003_ses-01_task-WorkingMemory_run-2_eeg.set,250.0,5,CH5,-45.63751220703125,86.81904602050781,-741.6361083984375,211.72166442871094,953.3577880859375,1.0852103233337402,63,0,0,0
sub-003,sub-003_ses-01_task-WorkingMemory_run-2_eeg.set,250.0,6,CH6,-32.64948272705078,84.60062408447266,-507.20391845703125,254.21249389648438,761.4163818359375,1.057480812072754,4,0,0,0
sub-003,sub-003_ses-01_task-WorkingMemory_run-2_eeg.set,250.0,7,CH7,-54.46585464477539,86.04498291015625,-599.5115966796875,313.79736328125,913.3089599609375,1.0755348205566406,136,0,0,0
sub-003,sub-003_ses-01_task-WorkingMemory_run-2_eeg.set,250.0,8,CH8,-9.812638282775879,93.40227508544922,-631.7460327148438,354.3345947265625,986.0806274414062,1.1674985885620117,41,0,0,0
sub-003,sub-003_ses-01_task-WorkingMemory_run-2_eeg.set,250.0,9,CH9,-46.61024856567383,78.5119400024414,-631.7460327148438,208.3028564453125,840.0488891601562,0.9813741445541382,14,0,0,0
sub-003,sub-003_ses-01_task-WorkingMemory_run-2_eeg.set,250.0,10,CH10,-24.41496467590332,82.37262725830078,-682.5396728515625,552.625244140625,1235.1649169921875,1.029631495475769,27,11,0,0
sub-003,sub-003_ses-01_task-WorkingMemory_run-2_eeg.set,250.0,11,CH11,-48.635799407958984,82.28607940673828,-565.8119506835938,315.2625427246094,881.074462890625,1.0285496711730957,172,0,0,0
sub-003,sub-003_ses-01_task-WorkingMemory_run-2_eeg.set,250.0,12,CH12,-21.87513542175293,80.00204467773438,-525.7631225585938,264.4689025878906,790.2320556640625,1.0,4,0,0,0
sub-003,sub-003_ses-01_task-WorkingMemory_run-2_eeg.set,250.0,13,CH13,-38.79743194580078,82.07470703125,-509.1575012207031,233.21127319335938,742.3687744140625,1.0259076356887817,4,0,0,0
sub-003,sub-003_ses-01_task-WorkingMemory_run-2_eeg.set,250.0,14,CH14,-37.824039459228516,81.96792602539062,-495.9706726074219,245.42129516601562,741.3919677734375,1.0245728492736816,0,0,0,0
sub-003,sub-003_ses-01_task-WorkingMemory_run-2_eeg.set,250.0,15,CH15,-10.095144271850586,81.41752624511719,-467.6434631347656,264.4689025878906,732.1123657226562,1.017693042755127,0,0,0,0
sub-003,sub-003_ses-01_task-WorkingMemory_run-2_eeg.set,250.0,16,CH16,-46.79853439331055,81.4612808227539,-513.064697265625,174.11480712890625,687.1795043945312,1.018239974975586,12,0,0,0
sub-003,sub-003_ses-01_task-WorkingMemory_run-2_eeg.set,250.0,17,CH17,-31.48501205444336,84.82077026367188,-508.6690979003906,411.47747802734375,920.1466064453125,1.0602325201034546,9,0,0,0
sub-003,sub-003_ses-01_task-WorkingMemory_run-2_eeg.set,250.0,18,CH18,-40.75255584716797,84.71561431884766,-564.8351440429688,365.07940673828125,929.91455078125,1.0589181184768677,375,0,0,0
sub-003,sub-003_ses-01_task-WorkingMemory_run-2_eeg.set,250.0,19,CH19,-47.37236022949219,87.36300659179688,-569.7191772460938,383.1502380371094,952.869384765625,1.0920096635818481,378,0,0,0
sub-003,sub-003_ses-01_task-WorkingMemory_run-2_eeg.set,250.0,20,CH20,-49.22074508666992,78.1978759765625,-573.6264038085938,166.30039978027344,739.9268188476562,0.9774484634399414,18,0,0,0
sub-003,sub-003_ses-01_task-WorkingMemory_run-2_eeg.set,250.0,21,CH21,-44.492225646972656,77.47830200195312,-534.06591796875,183.88282775878906,717.94873046875,0.9684540033340454,7,0,0,0
sub-003,sub-003_ses-01_task-WorkingMemory_run-2_eeg.set,250.0,22,CH22,-46.77414321899414,78.08887481689453,-520.3906860351562,361.1722106933594,881.5628662109375,0.9760859608650208,3,0,0,0
sub-003,sub-003_ses-01_task-WorkingMemory_run-2_eeg.set,250.0,23,CH23,-59.75201416015625,79.95368194580078,-515.5067138671875,244.93289184570312,760.4395751953125,0.999395489692688,22,0,0,0
sub-003,sub-003_ses-01_task-WorkingMemory_run-2_eeg.set,250.0,24,CH24,-49.62898635864258,79.9393539428711,-507.20391845703125,241.5140838623047,748.718017578125,0.9992163777351379,8,0,0,0
sub-003,sub-003_ses-01_task-WorkingMemory_run-2_eeg.set,250.0,25,CH25,-47.664676666259766,80.27018737792969,-506.7154846191406,245.90969848632812,752.6251831054688,1.0033516883850098,6,0,0,0
sub-003,sub-003_ses-01_task-WorkingMemory_run-2_eeg.set,250.0,26,CH26,-45.06174087524414,80.62561798095703,-494.9938659667969,257.1429138183594,752.1367797851562,1.0077944993972778,0,0,0,0
sub-003,sub-003_ses-01_task-WorkingMemory_run-2_eeg.set,250.0,27,CH27,-40.75444030761719,80.21034240722656,-495.9706726074219,274.2369079589844,770.2075805664062,1.0026036500930786,0,0,0,0
sub-003,sub-003_ses-01_task-WorkingMemory_run-2_eeg.set,250.0,28,CH28,-48.89362716674805,78.9785385131836,-497.9242858886719,407.57025146484375,905.4945068359375,0.9872065186500549,0,0,0,0
sub-003,sub-003_ses-01_task-WorkingMemory_run-2_eeg.set,250.0,29,CH29,-51.611942291259766,82.81078338623047,-566.7887573242188,260.07330322265625,826.862060546875,1.0351083278656006,662,0,0,0
sub-003,sub-003_ses-01_task-WorkingMemory_run-2_eeg.set,250.0,30,CH30,-25.367341995239258,77.52726745605469,-500.85467529296875,203.90725708007812,704.761962890625,0.9690660834312439,1,0,0,0
sub-003,sub-003_ses-01_task-WorkingMemory_run-2_eeg.set,250.0,31,CH31,-23.30751609802246,78.5130844116211,-543.8339233398438,181.44081115722656,725.2747192382812,0.9813884496688843,8,0,0,0
sub-003,sub-003_ses-01_task-WorkingMemory_run-2_eeg.set,250.0,32,CH32,-47.27085494995117,78.15586853027344,-525.2747192382812,391.94146728515625,917.2161865234375,0.976923406124115,6,0,0,0
sub-003,sub-003_ses-01_task-WorkingMemory_run-2_eeg.set,250.0,33,CH33,-39.66313171386719,85.24752807617188,-491.086669921875,357.7533874511719,848.840087890625,1.065566897392273,0,0,0,0
sub-003,sub-003_ses-01_task-WorkingMemory_run-2_eeg.set,250.0,34,CH34,-32.22903823852539,77.9364242553711,-474.96942138671875,230.76927185058594,705.7387084960938,0.9741804003715515,0,0,0,0
sub-003,sub-003_ses-01_task-WorkingMemory_run-2_eeg.set,250.0,35,CH35,-55.94123077392578,93.02190399169922,-665.4456787109375,126.2515640258789,791.697265625,1.1627440452575684,1335,0,0,0
sub-003,sub-003_ses-01_task-WorkingMemory_run-2_eeg.set,250.0,36,CH36,-52.63603210449219,78.33484649658203,-576.068359375,149.69479370117188,725.76318359375,0.9791605472564697,11,0,0,0
sub-003,sub-003_ses-01_task-WorkingMemory_run-2_eeg.set,250.0,37,CH37,-42.853294372558594,79.37779235839844,-513.064697265625,260.56170654296875,773.6264038085938,0.9921970367431641,4,0,0,0
sub-003,sub-003_ses-01_task-WorkingMemory_run-2_eeg.set,250.0,38,CH38,-33.71282196044922,81.33440399169922,-516.971923828125,252.25889587402344,769.2308349609375,1.0166540145874023,11,0,0,0
sub-003,sub-003_ses-01_task-WorkingMemory_run-2_eeg.set,250.0,39,CH39,-48.45004653930664,77.50977325439453,-533.089111328125,227.35047912597656,760.4395751953125,0.968847393989563,135,0,0,0
sub-003,sub-003_ses-01_task-WorkingMemory_run-2_eeg.set,250.0,40,CH40,-52.897865295410156,80.59666442871094,-601.95361328125,205.86085510253906,807.814453125,1.0074325799942017,581,0,0,0
sub-003,sub-003_ses-01_task-WorkingMemory_run-2_eeg.set,250.0,41,CH41,-51.94031524658203,76.33806610107422,-533.089111328125,229.79248046875,762.881591796875,0.9542014598846436,13,0,0,0
sub-003,sub-003_ses-01_task-WorkingMemory_run-2_eeg.set,250.0,42,CH42,-53.66035079956055,76.24503326416016,-526.2515258789062,246.39808654785156,772.6495971679688,0.9530385732650757,5,0,0,0
sub-003,sub-003_ses-01_task-WorkingMemory_run-2_eeg.set,250.0,43,CH43,-29.603490829467773,80.92575073242188,-491.5750427246094,290.3541259765625,781.92919921875,1.011546015739441,0,0,0,0
sub-003,sub-003_ses-01_task-WorkingMemory_run-2_eeg.set,250.0,44,CH44,-47.68979263305664,83.0472640991211,-511.1111145019531,348.4737854003906,859.5848999023438,1.0380642414093018,22,0,0,0
sub-003,sub-003_ses-01_task-WorkingMemory_run-2_eeg.set,250.0,45,CH45,-51.57534408569336,78.46404266357422,-520.879150390625,205.86085510253906,726.739990234375,0.9807754755020142,13,0,0,0
sub-003,sub-003_ses-01_task-WorkingMemory_run-2_eeg.set,250.0,46,CH46,-29.337434768676758,77.42865753173828,-484.7374572753906,261.05010986328125,745.78759765625,0.9678334593772888,0,0,0,0
sub-003,sub-003_ses-01_task-WorkingMemory_run-2_eeg.set,250.0,47,CH47,-37.57429504394531,78.77286529541016,-522.8327026367188,291.3309326171875,814.1636352539062,0.9846356511116028,33,0,0,0
sub-003,sub-003_ses-01_task-WorkingMemory_run-2_eeg.set,250.0,48,CH48,-47.27363586425781,76.78211212158203,-511.1111145019531,254.21249389648438,765.3236083984375,0.9597518444061279,8,0,0,0
sub-003,sub-003_ses-01_task-WorkingMemory_run-2_eeg.set,250.0,49,CH49,-49.90666961669922,75.60539245605469,-522.8327026367188,262.02691650390625,784.859619140625,0.9450432658195496,56,0,0,0
sub-003,sub-003_ses-01_task-WorkingMemory_run-2_eeg.set,250.0,50,CH50,-36.03537368774414,84.94731140136719,-595.115966796875,237.6068878173828,832.7228393554688,1.061814308166504,451,0,0,0
sub-003,sub-003_ses-01_task-WorkingMemory_run-2_eeg.set,250.0,51,CH51,-38.102535247802734,75.13825225830078,-535.042724609375,216.1172637939453,751.1599731445312,0.9392041563987732,6,0,0,0
sub-003,sub-003_ses-01_task-WorkingMemory_run-2_eeg.set,250.0,52,CH52,-53.24911880493164,78.51415252685547,-530.15869140625,230.76927185058594,760.927978515625,0.981401801109314,10,0,0,0
sub-003,sub-003_ses-01_task-WorkingMemory_run-2_eeg.set,250.0,53,CH53,-34.486724853515625,79.83232879638672,-514.5299072265625,268.3760986328125,782.906005859375,0.9978786110877991,74,0,0,0
sub-003,sub-003_ses-01_task-WorkingMemory_run-2_eeg.set,250.0,54,CH54,-44.91139221191406,78.36184692382812,-515.5067138671875,237.1184844970703,752.6251831054688,0.979498028755188,6,0,0,0
sub-003,sub-003_ses-01_task-WorkingMemory_run-2_eeg.set,250.0,55,CH55,-43.95466232299805,78.54488372802734,-520.3906860351562,241.5140838623047,761.90478515625,0.9817859530448914,5,0,0,0
sub-003,sub-003_ses-01_task-WorkingMemory_run-2_eeg.set,250.0,56,CH56,-21.558507919311523,79.70382690429688,-498.9010925292969,310.866943359375,809.76806640625,0.9962723851203918,0,0,0,0
sub-003,sub-003_ses-01_task-WorkingMemory_run-2_eeg.set,250.0,57,CH57,-47.35650634765625,79.98993682861328,-534.5543212890625,309.4017639160156,843.9560546875,0.9998486638069153,192,0,0,0
sub-003,sub-003_ses-01_task-WorkingMemory_run-2_eeg.set,250.0,58,CH58,-45.283607482910156,80.14564514160156,-526.7399291992188,289.86572265625,816.6056518554688,1.0017949342727661,112,0,0,0
sub-003,sub-003_ses-01_task-WorkingMemory_run-2_eeg.set,250.0,59,CH59,-50.25198745727539,78.0943603515625,-526.7399291992188,305.4945373535156,832.2344970703125,0.9761545658111572,149,0,0,0
sub-003,sub-003_ses-01_task-WorkingMemory_run-2_eeg.set,250.0,60,CH60,-55.01470947265625,76.18897247314453,-564.3467407226562,227.8388671875,792.1856079101562,0.9523378014564514,8,0,0,0
sub-003,sub-003_ses-01_task-WorkingMemory_run-2_eeg.set,250.0,61,CH61,-42.66572189331055,76.99011993408203,-533.5775146484375,242.0024871826172,775.5800170898438,0.96235191822052,11,0,0,0
sub-003,sub-003_ses-01_task-WorkingMemory_run-2_eeg.set,250.0,62,CH62,-39.67616653442383,81.88987731933594,-528.205078125,301.58734130859375,829.7924194335938,1.0235973596572876,165,0,0,0
sub-003,sub-003_ses-01_task-WorkingMemory_run-2_eeg.set,250.0,63,CH63,-48.42987823486328,78.29780578613281,-527.2283325195312,260.07330322265625,787.3016357421875,0.9786975383758545,7,0,0,0
sub-003,sub-003_ses-01_task-WorkingMemory_run-2_eeg.set,250.0,64,CH64,-33.80934524536133,84.861572265625,-539.9266967773438,304.51776123046875,844.4444580078125,1.0607424974441528,287,0,0,0
sub-003,sub-003_ses-01_task-WorkingMemory_run-2_eeg.set,250.0,65,CH65,-19.139591217041016,80.2641830444336,-500.3663024902344,361.6606140136719,862.0269165039062,1.0032765865325928,1,0,0,0
sub-003,sub-003_ses-01_task-WorkingMemory_run-2_eeg.set,250.0,66,CH66,-24.33688735961914,82.06778717041016,-534.5543212890625,420.7570495605469,955.3114013671875,1.0258210897445679,256,0,0,0
sub-003,sub-003_ses-01_task-WorkingMemory_run-2_eeg.set,250.0,67,CH67,-18.338088989257812,76.59718322753906,-551.1599731445312,185.3480224609375,736.5079956054688,0.9574403166770935,5,0,0,0
sub-003,sub-003_ses-01_task-WorkingMemory_run-2_eeg.set,250.0,68,CH68,-36.67521286010742,79.29603576660156,-538.4615478515625,288.888916015625,827.3504638671875,0.99117511510849,11,0,0,0
sub-003,sub-003_ses-01_task-WorkingMemory_run-2_eeg.set,250.0,69,CH69,-31.7457275390625,80.8652572631836,-598.5347900390625,293.2845458984375,891.8193359375,1.0107898712158203,9,0,0,0
sub-003,sub-003_ses-01_task-WorkingMemory_run-3_eeg.set,250.0,1,CH1,-38.39775848388672,84.55519104003906,-678.6324462890625,472.5274963378906,1151.159912109375,1.2801400423049927,2,0,0,0
sub-003,sub-003_ses-01_task-WorkingMemory_run-3_eeg.set,250.0,2,CH2,-38.222415924072266,80.64258575439453,-847.1306762695312,463.2479248046875,1310.378662109375,1.2209044694900513,58,0,0,0
sub-003,sub-003_ses-01_task-WorkingMemory_run-3_eeg.set,250.0,3,CH3,-41.833351135253906,88.364013671875,-623.4432373046875,529.1820068359375,1152.625244140625,1.3378045558929443,37,3,0,0
sub-003,sub-003_ses-01_task-WorkingMemory_run-3_eeg.set,250.0,4,CH4,-40.619449615478516,94.9180908203125,-1000.0,430.5250549316406,1430.5250244140625,1.4370312690734863,575,0,256,0
sub-003,sub-003_ses-01_task-WorkingMemory_run-3_eeg.set,250.0,5,CH5,-51.10289764404297,72.59046173095703,-768.986572265625,494.0171203613281,1263.003662109375,1.098997712135315,68,0,0,0
sub-003,sub-003_ses-01_task-WorkingMemory_run-3_eeg.set,250.0,6,CH6,-46.14594650268555,69.72474670410156,-664.4688720703125,402.1978454589844,1066.666748046875,1.0556116104125977,2,0,0,0
sub-003,sub-003_ses-01_task-WorkingMemory_run-3_eeg.set,250.0,7,CH7,-57.384342193603516,76.1575927734375,-680.5860595703125,491.57513427734375,1172.1611328125,1.1530029773712158,3,0,0,0
sub-003,sub-003_ses-01_task-WorkingMemory_run-3_eeg.set,250.0,8,CH8,-31.151304244995117,83.23155975341797,-593.1624145507812,496.4591369628906,1089.62158203125,1.2601007223129272,2,0,0,0
sub-003,sub-003_ses-01_task-WorkingMemory_run-3_eeg.set,250.0,9,CH9,-62.44186782836914,61.169456481933594,-736.7521362304688,342.61297607421875,1079.3651123046875,0.9260871410369873,3,0,0,0
sub-003,sub-003_ses-01_task-WorkingMemory_run-3_eeg.set,250.0,10,CH10,-40.97462844848633,71.71770477294922,-756.7765502929688,478.8767395019531,1235.6533203125,1.0857844352722168,5,0,0,0
sub-003,sub-003_ses-01_task-WorkingMemory_run-3_eeg.set,250.0,11,CH11,-59.25558853149414,66.9068374633789,-710.8668823242188,411.47747802734375,1122.3443603515625,1.0129493474960327,2,0,0,0
sub-003,sub-003_ses-01_task-WorkingMemory_run-3_eeg.set,250.0,12,CH12,-30.927438735961914,66.6758041381836,-709.8900756835938,421.2454833984375,1131.135498046875,1.0094516277313232,3,0,0,0
sub-003,sub-003_ses-01_task-WorkingMemory_run-3_eeg.set,250.0,13,CH13,-47.0732536315918,66.52737426757812,-673.7484741210938,362.63739013671875,1036.3858642578125,1.0072044134140015,2,0,0,0
sub-003,sub-003_ses-01_task-WorkingMemory_run-3_eeg.set,250.0,14,CH14,-51.945220947265625,67.347412109375,-670.3296508789062,369.4750061035156,1039.8046875,1.0196194648742676,2,0,0,0
sub-003,sub-003_ses-01_task-WorkingMemory_run-3_eeg.set,250.0,15,CH15,-26.766399383544922,67.47183227539062,-634.6763916015625,386.0806579589844,1020.757080078125,1.021503210067749,2,0,0,0
sub-003,sub-003_ses-01_task-WorkingMemory_run-3_eeg.set,250.0,16,CH16,-57.333839416503906,68.86674499511719,-656.166015625,372.4053955078125,1028.5714111328125,1.0426217317581177,2,0,0,0
sub-003,sub-003_ses-01_task-WorkingMemory_run-3_eeg.set,250.0,17,CH17,-43.678707122802734,71.92052459716797,-608.3027954101562,421.7338562011719,1030.03662109375,1.0888550281524658,2,0,0,0
sub-003,sub-003_ses-01_task-WorkingMemory_run-3_eeg.set,250.0,18,CH18,-52.06692123413086,77.46095275878906,-551.1599731445312,439.3162841796875,990.4762573242188,1.1727354526519775,2,0,0,0
sub-003,sub-003_ses-01_task-WorkingMemory_run-3_eeg.set,250.0,19,CH19,-50.60943603515625,80.58689880371094,-594.1392211914062,659.5848999023438,1253.72412109375,1.2200613021850586,2,42,0,0
sub-003,sub-003_ses-01_task-WorkingMemory_run-3_eeg.set,250.0,20,CH20,-59.860923767089844,64.28546905517578,-729.4260864257812,333.3333740234375,1062.759521484375,0.9732626080513,2,0,0,0
sub-003,sub-003_ses-01_task-WorkingMemory_run-3_eeg.set,250.0,21,CH21,-57.63343048095703,63.11933135986328,-699.145263671875,326.4957580566406,1025.6409912109375,0.9556076526641846,2,0,0,0
sub-003,sub-003_ses-01_task-WorkingMemory_run-3_eeg.set,250.0,22,CH22,-58.558563232421875,63.93767547607422,-695.238037109375,422.2222900390625,1117.4603271484375,0.967997133731842,2,0,0,0
sub-003,sub-003_ses-01_task-WorkingMemory_run-3_eeg.set,250.0,23,CH23,-73.0712890625,65.40403747558594,-690.3540649414062,338.2173767089844,1028.5714111328125,0.9901974201202393,2,0,0,0
sub-003,sub-003_ses-01_task-WorkingMemory_run-3_eeg.set,250.0,24,CH24,-56.54139709472656,64.83171081542969,-684.4932861328125,338.2173767089844,1022.710693359375,0.9815325736999512,2,0,0,0
sub-003,sub-003_ses-01_task-WorkingMemory_run-3_eeg.set,250.0,25,CH25,-59.48369216918945,65.82691192626953,-669.8412475585938,326.0073547363281,995.8486328125,0.9965996146202087,2,0,0,0
sub-003,sub-003_ses-01_task-WorkingMemory_run-3_eeg.set,250.0,26,CH26,-56.836509704589844,67.13648223876953,-651.7704467773438,351.4041748046875,1003.1746215820312,1.0164260864257812,2,0,0,0
sub-003,sub-003_ses-01_task-WorkingMemory_run-3_eeg.set,250.0,27,CH27,-52.66471862792969,66.35203552246094,-625.3968505859375,354.822998046875,980.2198486328125,1.0045498609542847,2,0,0,0
sub-003,sub-003_ses-01_task-WorkingMemory_run-3_eeg.set,250.0,28,CH28,-63.54391098022461,67.50452423095703,-606.8375854492188,410.50067138671875,1017.3382568359375,1.0219981670379639,2,0,0,0
sub-003,sub-003_ses-01_task-WorkingMemory_run-3_eeg.set,250.0,29,CH29,-54.337379455566406,73.26708221435547,-556.5323486328125,434.4322814941406,990.964599609375,1.1092414855957031,4,0,0,0
sub-003,sub-003_ses-01_task-WorkingMemory_run-3_eeg.set,250.0,30,CH30,-37.18153762817383,66.051513671875,-523.3211059570312,375.3358459472656,898.656982421875,1.0,1,0,0,0
sub-003,sub-003_ses-01_task-WorkingMemory_run-3_eeg.set,250.0,31,CH31,-23.166311264038086,63.3253173828125,-632.7227783203125,309.89013671875,942.6129150390625,0.9587262272834778,2,0,0,0
sub-003,sub-003_ses-01_task-WorkingMemory_run-3_eeg.set,250.0,32,CH32,-55.49207305908203,64.71693420410156,-689.8656616210938,347.9853820800781,1037.85107421875,0.9797948598861694,2,0,0,0
sub-003,sub-003_ses-01_task-WorkingMemory_run-3_eeg.set,250.0,33,CH33,-48.375831604003906,70.8372573852539,-708.9132690429688,414.896240234375,1123.8095703125,1.0724546909332275,3,0,0,0
sub-003,sub-003_ses-01_task-WorkingMemory_run-3_eeg.set,250.0,34,CH34,-31.279176712036133,63.61516189575195,-648.8400268554688,339.6825866699219,988.5225830078125,0.9631143808364868,2,0,0,0
sub-003,sub-003_ses-01_task-WorkingMemory_run-3_eeg.set,250.0,35,CH35,-47.32829284667969,63.66853332519531,-684.981689453125,337.2405700683594,1022.2222900390625,0.963922381401062,2,0,0,0
sub-003,sub-003_ses-01_task-WorkingMemory_run-3_eeg.set,250.0,36,CH36,-51.219547271728516,65.79866790771484,-641.025634765625,342.61297607421875,983.6386108398438,0.9961720108985901,2,0,0,0
sub-003,sub-003_ses-01_task-WorkingMemory_run-3_eeg.set,250.0,37,CH37,-53.748619079589844,65.56363677978516,-628.8156127929688,366.05621337890625,994.871826171875,0.992613673210144,2,0,0,0
sub-003,sub-003_ses-01_task-WorkingMemory_run-3_eeg.set,250.0,38,CH38,-45.409969329833984,67.03303527832031,-590.7203369140625,390.96466064453125,981.6849975585938,1.014859914779663,2,0,0,0
sub-003,sub-003_ses-01_task-WorkingMemory_run-3_eeg.set,250.0,39,CH39,-58.01332092285156,65.45723724365234,-545.2991333007812,404.15142822265625,949.4505615234375,0.9910028576850891,1,0,0,0
sub-003,sub-003_ses-01_task-WorkingMemory_run-3_eeg.set,250.0,40,CH40,-57.870506286621094,65.3222427368164,-704.029296875,367.5213928222656,1071.5506591796875,0.9889590740203857,2,0,0,0
sub-003,sub-003_ses-01_task-WorkingMemory_run-3_eeg.set,250.0,41,CH41,-59.97631072998047,60.67648696899414,-697.191650390625,304.02935791015625,1001.2210083007812,0.9186237454414368,2,0,0,0
sub-003,sub-003_ses-01_task-WorkingMemory_run-3_eeg.set,250.0,42,CH42,-61.736080169677734,63.201271057128906,-684.0048828125,350.4273986816406,1034.4322509765625,0.9568482041358948,2,0,0,0
sub-003,sub-003_ses-01_task-WorkingMemory_run-3_eeg.set,250.0,43,CH43,-52.17306900024414,64.35631561279297,-669.8412475585938,361.6606140136719,1031.5018310546875,0.9743351936340332,2,0,0,0
sub-003,sub-003_ses-01_task-WorkingMemory_run-3_eeg.set,250.0,44,CH44,-59.672515869140625,64.71553039550781,-677.6556396484375,346.5201721191406,1024.17578125,0.9797736406326294,2,0,0,0
sub-003,sub-003_ses-01_task-WorkingMemory_run-3_eeg.set,250.0,45,CH45,-59.259796142578125,64.7998275756836,-678.6324462890625,311.3553466796875,989.98779296875,0.9810498356819153,2,0,0,0
sub-003,sub-003_ses-01_task-WorkingMemory_run-3_eeg.set,250.0,46,CH46,-40.029510498046875,65.00951385498047,-639.072021484375,368.0097961425781,1007.081787109375,0.9842244386672974,2,0,0,0
sub-003,sub-003_ses-01_task-WorkingMemory_run-3_eeg.set,250.0,47,CH47,-50.558929443359375,66.36792755126953,-637.118408203125,385.1038513183594,1022.2222900390625,1.0047904253005981,2,0,0,0
sub-003,sub-003_ses-01_task-WorkingMemory_run-3_eeg.set,250.0,48,CH48,-58.4729118347168,64.65916442871094,-612.2099609375,363.12579345703125,975.3357543945312,0.9789202809333801,2,0,0,0
sub-003,sub-003_ses-01_task-WorkingMemory_run-3_eeg.set,250.0,49,CH49,-52.73136520385742,63.218231201171875,-566.3003540039062,391.45306396484375,957.75341796875,0.9571049809455872,1,0,0,0
sub-003,sub-003_ses-01_task-WorkingMemory_run-3_eeg.set,250.0,50,CH50,-39.89113235473633,69.33252716064453,-461.2942199707031,430.03668212890625,891.3309326171875,1.0496735572814941,0,0,0,0
sub-003,sub-003_ses-01_task-WorkingMemory_run-3_eeg.set,250.0,51,CH51,-50.60702133178711,63.75924301147461,-704.5177001953125,334.798583984375,1039.3162841796875,0.9652957320213318,2,0,0,0
sub-003,sub-003_ses-01_task-WorkingMemory_run-3_eeg.set,250.0,52,CH52,-62.88749313354492,64.35289001464844,-699.6336669921875,357.2649841308594,1056.898681640625,0.9742833375930786,2,0,0,0
sub-003,sub-003_ses-01_task-WorkingMemory_run-3_eeg.set,250.0,53,CH53,-45.962196350097656,65.06587982177734,-671.7948608398438,379.2430419921875,1051.037841796875,0.9850777983665466,2,0,0,0
sub-003,sub-003_ses-01_task-WorkingMemory_run-3_eeg.set,250.0,54,CH54,-50.89851379394531,65.203369140625,-679.120849609375,342.61297607421875,1021.7338256835938,0.9871593713760376,2,0,0,0
sub-003,sub-003_ses-01_task-WorkingMemory_run-3_eeg.set,250.0,55,CH55,-46.994503021240234,64.35594177246094,-667.3992919921875,372.893798828125,1040.2930908203125,0.9743295311927795,2,0,0,0
sub-003,sub-003_ses-01_task-WorkingMemory_run-3_eeg.set,250.0,56,CH56,-34.428226470947266,65.77003479003906,-645.4212036132812,408.05865478515625,1053.4798583984375,0.9957385063171387,2,0,0,0
sub-003,sub-003_ses-01_task-WorkingMemory_run-3_eeg.set,250.0,57,CH57,-56.858821868896484,66.79147338867188,-641.5140380859375,399.2674560546875,1040.781494140625,1.0112028121948242,2,0,0,0
sub-003,sub-003_ses-01_task-WorkingMemory_run-3_eeg.set,250.0,58,CH58,-57.40049362182617,66.6839599609375,-630.2808227539062,406.5934753417969,1036.874267578125,1.0095750093460083,2,0,0,0
sub-003,sub-003_ses-01_task-WorkingMemory_run-3_eeg.set,250.0,59,CH59,-61.3250617980957,67.26840209960938,-596.0927734375,425.64105224609375,1021.7338256835938,1.018423318862915,1,0,0,0
sub-003,sub-003_ses-01_task-WorkingMemory_run-3_eeg.set,250.0,60,CH60,-67.68952941894531,64.63169860839844,-710.8668823242188,406.5934753417969,1117.4603271484375,0.9785044193267822,2,0,0,0
sub-003,sub-003_ses-01_task-WorkingMemory_run-3_eeg.set,250.0,61,CH61,-50.18294143676758,64.12548828125,-697.6801147460938,366.05621337890625,1063.736328125,0.970840573310852,2,0,0,0
sub-003,sub-003_ses-01_task-WorkingMemory_run-3_eeg.set,250.0,62,CH62,-47.897518157958984,66.07244873046875,-685.4700317382812,383.1502380371094,1068.6202392578125,1.0003169775009155,2,0,0,0
sub-003,sub-003_ses-01_task-WorkingMemory_run-3_eeg.set,250.0,63,CH63,-51.301082611083984,66.0335693359375,-675.2136840820312,394.8718566894531,1070.0855712890625,0.9997283220291138,2,0,0,0
sub-003,sub-003_ses-01_task-WorkingMemory_run-3_eeg.set,250.0,64,CH64,-40.62114715576172,75.17161560058594,-655.6776733398438,401.70947265625,1057.38720703125,1.138075590133667,2,0,0,0
sub-003,sub-003_ses-01_task-WorkingMemory_run-3_eeg.set,250.0,65,CH65,-32.26101303100586,67.75962829589844,-618.07080078125,461.7826843261719,1079.853515625,1.02586030960083,1,0,0,0
sub-003,sub-003_ses-01_task-WorkingMemory_run-3_eeg.set,250.0,66,CH66,-31.066843032836914,70.71957397460938,-600.0,504.7619934082031,1104.761962890625,1.0706729888916016,1,1,0,0
sub-003,sub-003_ses-01_task-WorkingMemory_run-3_eeg.set,250.0,67,CH67,-34.79998016357422,61.424320220947266,-724.5421142578125,316.2393493652344,1040.781494140625,0.929945707321167,3,0,0,0
sub-003,sub-003_ses-01_task-WorkingMemory_run-3_eeg.set,250.0,68,CH68,-46.76251220703125,65.83159637451172,-633.2112426757812,392.4298400878906,1025.64111328125,0.9966705441474915,2,0,0,0
sub-003,sub-003_ses-01_task-WorkingMemory_run-3_eeg.set,250.0,69,CH69,-41.12210464477539,71.52989959716797,-638.5836181640625,394.3834533691406,1032.967041015625,1.0829410552978516,2,0,0,0
sub-003,sub-003_ses-01_task-WorkingMemory_run-4_eeg.set,250.0,1,CH1,-29.986095428466797,88.4378433227539,-900.3663330078125,334.3101806640625,1234.676513671875,1.1263290643692017,117,0,0,0
sub-003,sub-003_ses-01_task-WorkingMemory_run-4_eeg.set,250.0,2,CH2,-22.696613311767578,85.39454650878906,-888.1563110351562,320.14654541015625,1208.3028564453125,1.0875701904296875,164,0,0,0
sub-003,sub-003_ses-01_task-WorkingMemory_run-4_eeg.set,250.0,3,CH3,-31.257360458374023,85.56743621826172,-870.5739135742188,368.9866027832031,1239.560546875,1.08977210521698,89,0,0,0
sub-003,sub-003_ses-01_task-WorkingMemory_run-4_eeg.set,250.0,4,CH4,-27.9205265045166,89.6181411743164,-918.4370727539062,437.3626708984375,1355.7998046875,1.141361117362976,111,0,0,0
sub-003,sub-003_ses-01_task-WorkingMemory_run-4_eeg.set,250.0,5,CH5,-42.66843032836914,83.78880310058594,-999.0231323242188,259.58489990234375,1258.6080322265625,1.0671197175979614,232,0,0,0
sub-003,sub-003_ses-01_task-WorkingMemory_run-4_eeg.set,250.0,6,CH6,-39.6118278503418,81.55946350097656,-936.5078735351562,271.794921875,1208.302734375,1.0387272834777832,157,0,0,0
sub-003,sub-003_ses-01_task-WorkingMemory_run-4_eeg.set,250.0,7,CH7,-47.723941802978516,86.06893920898438,-1000.0,283.51654052734375,1283.5166015625,1.0961591005325317,409,0,1,0
sub-003,sub-003_ses-01_task-WorkingMemory_run-4_eeg.set,250.0,8,CH8,-22.738569259643555,88.5401382446289,-863.2478637695312,347.9853820800781,1211.2332763671875,1.1276319026947021,98,0,0,0
sub-003,sub-003_ses-01_task-WorkingMemory_run-4_eeg.set,250.0,9,CH9,-55.90034484863281,81.15538787841797,-1000.0,236.1416778564453,1236.1417236328125,1.033581018447876,324,0,1,0
sub-003,sub-003_ses-01_task-WorkingMemory_run-4_eeg.set,250.0,10,CH10,-32.31583023071289,81.21907043457031,-990.2319946289062,275.7021179199219,1265.93408203125,1.03439199924469,209,0,0,0
sub-003,sub-003_ses-01_task-WorkingMemory_run-4_eeg.set,250.0,11,CH11,-48.55143356323242,80.11372375488281,-960.4395751953125,264.9573059082031,1225.3968505859375,1.0203145742416382,178,0,0,0
sub-003,sub-003_ses-01_task-WorkingMemory_run-4_eeg.set,250.0,12,CH12,-24.71538543701172,83.28789520263672,-952.6251831054688,299.1453552246094,1251.7705078125,1.0607402324676514,154,0,0,0
sub-003,sub-003_ses-01_task-WorkingMemory_run-4_eeg.set,250.0,13,CH13,-39.32499694824219,80.48213195800781,-964.8351440429688,239.56048583984375,1204.3956298828125,1.0250065326690674,186,0,0,0
sub-003,sub-003_ses-01_task-WorkingMemory_run-4_eeg.set,250.0,14,CH14,-43.40129852294922,80.373779296875,-951.1599731445312,255.18930053710938,1206.3492431640625,1.0236265659332275,179,0,0,0
sub-003,sub-003_ses-01_task-WorkingMemory_run-4_eeg.set,250.0,15,CH15,-22.12601089477539,79.50569915771484,-913.064697265625,272.771728515625,1185.83642578125,1.012570858001709,123,0,0,0
sub-003,sub-003_ses-01_task-WorkingMemory_run-4_eeg.set,250.0,16,CH16,-48.976341247558594,80.1212158203125,-971.184326171875,242.4908905029297,1213.6751708984375,1.0204099416732788,242,0,0,0
sub-003,sub-003_ses-01_task-WorkingMemory_run-4_eeg.set,250.0,17,CH17,-35.953651428222656,80.89281463623047,-934.06591796875,294.2613220214844,1228.3272705078125,1.0302369594573975,118,0,0,0
sub-003,sub-003_ses-01_task-WorkingMemory_run-4_eeg.set,250.0,18,CH18,-44.30382537841797,79.32978820800781,-812.942626953125,397.3138427734375,1210.2564697265625,1.0103304386138916,47,0,0,0
sub-003,sub-003_ses-01_task-WorkingMemory_run-4_eeg.set,250.0,19,CH19,-41.30282974243164,82.60082244873047,-824.1758422851562,416.849853515625,1241.025634765625,1.0519897937774658,66,0,0,0
sub-003,sub-003_ses-01_task-WorkingMemory_run-4_eeg.set,250.0,20,CH20,-58.08119201660156,82.98377990722656,-1000.0,232.72288513183594,1232.722900390625,1.0568671226501465,332,0,1,0
sub-003,sub-003_ses-01_task-WorkingMemory_run-4_eeg.set,250.0,21,CH21,-49.816612243652344,78.8656997680664,-1000.0,239.56048583984375,1239.560546875,1.0044199228286743,304,0,1,0
sub-003,sub-003_ses-01_task-WorkingMemory_run-4_eeg.set,250.0,22,CH22,-51.96158218383789,78.25208282470703,-955.5555419921875,242.0024871826172,1197.5579833984375,0.9966049790382385,181,0,0,0
sub-003,sub-003_ses-01_task-WorkingMemory_run-4_eeg.set,250.0,23,CH23,-64.00289154052734,77.27426147460938,-963.3699340820312,225.39686584472656,1188.766845703125,0.9841516613960266,203,0,0,0
sub-003,sub-003_ses-01_task-WorkingMemory_run-4_eeg.set,250.0,24,CH24,-44.26768493652344,78.67332458496094,-953.6019287109375,248.35169982910156,1201.95361328125,1.001969814300537,186,0,0,0
sub-003,sub-003_ses-01_task-WorkingMemory_run-4_eeg.set,250.0,25,CH25,-51.14760208129883,80.27111053466797,-988.7667846679688,207.814453125,1196.581298828125,1.022318959236145,269,0,0,0
sub-003,sub-003_ses-01_task-WorkingMemory_run-4_eeg.set,250.0,26,CH26,-48.04600524902344,77.64080810546875,-933.0891723632812,242.9792938232422,1176.0684814453125,0.9888198971748352,165,0,0,0
sub-003,sub-003_ses-01_task-WorkingMemory_run-4_eeg.set,250.0,27,CH27,-46.66597366333008,77.74057006835938,-914.5299072265625,242.0024871826172,1156.5323486328125,0.9900904297828674,156,0,0,0
sub-003,sub-003_ses-01_task-WorkingMemory_run-4_eeg.set,250.0,28,CH28,-58.103214263916016,76.33818817138672,-889.6214599609375,335.775390625,1225.3968505859375,0.9722299575805664,122,0,0,0
sub-003,sub-003_ses-01_task-WorkingMemory_run-4_eeg.set,250.0,29,CH29,-51.46767044067383,75.76337432861328,-888.6447143554688,340.6593933105469,1229.3040771484375,0.9649092555046082,143,0,0,0
sub-003,sub-003_ses-01_task-WorkingMemory_run-4_eeg.set,250.0,30,CH30,-30.460298538208008,77.28714752197266,-892.0635375976562,308.9133605957031,1200.9769287109375,0.9843157529830933,188,0,0,0
sub-003,sub-003_ses-01_task-WorkingMemory_run-4_eeg.set,250.0,31,CH31,-22.784927368164062,82.5761489868164,-977.5335083007812,322.10015869140625,1299.6336669921875,1.05167555809021,217,0,0,0
sub-003,sub-003_ses-01_task-WorkingMemory_run-4_eeg.set,250.0,32,CH32,-46.742923736572266,77.25690460205078,-1000.0,259.58489990234375,1259.5849609375,0.9839305877685547,286,0,1,0
sub-003,sub-003_ses-01_task-WorkingMemory_run-4_eeg.set,250.0,33,CH33,-41.773681640625,85.14501953125,-936.5078735351562,271.3065185546875,1207.814453125,1.0843921899795532,504,0,0,0
sub-003,sub-003_ses-01_task-WorkingMemory_run-4_eeg.set,250.0,34,CH34,-22.160335540771484,77.67748260498047,-956.0438842773438,233.21127319335938,1189.255126953125,0.9892869591712952,172,0,0,0
sub-003,sub-003_ses-01_task-WorkingMemory_run-4_eeg.set,250.0,35,CH35,-36.398433685302734,84.0531234741211,-1000.0,193.16244506835938,1193.1624755859375,1.070486068725586,495,0,2,0
sub-003,sub-003_ses-01_task-WorkingMemory_run-4_eeg.set,250.0,36,CH36,-39.993797302246094,77.6519775390625,-954.09033203125,227.8388671875,1181.92919921875,0.9889621734619141,187,0,0,0
sub-003,sub-003_ses-01_task-WorkingMemory_run-4_eeg.set,250.0,37,CH37,-48.32921600341797,77.14339447021484,-925.7631225585938,245.42129516601562,1171.1844482421875,0.9824849367141724,154,0,0,0
sub-003,sub-003_ses-01_task-WorkingMemory_run-4_eeg.set,250.0,38,CH38,-38.79234313964844,76.10699462890625,-892.5518798828125,272.2833251953125,1164.835205078125,0.9692855477333069,128,0,0,0
sub-003,sub-003_ses-01_task-WorkingMemory_run-4_eeg.set,250.0,39,CH39,-52.41249465942383,78.0154037475586,-996.0927734375,242.9792938232422,1239.072021484375,0.9935907125473022,316,0,0,0
sub-003,sub-003_ses-01_task-WorkingMemory_run-4_eeg.set,250.0,40,CH40,-46.16331481933594,81.0491943359375,-996.5811767578125,240.53729248046875,1237.118408203125,1.0322284698486328,214,0,0,0
sub-003,sub-003_ses-01_task-WorkingMemory_run-4_eeg.set,250.0,41,CH41,-53.32002639770508,75.42454528808594,-980.4639892578125,222.95486450195312,1203.4188232421875,0.9605939388275146,185,0,0,0
sub-003,sub-003_ses-01_task-WorkingMemory_run-4_eeg.set,250.0,42,CH42,-53.834014892578125,76.28598022460938,-985.3479614257812,259.58489990234375,1244.932861328125,0.9715650677680969,198,0,0,0
sub-003,sub-003_ses-01_task-WorkingMemory_run-4_eeg.set,250.0,43,CH43,-36.19819641113281,75.92533111572266,-938.4614868164062,263.0036926269531,1201.4652099609375,0.9669718742370605,132,0,0,0
sub-003,sub-003_ses-01_task-WorkingMemory_run-4_eeg.set,250.0,44,CH44,-53.552513122558594,78.59968566894531,-982.9059448242188,219.53607177734375,1202.4420166015625,1.0010319948196411,194,0,0,0
sub-003,sub-003_ses-01_task-WorkingMemory_run-4_eeg.set,250.0,45,CH45,-51.079307556152344,81.15702819824219,-1000.0,192.18563842773438,1192.1856689453125,1.0336018800735474,332,0,1,0
sub-003,sub-003_ses-01_task-WorkingMemory_run-4_eeg.set,250.0,46,CH46,-33.53471755981445,76.18383026123047,-952.6251831054688,230.76927185058594,1183.3944091796875,0.9702640771865845,173,0,0,0
sub-003,sub-003_ses-01_task-WorkingMemory_run-4_eeg.set,250.0,47,CH47,-43.91149139404297,76.55293273925781,-923.8095092773438,247.86329650878906,1171.6728515625,0.9749649167060852,148,0,0,0
sub-003,sub-003_ses-01_task-WorkingMemory_run-4_eeg.set,250.0,48,CH48,-49.22808837890625,74.54447937011719,-946.27587890625,233.69967651367188,1179.9755859375,0.9493855834007263,223,0,0,0
sub-003,sub-003_ses-01_task-WorkingMemory_run-4_eeg.set,250.0,49,CH49,-46.94198989868164,77.60287475585938,-946.764404296875,237.6068878173828,1184.371337890625,0.9883368015289307,259,0,0,0
sub-003,sub-003_ses-01_task-WorkingMemory_run-4_eeg.set,250.0,50,CH50,-35.462013244628906,83.34869384765625,-803.174560546875,264.9573059082031,1068.1318359375,1.0615144968032837,243,0,0,0
sub-003,sub-003_ses-01_task-WorkingMemory_run-4_eeg.set,250.0,51,CH51,-43.644256591796875,76.86486053466797,-989.255126953125,246.88648986816406,1236.1416015625,0.978937566280365,186,0,0,0
sub-003,sub-003_ses-01_task-WorkingMemory_run-4_eeg.set,250.0,52,CH52,-53.03429412841797,76.58412170410156,-978.5103759765625,238.09527587890625,1216.605712890625,0.9753621220588684,178,0,0,0
sub-003,sub-003_ses-01_task-WorkingMemory_run-4_eeg.set,250.0,53,CH53,-36.5003547668457,77.12675476074219,-967.2771606445312,246.88648986816406,1214.1636962890625,0.9822730422019958,182,0,0,0
sub-003,sub-003_ses-01_task-WorkingMemory_run-4_eeg.set,250.0,54,CH54,-45.984107971191406,78.5186538696289,-994.6275634765625,218.55926513671875,1213.186767578125,1.0,219,0,0,0
sub-003,sub-003_ses-01_task-WorkingMemory_run-4_eeg.set,250.0,55,CH55,-44.380435943603516,78.53565979003906,-987.7900390625,218.07086181640625,1205.86083984375,1.0002166032791138,199,0,0,0
sub-003,sub-003_ses-01_task-WorkingMemory_run-4_eeg.set,250.0,56,CH56,-25.700563430786133,77.71035766601562,-957.9974975585938,239.56048583984375,1197.5579833984375,0.9897056818008423,179,0,0,0
sub-003,sub-003_ses-01_task-WorkingMemory_run-4_eeg.set,250.0,57,CH57,-46.900386810302734,76.5097427368164,-945.7875366210938,232.23448181152344,1178.02197265625,0.9744148254394531,166,0,0,0
sub-003,sub-003_ses-01_task-WorkingMemory_run-4_eeg.set,250.0,58,CH58,-52.743717193603516,76.08927154541016,-952.13671875,214.16366577148438,1166.3004150390625,0.9690598249435425,187,0,0,0
sub-003,sub-003_ses-01_task-WorkingMemory_run-4_eeg.set,250.0,59,CH59,-50.748207092285156,74.92650604248047,-919.90234375,221.4896697998047,1141.3919677734375,0.9542510509490967,173,0,0,0
sub-003,sub-003_ses-01_task-WorkingMemory_run-4_eeg.set,250.0,60,CH60,-65.70317840576172,77.08332061767578,-1000.0,224.90847778320312,1224.908447265625,0.9817198514938354,247,0,1,0
sub-003,sub-003_ses-01_task-WorkingMemory_run-4_eeg.set,250.0,61,CH61,-37.94887161254883,77.24168395996094,-1000.0,257.1429138183594,1257.1429443359375,0.9837367534637451,212,0,1,0
sub-003,sub-003_ses-01_task-WorkingMemory_run-4_eeg.set,250.0,62,CH62,-41.55205154418945,76.88986206054688,-988.2783813476562,254.70089721679688,1242.979248046875,0.9792559742927551,186,0,0,0
sub-003,sub-003_ses-01_task-WorkingMemory_run-4_eeg.set,250.0,63,CH63,-33.14067459106445,75.98301696777344,-954.5787963867188,265.9341125488281,1220.512939453125,0.967706561088562,148,0,0,0
sub-003,sub-003_ses-01_task-WorkingMemory_run-4_eeg.set,250.0,64,CH64,-34.048362731933594,79.50608825683594,-972.1611938476562,269.3529052734375,1241.51416015625,1.0125757455825806,265,0,0,0
sub-003,sub-003_ses-01_task-WorkingMemory_run-4_eeg.set,250.0,65,CH65,-27.065357208251953,75.49036407470703,-932.6007080078125,254.70089721679688,1187.3016357421875,0.9614322185516357,146,0,0,0
sub-003,sub-003_ses-01_task-WorkingMemory_run-4_eeg.set,250.0,66,CH66,-30.476985931396484,75.0377426147461,-913.5531616210938,307.4481506347656,1221.0013427734375,0.9556677341461182,178,0,0,0
sub-003,sub-003_ses-01_task-WorkingMemory_run-4_eeg.set,250.0,67,CH67,-27.837600708007812,82.19710540771484,-1000.0,204.39564514160156,1204.3956298828125,1.046848177909851,496,0,1,0
sub-003,sub-003_ses-01_task-WorkingMemory_run-4_eeg.set,250.0,68,CH68,-37.63535690307617,75.11302185058594,-964.8351440429688,241.0256805419922,1205.86083984375,0.9566264748573303,172,0,0,0
sub-003,sub-003_ses-01_task-WorkingMemory_run-4_eeg.set,250.0,69,CH69,-32.53486633300781,81.03240203857422,-1000.0,232.23448181152344,1232.2344970703125,1.0320146083831787,435,0,1,0
sub-004,sub-004_ses-01_task-WorkingMemory_run-1_eeg.set,250.0,1,CH1,12.596090316772461,229.5847930908203,-1000.0,1000.0001220703125,2000.0001220703125,1.0819950103759766,1275,6618,312,4108
sub-004,sub-004_ses-01_task-WorkingMemory_run-1_eeg.set,250.0,2,CH2,6.681360244750977,225.4988250732422,-1000.0,1000.0001220703125,2000.0001220703125,1.0627385377883911,1037,6478,318,4232
sub-004,sub-004_ses-01_task-WorkingMemory_run-1_eeg.set,250.0,3,CH3,9.09406852722168,228.7476348876953,-1000.0,1000.0001220703125,2000.0001220703125,1.078049659729004,1035,6567,265,4532
sub-004,sub-004_ses-01_task-WorkingMemory_run-1_eeg.set,250.0,4,CH4,9.239959716796875,226.89601135253906,-1000.0,1000.0001220703125,2000.0001220703125,1.069323182106018,1484,6509,340,4029
sub-004,sub-004_ses-01_task-WorkingMemory_run-1_eeg.set,250.0,5,CH5,-14.803927421569824,219.6879425048828,-1000.0,1000.0001220703125,2000.0001220703125,1.0353528261184692,1031,6326,382,3928
sub-004,sub-004_ses-01_task-WorkingMemory_run-1_eeg.set,250.0,6,CH6,0.37413302063941956,216.508056640625,-1000.0,1000.0001220703125,2000.0001220703125,1.0203665494918823,1022,6372,326,4323
sub-004,sub-004_ses-01_task-WorkingMemory_run-1_eeg.set,250.0,7,CH7,-15.852962493896484,219.9004669189453,-1000.0,1000.0001220703125,2000.0001220703125,1.036354422569275,1021,6322,323,4472
sub-004,sub-004_ses-01_task-WorkingMemory_run-1_eeg.set,250.0,8,CH8,-0.36856546998023987,223.99258422851562,-1000.0,1000.0001220703125,2000.0001220703125,1.0556398630142212,1016,6428,318,4706
sub-004,sub-004_ses-01_task-WorkingMemory_run-1_eeg.set,250.0,9,CH9,-13.623978614807129,210.34323120117188,-1000.0,1000.0001220703125,2000.0001220703125,0.9913127422332764,1025,6305,500,3930
sub-004,sub-004_ses-01_task-WorkingMemory_run-1_eeg.set,250.0,10,CH10,-8.758862495422363,212.18655395507812,-1000.0,1000.0001220703125,2000.0001220703125,1.0,1024,6321,426,3919
sub-004,sub-004_ses-01_task-WorkingMemory_run-1_eeg.set,250.0,11,CH11,-16.75658416748047,213.1326141357422,-1000.0,1000.0001220703125,2000.0001220703125,1.0044586658477783,1024,6288,396,3876
sub-004,sub-004_ses-01_task-WorkingMemory_run-1_eeg.set,250.0,12,CH12,12.86025333404541,210.55670166015625,-1000.0,1000.0001220703125,2000.0001220703125,0.9923187494277954,1022,6349,333,3982
sub-004,sub-004_ses-01_task-WorkingMemory_run-1_eeg.set,250.0,13,CH13,1.8601516485214233,211.84878540039062,-1000.0,1000.0001220703125,2000.0001220703125,0.9984081387519836,1023,6328,332,4070
sub-004,sub-004_ses-01_task-WorkingMemory_run-1_eeg.set,250.0,14,CH14,-8.65813159942627,213.0465850830078,-1000.0,1000.0001220703125,2000.0001220703125,1.0040532350540161,1021,6271,337,4249
sub-004,sub-004_ses-01_task-WorkingMemory_run-1_eeg.set,250.0,15,CH15,21.150522232055664,209.43080139160156,-1000.0,1000.0001220703125,2000.0001220703125,0.9870126247406006,1020,6374,268,4523
sub-004,sub-004_ses-01_task-WorkingMemory_run-1_eeg.set,250.0,16,CH16,-2.1802284717559814,213.17547607421875,-1000.0,1000.0001220703125,2000.0001220703125,1.0046606063842773,1022,6328,340,4524
sub-004,sub-004_ses-01_task-WorkingMemory_run-1_eeg.set,250.0,17,CH17,2.6979148387908936,213.6558380126953,-1000.0,1000.0001220703125,2000.0001220703125,1.0069245100021362,1024,6358,320,4672
sub-004,sub-004_ses-01_task-WorkingMemory_run-1_eeg.set,250.0,18,CH18,5.329298973083496,214.51295471191406,-1000.0,1000.0001220703125,2000.0001220703125,1.0109639167785645,1017,6370,308,4755
sub-004,sub-004_ses-01_task-WorkingMemory_run-1_eeg.set,250.0,19,CH19,-25.165077209472656,219.55723571777344,-1000.0,1000.0001220703125,2000.0001220703125,1.0347367525100708,1020,6402,337,4590
sub-004,sub-004_ses-01_task-WorkingMemory_run-1_eeg.set,250.0,20,CH20,-16.177270889282227,208.8309326171875,-1000.0,1000.0001220703125,2000.0001220703125,0.984185516834259,1024,6309,394,3932
sub-004,sub-004_ses-01_task-WorkingMemory_run-1_eeg.set,250.0,21,CH21,-8.94967269897461,209.1150665283203,-1000.0,1000.0001220703125,2000.0001220703125,0.985524594783783,1024,6315,373,3953
sub-004,sub-004_ses-01_task-WorkingMemory_run-1_eeg.set,250.0,22,CH22,-13.565034866333008,210.81629943847656,-1000.0,1000.0001220703125,2000.0001220703125,0.9935421943664551,1024,6300,383,3936
sub-004,sub-004_ses-01_task-WorkingMemory_run-1_eeg.set,250.0,23,CH23,-15.731996536254883,212.26876831054688,-1000.0,1000.0001220703125,2000.0001220703125,1.00038743019104,1025,6282,375,4037
sub-004,sub-004_ses-01_task-WorkingMemory_run-1_eeg.set,250.0,24,CH24,14.077136993408203,209.28036499023438,-1000.0,1000.0001220703125,2000.0001220703125,0.9863036274909973,1023,6353,296,4493
sub-004,sub-004_ses-01_task-WorkingMemory_run-1_eeg.set,250.0,25,CH25,1.6365994215011597,210.97914123535156,-1000.0,1000.0001220703125,2000.0001220703125,0.994309663772583,1023,6316,337,4527
sub-004,sub-004_ses-01_task-WorkingMemory_run-1_eeg.set,250.0,26,CH26,-12.362517356872559,212.7474365234375,-1000.0,1000.0001220703125,2000.0001220703125,1.002643346786499,1025,6290,337,4496
sub-004,sub-004_ses-01_task-WorkingMemory_run-1_eeg.set,250.0,27,CH27,-3.792475461959839,212.1893310546875,-1000.0,1000.0001220703125,2000.0001220703125,1.0000131130218506,1024,6329,318,4610
sub-004,sub-004_ses-01_task-WorkingMemory_run-1_eeg.set,250.0,28,CH28,1.0553326606750488,211.10000610351562,-1000.0,1000.0001220703125,2000.0001220703125,0.9948793053627014,1023,6321,309,4733
sub-004,sub-004_ses-01_task-WorkingMemory_run-1_eeg.set,250.0,29,CH29,-19.14996910095215,215.22164916992188,-1000.0,1000.0001220703125,2000.0001220703125,1.0143039226531982,1023,6308,334,4749
sub-004,sub-004_ses-01_task-WorkingMemory_run-1_eeg.set,250.0,30,CH30,-12.033872604370117,214.39688110351562,-1000.0,1000.0001220703125,2000.0001220703125,1.010416865348816,1022,6333,341,4768
sub-004,sub-004_ses-01_task-WorkingMemory_run-1_eeg.set,250.0,31,CH31,-28.720849990844727,211.3839111328125,-1000.0,1000.0001220703125,2000.0001220703125,0.9962172508239746,1026,6255,412,3922
sub-004,sub-004_ses-01_task-WorkingMemory_run-1_eeg.set,250.0,32,CH32,-11.497781753540039,209.59500122070312,-1000.0,1000.0001220703125,2000.0001220703125,0.9877864718437195,1024,6268,364,3959
sub-004,sub-004_ses-01_task-WorkingMemory_run-1_eeg.set,250.0,33,CH33,-1.1890629529953003,209.98976135253906,-1000.0,1000.0001220703125,2000.0001220703125,0.989646852016449,1023,6302,360,4168
sub-004,sub-004_ses-01_task-WorkingMemory_run-1_eeg.set,250.0,34,CH34,28.624187469482422,206.61654663085938,-1000.0,1000.0001220703125,2000.0001220703125,0.9737494587898254,1022,6435,263,4600
sub-004,sub-004_ses-01_task-WorkingMemory_run-1_eeg.set,250.0,35,CH35,-5.6307549476623535,211.4717559814453,-1000.0,1000.0001220703125,2000.0001220703125,0.9966312646865845,1022,6317,346,4449
sub-004,sub-004_ses-01_task-WorkingMemory_run-1_eeg.set,250.0,36,CH36,4.360698699951172,210.13375854492188,-1000.0,1000.0001220703125,2000.0001220703125,0.9903255105018616,1023,6347,327,4550
sub-004,sub-004_ses-01_task-WorkingMemory_run-1_eeg.set,250.0,37,CH37,-10.590919494628906,212.66412353515625,-1000.0,1000.0001220703125,2000.0001220703125,1.0022506713867188,1023,6319,355,4551
sub-004,sub-004_ses-01_task-WorkingMemory_run-1_eeg.set,250.0,38,CH38,3.494807243347168,211.25596618652344,-1000.0,1000.0001220703125,2000.0001220703125,0.9956142902374268,1021,6394,321,4717
sub-004,sub-004_ses-01_task-WorkingMemory_run-1_eeg.set,250.0,39,CH39,-4.2301201820373535,211.8030242919922,-1000.0,1000.0001220703125,2000.0001220703125,0.9981924891471863,1023,6332,338,4643
sub-004,sub-004_ses-01_task-WorkingMemory_run-1_eeg.set,250.0,40,CH40,-7.824985980987549,209.4474334716797,-1000.0,1000.0001220703125,2000.0001220703125,0.9870910048484802,1023,6334,349,4111
sub-004,sub-004_ses-01_task-WorkingMemory_run-1_eeg.set,250.0,41,CH41,-12.399386405944824,209.84652709960938,-1000.0,1000.0001220703125,2000.0001220703125,0.9889718294143677,1023,6297,364,4016
sub-004,sub-004_ses-01_task-WorkingMemory_run-1_eeg.set,250.0,42,CH42,-13.432965278625488,210.4533233642578,-1000.0,1000.0001220703125,2000.0001220703125,0.9918316006660461,1024,6280,389,4068
sub-004,sub-004_ses-01_task-WorkingMemory_run-1_eeg.set,250.0,43,CH43,-11.566110610961914,210.5727081298828,-1000.0,1000.0001220703125,2000.0001220703125,0.992394208908081,1025,6271,361,4247
sub-004,sub-004_ses-01_task-WorkingMemory_run-1_eeg.set,250.0,44,CH44,-17.313095092773438,213.30885314941406,-1000.0,1000.0001220703125,2000.0001220703125,1.0052891969680786,1024,6292,381,4473
sub-004,sub-004_ses-01_task-WorkingMemory_run-1_eeg.set,250.0,45,CH45,-22.153287887573242,213.7989044189453,-1000.0,1000.0001220703125,2000.0001220703125,1.0075987577438354,1028,6262,420,4449
sub-004,sub-004_ses-01_task-WorkingMemory_run-1_eeg.set,250.0,46,CH46,-6.165545463562012,211.03016662597656,-1000.0,1000.0001220703125,2000.0001220703125,0.9945501089096069,1022,6298,343,4515
sub-004,sub-004_ses-01_task-WorkingMemory_run-1_eeg.set,250.0,47,CH47,-9.00963306427002,212.2943878173828,-1000.0,1000.0001220703125,2000.0001220703125,1.000508189201355,1021,6337,370,4545
sub-004,sub-004_ses-01_task-WorkingMemory_run-1_eeg.set,250.0,48,CH48,-0.7578158378601074,210.80979919433594,-1000.0,1000.0001220703125,2000.0001220703125,0.9935115575790405,1021,6362,339,4597
sub-004,sub-004_ses-01_task-WorkingMemory_run-1_eeg.set,250.0,49,CH49,-20.222000122070312,213.0750732421875,-1000.0,1000.0001220703125,2000.0001220703125,1.0041874647140503,1024,6276,367,4527
sub-004,sub-004_ses-01_task-WorkingMemory_run-1_eeg.set,250.0,50,CH50,-5.419877052307129,211.33599853515625,-1000.0,1000.0001220703125,2000.0001220703125,0.9959914684295654,1021,6334,349,4610
sub-004,sub-004_ses-01_task-WorkingMemory_run-1_eeg.set,250.0,51,CH51,13.664484024047852,207.6334991455078,-1000.0,1000.0001220703125,2000.0001220703125,0.9785422086715698,1021,6381,329,4461
sub-004,sub-004_ses-01_task-WorkingMemory_run-1_eeg.set,250.0,52,CH52,-22.57965850830078,213.31265258789062,-1000.0,1000.0001220703125,2000.0001220703125,1.0053070783615112,1023,6293,395,4428
sub-004,sub-004_ses-01_task-WorkingMemory_run-1_eeg.set,250.0,53,CH53,-8.32276725769043,211.0076446533203,-1000.0,1000.0001220703125,2000.0001220703125,0.9944440126419067,1023,6304,345,4448
sub-004,sub-004_ses-01_task-WorkingMemory_run-1_eeg.set,250.0,54,CH54,-10.596734046936035,212.1869354248047,-1000.0,1000.0001220703125,2000.0001220703125,1.0000017881393433,1022,6298,364,4494
sub-004,sub-004_ses-01_task-WorkingMemory_run-1_eeg.set,250.0,55,CH55,-10.358674049377441,211.99652099609375,-1000.0,1000.0001220703125,2000.0001220703125,0.999104380607605,1022,6279,357,4512
sub-004,sub-004_ses-01_task-WorkingMemory_run-1_eeg.set,250.0,56,CH56,-4.550943374633789,211.49559020996094,-1000.0,1000.0001220703125,2000.0001220703125,0.9967436194419861,1025,6324,369,4499
sub-004,sub-004_ses-01_task-WorkingMemory_run-1_eeg.set,250.0,57,CH57,-2.6115875244140625,210.99549865722656,-1000.0,1000.0001220703125,2000.0001220703125,0.9943867325782776,1021,6335,361,4493
sub-004,sub-004_ses-01_task-WorkingMemory_run-1_eeg.set,250.0,58,CH58,-20.945709228515625,212.78436279296875,-1000.0,1000.0001220703125,2000.0001220703125,1.0028173923492432,1022,6264,368,4397
sub-004,sub-004_ses-01_task-WorkingMemory_run-1_eeg.set,250.0,59,CH59,-12.773681640625,211.42147827148438,-1000.0,1000.0001220703125,2000.0001220703125,0.9963943362236023,1019,6280,348,4439
sub-004,sub-004_ses-01_task-WorkingMemory_run-1_eeg.set,250.0,60,CH60,-28.971744537353516,212.68667602539062,-1000.0,1000.0001220703125,2000.0001220703125,1.002357006072998,1026,6245,387,4172
sub-004,sub-004_ses-01_task-WorkingMemory_run-1_eeg.set,250.0,61,CH61,-20.72977638244629,212.2974090576172,-1000.0,1000.0001220703125,2000.0001220703125,1.000522494316101,1022,6276,384,4258
sub-004,sub-004_ses-01_task-WorkingMemory_run-1_eeg.set,250.0,62,CH62,-17.959020614624023,212.6329803466797,-1000.0,1000.0001220703125,2000.0001220703125,1.0021039247512817,1022,6291,376,4380
sub-004,sub-004_ses-01_task-WorkingMemory_run-1_eeg.set,250.0,63,CH63,-17.654277801513672,212.87562561035156,-1000.0,1000.0001220703125,2000.0001220703125,1.0032474994659424,1022,6284,358,4429
sub-004,sub-004_ses-01_task-WorkingMemory_run-1_eeg.set,250.0,64,CH64,3.8979685306549072,210.4681396484375,-1000.0,1000.0001220703125,2000.0001220703125,0.9919013977050781,1020,6396,329,4585
sub-004,sub-004_ses-01_task-WorkingMemory_run-1_eeg.set,250.0,65,CH65,-5.639155864715576,211.46517944335938,-1000.0,1000.0001220703125,2000.0001220703125,0.9966002702713013,1021,6340,335,4524
sub-004,sub-004_ses-01_task-WorkingMemory_run-1_eeg.set,250.0,66,CH66,-4.071042537689209,210.87306213378906,-1000.0,1000.0001220703125,2000.0001220703125,0.9938097596168518,1019,6352,336,4496
sub-004,sub-004_ses-01_task-WorkingMemory_run-1_eeg.set,250.0,67,CH67,-35.05952453613281,217.33045959472656,-1000.0,1000.0001220703125,2000.0001220703125,1.0242424011230469,1021,6281,348,4401
sub-004,sub-004_ses-01_task-WorkingMemory_run-1_eeg.set,250.0,68,CH68,-19.211910247802734,212.9015350341797,-1000.0,1000.0001220703125,2000.0001220703125,1.0033695697784424,1023,6287,349,4382
sub-004,sub-004_ses-01_task-WorkingMemory_run-1_eeg.set,250.0,69,CH69,-14.369233131408691,212.86056518554688,-1000.0,1000.0001220703125,2000.0001220703125,1.0031764507293701,1023,6330,350,4436
sub-004,sub-004_ses-01_task-WorkingMemory_run-2_eeg.set,250.0,1,CH1,121.47777557373047,462.3843078613281,-1000.0,1000.0001220703125,2000.0001220703125,1.0098752975463867,8104,33709,7254,30734
sub-004,sub-004_ses-01_task-WorkingMemory_run-2_eeg.set,250.0,2,CH2,125.2669677734375,459.3094787597656,-1000.0,1000.0001220703125,2000.0001220703125,1.003159761428833,7939,33413,7215,30641
sub-004,sub-004_ses-01_task-WorkingMemory_run-2_eeg.set,250.0,3,CH3,125.22184753417969,460.0710144042969,-1000.0,1000.0001220703125,2000.0001220703125,1.0048229694366455,7940,33582,7239,30644
sub-004,sub-004_ses-01_task-WorkingMemory_run-2_eeg.set,250.0,4,CH4,125.08898162841797,461.0621643066406,-1000.0,1000.0001220703125,2000.0001220703125,1.0069876909255981,8008,33603,7211,30798
sub-004,sub-004_ses-01_task-WorkingMemory_run-2_eeg.set,250.0,5,CH5,108.29954528808594,461.29541015625,-1000.0,1000.0001220703125,2000.0001220703125,1.0074970722198486,7940,32507,7373,30391
sub-004,sub-004_ses-01_task-WorkingMemory_run-2_eeg.set,250.0,6,CH6,118.26687622070312,457.8499450683594,-1000.0,1000.0001220703125,2000.0001220703125,0.9999719858169556,7822,33036,7237,30621
sub-004,sub-004_ses-01_task-WorkingMemory_run-2_eeg.set,250.0,7,CH7,112.97549438476562,459.4478759765625,-1000.0,1000.0001220703125,2000.0001220703125,1.0034619569778442,7755,32824,7186,30583
sub-004,sub-004_ses-01_task-WorkingMemory_run-2_eeg.set,250.0,8,CH8,117.46513366699219,460.4668273925781,-1000.0,1000.0001220703125,2000.0001220703125,1.0056874752044678,7840,33032,7275,30482
sub-004,sub-004_ses-01_task-WorkingMemory_run-2_eeg.set,250.0,9,CH9,112.76152038574219,458.8645324707031,-1000.0,1000.0001220703125,2000.0001220703125,1.002187967300415,7918,32797,7256,30542
sub-004,sub-004_ses-01_task-WorkingMemory_run-2_eeg.set,250.0,10,CH10,114.98499298095703,458.69036865234375,-1000.0,1000.0001220703125,2000.0001220703125,1.0018075704574585,7885,32745,7247,30552
sub-004,sub-004_ses-01_task-WorkingMemory_run-2_eeg.set,250.0,11,CH11,105.26351165771484,460.796875,-1000.0,1000.0001220703125,2000.0001220703125,1.0064083337783813,7876,32535,7225,30570
sub-004,sub-004_ses-01_task-WorkingMemory_run-2_eeg.set,250.0,12,CH12,123.41395568847656,455.3514099121094,-1000.0,1000.0001220703125,2000.0001220703125,0.994515061378479,7836,33044,7200,30619
sub-004,sub-004_ses-01_task-WorkingMemory_run-2_eeg.set,250.0,13,CH13,117.18524169921875,456.6199035644531,-1000.0,1000.0001220703125,2000.0001220703125,0.9972855448722839,7862,32951,7195,30546
sub-004,sub-004_ses-01_task-WorkingMemory_run-2_eeg.set,250.0,14,CH14,113.49794006347656,457.8627624511719,-1000.0,1000.0001220703125,2000.0001220703125,1.0,7833,32870,7181,30593
sub-004,sub-004_ses-01_task-WorkingMemory_run-2_eeg.set,250.0,15,CH15,133.3123779296875,451.744384765625,-1000.0,1000.0001220703125,2000.0001220703125,0.9866371154785156,7942,33239,7264,30476
sub-004,sub-004_ses-01_task-WorkingMemory_run-2_eeg.set,250.0,16,CH16,118.06632995605469,456.4041442871094,-1000.0,1000.0001220703125,2000.0001220703125,0.9968143105506897,7930,33031,7272,30451
sub-004,sub-004_ses-01_task-WorkingMemory_run-2_eeg.set,250.0,17,CH17,120.30928039550781,455.8436584472656,-1000.0,1000.0001220703125,2000.0001220703125,0.9955901503562927,7972,32949,7312,30394
sub-004,sub-004_ses-01_task-WorkingMemory_run-2_eeg.set,250.0,18,CH18,121.85114288330078,456.8873596191406,-1000.0,1000.0001220703125,2000.0001220703125,0.9978696703910828,7823,33127,7165,30602
sub-004,sub-004_ses-01_task-WorkingMemory_run-2_eeg.set,250.0,19,CH19,103.13523864746094,462.6165466308594,-1000.0,1000.0001220703125,2000.0001220703125,1.0103825330734253,7824,32731,7189,30557
sub-004,sub-004_ses-01_task-WorkingMemory_run-2_eeg.set,250.0,20,CH20,109.65413665771484,458.9188232421875,-1000.0,1000.0001220703125,2000.0001220703125,1.0023064613342285,7859,32829,7194,30650
sub-004,sub-004_ses-01_task-WorkingMemory_run-2_eeg.set,250.0,21,CH21,111.49564361572266,458.1395263671875,-1000.0,1000.0001220703125,2000.0001220703125,1.000604510307312,7872,32852,7212,30602
sub-004,sub-004_ses-01_task-WorkingMemory_run-2_eeg.set,250.0,22,CH22,105.99321746826172,459.8524475097656,-1000.0,1000.0001220703125,2000.0001220703125,1.0043455362319946,7915,32735,7266,30583
sub-004,sub-004_ses-01_task-WorkingMemory_run-2_eeg.set,250.0,23,CH23,105.84407043457031,459.4022216796875,-1000.0,1000.0001220703125,2000.0001220703125,1.0033622980117798,7915,32708,7266,30527
sub-004,sub-004_ses-01_task-WorkingMemory_run-2_eeg.set,250.0,24,CH24,131.23629760742188,452.10394287109375,-1000.0,1000.0001220703125,2000.0001220703125,0.9874224066734314,7906,33305,7235,30570
sub-004,sub-004_ses-01_task-WorkingMemory_run-2_eeg.set,250.0,25,CH25,119.09212493896484,455.5491943359375,-1000.0,1000.0001220703125,2000.0001220703125,0.9949470162391663,7886,33096,7214,30541
sub-004,sub-004_ses-01_task-WorkingMemory_run-2_eeg.set,250.0,26,CH26,110.66886138916016,458.01605224609375,-1000.0,1000.0001220703125,2000.0001220703125,1.0003347396850586,7943,32936,7270,30496
sub-004,sub-004_ses-01_task-WorkingMemory_run-2_eeg.set,250.0,27,CH27,113.66587829589844,457.7811584472656,-1000.0,1000.0001220703125,2000.0001220703125,0.9998217821121216,7912,33082,7244,30598
sub-004,sub-004_ses-01_task-WorkingMemory_run-2_eeg.set,250.0,28,CH28,116.37114715576172,456.4468994140625,-1000.0,1000.0001220703125,2000.0001220703125,0.996907651424408,8002,32942,7336,30414
sub-004,sub-004_ses-01_task-WorkingMemory_run-2_eeg.set,250.0,29,CH29,104.91893768310547,460.78070068359375,-1000.0,1000.0001220703125,2000.0001220703125,1.0063729286193848,7870,32892,7216,30587
sub-004,sub-004_ses-01_task-WorkingMemory_run-2_eeg.set,250.0,30,CH30,111.12916564941406,459.0382080078125,-1000.0,1000.0001220703125,2000.0001220703125,1.0025672912597656,7963,32903,7301,30483
sub-004,sub-004_ses-01_task-WorkingMemory_run-2_eeg.set,250.0,31,CH31,103.30973052978516,460.06280517578125,-1000.0,1000.0001220703125,2000.0001220703125,1.0048049688339233,8028,32734,7380,30399
sub-004,sub-004_ses-01_task-WorkingMemory_run-2_eeg.set,250.0,32,CH32,106.00945281982422,458.6358947753906,-1000.0,1000.0001220703125,2000.0001220703125,1.0016885995864868,7923,32630,7272,30436
sub-004,sub-004_ses-01_task-WorkingMemory_run-2_eeg.set,250.0,33,CH33,113.30419158935547,457.2380065917969,-1000.0,1000.0001220703125,2000.0001220703125,0.998635470867157,7847,33034,7201,30617
sub-004,sub-004_ses-01_task-WorkingMemory_run-2_eeg.set,250.0,34,CH34,143.3384246826172,448.39605712890625,-1000.0,1000.0001220703125,2000.0001220703125,0.9793241620063782,7876,33497,7203,30628
sub-004,sub-004_ses-01_task-WorkingMemory_run-2_eeg.set,250.0,35,CH35,115.62420654296875,456.73992919921875,-1000.0,1000.0001220703125,2000.0001220703125,0.9975476861000061,7837,33153,7176,30640
sub-004,sub-004_ses-01_task-WorkingMemory_run-2_eeg.set,250.0,36,CH36,122.18123626708984,454.50726318359375,-1000.0,1000.0001220703125,2000.0001220703125,0.9926713705062866,7874,33185,7208,30577
sub-004,sub-004_ses-01_task-WorkingMemory_run-2_eeg.set,250.0,37,CH37,111.1188735961914,458.4231262207031,-1000.0,1000.0001220703125,2000.0001220703125,1.0012239217758179,7827,33117,7175,30664
sub-004,sub-004_ses-01_task-WorkingMemory_run-2_eeg.set,250.0,38,CH38,123.16108703613281,454.92767333984375,-1000.0,1000.0001220703125,2000.0001220703125,0.9935895800590515,7877,33255,7220,30622
sub-004,sub-004_ses-01_task-WorkingMemory_run-2_eeg.set,250.0,39,CH39,113.8731689453125,457.6842041015625,-1000.0,1000.0001220703125,2000.0001220703125,0.9996100068092346,7944,32979,7290,30523
sub-004,sub-004_ses-01_task-WorkingMemory_run-2_eeg.set,250.0,40,CH40,117.90864562988281,455.9146423339844,-1000.0,1000.0001220703125,2000.0001220703125,0.9957451820373535,7944,33026,7283,30547
sub-004,sub-004_ses-01_task-WorkingMemory_run-2_eeg.set,250.0,41,CH41,107.00365447998047,458.4894714355469,-1000.0,1000.0001220703125,2000.0001220703125,1.001368761062622,7944,32810,7289,30424
sub-004,sub-004_ses-01_task-WorkingMemory_run-2_eeg.set,250.0,42,CH42,106.43588256835938,458.7323303222656,-1000.0,1000.0001220703125,2000.0001220703125,1.001899242401123,7968,32780,7314,30423
sub-004,sub-004_ses-01_task-WorkingMemory_run-2_eeg.set,250.0,43,CH43,107.560546875,458.2690734863281,-1000.0,1000.0001220703125,2000.0001220703125,1.000887393951416,7981,32774,7339,30424
sub-004,sub-004_ses-01_task-WorkingMemory_run-2_eeg.set,250.0,44,CH44,111.50675201416016,457.95660400390625,-1000.0,1000.0001220703125,2000.0001220703125,1.0002049207687378,7866,33114,7210,30626
sub-004,sub-004_ses-01_task-WorkingMemory_run-2_eeg.set,250.0,45,CH45,104.96934509277344,459.4007568359375,-1000.0,1000.0001220703125,2000.0001220703125,1.003359079360962,7985,32829,7338,30434
sub-004,sub-004_ses-01_task-WorkingMemory_run-2_eeg.set,250.0,46,CH46,117.6927490234375,455.3818054199219,-1000.0,1000.0001220703125,2000.0001220703125,0.9945814609527588,7859,33076,7200,30549
sub-004,sub-004_ses-01_task-WorkingMemory_run-2_eeg.set,250.0,47,CH47,115.6122055053711,456.76812744140625,-1000.0,1000.0001220703125,2000.0001220703125,0.9976092576980591,7809,33155,7161,30634
sub-004,sub-004_ses-01_task-WorkingMemory_run-2_eeg.set,250.0,48,CH48,117.60746765136719,455.9490661621094,-1000.0,1000.0001220703125,2000.0001220703125,0.9958203434944153,7917,33085,7266,30505
sub-004,sub-004_ses-01_task-WorkingMemory_run-2_eeg.set,250.0,49,CH49,103.19644165039062,460.0332336425781,-1000.0,1000.0001220703125,2000.0001220703125,1.0047404766082764,7978,32731,7326,30419
sub-004,sub-004_ses-01_task-WorkingMemory_run-2_eeg.set,250.0,50,CH50,115.4717025756836,456.9217529296875,-1000.0,1000.0001220703125,2000.0001220703125,0.9979447722434998,7927,33024,7280,30522
sub-004,sub-004_ses-01_task-WorkingMemory_run-2_eeg.set,250.0,51,CH51,125.11846160888672,453.56396484375,-1000.0,1000.0001220703125,2000.0001220703125,0.9906111359596252,7845,33198,7189,30606
sub-004,sub-004_ses-01_task-WorkingMemory_run-2_eeg.set,250.0,52,CH52,109.29873657226562,458.3573913574219,-1000.0,1000.0001220703125,2000.0001220703125,1.0010802745819092,7871,32966,7226,30596
sub-004,sub-004_ses-01_task-WorkingMemory_run-2_eeg.set,250.0,53,CH53,113.26615142822266,457.21881103515625,-1000.0,1000.0001220703125,2000.0001220703125,0.9985935688018799,7823,32999,7172,30649
sub-004,sub-004_ses-01_task-WorkingMemory_run-2_eeg.set,250.0,54,CH54,116.78849029541016,456.69378662109375,-1000.0,1000.0001220703125,2000.0001220703125,0.9974468946456909,7866,33152,7220,30651
sub-004,sub-004_ses-01_task-WorkingMemory_run-2_eeg.set,250.0,55,CH55,115.275146484375,456.5897216796875,-1000.0,1000.0001220703125,2000.0001220703125,0.9972196221351624,7837,33096,7193,30606
sub-004,sub-004_ses-01_task-WorkingMemory_run-2_eeg.set,250.0,56,CH56,117.45594787597656,455.80706787109375,-1000.0,1000.0001220703125,2000.0001220703125,0.9955102205276489,8012,32973,7370,30401
sub-004,sub-004_ses-01_task-WorkingMemory_run-2_eeg.set,250.0,57,CH57,115.41867065429688,456.7260437011719,-1000.0,1000.0001220703125,2000.0001220703125,0.9975173473358154,7872,33058,7227,30566
sub-004,sub-004_ses-01_task-WorkingMemory_run-2_eeg.set,250.0,58,CH58,104.70098114013672,459.3066101074219,-1000.0,1000.0001220703125,2000.0001220703125,1.0031534433364868,7904,32792,7266,30453
sub-004,sub-004_ses-01_task-WorkingMemory_run-2_eeg.set,250.0,59,CH59,109.82943725585938,457.9383239746094,-1000.0,1000.0001220703125,2000.0001220703125,1.0001649856567383,7848,32897,7203,30543
sub-004,sub-004_ses-01_task-WorkingMemory_run-2_eeg.set,250.0,60,CH60,97.6282730102539,461.00775146484375,-1000.0,1000.0001220703125,2000.0001220703125,1.006868839263916,8041,32485,7415,30291
sub-004,sub-004_ses-01_task-WorkingMemory_run-2_eeg.set,250.0,61,CH61,105.00454711914062,459.2037658691406,-1000.0,1000.0001220703125,2000.0001220703125,1.0029288530349731,7888,32824,7256,30468
sub-004,sub-004_ses-01_task-WorkingMemory_run-2_eeg.set,250.0,62,CH62,108.1226577758789,458.93505859375,-1000.0,1000.0001220703125,2000.0001220703125,1.0023419857025146,7814,32952,7180,30638
sub-004,sub-004_ses-01_task-WorkingMemory_run-2_eeg.set,250.0,63,CH63,107.95006561279297,458.9779968261719,-1000.0,1000.0001220703125,2000.0001220703125,1.0024356842041016,7834,32918,7196,30630
sub-004,sub-004_ses-01_task-WorkingMemory_run-2_eeg.set,250.0,64,CH64,119.978759765625,455.4347229003906,-1000.0,1000.0001220703125,2000.0001220703125,0.9946970343589783,7866,33134,7214,30628
sub-004,sub-004_ses-01_task-WorkingMemory_run-2_eeg.set,250.0,65,CH65,121.34501647949219,454.7747497558594,-1000.0,1000.0001220703125,2000.0001220703125,0.993255615234375,7954,33014,7309,30486
sub-004,sub-004_ses-01_task-WorkingMemory_run-2_eeg.set,250.0,66,CH66,117.20362091064453,456.2588806152344,-1000.0,1000.0001220703125,2000.0001220703125,0.9964970350265503,7852,33059,7207,30583
sub-004,sub-004_ses-01_task-WorkingMemory_run-2_eeg.set,250.0,67,CH67,111.69931030273438,457.3432312011719,-1000.0,1000.0001220703125,2000.0001220703125,0.9988653063774109,7897,32875,7252,30510
sub-004,sub-004_ses-01_task-WorkingMemory_run-2_eeg.set,250.0,68,CH68,111.6248550415039,457.173828125,-1000.0,1000.0001220703125,2000.0001220703125,0.99849534034729,7845,32901,7199,30524
sub-004,sub-004_ses-01_task-WorkingMemory_run-2_eeg.set,250.0,69,CH69,111.76355743408203,457.62286376953125,-1000.0,1000.0001220703125,2000.0001220703125,0.9994760751724243,7872,32922,7238,30560
sub-004,sub-004_ses-01_task-WorkingMemory_run-3_eeg.set,250.0,1,CH1,68.42877197265625,78.98377990722656,-1000.0,1000.0001220703125,2000.0001220703125,1.6094154119491577,6,433,2,10
sub-004,sub-004_ses-01_task-WorkingMemory_run-3_eeg.set,250.0,2,CH2,68.76107025146484,116.19071960449219,-1000.0,1000.0001220703125,2000.0001220703125,2.3675637245178223,1517,124,294,10
sub-004,sub-004_ses-01_task-WorkingMemory_run-3_eeg.set,250.0,3,CH3,75.79268646240234,79.0733642578125,-1000.0,1000.0001220703125,2000.0001220703125,1.6112407445907593,5,316,2,10
sub-004,sub-004_ses-01_task-WorkingMemory_run-3_eeg.set,250.0,4,CH4,84.93374633789062,89.16675567626953,-1000.0,1000.0001220703125,2000.0001220703125,1.8169090747833252,8,1209,2,60
sub-004,sub-004_ses-01_task-WorkingMemory_run-3_eeg.set,250.0,5,CH5,64.61965942382812,68.24907684326172,-1000.0,1000.0001220703125,2000.0001220703125,1.3906793594360352,3,158,2,10
sub-004,sub-004_ses-01_task-WorkingMemory_run-3_eeg.set,250.0,6,CH6,73.27142333984375,57.08622741699219,-1000.0,1000.0001220703125,2000.0001220703125,1.1632192134857178,4,12,2,10
sub-004,sub-004_ses-01_task-WorkingMemory_run-3_eeg.set,250.0,7,CH7,67.72848510742188,66.39183807373047,-1000.0,1000.0001220703125,2000.0001220703125,1.3528352975845337,3,56,2,10
sub-004,sub-004_ses-01_task-WorkingMemory_run-3_eeg.set,250.0,8,CH8,71.34063720703125,81.71236419677734,-1000.0,1000.0001220703125,2000.0001220703125,1.6650145053863525,3,745,2,10
sub-004,sub-004_ses-01_task-WorkingMemory_run-3_eeg.set,250.0,9,CH9,64.09446716308594,60.95827865600586,-1000.0,1000.0001220703125,2000.0001220703125,1.242118239402771,5,11,3,10
sub-004,sub-004_ses-01_task-WorkingMemory_run-3_eeg.set,250.0,10,CH10,65.25650787353516,59.97332000732422,-1000.0,1000.0001220703125,2000.0001220703125,1.2220481634140015,5,11,2,10
sub-004,sub-004_ses-01_task-WorkingMemory_run-3_eeg.set,250.0,11,CH11,54.298561096191406,54.82215881347656,-1000.0,1000.0001220703125,2000.0001220703125,1.117085337638855,4,11,2,10
sub-004,sub-004_ses-01_task-WorkingMemory_run-3_eeg.set,250.0,12,CH12,66.99352264404297,55.16286849975586,-1000.0,1000.0001220703125,2000.0001220703125,1.1240278482437134,4,11,2,10
sub-004,sub-004_ses-01_task-WorkingMemory_run-3_eeg.set,250.0,13,CH13,59.83935546875,52.68555450439453,-1000.0,1000.0001220703125,2000.0001220703125,1.0735487937927246,4,11,2,10
sub-004,sub-004_ses-01_task-WorkingMemory_run-3_eeg.set,250.0,14,CH14,66.73191833496094,52.6281623840332,-1000.0,1000.0001220703125,2000.0001220703125,1.0723793506622314,4,11,2,10
sub-004,sub-004_ses-01_task-WorkingMemory_run-3_eeg.set,250.0,15,CH15,86.677001953125,51.65671920776367,-1000.0,1000.0001220703125,2000.0001220703125,1.0525846481323242,3,11,2,10
sub-004,sub-004_ses-01_task-WorkingMemory_run-3_eeg.set,250.0,16,CH16,74.27186584472656,52.25392150878906,-1000.0,1000.0001220703125,2000.0001220703125,1.0647536516189575,3,11,2,10
sub-004,sub-004_ses-01_task-WorkingMemory_run-3_eeg.set,250.0,17,CH17,75.20841217041016,56.33545684814453,-1000.0,1000.0001220703125,2000.0001220703125,1.147921085357666,3,17,2,10
sub-004,sub-004_ses-01_task-WorkingMemory_run-3_eeg.set,250.0,18,CH18,68.96158599853516,58.55574417114258,-1000.0,1000.0001220703125,2000.0001220703125,1.1931629180908203,3,14,2,10
sub-004,sub-004_ses-01_task-WorkingMemory_run-3_eeg.set,250.0,19,CH19,57.190372467041016,58.79348373413086,-1000.0,1000.0001220703125,2000.0001220703125,1.1980072259902954,3,11,2,10
sub-004,sub-004_ses-01_task-WorkingMemory_run-3_eeg.set,250.0,20,CH20,52.46440124511719,50.315330505371094,-1000.0,1000.0001220703125,2000.0001220703125,1.025251865386963,5,11,3,10
sub-004,sub-004_ses-01_task-WorkingMemory_run-3_eeg.set,250.0,21,CH21,57.87197494506836,50.2821044921875,-1000.0,1000.0001220703125,2000.0001220703125,1.024574875831604,5,11,2,10
sub-004,sub-004_ses-01_task-WorkingMemory_run-3_eeg.set,250.0,22,CH22,51.2474365234375,50.235923767089844,-1000.0,1000.0001220703125,2000.0001220703125,1.0236338376998901,4,11,2,10
sub-004,sub-004_ses-01_task-WorkingMemory_run-3_eeg.set,250.0,23,CH23,52.69216537475586,52.52992630004883,-1000.0,1000.0001220703125,2000.0001220703125,1.0703775882720947,4,11,2,10
sub-004,sub-004_ses-01_task-WorkingMemory_run-3_eeg.set,250.0,24,CH24,77.80094146728516,49.88368606567383,-1000.0,1000.0001220703125,2000.0001220703125,1.0164564847946167,4,11,2,10
sub-004,sub-004_ses-01_task-WorkingMemory_run-3_eeg.set,250.0,25,CH25,65.89697265625,51.374916076660156,-1000.0,1000.0001220703125,2000.0001220703125,1.0468425750732422,4,11,2,10
sub-004,sub-004_ses-01_task-WorkingMemory_run-3_eeg.set,250.0,26,CH26,59.54192352294922,50.18589401245117,-1000.0,1000.0001220703125,2000.0001220703125,1.0226143598556519,4,11,2,10
sub-004,sub-004_ses-01_task-WorkingMemory_run-3_eeg.set,250.0,27,CH27,62.171669006347656,48.73297119140625,-1000.0,1000.0001220703125,2000.0001220703125,0.9930088520050049,3,11,2,10
sub-004,sub-004_ses-01_task-WorkingMemory_run-3_eeg.set,250.0,28,CH28,63.820064544677734,47.82982635498047,-1000.0,1000.0001220703125,2000.0001220703125,0.974605917930603,3,11,2,9
sub-004,sub-004_ses-01_task-WorkingMemory_run-3_eeg.set,250.0,29,CH29,45.99444580078125,48.24097442626953,-1000.0,1000.0001220703125,2000.0001220703125,0.9829836487770081,3,11,2,10
sub-004,sub-004_ses-01_task-WorkingMemory_run-3_eeg.set,250.0,30,CH30,64.51853942871094,47.26685333251953,-1000.0,1000.0001220703125,2000.0001220703125,0.9631344676017761,3,11,2,10
sub-004,sub-004_ses-01_task-WorkingMemory_run-3_eeg.set,250.0,31,CH31,7.805805206298828,30.769805908203125,-1000.0,1000.0001220703125,2000.0001220703125,0.6269818544387817,5,11,2,10
sub-004,sub-004_ses-01_task-WorkingMemory_run-3_eeg.set,250.0,32,CH32,47.53919219970703,46.88737487792969,-1000.0,1000.0001220703125,2000.0001220703125,0.9554020166397095,4,11,2,10
sub-004,sub-004_ses-01_task-WorkingMemory_run-3_eeg.set,250.0,33,CH33,64.78202819824219,44.62445831298828,-1000.0,1000.0001220703125,2000.0001220703125,0.9092916250228882,3,11,2,10
sub-004,sub-004_ses-01_task-WorkingMemory_run-3_eeg.set,250.0,34,CH34,94.23468780517578,49.53334045410156,-1000.0,1000.0001220703125,2000.0001220703125,1.0093176364898682,3,11,2,10
sub-004,sub-004_ses-01_task-WorkingMemory_run-3_eeg.set,250.0,35,CH35,59.009521484375,50.74489974975586,-1000.0,1000.0001220703125,2000.0001220703125,1.0340049266815186,3,11,2,10
sub-004,sub-004_ses-01_task-WorkingMemory_run-3_eeg.set,250.0,36,CH36,70.13106536865234,49.368656158447266,-1000.0,1000.0001220703125,2000.0001220703125,1.0059618949890137,3,11,2,10
sub-004,sub-004_ses-01_task-WorkingMemory_run-3_eeg.set,250.0,37,CH37,63.71076202392578,46.3990364074707,-1000.0,1000.0001220703125,2000.0001220703125,0.9454513788223267,3,11,2,10
sub-004,sub-004_ses-01_task-WorkingMemory_run-3_eeg.set,250.0,38,CH38,75.47887420654297,45.729671478271484,-1000.0,1000.0001220703125,2000.0001220703125,0.931812047958374,3,11,2,10
sub-004,sub-004_ses-01_task-WorkingMemory_run-3_eeg.set,250.0,39,CH39,64.50279998779297,47.33089065551758,-1000.0,1000.0001220703125,2000.0001220703125,0.964439332485199,3,11,2,9
sub-004,sub-004_ses-01_task-WorkingMemory_run-3_eeg.set,250.0,40,CH40,84.82351684570312,55.308929443359375,-1000.0,1000.0001220703125,2000.0001220703125,1.1270040273666382,4,11,2,10
sub-004,sub-004_ses-01_task-WorkingMemory_run-3_eeg.set,250.0,41,CH41,40.315528869628906,43.4282112121582,-1000.0,1000.0001220703125,2000.0001220703125,0.8849162459373474,4,11,2,10
sub-004,sub-004_ses-01_task-WorkingMemory_run-3_eeg.set,250.0,42,CH42,53.53916931152344,47.06119918823242,-1000.0,1000.0001220703125,2000.0001220703125,0.9589439630508423,4,11,2,10
sub-004,sub-004_ses-01_task-WorkingMemory_run-3_eeg.set,250.0,43,CH43,62.482303619384766,46.06791305541992,-1000.0,1000.0001220703125,2000.0001220703125,0.9387041926383972,3,11,2,9
sub-004,sub-004_ses-01_task-WorkingMemory_run-3_eeg.set,250.0,44,CH44,62.53060531616211,47.75198745727539,-1000.0,1000.0001220703125,2000.0001220703125,0.9730198383331299,3,11,2,10
sub-004,sub-004_ses-01_task-WorkingMemory_run-3_eeg.set,250.0,45,CH45,49.680908203125,49.137672424316406,-1000.0,1000.0001220703125,2000.0001220703125,1.0012552738189697,4,11,2,9
sub-004,sub-004_ses-01_task-WorkingMemory_run-3_eeg.set,250.0,46,CH46,68.83929443359375,45.81228256225586,-1000.0,1000.0001220703125,2000.0001220703125,0.9334953427314758,3,11,2,10
sub-004,sub-004_ses-01_task-WorkingMemory_run-3_eeg.set,250.0,47,CH47,66.48800659179688,47.163509368896484,-1000.0,1000.0001220703125,2000.0001220703125,0.9610286951065063,3,11,2,10
sub-004,sub-004_ses-01_task-WorkingMemory_run-3_eeg.set,250.0,48,CH48,68.4791259765625,45.43040466308594,-1000.0,1000.0001220703125,2000.0001220703125,0.9257140159606934,3,11,2,9
sub-004,sub-004_ses-01_task-WorkingMemory_run-3_eeg.set,250.0,49,CH49,35.259765625,37.40983581542969,-1000.0,1000.0001220703125,2000.0001220703125,0.76228266954422,3,11,2,9
sub-004,sub-004_ses-01_task-WorkingMemory_run-3_eeg.set,250.0,50,CH50,47.34547805786133,44.829917907714844,-1000.0,1000.0001220703125,2000.0001220703125,0.9134781956672668,3,11,2,10
sub-004,sub-004_ses-01_task-WorkingMemory_run-3_eeg.set,250.0,51,CH51,66.40442657470703,47.16637420654297,-1000.0,1000.0001220703125,2000.0001220703125,0.9610870480537415,3,11,2,10
sub-004,sub-004_ses-01_task-WorkingMemory_run-3_eeg.set,250.0,52,CH52,56.15123748779297,49.85014724731445,-1000.0,1000.0001220703125,2000.0001220703125,1.015773057937622,4,11,2,10
sub-004,sub-004_ses-01_task-WorkingMemory_run-3_eeg.set,250.0,53,CH53,55.40351104736328,45.24591064453125,-1000.0,1000.0001220703125,2000.0001220703125,0.9219546914100647,3,11,2,10
sub-004,sub-004_ses-01_task-WorkingMemory_run-3_eeg.set,250.0,54,CH54,82.35697174072266,49.07606887817383,-1000.0,1000.0001220703125,2000.0001220703125,1.0,3,11,2,10
sub-004,sub-004_ses-01_task-WorkingMemory_run-3_eeg.set,250.0,55,CH55,88.28823852539062,52.31538009643555,-1000.0,1000.0001220703125,2000.0001220703125,1.0660059452056885,3,11,2,10
sub-004,sub-004_ses-01_task-WorkingMemory_run-3_eeg.set,250.0,56,CH56,52.521183013916016,37.06012725830078,-1000.0,1000.0001220703125,2000.0001220703125,0.7551568150520325,3,11,2,9
sub-004,sub-004_ses-01_task-WorkingMemory_run-3_eeg.set,250.0,57,CH57,63.08247756958008,47.631126403808594,-1000.0,1000.0001220703125,2000.0001220703125,0.9705570936203003,3,11,2,9
sub-004,sub-004_ses-01_task-WorkingMemory_run-3_eeg.set,250.0,58,CH58,55.11140441894531,46.399131774902344,-1000.0,1000.0001220703125,2000.0001220703125,0.9454532861709595,3,11,2,9
sub-004,sub-004_ses-01_task-WorkingMemory_run-3_eeg.set,250.0,59,CH59,51.366722106933594,44.80704879760742,-1000.0,1000.0001220703125,2000.0001220703125,0.9130122065544128,3,11,2,10
sub-004,sub-004_ses-01_task-WorkingMemory_run-3_eeg.set,250.0,60,CH60,48.50062561035156,48.80433654785156,-1000.0,1000.0001220703125,2000.0001220703125,0.9944630265235901,4,11,2,9
sub-004,sub-004_ses-01_task-WorkingMemory_run-3_eeg.set,250.0,61,CH61,54.973724365234375,47.09490966796875,-1000.0,1000.0001220703125,2000.0001220703125,0.9596308469772339,3,11,2,10
sub-004,sub-004_ses-01_task-WorkingMemory_run-3_eeg.set,250.0,62,CH62,50.15558624267578,48.412532806396484,-1000.0,1000.0001220703125,2000.0001220703125,0.9864794611930847,3,11,2,10
sub-004,sub-004_ses-01_task-WorkingMemory_run-3_eeg.set,250.0,63,CH63,56.610870361328125,50.401065826416016,-1000.0,1000.0001220703125,2000.0001220703125,1.0269988775253296,3,11,2,10
sub-004,sub-004_ses-01_task-WorkingMemory_run-3_eeg.set,250.0,64,CH64,68.0925521850586,46.491355895996094,-1000.0,1000.0001220703125,2000.0001220703125,0.947332501411438,3,11,2,9
sub-004,sub-004_ses-01_task-WorkingMemory_run-3_eeg.set,250.0,65,CH65,80.39253997802734,46.12742614746094,-1000.0,1000.0001220703125,2000.0001220703125,0.9399169087409973,3,11,2,9
sub-004,sub-004_ses-01_task-WorkingMemory_run-3_eeg.set,250.0,66,CH66,64.94697570800781,45.81866455078125,-1000.0,1000.0001220703125,2000.0001220703125,0.9336254000663757,3,11,2,9
sub-004,sub-004_ses-01_task-WorkingMemory_run-3_eeg.set,250.0,67,CH67,65.29124450683594,47.482547760009766,-1000.0,1000.0001220703125,2000.0001220703125,0.9675295948982239,3,11,2,9
sub-004,sub-004_ses-01_task-WorkingMemory_run-3_eeg.set,250.0,68,CH68,60.34469985961914,47.114646911621094,-1000.0,1000.0001220703125,2000.0001220703125,0.9600329995155334,4,11,1,10
sub-004,sub-004_ses-01_task-WorkingMemory_run-3_eeg.set,250.0,69,CH69,62.224910736083984,48.184757232666016,-1000.0,1000.0001220703125,2000.0001220703125,0.9818381667137146,4,11,2,10
sub-004,sub-004_ses-01_task-WorkingMemory_run-4_eeg.set,250.0,1,CH1,21.659372329711914,138.58856201171875,-1000.0,1000.0001220703125,2000.0001220703125,1.0551022291183472,1141,2292,22,2200
sub-004,sub-004_ses-01_task-WorkingMemory_run-4_eeg.set,250.0,2,CH2,29.236309051513672,143.18746948242188,-1000.0,1000.0001220703125,2000.0001220703125,1.0901145935058594,1356,2286,125,2214
sub-004,sub-004_ses-01_task-WorkingMemory_run-4_eeg.set,250.0,3,CH3,30.62891960144043,134.46356201171875,-1000.0,1000.0001220703125,2000.0001220703125,1.0236977338790894,831,2304,21,2157
sub-004,sub-004_ses-01_task-WorkingMemory_run-4_eeg.set,250.0,4,CH4,34.624027252197266,141.21102905273438,-1000.0,1000.0001220703125,2000.0001220703125,1.0750675201416016,1031,2291,22,2214
sub-004,sub-004_ses-01_task-WorkingMemory_run-4_eeg.set,250.0,5,CH5,15.91341495513916,136.82469177246094,-1000.0,1000.0001220703125,2000.0001220703125,1.0416734218597412,977,2271,22,2211
sub-004,sub-004_ses-01_task-WorkingMemory_run-4_eeg.set,250.0,6,CH6,25.48827362060547,132.2939453125,-1000.0,1000.0001220703125,2000.0001220703125,1.0071799755096436,951,2290,22,2151
sub-004,sub-004_ses-01_task-WorkingMemory_run-4_eeg.set,250.0,7,CH7,25.919776916503906,130.23072814941406,-1000.0,1000.0001220703125,2000.0001220703125,0.9914723038673401,551,2282,21,1977
sub-004,sub-004_ses-01_task-WorkingMemory_run-4_eeg.set,250.0,8,CH8,23.010753631591797,130.4991912841797,-1000.0,1000.0001220703125,2000.0001220703125,0.993516206741333,103,2277,22,1838
sub-004,sub-004_ses-01_task-WorkingMemory_run-4_eeg.set,250.0,9,CH9,17.982709884643555,144.88771057128906,-1000.0,1000.0001220703125,2000.0001220703125,1.1030588150024414,1070,2278,22,2214
sub-004,sub-004_ses-01_task-WorkingMemory_run-4_eeg.set,250.0,10,CH10,17.877685546875,143.57611083984375,-1000.0,1000.0001220703125,2000.0001220703125,1.0930733680725098,1047,2280,22,2214
sub-004,sub-004_ses-01_task-WorkingMemory_run-4_eeg.set,250.0,11,CH11,10.881535530090332,136.88368225097656,-1000.0,1000.0001220703125,2000.0001220703125,1.0421226024627686,989,2255,22,2214
sub-004,sub-004_ses-01_task-WorkingMemory_run-4_eeg.set,250.0,12,CH12,20.445375442504883,136.2736358642578,-1000.0,1000.0001220703125,2000.0001220703125,1.0374782085418701,982,2284,22,2215
sub-004,sub-004_ses-01_task-WorkingMemory_run-4_eeg.set,250.0,13,CH13,11.521018981933594,133.4306182861328,-1000.0,1000.0001220703125,2000.0001220703125,1.0158337354660034,955,2262,22,2130
sub-004,sub-004_ses-01_task-WorkingMemory_run-4_eeg.set,250.0,14,CH14,21.457500457763672,131.50177001953125,-1000.0,1000.0001220703125,2000.0001220703125,1.00114905834198,910,2268,21,2171
sub-004,sub-004_ses-01_task-WorkingMemory_run-4_eeg.set,250.0,15,CH15,41.84397888183594,129.10113525390625,-1000.0,1000.0001220703125,2000.0001220703125,0.982872486114502,874,2330,22,2094
sub-004,sub-004_ses-01_task-WorkingMemory_run-4_eeg.set,250.0,16,CH16,26.452695846557617,129.8878173828125,-1000.0,1000.0001220703125,2000.0001220703125,0.9888616800308228,733,2302,22,2073
sub-004,sub-004_ses-01_task-WorkingMemory_run-4_eeg.set,250.0,17,CH17,28.287765502929688,128.56884765625,-1000.0,1000.0001220703125,2000.0001220703125,0.9788200855255127,209,2304,22,1972
sub-004,sub-004_ses-01_task-WorkingMemory_run-4_eeg.set,250.0,18,CH18,21.550722122192383,128.0598602294922,-1000.0,1000.0001220703125,2000.0001220703125,0.974945068359375,57,2277,21,1822
sub-004,sub-004_ses-01_task-WorkingMemory_run-4_eeg.set,250.0,19,CH19,7.057814598083496,133.51931762695312,-1000.0,1000.0001220703125,2000.0001220703125,1.0165090560913086,254,2238,24,1865
sub-004,sub-004_ses-01_task-WorkingMemory_run-4_eeg.set,250.0,20,CH20,18.746562957763672,139.18907165527344,-1000.0,1000.0001220703125,2000.0001220703125,1.0596740245819092,1038,2277,22,2215
sub-004,sub-004_ses-01_task-WorkingMemory_run-4_eeg.set,250.0,21,CH21,12.757417678833008,138.24208068847656,-1000.0,1000.0001220703125,2000.0001220703125,1.0524643659591675,1029,2266,22,2215
sub-004,sub-004_ses-01_task-WorkingMemory_run-4_eeg.set,250.0,22,CH22,5.028778553009033,136.70120239257812,-1000.0,1000.0001220703125,2000.0001220703125,1.0407333374023438,995,2252,22,2214
sub-004,sub-004_ses-01_task-WorkingMemory_run-4_eeg.set,250.0,23,CH23,11.113619804382324,132.9133758544922,-1000.0,1000.0001220703125,2000.0001220703125,1.0118958950042725,954,2243,22,2214
sub-004,sub-004_ses-01_task-WorkingMemory_run-4_eeg.set,250.0,24,CH24,36.235748291015625,130.41249084472656,-1000.0,1000.0001220703125,2000.0001220703125,0.9928561449050903,935,2336,22,2205
sub-004,sub-004_ses-01_task-WorkingMemory_run-4_eeg.set,250.0,25,CH25,20.85289192199707,131.35491943359375,-1000.0,1000.0001220703125,2000.0001220703125,1.0000309944152832,933,2288,21,2168
sub-004,sub-004_ses-01_task-WorkingMemory_run-4_eeg.set,250.0,26,CH26,10.948062896728516,132.1604766845703,-1000.0,1000.0001220703125,2000.0001220703125,1.0061638355255127,965,2271,22,2082
sub-004,sub-004_ses-01_task-WorkingMemory_run-4_eeg.set,250.0,27,CH27,16.544565200805664,130.65635681152344,-1000.0,1000.0001220703125,2000.0001220703125,0.9947127103805542,874,2285,22,2081
sub-004,sub-004_ses-01_task-WorkingMemory_run-4_eeg.set,250.0,28,CH28,16.823793411254883,128.98245239257812,-1000.0,1000.0001220703125,2000.0001220703125,0.9819689393043518,202,2282,22,2006
sub-004,sub-004_ses-01_task-WorkingMemory_run-4_eeg.set,250.0,29,CH29,-2.628162145614624,130.78738403320312,-1000.0,1000.0001220703125,2000.0001220703125,0.9957102537155151,382,2252,21,1957
sub-004,sub-004_ses-01_task-WorkingMemory_run-4_eeg.set,250.0,30,CH30,17.8570613861084,128.38742065429688,-1000.0,1000.0001220703125,2000.0001220703125,0.9774388670921326,79,2275,22,1965
sub-004,sub-004_ses-01_task-WorkingMemory_run-4_eeg.set,250.0,31,CH31,-9.696524620056152,137.15113830566406,-1000.0,1000.0001220703125,2000.0001220703125,1.0441588163375854,1021,2242,22,2214
sub-004,sub-004_ses-01_task-WorkingMemory_run-4_eeg.set,250.0,32,CH32,2.194866418838501,134.51170349121094,-1000.0,1000.0001220703125,2000.0001220703125,1.0240641832351685,981,2243,22,2212
sub-004,sub-004_ses-01_task-WorkingMemory_run-4_eeg.set,250.0,33,CH33,22.761760711669922,132.2928466796875,-1000.0,1000.0001220703125,2000.0001220703125,1.007171630859375,954,2280,21,2207
sub-004,sub-004_ses-01_task-WorkingMemory_run-4_eeg.set,250.0,34,CH34,40.88393020629883,128.82098388671875,-1000.0,1000.0001220703125,2000.0001220703125,0.9807396531105042,845,2311,22,2203
sub-004,sub-004_ses-01_task-WorkingMemory_run-4_eeg.set,250.0,35,CH35,13.154022216796875,132.38247680664062,-1000.0,1000.0001220703125,2000.0001220703125,1.0078539848327637,960,2276,21,2142
sub-004,sub-004_ses-01_task-WorkingMemory_run-4_eeg.set,250.0,36,CH36,24.595277786254883,130.62234497070312,-1000.0,1000.0001220703125,2000.0001220703125,0.9944537878036499,940,2303,22,2133
sub-004,sub-004_ses-01_task-WorkingMemory_run-4_eeg.set,250.0,37,CH37,12.79468822479248,130.25613403320312,-1000.0,1000.0001220703125,2000.0001220703125,0.9916657209396362,813,2261,21,2048
sub-004,sub-004_ses-01_task-WorkingMemory_run-4_eeg.set,250.0,38,CH38,27.11648178100586,128.33091735839844,-1000.0,1000.0001220703125,2000.0001220703125,0.9770087003707886,310,2300,21,2061
sub-004,sub-004_ses-01_task-WorkingMemory_run-4_eeg.set,250.0,39,CH39,15.192726135253906,129.76766967773438,-1000.0,1000.0001220703125,2000.0001220703125,0.9879469871520996,632,2270,22,2008
sub-004,sub-004_ses-01_task-WorkingMemory_run-4_eeg.set,250.0,40,CH40,28.60465431213379,133.3416748046875,-1000.0,1000.0001220703125,2000.0001220703125,1.015156626701355,996,2294,22,2214
sub-004,sub-004_ses-01_task-WorkingMemory_run-4_eeg.set,250.0,41,CH41,0.6479297876358032,135.16668701171875,-1000.0,1000.0001220703125,2000.0001220703125,1.0290507078170776,1005,2257,22,2192
sub-004,sub-004_ses-01_task-WorkingMemory_run-4_eeg.set,250.0,42,CH42,9.012344360351562,133.83248901367188,-1000.0,1000.0001220703125,2000.0001220703125,1.0188932418823242,984,2269,22,2164
sub-004,sub-004_ses-01_task-WorkingMemory_run-4_eeg.set,250.0,43,CH43,18.327714920043945,131.32215881347656,-1000.0,1000.0001220703125,2000.0001220703125,0.999781608581543,942,2275,22,2182
sub-004,sub-004_ses-01_task-WorkingMemory_run-4_eeg.set,250.0,44,CH44,18.742725372314453,131.5553741455078,-1000.0,1000.0001220703125,2000.0001220703125,1.0015571117401123,943,2281,22,2176
sub-004,sub-004_ses-01_task-WorkingMemory_run-4_eeg.set,250.0,45,CH45,7.088353157043457,133.08303833007812,-1000.0,1000.0001220703125,2000.0001220703125,1.0131875276565552,986,2274,22,2102
sub-004,sub-004_ses-01_task-WorkingMemory_run-4_eeg.set,250.0,46,CH46,34.887046813964844,129.2149200439453,-1000.0,1000.0001220703125,2000.0001220703125,0.9837387800216675,760,2349,21,2163
sub-004,sub-004_ses-01_task-WorkingMemory_run-4_eeg.set,250.0,47,CH47,18.525386810302734,130.36740112304688,-1000.0,1000.0001220703125,2000.0001220703125,0.9925128221511841,860,2295,21,2093
sub-004,sub-004_ses-01_task-WorkingMemory_run-4_eeg.set,250.0,48,CH48,22.04608726501465,129.1698760986328,-1000.0,1000.0001220703125,2000.0001220703125,0.9833958745002747,621,2290,22,2090
sub-004,sub-004_ses-01_task-WorkingMemory_run-4_eeg.set,250.0,49,CH49,-1.5180891752243042,131.35084533691406,-1000.0,1000.0001220703125,2000.0001220703125,1.0,882,2257,21,2032
sub-004,sub-004_ses-01_task-WorkingMemory_run-4_eeg.set,250.0,50,CH50,10.838561058044434,130.93536376953125,-1000.0,1000.0001220703125,2000.0001220703125,0.9968368411064148,947,2266,21,2149
sub-004,sub-004_ses-01_task-WorkingMemory_run-4_eeg.set,250.0,51,CH51,8.020394325256348,135.19903564453125,-1000.0,1000.0001220703125,2000.0001220703125,1.0292969942092896,977,2273,21,2181
sub-004,sub-004_ses-01_task-WorkingMemory_run-4_eeg.set,250.0,52,CH52,7.7726545333862305,132.83338928222656,-1000.0,1000.0001220703125,2000.0001220703125,1.0112868547439575,971,2267,21,2118
sub-004,sub-004_ses-01_task-WorkingMemory_run-4_eeg.set,250.0,53,CH53,15.321978569030762,131.04144287109375,-1000.0,1000.0001220703125,2000.0001220703125,0.9976444840431213,934,2262,21,2177
sub-004,sub-004_ses-01_task-WorkingMemory_run-4_eeg.set,250.0,54,CH54,39.71628952026367,128.47406005859375,-1000.0,1000.0001220703125,2000.0001220703125,0.978098452091217,696,2313,21,2217
sub-004,sub-004_ses-01_task-WorkingMemory_run-4_eeg.set,250.0,55,CH55,34.17646789550781,129.6720733642578,-1000.0,1000.0001220703125,2000.0001220703125,0.9872191548347473,838,2335,21,2198
sub-004,sub-004_ses-01_task-WorkingMemory_run-4_eeg.set,250.0,56,CH56,27.041248321533203,129.3966522216797,-1000.0,1000.0001220703125,2000.0001220703125,0.9851223230361938,586,2317,22,2082
sub-004,sub-004_ses-01_task-WorkingMemory_run-4_eeg.set,250.0,57,CH57,16.155858993530273,130.56072998046875,-1000.0,1000.0001220703125,2000.0001220703125,0.9939846992492676,901,2277,21,2036
sub-004,sub-004_ses-01_task-WorkingMemory_run-4_eeg.set,250.0,58,CH58,8.407876014709473,130.93690490722656,-1000.0,1000.0001220703125,2000.0001220703125,0.9968485832214355,911,2265,21,2025
sub-004,sub-004_ses-01_task-WorkingMemory_run-4_eeg.set,250.0,59,CH59,6.051096439361572,130.7128143310547,-1000.0,1000.0001220703125,2000.0001220703125,0.9951425194740295,870,2264,21,2027
sub-004,sub-004_ses-01_task-WorkingMemory_run-4_eeg.set,250.0,60,CH60,11.194206237792969,134.5686798095703,-1000.0,1000.0001220703125,2000.0001220703125,1.0244979858398438,1027,2266,22,2141
sub-004,sub-004_ses-01_task-WorkingMemory_run-4_eeg.set,250.0,61,CH61,15.216026306152344,131.8773956298828,-1000.0,1000.0001220703125,2000.0001220703125,1.0040087699890137,964,2281,21,2117
sub-004,sub-004_ses-01_task-WorkingMemory_run-4_eeg.set,250.0,62,CH62,6.973272800445557,132.42457580566406,-1000.0,1000.0001220703125,2000.0001220703125,1.0081745386123657,965,2263,21,2094
sub-004,sub-004_ses-01_task-WorkingMemory_run-4_eeg.set,250.0,63,CH63,19.438194274902344,130.31317138671875,-1000.0,1000.0001220703125,2000.0001220703125,0.9921000003814697,792,2278,21,2023
sub-004,sub-004_ses-01_task-WorkingMemory_run-4_eeg.set,250.0,64,CH64,19.860748291015625,130.15121459960938,-1000.0,1000.0001220703125,2000.0001220703125,0.9908669590950012,780,2281,21,2148
sub-004,sub-004_ses-01_task-WorkingMemory_run-4_eeg.set,250.0,65,CH65,34.6640510559082,128.61827087402344,-1000.0,1000.0001220703125,2000.0001220703125,0.9791963696479797,548,2328,22,2171
sub-004,sub-004_ses-01_task-WorkingMemory_run-4_eeg.set,250.0,66,CH66,18.485960006713867,129.73748779296875,-1000.0,1000.0001220703125,2000.0001220703125,0.9877172112464905,520,2288,21,2129
sub-004,sub-004_ses-01_task-WorkingMemory_run-4_eeg.set,250.0,67,CH67,20.006391525268555,131.30462646484375,-1000.0,1000.0001220703125,2000.0001220703125,0.9996481537818909,940,2297,21,2127
sub-004,sub-004_ses-01_task-WorkingMemory_run-4_eeg.set,250.0,68,CH68,11.054439544677734,131.53509521484375,-1000.0,1000.0001220703125,2000.0001220703125,1.001402735710144,901,2274,21,2039
sub-004,sub-004_ses-01_task-WorkingMemory_run-4_eeg.set,250.0,69,CH69,17.462200164794922,130.93992614746094,-1000.0,1000.0001220703125,2000.0001220703125,0.9968715906143188,750,2310,21,2088
sub-008,sub-008_ses-01_task-WorkingMemory_run-1_eeg.set,250.0,1,CH1,21.860923767089844,38.10936737060547,-275.2136535644531,390.47625732421875,665.68994140625,2.0324320793151855,0,0,0,0
sub-008,sub-008_ses-01_task-WorkingMemory_run-1_eeg.set,250.0,2,CH2,21.13672637939453,38.00862121582031,-270.32965087890625,414.4078674316406,684.737548828125,2.0270590782165527,0,0,0,0
sub-008,sub-008_ses-01_task-WorkingMemory_run-1_eeg.set,250.0,3,CH3,24.127090454101562,37.411865234375,-244.4444122314453,437.8511047363281,682.2955322265625,1.9952330589294434,0,0,0,0
sub-008,sub-008_ses-01_task-WorkingMemory_run-1_eeg.set,250.0,4,CH4,32.448814392089844,33.39719009399414,-253.72402954101562,385.1038513183594,638.827880859375,1.781124234199524,0,0,0,0
sub-008,sub-008_ses-01_task-WorkingMemory_run-1_eeg.set,250.0,5,CH5,2.1158077716827393,25.2735538482666,-235.16481018066406,244.93289184570312,480.09771728515625,1.3478779792785645,0,0,0,0
sub-008,sub-008_ses-01_task-WorkingMemory_run-1_eeg.set,250.0,6,CH6,21.04081916809082,24.67478370666504,-226.86199951171875,280.58612060546875,507.4481201171875,1.3159446716308594,0,0,0,0
sub-008,sub-008_ses-01_task-WorkingMemory_run-1_eeg.set,250.0,7,CH7,24.54923439025879,26.040084838867188,-211.72158813476562,368.4981994628906,580.2197875976562,1.3887583017349243,0,0,0,0
sub-008,sub-008_ses-01_task-WorkingMemory_run-1_eeg.set,250.0,8,CH8,7.054986000061035,33.93267059326172,-364.5909423828125,460.805908203125,825.3968505859375,1.8096822500228882,0,0,0,0
sub-008,sub-008_ses-01_task-WorkingMemory_run-1_eeg.set,250.0,9,CH9,-6.505491256713867,46.59280776977539,-304.0292663574219,251.28208923339844,555.3113403320312,2.4848670959472656,0,0,0,0
sub-008,sub-008_ses-01_task-WorkingMemory_run-1_eeg.set,250.0,10,CH10,18.9193115234375,21.741701126098633,-183.88275146484375,260.56170654296875,444.4444580078125,1.159518837928772,0,0,0,0
sub-008,sub-008_ses-01_task-WorkingMemory_run-1_eeg.set,250.0,11,CH11,5.413804531097412,21.16813087463379,-208.3027801513672,219.53607177734375,427.8388671875,1.1289293766021729,0,0,0,0
sub-008,sub-008_ses-01_task-WorkingMemory_run-1_eeg.set,250.0,12,CH12,38.961299896240234,20.342039108276367,-197.069580078125,221.4896697998047,418.55926513671875,1.0848727226257324,0,0,0,0
sub-008,sub-008_ses-01_task-WorkingMemory_run-1_eeg.set,250.0,13,CH13,23.370880126953125,19.511695861816406,-214.16358947753906,234.18807983398438,448.3516845703125,1.0405892133712769,0,0,0,0
sub-008,sub-008_ses-01_task-WorkingMemory_run-1_eeg.set,250.0,14,CH14,4.100833892822266,20.218652725219727,-239.07200622558594,221.9780731201172,461.0500793457031,1.0782922506332397,0,0,0,0
sub-008,sub-008_ses-01_task-WorkingMemory_run-1_eeg.set,250.0,15,CH15,36.94139862060547,20.574201583862305,-205.86077880859375,287.9121398925781,493.7729187011719,1.0972542762756348,0,0,0,0
sub-008,sub-008_ses-01_task-WorkingMemory_run-1_eeg.set,250.0,16,CH16,31.277578353881836,21.785945892333984,-213.67518615722656,321.12335205078125,534.7985229492188,1.1618784666061401,0,0,0,0
sub-008,sub-008_ses-01_task-WorkingMemory_run-1_eeg.set,250.0,17,CH17,21.86392593383789,23.984159469604492,-266.91082763671875,400.732666015625,667.6434936523438,1.2791125774383545,0,0,0,0
sub-008,sub-008_ses-01_task-WorkingMemory_run-1_eeg.set,250.0,18,CH18,13.730669975280762,27.122379302978516,-282.5396423339844,524.2979736328125,806.837646484375,1.4464787244796753,0,4,0,0
sub-008,sub-008_ses-01_task-WorkingMemory_run-1_eeg.set,250.0,19,CH19,13.991369247436523,26.941364288330078,-355.3113098144531,544.3223876953125,899.6336669921875,1.436824917793274,0,6,0,0
sub-008,sub-008_ses-01_task-WorkingMemory_run-1_eeg.set,250.0,20,CH20,3.539295196533203,15.883793830871582,-191.20877075195312,155.5555877685547,346.76434326171875,0.847107470035553,0,0,0,0
sub-008,sub-008_ses-01_task-WorkingMemory_run-1_eeg.set,250.0,21,CH21,4.769566059112549,17.826772689819336,-188.2783660888672,178.99880981445312,367.27716064453125,0.9507296085357666,0,0,0,0
sub-008,sub-008_ses-01_task-WorkingMemory_run-1_eeg.set,250.0,22,CH22,8.313308715820312,17.901615142822266,-203.4187774658203,242.9792938232422,446.3980712890625,0.9547210335731506,0,0,0,0
sub-008,sub-008_ses-01_task-WorkingMemory_run-1_eeg.set,250.0,23,CH23,23.180421829223633,18.44508934020996,-204.3955841064453,185.83642578125,390.23199462890625,0.9837054014205933,0,0,0,0
sub-008,sub-008_ses-01_task-WorkingMemory_run-1_eeg.set,250.0,24,CH24,28.284385681152344,19.64389419555664,-223.4431915283203,217.0940704345703,440.5372619628906,1.0476394891738892,0,0,0,0
sub-008,sub-008_ses-01_task-WorkingMemory_run-1_eeg.set,250.0,25,CH25,28.120403289794922,19.481983184814453,-214.65199279785156,235.6532745361328,450.3052673339844,1.0390045642852783,0,0,0,0
sub-008,sub-008_ses-01_task-WorkingMemory_run-1_eeg.set,250.0,26,CH26,6.519133567810059,19.04390525817871,-238.5836181640625,251.28208923339844,489.86572265625,1.015641212463379,0,0,0,0
sub-008,sub-008_ses-01_task-WorkingMemory_run-1_eeg.set,250.0,27,CH27,-14.132546424865723,20.675792694091797,-262.5152282714844,261.05010986328125,523.5653076171875,1.1026722192764282,0,0,0,0
sub-008,sub-008_ses-01_task-WorkingMemory_run-1_eeg.set,250.0,28,CH28,29.490848541259766,20.296091079711914,-242.00241088867188,436.8742980957031,678.876708984375,1.082422137260437,0,0,0,0
sub-008,sub-008_ses-01_task-WorkingMemory_run-1_eeg.set,250.0,29,CH29,5.977529048919678,21.17831802368164,-259.5848388671875,395.8486633300781,655.4334716796875,1.1294727325439453,0,0,0,0
sub-008,sub-008_ses-01_task-WorkingMemory_run-1_eeg.set,250.0,30,CH30,2.7879817485809326,21.01416778564453,-319.6580810546875,414.896240234375,734.5543212890625,1.1207183599472046,0,0,0,0
sub-008,sub-008_ses-01_task-WorkingMemory_run-1_eeg.set,250.0,31,CH31,-28.595500946044922,15.117339134216309,-220.02439880371094,121.85596466064453,341.88037109375,0.8062312602996826,0,0,0,0
sub-008,sub-008_ses-01_task-WorkingMemory_run-1_eeg.set,250.0,32,CH32,3.3098089694976807,16.342517852783203,-219.04759216308594,213.67526245117188,432.72283935546875,0.871571958065033,0,0,0,0
sub-008,sub-008_ses-01_task-WorkingMemory_run-1_eeg.set,250.0,33,CH33,3.761439085006714,17.687244415283203,-225.3968048095703,179.97561645507812,405.3724365234375,0.9432883262634277,0,0,0,0
sub-008,sub-008_ses-01_task-WorkingMemory_run-1_eeg.set,250.0,34,CH34,26.083419799804688,18.839868545532227,-201.46517944335938,209.76805114746094,411.23321533203125,1.0047595500946045,0,0,0,0
sub-008,sub-008_ses-01_task-WorkingMemory_run-1_eeg.set,250.0,35,CH35,4.207067012786865,17.93807029724121,-219.04759216308594,210.74485778808594,429.7924499511719,0.9566652774810791,0,0,0,0
sub-008,sub-008_ses-01_task-WorkingMemory_run-1_eeg.set,250.0,36,CH36,18.222665786743164,18.76864242553711,-218.55918884277344,243.46768188476562,462.02685546875,1.0009609460830688,0,0,0,0
sub-008,sub-008_ses-01_task-WorkingMemory_run-1_eeg.set,250.0,37,CH37,1.1719447374343872,18.39470672607422,-238.09521484375,263.9804992675781,502.0757141113281,0.9810183644294739,0,0,0,0
sub-008,sub-008_ses-01_task-WorkingMemory_run-1_eeg.set,250.0,38,CH38,16.7562255859375,18.75062370300293,-239.07200622558594,386.5690612792969,625.6410522460938,1.0,0,0,0,0
sub-008,sub-008_ses-01_task-WorkingMemory_run-1_eeg.set,250.0,39,CH39,0.22044366598129272,18.43425750732422,-280.09765625,333.82177734375,613.91943359375,0.9831277132034302,0,0,0,0
sub-008,sub-008_ses-01_task-WorkingMemory_run-1_eeg.set,250.0,40,CH40,8.277732849121094,13.138370513916016,-151.159912109375,144.810791015625,295.970703125,0.7006897926330566,0,0,0,0
sub-008,sub-008_ses-01_task-WorkingMemory_run-1_eeg.set,250.0,41,CH41,-16.227651596069336,13.778995513916016,-203.4187774658203,154.09039306640625,357.5091552734375,0.7348552942276001,0,0,0,0
sub-008,sub-008_ses-01_task-WorkingMemory_run-1_eeg.set,250.0,42,CH42,17.920454025268555,15.689835548400879,-192.18556213378906,184.3712158203125,376.5567626953125,0.8367633819580078,0,0,0,0
sub-008,sub-008_ses-01_task-WorkingMemory_run-1_eeg.set,250.0,43,CH43,10.555413246154785,17.546377182006836,-214.16358947753906,193.16244506835938,407.3260498046875,0.935775637626648,0,0,0,0
sub-008,sub-008_ses-01_task-WorkingMemory_run-1_eeg.set,250.0,44,CH44,12.88192367553711,17.99763298034668,-221.97799682617188,202.44204711914062,424.4200439453125,0.9598418474197388,0,0,0,0
sub-008,sub-008_ses-01_task-WorkingMemory_run-1_eeg.set,250.0,45,CH45,29.992788314819336,17.986133575439453,-208.7911834716797,233.21127319335938,442.00244140625,0.9592285752296448,0,0,0,0
sub-008,sub-008_ses-01_task-WorkingMemory_run-1_eeg.set,250.0,46,CH46,2.0062363147735596,17.911312103271484,-223.9315948486328,234.67648315429688,458.60809326171875,0.9552382230758667,0,0,0,0
sub-008,sub-008_ses-01_task-WorkingMemory_run-1_eeg.set,250.0,47,CH47,8.672773361206055,19.140806198120117,-225.3968048095703,258.60809326171875,484.0048828125,1.0208090543746948,0,0,0,0
sub-008,sub-008_ses-01_task-WorkingMemory_run-1_eeg.set,250.0,48,CH48,6.980734348297119,17.171728134155273,-245.9096221923828,275.2137145996094,521.1233520507812,0.9157950282096863,0,0,0,0
sub-008,sub-008_ses-01_task-WorkingMemory_run-1_eeg.set,250.0,49,CH49,-17.3795108795166,16.9032039642334,-261.5384216308594,281.56292724609375,543.101318359375,0.9014742374420166,0,0,0,0
sub-008,sub-008_ses-01_task-WorkingMemory_run-1_eeg.set,250.0,50,CH50,26.41069221496582,17.166597366333008,-239.07200622558594,325.5189514160156,564.5909423828125,0.9155213832855225,0,0,0,0
sub-008,sub-008_ses-01_task-WorkingMemory_run-1_eeg.set,250.0,51,CH51,16.700895309448242,14.91411018371582,-162.88153076171875,185.83642578125,348.71795654296875,0.7953927516937256,0,0,0,0
sub-008,sub-008_ses-01_task-WorkingMemory_run-1_eeg.set,250.0,52,CH52,5.520350933074951,16.452484130859375,-199.02317810058594,181.92921447753906,380.952392578125,0.877436637878418,0,0,0,0
sub-008,sub-008_ses-01_task-WorkingMemory_run-1_eeg.set,250.0,53,CH53,12.510075569152832,17.599010467529297,-203.4187774658203,203.41885375976562,406.837646484375,0.9385826587677002,0,0,0,0
sub-008,sub-008_ses-01_task-WorkingMemory_run-1_eeg.set,250.0,54,CH54,27.446224212646484,17.743755340576172,-199.99996948242188,215.1404571533203,415.14044189453125,0.9463021159172058,0,0,0,0
sub-008,sub-008_ses-01_task-WorkingMemory_run-1_eeg.set,250.0,55,CH55,7.239259719848633,17.531494140625,-222.95480346679688,213.18685913085938,436.14166259765625,0.9349819421768188,0,0,0,0
sub-008,sub-008_ses-01_task-WorkingMemory_run-1_eeg.set,250.0,56,CH56,13.69109058380127,19.846349716186523,-215.6287841796875,231.74607849121094,447.3748779296875,1.0584367513656616,0,0,0,0
sub-008,sub-008_ses-01_task-WorkingMemory_run-1_eeg.set,250.0,57,CH57,9.259692192077637,20.402633666992188,-222.46640014648438,243.95608520507812,466.4224853515625,1.088104248046875,0,0,0,0
sub-008,sub-008_ses-01_task-WorkingMemory_run-1_eeg.set,250.0,58,CH58,1.159547209739685,19.300621032714844,-230.7692108154297,239.07208251953125,469.84130859375,1.029332160949707,0,0,0,0
sub-008,sub-008_ses-01_task-WorkingMemory_run-1_eeg.set,250.0,59,CH59,-2.4470160007476807,16.47116470336914,-240.04881286621094,239.07208251953125,479.12091064453125,0.8784328699111938,0,0,0,0
sub-008,sub-008_ses-01_task-WorkingMemory_run-1_eeg.set,250.0,60,CH60,-30.452537536621094,15.268685340881348,-199.99996948242188,149.69479370117188,349.69476318359375,0.8143028020858765,0,0,0,0
sub-008,sub-008_ses-01_task-WorkingMemory_run-1_eeg.set,250.0,61,CH61,-3.5276718139648438,15.674983024597168,-198.53477478027344,183.88282775878906,382.4176025390625,0.8359712958335876,0,0,0,0
sub-008,sub-008_ses-01_task-WorkingMemory_run-1_eeg.set,250.0,62,CH62,9.870976448059082,16.90066146850586,-198.53477478027344,202.93045043945312,401.4652099609375,0.9013386368751526,0,0,0,0
sub-008,sub-008_ses-01_task-WorkingMemory_run-1_eeg.set,250.0,63,CH63,7.444802284240723,17.607789993286133,-212.69839477539062,217.58245849609375,430.2808532714844,0.9390509128570557,0,0,0,0
sub-008,sub-008_ses-01_task-WorkingMemory_run-1_eeg.set,250.0,64,CH64,3.245713233947754,17.90789222717285,-218.55918884277344,227.35047912597656,445.90966796875,0.955055832862854,0,0,0,0
sub-008,sub-008_ses-01_task-WorkingMemory_run-1_eeg.set,250.0,65,CH65,23.348203659057617,17.349042892456055,-197.55796813964844,242.0024871826172,439.5604553222656,0.9252514839172363,0,0,0,0
sub-008,sub-008_ses-01_task-WorkingMemory_run-1_eeg.set,250.0,66,CH66,-2.6120996475219727,19.886932373046875,-220.02439880371094,216.1172637939453,436.14166259765625,1.0606011152267456,0,0,0,0
sub-008,sub-008_ses-01_task-WorkingMemory_run-1_eeg.set,250.0,67,CH67,3.109937906265259,16.662506103515625,-196.5811767578125,205.86085510253906,402.4420166015625,0.8886374235153198,0,0,0,0
sub-008,sub-008_ses-01_task-WorkingMemory_run-1_eeg.set,250.0,68,CH68,6.755434036254883,17.278364181518555,-208.7911834716797,213.18685913085938,421.97802734375,0.9214820861816406,0,0,0,0
sub-008,sub-008_ses-01_task-WorkingMemory_run-1_eeg.set,250.0,69,CH69,1.0476267337799072,20.117950439453125,-210.74478149414062,225.88526916503906,436.63006591796875,1.072921633720398,0,0,0,0
sub-008,sub-008_ses-01_task-WorkingMemory_run-2_eeg.set,250.0,1,CH1,18.200424194335938,55.656951904296875,-462.75946044921875,668.3760986328125,1131.135498046875,1.6002609729766846,0,33,0,0
sub-008,sub-008_ses-01_task-WorkingMemory_run-2_eeg.set,250.0,2,CH2,22.230453491210938,53.762351989746094,-525.7631225585938,643.9561157226562,1169.71923828125,1.54578697681427,1,5,0,0
sub-008,sub-008_ses-01_task-WorkingMemory_run-2_eeg.set,250.0,3,CH3,20.930091857910156,56.08966064453125,-534.5543212890625,647.3749389648438,1181.92919921875,1.6127022504806519,3,5,0,0
sub-008,sub-008_ses-01_task-WorkingMemory_run-2_eeg.set,250.0,4,CH4,20.68930435180664,48.9373664855957,-400.24420166015625,584.3712158203125,984.6154174804688,1.4070580005645752,0,8,0,0
sub-008,sub-008_ses-01_task-WorkingMemory_run-2_eeg.set,250.0,5,CH5,-0.09466578811407089,40.52989959716797,-477.89984130859375,550.671630859375,1028.571533203125,1.1653245687484741,0,3,0,0
sub-008,sub-008_ses-01_task-WorkingMemory_run-2_eeg.set,250.0,6,CH6,20.08458137512207,38.867027282714844,-513.064697265625,594.1392211914062,1107.203857421875,1.1175132989883423,1,3,0,0
sub-008,sub-008_ses-01_task-WorkingMemory_run-2_eeg.set,250.0,7,CH7,25.10745620727539,41.61710739135742,-550.6715087890625,609.76806640625,1160.4395751953125,1.1965842247009277,1,3,0,0
sub-008,sub-008_ses-01_task-WorkingMemory_run-2_eeg.set,250.0,8,CH8,1.6859581470489502,50.64617156982422,-610.7448120117188,620.5128784179688,1231.2576904296875,1.4561898708343506,4,7,0,0
sub-008,sub-008_ses-01_task-WorkingMemory_run-2_eeg.set,250.0,9,CH9,-4.3430280685424805,46.7707633972168,-375.82415771484375,397.3138427734375,773.1380004882812,1.3447632789611816,0,0,0,0
sub-008,sub-008_ses-01_task-WorkingMemory_run-2_eeg.set,250.0,10,CH10,22.079055786132812,34.73672866821289,-323.5653076171875,481.3187255859375,804.884033203125,0.99875807762146,0,0,0,0
sub-008,sub-008_ses-01_task-WorkingMemory_run-2_eeg.set,250.0,11,CH11,2.6777195930480957,34.08945083618164,-421.7337951660156,494.9939270019531,916.7277221679688,0.9801474213600159,0,0,0,0
sub-008,sub-008_ses-01_task-WorkingMemory_run-2_eeg.set,250.0,12,CH12,31.549345016479492,31.64577865600586,-431.0133972167969,574.6032104492188,1005.6165771484375,0.9098864197731018,0,1,0,0
sub-008,sub-008_ses-01_task-WorkingMemory_run-2_eeg.set,250.0,13,CH13,19.17458724975586,32.55405044555664,-474.4810485839844,585.8364868164062,1060.3175048828125,0.9360012412071228,0,1,0,0
sub-008,sub-008_ses-01_task-WorkingMemory_run-2_eeg.set,250.0,14,CH14,2.0735809803009033,34.268585205078125,-520.879150390625,568.2540283203125,1089.1331787109375,0.9852979183197021,1,1,0,0
sub-008,sub-008_ses-01_task-WorkingMemory_run-2_eeg.set,250.0,15,CH15,33.52238845825195,35.538352966308594,-511.5994873046875,603.4188842773438,1115.018310546875,1.0218065977096558,1,1,0,0
sub-008,sub-008_ses-01_task-WorkingMemory_run-2_eeg.set,250.0,16,CH16,25.77368927001953,36.72862243652344,-551.6483154296875,604.884033203125,1156.5323486328125,1.0560294389724731,1,1,0,0
sub-008,sub-008_ses-01_task-WorkingMemory_run-2_eeg.set,250.0,17,CH17,18.447002410888672,40.653526306152344,-597.5579833984375,615.6288452148438,1213.186767578125,1.1688791513442993,1,3,0,0
sub-008,sub-008_ses-01_task-WorkingMemory_run-2_eeg.set,250.0,18,CH18,8.101523399353027,47.367637634277344,-672.7716674804688,631.2576904296875,1304.029296875,1.3619247674942017,7,3,0,0
sub-008,sub-008_ses-01_task-WorkingMemory_run-2_eeg.set,250.0,19,CH19,14.283219337463379,49.740638732910156,-679.6092529296875,641.5140991210938,1321.123291015625,1.4301538467407227,11,5,0,0
sub-008,sub-008_ses-01_task-WorkingMemory_run-2_eeg.set,250.0,20,CH20,-1.7042936086654663,27.042011260986328,-362.6373291015625,469.59710693359375,832.2344360351562,0.7775178551673889,0,0,0,0
sub-008,sub-008_ses-01_task-WorkingMemory_run-2_eeg.set,250.0,21,CH21,5.28389310836792,28.849706649780273,-365.079345703125,457.3871154785156,822.4664306640625,0.8294931054115295,0,0,0,0
sub-008,sub-008_ses-01_task-WorkingMemory_run-2_eeg.set,250.0,22,CH22,7.038125991821289,28.753496170043945,-397.31378173828125,609.76806640625,1007.0818481445312,0.8267268538475037,0,2,0,0
sub-008,sub-008_ses-01_task-WorkingMemory_run-2_eeg.set,250.0,23,CH23,17.750568389892578,28.825729370117188,-447.6190185546875,539.4384155273438,987.0574340820312,0.8288037180900574,0,1,0,0
sub-008,sub-008_ses-01_task-WorkingMemory_run-2_eeg.set,250.0,24,CH24,31.909269332885742,31.643795013427734,-463.7362365722656,599.5116577148438,1063.2479248046875,0.9098293781280518,0,1,0,0
sub-008,sub-008_ses-01_task-WorkingMemory_run-2_eeg.set,250.0,25,CH25,23.659996032714844,32.71303176879883,-499.87786865234375,592.674072265625,1092.552001953125,0.9405723214149475,0,1,0,0
sub-008,sub-008_ses-01_task-WorkingMemory_run-2_eeg.set,250.0,26,CH26,11.126103401184082,35.340396881103516,-529.6703491210938,596.0928344726562,1125.76318359375,1.0161148309707642,1,1,0,0
sub-008,sub-008_ses-01_task-WorkingMemory_run-2_eeg.set,250.0,27,CH27,-18.37322425842285,40.337181091308594,-588.2783813476562,571.6728515625,1159.951171875,1.1597834825515747,1,1,0,0
sub-008,sub-008_ses-01_task-WorkingMemory_run-2_eeg.set,250.0,28,CH28,23.674091339111328,36.687957763671875,-617.5823974609375,603.4188842773438,1221.001220703125,1.054860234260559,3,1,0,0
sub-008,sub-008_ses-01_task-WorkingMemory_run-2_eeg.set,250.0,29,CH29,0.4039154052734375,38.4804801940918,-642.4908447265625,591.697265625,1234.1881103515625,1.1063992977142334,7,1,0,0
sub-008,sub-008_ses-01_task-WorkingMemory_run-2_eeg.set,250.0,30,CH30,-1.787000060081482,39.5463752746582,-597.069580078125,609.76806640625,1206.837646484375,1.1370460987091064,5,3,0,0
sub-008,sub-008_ses-01_task-WorkingMemory_run-2_eeg.set,250.0,31,CH31,-26.698450088500977,25.070077896118164,-397.80218505859375,410.50067138671875,808.3028564453125,0.720820426940918,0,0,0,0
sub-008,sub-008_ses-01_task-WorkingMemory_run-2_eeg.set,250.0,32,CH32,1.0246366262435913,27.129878997802734,-390.9645690917969,624.9085083007812,1015.873046875,0.7800442576408386,0,1,0,0
sub-008,sub-008_ses-01_task-WorkingMemory_run-2_eeg.set,250.0,33,CH33,7.39072322845459,30.963153839111328,-437.36260986328125,535.0427856445312,972.4053955078125,0.8902594447135925,0,1,0,0
sub-008,sub-008_ses-01_task-WorkingMemory_run-2_eeg.set,250.0,34,CH34,25.529367446899414,29.41997528076172,-459.82904052734375,569.2308349609375,1029.059814453125,0.8458896279335022,0,1,0,0
sub-008,sub-008_ses-01_task-WorkingMemory_run-2_eeg.set,250.0,35,CH35,8.607206344604492,33.63159942626953,-507.20391845703125,572.1612548828125,1079.365234375,0.9669831395149231,1,1,0,0
sub-008,sub-008_ses-01_task-WorkingMemory_run-2_eeg.set,250.0,36,CH36,12.298511505126953,33.24696731567383,-521.85595703125,583.3944091796875,1105.2503662109375,0.9559241533279419,1,1,0,0
sub-008,sub-008_ses-01_task-WorkingMemory_run-2_eeg.set,250.0,37,CH37,-4.516317367553711,35.221519470214844,-590.2319946289062,568.742431640625,1158.974365234375,1.0126968622207642,1,1,0,0
sub-008,sub-008_ses-01_task-WorkingMemory_run-2_eeg.set,250.0,38,CH38,16.299102783203125,35.37210464477539,-666.9108276367188,586.813232421875,1253.72412109375,1.0170265436172485,5,1,0,0
sub-008,sub-008_ses-01_task-WorkingMemory_run-2_eeg.set,250.0,39,CH39,-7.033486843109131,34.341949462890625,-616.1171875,551.6484375,1167.765625,0.9874073266983032,6,1,0,0
sub-008,sub-008_ses-01_task-WorkingMemory_run-2_eeg.set,250.0,40,CH40,11.375948905944824,30.53460693359375,-336.7521057128906,906.715576171875,1243.4676513671875,0.8779377341270447,0,2,0,0
sub-008,sub-008_ses-01_task-WorkingMemory_run-2_eeg.set,250.0,41,CH41,-15.450042724609375,23.79129409790039,-456.8986511230469,549.2064208984375,1006.1051025390625,0.6840525269508362,0,1,0,0
sub-008,sub-008_ses-01_task-WorkingMemory_run-2_eeg.set,250.0,42,CH42,19.069137573242188,26.34688377380371,-395.36016845703125,482.783935546875,878.1441040039062,0.7575314044952393,0,0,0,0
sub-008,sub-008_ses-01_task-WorkingMemory_run-2_eeg.set,250.0,43,CH43,11.343358993530273,28.67563247680664,-432.4786071777344,523.8095703125,956.2882080078125,0.82448810338974,0,1,0,0
sub-008,sub-008_ses-01_task-WorkingMemory_run-2_eeg.set,250.0,44,CH44,11.614092826843262,29.92642593383789,-476.4346618652344,553.60205078125,1030.0367431640625,0.8604512214660645,0,1,0,0
sub-008,sub-008_ses-01_task-WorkingMemory_run-2_eeg.set,250.0,45,CH45,26.467330932617188,31.841901779174805,-475.94622802734375,590.2320556640625,1066.17822265625,0.9155253767967224,0,1,0,0
sub-008,sub-008_ses-01_task-WorkingMemory_run-2_eeg.set,250.0,46,CH46,5.761089324951172,36.3619499206543,-524.2979125976562,556.5324096679688,1080.830322265625,1.0454868078231812,1,1,0,0
sub-008,sub-008_ses-01_task-WorkingMemory_run-2_eeg.set,250.0,47,CH47,18.070411682128906,35.1453857421875,-534.5543212890625,580.9524536132812,1115.5068359375,1.0105078220367432,1,2,0,0
sub-008,sub-008_ses-01_task-WorkingMemory_run-2_eeg.set,250.0,48,CH48,9.521114349365234,34.590797424316406,-613.6752319335938,568.2540283203125,1181.92919921875,0.9945622086524963,2,2,0,0
sub-008,sub-008_ses-01_task-WorkingMemory_run-2_eeg.set,250.0,49,CH49,-10.160467147827148,35.545204162597656,-678.14404296875,548.718017578125,1226.862060546875,1.0220035314559937,4,1,0,0
sub-008,sub-008_ses-01_task-WorkingMemory_run-2_eeg.set,250.0,50,CH50,25.388635635375977,34.77992248535156,-611.2332153320312,566.788818359375,1178.02197265625,1.0,2,2,0,0
sub-008,sub-008_ses-01_task-WorkingMemory_run-2_eeg.set,250.0,51,CH51,21.469690322875977,27.232629776000977,-500.3663024902344,503.7851867675781,1004.1514892578125,0.7829985618591309,1,1,0,0
sub-008,sub-008_ses-01_task-WorkingMemory_run-2_eeg.set,250.0,52,CH52,2.0080296993255615,27.756269454956055,-463.2478332519531,455.921875,919.169677734375,0.7980543971061707,0,0,0,0
sub-008,sub-008_ses-01_task-WorkingMemory_run-2_eeg.set,250.0,53,CH53,13.469259262084961,30.801204681396484,-433.4554138183594,515.9951782226562,949.4505615234375,0.8856030106544495,0,1,0,0
sub-008,sub-008_ses-01_task-WorkingMemory_run-2_eeg.set,250.0,54,CH54,25.656557083129883,30.193214416503906,-444.2002258300781,550.1832275390625,994.3834228515625,0.8681219816207886,0,1,0,0
sub-008,sub-008_ses-01_task-WorkingMemory_run-2_eeg.set,250.0,55,CH55,14.591679573059082,36.15409469604492,-467.6434631347656,569.2308349609375,1036.874267578125,1.0395104885101318,0,2,0,0
sub-008,sub-008_ses-01_task-WorkingMemory_run-2_eeg.set,250.0,56,CH56,12.9432954788208,36.74529266357422,-488.6446533203125,566.3004150390625,1054.945068359375,1.0565087795257568,0,1,0,0
sub-008,sub-008_ses-01_task-WorkingMemory_run-2_eeg.set,250.0,57,CH57,8.176187515258789,38.16713333129883,-525.2747192382812,557.5092163085938,1082.783935546875,1.097389817237854,1,1,0,0
sub-008,sub-008_ses-01_task-WorkingMemory_run-2_eeg.set,250.0,58,CH58,1.034421682357788,38.849761962890625,-558.974365234375,552.1367797851562,1111.111083984375,1.1170169115066528,1,2,0,0
sub-008,sub-008_ses-01_task-WorkingMemory_run-2_eeg.set,250.0,59,CH59,-5.778239727020264,38.90764617919922,-589.7435913085938,530.1588134765625,1119.90234375,1.1186811923980713,1,1,0,0
sub-008,sub-008_ses-01_task-WorkingMemory_run-2_eeg.set,250.0,60,CH60,-24.779356002807617,31.615615844726562,-873.5042724609375,291.8193359375,1165.3236083984375,0.9090191721916199,76,0,0,0
sub-008,sub-008_ses-01_task-WorkingMemory_run-2_eeg.set,250.0,61,CH61,-1.8080930709838867,28.776182174682617,-557.020751953125,432.96710205078125,989.9878540039062,0.8273791074752808,2,0,0,0
sub-008,sub-008_ses-01_task-WorkingMemory_run-2_eeg.set,250.0,62,CH62,6.786378383636475,30.521896362304688,-466.17822265625,502.8083801269531,968.986572265625,0.8775722980499268,0,1,0,0
sub-008,sub-008_ses-01_task-WorkingMemory_run-2_eeg.set,250.0,63,CH63,6.863799571990967,33.689640045166016,-439.8045959472656,546.764404296875,986.5689697265625,0.9686519503593445,0,2,0,0
sub-008,sub-008_ses-01_task-WorkingMemory_run-2_eeg.set,250.0,64,CH64,0.15428590774536133,39.817787170410156,-494.5054626464844,550.1832275390625,1044.688720703125,1.1448497772216797,0,2,0,0
sub-008,sub-008_ses-01_task-WorkingMemory_run-2_eeg.set,250.0,65,CH65,24.287561416625977,42.4268684387207,-479.36505126953125,566.3004150390625,1045.66552734375,1.2198666334152222,0,4,0,0
sub-008,sub-008_ses-01_task-WorkingMemory_run-2_eeg.set,250.0,66,CH66,3.4212636947631836,55.91008758544922,-523.8095092773438,674.725341796875,1198.534912109375,1.607539176940918,1,571,0,0
sub-008,sub-008_ses-01_task-WorkingMemory_run-2_eeg.set,250.0,67,CH67,0.1246262937784195,34.03404235839844,-525.7631225585938,481.3187255859375,1007.0818481445312,0.9785543084144592,1,0,0,0
sub-008,sub-008_ses-01_task-WorkingMemory_run-2_eeg.set,250.0,68,CH68,4.8542799949646,38.74860763549805,-494.5054626464844,578.5104370117188,1073.015869140625,1.1141085624694824,0,1,0,0
sub-008,sub-008_ses-01_task-WorkingMemory_run-2_eeg.set,250.0,69,CH69,7.035809516906738,45.428646087646484,-504.76190185546875,609.2796630859375,1114.04150390625,1.306174397468567,1,2,0,0
sub-008,sub-008_ses-01_task-WorkingMemory_run-3_eeg.set,250.0,1,CH1,49.97822952270508,67.81249237060547,-708.4249267578125,890.598388671875,1599.0233154296875,1.5797702074050903,18,194,0,0
sub-008,sub-008_ses-01_task-WorkingMemory_run-3_eeg.set,250.0,2,CH2,55.84760284423828,70.28105926513672,-676.6788330078125,714.2857666015625,1390.964599609375,1.6372783184051514,13,204,0,0
sub-008,sub-008_ses-01_task-WorkingMemory_run-3_eeg.set,250.0,3,CH3,55.404788970947266,66.48668670654297,-705.9828491210938,637.1184692382812,1343.101318359375,1.5488840341567993,13,66,0,0
sub-008,sub-008_ses-01_task-WorkingMemory_run-3_eeg.set,250.0,4,CH4,55.89053726196289,61.99567413330078,-679.120849609375,677.65576171875,1356.776611328125,1.4442607164382935,9,105,0,0
sub-008,sub-008_ses-01_task-WorkingMemory_run-3_eeg.set,250.0,5,CH5,31.895767211914062,50.259185791015625,-675.7020263671875,519.90234375,1195.6043701171875,1.1708457469940186,13,1,0,0
sub-008,sub-008_ses-01_task-WorkingMemory_run-3_eeg.set,250.0,6,CH6,59.58005905151367,48.91381072998047,-664.9572143554688,532.1124267578125,1197.069580078125,1.1395035982131958,9,1,0,0
sub-008,sub-008_ses-01_task-WorkingMemory_run-3_eeg.set,250.0,7,CH7,58.096500396728516,51.536163330078125,-684.4932861328125,527.2283935546875,1211.7216796875,1.200594425201416,8,1,0,0
sub-008,sub-008_ses-01_task-WorkingMemory_run-3_eeg.set,250.0,8,CH8,33.029788970947266,61.26884841918945,-752.3809204101562,653.2357177734375,1405.61669921875,1.4273284673690796,22,36,0,0
sub-008,sub-008_ses-01_task-WorkingMemory_run-3_eeg.set,250.0,9,CH9,30.69660758972168,50.917911529541016,-861.7826538085938,454.45672607421875,1316.2393798828125,1.186191439628601,14,0,0,0
sub-008,sub-008_ses-01_task-WorkingMemory_run-3_eeg.set,250.0,10,CH10,52.70533752441406,48.82048797607422,-768.4981689453125,480.3419189453125,1248.840087890625,1.1373295783996582,18,0,0,0
sub-008,sub-008_ses-01_task-WorkingMemory_run-3_eeg.set,250.0,11,CH11,31.64158058166504,45.19169616699219,-668.8644409179688,518.4371948242188,1187.3016357421875,1.0527926683425903,15,1,0,0
sub-008,sub-008_ses-01_task-WorkingMemory_run-3_eeg.set,250.0,12,CH12,61.28771209716797,42.51276397705078,-642.979248046875,483.7607421875,1126.739990234375,0.9903838634490967,6,0,0,0
sub-008,sub-008_ses-01_task-WorkingMemory_run-3_eeg.set,250.0,13,CH13,49.98372268676758,44.7823371887207,-656.166015625,465.2015075683594,1121.3675537109375,1.043256163597107,7,0,0,0
sub-008,sub-008_ses-01_task-WorkingMemory_run-3_eeg.set,250.0,14,CH14,32.55848693847656,43.5341796875,-671.3064575195312,446.6423034667969,1117.94873046875,1.014178991317749,10,0,0,0
sub-008,sub-008_ses-01_task-WorkingMemory_run-3_eeg.set,250.0,15,CH15,64.8135757446289,44.890621185302734,-629.3040161132812,466.66668701171875,1095.970703125,1.0457788705825806,7,0,0,0
sub-008,sub-008_ses-01_task-WorkingMemory_run-3_eeg.set,250.0,16,CH16,59.39068603515625,46.134429931640625,-654.21240234375,459.3407287597656,1113.5531005859375,1.0747547149658203,7,0,0,0
sub-008,sub-008_ses-01_task-WorkingMemory_run-3_eeg.set,250.0,17,CH17,51.32113265991211,49.91947937011719,-677.6556396484375,554.0903930664062,1231.74609375,1.1629319190979004,11,1,0,0
sub-008,sub-008_ses-01_task-WorkingMemory_run-3_eeg.set,250.0,18,CH18,40.21894836425781,56.64103698730469,-718.1929321289062,485.2259216308594,1203.4188232421875,1.3195183277130127,14,0,0,0
sub-008,sub-008_ses-01_task-WorkingMemory_run-3_eeg.set,250.0,19,CH19,47.70186233520508,59.7588005065918,-692.3076782226562,495.9707336425781,1188.2784423828125,1.3921501636505127,12,0,0,0
sub-008,sub-008_ses-01_task-WorkingMemory_run-3_eeg.set,250.0,20,CH20,27.529199600219727,38.911048889160156,-821.245361328125,407.08184814453125,1228.3271484375,0.9064777493476868,9,0,0,0
sub-008,sub-008_ses-01_task-WorkingMemory_run-3_eeg.set,250.0,21,CH21,37.09074020385742,42.08266830444336,-706.9596557617188,399.2674560546875,1106.22705078125,0.9803643226623535,13,0,0,0
sub-008,sub-008_ses-01_task-WorkingMemory_run-3_eeg.set,250.0,22,CH22,32.34479904174805,42.54058074951172,-766.05615234375,584.8596801757812,1350.915771484375,0.9910318851470947,33,2,0,0
sub-008,sub-008_ses-01_task-WorkingMemory_run-3_eeg.set,250.0,23,CH23,48.4969596862793,40.93125534057617,-682.05126953125,423.1990966796875,1105.2503662109375,0.9535408020019531,8,0,0,0
sub-008,sub-008_ses-01_task-WorkingMemory_run-3_eeg.set,250.0,24,CH24,70.97080993652344,47.46242904663086,-634.6763916015625,517.4603881835938,1152.13671875,1.1056920289993286,6,23,0,0
sub-008,sub-008_ses-01_task-WorkingMemory_run-3_eeg.set,250.0,25,CH25,57.64369201660156,42.05570983886719,-629.7924194335938,432.4786682128906,1062.2711181640625,0.9797362685203552,6,0,0,0
sub-008,sub-008_ses-01_task-WorkingMemory_run-3_eeg.set,250.0,26,CH26,44.26681900024414,46.78814697265625,-632.7227783203125,557.0208129882812,1189.74365234375,1.0899838209152222,8,2,0,0
sub-008,sub-008_ses-01_task-WorkingMemory_run-3_eeg.set,250.0,27,CH27,40.82524871826172,48.76652526855469,-636.6300048828125,802.1978149414062,1438.827880859375,1.1360725164413452,8,4,0,0
sub-008,sub-008_ses-01_task-WorkingMemory_run-3_eeg.set,250.0,28,CH28,54.94291687011719,44.44795608520508,-710.8668823242188,851.5263671875,1562.393310546875,1.0354664325714111,10,11,0,0
sub-008,sub-008_ses-01_task-WorkingMemory_run-3_eeg.set,250.0,29,CH29,31.800661087036133,49.111854553222656,-680.09765625,405.6166687011719,1085.71435546875,1.1441173553466797,13,0,0,0
sub-008,sub-008_ses-01_task-WorkingMemory_run-3_eeg.set,250.0,30,CH30,30.04793357849121,48.4775505065918,-674.7252197265625,394.3834533691406,1069.108642578125,1.129340410232544,13,0,0,0
sub-008,sub-008_ses-01_task-WorkingMemory_run-3_eeg.set,250.0,31,CH31,7.408261775970459,38.417232513427734,-597.5579833984375,359.2185974121094,956.776611328125,0.8949737548828125,13,0,0,0
sub-008,sub-008_ses-01_task-WorkingMemory_run-3_eeg.set,250.0,32,CH32,31.76203155517578,39.753055572509766,-768.009765625,698.1685791015625,1466.1783447265625,0.9260932803153992,23,3,0,0
sub-008,sub-008_ses-01_task-WorkingMemory_run-3_eeg.set,250.0,33,CH33,43.42588424682617,41.713035583496094,-647.3748168945312,437.3626708984375,1084.737548828125,0.9717532992362976,5,0,0,0
sub-008,sub-008_ses-01_task-WorkingMemory_run-3_eeg.set,250.0,34,CH34,59.016639709472656,42.55562973022461,-639.5604248046875,408.05865478515625,1047.619140625,0.9913824796676636,6,0,0,0
sub-008,sub-008_ses-01_task-WorkingMemory_run-3_eeg.set,250.0,35,CH35,39.44583511352539,42.91728591918945,-635.6531982421875,394.3834533691406,1030.03662109375,0.9998077154159546,8,0,0,0
sub-008,sub-008_ses-01_task-WorkingMemory_run-3_eeg.set,250.0,36,CH36,45.04546356201172,41.92465591430664,-601.95361328125,410.50067138671875,1012.4542846679688,0.9766831994056702,8,0,0,0
sub-008,sub-008_ses-01_task-WorkingMemory_run-3_eeg.set,250.0,37,CH37,25.32227325439453,41.62801742553711,-637.6068115234375,550.671630859375,1188.2784423828125,0.9697726964950562,9,1,0,0
sub-008,sub-008_ses-01_task-WorkingMemory_run-3_eeg.set,250.0,38,CH38,52.23465347290039,42.96241760253906,-729.4260864257812,841.2698974609375,1570.696044921875,1.0008591413497925,11,11,0,0
sub-008,sub-008_ses-01_task-WorkingMemory_run-3_eeg.set,250.0,39,CH39,22.8302001953125,43.499977111816406,-670.8180541992188,373.3822021484375,1044.2001953125,1.0133821964263916,13,0,0,0
sub-008,sub-008_ses-01_task-WorkingMemory_run-3_eeg.set,250.0,40,CH40,47.1882438659668,34.48128128051758,-677.1672973632812,368.9866027832031,1046.1539306640625,0.8032812476158142,3,0,0,0
sub-008,sub-008_ses-01_task-WorkingMemory_run-3_eeg.set,250.0,41,CH41,18.44706153869629,37.67761993408203,-751.4041137695312,502.3199462890625,1253.72412109375,0.8777436017990112,36,1,0,0
sub-008,sub-008_ses-01_task-WorkingMemory_run-3_eeg.set,250.0,42,CH42,53.34947204589844,39.76527786254883,-653.235595703125,455.921875,1109.157470703125,0.9263780117034912,4,0,0,0
sub-008,sub-008_ses-01_task-WorkingMemory_run-3_eeg.set,250.0,43,CH43,45.10654830932617,43.339454650878906,-616.1171875,435.8974914550781,1052.0146484375,1.0096426010131836,3,0,0,0
sub-008,sub-008_ses-01_task-WorkingMemory_run-3_eeg.set,250.0,44,CH44,42.664306640625,42.925540924072266,-656.6544799804688,401.2210388183594,1057.87548828125,1.0,8,0,0,0
sub-008,sub-008_ses-01_task-WorkingMemory_run-3_eeg.set,250.0,45,CH45,58.42586135864258,42.612648010253906,-592.6739501953125,418.803466796875,1011.4774169921875,0.9927107691764832,4,0,0,0
sub-008,sub-008_ses-01_task-WorkingMemory_run-3_eeg.set,250.0,46,CH46,39.81072998046875,44.81512451171875,-598.5347900390625,407.08184814453125,1005.6166381835938,1.0440200567245483,9,0,0,0
sub-008,sub-008_ses-01_task-WorkingMemory_run-3_eeg.set,250.0,47,CH47,53.96576690673828,42.820247650146484,-574.11474609375,521.3676147460938,1095.482421875,0.9975470900535583,5,2,0,0
sub-008,sub-008_ses-01_task-WorkingMemory_run-3_eeg.set,250.0,48,CH48,41.35512924194336,41.4399299621582,-605.8607788085938,615.1405029296875,1221.001220703125,0.9653909802436829,7,2,0,0
sub-008,sub-008_ses-01_task-WorkingMemory_run-3_eeg.set,250.0,49,CH49,26.542449951171875,41.45377731323242,-634.1880493164062,459.3407287597656,1093.52880859375,0.9657135605812073,8,0,0,0
sub-008,sub-008_ses-01_task-WorkingMemory_run-3_eeg.set,250.0,50,CH50,58.04153060913086,42.87017822265625,-576.5567626953125,443.2234802246094,1019.7802734375,0.9987102746963501,5,0,0,0
sub-008,sub-008_ses-01_task-WorkingMemory_run-3_eeg.set,250.0,51,CH51,57.03444290161133,37.548526763916016,-594.6275634765625,402.1978454589844,996.825439453125,0.8747362494468689,2,0,0,0
sub-008,sub-008_ses-01_task-WorkingMemory_run-3_eeg.set,250.0,52,CH52,33.09041976928711,39.441184997558594,-623.4432373046875,401.70947265625,1025.1527099609375,0.9188278913497925,4,0,0,0
sub-008,sub-008_ses-01_task-WorkingMemory_run-3_eeg.set,250.0,53,CH53,47.79166030883789,42.937469482421875,-581.9291381835938,413.91943359375,995.8485717773438,1.0002778768539429,3,0,0,0
sub-008,sub-008_ses-01_task-WorkingMemory_run-3_eeg.set,250.0,54,CH54,61.0760383605957,40.82407760620117,-574.11474609375,445.6654968261719,1019.7802734375,0.951043963432312,3,0,0,0
sub-008,sub-008_ses-01_task-WorkingMemory_run-3_eeg.set,250.0,55,CH55,58.082881927490234,48.553184509277344,-526.7399291992188,456.898681640625,983.6386108398438,1.131102442741394,2,0,0,0
sub-008,sub-008_ses-01_task-WorkingMemory_run-3_eeg.set,250.0,56,CH56,43.64130783081055,43.475582122802734,-561.4163208007812,424.66424560546875,986.08056640625,1.0128138065338135,6,0,0,0
sub-008,sub-008_ses-01_task-WorkingMemory_run-3_eeg.set,250.0,57,CH57,41.89170455932617,44.027244567871094,-565.8119506835938,417.82666015625,983.6386108398438,1.0256654024124146,7,0,0,0
sub-008,sub-008_ses-01_task-WorkingMemory_run-3_eeg.set,250.0,58,CH58,33.16044235229492,43.32844924926758,-584.8595581054688,447.13067626953125,1031.990234375,1.0093861818313599,7,0,0,0
sub-008,sub-008_ses-01_task-WorkingMemory_run-3_eeg.set,250.0,59,CH59,23.283939361572266,40.18636703491211,-600.976806640625,402.6862487792969,1003.6630859375,0.9361878037452698,8,0,0,0
sub-008,sub-008_ses-01_task-WorkingMemory_run-3_eeg.set,250.0,60,CH60,7.962362289428711,37.33660125732422,-621.4896240234375,406.5934753417969,1028.0831298828125,0.8697991967201233,7,0,0,0
sub-008,sub-008_ses-01_task-WorkingMemory_run-3_eeg.set,250.0,61,CH61,30.844432830810547,38.169471740722656,-593.6507568359375,421.2454833984375,1014.896240234375,0.8892018795013428,3,0,0,0
sub-008,sub-008_ses-01_task-WorkingMemory_run-3_eeg.set,250.0,62,CH62,37.062374114990234,39.61821746826172,-587.3015747070312,436.8742980957031,1024.1759033203125,0.9229520559310913,4,0,0,0
sub-008,sub-008_ses-01_task-WorkingMemory_run-3_eeg.set,250.0,63,CH63,37.35899353027344,39.32648468017578,-550.1831665039062,441.75830078125,991.9414672851562,0.9161558151245117,3,0,0,0
sub-008,sub-008_ses-01_task-WorkingMemory_run-3_eeg.set,250.0,64,CH64,28.605056762695312,41.72059631347656,-549.2063598632812,422.2222900390625,971.4286499023438,0.9719294309616089,6,0,0,0
sub-008,sub-008_ses-01_task-WorkingMemory_run-3_eeg.set,250.0,65,CH65,53.0964469909668,40.24463653564453,-540.9035034179688,449.08428955078125,989.98779296875,0.9375452399253845,4,0,0,0
sub-008,sub-008_ses-01_task-WorkingMemory_run-3_eeg.set,250.0,66,CH66,36.04450607299805,43.74256896972656,-571.6727905273438,466.1783142089844,1037.85107421875,1.019033670425415,5,0,0,0
sub-008,sub-008_ses-01_task-WorkingMemory_run-3_eeg.set,250.0,67,CH67,28.610340118408203,38.59160232543945,-557.020751953125,444.6886901855469,1001.70947265625,0.8990358710289001,5,0,0,0
sub-008,sub-008_ses-01_task-WorkingMemory_run-3_eeg.set,250.0,68,CH68,34.41841506958008,39.50532150268555,-527.2283325195312,399.2674560546875,926.4957885742188,0.920322060585022,4,0,0,0
sub-008,sub-008_ses-01_task-WorkingMemory_run-3_eeg.set,250.0,69,CH69,39.52498245239258,42.417274475097656,-533.5775146484375,429.54827880859375,963.1257934570312,0.9881593585014343,5,0,0,0
sub-008,sub-008_ses-01_task-WorkingMemory_run-4_eeg.set,250.0,1,CH1,73.92865753173828,84.31295776367188,-968.2539672851562,812.454345703125,1780.708251953125,1.2344112396240234,45,860,0,0
sub-008,sub-008_ses-01_task-WorkingMemory_run-4_eeg.set,250.0,2,CH2,81.65401458740234,87.40357971191406,-992.6739501953125,730.891357421875,1723.5653076171875,1.2796604633331299,47,848,0,0
sub-008,sub-008_ses-01_task-WorkingMemory_run-4_eeg.set,250.0,3,CH3,78.5958023071289,87.61248779296875,-1000.0,732.844970703125,1732.844970703125,1.2827191352844238,55,899,1,0
sub-008,sub-008_ses-01_task-WorkingMemory_run-4_eeg.set,250.0,4,CH4,73.60154724121094,78.64359283447266,-915.5067138671875,729.4262084960938,1644.932861328125,1.1514071226119995,37,350,0,0
sub-008,sub-008_ses-01_task-WorkingMemory_run-4_eeg.set,250.0,5,CH5,55.604217529296875,69.21287536621094,-927.7167358398438,522.3444213867188,1450.0611572265625,1.0133335590362549,41,10,0,0
sub-008,sub-008_ses-01_task-WorkingMemory_run-4_eeg.set,250.0,6,CH6,79.98627471923828,69.6120376586914,-939.9266967773438,552.1367797851562,1492.0634765625,1.0191776752471924,43,34,0,0
sub-008,sub-008_ses-01_task-WorkingMemory_run-4_eeg.set,250.0,7,CH7,78.99868774414062,73.43319702148438,-947.2527465820312,564.3468627929688,1511.599609375,1.075122594833374,45,71,0,0
sub-008,sub-008_ses-01_task-WorkingMemory_run-4_eeg.set,250.0,8,CH8,51.05819320678711,82.8863754272461,-997.069580078125,674.2369384765625,1671.3065185546875,1.2135249376296997,54,269,0,0
sub-008,sub-008_ses-01_task-WorkingMemory_run-4_eeg.set,250.0,9,CH9,65.34291076660156,69.97498321533203,-841.2698974609375,604.3956909179688,1445.66552734375,1.0244914293289185,32,11,0,0
sub-008,sub-008_ses-01_task-WorkingMemory_run-4_eeg.set,250.0,10,CH10,77.96915435791016,66.90396881103516,-823.6874389648438,567.2772216796875,1390.964599609375,0.9795293211936951,20,10,0,0
sub-008,sub-008_ses-01_task-WorkingMemory_run-4_eeg.set,250.0,11,CH11,54.920406341552734,64.9480972290039,-888.1563110351562,616.1173095703125,1504.273681640625,0.9508937001228333,31,5,0,0
sub-008,sub-008_ses-01_task-WorkingMemory_run-4_eeg.set,250.0,12,CH12,84.2883071899414,61.930267333984375,-861.7826538085938,507.2039489746094,1368.986572265625,0.9067102074623108,28,1,0,0
sub-008,sub-008_ses-01_task-WorkingMemory_run-4_eeg.set,250.0,13,CH13,73.76476287841797,62.737579345703125,-897.92431640625,483.7607421875,1381.68505859375,0.9185299277305603,33,0,0,0
sub-008,sub-008_ses-01_task-WorkingMemory_run-4_eeg.set,250.0,14,CH14,52.62905502319336,65.23426818847656,-934.06591796875,466.66668701171875,1400.732666015625,0.9550834894180298,46,0,0,0
sub-008,sub-008_ses-01_task-WorkingMemory_run-4_eeg.set,250.0,15,CH15,83.9635009765625,68.94356536865234,-892.0635375976562,525.2747802734375,1417.33837890625,1.0093907117843628,37,12,0,0
sub-008,sub-008_ses-01_task-WorkingMemory_run-4_eeg.set,250.0,16,CH16,81.2765884399414,69.13993835449219,-884.7374877929688,553.60205078125,1438.339599609375,1.012265682220459,35,15,0,0
sub-008,sub-008_ses-01_task-WorkingMemory_run-4_eeg.set,250.0,17,CH17,72.5262680053711,73.01988983154297,-912.087890625,723.5653686523438,1635.6533203125,1.0690714120864868,41,78,0,0
sub-008,sub-008_ses-01_task-WorkingMemory_run-4_eeg.set,250.0,18,CH18,62.162330627441406,80.0217514038086,-937.97314453125,613.6752319335938,1551.6484375,1.1715844869613647,40,121,0,0
sub-008,sub-008_ses-01_task-WorkingMemory_run-4_eeg.set,250.0,19,CH19,72.09972381591797,83.58637237548828,-956.5324096679688,641.5140991210938,1598.0465087890625,1.22377347946167,49,218,0,0
sub-008,sub-008_ses-01_task-WorkingMemory_run-4_eeg.set,250.0,20,CH20,52.433074951171875,59.272682189941406,-811.9658203125,433.4554748535156,1245.4212646484375,0.8678009510040283,25,0,0,0
sub-008,sub-008_ses-01_task-WorkingMemory_run-4_eeg.set,250.0,21,CH21,59.370059967041016,61.97896957397461,-810.0122680664062,478.3883056640625,1288.400634765625,0.9074232578277588,24,0,0,0
sub-008,sub-008_ses-01_task-WorkingMemory_run-4_eeg.set,250.0,22,CH22,51.07809066772461,61.908443450927734,-844.6885986328125,689.86572265625,1534.5543212890625,0.9063906669616699,30,12,0,0
sub-008,sub-008_ses-01_task-WorkingMemory_run-4_eeg.set,250.0,23,CH23,72.83778381347656,60.95786666870117,-870.5739135742188,537.9732055664062,1408.547119140625,0.8924734592437744,33,3,0,0
sub-008,sub-008_ses-01_task-WorkingMemory_run-4_eeg.set,250.0,24,CH24,97.17330169677734,60.078773498535156,-876.4346923828125,499.8779296875,1376.3126220703125,0.8796027898788452,34,0,0,0
sub-008,sub-008_ses-01_task-WorkingMemory_run-4_eeg.set,250.0,25,CH25,81.03093719482422,65.08853912353516,-888.6447143554688,472.5274963378906,1361.1722412109375,0.9529498815536499,37,0,0,0
sub-008,sub-008_ses-01_task-WorkingMemory_run-4_eeg.set,250.0,26,CH26,65.80520629882812,70.50125122070312,-904.2734985351562,489.6215515136719,1393.89501953125,1.0321965217590332,47,0,0,0
sub-008,sub-008_ses-01_task-WorkingMemory_run-4_eeg.set,250.0,27,CH27,62.741302490234375,71.16028594970703,-874.4810791015625,670.818115234375,1545.2991943359375,1.0418453216552734,43,4,0,0
sub-008,sub-008_ses-01_task-WorkingMemory_run-4_eeg.set,250.0,28,CH28,72.1717529296875,69.18062591552734,-837.85107421875,845.1770629882812,1683.028076171875,1.0128614902496338,35,27,0,0
sub-008,sub-008_ses-01_task-WorkingMemory_run-4_eeg.set,250.0,29,CH29,52.316741943359375,72.88211059570312,-962.881591796875,557.0208129882812,1519.90234375,1.067054271697998,58,34,0,0
sub-008,sub-008_ses-01_task-WorkingMemory_run-4_eeg.set,250.0,30,CH30,50.232845306396484,73.95085144042969,-946.764404296875,542.3687744140625,1489.1331787109375,1.0827014446258545,55,42,0,0
sub-008,sub-008_ses-01_task-WorkingMemory_run-4_eeg.set,250.0,31,CH31,33.11014175415039,55.18181228637695,-815.873046875,404.6398620605469,1220.512939453125,0.8079072833061218,32,0,0,0
sub-008,sub-008_ses-01_task-WorkingMemory_run-4_eeg.set,250.0,32,CH32,56.155216217041016,57.80910873413086,-800.2442626953125,791.4530639648438,1591.697265625,0.8463730216026306,23,7,0,0
sub-008,sub-008_ses-01_task-WorkingMemory_run-4_eeg.set,250.0,33,CH33,71.40697479248047,58.4381103515625,-854.945068359375,551.6484375,1406.593505859375,0.8555821180343628,31,3,0,0
sub-008,sub-008_ses-01_task-WorkingMemory_run-4_eeg.set,250.0,34,CH34,81.80590057373047,58.31740951538086,-880.3419189453125,476.9231262207031,1357.2650146484375,0.853814959526062,38,0,0,0
sub-008,sub-008_ses-01_task-WorkingMemory_run-4_eeg.set,250.0,35,CH35,61.51655197143555,69.34410858154297,-913.5531616210938,452.50311279296875,1366.0562744140625,1.0152549743652344,45,0,0,0
sub-008,sub-008_ses-01_task-WorkingMemory_run-4_eeg.set,250.0,36,CH36,65.1767578125,68.27509307861328,-880.8302612304688,467.64349365234375,1348.4737548828125,0.9996036887168884,42,0,0,0
sub-008,sub-008_ses-01_task-WorkingMemory_run-4_eeg.set,250.0,37,CH37,44.501564025878906,69.5446548461914,-893.040283203125,613.1868896484375,1506.2271728515625,1.0181910991668701,50,2,0,0
sub-008,sub-008_ses-01_task-WorkingMemory_run-4_eeg.set,250.0,38,CH38,71.85900115966797,68.36556243896484,-807.5701904296875,1000.0001220703125,1807.5703125,1.000928282737732,38,6,0,1
sub-008,sub-008_ses-01_task-WorkingMemory_run-4_eeg.set,250.0,39,CH39,43.409400939941406,68.75969696044922,-952.6251831054688,474.4811096191406,1427.1063232421875,1.006698727607727,59,0,0,0
sub-008,sub-008_ses-01_task-WorkingMemory_run-4_eeg.set,250.0,40,CH40,66.39105987548828,72.81693267822266,-699.6336669921875,1000.0001220703125,1699.6337890625,1.066100001335144,12,699,0,174
sub-008,sub-008_ses-01_task-WorkingMemory_run-4_eeg.set,250.0,41,CH41,43.122215270996094,58.40535354614258,-813.91943359375,732.3565673828125,1546.2760009765625,0.8551025390625,30,3,0,0
sub-008,sub-008_ses-01_task-WorkingMemory_run-4_eeg.set,250.0,42,CH42,79.30553436279297,61.55039978027344,-836.3858032226562,622.4664916992188,1458.852294921875,0.9011486172676086,31,4,0,0
sub-008,sub-008_ses-01_task-WorkingMemory_run-4_eeg.set,250.0,43,CH43,71.74945831298828,61.43117141723633,-883.2722778320312,505.73876953125,1389.010986328125,0.8994030356407166,38,1,0,0
sub-008,sub-008_ses-01_task-WorkingMemory_run-4_eeg.set,250.0,44,CH44,63.421913146972656,63.4382209777832,-929.1819458007812,449.08428955078125,1378.2662353515625,0.928787887096405,48,0,0,0
sub-008,sub-008_ses-01_task-WorkingMemory_run-4_eeg.set,250.0,45,CH45,77.06239318847656,66.24799346923828,-904.2734985351562,465.6899108886719,1369.96337890625,0.9699252843856812,41,0,0,0
sub-008,sub-008_ses-01_task-WorkingMemory_run-4_eeg.set,250.0,46,CH46,58.513771057128906,74.59464263916016,-939.4383544921875,492.06353759765625,1431.501953125,1.0921270847320557,52,0,0,0
sub-008,sub-008_ses-01_task-WorkingMemory_run-4_eeg.set,250.0,47,CH47,75.58963775634766,68.51454162597656,-877.4114379882812,549.69482421875,1427.106201171875,1.0031094551086426,41,1,0,0
sub-008,sub-008_ses-01_task-WorkingMemory_run-4_eeg.set,250.0,48,CH48,59.40877914428711,65.29937744140625,-889.6214599609375,788.5226440429688,1678.14404296875,0.9560367465019226,44,2,0,0
sub-008,sub-008_ses-01_task-WorkingMemory_run-4_eeg.set,250.0,49,CH49,48.906070709228516,67.84134674072266,-926.7398681640625,768.0098266601562,1694.749755859375,0.9932532906532288,53,1,0,0
sub-008,sub-008_ses-01_task-WorkingMemory_run-4_eeg.set,250.0,50,CH50,76.67058563232422,66.04717254638672,-893.5286254882812,515.9951782226562,1409.5238037109375,0.9669851064682007,45,5,0,0
sub-008,sub-008_ses-01_task-WorkingMemory_run-4_eeg.set,250.0,51,CH51,79.47977447509766,62.36240768432617,-837.3626708984375,536.5079956054688,1373.87060546875,0.913037121295929,31,1,0,0
sub-008,sub-008_ses-01_task-WorkingMemory_run-4_eeg.set,250.0,52,CH52,57.416500091552734,64.47095489501953,-886.6911010742188,501.3431396484375,1388.0341796875,0.9439079761505127,42,1,0,0
sub-008,sub-008_ses-01_task-WorkingMemory_run-4_eeg.set,250.0,53,CH53,73.67656707763672,65.3844223022461,-884.7374877929688,482.2955017089844,1367.032958984375,0.9572818875312805,39,0,0,0
sub-008,sub-008_ses-01_task-WorkingMemory_run-4_eeg.set,250.0,54,CH54,80.87269592285156,62.15509796142578,-891.5750732421875,487.6679382324219,1379.2430419921875,0.9100019335746765,39,0,0,0
sub-008,sub-008_ses-01_task-WorkingMemory_run-4_eeg.set,250.0,55,CH55,89.69025421142578,71.53238677978516,-898.9010620117188,562.3932495117188,1461.2943115234375,1.0472931861877441,40,38,0,0
sub-008,sub-008_ses-01_task-WorkingMemory_run-4_eeg.set,250.0,56,CH56,62.22722244262695,68.30216217041016,-897.92431640625,479.3651123046875,1377.2894287109375,1.0,41,0,0,0
sub-008,sub-008_ses-01_task-WorkingMemory_run-4_eeg.set,250.0,57,CH57,62.302024841308594,68.74263000488281,-892.0635375976562,494.50555419921875,1386.569091796875,1.0064488649368286,42,0,0,0
sub-008,sub-008_ses-01_task-WorkingMemory_run-4_eeg.set,250.0,58,CH58,54.108123779296875,66.23257446289062,-894.993896484375,504.7619934082031,1399.755859375,0.969699501991272,44,1,0,0
sub-008,sub-008_ses-01_task-WorkingMemory_run-4_eeg.set,250.0,59,CH59,43.06946563720703,64.87517547607422,-905.7387084960938,522.832763671875,1428.571533203125,0.9498260617256165,48,1,0,0
sub-008,sub-008_ses-01_task-WorkingMemory_run-4_eeg.set,250.0,60,CH60,31.404237747192383,65.13882446289062,-934.06591796875,487.17950439453125,1421.245361328125,0.9536861181259155,51,0,0,0
sub-008,sub-008_ses-01_task-WorkingMemory_run-4_eeg.set,250.0,61,CH61,55.25449752807617,68.49142456054688,-901.83154296875,493.52874755859375,1395.3603515625,1.0027709007263184,43,0,0,0
sub-008,sub-008_ses-01_task-WorkingMemory_run-4_eeg.set,250.0,62,CH62,57.340396881103516,67.46784973144531,-912.087890625,490.10992431640625,1402.19775390625,0.9877849817276001,45,0,0,0
sub-008,sub-008_ses-01_task-WorkingMemory_run-4_eeg.set,250.0,63,CH63,58.891197204589844,65.17052459716797,-887.179443359375,533.0892333984375,1420.2686767578125,0.9541502594947815,41,2,0,0
sub-008,sub-008_ses-01_task-WorkingMemory_run-4_eeg.set,250.0,64,CH64,50.258338928222656,69.3228530883789,-896.947509765625,528.693603515625,1425.64111328125,1.0149437189102173,42,1,0,0
sub-008,sub-008_ses-01_task-WorkingMemory_run-4_eeg.set,250.0,65,CH65,72.64325714111328,66.51290130615234,-879.3650512695312,573.6264038085938,1452.991455078125,0.9738037586212158,34,45,0,0
sub-008,sub-008_ses-01_task-WorkingMemory_run-4_eeg.set,250.0,66,CH66,58.653499603271484,74.00647735595703,-924.7862548828125,663.0037231445312,1587.7900390625,1.0835158824920654,46,228,0,0
sub-008,sub-008_ses-01_task-WorkingMemory_run-4_eeg.set,250.0,67,CH67,45.33742141723633,76.9550552368164,-922.8327026367188,676.1904907226562,1599.023193359375,1.1266855001449585,47,1200,0,0
sub-008,sub-008_ses-01_task-WorkingMemory_run-4_eeg.set,250.0,68,CH68,54.642295837402344,75.99340057373047,-912.087890625,733.3333740234375,1645.4212646484375,1.1126060485839844,50,377,0,0
sub-008,sub-008_ses-01_task-WorkingMemory_run-4_eeg.set,250.0,69,CH69,62.25393295288086,75.37503051757812,-892.5518798828125,733.3333740234375,1625.88525390625,1.1035525798797607,41,366,0,0
sub-009,sub-009_ses-01_task-WorkingMemory_run-1_eeg.set,250.0,1,CH1,-36.96849060058594,43.64023971557617,-430.5250244140625,477.8999328613281,908.4249267578125,2.327176332473755,0,0,0,0
sub-009,sub-009_ses-01_task-WorkingMemory_run-1_eeg.set,250.0,2,CH2,-25.935134887695312,40.38878631591797,-325.0304870605469,431.99029541015625,757.020751953125,2.1537880897521973,0,0,0,0
sub-009,sub-009_ses-01_task-WorkingMemory_run-1_eeg.set,250.0,3,CH3,-30.002182006835938,32.55439376831055,-260.0732421875,313.3089599609375,573.3822021484375,1.7360082864761353,0,0,0,0
sub-009,sub-009_ses-01_task-WorkingMemory_run-1_eeg.set,250.0,4,CH4,-28.303564071655273,30.552165985107422,-269.84124755859375,292.796142578125,562.6373901367188,1.6292366981506348,0,0,0,0
sub-009,sub-009_ses-01_task-WorkingMemory_run-1_eeg.set,250.0,5,CH5,-49.757484436035156,32.755245208740234,-324.5420837402344,357.2649841308594,681.8070678710938,1.7467190027236938,0,0,0,0
sub-009,sub-009_ses-01_task-WorkingMemory_run-1_eeg.set,250.0,6,CH6,-29.291818618774414,38.33823776245117,-1000.0,424.66424560546875,1424.664306640625,2.0444397926330566,44,0,10,0
sub-009,sub-009_ses-01_task-WorkingMemory_run-1_eeg.set,250.0,7,CH7,-36.08969497680664,25.65728759765625,-229.3040008544922,200.9768524169922,430.2808532714844,1.3682105541229248,0,0,0,0
sub-009,sub-009_ses-01_task-WorkingMemory_run-1_eeg.set,250.0,8,CH8,-52.434715270996094,28.907875061035156,-443.7117919921875,292.3077392578125,736.01953125,1.5415526628494263,0,0,0,0
sub-009,sub-009_ses-01_task-WorkingMemory_run-1_eeg.set,250.0,9,CH9,-41.3150520324707,28.208080291748047,-237.6068115234375,290.3541259765625,527.9609375,1.504235029220581,0,0,0,0
sub-009,sub-009_ses-01_task-WorkingMemory_run-1_eeg.set,250.0,10,CH10,-36.85074234008789,25.562482833862305,-200.48837280273438,235.6532745361328,436.14166259765625,1.3631548881530762,0,0,0,0
sub-009,sub-009_ses-01_task-WorkingMemory_run-1_eeg.set,250.0,11,CH11,-44.544925689697266,25.29421043395996,-217.5823974609375,199.5116424560547,417.09405517578125,1.3488489389419556,0,0,0,0
sub-009,sub-009_ses-01_task-WorkingMemory_run-1_eeg.set,250.0,12,CH12,-33.46865463256836,25.190195083618164,-212.69839477539062,209.76805114746094,422.4664306640625,1.3433021306991577,0,0,0,0
sub-009,sub-009_ses-01_task-WorkingMemory_run-1_eeg.set,250.0,13,CH13,-38.27054977416992,24.864511489868164,-215.14039611816406,240.53729248046875,455.67767333984375,1.325934648513794,0,0,0,0
sub-009,sub-009_ses-01_task-WorkingMemory_run-1_eeg.set,250.0,14,CH14,-37.17891311645508,24.26288604736328,-264.9572448730469,295.7265319824219,560.6837768554688,1.2938520908355713,0,0,0,0
sub-009,sub-009_ses-01_task-WorkingMemory_run-1_eeg.set,250.0,15,CH15,-29.161624908447266,25.726564407348633,-368.9865417480469,372.893798828125,741.88037109375,1.3719048500061035,0,0,0,0
sub-009,sub-009_ses-01_task-WorkingMemory_run-1_eeg.set,250.0,16,CH16,-28.179283142089844,25.85903549194336,-577.045166015625,325.03057861328125,902.0757446289062,1.3789689540863037,2,0,0,0
sub-009,sub-009_ses-01_task-WorkingMemory_run-1_eeg.set,250.0,17,CH17,-26.007810592651367,21.93476676940918,-217.5823974609375,218.55926513671875,436.14166259765625,1.1697019338607788,0,0,0,0
sub-009,sub-009_ses-01_task-WorkingMemory_run-1_eeg.set,250.0,18,CH18,-37.77420425415039,21.955726623535156,-193.65077209472656,145.29917907714844,338.949951171875,1.170819640159607,0,0,0,0
sub-009,sub-009_ses-01_task-WorkingMemory_run-1_eeg.set,250.0,19,CH19,-42.30756378173828,22.98749351501465,-314.2856750488281,198.04644775390625,512.3321533203125,1.2258400917053223,0,0,0,0
sub-009,sub-009_ses-01_task-WorkingMemory_run-1_eeg.set,250.0,20,CH20,-47.467830657958984,22.096899032592773,-365.079345703125,233.69967651367188,598.779052734375,1.1783478260040283,0,0,0,0
sub-009,sub-009_ses-01_task-WorkingMemory_run-1_eeg.set,250.0,21,CH21,-44.94939422607422,20.740863800048828,-183.88275146484375,191.69723510742188,375.5799865722656,1.1060353517532349,0,0,0,0
sub-009,sub-009_ses-01_task-WorkingMemory_run-1_eeg.set,250.0,22,CH22,-45.71609115600586,20.176218032836914,-192.18556213378906,171.1844024658203,363.3699645996094,1.0759248733520508,0,0,0,0
sub-009,sub-009_ses-01_task-WorkingMemory_run-1_eeg.set,250.0,23,CH23,-49.16291046142578,21.11619758605957,-198.04637145996094,178.99880981445312,377.045166015625,1.126050591468811,0,0,0,0
sub-009,sub-009_ses-01_task-WorkingMemory_run-1_eeg.set,250.0,24,CH24,-33.12918472290039,19.35563850402832,-199.02317810058594,187.7900390625,386.813232421875,1.0321663618087769,0,0,0,0
sub-009,sub-009_ses-01_task-WorkingMemory_run-1_eeg.set,250.0,25,CH25,-40.891536712646484,19.650245666503906,-299.145263671875,272.771728515625,571.9169921875,1.0478767156600952,0,0,0,0
sub-009,sub-009_ses-01_task-WorkingMemory_run-1_eeg.set,250.0,26,CH26,-50.742122650146484,22.20867347717285,-630.7692260742188,189.25523376464844,820.0244750976562,1.184308409690857,6,0,0,0
sub-009,sub-009_ses-01_task-WorkingMemory_run-1_eeg.set,250.0,27,CH27,-49.435726165771484,17.78822135925293,-355.3113098144531,112.57635498046875,467.8876647949219,0.9485816359519958,0,0,0,0
sub-009,sub-009_ses-01_task-WorkingMemory_run-1_eeg.set,250.0,28,CH28,-41.783241271972656,16.47292137145996,-181.4407501220703,121.36756134033203,302.8083190917969,0.8784414529800415,0,0,0,0
sub-009,sub-009_ses-01_task-WorkingMemory_run-1_eeg.set,250.0,29,CH29,-54.754615783691406,22.85695457458496,-422.2221984863281,156.5323944091797,578.7545776367188,1.2188788652420044,0,0,0,0
sub-009,sub-009_ses-01_task-WorkingMemory_run-1_eeg.set,250.0,30,CH30,-38.28144454956055,20.653194427490234,-390.4761657714844,150.6715850830078,541.1477661132812,1.1013603210449219,0,0,0,0
sub-009,sub-009_ses-01_task-WorkingMemory_run-1_eeg.set,250.0,31,CH31,-41.51254653930664,20.78191375732422,-171.67274475097656,202.44204711914062,374.11480712890625,1.1082243919372559,0,0,0,0
sub-009,sub-009_ses-01_task-WorkingMemory_run-1_eeg.set,250.0,32,CH32,-56.0731315612793,18.6427001953125,-185.8363494873047,153.11358642578125,338.949951171875,0.9941478967666626,0,0,0,0
sub-009,sub-009_ses-01_task-WorkingMemory_run-1_eeg.set,250.0,33,CH33,-38.750389099121094,18.461345672607422,-169.23072814941406,163.3699951171875,332.6007080078125,0.9844769239425659,0,0,0,0
sub-009,sub-009_ses-01_task-WorkingMemory_run-1_eeg.set,250.0,34,CH34,-41.122276306152344,17.763341903686523,-167.76553344726562,152.1367950439453,319.90234375,0.9472548961639404,0,0,0,0
sub-009,sub-009_ses-01_task-WorkingMemory_run-1_eeg.set,250.0,35,CH35,-49.06877899169922,17.45025634765625,-187.7899627685547,178.99880981445312,366.78875732421875,0.9305591583251953,0,0,0,0
sub-009,sub-009_ses-01_task-WorkingMemory_run-1_eeg.set,250.0,36,CH36,-48.6877326965332,21.974834442138672,-252.74722290039062,251.77049255371094,504.5177001953125,1.171838641166687,0,0,0,0
sub-009,sub-009_ses-01_task-WorkingMemory_run-1_eeg.set,250.0,37,CH37,-57.17665481567383,18.62550163269043,-515.9951171875,106.71554565429688,622.710693359375,0.9932307600975037,2,0,0,0
sub-009,sub-009_ses-01_task-WorkingMemory_run-1_eeg.set,250.0,38,CH38,-40.80976867675781,16.440608978271484,-177.53353881835938,144.810791015625,322.3443298339844,0.8767183423042297,0,0,0,0
sub-009,sub-009_ses-01_task-WorkingMemory_run-1_eeg.set,250.0,39,CH39,-47.935909271240234,17.600950241088867,-536.5079345703125,131.1355743408203,667.6434936523438,0.9385951161384583,1,0,0,0
sub-009,sub-009_ses-01_task-WorkingMemory_run-1_eeg.set,250.0,40,CH40,-40.73162841796875,17.270692825317383,-160.4395294189453,147.74118041992188,308.18072509765625,0.9209836721420288,0,0,0,0
sub-009,sub-009_ses-01_task-WorkingMemory_run-1_eeg.set,250.0,41,CH41,-54.214202880859375,18.646339416503906,-177.53353881835938,149.20639038085938,326.73992919921875,0.9943419694900513,0,0,0,0
sub-009,sub-009_ses-01_task-WorkingMemory_run-1_eeg.set,250.0,42,CH42,-43.60051727294922,18.380882263183594,-171.67274475097656,153.11358642578125,324.78631591796875,0.9801861047744751,0,0,0,0
sub-009,sub-009_ses-01_task-WorkingMemory_run-1_eeg.set,250.0,43,CH43,-39.85564041137695,17.880680084228516,-167.76553344726562,154.09039306640625,321.8559265136719,0.9535121321678162,0,0,0,0
sub-009,sub-009_ses-01_task-WorkingMemory_run-1_eeg.set,250.0,44,CH44,-45.67042541503906,17.6790714263916,-169.23072814941406,147.74118041992188,316.971923828125,0.9427610635757446,0,0,0,0
sub-009,sub-009_ses-01_task-WorkingMemory_run-1_eeg.set,250.0,45,CH45,-49.850257873535156,16.763051986694336,-167.76553344726562,127.71676635742188,295.4822998046875,0.8939130306243896,0,0,0,0
sub-009,sub-009_ses-01_task-WorkingMemory_run-1_eeg.set,250.0,46,CH46,-36.319828033447266,15.074821472167969,-137.48471069335938,175.09161376953125,312.5763244628906,0.803885817527771,0,0,0,0
sub-009,sub-009_ses-01_task-WorkingMemory_run-1_eeg.set,250.0,47,CH47,-36.60116195678711,13.870227813720703,-228.32720947265625,118.9255599975586,347.2527770996094,0.7396491765975952,0,0,0,0
sub-009,sub-009_ses-01_task-WorkingMemory_run-1_eeg.set,250.0,48,CH48,-38.285675048828125,11.770157814025879,-184.8595428466797,89.62152862548828,274.4810791015625,0.6276600360870361,0,0,0,0
sub-009,sub-009_ses-01_task-WorkingMemory_run-1_eeg.set,250.0,49,CH49,-50.5753059387207,16.93307876586914,-175.09153747558594,113.55315399169922,288.6446838378906,0.9029799699783325,0,0,0,0
sub-009,sub-009_ses-01_task-WorkingMemory_run-1_eeg.set,250.0,50,CH50,-35.50628662109375,17.612586975097656,-151.159912109375,138.46157836914062,289.6214904785156,0.9392156600952148,0,0,0,0
sub-009,sub-009_ses-01_task-WorkingMemory_run-1_eeg.set,250.0,51,CH51,-18.990055084228516,18.63785743713379,-145.78750610351562,161.90480041503906,307.69232177734375,0.9938896298408508,0,0,0,0
sub-009,sub-009_ses-01_task-WorkingMemory_run-1_eeg.set,250.0,52,CH52,-46.25994110107422,18.75244140625,-178.02194213867188,138.46157836914062,316.4835205078125,1.0,0,0,0,0
sub-009,sub-009_ses-01_task-WorkingMemory_run-1_eeg.set,250.0,53,CH53,-31.811922073364258,18.348134994506836,-163.36993408203125,150.6715850830078,314.04150390625,0.9784398078918457,0,0,0,0
sub-009,sub-009_ses-01_task-WorkingMemory_run-1_eeg.set,250.0,54,CH54,-38.29785919189453,17.98149299621582,-164.3467254638672,143.833984375,308.18072509765625,0.9588881134986877,0,0,0,0
sub-009,sub-009_ses-01_task-WorkingMemory_run-1_eeg.set,250.0,55,CH55,-49.01686477661133,16.76897621154785,-171.18434143066406,123.80956268310547,294.993896484375,0.8942289352416992,0,0,0,0
sub-009,sub-009_ses-01_task-WorkingMemory_run-1_eeg.set,250.0,56,CH56,-31.348983764648438,15.68689250946045,-143.8339080810547,135.5311737060547,279.3650817871094,0.8365253210067749,0,0,0,0
sub-009,sub-009_ses-01_task-WorkingMemory_run-1_eeg.set,250.0,57,CH57,-39.220149993896484,14.441154479980469,-152.6251220703125,112.57635498046875,265.20147705078125,0.770094633102417,0,0,0,0
sub-009,sub-009_ses-01_task-WorkingMemory_run-1_eeg.set,250.0,58,CH58,-55.12966537475586,18.22481346130371,-203.9071807861328,123.3211669921875,327.22833251953125,0.9718635082244873,0,0,0,0
sub-009,sub-009_ses-01_task-WorkingMemory_run-1_eeg.set,250.0,59,CH59,-56.455955505371094,18.4997501373291,-170.69593811035156,116.97195434570312,287.66790771484375,0.9865248799324036,0,0,0,0
sub-009,sub-009_ses-01_task-WorkingMemory_run-1_eeg.set,250.0,60,CH60,-52.803489685058594,18.542879104614258,-179.9755401611328,118.4371566772461,298.4126892089844,0.9888247847557068,0,0,0,0
sub-009,sub-009_ses-01_task-WorkingMemory_run-1_eeg.set,250.0,61,CH61,-43.51841735839844,19.03407096862793,-181.9291534423828,133.08917236328125,315.018310546875,1.015018343925476,0,0,0,0
sub-009,sub-009_ses-01_task-WorkingMemory_run-1_eeg.set,250.0,62,CH62,-40.74058151245117,17.817466735839844,-164.8351287841797,128.20516967773438,293.040283203125,0.950141191482544,0,0,0,0
sub-009,sub-009_ses-01_task-WorkingMemory_run-1_eeg.set,250.0,63,CH63,-48.85980987548828,17.278934478759766,-162.88153076171875,113.55315399169922,276.4346923828125,0.9214231967926025,0,0,0,0
sub-009,sub-009_ses-01_task-WorkingMemory_run-1_eeg.set,250.0,64,CH64,-47.25783920288086,21.37076187133789,-218.07080078125,135.0427703857422,353.11358642578125,1.1396255493164062,0,0,0,0
sub-009,sub-009_ses-01_task-WorkingMemory_run-1_eeg.set,250.0,65,CH65,-33.30354309082031,18.739622116088867,-152.13671875,148.22958374023438,300.3663024902344,0.999316394329071,0,0,0,0
sub-009,sub-009_ses-01_task-WorkingMemory_run-1_eeg.set,250.0,66,CH66,-36.69441604614258,18.61271858215332,-161.41632080078125,144.810791015625,306.22711181640625,0.9925490617752075,0,0,0,0
sub-009,sub-009_ses-01_task-WorkingMemory_run-1_eeg.set,250.0,67,CH67,-39.77900695800781,18.519365310668945,-160.4395294189453,129.6703643798828,290.1098937988281,0.9875708818435669,0,0,0,0
sub-009,sub-009_ses-01_task-WorkingMemory_run-1_eeg.set,250.0,68,CH68,-41.15522766113281,43.26479721069336,-396.82537841796875,501.8315734863281,898.656982421875,2.3071553707122803,0,1,0,0
sub-009,sub-009_ses-01_task-WorkingMemory_run-1_eeg.set,250.0,69,CH69,-33.06182861328125,42.23811721801758,-385.5921630859375,473.01593017578125,858.6080932617188,2.252406358718872,0,0,0,0
sub-009,sub-009_ses-01_task-WorkingMemory_run-2_eeg.set,250.0,1,CH1,-39.55152893066406,63.44284439086914,-819.7802734375,411.9658508300781,1231.74609375,1.2180495262145996,767,0,0,0
sub-009,sub-009_ses-01_task-WorkingMemory_run-2_eeg.set,250.0,2,CH2,-28.214317321777344,63.429290771484375,-811.4773559570312,537.9732055664062,1349.4505615234375,1.2177892923355103,744,24,0,0
sub-009,sub-009_ses-01_task-WorkingMemory_run-2_eeg.set,250.0,3,CH3,-32.05841064453125,58.40923309326172,-813.91943359375,364.10260009765625,1178.02197265625,1.1214083433151245,760,0,0,0
sub-009,sub-009_ses-01_task-WorkingMemory_run-2_eeg.set,250.0,4,CH4,-31.289108276367188,56.941017150878906,-819.7802734375,272.771728515625,1092.552001953125,1.0932198762893677,752,0,0,0
sub-009,sub-009_ses-01_task-WorkingMemory_run-2_eeg.set,250.0,5,CH5,-54.17237854003906,57.07284927368164,-849.0842895507812,258.11968994140625,1107.2039794921875,1.0957509279251099,793,0,0,0
sub-009,sub-009_ses-01_task-WorkingMemory_run-2_eeg.set,250.0,6,CH6,-31.853586196899414,58.5229606628418,-810.5006103515625,351.892578125,1162.3931884765625,1.1235917806625366,754,0,0,0
sub-009,sub-009_ses-01_task-WorkingMemory_run-2_eeg.set,250.0,7,CH7,-38.94267654418945,57.066246032714844,-819.2918090820312,282.05133056640625,1101.3431396484375,1.0956240892410278,770,0,0,0
sub-009,sub-009_ses-01_task-WorkingMemory_run-2_eeg.set,250.0,8,CH8,-55.26615905761719,58.365577697753906,-828.5714111328125,347.0085754394531,1175.5799560546875,1.120570182800293,801,0,0,0
sub-009,sub-009_ses-01_task-WorkingMemory_run-2_eeg.set,250.0,9,CH9,-44.36307907104492,57.125144958496094,-821.245361328125,317.7045593261719,1138.949951171875,1.0967549085617065,784,0,0,0
sub-009,sub-009_ses-01_task-WorkingMemory_run-2_eeg.set,250.0,10,CH10,-39.3930549621582,55.1492919921875,-813.91943359375,237.1184844970703,1051.0379638671875,1.0588202476501465,763,0,0,0
sub-009,sub-009_ses-01_task-WorkingMemory_run-2_eeg.set,250.0,11,CH11,-47.95291519165039,54.71882247924805,-822.7106323242188,194.1392364501953,1016.849853515625,1.0505555868148804,788,0,0,0
sub-009,sub-009_ses-01_task-WorkingMemory_run-2_eeg.set,250.0,12,CH12,-36.643943786621094,54.36160659790039,-812.942626953125,181.92921447753906,994.871826171875,1.0436973571777344,753,0,0,0
sub-009,sub-009_ses-01_task-WorkingMemory_run-2_eeg.set,250.0,13,CH13,-40.541412353515625,54.761695861816406,-828.0830078125,179.97561645507812,1008.05859375,1.0513787269592285,772,0,0,0
sub-009,sub-009_ses-01_task-WorkingMemory_run-2_eeg.set,250.0,14,CH14,-39.81013870239258,54.348236083984375,-824.1758422851562,228.815673828125,1052.991455078125,1.043440580368042,765,0,0,0
sub-009,sub-009_ses-01_task-WorkingMemory_run-2_eeg.set,250.0,15,CH15,-31.234899520874023,54.111045837402344,-806.1050415039062,267.8877258300781,1073.9927978515625,1.0388867855072021,734,0,0,0
sub-009,sub-009_ses-01_task-WorkingMemory_run-2_eeg.set,250.0,16,CH16,-29.711402893066406,54.40047073364258,-805.128173828125,284.4933166503906,1089.6214599609375,1.0444434881210327,738,0,0,0
sub-009,sub-009_ses-01_task-WorkingMemory_run-2_eeg.set,250.0,17,CH17,-28.365982055664062,53.72515869140625,-803.6629638671875,195.6044464111328,999.2673950195312,1.0314780473709106,729,0,0,0
sub-009,sub-009_ses-01_task-WorkingMemory_run-2_eeg.set,250.0,18,CH18,-38.18345642089844,53.89231872558594,-803.174560546875,144.810791015625,947.9853515625,1.0346873998641968,761,0,0,0
sub-009,sub-009_ses-01_task-WorkingMemory_run-2_eeg.set,250.0,19,CH19,-44.13984680175781,55.16367721557617,-825.6410522460938,175.09161376953125,1000.732666015625,1.0590964555740356,785,0,0,0
sub-009,sub-009_ses-01_task-WorkingMemory_run-2_eeg.set,250.0,20,CH20,-50.29435729980469,53.18510818481445,-808.5469970703125,201.95364379882812,1010.5006103515625,1.0211095809936523,789,0,0,0
sub-009,sub-009_ses-01_task-WorkingMemory_run-2_eeg.set,250.0,21,CH21,-47.55118942260742,52.37538528442383,-802.6862182617188,152.1367950439453,954.822998046875,1.005563497543335,787,0,0,0
sub-009,sub-009_ses-01_task-WorkingMemory_run-2_eeg.set,250.0,22,CH22,-48.619346618652344,52.308956146240234,-809.5238037109375,98.4127426147461,907.9365234375,1.0042881965637207,788,0,0,0
sub-009,sub-009_ses-01_task-WorkingMemory_run-2_eeg.set,250.0,23,CH23,-52.303340911865234,52.27971649169922,-816.3614501953125,99.38954162597656,915.7509765625,1.0037267208099365,785,0,0,0
sub-009,sub-009_ses-01_task-WorkingMemory_run-2_eeg.set,250.0,24,CH24,-35.59532165527344,51.59501647949219,-796.3369750976562,158.48599243164062,954.822998046875,0.9905810952186584,753,0,0,0
sub-009,sub-009_ses-01_task-WorkingMemory_run-2_eeg.set,250.0,25,CH25,-44.00490951538086,51.32547378540039,-801.7093505859375,308.9133605957031,1110.6226806640625,0.9854061007499695,760,0,0,0
sub-009,sub-009_ses-01_task-WorkingMemory_run-2_eeg.set,250.0,26,CH26,-54.565589904785156,51.5983772277832,-801.2210083007812,115.99515533447266,917.2161865234375,0.9906456470489502,776,0,0,0
sub-009,sub-009_ses-01_task-WorkingMemory_run-2_eeg.set,250.0,27,CH27,-51.62986755371094,51.40275192260742,-801.7093505859375,93.04032897949219,894.7496948242188,0.9868897795677185,780,0,0,0
sub-009,sub-009_ses-01_task-WorkingMemory_run-2_eeg.set,250.0,28,CH28,-43.83659362792969,50.09077453613281,-774.8473510742188,116.97195434570312,891.8193359375,0.9617009162902832,730,0,0,0
sub-009,sub-009_ses-01_task-WorkingMemory_run-2_eeg.set,250.0,29,CH29,-57.401973724365234,52.486873626708984,-823.198974609375,161.90480041503906,985.103759765625,1.0077040195465088,797,0,0,0
sub-009,sub-009_ses-01_task-WorkingMemory_run-2_eeg.set,250.0,30,CH30,-41.459983825683594,52.19383239746094,-799.2673950195312,154.09039306640625,953.3577880859375,1.0020778179168701,748,0,0,0
sub-009,sub-009_ses-01_task-WorkingMemory_run-2_eeg.set,250.0,31,CH31,-44.848609924316406,52.08560562133789,-801.7093505859375,228.815673828125,1030.5250244140625,1.0,756,0,0,0
sub-009,sub-009_ses-01_task-WorkingMemory_run-2_eeg.set,250.0,32,CH32,-58.8454475402832,51.64888000488281,-818.3150024414062,63.73630142211914,882.0513305664062,0.9916152358055115,805,0,0,0
sub-009,sub-009_ses-01_task-WorkingMemory_run-2_eeg.set,250.0,33,CH33,-41.718597412109375,51.62212371826172,-801.2210083007812,81.31871795654297,882.5397338867188,0.9911015629768372,757,0,0,0
sub-009,sub-009_ses-01_task-WorkingMemory_run-2_eeg.set,250.0,34,CH34,-44.9683952331543,51.21950149536133,-801.7093505859375,119.90235900878906,921.6116943359375,0.9833715558052063,766,0,0,0
sub-009,sub-009_ses-01_task-WorkingMemory_run-2_eeg.set,250.0,35,CH35,-52.375770568847656,51.53755187988281,-810.5006103515625,229.3040771484375,1039.8046875,0.989477813243866,780,0,0,0
sub-009,sub-009_ses-01_task-WorkingMemory_run-2_eeg.set,250.0,36,CH36,-50.13053512573242,52.67851257324219,-801.7093505859375,305.4945373535156,1107.203857421875,1.011383295059204,764,0,0,0
sub-009,sub-009_ses-01_task-WorkingMemory_run-2_eeg.set,250.0,37,CH37,-59.048851013183594,51.61336898803711,-817.3381958007812,44.688682556152344,862.02685546875,0.9909334778785706,795,0,0,0
sub-009,sub-009_ses-01_task-WorkingMemory_run-2_eeg.set,250.0,38,CH38,-42.53706359863281,51.14154815673828,-789.98779296875,93.04032897949219,883.0281372070312,0.9818748831748962,766,0,0,0
sub-009,sub-009_ses-01_task-WorkingMemory_run-2_eeg.set,250.0,39,CH39,-50.06759262084961,51.52085494995117,-799.2673950195312,57.3870964050293,856.6544799804688,0.9891572594642639,786,0,0,0
sub-009,sub-009_ses-01_task-WorkingMemory_run-2_eeg.set,250.0,40,CH40,-43.5143928527832,51.42803192138672,-793.89501953125,94.50553894042969,888.4005737304688,0.9873751401901245,768,0,0,0
sub-009,sub-009_ses-01_task-WorkingMemory_run-2_eeg.set,250.0,41,CH41,-57.82176971435547,51.416419982910156,-811.9658203125,76.92311096191406,888.888916015625,0.9871522188186646,795,0,0,0
sub-009,sub-009_ses-01_task-WorkingMemory_run-2_eeg.set,250.0,42,CH42,-47.091609954833984,51.9647102355957,-806.1050415039062,54.45669174194336,860.5617065429688,0.9976789355278015,780,0,0,0
sub-009,sub-009_ses-01_task-WorkingMemory_run-2_eeg.set,250.0,43,CH43,-43.05374526977539,51.122840881347656,-794.3833618164062,73.99271392822266,868.3760986328125,0.9815157055854797,745,0,0,0
sub-009,sub-009_ses-01_task-WorkingMemory_run-2_eeg.set,250.0,44,CH44,-48.8960075378418,51.91212463378906,-809.5238037109375,108.18074798583984,917.7045288085938,0.9966692924499512,784,0,0,0
sub-009,sub-009_ses-01_task-WorkingMemory_run-2_eeg.set,250.0,45,CH45,-53.9832763671875,51.55028533935547,-810.0122680664062,151.6483917236328,961.66064453125,0.9897223114967346,787,0,0,0
sub-009,sub-009_ses-01_task-WorkingMemory_run-2_eeg.set,250.0,46,CH46,-40.23522186279297,50.86092758178711,-789.4993896484375,192.67404174804688,982.1734619140625,0.9764872193336487,753,0,0,0
sub-009,sub-009_ses-01_task-WorkingMemory_run-2_eeg.set,250.0,47,CH47,-39.97967529296875,51.48487854003906,-798.7789916992188,103.29674530029297,902.0757446289062,0.9884665608406067,780,0,0,0
sub-009,sub-009_ses-01_task-WorkingMemory_run-2_eeg.set,250.0,48,CH48,-40.57121276855469,50.37740707397461,-789.98779296875,25.15266227722168,815.1404418945312,0.9672040343284607,753,0,0,0
sub-009,sub-009_ses-01_task-WorkingMemory_run-2_eeg.set,250.0,49,CH49,-53.621768951416016,51.09313201904297,-798.7789916992188,41.758277893066406,840.5372924804688,0.980945348739624,787,0,0,0
sub-009,sub-009_ses-01_task-WorkingMemory_run-2_eeg.set,250.0,50,CH50,-38.705711364746094,52.19948959350586,-795.8486328125,65.68990325927734,861.5385131835938,1.0021864175796509,781,0,0,0
sub-009,sub-009_ses-01_task-WorkingMemory_run-2_eeg.set,250.0,51,CH51,-26.195276260375977,52.1979866027832,-783.6385498046875,75.45791625976562,859.096435546875,1.0021575689315796,737,0,0,0
sub-009,sub-009_ses-01_task-WorkingMemory_run-2_eeg.set,250.0,52,CH52,-50.3766975402832,52.20730209350586,-807.081787109375,49.572689056396484,856.6544799804688,1.0023365020751953,801,0,0,0
sub-009,sub-009_ses-01_task-WorkingMemory_run-2_eeg.set,250.0,53,CH53,-35.72074508666992,51.806488037109375,-787.5457763671875,76.4347152709961,863.98046875,0.9946411848068237,747,0,0,0
sub-009,sub-009_ses-01_task-WorkingMemory_run-2_eeg.set,250.0,54,CH54,-41.91038131713867,52.22502517700195,-801.2210083007812,87.17952728271484,888.4005126953125,1.0026767253875732,773,0,0,0
sub-009,sub-009_ses-01_task-WorkingMemory_run-2_eeg.set,250.0,55,CH55,-51.277976989746094,51.37129592895508,-804.6398315429688,95.48233795166016,900.1221923828125,0.9862858653068542,780,0,0,0
sub-009,sub-009_ses-01_task-WorkingMemory_run-2_eeg.set,250.0,56,CH56,-36.14371109008789,51.546165466308594,-797.8021850585938,89.13312530517578,886.935302734375,0.9896432161331177,759,0,0,0
sub-009,sub-009_ses-01_task-WorkingMemory_run-2_eeg.set,250.0,57,CH57,-42.34785461425781,51.176673889160156,-797.3137817382812,66.17830657958984,863.4920654296875,0.982549250125885,769,0,0,0
sub-009,sub-009_ses-01_task-WorkingMemory_run-2_eeg.set,250.0,58,CH58,-59.63129425048828,51.83652877807617,-813.91943359375,38.339473724365234,852.2589111328125,0.9952179193496704,810,0,0,0
sub-009,sub-009_ses-01_task-WorkingMemory_run-2_eeg.set,250.0,59,CH59,-60.30276870727539,51.60918045043945,-810.5006103515625,72.52751159667969,883.0281372070312,0.9908530116081238,811,0,0,0
sub-009,sub-009_ses-01_task-WorkingMemory_run-2_eeg.set,250.0,60,CH60,-56.842247009277344,51.631351470947266,-806.1050415039062,39.31627655029297,845.4213256835938,0.9912787079811096,810,0,0,0
sub-009,sub-009_ses-01_task-WorkingMemory_run-2_eeg.set,250.0,61,CH61,-47.50998306274414,52.12520980834961,-804.1514282226562,54.45669174194336,858.6080932617188,1.0007603168487549,776,0,0,0
sub-009,sub-009_ses-01_task-WorkingMemory_run-2_eeg.set,250.0,62,CH62,-45.87607192993164,52.011566162109375,-802.1978149414062,63.73630142211914,865.9341430664062,0.9985784888267517,782,0,0,0
sub-009,sub-009_ses-01_task-WorkingMemory_run-2_eeg.set,250.0,63,CH63,-54.28196334838867,51.45913314819336,-805.128173828125,35.40907287597656,840.5372314453125,0.9879722595214844,787,0,0,0
sub-009,sub-009_ses-01_task-WorkingMemory_run-2_eeg.set,250.0,64,CH64,-53.298831939697266,52.133033752441406,-803.6629638671875,51.52629089355469,855.1892700195312,1.0009106397628784,782,0,0,0
sub-009,sub-009_ses-01_task-WorkingMemory_run-2_eeg.set,250.0,65,CH65,-36.44696807861328,51.49268341064453,-784.1270141601562,58.852298736572266,842.9793090820312,0.988616406917572,743,0,0,0
sub-009,sub-009_ses-01_task-WorkingMemory_run-2_eeg.set,250.0,66,CH66,-41.472084045410156,51.73479080200195,-794.871826171875,54.45669174194336,849.3284912109375,0.9932646751403809,765,0,0,0
sub-009,sub-009_ses-01_task-WorkingMemory_run-2_eeg.set,250.0,67,CH67,-43.957603454589844,51.457618713378906,-792.4298095703125,50.06108856201172,842.4909057617188,0.987943172454834,762,0,0,0
sub-009,sub-009_ses-01_task-WorkingMemory_run-2_eeg.set,250.0,68,CH68,-43.947601318359375,63.16352462768555,-823.6874389648438,482.783935546875,1306.471435546875,1.2126867771148682,772,0,0,0
sub-009,sub-009_ses-01_task-WorkingMemory_run-2_eeg.set,250.0,69,CH69,-35.906227111816406,63.067203521728516,-827.106201171875,439.8046875,1266.910888671875,1.210837483406067,773,0,0,0
sub-009,sub-009_ses-01_task-WorkingMemory_run-3_eeg.set,250.0,1,CH1,-38.49626541137695,39.15389633178711,-272.7716369628906,545.78759765625,818.5592041015625,1.8176134824752808,0,1,0,0
sub-009,sub-009_ses-01_task-WorkingMemory_run-3_eeg.set,250.0,2,CH2,-26.307735443115234,31.17973518371582,-216.6055908203125,374.3590087890625,590.964599609375,1.447434663772583,0,0,0,0
sub-009,sub-009_ses-01_task-WorkingMemory_run-3_eeg.set,250.0,3,CH3,-30.02812385559082,28.161846160888672,-206.83758544921875,338.7057800292969,545.5433349609375,1.3073374032974243,0,0,0,0
sub-009,sub-009_ses-01_task-WorkingMemory_run-3_eeg.set,250.0,4,CH4,-29.702749252319336,28.363800048828125,-252.25881958007812,331.8681640625,584.126953125,1.316712498664856,0,0,0,0
sub-009,sub-009_ses-01_task-WorkingMemory_run-3_eeg.set,250.0,5,CH5,-53.79645538330078,30.286487579345703,-258.11962890625,378.754638671875,636.874267578125,1.4059680700302124,0,0,0,0
sub-009,sub-009_ses-01_task-WorkingMemory_run-3_eeg.set,250.0,6,CH6,-29.889169692993164,42.309322357177734,-1000.0,592.1856689453125,1592.1856689453125,1.9640955924987793,133,1,40,0
sub-009,sub-009_ses-01_task-WorkingMemory_run-3_eeg.set,250.0,7,CH7,-36.362091064453125,26.136476516723633,-197.55796813964844,330.4029846191406,527.9609375,1.2133151292800903,0,0,0,0
sub-009,sub-009_ses-01_task-WorkingMemory_run-3_eeg.set,250.0,8,CH8,-53.451942443847656,26.800195693969727,-243.46762084960938,362.14898681640625,605.6165771484375,1.2441264390945435,0,0,0,0
sub-009,sub-009_ses-01_task-WorkingMemory_run-3_eeg.set,250.0,9,CH9,-42.66069030761719,26.50117301940918,-213.18678283691406,349.9389953613281,563.1257934570312,1.2302451133728027,0,0,0,0
sub-009,sub-009_ses-01_task-WorkingMemory_run-3_eeg.set,250.0,10,CH10,-35.98078918457031,25.308685302734375,-205.37237548828125,314.774169921875,520.1465454101562,1.1748870611190796,0,0,0,0
sub-009,sub-009_ses-01_task-WorkingMemory_run-3_eeg.set,250.0,11,CH11,-46.57018280029297,25.51901626586914,-266.91082763671875,284.0049133300781,550.915771484375,1.1846511363983154,0,0,0,0
sub-009,sub-009_ses-01_task-WorkingMemory_run-3_eeg.set,250.0,12,CH12,-34.90558624267578,26.00794219970703,-306.9596862792969,291.8193359375,598.779052734375,1.2073482275009155,0,0,0,0
sub-009,sub-009_ses-01_task-WorkingMemory_run-3_eeg.set,250.0,13,CH13,-40.27062225341797,25.462434768676758,-238.09521484375,300.12213134765625,538.2173461914062,1.1820244789123535,0,0,0,0
sub-009,sub-009_ses-01_task-WorkingMemory_run-3_eeg.set,250.0,14,CH14,-38.013004302978516,25.37238883972168,-210.25637817382812,368.4981994628906,578.7545776367188,1.1778444051742554,0,0,0,0
sub-009,sub-009_ses-01_task-WorkingMemory_run-3_eeg.set,250.0,15,CH15,-29.884265899658203,25.405179977416992,-251.2820281982422,370.4518127441406,621.7338256835938,1.1793665885925293,0,0,0,0
sub-009,sub-009_ses-01_task-WorkingMemory_run-3_eeg.set,250.0,16,CH16,-28.183643341064453,30.686861038208008,-294.7496643066406,466.1783142089844,760.927978515625,1.4245543479919434,0,0,0,0
sub-009,sub-009_ses-01_task-WorkingMemory_run-3_eeg.set,250.0,17,CH17,-26.523544311523438,22.960590362548828,-260.0732421875,273.7485046386719,533.82177734375,1.0658831596374512,0,0,0,0
sub-009,sub-009_ses-01_task-WorkingMemory_run-3_eeg.set,250.0,18,CH18,-34.53385543823242,25.0418701171875,-223.4431915283203,308.9133605957031,532.3565673828125,1.1625009775161743,0,0,0,0
sub-009,sub-009_ses-01_task-WorkingMemory_run-3_eeg.set,250.0,19,CH19,-38.84042739868164,30.08928108215332,-225.88519287109375,385.1038513183594,610.989013671875,1.3968132734298706,0,0,0,0
sub-009,sub-009_ses-01_task-WorkingMemory_run-3_eeg.set,250.0,20,CH20,-47.22252655029297,21.31334114074707,-202.9303741455078,284.0049133300781,486.935302734375,0.9894140958786011,0,0,0,0
sub-009,sub-009_ses-01_task-WorkingMemory_run-3_eeg.set,250.0,21,CH21,-45.20953369140625,21.0582332611084,-195.115966796875,303.54095458984375,498.65692138671875,0.977571427822113,0,0,0,0
sub-009,sub-009_ses-01_task-WorkingMemory_run-3_eeg.set,250.0,22,CH22,-46.17677307128906,21.89909553527832,-316.2392883300781,263.0036926269531,579.2429809570312,1.0166062116622925,0,0,0,0
sub-009,sub-009_ses-01_task-WorkingMemory_run-3_eeg.set,250.0,23,CH23,-49.71944808959961,23.904918670654297,-411.4773864746094,252.25889587402344,663.7362670898438,1.109721064567566,0,0,0,0
sub-009,sub-009_ses-01_task-WorkingMemory_run-3_eeg.set,250.0,24,CH24,-33.10404586791992,20.887969970703125,-266.42242431640625,287.9121398925781,554.3345947265625,0.969667375087738,0,0,0,0
sub-009,sub-009_ses-01_task-WorkingMemory_run-3_eeg.set,250.0,25,CH25,-41.284542083740234,20.697494506835938,-200.97677612304688,398.779052734375,599.755859375,0.9608250856399536,0,0,0,0
sub-009,sub-009_ses-01_task-WorkingMemory_run-3_eeg.set,250.0,26,CH26,-52.37948226928711,18.759103775024414,-372.89373779296875,323.56536865234375,696.4591064453125,0.8708405494689941,0,0,0,0
sub-009,sub-009_ses-01_task-WorkingMemory_run-3_eeg.set,250.0,27,CH27,-49.44591522216797,17.86962890625,-260.5616455078125,228.815673828125,489.3773193359375,0.8295490741729736,0,0,0,0
sub-009,sub-009_ses-01_task-WorkingMemory_run-3_eeg.set,250.0,28,CH28,-40.73911666870117,17.858413696289062,-251.2820281982422,284.9817199707031,536.2637329101562,0.8290284276008606,0,0,0,0
sub-009,sub-009_ses-01_task-WorkingMemory_run-3_eeg.set,250.0,29,CH29,-53.88359832763672,21.625089645385742,-373.38214111328125,261.05010986328125,634.4322509765625,1.0038862228393555,0,0,0,0
sub-009,sub-009_ses-01_task-WorkingMemory_run-3_eeg.set,250.0,30,CH30,-39.53522491455078,20.998096466064453,-256.6544189453125,261.05010986328125,517.7045288085938,0.9747797250747681,0,0,0,0
sub-009,sub-009_ses-01_task-WorkingMemory_run-3_eeg.set,250.0,31,CH31,-43.85097122192383,22.173490524291992,-193.65077209472656,375.8242492675781,569.4750366210938,1.0293442010879517,0,0,0,0
sub-009,sub-009_ses-01_task-WorkingMemory_run-3_eeg.set,250.0,32,CH32,-55.89174270629883,21.217483520507812,-306.9596862792969,238.58367919921875,545.5433349609375,0.9849641919136047,0,0,0,0
sub-009,sub-009_ses-01_task-WorkingMemory_run-3_eeg.set,250.0,33,CH33,-39.495174407958984,22.684370040893555,-391.9413757324219,239.07208251953125,631.013427734375,1.0530604124069214,0,0,0,0
sub-009,sub-009_ses-01_task-WorkingMemory_run-3_eeg.set,250.0,34,CH34,-42.57527542114258,20.674543380737305,-284.0048522949219,264.9573059082031,548.962158203125,0.9597596526145935,0,0,0,0
sub-009,sub-009_ses-01_task-WorkingMemory_run-3_eeg.set,250.0,35,CH35,-48.76450729370117,20.39389991760254,-189.2551727294922,317.7045593261719,506.959716796875,0.9467315077781677,0,0,0,0
sub-009,sub-009_ses-01_task-WorkingMemory_run-3_eeg.set,250.0,36,CH36,-47.56278610229492,23.28886604309082,-207.8143768310547,429.54827880859375,637.3626708984375,1.0811225175857544,0,0,0,0
sub-009,sub-009_ses-01_task-WorkingMemory_run-3_eeg.set,250.0,37,CH37,-56.68593978881836,17.500017166137695,-325.5188903808594,214.16366577148438,539.6825561523438,0.8123908638954163,0,0,0,0
sub-009,sub-009_ses-01_task-WorkingMemory_run-3_eeg.set,250.0,38,CH38,-37.15212631225586,19.97651481628418,-220.02439880371094,223.93167114257812,443.9560546875,0.9273555278778076,0,0,0,0
sub-009,sub-009_ses-01_task-WorkingMemory_run-3_eeg.set,250.0,39,CH39,-46.89601516723633,20.286632537841797,-221.00119018554688,256.6545104980469,477.65570068359375,0.9417519569396973,0,0,0,0
sub-009,sub-009_ses-01_task-WorkingMemory_run-3_eeg.set,250.0,40,CH40,-40.56953048706055,20.743011474609375,-182.41754150390625,302.56414794921875,484.981689453125,0.9629380702972412,0,0,0,0
sub-009,sub-009_ses-01_task-WorkingMemory_run-3_eeg.set,250.0,41,CH41,-55.275917053222656,21.13424301147461,-193.16236877441406,265.9341125488281,459.09649658203125,0.9810999631881714,0,0,0,0
sub-009,sub-009_ses-01_task-WorkingMemory_run-3_eeg.set,250.0,42,CH42,-43.92481231689453,21.1575927734375,-244.4444122314453,249.81689453125,494.26129150390625,0.9821838736534119,0,0,0,0
sub-009,sub-009_ses-01_task-WorkingMemory_run-3_eeg.set,250.0,43,CH43,-40.00494384765625,21.130897521972656,-313.3088684082031,232.72288513183594,546.03173828125,0.9809446334838867,0,0,0,0
sub-009,sub-009_ses-01_task-WorkingMemory_run-3_eeg.set,250.0,44,CH44,-46.420230865478516,21.08884048461914,-262.0268249511719,251.77049255371094,513.7973022460938,0.9789922833442688,0,0,0,0
sub-009,sub-009_ses-01_task-WorkingMemory_run-3_eeg.set,250.0,45,CH45,-51.617733001708984,20.50197982788086,-205.86077880859375,272.771728515625,478.63250732421875,0.9517488479614258,0,0,0,0
sub-009,sub-009_ses-01_task-WorkingMemory_run-3_eeg.set,250.0,46,CH46,-37.52265930175781,19.569704055786133,-188.2783660888672,328.9377746582031,517.2161254882812,0.9084704518318176,0,0,0,0
sub-009,sub-009_ses-01_task-WorkingMemory_run-3_eeg.set,250.0,47,CH47,-37.18321990966797,18.826509475708008,-199.02317810058594,298.6569519042969,497.68011474609375,0.8739696741104126,0,0,0,0
sub-009,sub-009_ses-01_task-WorkingMemory_run-3_eeg.set,250.0,48,CH48,-37.45981979370117,16.935054779052734,-205.37237548828125,189.74363708496094,395.11602783203125,0.7861640453338623,0,0,0,0
sub-009,sub-009_ses-01_task-WorkingMemory_run-3_eeg.set,250.0,49,CH49,-50.668827056884766,20.66929054260254,-202.44198608398438,254.21249389648438,456.65447998046875,0.9595158100128174,0,0,0,0
sub-009,sub-009_ses-01_task-WorkingMemory_run-3_eeg.set,250.0,50,CH50,-34.53309631347656,20.914630889892578,-185.3479461669922,252.25889587402344,437.6068420410156,0.970905065536499,0,0,0,0
sub-009,sub-009_ses-01_task-WorkingMemory_run-3_eeg.set,250.0,51,CH51,-24.02816390991211,21.3554630279541,-182.90594482421875,255.18930053710938,438.0952453613281,0.9913694858551025,0,0,0,0
sub-009,sub-009_ses-01_task-WorkingMemory_run-3_eeg.set,250.0,52,CH52,-47.059810638427734,21.751474380493164,-249.32843017578125,227.35047912597656,476.67889404296875,1.0097532272338867,0,0,0,0
sub-009,sub-009_ses-01_task-WorkingMemory_run-3_eeg.set,250.0,53,CH53,-33.059593200683594,21.80318832397461,-282.5396423339844,242.4908905029297,525.030517578125,1.0121538639068604,0,0,0,0
sub-009,sub-009_ses-01_task-WorkingMemory_run-3_eeg.set,250.0,54,CH54,-37.53342056274414,21.5413761138916,-256.166015625,248.840087890625,505.006103515625,1.0,0,0,0,0
sub-009,sub-009_ses-01_task-WorkingMemory_run-3_eeg.set,250.0,55,CH55,-47.015037536621094,20.56588363647461,-219.04759216308594,249.81689453125,468.864501953125,0.9547154307365417,0,0,0,0
sub-009,sub-009_ses-01_task-WorkingMemory_run-3_eeg.set,250.0,56,CH56,-33.233070373535156,19.854753494262695,-181.9291534423828,252.25889587402344,434.18804931640625,0.9217031002044678,0,0,0,0
sub-009,sub-009_ses-01_task-WorkingMemory_run-3_eeg.set,250.0,57,CH57,-39.399986267089844,19.036666870117188,-195.6043701171875,275.2137145996094,470.8180847167969,0.883725643157959,0,0,0,0
sub-009,sub-009_ses-01_task-WorkingMemory_run-3_eeg.set,250.0,58,CH58,-56.3646354675293,21.33673858642578,-270.32965087890625,200.4884490966797,470.818115234375,0.990500271320343,0,0,0,0
sub-009,sub-009_ses-01_task-WorkingMemory_run-3_eeg.set,250.0,59,CH59,-56.86806106567383,21.877368927001953,-222.95480346679688,268.3760986328125,491.3309020996094,1.0155975818634033,0,0,0,0
sub-009,sub-009_ses-01_task-WorkingMemory_run-3_eeg.set,250.0,60,CH60,-53.21760940551758,21.370378494262695,-227.35040283203125,220.0244598388672,447.3748779296875,0.9920619130134583,0,0,0,0
sub-009,sub-009_ses-01_task-WorkingMemory_run-3_eeg.set,250.0,61,CH61,-44.014122009277344,22.415063858032227,-290.35406494140625,230.76927185058594,521.1233520507812,1.0405585765838623,0,0,0,0
sub-009,sub-009_ses-01_task-WorkingMemory_run-3_eeg.set,250.0,62,CH62,-41.7807731628418,21.24419593811035,-242.00241088867188,237.1184844970703,479.12091064453125,0.986204206943512,0,0,0,0
sub-009,sub-009_ses-01_task-WorkingMemory_run-3_eeg.set,250.0,63,CH63,-49.48955535888672,20.897035598754883,-220.51280212402344,225.88526916503906,446.3980712890625,0.9700882434844971,0,0,0,0
sub-009,sub-009_ses-01_task-WorkingMemory_run-3_eeg.set,250.0,64,CH64,-47.923004150390625,22.67157554626465,-278.6324462890625,220.5128631591797,499.14532470703125,1.0524663925170898,0,0,0,0
sub-009,sub-009_ses-01_task-WorkingMemory_run-3_eeg.set,250.0,65,CH65,-31.02735137939453,21.508363723754883,-228.8155975341797,246.39808654785156,475.21368408203125,0.9984675049781799,0,0,0,0
sub-009,sub-009_ses-01_task-WorkingMemory_run-3_eeg.set,250.0,66,CH66,-37.85466003417969,21.74834442138672,-280.09765625,244.93289184570312,525.030517578125,1.0096079111099243,0,0,0,0
sub-009,sub-009_ses-01_task-WorkingMemory_run-3_eeg.set,250.0,67,CH67,-40.28740692138672,21.812904357910156,-274.2368469238281,243.95608520507812,518.1929321289062,1.0126049518585205,0,0,0,0
sub-009,sub-009_ses-01_task-WorkingMemory_run-3_eeg.set,250.0,68,CH68,-43.12644577026367,34.627010345458984,-258.11962890625,419.7802429199219,677.89990234375,1.607465147972107,0,0,0,0
sub-009,sub-009_ses-01_task-WorkingMemory_run-3_eeg.set,250.0,69,CH69,-35.035308837890625,35.545318603515625,-251.2820281982422,420.7570495605469,672.0390625,1.6500951051712036,0,0,0,0
sub-009,sub-009_ses-01_task-WorkingMemory_run-4_eeg.set,250.0,1,CH1,-36.89461898803711,24.106765747070312,-264.9572448730469,286.9353332519531,551.892578125,1.6279387474060059,0,0,0,0
sub-009,sub-009_ses-01_task-WorkingMemory_run-4_eeg.set,250.0,2,CH2,-25.292774200439453,22.830400466918945,-262.0268249511719,298.6569519042969,560.6837768554688,1.5417453050613403,0,0,0,0
sub-009,sub-009_ses-01_task-WorkingMemory_run-4_eeg.set,250.0,3,CH3,-28.958473205566406,21.274261474609375,-216.1171875,209.2796630859375,425.3968505859375,1.4366586208343506,0,0,0,0
sub-009,sub-009_ses-01_task-WorkingMemory_run-4_eeg.set,250.0,4,CH4,-28.69096565246582,21.02641487121582,-178.99874877929688,170.69601440429688,349.69476318359375,1.4199215173721313,0,0,0,0
sub-009,sub-009_ses-01_task-WorkingMemory_run-4_eeg.set,250.0,5,CH5,-51.690284729003906,21.32516860961914,-207.32598876953125,177.0452117919922,384.3712158203125,1.4400964975357056,0,0,0,0
sub-009,sub-009_ses-01_task-WorkingMemory_run-4_eeg.set,250.0,6,CH6,-29.00147247314453,22.820932388305664,-274.2368469238281,261.05010986328125,535.2869873046875,1.54110586643219,0,0,0,0
sub-009,sub-009_ses-01_task-WorkingMemory_run-4_eeg.set,250.0,7,CH7,-36.088932037353516,20.106887817382812,-214.65199279785156,165.3236083984375,379.9755859375,1.357825517654419,0,0,0,0
sub-009,sub-009_ses-01_task-WorkingMemory_run-4_eeg.set,250.0,8,CH8,-51.45854187011719,20.466035842895508,-270.32965087890625,210.74485778808594,481.07452392578125,1.3820788860321045,0,0,0,0
sub-009,sub-009_ses-01_task-WorkingMemory_run-4_eeg.set,250.0,9,CH9,-41.086181640625,20.26077651977539,-211.72158813476562,193.65084838867188,405.3724365234375,1.3682177066802979,0,0,0,0
sub-009,sub-009_ses-01_task-WorkingMemory_run-4_eeg.set,250.0,10,CH10,-35.753108978271484,19.749897003173828,-183.39434814453125,162.39320373535156,345.78753662109375,1.3337178230285645,0,0,0,0
sub-009,sub-009_ses-01_task-WorkingMemory_run-4_eeg.set,250.0,11,CH11,-45.69197463989258,19.647335052490234,-179.9755401611328,119.90235900878906,299.8778991699219,1.326791763305664,0,0,0,0
sub-009,sub-009_ses-01_task-WorkingMemory_run-4_eeg.set,250.0,12,CH12,-33.922935485839844,19.799474716186523,-162.39312744140625,133.57757568359375,295.970703125,1.3370658159255981,0,0,0,0
sub-009,sub-009_ses-01_task-WorkingMemory_run-4_eeg.set,250.0,13,CH13,-38.279964447021484,19.77979278564453,-154.09031677246094,139.43838500976562,293.5286865234375,1.335736632347107,0,0,0,0
sub-009,sub-009_ses-01_task-WorkingMemory_run-4_eeg.set,250.0,14,CH14,-37.14011764526367,19.31290626525879,-193.65077209472656,149.20639038085938,342.857177734375,1.304207682609558,0,0,0,0
sub-009,sub-009_ses-01_task-WorkingMemory_run-4_eeg.set,250.0,15,CH15,-28.423294067382812,19.516159057617188,-286.9352722167969,193.16244506835938,480.09771728515625,1.3179333209991455,0,0,0,0
sub-009,sub-009_ses-01_task-WorkingMemory_run-4_eeg.set,250.0,16,CH16,-27.20479393005371,19.653989791870117,-504.76190185546875,212.69845581054688,717.4603271484375,1.327241063117981,1,0,0,0
sub-009,sub-009_ses-01_task-WorkingMemory_run-4_eeg.set,250.0,17,CH17,-25.007863998413086,18.694734573364258,-169.23072814941406,213.18685913085938,382.4176025390625,1.2624622583389282,0,0,0,0
sub-009,sub-009_ses-01_task-WorkingMemory_run-4_eeg.set,250.0,18,CH18,-34.4093017578125,18.29475212097168,-169.23072814941406,163.3699951171875,332.6007080078125,1.235451340675354,0,0,0,0
sub-009,sub-009_ses-01_task-WorkingMemory_run-4_eeg.set,250.0,19,CH19,-40.73505783081055,19.019311904907227,-185.8363494873047,218.07086181640625,403.9072265625,1.2843810319900513,0,0,0,0
sub-009,sub-009_ses-01_task-WorkingMemory_run-4_eeg.set,250.0,20,CH20,-47.023441314697266,14.363183975219727,-257.6312255859375,216.1172637939453,473.74847412109375,0.9699510931968689,0,0,0,0
sub-009,sub-009_ses-01_task-WorkingMemory_run-4_eeg.set,250.0,21,CH21,-44.88923645019531,13.99397087097168,-143.8339080810547,199.02325439453125,342.857177734375,0.9450179934501648,0,0,0,0
sub-009,sub-009_ses-01_task-WorkingMemory_run-4_eeg.set,250.0,22,CH22,-45.60042190551758,14.14687442779541,-135.53109741210938,106.71554565429688,242.24664306640625,0.9553436040878296,0,0,0,0
sub-009,sub-009_ses-01_task-WorkingMemory_run-4_eeg.set,250.0,23,CH23,-48.892311096191406,14.80815315246582,-136.01950073242188,111.11115264892578,247.13064575195312,1.0,0,0,0,0
sub-009,sub-009_ses-01_task-WorkingMemory_run-4_eeg.set,250.0,24,CH24,-32.73676681518555,13.531959533691406,-130.6470947265625,123.3211669921875,253.96826171875,0.9138181805610657,0,0,0,0
sub-009,sub-009_ses-01_task-WorkingMemory_run-4_eeg.set,250.0,25,CH25,-41.14337921142578,13.234370231628418,-255.67762756347656,186.3248291015625,442.00244140625,0.893721878528595,0,0,0,0
sub-009,sub-009_ses-01_task-WorkingMemory_run-4_eeg.set,250.0,26,CH26,-51.55232238769531,13.94553279876709,-571.6727905273438,120.87915802001953,692.5519409179688,0.9417469501495361,1,0,0,0
sub-009,sub-009_ses-01_task-WorkingMemory_run-4_eeg.set,250.0,27,CH27,-48.19588851928711,12.20209789276123,-284.9816589355469,133.57757568359375,418.5592346191406,0.8240121603012085,0,0,0,0
sub-009,sub-009_ses-01_task-WorkingMemory_run-4_eeg.set,250.0,28,CH28,-40.370384216308594,11.101479530334473,-156.04393005371094,131.6239776611328,287.66790771484375,0.7496869564056396,0,0,0,0
sub-009,sub-009_ses-01_task-WorkingMemory_run-4_eeg.set,250.0,29,CH29,-54.387821197509766,16.742809295654297,-344.5664978027344,193.16244506835938,537.7289428710938,1.1306480169296265,0,0,0,0
sub-009,sub-009_ses-01_task-WorkingMemory_run-4_eeg.set,250.0,30,CH30,-38.512996673583984,14.248130798339844,-354.82293701171875,127.2283706665039,482.0513000488281,0.9621815085411072,0,0,0,0
sub-009,sub-009_ses-01_task-WorkingMemory_run-4_eeg.set,250.0,31,CH31,-42.0510139465332,14.886457443237305,-178.99874877929688,247.86329650878906,426.862060546875,1.0052878856658936,0,0,0,0
sub-009,sub-009_ses-01_task-WorkingMemory_run-4_eeg.set,250.0,32,CH32,-55.255374908447266,13.721372604370117,-146.27590942382812,98.4127426147461,244.68865966796875,0.9266093373298645,0,0,0,0
sub-009,sub-009_ses-01_task-WorkingMemory_run-4_eeg.set,250.0,33,CH33,-38.34613037109375,13.668953895568848,-126.73989868164062,109.64595031738281,236.38584899902344,0.9230694770812988,0,0,0,0
sub-009,sub-009_ses-01_task-WorkingMemory_run-4_eeg.set,250.0,34,CH34,-42.04808044433594,13.120543479919434,-127.2282943725586,123.80956268310547,251.03785705566406,0.8860350847244263,0,0,0,0
sub-009,sub-009_ses-01_task-WorkingMemory_run-4_eeg.set,250.0,35,CH35,-48.92677688598633,12.674970626831055,-193.16236877441406,162.39320373535156,355.5555725097656,0.8559454083442688,0,0,0,0
sub-009,sub-009_ses-01_task-WorkingMemory_run-4_eeg.set,250.0,36,CH36,-46.83960723876953,13.954818725585938,-159.4627227783203,219.53607177734375,378.998779296875,0.9423739910125732,0,0,0,0
sub-009,sub-009_ses-01_task-WorkingMemory_run-4_eeg.set,250.0,37,CH37,-56.12879943847656,12.236661911010742,-407.081787109375,135.0427703857422,542.1245727539062,0.8263462781906128,0,0,0,0
sub-009,sub-009_ses-01_task-WorkingMemory_run-4_eeg.set,250.0,38,CH38,-38.737491607666016,11.766254425048828,-141.88031005859375,137.48477172851562,279.3650817871094,0.7945794463157654,0,0,0,0
sub-009,sub-009_ses-01_task-WorkingMemory_run-4_eeg.set,250.0,39,CH39,-47.20166778564453,13.00835132598877,-308.91326904296875,135.5311737060547,444.4444580078125,0.8784587383270264,0,0,0,0
sub-009,sub-009_ses-01_task-WorkingMemory_run-4_eeg.set,250.0,40,CH40,-40.3829231262207,13.176275253295898,-124.29788970947266,129.6703643798828,253.96826171875,0.8897987008094788,0,0,0,0
sub-009,sub-009_ses-01_task-WorkingMemory_run-4_eeg.set,250.0,41,CH41,-54.489749908447266,14.73875617980957,-136.50790405273438,117.46035766601562,253.96826171875,0.9953135848045349,0,0,0,0
sub-009,sub-009_ses-01_task-WorkingMemory_run-4_eeg.set,250.0,42,CH42,-44.19129180908203,14.584494590759277,-126.73989868164062,120.87915802001953,247.61904907226562,0.9848962426185608,0,0,0,0
sub-009,sub-009_ses-01_task-WorkingMemory_run-4_eeg.set,250.0,43,CH43,-39.91172790527344,14.06753158569336,-124.29788970947266,119.90235900878906,244.20025634765625,0.9499855637550354,0,0,0,0
sub-009,sub-009_ses-01_task-WorkingMemory_run-4_eeg.set,250.0,44,CH44,-46.32120895385742,13.917218208312988,-130.6470947265625,109.15754699707031,239.8046417236328,0.9398348331451416,0,0,0,0
sub-009,sub-009_ses-01_task-WorkingMemory_run-4_eeg.set,250.0,45,CH45,-51.31250762939453,13.156641960144043,-127.2282943725586,128.20516967773438,255.4334716796875,0.888472855091095,0,0,0,0
sub-009,sub-009_ses-01_task-WorkingMemory_run-4_eeg.set,250.0,46,CH46,-37.4920654296875,11.276849746704102,-104.76187133789062,164.835205078125,269.5970764160156,0.761529803276062,0,0,0,0
sub-009,sub-009_ses-01_task-WorkingMemory_run-4_eeg.set,250.0,47,CH47,-37.41517639160156,10.228605270385742,-163.36993408203125,158.97439575195312,322.3443298339844,0.6907414793968201,0,0,0,0
sub-009,sub-009_ses-01_task-WorkingMemory_run-4_eeg.set,250.0,48,CH48,-37.16461944580078,8.048331260681152,-121.36749267578125,153.11358642578125,274.4810791015625,0.5435067415237427,0,0,0,0
sub-009,sub-009_ses-01_task-WorkingMemory_run-4_eeg.set,250.0,49,CH49,-50.69127655029297,13.232647895812988,-123.80949401855469,126.7399673461914,250.54946899414062,0.8936055302619934,0,0,0,0
sub-009,sub-009_ses-01_task-WorkingMemory_run-4_eeg.set,250.0,50,CH50,-34.9552001953125,14.13727855682373,-110.6226806640625,147.25279235839844,257.87548828125,0.9546955823898315,0,0,0,0
sub-009,sub-009_ses-01_task-WorkingMemory_run-4_eeg.set,250.0,51,CH51,-23.43391990661621,15.201739311218262,-112.08788299560547,157.0207977294922,269.1086730957031,1.0265790224075317,0,0,0,0
sub-009,sub-009_ses-01_task-WorkingMemory_run-4_eeg.set,250.0,52,CH52,-47.03366470336914,15.820816040039062,-149.69471740722656,135.5311737060547,285.22589111328125,1.0683854818344116,0,0,0,0
sub-009,sub-009_ses-01_task-WorkingMemory_run-4_eeg.set,250.0,53,CH53,-32.8380012512207,15.503886222839355,-138.4615020751953,134.5543670654297,273.015869140625,1.0469831228256226,0,0,0,0
sub-009,sub-009_ses-01_task-WorkingMemory_run-4_eeg.set,250.0,54,CH54,-38.34430694580078,15.068421363830566,-138.4615020751953,145.78758239746094,284.24908447265625,1.017575979232788,0,0,0,0
sub-009,sub-009_ses-01_task-WorkingMemory_run-4_eeg.set,250.0,55,CH55,-47.297508239746094,13.62649154663086,-124.78629302978516,140.90357971191406,265.68988037109375,0.9202019572257996,0,0,0,0
sub-009,sub-009_ses-01_task-WorkingMemory_run-4_eeg.set,250.0,56,CH56,-31.429378509521484,12.336865425109863,-108.18067932128906,163.3699951171875,271.5506591796875,0.8331130146980286,0,0,0,0
sub-009,sub-009_ses-01_task-WorkingMemory_run-4_eeg.set,250.0,57,CH57,-39.37689208984375,10.890132904052734,-103.78507232666016,160.92799377441406,264.71307373046875,0.7354146838188171,0,0,0,0
sub-009,sub-009_ses-01_task-WorkingMemory_run-4_eeg.set,250.0,58,CH58,-56.007347106933594,13.91299057006836,-144.3223114013672,110.13435363769531,254.4566650390625,0.9395493268966675,0,0,0,0
sub-009,sub-009_ses-01_task-WorkingMemory_run-4_eeg.set,250.0,59,CH59,-56.50791549682617,15.022868156433105,-135.53109741210938,116.97195434570312,252.5030517578125,1.0144997835159302,0,0,0,0
sub-009,sub-009_ses-01_task-WorkingMemory_run-4_eeg.set,250.0,60,CH60,-52.49427032470703,15.482612609863281,-144.3223114013672,128.69357299804688,273.015869140625,1.045546531677246,0,0,0,0
sub-009,sub-009_ses-01_task-WorkingMemory_run-4_eeg.set,250.0,61,CH61,-44.25587844848633,16.449565887451172,-152.6251220703125,138.46157836914062,291.0867004394531,1.1108452081680298,0,0,0,0
sub-009,sub-009_ses-01_task-WorkingMemory_run-4_eeg.set,250.0,62,CH62,-41.235416412353516,14.853862762451172,-136.99630737304688,151.1599884033203,288.15631103515625,1.003086805343628,0,0,0,0
sub-009,sub-009_ses-01_task-WorkingMemory_run-4_eeg.set,250.0,63,CH63,-49.95305252075195,13.760364532470703,-133.08909606933594,149.20639038085938,282.29547119140625,0.9292424321174622,0,0,0,0
sub-009,sub-009_ses-01_task-WorkingMemory_run-4_eeg.set,250.0,64,CH64,-48.268089294433594,14.280228614807129,-163.36993408203125,171.1844024658203,334.5543212890625,0.964349091053009,0,0,0,0
sub-009,sub-009_ses-01_task-WorkingMemory_run-4_eeg.set,250.0,65,CH65,-31.613445281982422,15.16067886352539,-120.39068603515625,141.88038635253906,262.27105712890625,1.0238062143325806,0,0,0,0
sub-009,sub-009_ses-01_task-WorkingMemory_run-4_eeg.set,250.0,66,CH66,-37.79576110839844,14.95166301727295,-132.1123046875,147.74118041992188,279.8534851074219,1.0096912384033203,0,0,0,0
sub-009,sub-009_ses-01_task-WorkingMemory_run-4_eeg.set,250.0,67,CH67,-40.053993225097656,14.825753211975098,-133.08909606933594,150.1831817626953,283.27227783203125,1.0011885166168213,0,0,0,0
sub-009,sub-009_ses-01_task-WorkingMemory_run-4_eeg.set,250.0,68,CH68,-41.25447463989258,23.5343017578125,-283.0280456542969,267.8877258300781,550.915771484375,1.5892800092697144,0,0,0,0
sub-009,sub-009_ses-01_task-WorkingMemory_run-4_eeg.set,250.0,69,CH69,-33.62845993041992,23.627254486083984,-253.72402954101562,268.3760986328125,522.10009765625,1.5955570936203003,0,0,0,0
sub-012,sub-012_ses-01_task-WorkingMemory_run-1_eeg.set,250.0,1,CH1,-14.210297584533691,109.09254455566406,-473.9926452636719,1000.0001220703125,1473.9927978515625,3.791012763977051,0,502,0,272
sub-012,sub-012_ses-01_task-WorkingMemory_run-1_eeg.set,250.0,2,CH2,-8.720709800720215,89.06614685058594,-588.2783813476562,565.81201171875,1154.09033203125,3.0950868129730225,28,22,0,0
sub-012,sub-012_ses-01_task-WorkingMemory_run-1_eeg.set,250.0,3,CH3,-8.524275779724121,58.62202835083008,-335.7752990722656,388.52264404296875,724.2979736328125,2.0371406078338623,0,0,0,0
sub-012,sub-012_ses-01_task-WorkingMemory_run-1_eeg.set,250.0,4,CH4,-1.62541663646698,61.809722900390625,-296.2148742675781,839.3162841796875,1135.5311279296875,2.147914409637451,0,250,0,0
sub-012,sub-012_ses-01_task-WorkingMemory_run-1_eeg.set,250.0,5,CH5,-28.846654891967773,104.03682708740234,-338.2173156738281,1000.0001220703125,1338.2174072265625,3.6153244972229004,0,847,0,387
sub-012,sub-012_ses-01_task-WorkingMemory_run-1_eeg.set,250.0,6,CH6,-10.197799682617188,136.9042205810547,-445.6654052734375,1000.0001220703125,1445.66552734375,4.757480621337891,0,1880,0,912
sub-012,sub-012_ses-01_task-WorkingMemory_run-1_eeg.set,250.0,7,CH7,-18.759092330932617,48.98207092285156,-288.40045166015625,289.86572265625,578.2661743164062,1.7021479606628418,0,0,0,0
sub-012,sub-012_ses-01_task-WorkingMemory_run-1_eeg.set,250.0,8,CH8,-10.442761421203613,91.58723449707031,-327.9609069824219,791.4530639648438,1119.4139404296875,3.1826956272125244,0,411,0,0
sub-012,sub-012_ses-01_task-WorkingMemory_run-1_eeg.set,250.0,9,CH9,-27.7280330657959,42.337406158447266,-372.89373779296875,273.2601318359375,646.1538696289062,1.4712430238723755,0,0,0,0
sub-012,sub-012_ses-01_task-WorkingMemory_run-1_eeg.set,250.0,10,CH10,-16.404159545898438,38.175968170166016,-320.6348876953125,303.05255126953125,623.6874389648438,1.3266313076019287,0,0,0,0
sub-012,sub-012_ses-01_task-WorkingMemory_run-1_eeg.set,250.0,11,CH11,-30.179994583129883,35.424991607666016,-335.2868957519531,303.05255126953125,638.3394775390625,1.2310336828231812,0,0,0,0
sub-012,sub-012_ses-01_task-WorkingMemory_run-1_eeg.set,250.0,12,CH12,-6.035999298095703,39.443572998046875,-309.89007568359375,325.5189514160156,635.4090576171875,1.3706810474395752,0,0,0,0
sub-012,sub-012_ses-01_task-WorkingMemory_run-1_eeg.set,250.0,13,CH13,-19.944190979003906,36.48135757446289,-324.0536804199219,325.03057861328125,649.084228515625,1.2677428722381592,0,0,0,0
sub-012,sub-012_ses-01_task-WorkingMemory_run-1_eeg.set,250.0,14,CH14,-20.393735885620117,36.74457550048828,-330.40289306640625,309.89013671875,640.2930297851562,1.2768898010253906,0,0,0,0
sub-012,sub-012_ses-01_task-WorkingMemory_run-1_eeg.set,250.0,15,CH15,-19.871835708618164,64.84081268310547,-474.96942138671875,520.879150390625,995.8485717773438,2.2532460689544678,0,2,0,0
sub-012,sub-012_ses-01_task-WorkingMemory_run-1_eeg.set,250.0,16,CH16,-9.198017120361328,48.50003433227539,-320.146484375,320.14654541015625,640.2930297851562,1.6853970289230347,0,0,0,0
sub-012,sub-012_ses-01_task-WorkingMemory_run-1_eeg.set,250.0,17,CH17,-9.509589195251465,47.5553092956543,-348.9621276855469,375.3358459472656,724.2979736328125,1.6525673866271973,0,0,0,0
sub-012,sub-012_ses-01_task-WorkingMemory_run-1_eeg.set,250.0,18,CH18,-20.24104881286621,38.86134719848633,-304.0292663574219,243.46768188476562,547.4969482421875,1.350448489189148,0,0,0,0
sub-012,sub-012_ses-01_task-WorkingMemory_run-1_eeg.set,250.0,19,CH19,-20.820159912109375,40.805198669433594,-315.2624816894531,236.1416778564453,551.4041748046875,1.417998194694519,0,0,0,0
sub-012,sub-012_ses-01_task-WorkingMemory_run-1_eeg.set,250.0,20,CH20,-25.09222412109375,38.11250305175781,-430.5250244140625,173.1380157470703,603.6630249023438,1.3244258165359497,0,0,0,0
sub-012,sub-012_ses-01_task-WorkingMemory_run-1_eeg.set,250.0,21,CH21,-26.81978988647461,28.776622772216797,-376.31256103515625,301.58734130859375,677.89990234375,1.0,0,0,0,0
sub-012,sub-012_ses-01_task-WorkingMemory_run-1_eeg.set,250.0,22,CH22,-19.91632652282715,28.522714614868164,-322.5885009765625,373.3822021484375,695.970703125,0.9911766052246094,0,0,0,0
sub-012,sub-012_ses-01_task-WorkingMemory_run-1_eeg.set,250.0,23,CH23,-31.012351989746094,29.68917465209961,-324.0536804199219,352.869384765625,676.923095703125,1.0317115783691406,0,0,0,0
sub-012,sub-012_ses-01_task-WorkingMemory_run-1_eeg.set,250.0,24,CH24,-19.432819366455078,30.51266098022461,-345.5433044433594,558.9744262695312,904.5177001953125,1.0603281259536743,0,1,0,0
sub-012,sub-012_ses-01_task-WorkingMemory_run-1_eeg.set,250.0,25,CH25,-9.091286659240723,51.062110900878906,-492.0634765625,487.6679382324219,979.7314453125,1.774430274963379,0,0,0,0
sub-012,sub-012_ses-01_task-WorkingMemory_run-1_eeg.set,250.0,26,CH26,-7.688380718231201,59.329227447509766,-553.6019287109375,202.93045043945312,756.5323486328125,2.061716079711914,2,0,0,0
sub-012,sub-012_ses-01_task-WorkingMemory_run-1_eeg.set,250.0,27,CH27,-37.92493438720703,36.92353820800781,-326.9841003417969,258.60809326171875,585.5921630859375,1.2831088304519653,0,0,0,0
sub-012,sub-012_ses-01_task-WorkingMemory_run-1_eeg.set,250.0,28,CH28,-24.50441551208496,38.79706954956055,-311.35528564453125,275.7021179199219,587.057373046875,1.348214864730835,0,0,0,0
sub-012,sub-012_ses-01_task-WorkingMemory_run-1_eeg.set,250.0,29,CH29,-33.22926330566406,32.194644927978516,-353.35772705078125,231.74607849121094,585.1038208007812,1.1187777519226074,0,0,0,0
sub-012,sub-012_ses-01_task-WorkingMemory_run-1_eeg.set,250.0,30,CH30,-25.618755340576172,28.17450714111328,-344.5664978027344,185.3480224609375,529.91455078125,0.9790762066841125,0,0,0,0
sub-012,sub-012_ses-01_task-WorkingMemory_run-1_eeg.set,250.0,31,CH31,-48.490299224853516,25.51801300048828,-363.125732421875,284.0049133300781,647.130615234375,0.8867619037628174,0,0,0,0
sub-012,sub-012_ses-01_task-WorkingMemory_run-1_eeg.set,250.0,32,CH32,-45.762001037597656,28.278730392456055,-334.3100891113281,386.0806579589844,720.3907470703125,0.9826980233192444,0,0,0,0
sub-012,sub-012_ses-01_task-WorkingMemory_run-1_eeg.set,250.0,33,CH33,-24.129446029663086,29.989643096923828,-314.2856750488281,416.3614807128906,730.6471557617188,1.042153000831604,0,0,0,0
sub-012,sub-012_ses-01_task-WorkingMemory_run-1_eeg.set,250.0,34,CH34,-20.2741756439209,30.003660202026367,-449.5726013183594,673.74853515625,1123.3211669921875,1.0426400899887085,0,1,0,0
sub-012,sub-012_ses-01_task-WorkingMemory_run-1_eeg.set,250.0,35,CH35,-8.406340599060059,31.523761749267578,-523.3211059570312,414.896240234375,938.2173461914062,1.0954642295837402,1,0,0,0
sub-012,sub-012_ses-01_task-WorkingMemory_run-1_eeg.set,250.0,36,CH36,-31.549406051635742,29.509258270263672,-463.7362365722656,139.43838500976562,603.1746215820312,1.0254594087600708,0,0,0,0
sub-012,sub-012_ses-01_task-WorkingMemory_run-1_eeg.set,250.0,37,CH37,-43.27389144897461,28.999462127685547,-494.01708984375,232.72288513183594,726.739990234375,1.0077437162399292,0,0,0,0
sub-012,sub-012_ses-01_task-WorkingMemory_run-1_eeg.set,250.0,38,CH38,-32.45351791381836,27.97514533996582,-353.84613037109375,142.857177734375,496.70330810546875,0.9721482992172241,0,0,0,0
sub-012,sub-012_ses-01_task-WorkingMemory_run-1_eeg.set,250.0,39,CH39,-30.32659339904785,28.526500701904297,-441.7582092285156,123.3211669921875,565.079345703125,0.9913081526756287,0,0,0,0
sub-012,sub-012_ses-01_task-WorkingMemory_run-1_eeg.set,250.0,40,CH40,-15.07379150390625,26.259239196777344,-322.5885009765625,295.2381286621094,617.82666015625,0.9125198125839233,0,0,0,0
sub-012,sub-012_ses-01_task-WorkingMemory_run-1_eeg.set,250.0,41,CH41,-46.37352752685547,26.303314208984375,-423.198974609375,470.08551025390625,893.2844848632812,0.9140514731407166,0,0,0,0
sub-012,sub-012_ses-01_task-WorkingMemory_run-1_eeg.set,250.0,42,CH42,-14.927142143249512,25.17388916015625,-318.1929016113281,437.3626708984375,755.5555419921875,0.8748034834861755,0,0,0,0
sub-012,sub-012_ses-01_task-WorkingMemory_run-1_eeg.set,250.0,43,CH43,-29.357452392578125,26.400985717773438,-316.2392883300781,438.827880859375,755.067138671875,0.9174456000328064,0,0,0,0
sub-012,sub-012_ses-01_task-WorkingMemory_run-1_eeg.set,250.0,44,CH44,-36.735904693603516,25.566789627075195,-428.5714111328125,611.7216796875,1040.2930908203125,0.8884569406509399,0,1,0,0
sub-012,sub-012_ses-01_task-WorkingMemory_run-1_eeg.set,250.0,45,CH45,-33.06095504760742,27.247133255004883,-542.3687744140625,675.7021484375,1218.0709228515625,0.9468495845794678,1,1,0,0
sub-012,sub-012_ses-01_task-WorkingMemory_run-1_eeg.set,250.0,46,CH46,-14.421587944030762,24.8690128326416,-369.9633483886719,178.0220184326172,547.9853515625,0.8642088770866394,0,0,0,0
sub-012,sub-012_ses-01_task-WorkingMemory_run-1_eeg.set,250.0,47,CH47,-12.605061531066895,26.433666229248047,-486.2026672363281,158.97439575195312,645.1770629882812,0.9185812473297119,0,0,0,0
sub-012,sub-012_ses-01_task-WorkingMemory_run-1_eeg.set,250.0,48,CH48,-21.672832489013672,26.819583892822266,-464.7130432128906,188.76683044433594,653.4798583984375,0.9319920539855957,0,0,0,0
sub-012,sub-012_ses-01_task-WorkingMemory_run-1_eeg.set,250.0,49,CH49,-42.08802032470703,24.21413803100586,-328.93768310546875,248.35169982910156,577.2893676757812,0.8414517045021057,0,0,0,0
sub-012,sub-012_ses-01_task-WorkingMemory_run-1_eeg.set,250.0,50,CH50,-10.703939437866211,25.456485748291016,-341.6361083984375,422.7106628417969,764.3468017578125,0.8846238255500793,0,0,0,0
sub-012,sub-012_ses-01_task-WorkingMemory_run-1_eeg.set,250.0,51,CH51,-0.3594823479652405,24.742549896240234,-326.0072937011719,450.06109619140625,776.068359375,0.8598142266273499,0,0,0,0
sub-012,sub-012_ses-01_task-WorkingMemory_run-1_eeg.set,250.0,52,CH52,-29.34770965576172,23.589128494262695,-326.4956970214844,404.6398620605469,731.1355590820312,0.8197323679924011,0,0,0,0
sub-012,sub-012_ses-01_task-WorkingMemory_run-1_eeg.set,250.0,53,CH53,-12.898918151855469,23.311283111572266,-306.4712829589844,433.4554748535156,739.9267578125,0.8100770711898804,0,0,0,0
sub-012,sub-012_ses-01_task-WorkingMemory_run-1_eeg.set,250.0,54,CH54,-6.509929180145264,24.24032211303711,-336.7521057128906,536.9963989257812,873.74853515625,0.8423616290092468,0,1,0,0
sub-012,sub-012_ses-01_task-WorkingMemory_run-1_eeg.set,250.0,55,CH55,-34.001468658447266,24.847566604614258,-492.0634765625,656.1661376953125,1148.2296142578125,0.8634636402130127,0,1,0,0
sub-012,sub-012_ses-01_task-WorkingMemory_run-1_eeg.set,250.0,56,CH56,-20.60367202758789,24.3106632232666,-454.45660400390625,480.830322265625,935.2869262695312,0.8448060154914856,0,0,0,0
sub-012,sub-012_ses-01_task-WorkingMemory_run-1_eeg.set,250.0,57,CH57,-24.254051208496094,23.040620803833008,-316.2392883300781,137.48477172851562,453.72406005859375,0.8006714582443237,0,0,0,0
sub-012,sub-012_ses-01_task-WorkingMemory_run-1_eeg.set,250.0,58,CH58,-32.339866638183594,26.19905662536621,-309.40167236328125,211.23326110839844,520.6349487304688,0.9104284644126892,0,0,0,0
sub-012,sub-012_ses-01_task-WorkingMemory_run-1_eeg.set,250.0,59,CH59,-53.076751708984375,24.123519897460938,-330.89129638671875,278.63250732421875,609.5238037109375,0.8383026719093323,0,0,0,0
sub-012,sub-012_ses-01_task-WorkingMemory_run-1_eeg.set,250.0,60,CH60,-30.907047271728516,23.846071243286133,-312.82049560546875,353.84619140625,666.6666870117188,0.8286612033843994,0,0,0,0
sub-012,sub-012_ses-01_task-WorkingMemory_run-1_eeg.set,250.0,61,CH61,-6.3194499015808105,24.348608016967773,-308.42486572265625,396.3370666503906,704.761962890625,0.8461245894432068,0,0,0,0
sub-012,sub-012_ses-01_task-WorkingMemory_run-1_eeg.set,250.0,62,CH62,-21.40858268737793,24.85670280456543,-403.1745910644531,516.9719848632812,920.1466064453125,0.8637810945510864,0,1,0,0
sub-012,sub-012_ses-01_task-WorkingMemory_run-1_eeg.set,250.0,63,CH63,-25.006412506103516,24.39638900756836,-389.4993896484375,410.0122375488281,799.5115966796875,0.8477849960327148,0,0,0,0
sub-012,sub-012_ses-01_task-WorkingMemory_run-1_eeg.set,250.0,64,CH64,-17.63043975830078,26.926246643066406,-321.123291015625,176.5568084716797,497.68011474609375,0.9356986284255981,0,0,0,0
sub-012,sub-012_ses-01_task-WorkingMemory_run-1_eeg.set,250.0,65,CH65,-2.0061464309692383,23.530790328979492,-280.5860595703125,313.79736328125,594.3834228515625,0.8177050948143005,0,0,0,0
sub-012,sub-012_ses-01_task-WorkingMemory_run-1_eeg.set,250.0,66,CH66,-18.504981994628906,20.27320671081543,-285.9584655761719,302.07574462890625,588.0341796875,0.7045026421546936,0,0,0,0
sub-012,sub-012_ses-01_task-WorkingMemory_run-1_eeg.set,250.0,67,CH67,-21.984554290771484,20.390644073486328,-299.145263671875,338.7057800292969,637.85107421875,0.708583652973175,0,0,0,0
sub-012,sub-012_ses-01_task-WorkingMemory_run-1_eeg.set,250.0,68,CH68,-25.557144165039062,99.59590148925781,-556.0439453125,556.0440063476562,1112.087890625,3.461000442504883,122,19,0,0
sub-012,sub-012_ses-01_task-WorkingMemory_run-1_eeg.set,250.0,69,CH69,2.4616730213165283,87.75807189941406,-427.106201171875,536.9963989257812,964.1026000976562,3.049630641937256,0,7,0,0
sub-012,sub-012_ses-01_task-WorkingMemory_run-2_eeg.set,250.0,1,CH1,-12.91205883026123,104.45893859863281,-640.048828125,592.674072265625,1232.722900390625,3.468048095703125,18,57,0,0
sub-012,sub-012_ses-01_task-WorkingMemory_run-2_eeg.set,250.0,2,CH2,-6.457151412963867,98.754638671875,-551.6483154296875,663.0037231445312,1214.652099609375,3.2786645889282227,18,123,0,0
sub-012,sub-012_ses-01_task-WorkingMemory_run-2_eeg.set,250.0,3,CH3,-15.940241813659668,78.67449951171875,-347.9853210449219,403.6630554199219,751.6483764648438,2.612001895904541,0,0,0,0
sub-012,sub-012_ses-01_task-WorkingMemory_run-2_eeg.set,250.0,4,CH4,-4.495750427246094,58.830909729003906,-296.2148742675781,332.844970703125,629.059814453125,1.9531925916671753,0,0,0,0
sub-012,sub-012_ses-01_task-WorkingMemory_run-2_eeg.set,250.0,5,CH5,-36.23232650756836,90.86859893798828,-327.9609069824219,499.3895568847656,827.3504638671875,3.0168473720550537,0,0,0,0
sub-012,sub-012_ses-01_task-WorkingMemory_run-2_eeg.set,250.0,6,CH6,-16.697999954223633,117.53280639648438,-362.14892578125,983.8828125,1346.03173828125,3.902101755142212,0,924,0,0
sub-012,sub-012_ses-01_task-WorkingMemory_run-2_eeg.set,250.0,7,CH7,-15.421651840209961,49.600730895996094,-221.00119018554688,349.9389953613281,570.940185546875,1.6467496156692505,0,0,0,0
sub-012,sub-012_ses-01_task-WorkingMemory_run-2_eeg.set,250.0,8,CH8,-33.636314392089844,47.90494918823242,-359.7069396972656,273.2601318359375,632.967041015625,1.5904494524002075,0,0,0,0
sub-012,sub-012_ses-01_task-WorkingMemory_run-2_eeg.set,250.0,9,CH9,-27.978212356567383,44.92587661743164,-398.29058837890625,261.53851318359375,659.8291015625,1.4915438890457153,0,0,0,0
sub-012,sub-012_ses-01_task-WorkingMemory_run-2_eeg.set,250.0,10,CH10,-16.59386444091797,40.074859619140625,-318.6812744140625,222.95486450195312,541.6361083984375,1.3304896354675293,0,0,0,0
sub-012,sub-012_ses-01_task-WorkingMemory_run-2_eeg.set,250.0,11,CH11,-30.857086181640625,41.054107666015625,-271.30645751953125,233.69967651367188,505.0061340332031,1.363000750541687,0,0,0,0
sub-012,sub-012_ses-01_task-WorkingMemory_run-2_eeg.set,250.0,12,CH12,-8.080648422241211,43.96214294433594,-263.0036315917969,257.1429138183594,520.1465454101562,1.4595478773117065,0,0,0,0
sub-012,sub-012_ses-01_task-WorkingMemory_run-2_eeg.set,250.0,13,CH13,-20.20290756225586,40.1186637878418,-259.096435546875,207.814453125,466.910888671875,1.3319439888000488,0,0,0,0
sub-012,sub-012_ses-01_task-WorkingMemory_run-2_eeg.set,250.0,14,CH14,-18.54888916015625,38.26604080200195,-258.11962890625,228.815673828125,486.935302734375,1.2704366445541382,0,0,0,0
sub-012,sub-012_ses-01_task-WorkingMemory_run-2_eeg.set,250.0,15,CH15,-16.077787399291992,60.95478439331055,-299.6336669921875,626.3736572265625,926.00732421875,2.02370548248291,0,13,0,0
sub-012,sub-012_ses-01_task-WorkingMemory_run-2_eeg.set,250.0,16,CH16,-10.460784912109375,50.73530960083008,-254.70082092285156,346.03179931640625,600.7326049804688,1.684417724609375,0,0,0,0
sub-012,sub-012_ses-01_task-WorkingMemory_run-2_eeg.set,250.0,17,CH17,-2.5089111328125,49.894859313964844,-253.72402954101562,600.9768676757812,854.700927734375,1.6565146446228027,0,2,0,0
sub-012,sub-012_ses-01_task-WorkingMemory_run-2_eeg.set,250.0,18,CH18,-15.707045555114746,48.10261154174805,-220.51280212402344,398.779052734375,619.2918701171875,1.597011923789978,0,0,0,0
sub-012,sub-012_ses-01_task-WorkingMemory_run-2_eeg.set,250.0,19,CH19,-17.887550354003906,38.037105560302734,-373.38214111328125,313.79736328125,687.1795043945312,1.26283597946167,0,0,0,0
sub-012,sub-012_ses-01_task-WorkingMemory_run-2_eeg.set,250.0,20,CH20,-27.09981918334961,32.39594650268555,-448.107421875,234.18807983398438,682.2955322265625,1.0755488872528076,0,0,0,0
sub-012,sub-012_ses-01_task-WorkingMemory_run-2_eeg.set,250.0,21,CH21,-25.752086639404297,30.120384216308594,-382.1733703613281,226.37367248535156,608.5470581054688,1.0,0,0,0,0
sub-012,sub-012_ses-01_task-WorkingMemory_run-2_eeg.set,250.0,22,CH22,-13.887699127197266,28.544374465942383,-359.2185363769531,270.3297119140625,629.5482177734375,0.9476763010025024,0,0,0,0
sub-012,sub-012_ses-01_task-WorkingMemory_run-2_eeg.set,250.0,23,CH23,-28.93385887145996,30.61750030517578,-305.4944763183594,197.06964111328125,502.5641174316406,1.0165042877197266,0,0,0,0
sub-012,sub-012_ses-01_task-WorkingMemory_run-2_eeg.set,250.0,24,CH24,-18.165178298950195,30.777494430541992,-441.7582092285156,308.4249572753906,750.1831665039062,1.0218161344528198,0,0,0,0
sub-012,sub-012_ses-01_task-WorkingMemory_run-2_eeg.set,250.0,25,CH25,-13.104124069213867,46.61350631713867,-471.5506591796875,320.63494873046875,792.1856079101562,1.547573447227478,0,0,0,0
sub-012,sub-012_ses-01_task-WorkingMemory_run-2_eeg.set,250.0,26,CH26,-17.2714900970459,45.954505920410156,-554.09033203125,184.3712158203125,738.4615478515625,1.525694489479065,1,0,0,0
sub-012,sub-012_ses-01_task-WorkingMemory_run-2_eeg.set,250.0,27,CH27,-33.035396575927734,41.95640182495117,-288.88885498046875,459.8291015625,748.7179565429688,1.392957091331482,0,0,0,0
sub-012,sub-012_ses-01_task-WorkingMemory_run-2_eeg.set,250.0,28,CH28,-20.49300193786621,44.32462692260742,-276.6788330078125,505.2503662109375,781.92919921875,1.4715824127197266,0,1,0,0
sub-012,sub-012_ses-01_task-WorkingMemory_run-2_eeg.set,250.0,29,CH29,-30.801347732543945,86.37755584716797,-423.6874084472656,578.0220336914062,1001.70947265625,2.867744207382202,0,551,0,0
sub-012,sub-012_ses-01_task-WorkingMemory_run-2_eeg.set,250.0,30,CH30,-27.200698852539062,26.66931915283203,-443.7117919921875,196.0928497314453,639.8046264648438,0.8854242563247681,0,0,0,0
sub-012,sub-012_ses-01_task-WorkingMemory_run-2_eeg.set,250.0,31,CH31,-42.438865661621094,27.028356552124023,-377.28936767578125,156.5323944091797,533.82177734375,0.8973443508148193,0,0,0,0
sub-012,sub-012_ses-01_task-WorkingMemory_run-2_eeg.set,250.0,32,CH32,-41.831417083740234,27.989242553710938,-398.29058837890625,245.90969848632812,644.2003173828125,0.9292458891868591,0,0,0,0
sub-012,sub-012_ses-01_task-WorkingMemory_run-2_eeg.set,250.0,33,CH33,-23.884037017822266,30.445438385009766,-366.5445251464844,261.53851318359375,628.0830078125,1.0107917785644531,0,0,0,0
sub-012,sub-012_ses-01_task-WorkingMemory_run-2_eeg.set,250.0,34,CH34,-14.991201400756836,32.061561584472656,-547.2527465820312,476.4346923828125,1023.6874389648438,1.064447283744812,2,0,0,0
sub-012,sub-012_ses-01_task-WorkingMemory_run-2_eeg.set,250.0,35,CH35,-3.3069369792938232,32.23986053466797,-472.5274658203125,320.63494873046875,793.1624145507812,1.0703668594360352,0,0,0,0
sub-012,sub-012_ses-01_task-WorkingMemory_run-2_eeg.set,250.0,36,CH36,-30.896697998046875,30.977062225341797,-573.6264038085938,177.5336151123047,751.1600341796875,1.0284417867660522,1,0,0,0
sub-012,sub-012_ses-01_task-WorkingMemory_run-2_eeg.set,250.0,37,CH37,-46.18941116333008,43.116127014160156,-441.7582092285156,334.3101806640625,776.068359375,1.4314600229263306,0,0,0,0
sub-012,sub-012_ses-01_task-WorkingMemory_run-2_eeg.set,250.0,38,CH38,-27.70952606201172,27.19600486755371,-282.0512390136719,240.04888916015625,522.10009765625,0.9029102921485901,0,0,0,0
sub-012,sub-012_ses-01_task-WorkingMemory_run-2_eeg.set,250.0,39,CH39,-29.67675018310547,27.932456970214844,-513.064697265625,187.30162048339844,700.3663330078125,0.9273605942726135,1,0,0,0
sub-012,sub-012_ses-01_task-WorkingMemory_run-2_eeg.set,250.0,40,CH40,-13.176389694213867,27.1546573638916,-351.89251708984375,180.95242309570312,532.844970703125,0.9015375375747681,0,0,0,0
sub-012,sub-012_ses-01_task-WorkingMemory_run-2_eeg.set,250.0,41,CH41,-44.41395950317383,27.018604278564453,-515.018310546875,314.2857666015625,829.3040771484375,0.8970205783843994,1,0,0,0
sub-012,sub-012_ses-01_task-WorkingMemory_run-2_eeg.set,250.0,42,CH42,-11.970077514648438,25.97073745727539,-399.26739501953125,305.0061340332031,704.2735595703125,0.8622312545776367,0,0,0,0
sub-012,sub-012_ses-01_task-WorkingMemory_run-2_eeg.set,250.0,43,CH43,-26.211734771728516,28.292922973632812,-397.31378173828125,300.12213134765625,697.4359130859375,0.9393280744552612,0,0,0,0
sub-012,sub-012_ses-01_task-WorkingMemory_run-2_eeg.set,250.0,44,CH44,-31.711633682250977,28.10920524597168,-522.8327026367188,432.96710205078125,955.7998046875,0.933228611946106,2,0,0,0
sub-012,sub-012_ses-01_task-WorkingMemory_run-2_eeg.set,250.0,45,CH45,-29.595233917236328,28.972558975219727,-763.6141967773438,450.06109619140625,1213.67529296875,0.9618920683860779,7,0,0,0
sub-012,sub-012_ses-01_task-WorkingMemory_run-2_eeg.set,250.0,46,CH46,-7.769275665283203,27.721208572387695,-427.106201171875,264.9573059082031,692.0634765625,0.9203470945358276,0,0,0,0
sub-012,sub-012_ses-01_task-WorkingMemory_run-2_eeg.set,250.0,47,CH47,-13.21377182006836,29.053373336791992,-472.5274658203125,220.0244598388672,692.5519409179688,0.9645751118659973,0,0,0,0
sub-012,sub-012_ses-01_task-WorkingMemory_run-2_eeg.set,250.0,48,CH48,-22.822750091552734,26.12471580505371,-504.76190185546875,250.3052978515625,755.0671997070312,0.8673433661460876,1,0,0,0
sub-012,sub-012_ses-01_task-WorkingMemory_run-2_eeg.set,250.0,49,CH49,-43.28995895385742,24.036075592041016,-382.6617736816406,171.6728057861328,554.3345947265625,0.7980002760887146,0,0,0,0
sub-012,sub-012_ses-01_task-WorkingMemory_run-2_eeg.set,250.0,50,CH50,-11.558005332946777,25.953147888183594,-403.1745910644531,308.9133605957031,712.0879516601562,0.8616473078727722,0,0,0,0
sub-012,sub-012_ses-01_task-WorkingMemory_run-2_eeg.set,250.0,51,CH51,-1.0765526294708252,25.731212615966797,-391.4529724121094,342.12457275390625,733.5775146484375,0.8542790412902832,0,0,0,0
sub-012,sub-012_ses-01_task-WorkingMemory_run-2_eeg.set,250.0,52,CH52,-27.964950561523438,24.671031951904297,-382.1733703613281,256.1661071777344,638.3394775390625,0.8190808892250061,0,0,0,0
sub-012,sub-012_ses-01_task-WorkingMemory_run-2_eeg.set,250.0,53,CH53,-13.626460075378418,25.02448844909668,-370.94012451171875,303.54095458984375,674.4810791015625,0.8308157324790955,0,0,0,0
sub-012,sub-012_ses-01_task-WorkingMemory_run-2_eeg.set,250.0,54,CH54,-9.72761058807373,25.017610549926758,-451.5262145996094,381.6850280761719,833.2112426757812,0.8305873870849609,0,0,0,0
sub-012,sub-012_ses-01_task-WorkingMemory_run-2_eeg.set,250.0,55,CH55,-27.983983993530273,25.013378143310547,-633.6995849609375,475.4579162597656,1109.157470703125,0.8304468393325806,3,0,0,0
sub-012,sub-012_ses-01_task-WorkingMemory_run-2_eeg.set,250.0,56,CH56,-20.794286727905273,23.624706268310547,-466.6666564941406,302.07574462890625,768.742431640625,0.7843427658081055,0,0,0,0
sub-012,sub-012_ses-01_task-WorkingMemory_run-2_eeg.set,250.0,57,CH57,-23.88914680480957,21.477521896362305,-304.0292663574219,197.06964111328125,501.0989074707031,0.7130560278892517,0,0,0,0
sub-012,sub-012_ses-01_task-WorkingMemory_run-2_eeg.set,250.0,58,CH58,-34.76383590698242,24.197509765625,-243.95602416992188,208.3028564453125,452.2588806152344,0.8033599257469177,0,0,0,0
sub-012,sub-012_ses-01_task-WorkingMemory_run-2_eeg.set,250.0,59,CH59,-52.33671188354492,24.367984771728516,-339.6824951171875,221.4896697998047,561.1721801757812,0.8090197443962097,0,0,0,0
sub-012,sub-012_ses-01_task-WorkingMemory_run-2_eeg.set,250.0,60,CH60,-28.494436264038086,24.372817993164062,-326.9841003417969,230.76927185058594,557.7533569335938,0.8091802000999451,0,0,0,0
sub-012,sub-012_ses-01_task-WorkingMemory_run-2_eeg.set,250.0,61,CH61,-5.2566304206848145,24.428878784179688,-314.2856750488281,283.51654052734375,597.80224609375,0.8110414147377014,0,0,0,0
sub-012,sub-012_ses-01_task-WorkingMemory_run-2_eeg.set,250.0,62,CH62,-21.85230827331543,24.37920570373535,-454.45660400390625,396.3370666503906,850.793701171875,0.8093922734260559,0,0,0,0
sub-012,sub-012_ses-01_task-WorkingMemory_run-2_eeg.set,250.0,63,CH63,-28.038196563720703,26.013031005859375,-385.5921630859375,373.87060546875,759.4627685546875,0.8636354207992554,0,0,0,0
sub-012,sub-012_ses-01_task-WorkingMemory_run-2_eeg.set,250.0,64,CH64,-19.643577575683594,23.90593910217285,-241.02561950683594,261.53851318359375,502.56414794921875,0.7936797738075256,0,0,0,0
sub-012,sub-012_ses-01_task-WorkingMemory_run-2_eeg.set,250.0,65,CH65,-5.075990676879883,22.79859161376953,-241.51400756835938,221.9780731201172,463.4920654296875,0.7569156885147095,0,0,0,0
sub-012,sub-012_ses-01_task-WorkingMemory_run-2_eeg.set,250.0,66,CH66,-19.684843063354492,18.786632537841797,-242.97921752929688,259.09649658203125,502.0757141113281,0.6237182021141052,0,0,0,0
sub-012,sub-012_ses-01_task-WorkingMemory_run-2_eeg.set,250.0,67,CH67,-23.21674919128418,20.036693572998047,-284.0048522949219,315.2625427246094,599.2673950195312,0.6652203798294067,0,0,0,0
sub-012,sub-012_ses-01_task-WorkingMemory_run-2_eeg.set,250.0,68,CH68,-22.513235092163086,106.59507751464844,-404.6397705078125,611.7216796875,1016.3614501953125,3.538968086242676,0,114,0,0
sub-012,sub-012_ses-01_task-WorkingMemory_run-2_eeg.set,250.0,69,CH69,2.0374748706817627,93.96617889404297,-353.84613037109375,560.4396362304688,914.2857666015625,3.11968731880188,0,37,0,0
sub-012,sub-012_ses-01_task-WorkingMemory_run-3_eeg.set,250.0,1,CH1,-13.771596908569336,109.93260192871094,-443.7117919921875,1000.0001220703125,1443.7119140625,3.301381826400757,0,337,0,167
sub-012,sub-012_ses-01_task-WorkingMemory_run-3_eeg.set,250.0,2,CH2,-8.42138957977295,96.24107360839844,-466.6666564941406,525.76318359375,992.4298095703125,2.890212059020996,0,13,0,0
sub-012,sub-012_ses-01_task-WorkingMemory_run-3_eeg.set,250.0,3,CH3,-13.82101821899414,65.11587524414062,-352.86932373046875,410.0122375488281,762.881591796875,1.9554924964904785,0,0,0,0
sub-012,sub-012_ses-01_task-WorkingMemory_run-3_eeg.set,250.0,4,CH4,-9.982787132263184,56.8929328918457,-334.7984924316406,404.15142822265625,738.949951171875,1.7085496187210083,0,0,0,0
sub-012,sub-012_ses-01_task-WorkingMemory_run-3_eeg.set,250.0,5,CH5,-40.06377410888672,108.42036437988281,-433.94378662109375,1000.0001220703125,1433.94384765625,3.255967855453491,0,1033,0,313
sub-012,sub-012_ses-01_task-WorkingMemory_run-3_eeg.set,250.0,6,CH6,-22.162153244018555,152.57545471191406,-528.205078125,1000.0001220703125,1528.2052001953125,4.5819878578186035,10,2355,0,1181
sub-012,sub-012_ses-01_task-WorkingMemory_run-3_eeg.set,250.0,7,CH7,-22.032867431640625,47.91539764404297,-361.6605224609375,378.2662353515625,739.9267578125,1.4389455318450928,0,0,0,0
sub-012,sub-012_ses-01_task-WorkingMemory_run-3_eeg.set,250.0,8,CH8,-36.417747497558594,49.828304290771484,-347.0085144042969,394.8718566894531,741.88037109375,1.496392011642456,0,0,0,0
sub-012,sub-012_ses-01_task-WorkingMemory_run-3_eeg.set,250.0,9,CH9,-25.505226135253906,47.43571472167969,-476.4346618652344,389.01104736328125,865.4456787109375,1.4245401620864868,0,0,0,0
sub-012,sub-012_ses-01_task-WorkingMemory_run-3_eeg.set,250.0,10,CH10,-17.552030563354492,42.7309455871582,-340.6593017578125,364.10260009765625,704.7619018554688,1.283251404762268,0,0,0,0
sub-012,sub-012_ses-01_task-WorkingMemory_run-3_eeg.set,250.0,11,CH11,-29.3718204498291,39.20096969604492,-347.9853210449219,336.7521667480469,684.7374877929688,1.1772428750991821,0,0,0,0
sub-012,sub-012_ses-01_task-WorkingMemory_run-3_eeg.set,250.0,12,CH12,-13.964564323425293,40.39619827270508,-345.5433044433594,341.14776611328125,686.6910400390625,1.2131367921829224,0,0,0,0
sub-012,sub-012_ses-01_task-WorkingMemory_run-3_eeg.set,250.0,13,CH13,-25.811065673828125,41.05512619018555,-359.7069396972656,350.4273986816406,710.1343383789062,1.2329249382019043,0,0,0,0
sub-012,sub-012_ses-01_task-WorkingMemory_run-3_eeg.set,250.0,14,CH14,-19.470611572265625,38.826358795166016,-355.3113098144531,360.6838073730469,715.9951171875,1.1659929752349854,0,0,0,0
sub-012,sub-012_ses-01_task-WorkingMemory_run-3_eeg.set,250.0,15,CH15,-11.43103313446045,74.15084838867188,-525.2747192382812,638.5836791992188,1163.8583984375,2.2268214225769043,3,50,0,0
sub-012,sub-012_ses-01_task-WorkingMemory_run-3_eeg.set,250.0,16,CH16,-5.592914581298828,46.09947967529297,-350.42730712890625,374.3590087890625,724.7863159179688,1.3844118118286133,0,0,0,0
sub-012,sub-012_ses-01_task-WorkingMemory_run-3_eeg.set,250.0,17,CH17,-3.863389015197754,49.42009353637695,-341.147705078125,510.1343688964844,851.2821044921875,1.484133005142212,0,2,0,0
sub-012,sub-012_ses-01_task-WorkingMemory_run-3_eeg.set,250.0,18,CH18,-17.71881675720215,42.281150817871094,-319.6580810546875,399.755859375,719.4139404296875,1.2697436809539795,0,0,0,0
sub-012,sub-012_ses-01_task-WorkingMemory_run-3_eeg.set,250.0,19,CH19,-19.233591079711914,38.7805061340332,-369.9633483886719,385.5922546386719,755.5556030273438,1.1646159887313843,0,0,0,0
sub-012,sub-012_ses-01_task-WorkingMemory_run-3_eeg.set,250.0,20,CH20,-28.4389705657959,37.981624603271484,-493.040283203125,382.1734313964844,875.2137451171875,1.140624761581421,0,0,0,0
sub-012,sub-012_ses-01_task-WorkingMemory_run-3_eeg.set,250.0,21,CH21,-27.695405960083008,33.29896545410156,-376.31256103515625,369.4750061035156,745.78759765625,1.0,0,0,0,0
sub-012,sub-012_ses-01_task-WorkingMemory_run-3_eeg.set,250.0,22,CH22,-13.065967559814453,32.705406188964844,-326.0072937011719,357.2649841308594,683.2722778320312,0.9821748733520508,0,0,0,0
sub-012,sub-012_ses-01_task-WorkingMemory_run-3_eeg.set,250.0,23,CH23,-28.119678497314453,34.58721160888672,-325.5188903808594,363.61419677734375,689.133056640625,1.0386872291564941,0,0,0,0
sub-012,sub-012_ses-01_task-WorkingMemory_run-3_eeg.set,250.0,24,CH24,-19.83187484741211,34.28364944458008,-334.7984924316406,414.896240234375,749.6947021484375,1.0295710563659668,0,0,0,0
sub-012,sub-012_ses-01_task-WorkingMemory_run-3_eeg.set,250.0,25,CH25,-21.923654556274414,45.531131744384766,-435.4090270996094,346.03179931640625,781.4407958984375,1.367343783378601,0,0,0,0
sub-012,sub-012_ses-01_task-WorkingMemory_run-3_eeg.set,250.0,26,CH26,-22.006275177001953,58.61681365966797,-629.3040161132812,428.0830993652344,1057.3870849609375,1.7603193521499634,7,0,0,0
sub-012,sub-012_ses-01_task-WorkingMemory_run-3_eeg.set,250.0,27,CH27,-31.139156341552734,37.44158935546875,-352.38092041015625,375.3358459472656,727.716796875,1.1244069337844849,0,0,0,0
sub-012,sub-012_ses-01_task-WorkingMemory_run-3_eeg.set,250.0,28,CH28,-18.30211067199707,39.53409957885742,-339.194091796875,406.5934753417969,745.78759765625,1.1872470378875732,0,0,0,0
sub-012,sub-012_ses-01_task-WorkingMemory_run-3_eeg.set,250.0,29,CH29,-26.287437438964844,44.761146545410156,-379.73138427734375,388.03424072265625,767.765625,1.3442202806472778,0,0,0,0
sub-012,sub-012_ses-01_task-WorkingMemory_run-3_eeg.set,250.0,30,CH30,-30.23102569580078,32.41888427734375,-422.7106018066406,385.1038513183594,807.814453125,0.9735702872276306,0,0,0,0
sub-012,sub-012_ses-01_task-WorkingMemory_run-3_eeg.set,250.0,31,CH31,-43.034549713134766,30.249929428100586,-368.9865417480469,347.9853820800781,716.971923828125,0.9084345102310181,0,0,0,0
sub-012,sub-012_ses-01_task-WorkingMemory_run-3_eeg.set,250.0,32,CH32,-44.588165283203125,31.96556854248047,-355.3113098144531,336.2637634277344,691.5750732421875,0.9599568247795105,0,0,0,0
sub-012,sub-012_ses-01_task-WorkingMemory_run-3_eeg.set,250.0,33,CH33,-23.32039451599121,33.23771286010742,-326.9841003417969,380.2198486328125,707.2039794921875,0.9981605410575867,0,0,0,0
sub-012,sub-012_ses-01_task-WorkingMemory_run-3_eeg.set,250.0,34,CH34,-20.087358474731445,35.37995147705078,-501.3431091308594,662.5153198242188,1163.8583984375,1.0624940395355225,1,3,0,0
sub-012,sub-012_ses-01_task-WorkingMemory_run-3_eeg.set,250.0,35,CH35,-21.504362106323242,35.28564453125,-437.85101318359375,410.50067138671875,848.3516845703125,1.059661865234375,0,0,0,0
sub-012,sub-012_ses-01_task-WorkingMemory_run-3_eeg.set,250.0,36,CH36,-27.45728874206543,34.61029815673828,-498.41265869140625,369.9634094238281,868.3760986328125,1.0393805503845215,0,0,0,0
sub-012,sub-012_ses-01_task-WorkingMemory_run-3_eeg.set,250.0,37,CH37,-41.58249282836914,33.26416015625,-503.78509521484375,350.9158020019531,854.700927734375,0.9989547729492188,1,0,0,0
sub-012,sub-012_ses-01_task-WorkingMemory_run-3_eeg.set,250.0,38,CH38,-22.00879669189453,32.173912048339844,-314.7740783691406,377.77783203125,692.5518798828125,0.966213583946228,0,0,0,0
sub-012,sub-012_ses-01_task-WorkingMemory_run-3_eeg.set,250.0,39,CH39,-30.515113830566406,33.391685485839844,-375.33575439453125,366.05621337890625,741.3919677734375,1.0027844905853271,0,0,0,0
sub-012,sub-012_ses-01_task-WorkingMemory_run-3_eeg.set,250.0,40,CH40,-16.611339569091797,31.76959228515625,-390.9645690917969,388.52264404296875,779.4871826171875,0.9540714621543884,0,0,0,0
sub-012,sub-012_ses-01_task-WorkingMemory_run-3_eeg.set,250.0,41,CH41,-46.69935607910156,30.48385238647461,-352.86932373046875,332.3565673828125,685.2258911132812,0.9154594540596008,0,0,0,0
sub-012,sub-012_ses-01_task-WorkingMemory_run-3_eeg.set,250.0,42,CH42,-12.305190086364746,29.59679412841797,-326.4956970214844,363.12579345703125,689.6214599609375,0.888820230960846,0,0,0,0
sub-012,sub-012_ses-01_task-WorkingMemory_run-3_eeg.set,250.0,43,CH43,-28.26078987121582,31.24250602722168,-329.42608642578125,360.1954040527344,689.6214599609375,0.9382425546646118,0,0,0,0
sub-012,sub-012_ses-01_task-WorkingMemory_run-3_eeg.set,250.0,44,CH44,-31.177711486816406,32.050743103027344,-395.36016845703125,517.9487915039062,913.3089599609375,0.9625146985054016,0,1,0,0
sub-012,sub-012_ses-01_task-WorkingMemory_run-3_eeg.set,250.0,45,CH45,-32.667076110839844,34.09437561035156,-450.5494079589844,469.1087341308594,919.6581420898438,1.0238869190216064,0,0,0,0
sub-012,sub-012_ses-01_task-WorkingMemory_run-3_eeg.set,250.0,46,CH46,-11.57436466217041,31.52495002746582,-343.5897216796875,381.6850280761719,725.2747802734375,0.9467245936393738,0,0,0,0
sub-012,sub-012_ses-01_task-WorkingMemory_run-3_eeg.set,250.0,47,CH47,-13.600407600402832,31.44182586669922,-503.78509521484375,389.01104736328125,892.796142578125,0.9442282915115356,1,0,0,0
sub-012,sub-012_ses-01_task-WorkingMemory_run-3_eeg.set,250.0,48,CH48,-21.67831039428711,32.2142448425293,-374.35894775390625,394.8718566894531,769.2308349609375,0.9674248099327087,0,0,0,0
sub-012,sub-012_ses-01_task-WorkingMemory_run-3_eeg.set,250.0,49,CH49,-40.333683013916016,27.82875633239746,-332.35650634765625,332.3565673828125,664.7130737304688,0.8357243537902832,0,0,0,0
sub-012,sub-012_ses-01_task-WorkingMemory_run-3_eeg.set,250.0,50,CH50,-12.738065719604492,29.751930236816406,-327.4725036621094,368.4981994628906,695.970703125,0.8934791088104248,0,0,0,0
sub-012,sub-012_ses-01_task-WorkingMemory_run-3_eeg.set,250.0,51,CH51,-2.1926629543304443,29.31061363220215,-304.5176696777344,386.5690612792969,691.0867309570312,0.8802259564399719,0,0,0,0
sub-012,sub-012_ses-01_task-WorkingMemory_run-3_eeg.set,250.0,52,CH52,-26.278003692626953,28.663406372070312,-336.2637023925781,352.3809814453125,688.6446533203125,0.8607897162437439,0,0,0,0
sub-012,sub-012_ses-01_task-WorkingMemory_run-3_eeg.set,250.0,53,CH53,-16.03476333618164,30.078872680664062,-317.7044982910156,385.1038513183594,702.808349609375,0.903297483921051,0,0,0,0
sub-012,sub-012_ses-01_task-WorkingMemory_run-3_eeg.set,250.0,54,CH54,-12.959409713745117,29.687397003173828,-335.7752990722656,389.49945068359375,725.2747802734375,0.8915411233901978,0,0,0,0
sub-012,sub-012_ses-01_task-WorkingMemory_run-3_eeg.set,250.0,55,CH55,-33.18623733520508,31.39065933227539,-419.2917785644531,486.2027282714844,905.4945068359375,0.9426917433738708,0,0,0,0
sub-012,sub-012_ses-01_task-WorkingMemory_run-3_eeg.set,250.0,56,CH56,-23.691436767578125,29.921892166137695,-396.82537841796875,347.0085754394531,743.833984375,0.8985832333564758,0,0,0,0
sub-012,sub-012_ses-01_task-WorkingMemory_run-3_eeg.set,250.0,57,CH57,-26.1008243560791,29.347078323364258,-356.2881164550781,357.2649841308594,713.5531005859375,0.8813210129737854,0,0,0,0
sub-012,sub-012_ses-01_task-WorkingMemory_run-3_eeg.set,250.0,58,CH58,-35.992855072021484,29.318941116333008,-325.5188903808594,338.2173767089844,663.7362670898438,0.8804760575294495,0,0,0,0
sub-012,sub-012_ses-01_task-WorkingMemory_run-3_eeg.set,250.0,59,CH59,-53.94813537597656,27.983421325683594,-342.6129150390625,315.2625427246094,657.87548828125,0.8403691053390503,0,0,0,0
sub-012,sub-012_ses-01_task-WorkingMemory_run-3_eeg.set,250.0,60,CH60,-23.619415283203125,28.42311668395996,-318.1929016113281,352.3809814453125,670.5738525390625,0.8535735607147217,0,0,0,0
sub-012,sub-012_ses-01_task-WorkingMemory_run-3_eeg.set,250.0,61,CH61,-3.7527570724487305,28.895002365112305,-317.7044982910156,361.6606140136719,679.3651123046875,0.8677447438240051,0,0,0,0
sub-012,sub-012_ses-01_task-WorkingMemory_run-3_eeg.set,250.0,62,CH62,-24.986461639404297,29.90055274963379,-359.7069396972656,422.2222900390625,781.92919921875,0.8979423642158508,0,0,0,0
sub-012,sub-012_ses-01_task-WorkingMemory_run-3_eeg.set,250.0,63,CH63,-29.551816940307617,30.2069034576416,-355.7997131347656,350.9158020019531,706.7155151367188,0.9071424007415771,0,0,0,0
sub-012,sub-012_ses-01_task-WorkingMemory_run-3_eeg.set,250.0,64,CH64,-29.140575408935547,29.858964920043945,-335.2868957519531,334.3101806640625,669.5970458984375,0.8966934680938721,0,0,0,0
sub-012,sub-012_ses-01_task-WorkingMemory_run-3_eeg.set,250.0,65,CH65,-9.130044937133789,28.43562889099121,-309.89007568359375,346.5201721191406,656.4102783203125,0.8539493083953857,0,0,0,0
sub-012,sub-012_ses-01_task-WorkingMemory_run-3_eeg.set,250.0,66,CH66,-21.012800216674805,25.70709800720215,-334.3100891113281,336.2637634277344,670.5738525390625,0.7720088958740234,0,0,0,0
sub-012,sub-012_ses-01_task-WorkingMemory_run-3_eeg.set,250.0,67,CH67,-23.626798629760742,26.2477970123291,-339.6824951171875,354.822998046875,694.5054931640625,0.7882466316223145,0,0,0,0
sub-012,sub-012_ses-01_task-WorkingMemory_run-3_eeg.set,250.0,68,CH68,-25.93951988220215,105.99019622802734,-450.5494079589844,522.832763671875,973.3822021484375,3.182987689971924,0,4,0,0
sub-012,sub-012_ses-01_task-WorkingMemory_run-3_eeg.set,250.0,69,CH69,-0.5861356258392334,95.00922393798828,-412.9425964355469,505.2503662109375,918.1929931640625,2.8532185554504395,0,3,0,0
sub-014,sub-014_ses-01_task-WorkingMemory_run-1_eeg.set,1000.0,1,CH1,8.546881675720215,34.180450439453125,-231.109619140625,452.2705078125,683.380126953125,1.5816890001296997,0,0,0,0
sub-014,sub-014_ses-01_task-WorkingMemory_run-1_eeg.set,1000.0,2,CH2,30.96817398071289,37.21981430053711,-199.432373046875,499.9847412109375,699.4171142578125,1.7223345041275024,0,1,0,0
sub-014,sub-014_ses-01_task-WorkingMemory_run-1_eeg.set,1000.0,3,CH3,16.255714416503906,54.34394073486328,-292.41943359375,470.5810546875,763.00048828125,2.5147478580474854,0,0,0,0
sub-014,sub-014_ses-01_task-WorkingMemory_run-1_eeg.set,1000.0,4,CH4,25.928115844726562,32.459774017333984,-305.8319091796875,390.9912109375,696.8231201171875,1.5020651817321777,0,0,0,0
sub-014,sub-014_ses-01_task-WorkingMemory_run-1_eeg.set,1000.0,5,CH5,26.014646530151367,26.64583396911621,-205.6427001953125,346.2677001953125,551.910400390625,1.2330271005630493,0,0,0,0
sub-014,sub-014_ses-01_task-WorkingMemory_run-1_eeg.set,1000.0,6,CH6,21.873998641967773,26.596717834472656,-172.05810546875,384.1552734375,556.21337890625,1.2307542562484741,0,0,0,0
sub-014,sub-014_ses-01_task-WorkingMemory_run-1_eeg.set,1000.0,7,CH7,0.8689541220664978,28.1949520111084,-197.3876953125,369.903564453125,567.291259765625,1.3047120571136475,0,0,0,0
sub-014,sub-014_ses-01_task-WorkingMemory_run-1_eeg.set,1000.0,8,CH8,25.388446807861328,40.80158615112305,-168.9605712890625,499.9847412109375,668.9453125,1.8880797624588013,0,1,0,0
sub-014,sub-014_ses-01_task-WorkingMemory_run-1_eeg.set,1000.0,9,CH9,19.003189086914062,24.75717544555664,-390.472412109375,268.2647705078125,658.7371826171875,1.1456300020217896,0,0,0,0
sub-014,sub-014_ses-01_task-WorkingMemory_run-1_eeg.set,1000.0,10,CH10,-5.287808895111084,24.724010467529297,-325.8514404296875,251.953125,577.8045654296875,1.1440953016281128,0,0,0,0
sub-014,sub-014_ses-01_task-WorkingMemory_run-1_eeg.set,1000.0,11,CH11,3.2977371215820312,29.435321807861328,-275.360107421875,283.843994140625,559.2041015625,1.3621097803115845,0,0,0,0
sub-014,sub-014_ses-01_task-WorkingMemory_run-1_eeg.set,1000.0,12,CH12,12.217395782470703,23.801759719848633,-229.644775390625,341.522216796875,571.1669921875,1.1014184951782227,0,0,0,0
sub-014,sub-014_ses-01_task-WorkingMemory_run-1_eeg.set,1000.0,13,CH13,-14.715632438659668,22.27223014831543,-251.678466796875,292.236328125,543.914794921875,1.0306400060653687,0,0,0,0
sub-014,sub-014_ses-01_task-WorkingMemory_run-1_eeg.set,1000.0,14,CH14,-0.7845873832702637,23.280399322509766,-225.15869140625,313.018798828125,538.177490234375,1.0772926807403564,0,0,0,0
sub-014,sub-014_ses-01_task-WorkingMemory_run-1_eeg.set,1000.0,15,CH15,-11.182570457458496,29.991626739501953,-226.654052734375,325.225830078125,551.8798828125,1.3878525495529175,0,0,0,0
sub-014,sub-014_ses-01_task-WorkingMemory_run-1_eeg.set,1000.0,16,CH16,5.396956920623779,29.743345260620117,-214.84375,339.4622802734375,554.3060302734375,1.3763633966445923,0,0,0,0
sub-014,sub-014_ses-01_task-WorkingMemory_run-1_eeg.set,1000.0,17,CH17,23.457117080688477,27.18745994567871,-193.8323974609375,309.600830078125,503.4332275390625,1.258090615272522,0,0,0,0
sub-014,sub-014_ses-01_task-WorkingMemory_run-1_eeg.set,1000.0,18,CH18,21.348878860473633,21.46691131591797,-117.73681640625,400.909423828125,518.646240234375,0.9933741688728333,0,0,0,0
sub-014,sub-014_ses-01_task-WorkingMemory_run-1_eeg.set,1000.0,19,CH19,29.555599212646484,21.304161071777344,-126.953125,401.092529296875,528.045654296875,0.9858429431915283,0,0,0,0
sub-014,sub-014_ses-01_task-WorkingMemory_run-1_eeg.set,1000.0,20,CH20,21.75786018371582,21.610095977783203,-387.2528076171875,194.9462890625,582.1990966796875,1.0,0,0,0,0
sub-014,sub-014_ses-01_task-WorkingMemory_run-1_eeg.set,1000.0,21,CH21,16.411773681640625,21.544179916381836,-325.74462890625,205.4443359375,531.18896484375,0.9969497323036194,0,0,0,0
sub-014,sub-014_ses-01_task-WorkingMemory_run-1_eeg.set,1000.0,22,CH22,-15.566835403442383,20.92095375061035,-320.8770751953125,264.9688720703125,585.845947265625,0.9681101441383362,0,0,0,0
sub-014,sub-014_ses-01_task-WorkingMemory_run-1_eeg.set,1000.0,23,CH23,-17.623445510864258,21.250221252441406,-275.115966796875,276.1383056640625,551.2542724609375,0.9833469390869141,0,0,0,0
sub-014,sub-014_ses-01_task-WorkingMemory_run-1_eeg.set,1000.0,24,CH24,-7.538023948669434,21.453289031982422,-273.3306884765625,281.280517578125,554.6112060546875,0.9927437901496887,0,0,0,0
sub-014,sub-014_ses-01_task-WorkingMemory_run-1_eeg.set,1000.0,25,CH25,-5.123366832733154,20.970539093017578,-246.4752197265625,287.200927734375,533.6761474609375,0.9704047441482544,0,0,0,0
sub-014,sub-014_ses-01_task-WorkingMemory_run-1_eeg.set,1000.0,26,CH26,2.6746835708618164,22.72808837890625,-224.4415283203125,313.446044921875,537.8875732421875,1.0517346858978271,0,0,0,0
sub-014,sub-014_ses-01_task-WorkingMemory_run-1_eeg.set,1000.0,27,CH27,-13.906440734863281,23.30547523498535,-239.9749755859375,297.637939453125,537.6129150390625,1.0784530639648438,0,0,0,0
sub-014,sub-014_ses-01_task-WorkingMemory_run-1_eeg.set,1000.0,28,CH28,-10.142860412597656,20.164527893066406,-189.7735595703125,388.5498046875,578.3233642578125,0.9331068396568298,0,0,0,0
sub-014,sub-014_ses-01_task-WorkingMemory_run-1_eeg.set,1000.0,29,CH29,4.479447841644287,21.551746368408203,-122.4822998046875,385.6353759765625,508.11767578125,0.9972999095916748,0,0,0,0
sub-014,sub-014_ses-01_task-WorkingMemory_run-1_eeg.set,1000.0,30,CH30,16.863479614257812,21.27590560913086,-111.572265625,400.8331298828125,512.4053955078125,0.9845354557037354,0,0,0,0
sub-014,sub-014_ses-01_task-WorkingMemory_run-1_eeg.set,1000.0,31,CH31,-1.078743577003479,19.594593048095703,-325.37841796875,227.264404296875,552.642822265625,0.9067332744598389,0,0,0,0
sub-014,sub-014_ses-01_task-WorkingMemory_run-1_eeg.set,1000.0,32,CH32,6.900516986846924,18.9100284576416,-308.4564208984375,269.683837890625,578.1402587890625,0.8750552535057068,0,0,0,0
sub-014,sub-014_ses-01_task-WorkingMemory_run-1_eeg.set,1000.0,33,CH33,-13.52820873260498,18.969697952270508,-288.14697265625,259.21630859375,547.36328125,0.8778164386749268,0,0,0,0
sub-014,sub-014_ses-01_task-WorkingMemory_run-1_eeg.set,1000.0,34,CH34,-13.046908378601074,19.907726287841797,-269.4854736328125,271.7132568359375,541.19873046875,0.9212234020233154,0,0,0,0
sub-014,sub-014_ses-01_task-WorkingMemory_run-1_eeg.set,1000.0,35,CH35,2.804060459136963,22.0579891204834,-271.1944580078125,263.2293701171875,534.423828125,1.0207260847091675,0,0,0,0
sub-014,sub-014_ses-01_task-WorkingMemory_run-1_eeg.set,1000.0,36,CH36,-2.526061534881592,25.285863876342773,-238.2049560546875,277.1148681640625,515.31982421875,1.1700949668884277,0,0,0,0
sub-014,sub-014_ses-01_task-WorkingMemory_run-1_eeg.set,1000.0,37,CH37,-4.016931533813477,25.682477951049805,-236.2060546875,273.712158203125,509.918212890625,1.1884480714797974,0,0,0,0
sub-014,sub-014_ses-01_task-WorkingMemory_run-1_eeg.set,1000.0,38,CH38,-5.348532676696777,20.637922286987305,-232.086181640625,315.97900390625,548.065185546875,0.9550129771232605,0,0,0,0
sub-014,sub-014_ses-01_task-WorkingMemory_run-1_eeg.set,1000.0,39,CH39,-17.505674362182617,16.7629451751709,-200.4547119140625,309.6160888671875,510.07080078125,0.7756997346878052,0,0,0,0
sub-014,sub-014_ses-01_task-WorkingMemory_run-1_eeg.set,1000.0,40,CH40,17.954071044921875,24.26939582824707,-296.08154296875,278.13720703125,574.21875,1.1230581998825073,0,0,0,0
sub-014,sub-014_ses-01_task-WorkingMemory_run-1_eeg.set,1000.0,41,CH41,5.399057865142822,21.204633712768555,-291.80908203125,277.587890625,569.39697265625,0.9812373518943787,0,0,0,0
sub-014,sub-014_ses-01_task-WorkingMemory_run-1_eeg.set,1000.0,42,CH42,12.827021598815918,17.083572387695312,-275.9246826171875,285.5224609375,561.4471435546875,0.790536642074585,0,0,0,0
sub-014,sub-014_ses-01_task-WorkingMemory_run-1_eeg.set,1000.0,43,CH43,-16.88668441772461,32.00924301147461,-302.886962890625,252.6092529296875,555.4962158203125,1.4812170267105103,0,0,0,0
sub-014,sub-014_ses-01_task-WorkingMemory_run-1_eeg.set,1000.0,44,CH44,16.10624122619629,21.50724983215332,-242.1722412109375,302.1392822265625,544.3115234375,0.9952408075332642,0,0,0,0
sub-014,sub-014_ses-01_task-WorkingMemory_run-1_eeg.set,1000.0,45,CH45,11.541062355041504,33.08253479003906,-236.38916015625,296.9818115234375,533.3709716796875,1.5308833122253418,0,0,0,0
sub-014,sub-014_ses-01_task-WorkingMemory_run-1_eeg.set,1000.0,46,CH46,-2.3561549186706543,20.9893798828125,-263.48876953125,255.9661865234375,519.4549560546875,0.971276581287384,0,0,0,0
sub-014,sub-014_ses-01_task-WorkingMemory_run-1_eeg.set,1000.0,47,CH47,-12.828852653503418,19.89594078063965,-227.2796630859375,250.1220703125,477.4017333984375,0.9206780195236206,0,0,0,0
sub-014,sub-014_ses-01_task-WorkingMemory_run-1_eeg.set,1000.0,48,CH48,-2.4940638542175293,19.539026260375977,-211.60888671875,258.9569091796875,470.5657958984375,0.9041619300842285,0,0,0,0
sub-014,sub-014_ses-01_task-WorkingMemory_run-1_eeg.set,1000.0,49,CH49,0.3196100890636444,19.62796974182129,-214.5843505859375,267.303466796875,481.8878173828125,0.9082777500152588,0,0,0,0
sub-014,sub-014_ses-01_task-WorkingMemory_run-1_eeg.set,1000.0,50,CH50,-21.465463638305664,56.70521545410156,-178.131103515625,311.03515625,489.166259765625,2.6240150928497314,0,0,0,0
sub-014,sub-014_ses-01_task-WorkingMemory_run-1_eeg.set,1000.0,51,CH51,-19.95513343811035,15.792073249816895,-304.38232421875,268.9056396484375,573.2879638671875,0.7307729125022888,0,0,0,0
sub-014,sub-014_ses-01_task-WorkingMemory_run-1_eeg.set,1000.0,52,CH52,21.845178604125977,18.086484909057617,-260.650634765625,298.4466552734375,559.0972900390625,0.8369460701942444,0,0,0,0
sub-014,sub-014_ses-01_task-WorkingMemory_run-1_eeg.set,1000.0,53,CH53,21.143287658691406,21.29218101501465,-242.279052734375,309.9822998046875,552.2613525390625,0.9852886199951172,0,0,0,0
sub-014,sub-014_ses-01_task-WorkingMemory_run-1_eeg.set,1000.0,54,CH54,-55.75052261352539,21.482088088989258,-316.7724609375,231.597900390625,548.370361328125,0.9940764904022217,0,0,0,0
sub-014,sub-014_ses-01_task-WorkingMemory_run-1_eeg.set,1000.0,55,CH55,23.558622360229492,23.29073143005371,-216.766357421875,313.9495849609375,530.7159423828125,1.0777708292007446,0,0,0,0
sub-014,sub-014_ses-01_task-WorkingMemory_run-1_eeg.set,1000.0,56,CH56,-3.7042226791381836,21.723472595214844,-244.781494140625,274.0936279296875,518.8751220703125,1.0052465200424194,0,0,0,0
sub-014,sub-014_ses-01_task-WorkingMemory_run-1_eeg.set,1000.0,57,CH57,-3.248115062713623,20.990678787231445,-212.7227783203125,264.556884765625,477.2796630859375,0.9713366627693176,0,0,0,0
sub-014,sub-014_ses-01_task-WorkingMemory_run-1_eeg.set,1000.0,58,CH58,-1.8708107471466064,21.525880813598633,-202.972412109375,263.85498046875,466.827392578125,0.9961029887199402,0,0,0,0
sub-014,sub-014_ses-01_task-WorkingMemory_run-1_eeg.set,1000.0,59,CH59,1.3059701919555664,21.661096572875977,-202.789306640625,268.2647705078125,471.0540771484375,1.0023599863052368,0,0,0,0
sub-014,sub-014_ses-01_task-WorkingMemory_run-1_eeg.set,1000.0,60,CH60,-3.6814334392547607,17.622697830200195,-264.5111083984375,323.5321044921875,588.043212890625,0.8154844641685486,0,0,0,0
sub-014,sub-014_ses-01_task-WorkingMemory_run-1_eeg.set,1000.0,61,CH61,20.93778419494629,132.58413696289062,-500.0,499.9847412109375,999.9847412109375,6.135286808013916,257,13051,0,0
sub-014,sub-014_ses-01_task-WorkingMemory_run-1_eeg.set,1000.0,62,CH62,-27.690732955932617,22.13035011291504,-500.0,499.9847412109375,999.9847412109375,1.0240745544433594,4,50,0,0
sub-014,sub-014_ses-01_task-WorkingMemory_run-1_eeg.set,1000.0,63,CH63,11.664629936218262,23.29043960571289,-237.548828125,290.1458740234375,527.6947021484375,1.0777573585510254,0,0,0,0
sub-014,sub-014_ses-01_task-WorkingMemory_run-1_eeg.set,1000.0,64,CH64,-1.9355442523956299,25.562686920166016,-261.3525390625,247.0855712890625,508.4381103515625,1.182904839515686,0,0,0,0
sub-014,sub-014_ses-01_task-WorkingMemory_run-1_eeg.set,1000.0,65,CH65,-102.72355651855469,20.93727684020996,-271.6064453125,215.606689453125,487.213134765625,0.9688655138015747,0,0,0,0
sub-014,sub-014_ses-01_task-WorkingMemory_run-1_eeg.set,1000.0,66,CH66,-26.451326370239258,181.25375366210938,-500.0,499.9847412109375,999.9847412109375,8.387456893920898,11173,12987,0,0
sub-014,sub-014_ses-01_task-WorkingMemory_run-1_eeg.set,1000.0,67,CH67,25.87319564819336,19.647817611694336,-250.79345703125,296.295166015625,547.088623046875,0.9091961979866028,0,0,0,0
sub-014,sub-014_ses-01_task-WorkingMemory_run-1_eeg.set,1000.0,68,CH68,4.815954685211182,15.136862754821777,-275.543212890625,265.838623046875,541.3818359375,0.7004532814025879,0,0,0,0
sub-014,sub-014_ses-01_task-WorkingMemory_run-1_eeg.set,1000.0,69,CH69,2.0171196460723877,12.665504455566406,-268.8751220703125,256.8206787109375,525.69580078125,0.5860919952392578,0,0,0,0
sub-014,sub-014_ses-01_task-WorkingMemory_run-2_eeg.set,1000.0,1,CH1,8.863523483276367,42.89700698852539,-363.7847900390625,463.68408203125,827.4688720703125,1.4335306882858276,0,0,0,0
sub-014,sub-014_ses-01_task-WorkingMemory_run-2_eeg.set,1000.0,2,CH2,29.19812774658203,44.65034484863281,-343.597412109375,499.9847412109375,843.5821533203125,1.4921236038208008,0,1,0,0
sub-014,sub-014_ses-01_task-WorkingMemory_run-2_eeg.set,1000.0,3,CH3,14.301012992858887,58.53937530517578,-500.0,497.0703125,997.0703125,1.9562667608261108,647,0,0,0
sub-014,sub-014_ses-01_task-WorkingMemory_run-2_eeg.set,1000.0,4,CH4,24.533597946166992,41.5699462890625,-295.7000732421875,444.76318359375,740.4632568359375,1.3891830444335938,0,0,0,0
sub-014,sub-014_ses-01_task-WorkingMemory_run-2_eeg.set,1000.0,5,CH5,27.941011428833008,33.47867965698242,-283.1878662109375,384.765625,667.9534912109375,1.1187893152236938,0,0,0,0
sub-014,sub-014_ses-01_task-WorkingMemory_run-2_eeg.set,1000.0,6,CH6,27.6773624420166,38.3288688659668,-217.0257568359375,492.7825927734375,709.808349609375,1.2808728218078613,0,0,0,0
sub-014,sub-014_ses-01_task-WorkingMemory_run-2_eeg.set,1000.0,7,CH7,3.422926664352417,48.33249282836914,-229.461669921875,499.9847412109375,729.4464111328125,1.615173578262329,0,1093,0,0
sub-014,sub-014_ses-01_task-WorkingMemory_run-2_eeg.set,1000.0,8,CH8,26.678794860839844,48.770267486572266,-344.29931640625,499.9847412109375,844.2840576171875,1.6298030614852905,0,21,0,0
sub-014,sub-014_ses-01_task-WorkingMemory_run-2_eeg.set,1000.0,9,CH9,18.24653434753418,39.876705169677734,-337.09716796875,404.144287109375,741.241455078125,1.332598328590393,0,0,0,0
sub-014,sub-014_ses-01_task-WorkingMemory_run-2_eeg.set,1000.0,10,CH10,-6.319413661956787,37.30773162841797,-337.2650146484375,396.453857421875,733.7188720703125,1.246748447418213,0,0,0,0
sub-014,sub-014_ses-01_task-WorkingMemory_run-2_eeg.set,1000.0,11,CH11,6.94344425201416,36.77236557006836,-279.9224853515625,415.557861328125,695.4803466796875,1.2288576364517212,0,0,0,0
sub-014,sub-014_ses-01_task-WorkingMemory_run-2_eeg.set,1000.0,12,CH12,15.453221321105957,29.961774826049805,-248.382568359375,370.208740234375,618.59130859375,1.001261591911316,0,0,0,0
sub-014,sub-014_ses-01_task-WorkingMemory_run-2_eeg.set,1000.0,13,CH13,-11.46494197845459,27.923627853393555,-270.3399658203125,309.967041015625,580.3070068359375,0.9331508278846741,0,0,0,0
sub-014,sub-014_ses-01_task-WorkingMemory_run-2_eeg.set,1000.0,14,CH14,4.842326641082764,28.72226333618164,-251.7852783203125,359.344482421875,611.1297607421875,0.9598395824432373,0,0,0,0
sub-014,sub-014_ses-01_task-WorkingMemory_run-2_eeg.set,1000.0,15,CH15,-8.083207130432129,48.59016799926758,-266.510009765625,499.9847412109375,766.4947509765625,1.6237845420837402,0,903,0,0
sub-014,sub-014_ses-01_task-WorkingMemory_run-2_eeg.set,1000.0,16,CH16,8.02600383758545,47.557167053222656,-237.7777099609375,499.9847412109375,737.762451171875,1.589263677597046,0,908,0,0
sub-014,sub-014_ses-01_task-WorkingMemory_run-2_eeg.set,1000.0,17,CH17,19.251218795776367,32.62309646606445,-290.3289794921875,359.5123291015625,649.84130859375,1.0901974439620972,0,0,0,0
sub-014,sub-014_ses-01_task-WorkingMemory_run-2_eeg.set,1000.0,18,CH18,19.99225425720215,30.86812973022461,-212.005615234375,374.603271484375,586.60888671875,1.0315500497817993,0,0,0,0
sub-014,sub-014_ses-01_task-WorkingMemory_run-2_eeg.set,1000.0,19,CH19,27.25646209716797,30.218093872070312,-210.0372314453125,370.4833984375,580.5206298828125,1.0098272562026978,0,0,0,0
sub-014,sub-014_ses-01_task-WorkingMemory_run-2_eeg.set,1000.0,20,CH20,20.545795440673828,35.249412536621094,-295.71533203125,364.19677734375,659.912109375,1.1779636144638062,0,0,0,0
sub-014,sub-014_ses-01_task-WorkingMemory_run-2_eeg.set,1000.0,21,CH21,13.298843383789062,30.053058624267578,-304.19921875,325.8819580078125,630.0811767578125,1.0043120384216309,0,0,0,0
sub-014,sub-014_ses-01_task-WorkingMemory_run-2_eeg.set,1000.0,22,CH22,-15.076444625854492,28.555206298828125,-301.69677734375,339.2333984375,640.93017578125,0.9542568922042847,0,0,0,0
sub-014,sub-014_ses-01_task-WorkingMemory_run-2_eeg.set,1000.0,23,CH23,-18.362306594848633,25.969999313354492,-275.2532958984375,285.0189208984375,560.272216796875,0.8678645491600037,0,0,0,0
sub-014,sub-014_ses-01_task-WorkingMemory_run-2_eeg.set,1000.0,24,CH24,-9.22661304473877,26.367671966552734,-266.326904296875,308.16650390625,574.493408203125,0.88115394115448,0,0,0,0
sub-014,sub-014_ses-01_task-WorkingMemory_run-2_eeg.set,1000.0,25,CH25,-3.712114095687866,26.81218147277832,-235.4583740234375,344.8486328125,580.3070068359375,0.8960085511207581,0,0,0,0
sub-014,sub-014_ses-01_task-WorkingMemory_run-2_eeg.set,1000.0,26,CH26,8.577354431152344,28.632118225097656,-217.5445556640625,337.1734619140625,554.718017578125,0.9568271040916443,0,0,0,0
sub-014,sub-014_ses-01_task-WorkingMemory_run-2_eeg.set,1000.0,27,CH27,-11.210198402404785,28.66364097595215,-245.0103759765625,322.265625,567.2760009765625,0.9578805565834045,0,0,0,0
sub-014,sub-014_ses-01_task-WorkingMemory_run-2_eeg.set,1000.0,28,CH28,-9.403070449829102,25.591154098510742,-235.5194091796875,326.690673828125,562.2100830078125,0.8552042841911316,0,0,0,0
sub-014,sub-014_ses-01_task-WorkingMemory_run-2_eeg.set,1000.0,29,CH29,0.7487056851387024,30.88129234313965,-241.180419921875,350.2349853515625,591.4154052734375,1.0319899320602417,0,0,0,0
sub-014,sub-014_ses-01_task-WorkingMemory_run-2_eeg.set,1000.0,30,CH30,16.1011905670166,30.404447555541992,-207.3211669921875,381.77490234375,589.0960693359375,1.0160547494888306,0,0,0,0
sub-014,sub-014_ses-01_task-WorkingMemory_run-2_eeg.set,1000.0,31,CH31,-3.8252487182617188,27.149736404418945,-316.6656494140625,330.169677734375,646.8353271484375,0.9072889089584351,0,0,0,0
sub-014,sub-014_ses-01_task-WorkingMemory_run-2_eeg.set,1000.0,32,CH32,4.811184406280518,25.01155662536621,-274.8870849609375,322.5250244140625,597.412109375,0.835835337638855,0,0,0,0
sub-014,sub-014_ses-01_task-WorkingMemory_run-2_eeg.set,1000.0,33,CH33,-15.18108081817627,23.42193603515625,-268.1884765625,286.7584228515625,554.9468994140625,0.7827134132385254,0,0,0,0
sub-014,sub-014_ses-01_task-WorkingMemory_run-2_eeg.set,1000.0,34,CH34,-6.67385721206665,26.7990779876709,-248.0316162109375,335.3424072265625,583.3740234375,0.8955706357955933,0,0,0,0
sub-014,sub-014_ses-01_task-WorkingMemory_run-2_eeg.set,1000.0,35,CH35,5.144378185272217,27.654760360717773,-228.851318359375,340.423583984375,569.27490234375,0.9241657853126526,0,0,0,0
sub-014,sub-014_ses-01_task-WorkingMemory_run-2_eeg.set,1000.0,36,CH36,1.9483602046966553,35.84560775756836,-229.6142578125,415.1611328125,644.775390625,1.1978873014450073,0,0,0,0
sub-014,sub-014_ses-01_task-WorkingMemory_run-2_eeg.set,1000.0,37,CH37,-2.9887948036193848,35.565086364746094,-302.4139404296875,405.8990478515625,708.31298828125,1.1885128021240234,0,0,0,0
sub-014,sub-014_ses-01_task-WorkingMemory_run-2_eeg.set,1000.0,38,CH38,-1.339534044265747,24.49507713317871,-211.6851806640625,325.01220703125,536.6973876953125,0.8185756206512451,0,0,0,0
sub-014,sub-014_ses-01_task-WorkingMemory_run-2_eeg.set,1000.0,39,CH39,-19.90739631652832,26.14155387878418,-246.856689453125,369.293212890625,616.14990234375,0.8735975027084351,0,0,0,0
sub-014,sub-014_ses-01_task-WorkingMemory_run-2_eeg.set,1000.0,40,CH40,19.464797973632812,28.318269729614258,-215.2862548828125,377.9754638671875,593.26171875,0.946338951587677,0,0,0,0
sub-014,sub-014_ses-01_task-WorkingMemory_run-2_eeg.set,1000.0,41,CH41,7.169431209564209,29.74587059020996,-327.94189453125,346.8780517578125,674.8199462890625,0.9940464496612549,0,0,0,0
sub-014,sub-014_ses-01_task-WorkingMemory_run-2_eeg.set,1000.0,42,CH42,12.943680763244629,22.828109741210938,-235.565185546875,341.522216796875,577.08740234375,0.7628689408302307,0,0,0,0
sub-014,sub-014_ses-01_task-WorkingMemory_run-2_eeg.set,1000.0,43,CH43,-18.729345321655273,43.95836639404297,-265.6097412109375,440.704345703125,706.3140869140625,1.4689991474151611,0,0,0,0
sub-014,sub-014_ses-01_task-WorkingMemory_run-2_eeg.set,1000.0,44,CH44,18.57864761352539,28.751022338867188,-214.17236328125,380.4931640625,594.66552734375,0.9608006477355957,0,0,0,0
sub-014,sub-014_ses-01_task-WorkingMemory_run-2_eeg.set,1000.0,45,CH45,8.570953369140625,31.56700325012207,-211.2579345703125,371.2158203125,582.4737548828125,1.0549050569534302,0,0,0,0
sub-014,sub-014_ses-01_task-WorkingMemory_run-2_eeg.set,1000.0,46,CH46,-4.669351577758789,23.6348934173584,-229.8431396484375,305.23681640625,535.0799560546875,0.7898300290107727,0,0,0,0
sub-014,sub-014_ses-01_task-WorkingMemory_run-2_eeg.set,1000.0,47,CH47,-15.070096015930176,26.975759506225586,-235.870361328125,375.1678466796875,611.0382080078125,0.9014749526977539,0,0,0,0
sub-014,sub-014_ses-01_task-WorkingMemory_run-2_eeg.set,1000.0,48,CH48,-4.624914169311523,25.273527145385742,-215.423583984375,385.5133056640625,600.9368896484375,0.8445898294448853,0,0,0,0
sub-014,sub-014_ses-01_task-WorkingMemory_run-2_eeg.set,1000.0,49,CH49,-1.7785999774932861,26.157367706298828,-219.66552734375,379.2266845703125,598.8922119140625,0.8741260170936584,0,0,0,0
sub-014,sub-014_ses-01_task-WorkingMemory_run-2_eeg.set,1000.0,50,CH50,-17.792539596557617,69.27941131591797,-139.801025390625,436.1572265625,575.958251953125,2.3151769638061523,0,0,0,0
sub-014,sub-014_ses-01_task-WorkingMemory_run-2_eeg.set,1000.0,51,CH51,-18.204055786132812,21.718204498291016,-263.671875,322.357177734375,586.029052734375,0.7257782220840454,0,0,0,0
sub-014,sub-014_ses-01_task-WorkingMemory_run-2_eeg.set,1000.0,52,CH52,22.52993392944336,22.167295455932617,-215.3472900390625,366.69921875,582.0465087890625,0.7407858967781067,0,0,0,0
sub-014,sub-014_ses-01_task-WorkingMemory_run-2_eeg.set,1000.0,53,CH53,19.8643856048584,26.04804229736328,-266.937255859375,387.3443603515625,654.2816162109375,0.8704725503921509,0,0,0,0
sub-014,sub-014_ses-01_task-WorkingMemory_run-2_eeg.set,1000.0,54,CH54,-57.09486389160156,26.209062576293945,-346.954345703125,305.4351806640625,652.3895263671875,0.8758535385131836,0,0,0,0
sub-014,sub-014_ses-01_task-WorkingMemory_run-2_eeg.set,1000.0,55,CH55,24.732402801513672,30.60637092590332,-209.7625732421875,401.824951171875,611.5875244140625,1.0228025913238525,0,0,0,0
sub-014,sub-014_ses-01_task-WorkingMemory_run-2_eeg.set,1000.0,56,CH56,0.39114394783973694,23.893291473388672,-215.2557373046875,331.2835693359375,546.539306640625,0.7984651923179626,0,0,0,0
sub-014,sub-014_ses-01_task-WorkingMemory_run-2_eeg.set,1000.0,57,CH57,-4.290280818939209,35.8216667175293,-320.49560546875,370.0714111328125,690.5670166015625,1.1970871686935425,0,0,0,0
sub-014,sub-014_ses-01_task-WorkingMemory_run-2_eeg.set,1000.0,58,CH58,-2.3939919471740723,37.53715896606445,-357.177734375,367.2332763671875,724.4110107421875,1.254415512084961,0,0,0,0
sub-014,sub-014_ses-01_task-WorkingMemory_run-2_eeg.set,1000.0,59,CH59,0.5787112712860107,36.886714935302734,-335.51025390625,371.7193603515625,707.2296142578125,1.2326788902282715,0,0,0,0
sub-014,sub-014_ses-01_task-WorkingMemory_run-2_eeg.set,1000.0,60,CH60,-3.2228565216064453,25.11391258239746,-225.2197265625,394.1192626953125,619.3389892578125,0.8392558693885803,0,0,0,0
sub-014,sub-014_ses-01_task-WorkingMemory_run-2_eeg.set,1000.0,61,CH61,5.151330471038818,58.75291061401367,-500.0,358.70361328125,858.70361328125,1.9634027481079102,227,0,0,0
sub-014,sub-014_ses-01_task-WorkingMemory_run-2_eeg.set,1000.0,62,CH62,-30.88589859008789,29.92402458190918,-263.1378173828125,392.1661376953125,655.303955078125,1.0,0,0,0,0
sub-014,sub-014_ses-01_task-WorkingMemory_run-2_eeg.set,1000.0,63,CH63,9.203046798706055,29.19271469116211,-215.8966064453125,388.0767822265625,603.973388671875,0.9755610823631287,0,0,0,0
sub-014,sub-014_ses-01_task-WorkingMemory_run-2_eeg.set,1000.0,64,CH64,-2.6098310947418213,39.38068389892578,-228.3935546875,473.81591796875,702.20947265625,1.316022276878357,0,0,0,0
sub-014,sub-014_ses-01_task-WorkingMemory_run-2_eeg.set,1000.0,65,CH65,-44.81270217895508,36.697349548339844,-197.418212890625,342.193603515625,539.61181640625,1.2263507843017578,0,0,0,0
sub-014,sub-014_ses-01_task-WorkingMemory_run-2_eeg.set,1000.0,66,CH66,6.587690830230713,76.70108032226562,-480.499267578125,368.9422607421875,849.4415283203125,2.5631940364837646,0,0,0,0
sub-014,sub-014_ses-01_task-WorkingMemory_run-2_eeg.set,1000.0,67,CH67,25.64984130859375,27.796072006225586,-196.96044921875,424.9114990234375,621.8719482421875,0.9288881421089172,0,0,0,0
sub-014,sub-014_ses-01_task-WorkingMemory_run-2_eeg.set,1000.0,68,CH68,4.229543685913086,16.418190002441406,-219.7418212890625,342.7886962890625,562.530517578125,0.5486624836921692,0,0,0,0
sub-014,sub-014_ses-01_task-WorkingMemory_run-2_eeg.set,1000.0,69,CH69,2.664741039276123,14.999631881713867,-218.93310546875,328.2470703125,547.18017578125,0.5012571811676025,0,0,0,0
sub-014,sub-014_ses-01_task-WorkingMemory_run-3_eeg.set,1000.0,1,CH1,4.418221950531006,41.62215042114258,-345.9014892578125,427.67333984375,773.5748291015625,1.7518564462661743,0,0,0,0
sub-014,sub-014_ses-01_task-WorkingMemory_run-3_eeg.set,1000.0,2,CH2,22.376171112060547,42.46377182006836,-286.31591796875,434.4482421875,720.76416015625,1.7872798442840576,0,0,0,0
sub-014,sub-014_ses-01_task-WorkingMemory_run-3_eeg.set,1000.0,3,CH3,18.8095703125,56.32888412475586,-394.561767578125,417.755126953125,812.31689453125,2.3708558082580566,0,0,0,0
sub-014,sub-014_ses-01_task-WorkingMemory_run-3_eeg.set,1000.0,4,CH4,17.749990463256836,38.38768005371094,-325.0579833984375,414.520263671875,739.5782470703125,1.6157190799713135,0,0,0,0
sub-014,sub-014_ses-01_task-WorkingMemory_run-3_eeg.set,1000.0,5,CH5,23.39537811279297,31.709177017211914,-196.0296630859375,299.407958984375,495.4376220703125,1.3346240520477295,0,0,0,0
sub-014,sub-014_ses-01_task-WorkingMemory_run-3_eeg.set,1000.0,6,CH6,22.981369018554688,32.64739227294922,-217.864990234375,315.0177001953125,532.8826904296875,1.3741130828857422,0,0,0,0
sub-014,sub-014_ses-01_task-WorkingMemory_run-3_eeg.set,1000.0,7,CH7,-6.457545280456543,31.89188003540039,-278.2135009765625,315.673828125,593.8873291015625,1.3423140048980713,0,0,0,0
sub-014,sub-014_ses-01_task-WorkingMemory_run-3_eeg.set,1000.0,8,CH8,21.450923919677734,52.276519775390625,-327.9571533203125,499.9847412109375,827.94189453125,2.200293779373169,0,183,0,0
sub-014,sub-014_ses-01_task-WorkingMemory_run-3_eeg.set,1000.0,9,CH9,16.579513549804688,35.29819869995117,-299.8809814453125,352.691650390625,652.5726318359375,1.4856842756271362,0,0,0,0
sub-014,sub-014_ses-01_task-WorkingMemory_run-3_eeg.set,1000.0,10,CH10,-9.505941390991211,34.73406982421875,-327.056884765625,349.7467041015625,676.8035888671875,1.4619404077529907,0,0,0,0
sub-014,sub-014_ses-01_task-WorkingMemory_run-3_eeg.set,1000.0,11,CH11,0.8942447900772095,34.64308166503906,-296.905517578125,286.6058349609375,583.5113525390625,1.4581106901168823,0,0,0,0
sub-014,sub-014_ses-01_task-WorkingMemory_run-3_eeg.set,1000.0,12,CH12,13.367677688598633,27.125629425048828,-182.281494140625,287.811279296875,470.0927734375,1.141704797744751,0,0,0,0
sub-014,sub-014_ses-01_task-WorkingMemory_run-3_eeg.set,1000.0,13,CH13,-12.416022300720215,25.46119499206543,-223.20556640625,192.0318603515625,415.2374267578125,1.0716495513916016,0,0,0,0
sub-014,sub-014_ses-01_task-WorkingMemory_run-3_eeg.set,1000.0,14,CH14,4.533447265625,26.042104721069336,-192.535400390625,215.88134765625,408.416748046875,1.0960997343063354,0,0,0,0
sub-014,sub-014_ses-01_task-WorkingMemory_run-3_eeg.set,1000.0,15,CH15,-10.733437538146973,30.02726173400879,-180.816650390625,254.94384765625,435.760498046875,1.2638330459594727,0,0,0,0
sub-014,sub-014_ses-01_task-WorkingMemory_run-3_eeg.set,1000.0,16,CH16,7.254559516906738,29.905202865600586,-159.8358154296875,272.857666015625,432.6934814453125,1.2586957216262817,0,0,0,0
sub-014,sub-014_ses-01_task-WorkingMemory_run-3_eeg.set,1000.0,17,CH17,14.429032325744629,29.718944549560547,-203.5064697265625,336.4715576171875,539.97802734375,1.2508561611175537,0,0,0,0
sub-014,sub-014_ses-01_task-WorkingMemory_run-3_eeg.set,1000.0,18,CH18,13.994436264038086,28.564916610717773,-144.317626953125,343.0328369140625,487.3504638671875,1.2022836208343506,0,0,0,0
sub-014,sub-014_ses-01_task-WorkingMemory_run-3_eeg.set,1000.0,19,CH19,21.349092483520508,28.26593780517578,-140.960693359375,344.9249267578125,485.8856201171875,1.1896997690200806,0,0,0,0
sub-014,sub-014_ses-01_task-WorkingMemory_run-3_eeg.set,1000.0,20,CH20,15.4222412109375,30.4954833984375,-281.707763671875,279.4342041015625,561.1419677734375,1.2835402488708496,0,0,0,0
sub-014,sub-014_ses-01_task-WorkingMemory_run-3_eeg.set,1000.0,21,CH21,8.190693855285645,26.693899154663086,-287.689208984375,258.60595703125,546.295166015625,1.1235334873199463,0,0,0,0
sub-014,sub-014_ses-01_task-WorkingMemory_run-3_eeg.set,1000.0,22,CH22,-14.302722930908203,25.717981338500977,-252.5634765625,260.0555419921875,512.6190185546875,1.0824575424194336,0,0,0,0
sub-014,sub-014_ses-01_task-WorkingMemory_run-3_eeg.set,1000.0,23,CH23,-27.02102279663086,23.00103187561035,-249.053955078125,136.71875,385.772705078125,0.9681024551391602,0,0,0,0
sub-014,sub-014_ses-01_task-WorkingMemory_run-3_eeg.set,1000.0,24,CH24,-21.583484649658203,23.217674255371094,-245.513916015625,130.645751953125,376.15966796875,0.9772207736968994,0,0,0,0
sub-014,sub-014_ses-01_task-WorkingMemory_run-3_eeg.set,1000.0,25,CH25,-5.936591625213623,24.82166290283203,-186.6607666015625,183.1207275390625,369.781494140625,1.0447319746017456,0,0,0,0
sub-014,sub-014_ses-01_task-WorkingMemory_run-3_eeg.set,1000.0,26,CH26,10.415657997131348,22.686506271362305,-153.167724609375,198.79150390625,351.959228515625,0.9548642039299011,0,0,0,0
sub-014,sub-014_ses-01_task-WorkingMemory_run-3_eeg.set,1000.0,27,CH27,-11.692487716674805,22.420135498046875,-175.933837890625,168.1365966796875,344.0704345703125,0.9436527490615845,0,0,0,0
sub-014,sub-014_ses-01_task-WorkingMemory_run-3_eeg.set,1000.0,28,CH28,-15.269115447998047,22.037559509277344,-201.6143798828125,246.4752197265625,448.089599609375,0.9275503158569336,0,0,0,0
sub-014,sub-014_ses-01_task-WorkingMemory_run-3_eeg.set,1000.0,29,CH29,-5.424561023712158,28.479488372802734,-163.299560546875,321.71630859375,485.015869140625,1.19868803024292,0,0,0,0
sub-014,sub-014_ses-01_task-WorkingMemory_run-3_eeg.set,1000.0,30,CH30,10.934737205505371,28.394760131835938,-140.5181884765625,336.42578125,476.9439697265625,1.1951218843460083,0,0,0,0
sub-014,sub-014_ses-01_task-WorkingMemory_run-3_eeg.set,1000.0,31,CH31,-8.951688766479492,23.29743194580078,-248.9776611328125,201.4617919921875,450.439453125,0.9805777668952942,0,0,0,0
sub-014,sub-014_ses-01_task-WorkingMemory_run-3_eeg.set,1000.0,32,CH32,-1.6198697090148926,21.084047317504883,-229.5074462890625,289.947509765625,519.4549560546875,0.8874174952507019,0,0,0,0
sub-014,sub-014_ses-01_task-WorkingMemory_run-3_eeg.set,1000.0,33,CH33,-21.499164581298828,20.65457534790039,-230.3009033203125,175.7354736328125,406.036376953125,0.8693411946296692,0,0,0,0
sub-014,sub-014_ses-01_task-WorkingMemory_run-3_eeg.set,1000.0,34,CH34,-14.726715087890625,22.76883316040039,-221.19140625,162.4755859375,383.6669921875,0.9583293199539185,0,0,0,0
sub-014,sub-014_ses-01_task-WorkingMemory_run-3_eeg.set,1000.0,35,CH35,-0.02986370213329792,24.08009910583496,-179.8248291015625,174.98779296875,354.8126220703125,1.0135198831558228,0,0,0,0
sub-014,sub-014_ses-01_task-WorkingMemory_run-3_eeg.set,1000.0,36,CH36,-0.08680833876132965,25.71551513671875,-156.8603515625,215.2252197265625,372.0855712890625,1.0823537111282349,0,0,0,0
sub-014,sub-014_ses-01_task-WorkingMemory_run-3_eeg.set,1000.0,37,CH37,-4.6153388023376465,24.157194137573242,-181.15234375,186.58447265625,367.73681640625,1.016764760017395,0,0,0,0
sub-014,sub-014_ses-01_task-WorkingMemory_run-3_eeg.set,1000.0,38,CH38,-7.6383466720581055,19.06180763244629,-146.4996337890625,170.95947265625,317.4591064453125,0.802302360534668,0,0,0,0
sub-014,sub-014_ses-01_task-WorkingMemory_run-3_eeg.set,1000.0,39,CH39,-26.411949157714844,18.693422317504883,-189.5599365234375,154.296875,343.8568115234375,0.7867972254753113,0,0,0,0
sub-014,sub-014_ses-01_task-WorkingMemory_run-3_eeg.set,1000.0,40,CH40,12.970980644226074,25.63886070251465,-216.6748046875,227.630615234375,444.305419921875,1.0791274309158325,0,0,0,0
sub-014,sub-014_ses-01_task-WorkingMemory_run-3_eeg.set,1000.0,41,CH41,2.655500888824463,23.1556339263916,-236.907958984375,187.2711181640625,424.1790771484375,0.9746095538139343,0,0,0,0
sub-014,sub-014_ses-01_task-WorkingMemory_run-3_eeg.set,1000.0,42,CH42,7.741523265838623,19.196550369262695,-213.37890625,189.178466796875,402.557373046875,0.8079736232757568,0,0,0,0
sub-014,sub-014_ses-01_task-WorkingMemory_run-3_eeg.set,1000.0,43,CH43,-18.337459564208984,32.55601119995117,-225.28076171875,300.933837890625,526.214599609375,1.3702669143676758,0,0,0,0
sub-014,sub-014_ses-01_task-WorkingMemory_run-3_eeg.set,1000.0,44,CH44,13.36246395111084,24.316532135009766,-197.08251953125,172.4700927734375,369.5526123046875,1.0234712362289429,0,0,0,0
sub-014,sub-014_ses-01_task-WorkingMemory_run-3_eeg.set,1000.0,45,CH45,7.960601806640625,23.55572509765625,-196.6400146484375,213.3026123046875,409.942626953125,0.9914491772651672,0,0,0,0
sub-014,sub-014_ses-01_task-WorkingMemory_run-3_eeg.set,1000.0,46,CH46,-7.054847717285156,20.351884841918945,-195.953369140625,153.0914306640625,349.0447998046875,0.8566011190414429,0,0,0,0
sub-014,sub-014_ses-01_task-WorkingMemory_run-3_eeg.set,1000.0,47,CH47,-17.98221778869629,18.24362564086914,-168.853759765625,160.0189208984375,328.8726806640625,0.7678654789924622,0,0,0,0
sub-014,sub-014_ses-01_task-WorkingMemory_run-3_eeg.set,1000.0,48,CH48,-6.595616340637207,17.247438430786133,-149.993896484375,165.924072265625,315.91796875,0.7259364128112793,0,0,0,0
sub-014,sub-014_ses-01_task-WorkingMemory_run-3_eeg.set,1000.0,49,CH49,-2.0040228366851807,17.427589416503906,-146.453857421875,173.6297607421875,320.0836181640625,0.7335188984870911,0,0,0,0
sub-014,sub-014_ses-01_task-WorkingMemory_run-3_eeg.set,1000.0,50,CH50,-25.325471878051758,51.9307746887207,-214.324951171875,133.2550048828125,347.5799560546875,2.185741424560547,0,0,0,0
sub-014,sub-014_ses-01_task-WorkingMemory_run-3_eeg.set,1000.0,51,CH51,-20.9533748626709,17.170820236206055,-232.6812744140625,156.06689453125,388.7481689453125,0.7227116227149963,0,0,0,0
sub-014,sub-014_ses-01_task-WorkingMemory_run-3_eeg.set,1000.0,52,CH52,17.88507843017578,17.917104721069336,-204.010009765625,205.596923828125,409.60693359375,0.7541223764419556,0,0,0,0
sub-014,sub-014_ses-01_task-WorkingMemory_run-3_eeg.set,1000.0,53,CH53,20.01868438720703,21.28131866455078,-218.353271484375,181.060791015625,399.4140625,0.8957205414772034,0,0,0,0
sub-014,sub-014_ses-01_task-WorkingMemory_run-3_eeg.set,1000.0,54,CH54,-56.864383697509766,21.44553565979004,-298.980712890625,101.2115478515625,400.1922607421875,0.9026323556900024,0,0,0,0
sub-014,sub-014_ses-01_task-WorkingMemory_run-3_eeg.set,1000.0,55,CH55,22.440242767333984,23.005170822143555,-168.7469482421875,239.4866943359375,408.233642578125,0.9682766199111938,0,0,0,0
sub-014,sub-014_ses-01_task-WorkingMemory_run-3_eeg.set,1000.0,56,CH56,2.0287182331085205,19.583999633789062,-206.573486328125,146.1181640625,352.691650390625,0.8242811560630798,0,0,0,0
sub-014,sub-014_ses-01_task-WorkingMemory_run-3_eeg.set,1000.0,57,CH57,-6.997413158416748,19.225553512573242,-162.4603271484375,157.7606201171875,320.220947265625,0.8091943264007568,0,0,0,0
sub-014,sub-014_ses-01_task-WorkingMemory_run-3_eeg.set,1000.0,58,CH58,-4.7425103187561035,19.104351043701172,-153.8543701171875,164.4439697265625,318.29833984375,0.8040930032730103,0,0,0,0
sub-014,sub-014_ses-01_task-WorkingMemory_run-3_eeg.set,1000.0,59,CH59,-2.2980704307556152,19.08806800842285,-148.74267578125,167.7703857421875,316.5130615234375,0.8034076690673828,0,0,0,0
sub-014,sub-014_ses-01_task-WorkingMemory_run-3_eeg.set,1000.0,60,CH60,-8.603348731994629,19.6280460357666,-280.426025390625,308.807373046875,589.2333984375,0.8261350393295288,0,0,0,0
sub-014,sub-014_ses-01_task-WorkingMemory_run-3_eeg.set,1000.0,61,CH61,-13.4793701171875,26.70957374572754,-452.667236328125,165.0390625,617.706298828125,1.1241931915283203,0,0,0,0
sub-014,sub-014_ses-01_task-WorkingMemory_run-3_eeg.set,1000.0,62,CH62,-32.985755920410156,22.07379150390625,-237.4267578125,144.6075439453125,382.0343017578125,0.929075300693512,0,0,0,0
sub-014,sub-014_ses-01_task-WorkingMemory_run-3_eeg.set,1000.0,63,CH63,6.297974109649658,22.512279510498047,-207.58056640625,168.8995361328125,376.4801025390625,0.9475311040878296,0,0,0,0
sub-014,sub-014_ses-01_task-WorkingMemory_run-3_eeg.set,1000.0,64,CH64,-2.52938175201416,23.758882522583008,-188.507080078125,186.5997314453125,375.1068115234375,1.0,0,0,0,0
sub-014,sub-014_ses-01_task-WorkingMemory_run-3_eeg.set,1000.0,65,CH65,-26.51875114440918,19.652406692504883,-188.0035400390625,226.4251708984375,414.4287109375,0.8271604180335999,0,0,0,0
sub-014,sub-014_ses-01_task-WorkingMemory_run-3_eeg.set,1000.0,66,CH66,-14.373208999633789,31.670751571655273,-324.8443603515625,499.9847412109375,824.8291015625,1.333006739616394,0,2,0,0
sub-014,sub-014_ses-01_task-WorkingMemory_run-3_eeg.set,1000.0,67,CH67,22.656885147094727,21.144392013549805,-187.896728515625,291.6717529296875,479.5684814453125,0.8899573683738708,0,0,0,0
sub-014,sub-014_ses-01_task-WorkingMemory_run-3_eeg.set,1000.0,68,CH68,3.714491367340088,14.09962272644043,-195.465087890625,242.73681640625,438.201904296875,0.5934463739395142,0,0,0,0
sub-014,sub-014_ses-01_task-WorkingMemory_run-3_eeg.set,1000.0,69,CH69,2.1837079524993896,13.212944984436035,-209.9151611328125,303.89404296875,513.8092041015625,0.5561265349388123,0,0,0,0
sub-018,sub-018_ses-01_task-WorkingMemory_run-1_eeg.set,500.0,1,CH1,6.791448593139648,25.467464447021484,-213.1195068359375,234.8785400390625,447.998046875,1.7070951461791992,0,0,0,0
sub-018,sub-018_ses-01_task-WorkingMemory_run-1_eeg.set,500.0,2,CH2,29.451807022094727,23.480724334716797,-151.85546875,233.33740234375,385.19287109375,1.573923110961914,0,0,0,0
sub-018,sub-018_ses-01_task-WorkingMemory_run-1_eeg.set,500.0,3,CH3,20.29327964782715,21.089387893676758,-171.875,222.137451171875,394.012451171875,1.413630723953247,0,0,0,0
sub-018,sub-018_ses-01_task-WorkingMemory_run-1_eeg.set,500.0,4,CH4,15.672595024108887,23.24709701538086,-258.72802734375,212.34130859375,471.0693359375,1.5582629442214966,0,0,0,0
sub-018,sub-018_ses-01_task-WorkingMemory_run-1_eeg.set,500.0,5,CH5,20.140668869018555,19.820825576782227,-216.8731689453125,171.0205078125,387.8936767578125,1.3285984992980957,0,0,0,0
sub-018,sub-018_ses-01_task-WorkingMemory_run-1_eeg.set,500.0,6,CH6,22.13825035095215,17.920618057250977,-63.446044921875,158.75244140625,222.198486328125,1.2012267112731934,0,0,0,0
sub-018,sub-018_ses-01_task-WorkingMemory_run-1_eeg.set,500.0,7,CH7,0.5932452082633972,17.87749671936035,-111.0382080078125,143.157958984375,254.1961669921875,1.1983363628387451,0,0,0,0
sub-018,sub-018_ses-01_task-WorkingMemory_run-1_eeg.set,500.0,8,CH8,10.705187797546387,19.824710845947266,-221.588134765625,205.99365234375,427.581787109375,1.3288588523864746,0,0,0,0
sub-018,sub-018_ses-01_task-WorkingMemory_run-1_eeg.set,500.0,9,CH9,6.839442253112793,15.60929012298584,-177.734375,160.675048828125,338.409423828125,1.0462974309921265,0,0,0,0
sub-018,sub-018_ses-01_task-WorkingMemory_run-1_eeg.set,500.0,10,CH10,8.345282554626465,16.710893630981445,-112.5640869140625,192.6422119140625,305.206298828125,1.12013840675354,0,0,0,0
sub-018,sub-018_ses-01_task-WorkingMemory_run-1_eeg.set,500.0,11,CH11,15.929668426513672,17.375473022460938,-93.0633544921875,227.2186279296875,320.281982421875,1.1646854877471924,0,0,0,0
sub-018,sub-018_ses-01_task-WorkingMemory_run-1_eeg.set,500.0,12,CH12,25.335418701171875,16.389158248901367,-98.876953125,199.8748779296875,298.7518310546875,1.0985723733901978,0,0,0,0
sub-018,sub-018_ses-01_task-WorkingMemory_run-1_eeg.set,500.0,13,CH13,3.7257206439971924,16.543062210083008,-115.386962890625,172.36328125,287.750244140625,1.1088886260986328,0,0,0,0
sub-018,sub-018_ses-01_task-WorkingMemory_run-1_eeg.set,500.0,14,CH14,3.059129476547241,16.308937072753906,-116.1346435546875,165.191650390625,281.3262939453125,1.0931950807571411,0,0,0,0
sub-018,sub-018_ses-01_task-WorkingMemory_run-1_eeg.set,500.0,15,CH15,-2.948734998703003,15.7821044921875,-90.362548828125,100.76904296875,191.131591796875,1.057881236076355,0,0,0,0
sub-018,sub-018_ses-01_task-WorkingMemory_run-1_eeg.set,500.0,16,CH16,10.89095401763916,15.553961753845215,-71.6552734375,113.5711669921875,185.2264404296875,1.042588710784912,0,0,0,0
sub-018,sub-018_ses-01_task-WorkingMemory_run-1_eeg.set,500.0,17,CH17,6.026435375213623,15.330914497375488,-192.169189453125,114.593505859375,306.7626953125,1.0276378393173218,0,0,0,0
sub-018,sub-018_ses-01_task-WorkingMemory_run-1_eeg.set,500.0,18,CH18,7.690359115600586,15.266008377075195,-156.31103515625,131.2255859375,287.53662109375,1.0232871770858765,0,0,0,0
sub-018,sub-018_ses-01_task-WorkingMemory_run-1_eeg.set,500.0,19,CH19,19.26725196838379,14.988042831420898,-84.7320556640625,135.2691650390625,220.001220703125,1.0046550035476685,0,0,0,0
sub-018,sub-018_ses-01_task-WorkingMemory_run-1_eeg.set,500.0,20,CH20,17.748764038085938,14.804073333740234,-242.85888671875,241.8670654296875,484.7259521484375,0.9923233985900879,0,0,0,0
sub-018,sub-018_ses-01_task-WorkingMemory_run-1_eeg.set,500.0,21,CH21,23.644866943359375,15.123753547668457,-500.0,204.1473388671875,704.1473388671875,1.013751745223999,1,0,0,0
sub-018,sub-018_ses-01_task-WorkingMemory_run-1_eeg.set,500.0,22,CH22,13.839330673217773,15.065125465393066,-241.27197265625,413.543701171875,654.815673828125,1.009821891784668,0,0,0,0
sub-018,sub-018_ses-01_task-WorkingMemory_run-1_eeg.set,500.0,23,CH23,9.299055099487305,15.452250480651855,-143.310546875,314.8040771484375,458.1146240234375,1.0357710123062134,0,0,0,0
sub-018,sub-018_ses-01_task-WorkingMemory_run-1_eeg.set,500.0,24,CH24,9.07862377166748,15.836956977844238,-103.5003662109375,223.20556640625,326.7059326171875,1.0615580081939697,0,0,0,0
sub-018,sub-018_ses-01_task-WorkingMemory_run-1_eeg.set,500.0,25,CH25,19.75016975402832,16.063587188720703,-63.690185546875,146.575927734375,210.26611328125,1.0767492055892944,0,0,0,0
sub-018,sub-018_ses-01_task-WorkingMemory_run-1_eeg.set,500.0,26,CH26,23.63131332397461,15.391425132751465,-58.04443359375,130.706787109375,188.751220703125,1.0316938161849976,0,0,0,0
sub-018,sub-018_ses-01_task-WorkingMemory_run-1_eeg.set,500.0,27,CH27,11.994179725646973,14.686135292053223,-66.802978515625,121.368408203125,188.17138671875,0.9844179749488831,0,0,0,0
sub-018,sub-018_ses-01_task-WorkingMemory_run-1_eeg.set,500.0,28,CH28,9.45316219329834,13.900815963745117,-71.3043212890625,193.634033203125,264.9383544921875,0.9317776560783386,0,0,0,0
sub-018,sub-018_ses-01_task-WorkingMemory_run-1_eeg.set,500.0,29,CH29,7.8189005851745605,12.754643440246582,-91.2017822265625,150.6500244140625,241.851806640625,0.8549492359161377,0,0,0,0
sub-018,sub-018_ses-01_task-WorkingMemory_run-1_eeg.set,500.0,30,CH30,28.737051010131836,12.219635009765625,-77.7130126953125,135.07080078125,212.7838134765625,0.8190873861312866,0,0,0,0
sub-018,sub-018_ses-01_task-WorkingMemory_run-1_eeg.set,500.0,31,CH31,12.900911331176758,14.17912769317627,-359.3292236328125,151.8707275390625,511.199951171875,0.9504330158233643,0,0,0,0
sub-018,sub-018_ses-01_task-WorkingMemory_run-1_eeg.set,500.0,32,CH32,1.0949161052703857,14.268136978149414,-235.8245849609375,378.692626953125,614.5172119140625,0.9563993811607361,0,0,0,0
sub-018,sub-018_ses-01_task-WorkingMemory_run-1_eeg.set,500.0,33,CH33,-14.007991790771484,14.582379341125488,-199.310302734375,317.8253173828125,517.1356201171875,0.9774631857872009,0,0,0,0
sub-018,sub-018_ses-01_task-WorkingMemory_run-1_eeg.set,500.0,34,CH34,5.7402849197387695,14.918597221374512,-82.3211669921875,204.28466796875,286.6058349609375,1.0,0,0,0,0
sub-018,sub-018_ses-01_task-WorkingMemory_run-1_eeg.set,500.0,35,CH35,21.2438907623291,15.368194580078125,-54.931640625,151.4892578125,206.4208984375,1.0301367044448853,0,0,0,0
sub-018,sub-018_ses-01_task-WorkingMemory_run-1_eeg.set,500.0,36,CH36,20.612937927246094,16.943037033081055,-65.826416015625,160.888671875,226.715087890625,1.1356990337371826,0,0,0,0
sub-018,sub-018_ses-01_task-WorkingMemory_run-1_eeg.set,500.0,37,CH37,19.518362045288086,15.186349868774414,-56.7169189453125,168.975830078125,225.6927490234375,1.0179475545883179,0,0,0,0
sub-018,sub-018_ses-01_task-WorkingMemory_run-1_eeg.set,500.0,38,CH38,20.113115310668945,12.604992866516113,-59.600830078125,287.200927734375,346.8017578125,0.8449181318283081,0,0,0,0
sub-018,sub-018_ses-01_task-WorkingMemory_run-1_eeg.set,500.0,39,CH39,7.317499160766602,11.881978988647461,-172.0428466796875,176.4373779296875,348.480224609375,0.7964541912078857,0,0,0,0
sub-018,sub-018_ses-01_task-WorkingMemory_run-1_eeg.set,500.0,40,CH40,11.39501953125,13.80076789855957,-60.6536865234375,135.9405517578125,196.59423828125,0.9250714182853699,0,0,0,0
sub-018,sub-018_ses-01_task-WorkingMemory_run-1_eeg.set,500.0,41,CH41,19.6143856048584,14.266890525817871,-314.88037109375,499.9847412109375,814.8651123046875,0.956315815448761,0,1,0,0
sub-018,sub-018_ses-01_task-WorkingMemory_run-1_eeg.set,500.0,42,CH42,13.213123321533203,14.037765502929688,-266.4337158203125,499.9847412109375,766.41845703125,0.9409574866294861,0,1,0,0
sub-018,sub-018_ses-01_task-WorkingMemory_run-1_eeg.set,500.0,43,CH43,0.40926048159599304,14.054238319396973,-156.0516357421875,351.6387939453125,507.6904296875,0.9420616626739502,0,0,0,0
sub-018,sub-018_ses-01_task-WorkingMemory_run-1_eeg.set,500.0,44,CH44,24.39752769470215,14.118535041809082,-65.582275390625,233.7493896484375,299.3316650390625,0.9463714957237244,0,0,0,0
sub-018,sub-018_ses-01_task-WorkingMemory_run-1_eeg.set,500.0,45,CH45,19.281875610351562,14.608126640319824,-52.1240234375,167.5262451171875,219.6502685546875,0.9791890382766724,0,0,0,0
sub-018,sub-018_ses-01_task-WorkingMemory_run-1_eeg.set,500.0,46,CH46,27.180889129638672,12.600114822387695,-48.553466796875,130.4931640625,179.046630859375,0.8445911407470703,0,0,0,0
sub-018,sub-018_ses-01_task-WorkingMemory_run-1_eeg.set,500.0,47,CH47,21.5644474029541,13.678183555603027,-63.629150390625,162.41455078125,226.043701171875,0.9168545603752136,0,0,0,0
sub-018,sub-018_ses-01_task-WorkingMemory_run-1_eeg.set,500.0,48,CH48,33.76506805419922,12.843297004699707,-48.03466796875,251.861572265625,299.896240234375,0.8608917593955994,0,0,0,0
sub-018,sub-018_ses-01_task-WorkingMemory_run-1_eeg.set,500.0,49,CH49,28.89130210876465,11.949262619018555,-58.7310791015625,205.8258056640625,264.556884765625,0.8009642362594604,0,0,0,0
sub-018,sub-018_ses-01_task-WorkingMemory_run-1_eeg.set,500.0,50,CH50,29.84697723388672,11.633857727050781,-65.338134765625,145.7366943359375,211.0748291015625,0.7798224687576294,0,0,0,0
sub-018,sub-018_ses-01_task-WorkingMemory_run-1_eeg.set,500.0,51,CH51,14.161151885986328,12.865045547485352,-107.2845458984375,360.7635498046875,468.048095703125,0.8623495697975159,0,0,0,0
sub-018,sub-018_ses-01_task-WorkingMemory_run-1_eeg.set,500.0,52,CH52,33.57992935180664,13.647306442260742,-81.23779296875,341.400146484375,422.637939453125,0.914784848690033,0,0,0,0
sub-018,sub-018_ses-01_task-WorkingMemory_run-1_eeg.set,500.0,53,CH53,16.462289810180664,13.753206253051758,-75.1800537109375,254.8675537109375,330.047607421875,0.9218833446502686,0,0,0,0
sub-018,sub-018_ses-01_task-WorkingMemory_run-1_eeg.set,500.0,54,CH54,22.443710327148438,14.093457221984863,-53.6346435546875,186.0198974609375,239.654541015625,0.9446905255317688,0,0,0,0
sub-018,sub-018_ses-01_task-WorkingMemory_run-1_eeg.set,500.0,55,CH55,21.839296340942383,14.086294174194336,-48.919677734375,138.2598876953125,187.1795654296875,0.9442103505134583,0,0,0,0
sub-018,sub-018_ses-01_task-WorkingMemory_run-1_eeg.set,500.0,56,CH56,38.82350158691406,16.387256622314453,-72.357177734375,153.2440185546875,225.6011962890625,1.0984448194503784,0,0,0,0
sub-018,sub-018_ses-01_task-WorkingMemory_run-1_eeg.set,500.0,57,CH57,27.470012664794922,17.14099884033203,-94.4366455078125,154.9072265625,249.3438720703125,1.1489685773849487,0,0,0,0
sub-018,sub-018_ses-01_task-WorkingMemory_run-1_eeg.set,500.0,58,CH58,12.591249465942383,16.99825668334961,-107.757568359375,133.2550048828125,241.0125732421875,1.1394004821777344,0,0,0,0
sub-018,sub-018_ses-01_task-WorkingMemory_run-1_eeg.set,500.0,59,CH59,24.00958824157715,12.520129203796387,-60.1806640625,144.7906494140625,204.9713134765625,0.8392296433448792,0,0,0,0
sub-018,sub-018_ses-01_task-WorkingMemory_run-1_eeg.set,500.0,60,CH60,2.584036111831665,14.211374282836914,-79.681396484375,162.841796875,242.523193359375,0.952594518661499,0,0,0,0
sub-018,sub-018_ses-01_task-WorkingMemory_run-1_eeg.set,500.0,61,CH61,2.5443308353424072,13.672122955322266,-60.9130859375,188.995361328125,249.908447265625,0.9164482951164246,0,0,0,0
sub-018,sub-018_ses-01_task-WorkingMemory_run-1_eeg.set,500.0,62,CH62,18.244661331176758,14.382990837097168,-48.0804443359375,210.9375,259.0179443359375,0.9640980958938599,0,0,0,0
sub-018,sub-018_ses-01_task-WorkingMemory_run-1_eeg.set,500.0,63,CH63,14.812941551208496,14.760740280151367,-62.2100830078125,132.3394775390625,194.549560546875,0.9894188046455383,0,0,0,0
sub-018,sub-018_ses-01_task-WorkingMemory_run-1_eeg.set,500.0,64,CH64,18.222166061401367,169.05467224121094,-500.0,499.9847412109375,999.9847412109375,11.331807136535645,9440,9962,0,0
sub-018,sub-018_ses-01_task-WorkingMemory_run-1_eeg.set,500.0,65,CH65,16.695377349853516,39.25701141357422,-500.0,499.9847412109375,999.9847412109375,2.6314144134521484,694,50,0,0
sub-018,sub-018_ses-01_task-WorkingMemory_run-1_eeg.set,500.0,66,CH66,17.89786148071289,13.921767234802246,-73.9288330078125,136.077880859375,210.0067138671875,0.9331820607185364,0,0,0,0
sub-018,sub-018_ses-01_task-WorkingMemory_run-1_eeg.set,500.0,67,CH67,18.723609924316406,14.247159957885742,-45.71533203125,144.989013671875,190.704345703125,0.9549932479858398,0,0,0,0
sub-018,sub-018_ses-01_task-WorkingMemory_run-1_eeg.set,500.0,68,CH68,0.8170331716537476,14.281696319580078,-72.4334716796875,120.513916015625,192.9473876953125,0.9573082327842712,0,0,0,0
sub-018,sub-018_ses-01_task-WorkingMemory_run-1_eeg.set,500.0,69,CH69,17.027320861816406,16.595304489135742,-90.3778076171875,134.2926025390625,224.67041015625,1.112390398979187,0,0,0,0
sub-018,sub-018_ses-01_task-WorkingMemory_run-2_eeg.set,500.0,1,CH1,3.935155153274536,30.201934814453125,-358.673095703125,328.4912109375,687.164306640625,2.053205728530884,0,0,0,0
sub-018,sub-018_ses-01_task-WorkingMemory_run-2_eeg.set,500.0,2,CH2,25.934551239013672,28.042837142944336,-180.8013916015625,309.14306640625,489.9444580078125,1.906424641609192,0,0,0,0
sub-018,sub-018_ses-01_task-WorkingMemory_run-2_eeg.set,500.0,3,CH3,16.975488662719727,25.467350006103516,-172.2259521484375,280.9600830078125,453.18603515625,1.7313363552093506,0,0,0,0
sub-018,sub-018_ses-01_task-WorkingMemory_run-2_eeg.set,500.0,4,CH4,14.180573463439941,27.876876831054688,-354.8583984375,323.2421875,678.1005859375,1.8951421976089478,0,0,0,0
sub-018,sub-018_ses-01_task-WorkingMemory_run-2_eeg.set,500.0,5,CH5,15.287056922912598,22.00259017944336,-193.0999755859375,236.4501953125,429.5501708984375,1.4957929849624634,0,0,0,0
sub-018,sub-018_ses-01_task-WorkingMemory_run-2_eeg.set,500.0,6,CH6,22.132017135620117,19.76171112060547,-118.194580078125,204.742431640625,322.93701171875,1.3434522151947021,0,0,0,0
sub-018,sub-018_ses-01_task-WorkingMemory_run-2_eeg.set,500.0,7,CH7,-0.9671133160591125,19.578283309936523,-148.74267578125,164.73388671875,313.4765625,1.3309823274612427,0,0,0,0
sub-018,sub-018_ses-01_task-WorkingMemory_run-2_eeg.set,500.0,8,CH8,10.168644905090332,23.28369140625,-267.6849365234375,230.6060791015625,498.291015625,1.5828856229782104,0,0,0,0
sub-018,sub-018_ses-01_task-WorkingMemory_run-2_eeg.set,500.0,9,CH9,8.424593925476074,14.823847770690918,-116.1651611328125,144.4549560546875,260.6201171875,1.0077635049819946,0,0,0,0
sub-018,sub-018_ses-01_task-WorkingMemory_run-2_eeg.set,500.0,10,CH10,7.265801429748535,17.87687110900879,-183.5174560546875,170.3948974609375,353.912353515625,1.2153159379959106,0,0,0,0
sub-018,sub-018_ses-01_task-WorkingMemory_run-2_eeg.set,500.0,11,CH11,12.923344612121582,20.40534782409668,-200.86669921875,207.82470703125,408.69140625,1.387208342552185,0,0,0,0
sub-018,sub-018_ses-01_task-WorkingMemory_run-2_eeg.set,500.0,12,CH12,21.219985961914062,17.86178207397461,-180.23681640625,191.8792724609375,372.1160888671875,1.2142901420593262,0,0,0,0
sub-018,sub-018_ses-01_task-WorkingMemory_run-2_eeg.set,500.0,13,CH13,1.065224051475525,17.91850471496582,-196.2432861328125,169.2047119140625,365.447998046875,1.2181463241577148,0,0,0,0
sub-018,sub-018_ses-01_task-WorkingMemory_run-2_eeg.set,500.0,14,CH14,3.1723575592041016,17.544498443603516,-192.9473876953125,166.44287109375,359.3902587890625,1.1927204132080078,0,0,0,0
sub-018,sub-018_ses-01_task-WorkingMemory_run-2_eeg.set,500.0,15,CH15,-3.965189218521118,16.446212768554688,-127.9754638671875,121.39892578125,249.3743896484375,1.118056058883667,0,0,0,0
sub-018,sub-018_ses-01_task-WorkingMemory_run-2_eeg.set,500.0,16,CH16,9.405220031738281,16.60303497314453,-144.7296142578125,121.1700439453125,265.899658203125,1.128717303276062,0,0,0,0
sub-018,sub-018_ses-01_task-WorkingMemory_run-2_eeg.set,500.0,17,CH17,5.718743801116943,17.216064453125,-236.0382080078125,132.2479248046875,368.2861328125,1.170392632484436,0,0,0,0
sub-018,sub-018_ses-01_task-WorkingMemory_run-2_eeg.set,500.0,18,CH18,7.117953777313232,16.68425750732422,-380.5694580078125,166.6259765625,547.1954345703125,1.1342389583587646,0,0,0,0
sub-018,sub-018_ses-01_task-WorkingMemory_run-2_eeg.set,500.0,19,CH19,17.163494110107422,15.01723575592041,-184.234619140625,173.3856201171875,357.6202392578125,1.0209105014801025,0,0,0,0
sub-018,sub-018_ses-01_task-WorkingMemory_run-2_eeg.set,500.0,20,CH20,14.882113456726074,13.341529846191406,-127.2430419921875,159.088134765625,286.3311767578125,0.906991720199585,0,0,0,0
sub-018,sub-018_ses-01_task-WorkingMemory_run-2_eeg.set,500.0,21,CH21,19.40119171142578,14.519330978393555,-324.005126953125,175.384521484375,499.3896484375,0.9870616793632507,0,0,0,0
sub-018,sub-018_ses-01_task-WorkingMemory_run-2_eeg.set,500.0,22,CH22,11.636582374572754,14.67543888092041,-246.246337890625,320.1141357421875,566.3604736328125,0.997674286365509,0,0,0,0
sub-018,sub-018_ses-01_task-WorkingMemory_run-2_eeg.set,500.0,23,CH23,8.02005672454834,15.301132202148438,-159.48486328125,225.372314453125,384.857177734375,1.0402106046676636,0,0,0,0
sub-018,sub-018_ses-01_task-WorkingMemory_run-2_eeg.set,500.0,24,CH24,6.35722541809082,15.815871238708496,-127.3345947265625,158.111572265625,285.4461669921875,1.0752038955688477,0,0,0,0
sub-018,sub-018_ses-01_task-WorkingMemory_run-2_eeg.set,500.0,25,CH25,15.573119163513184,16.939435958862305,-87.5244140625,166.0308837890625,253.5552978515625,1.151586651802063,0,0,0,0
sub-018,sub-018_ses-01_task-WorkingMemory_run-2_eeg.set,500.0,26,CH26,23.997472763061523,15.857148170471191,-83.8775634765625,136.0321044921875,219.90966796875,1.0780099630355835,0,0,0,0
sub-018,sub-018_ses-01_task-WorkingMemory_run-2_eeg.set,500.0,27,CH27,12.425312042236328,15.129134178161621,-145.416259765625,142.791748046875,288.2080078125,1.028517723083496,0,0,0,0
sub-018,sub-018_ses-01_task-WorkingMemory_run-2_eeg.set,500.0,28,CH28,9.666024208068848,14.56015396118164,-299.5758056640625,267.27294921875,566.8487548828125,0.9898369312286377,0,0,0,0
sub-018,sub-018_ses-01_task-WorkingMemory_run-2_eeg.set,500.0,29,CH29,8.509777069091797,13.63988971710205,-342.620849609375,111.0992431640625,453.7200927734375,0.9272750020027161,0,0,0,0
sub-018,sub-018_ses-01_task-WorkingMemory_run-2_eeg.set,500.0,30,CH30,29.295143127441406,12.105124473571777,-114.959716796875,173.4466552734375,288.4063720703125,0.8229376673698425,0,0,0,0
sub-018,sub-018_ses-01_task-WorkingMemory_run-2_eeg.set,500.0,31,CH31,9.811972618103027,12.626938819885254,-238.6474609375,108.6883544921875,347.3358154296875,0.858411967754364,0,0,0,0
sub-018,sub-018_ses-01_task-WorkingMemory_run-2_eeg.set,500.0,32,CH32,-0.2719077467918396,13.858732223510742,-202.0721435546875,262.8631591796875,464.935302734375,0.9421524405479431,0,0,0,0
sub-018,sub-018_ses-01_task-WorkingMemory_run-2_eeg.set,500.0,33,CH33,-15.757380485534668,15.081438064575195,-157.012939453125,207.0465087890625,364.0594482421875,1.0252752304077148,0,0,0,0
sub-018,sub-018_ses-01_task-WorkingMemory_run-2_eeg.set,500.0,34,CH34,3.626631259918213,14.926098823547363,-85.51025390625,128.1585693359375,213.6688232421875,1.0147148370742798,0,0,0,0
sub-018,sub-018_ses-01_task-WorkingMemory_run-2_eeg.set,500.0,35,CH35,21.15189552307129,15.212234497070312,-55.9539794921875,109.832763671875,165.7867431640625,1.0341670513153076,0,0,0,0
sub-018,sub-018_ses-01_task-WorkingMemory_run-2_eeg.set,500.0,36,CH36,22.78460693359375,29.699323654174805,-254.6844482421875,214.2181396484375,468.902587890625,2.0190367698669434,0,0,0,0
sub-018,sub-018_ses-01_task-WorkingMemory_run-2_eeg.set,500.0,37,CH37,20.903921127319336,18.97340965270996,-119.0338134765625,164.398193359375,283.4320068359375,1.2898614406585693,0,0,0,0
sub-018,sub-018_ses-01_task-WorkingMemory_run-2_eeg.set,500.0,38,CH38,19.291404724121094,12.854838371276855,-244.0185546875,314.697265625,558.7158203125,0.8739051818847656,0,0,0,0
sub-018,sub-018_ses-01_task-WorkingMemory_run-2_eeg.set,500.0,39,CH39,6.34346866607666,11.868233680725098,-340.911865234375,170.318603515625,511.23046875,0.8068332076072693,0,0,0,0
sub-018,sub-018_ses-01_task-WorkingMemory_run-2_eeg.set,500.0,40,CH40,11.893548965454102,11.711297988891602,-87.0513916015625,207.5042724609375,294.5556640625,0.796164333820343,0,0,0,0
sub-018,sub-018_ses-01_task-WorkingMemory_run-2_eeg.set,500.0,41,CH41,20.067121505737305,12.592222213745117,-164.2913818359375,282.257080078125,446.5484619140625,0.8560518622398376,0,0,0,0
sub-018,sub-018_ses-01_task-WorkingMemory_run-2_eeg.set,500.0,42,CH42,11.97541618347168,13.262279510498047,-127.227783203125,277.740478515625,404.96826171875,0.9016040563583374,0,0,0,0
sub-018,sub-018_ses-01_task-WorkingMemory_run-2_eeg.set,500.0,43,CH43,0.44973281025886536,13.983494758605957,-98.20556640625,177.5970458984375,275.8026123046875,0.9506341218948364,0,0,0,0
sub-018,sub-018_ses-01_task-WorkingMemory_run-2_eeg.set,500.0,44,CH44,25.08157730102539,14.02925968170166,-72.7996826171875,127.8839111328125,200.68359375,0.9537453651428223,0,0,0,0
sub-018,sub-018_ses-01_task-WorkingMemory_run-2_eeg.set,500.0,45,CH45,18.956195831298828,15.877967834472656,-83.526611328125,124.57275390625,208.099365234375,1.07942533493042,0,0,0,0
sub-018,sub-018_ses-01_task-WorkingMemory_run-2_eeg.set,500.0,46,CH46,27.434316635131836,14.698060035705566,-83.3282470703125,142.9443359375,226.2725830078125,0.9992121458053589,0,0,0,0
sub-018,sub-018_ses-01_task-WorkingMemory_run-2_eeg.set,500.0,47,CH47,21.0513973236084,13.770926475524902,-93.3380126953125,126.983642578125,220.3216552734375,0.9361832141876221,0,0,0,0
sub-018,sub-018_ses-01_task-WorkingMemory_run-2_eeg.set,500.0,48,CH48,32.39225769042969,13.234498023986816,-128.3721923828125,186.4471435546875,314.8193359375,0.8997154235839844,0,0,0,0
sub-018,sub-018_ses-01_task-WorkingMemory_run-2_eeg.set,500.0,49,CH49,26.927722930908203,11.377053260803223,-108.7493896484375,142.08984375,250.8392333984375,0.7734414935112,0,0,0,0
sub-018,sub-018_ses-01_task-WorkingMemory_run-2_eeg.set,500.0,50,CH50,27.000471115112305,11.358992576599121,-63.17138671875,143.37158203125,206.54296875,0.7722136974334717,0,0,0,0
sub-018,sub-018_ses-01_task-WorkingMemory_run-2_eeg.set,500.0,51,CH51,14.219420433044434,11.929458618164062,-75.6683349609375,175.2777099609375,250.946044921875,0.8109954595565796,0,0,0,0
sub-018,sub-018_ses-01_task-WorkingMemory_run-2_eeg.set,500.0,52,CH52,26.141109466552734,13.563523292541504,-55.1300048828125,180.3436279296875,235.4736328125,0.9220833778381348,0,0,0,0
sub-018,sub-018_ses-01_task-WorkingMemory_run-2_eeg.set,500.0,53,CH53,16.679895401000977,13.968623161315918,-68.4661865234375,126.46484375,194.9310302734375,0.949623167514801,0,0,0,0
sub-018,sub-018_ses-01_task-WorkingMemory_run-2_eeg.set,500.0,54,CH54,21.511316299438477,14.43566608428955,-72.662353515625,109.7412109375,182.403564453125,0.9813739061355591,0,0,0,0
sub-018,sub-018_ses-01_task-WorkingMemory_run-2_eeg.set,500.0,55,CH55,21.423084259033203,14.101261138916016,-64.1632080078125,98.4344482421875,162.59765625,0.9586402177810669,0,0,0,0
sub-018,sub-018_ses-01_task-WorkingMemory_run-2_eeg.set,500.0,56,CH56,38.32899856567383,16.599946975708008,-62.8662109375,164.031982421875,226.898193359375,1.128507375717163,0,0,0,0
sub-018,sub-018_ses-01_task-WorkingMemory_run-2_eeg.set,500.0,57,CH57,29.20627212524414,14.159353256225586,-54.3365478515625,124.9542236328125,179.290771484375,0.96258944272995,0,0,0,0
sub-018,sub-018_ses-01_task-WorkingMemory_run-2_eeg.set,500.0,58,CH58,7.785698413848877,13.969655990600586,-79.1015625,102.1270751953125,181.2286376953125,0.9496933817863464,0,0,0,0
sub-018,sub-018_ses-01_task-WorkingMemory_run-2_eeg.set,500.0,59,CH59,20.960060119628906,12.575424194335938,-67.474365234375,143.798828125,211.273193359375,0.8549098968505859,0,0,0,0
sub-018,sub-018_ses-01_task-WorkingMemory_run-2_eeg.set,500.0,60,CH60,6.679372310638428,13.779184341430664,-167.755126953125,172.3480224609375,340.1031494140625,0.9367445707321167,0,0,0,0
sub-018,sub-018_ses-01_task-WorkingMemory_run-2_eeg.set,500.0,61,CH61,2.8308017253875732,13.600366592407227,-72.0367431640625,105.926513671875,177.9632568359375,0.9245880842208862,0,0,0,0
sub-018,sub-018_ses-01_task-WorkingMemory_run-2_eeg.set,500.0,62,CH62,10.094321250915527,14.42906665802002,-68.389892578125,130.859375,199.249267578125,0.9809252619743347,0,0,0,0
sub-018,sub-018_ses-01_task-WorkingMemory_run-2_eeg.set,500.0,63,CH63,15.136641502380371,15.497225761413574,-84.1064453125,135.7269287109375,219.8333740234375,1.0535415410995483,0,0,0,0
sub-018,sub-018_ses-01_task-WorkingMemory_run-2_eeg.set,500.0,64,CH64,16.61376953125,14.211567878723145,-62.4847412109375,108.82568359375,171.3104248046875,0.9661391377449036,0,0,0,0
sub-018,sub-018_ses-01_task-WorkingMemory_run-2_eeg.set,500.0,65,CH65,15.140870094299316,14.770797729492188,-62.9425048828125,144.22607421875,207.1685791015625,1.0041570663452148,0,0,0,0
sub-018,sub-018_ses-01_task-WorkingMemory_run-2_eeg.set,500.0,66,CH66,16.17572593688965,14.668598175048828,-51.2237548828125,172.882080078125,224.1058349609375,0.9972092509269714,0,0,0,0
sub-018,sub-018_ses-01_task-WorkingMemory_run-2_eeg.set,500.0,67,CH67,19.514074325561523,14.709649085998535,-66.2994384765625,124.3896484375,190.6890869140625,1.0,0,0,0,0
sub-018,sub-018_ses-01_task-WorkingMemory_run-2_eeg.set,500.0,68,CH68,1.7992957830429077,14.684889793395996,-89.9200439453125,103.69873046875,193.6187744140625,0.9983168244361877,0,0,0,0
sub-018,sub-018_ses-01_task-WorkingMemory_run-2_eeg.set,500.0,69,CH69,15.763957977294922,15.228436470031738,-78.3233642578125,124.725341796875,203.0487060546875,1.0352685451507568,0,0,0,0
sub-018,sub-018_ses-01_task-WorkingMemory_run-3_eeg.set,500.0,1,CH1,4.423786640167236,35.4659423828125,-189.056396484375,324.8748779296875,513.9312744140625,2.462714433670044,0,0,0,0
sub-018,sub-018_ses-01_task-WorkingMemory_run-3_eeg.set,500.0,2,CH2,24.61600112915039,31.230194091796875,-166.44287109375,311.767578125,478.21044921875,2.168588876724243,0,0,0,0
sub-018,sub-018_ses-01_task-WorkingMemory_run-3_eeg.set,500.0,3,CH3,16.152572631835938,29.015853881835938,-161.5753173828125,301.8798828125,463.4552001953125,2.0148277282714844,0,0,0,0
sub-018,sub-018_ses-01_task-WorkingMemory_run-3_eeg.set,500.0,4,CH4,14.741286277770996,31.225187301635742,-163.3148193359375,312.4237060546875,475.738525390625,2.168241262435913,0,0,0,0
sub-018,sub-018_ses-01_task-WorkingMemory_run-3_eeg.set,500.0,5,CH5,13.41806697845459,24.802867889404297,-123.7030029296875,257.8277587890625,381.53076171875,1.7222827672958374,0,0,0,0
sub-018,sub-018_ses-01_task-WorkingMemory_run-3_eeg.set,500.0,6,CH6,23.51411247253418,21.72123146057129,-97.4884033203125,234.2376708984375,331.72607421875,1.5082974433898926,0,0,0,0
sub-018,sub-018_ses-01_task-WorkingMemory_run-3_eeg.set,500.0,7,CH7,-1.35933256149292,21.890756607055664,-133.48388671875,220.2911376953125,353.7750244140625,1.5200690031051636,0,0,0,0
sub-018,sub-018_ses-01_task-WorkingMemory_run-3_eeg.set,500.0,8,CH8,10.741765975952148,27.142778396606445,-155.9906005859375,289.093017578125,445.0836181640625,1.884763479232788,0,0,0,0
sub-018,sub-018_ses-01_task-WorkingMemory_run-3_eeg.set,500.0,9,CH9,10.605036735534668,14.770140647888184,-104.7210693359375,131.77490234375,236.4959716796875,1.0256216526031494,0,0,0,0
sub-018,sub-018_ses-01_task-WorkingMemory_run-3_eeg.set,500.0,10,CH10,6.538311958312988,17.471437454223633,-98.7548828125,189.02587890625,287.78076171875,1.2131966352462769,0,0,0,0
sub-018,sub-018_ses-01_task-WorkingMemory_run-3_eeg.set,500.0,11,CH11,13.424118041992188,18.379438400268555,-96.74072265625,204.77294921875,301.513671875,1.2762471437454224,0,0,0,0
sub-018,sub-018_ses-01_task-WorkingMemory_run-3_eeg.set,500.0,12,CH12,20.34168243408203,17.904706954956055,-84.564208984375,203.0792236328125,287.6434326171875,1.2432823181152344,0,0,0,0
sub-018,sub-018_ses-01_task-WorkingMemory_run-3_eeg.set,500.0,13,CH13,0.5965773463249207,17.708887100219727,-105.5755615234375,181.610107421875,287.1856689453125,1.229684829711914,0,0,0,0
sub-018,sub-018_ses-01_task-WorkingMemory_run-3_eeg.set,500.0,14,CH14,3.7544052600860596,17.654537200927734,-99.79248046875,183.65478515625,283.447265625,1.2259107828140259,0,0,0,0
sub-018,sub-018_ses-01_task-WorkingMemory_run-3_eeg.set,500.0,15,CH15,-3.283050060272217,17.596614837646484,-106.93359375,172.2412109375,279.1748046875,1.221888780593872,0,0,0,0
sub-018,sub-018_ses-01_task-WorkingMemory_run-3_eeg.set,500.0,16,CH16,8.386492729187012,17.303451538085938,-93.9483642578125,187.1185302734375,281.06689453125,1.2015318870544434,0,0,0,0
sub-018,sub-018_ses-01_task-WorkingMemory_run-3_eeg.set,500.0,17,CH17,6.65708065032959,17.90104866027832,-104.644775390625,209.0911865234375,313.7359619140625,1.2430282831192017,0,0,0,0
sub-018,sub-018_ses-01_task-WorkingMemory_run-3_eeg.set,500.0,18,CH18,7.672502517700195,17.566055297851562,-116.39404296875,249.93896484375,366.3330078125,1.2197667360305786,0,0,0,0
sub-018,sub-018_ses-01_task-WorkingMemory_run-3_eeg.set,500.0,19,CH19,16.924942016601562,14.827849388122559,-100.2655029296875,147.369384765625,247.6348876953125,1.029628872871399,0,0,0,0
sub-018,sub-018_ses-01_task-WorkingMemory_run-3_eeg.set,500.0,20,CH20,14.764719009399414,11.74690055847168,-114.6087646484375,152.64892578125,267.2576904296875,0.8156912922859192,0,0,0,0
sub-018,sub-018_ses-01_task-WorkingMemory_run-3_eeg.set,500.0,21,CH21,18.51349639892578,13.576689720153809,-291.3360595703125,163.055419921875,454.3914794921875,0.9427497982978821,0,0,0,0
sub-018,sub-018_ses-01_task-WorkingMemory_run-3_eeg.set,500.0,22,CH22,11.991022109985352,14.410441398620605,-202.3162841796875,316.3604736328125,518.6767578125,1.000644564628601,0,0,0,0
sub-018,sub-018_ses-01_task-WorkingMemory_run-3_eeg.set,500.0,23,CH23,8.210381507873535,15.275063514709473,-122.314453125,238.1439208984375,360.4583740234375,1.0606828927993774,0,0,0,0
sub-018,sub-018_ses-01_task-WorkingMemory_run-3_eeg.set,500.0,24,CH24,6.2104105949401855,15.624765396118164,-88.2568359375,175.537109375,263.7939453125,1.0849658250808716,0,0,0,0
sub-018,sub-018_ses-01_task-WorkingMemory_run-3_eeg.set,500.0,25,CH25,14.449926376342773,16.287376403808594,-63.41552734375,150.45166015625,213.8671875,1.1309767961502075,0,0,0,0
sub-018,sub-018_ses-01_task-WorkingMemory_run-3_eeg.set,500.0,26,CH26,24.988264083862305,15.97175121307373,-55.6793212890625,169.43359375,225.1129150390625,1.1090600490570068,0,0,0,0
sub-018,sub-018_ses-01_task-WorkingMemory_run-3_eeg.set,500.0,27,CH27,12.863814353942871,15.275984764099121,-68.389892578125,160.736083984375,229.1259765625,1.0607469081878662,0,0,0,0
sub-018,sub-018_ses-01_task-WorkingMemory_run-3_eeg.set,500.0,28,CH28,9.699332237243652,14.406197547912598,-126.556396484375,208.404541015625,334.9609375,1.0003498792648315,0,0,0,0
sub-018,sub-018_ses-01_task-WorkingMemory_run-3_eeg.set,500.0,29,CH29,9.23389720916748,12.681378364562988,-126.9073486328125,175.6744384765625,302.581787109375,0.8805803656578064,0,0,0,0
sub-018,sub-018_ses-01_task-WorkingMemory_run-3_eeg.set,500.0,30,CH30,29.701528549194336,11.336316108703613,-90.9271240234375,116.790771484375,207.7178955078125,0.7871807813644409,0,0,0,0
sub-018,sub-018_ses-01_task-WorkingMemory_run-3_eeg.set,500.0,31,CH31,10.843493461608887,11.548063278198242,-256.7291259765625,98.32763671875,355.0567626953125,0.8018842935562134,0,0,0,0
sub-018,sub-018_ses-01_task-WorkingMemory_run-3_eeg.set,500.0,32,CH32,0.3113878071308136,12.736895561218262,-214.447021484375,257.5225830078125,471.9696044921875,0.8844354152679443,0,0,0,0
sub-018,sub-018_ses-01_task-WorkingMemory_run-3_eeg.set,500.0,33,CH33,-15.082928657531738,13.57036018371582,-168.8385009765625,191.83349609375,360.6719970703125,0.9423102736473083,0,0,0,0
sub-018,sub-018_ses-01_task-WorkingMemory_run-3_eeg.set,500.0,34,CH34,3.3989202976226807,14.686776161193848,-65.5364990234375,120.2239990234375,185.760498046875,1.0198328495025635,0,0,0,0
sub-018,sub-018_ses-01_task-WorkingMemory_run-3_eeg.set,500.0,35,CH35,21.46554946899414,15.544713973999023,-52.3223876953125,140.0909423828125,192.413330078125,1.0794070959091187,0,0,0,0
sub-018,sub-018_ses-01_task-WorkingMemory_run-3_eeg.set,500.0,36,CH36,24.633304595947266,19.205364227294922,-70.3125,138.519287109375,208.831787109375,1.3335984945297241,0,0,0,0
sub-018,sub-018_ses-01_task-WorkingMemory_run-3_eeg.set,500.0,37,CH37,21.424211502075195,14.779632568359375,-58.65478515625,149.9176025390625,208.5723876953125,1.0262807607650757,0,0,0,0
sub-018,sub-018_ses-01_task-WorkingMemory_run-3_eeg.set,500.0,38,CH38,19.021657943725586,12.925643920898438,-136.90185546875,225.7232666015625,362.6251220703125,0.897541880607605,0,0,0,0
sub-018,sub-018_ses-01_task-WorkingMemory_run-3_eeg.set,500.0,39,CH39,6.150147914886475,11.42383098602295,-154.8919677734375,149.8565673828125,304.74853515625,0.7932577133178711,0,0,0,0
sub-018,sub-018_ses-01_task-WorkingMemory_run-3_eeg.set,500.0,40,CH40,12.200936317443848,10.332645416259766,-56.1676025390625,79.559326171875,135.7269287109375,0.7174870371818542,0,0,0,0
sub-018,sub-018_ses-01_task-WorkingMemory_run-3_eeg.set,500.0,41,CH41,20.73679542541504,11.682835578918457,-211.7462158203125,398.1781005859375,609.92431640625,0.8112426996231079,0,0,0,0
sub-018,sub-018_ses-01_task-WorkingMemory_run-3_eeg.set,500.0,42,CH42,12.66368579864502,12.6560640335083,-171.295166015625,355.133056640625,526.42822265625,0.8788225650787354,0,0,0,0
sub-018,sub-018_ses-01_task-WorkingMemory_run-3_eeg.set,500.0,43,CH43,1.6703035831451416,13.381234169006348,-92.28515625,198.7762451171875,291.0614013671875,0.9291775822639465,0,0,0,0
sub-018,sub-018_ses-01_task-WorkingMemory_run-3_eeg.set,500.0,44,CH44,25.908506393432617,14.035141944885254,-47.30224609375,135.406494140625,182.708740234375,0.97458416223526,0,0,0,0
sub-018,sub-018_ses-01_task-WorkingMemory_run-3_eeg.set,500.0,45,CH45,19.820537567138672,15.887375831604004,-70.037841796875,119.537353515625,189.5751953125,1.103201150894165,0,0,0,0
sub-018,sub-018_ses-01_task-WorkingMemory_run-3_eeg.set,500.0,46,CH46,27.723217010498047,15.836382865905762,-122.314453125,92.1630859375,214.4775390625,1.0996602773666382,0,0,0,0
sub-018,sub-018_ses-01_task-WorkingMemory_run-3_eeg.set,500.0,47,CH47,20.057674407958984,14.16235065460205,-55.908203125,115.1580810546875,171.0662841796875,0.9834173917770386,0,0,0,0
sub-018,sub-018_ses-01_task-WorkingMemory_run-3_eeg.set,500.0,48,CH48,31.453187942504883,13.3687162399292,-73.8525390625,150.7110595703125,224.5635986328125,0.9283083081245422,0,0,0,0
sub-018,sub-018_ses-01_task-WorkingMemory_run-3_eeg.set,500.0,49,CH49,25.873126983642578,10.585468292236328,-106.5673828125,133.575439453125,240.142822265625,0.7350428104400635,0,0,0,0
sub-018,sub-018_ses-01_task-WorkingMemory_run-3_eeg.set,500.0,50,CH50,25.90073585510254,10.314892768859863,-74.7222900390625,114.2578125,188.9801025390625,0.7162543535232544,0,0,0,0
sub-018,sub-018_ses-01_task-WorkingMemory_run-3_eeg.set,500.0,51,CH51,14.34455394744873,11.227604866027832,-98.0377197265625,212.9974365234375,311.03515625,0.779632031917572,0,0,0,0
sub-018,sub-018_ses-01_task-WorkingMemory_run-3_eeg.set,500.0,52,CH52,22.194002151489258,12.923094749450684,-59.2803955078125,200.7598876953125,260.040283203125,0.8973649144172668,0,0,0,0
sub-018,sub-018_ses-01_task-WorkingMemory_run-3_eeg.set,500.0,53,CH53,17.272232055664062,13.496018409729004,-58.28857421875,146.6522216796875,204.9407958984375,0.9371480345726013,0,0,0,0
sub-018,sub-018_ses-01_task-WorkingMemory_run-3_eeg.set,500.0,54,CH54,22.52255630493164,14.046224594116211,-64.9566650390625,112.7166748046875,177.67333984375,0.9753537178039551,0,0,0,0
sub-018,sub-018_ses-01_task-WorkingMemory_run-3_eeg.set,500.0,55,CH55,20.452571868896484,14.401159286499023,-71.71630859375,94.0704345703125,165.7867431640625,1.0,0,0,0,0
sub-018,sub-018_ses-01_task-WorkingMemory_run-3_eeg.set,500.0,56,CH56,36.198055267333984,15.583837509155273,-68.4967041015625,121.1090087890625,189.605712890625,1.082123875617981,0,0,0,0
sub-018,sub-018_ses-01_task-WorkingMemory_run-3_eeg.set,500.0,57,CH57,27.704715728759766,14.308363914489746,-60.1348876953125,103.7750244140625,163.909912109375,0.9935563802719116,0,0,0,0
sub-018,sub-018_ses-01_task-WorkingMemory_run-3_eeg.set,500.0,58,CH58,5.123952388763428,14.235057830810547,-80.56640625,82.3974609375,162.9638671875,0.9884660840034485,0,0,0,0
sub-018,sub-018_ses-01_task-WorkingMemory_run-3_eeg.set,500.0,59,CH59,19.1612491607666,12.467011451721191,-71.807861328125,111.4349365234375,183.2427978515625,0.8656949996948242,0,0,0,0
sub-018,sub-018_ses-01_task-WorkingMemory_run-3_eeg.set,500.0,60,CH60,8.853114128112793,12.280974388122559,-57.0068359375,94.23828125,151.2451171875,0.8527767658233643,0,0,0,0
sub-018,sub-018_ses-01_task-WorkingMemory_run-3_eeg.set,500.0,61,CH61,3.893275260925293,12.997589111328125,-62.042236328125,109.9090576171875,171.9512939453125,0.9025377035140991,0,0,0,0
sub-018,sub-018_ses-01_task-WorkingMemory_run-3_eeg.set,500.0,62,CH62,7.32450532913208,13.371297836303711,-60.8978271484375,118.95751953125,179.8553466796875,0.9284875988960266,0,0,0,0
sub-018,sub-018_ses-01_task-WorkingMemory_run-3_eeg.set,500.0,63,CH63,15.450556755065918,14.281655311584473,-68.634033203125,90.3167724609375,158.9508056640625,0.9917017817497253,0,0,0,0
sub-018,sub-018_ses-01_task-WorkingMemory_run-3_eeg.set,500.0,64,CH64,18.47488021850586,14.381624221801758,-69.51904296875,167.54150390625,237.060546875,0.9986435174942017,0,0,0,0
sub-018,sub-018_ses-01_task-WorkingMemory_run-3_eeg.set,500.0,65,CH65,14.975624084472656,13.817456245422363,-63.201904296875,93.5516357421875,156.7535400390625,0.9594683051109314,0,0,0,0
sub-018,sub-018_ses-01_task-WorkingMemory_run-3_eeg.set,500.0,66,CH66,13.952898025512695,14.016518592834473,-55.938720703125,119.44580078125,175.384521484375,0.9732909798622131,0,0,0,0
sub-018,sub-018_ses-01_task-WorkingMemory_run-3_eeg.set,500.0,67,CH67,20.390594482421875,14.108114242553711,-54.2755126953125,103.5308837890625,157.806396484375,0.9796512722969055,0,0,0,0
sub-018,sub-018_ses-01_task-WorkingMemory_run-3_eeg.set,500.0,68,CH68,3.384139060974121,14.394655227661133,-75.653076171875,90.2557373046875,165.9088134765625,0.9995483756065369,0,0,0,0
sub-018,sub-018_ses-01_task-WorkingMemory_run-3_eeg.set,500.0,69,CH69,15.704154014587402,14.886027336120605,-64.3768310546875,103.7139892578125,168.0908203125,1.0336686372756958,0,0,0,0
sub-024,sub-024_ses-01_task-WorkingMemory_run-1_eeg.set,500.0,1,CH1,-6.138819694519043,63.40532302856445,-268.218994140625,451.446533203125,719.66552734375,2.7487661838531494,0,0,0,0
sub-024,sub-024_ses-01_task-WorkingMemory_run-1_eeg.set,500.0,2,CH2,-6.293875694274902,66.54205322265625,-282.379150390625,415.95458984375,698.333740234375,2.8847506046295166,0,0,0,0
sub-024,sub-024_ses-01_task-WorkingMemory_run-1_eeg.set,500.0,3,CH3,-9.287400245666504,66.14453125,-243.316650390625,395.7977294921875,639.1143798828125,2.8675172328948975,0,0,0,0
sub-024,sub-024_ses-01_task-WorkingMemory_run-1_eeg.set,500.0,4,CH4,-4.927891731262207,59.6853141784668,-274.7039794921875,427.154541015625,701.8585205078125,2.5874953269958496,0,0,0,0
sub-024,sub-024_ses-01_task-WorkingMemory_run-1_eeg.set,500.0,5,CH5,-7.287917613983154,38.73224639892578,-119.384765625,300.537109375,419.921875,1.6791317462921143,0,0,0,0
sub-024,sub-024_ses-01_task-WorkingMemory_run-1_eeg.set,500.0,6,CH6,15.156723022460938,32.85181427001953,-74.5086669921875,247.37548828125,321.8841552734375,1.424201488494873,0,0,0,0
sub-024,sub-024_ses-01_task-WorkingMemory_run-1_eeg.set,500.0,7,CH7,-22.814699172973633,34.8082160949707,-118.499755859375,189.8345947265625,308.3343505859375,1.5090160369873047,0,0,0,0
sub-024,sub-024_ses-01_task-WorkingMemory_run-1_eeg.set,500.0,8,CH8,-8.818449020385742,79.0972900390625,-349.30419921875,499.9847412109375,849.2889404296875,3.429049015045166,0,69,0,0
sub-024,sub-024_ses-01_task-WorkingMemory_run-1_eeg.set,500.0,9,CH9,-5.210826873779297,39.996864318847656,-205.810546875,196.2127685546875,402.0233154296875,1.7339558601379395,0,0,0,0
sub-024,sub-024_ses-01_task-WorkingMemory_run-1_eeg.set,500.0,10,CH10,-10.095052719116211,41.8424186706543,-215.8966064453125,243.377685546875,459.2742919921875,1.81396484375,0,0,0,0
sub-024,sub-024_ses-01_task-WorkingMemory_run-1_eeg.set,500.0,11,CH11,-11.262860298156738,40.69340515136719,-133.8958740234375,258.087158203125,391.9830322265625,1.7641525268554688,0,0,0,0
sub-024,sub-024_ses-01_task-WorkingMemory_run-1_eeg.set,500.0,12,CH12,11.869954109191895,30.733142852783203,-80.2154541015625,395.8587646484375,476.07421875,1.3323522806167603,0,0,0,0
sub-024,sub-024_ses-01_task-WorkingMemory_run-1_eeg.set,500.0,13,CH13,-21.960819244384766,32.98244857788086,-153.839111328125,139.0838623046875,292.9229736328125,1.4298648834228516,0,0,0,0
sub-024,sub-024_ses-01_task-WorkingMemory_run-1_eeg.set,500.0,14,CH14,-7.14700174331665,26.23249626159668,-112.945556640625,182.5103759765625,295.4559326171875,1.13723886013031,0,0,0,0
sub-024,sub-024_ses-01_task-WorkingMemory_run-1_eeg.set,500.0,15,CH15,-14.596522331237793,27.407262802124023,-98.5870361328125,130.9967041015625,229.583740234375,1.188167691230774,0,0,0,0
sub-024,sub-024_ses-01_task-WorkingMemory_run-1_eeg.set,500.0,16,CH16,-15.602559089660645,30.363054275512695,-108.642578125,165.3594970703125,274.0020751953125,1.3163080215454102,0,0,0,0
sub-024,sub-024_ses-01_task-WorkingMemory_run-1_eeg.set,500.0,17,CH17,-16.27410888671875,64.69561004638672,-183.319091796875,416.290283203125,599.609375,2.8047032356262207,0,0,0,0
sub-024,sub-024_ses-01_task-WorkingMemory_run-1_eeg.set,500.0,18,CH18,-10.588813781738281,66.08465576171875,-185.9283447265625,430.389404296875,616.3177490234375,2.8649215698242188,0,0,0,0
sub-024,sub-024_ses-01_task-WorkingMemory_run-1_eeg.set,500.0,19,CH19,-10.394329071044922,36.49351119995117,-183.6700439453125,154.8004150390625,338.470458984375,1.5820775032043457,0,0,0,0
sub-024,sub-024_ses-01_task-WorkingMemory_run-1_eeg.set,500.0,20,CH20,15.781457901000977,55.19720458984375,-192.657470703125,303.802490234375,496.4599609375,2.392925500869751,0,0,0,0
sub-024,sub-024_ses-01_task-WorkingMemory_run-1_eeg.set,500.0,21,CH21,7.515570640563965,36.2432746887207,-178.863525390625,183.685302734375,362.548828125,1.571229100227356,0,0,0,0
sub-024,sub-024_ses-01_task-WorkingMemory_run-1_eeg.set,500.0,22,CH22,-8.773959159851074,24.4471492767334,-137.4664306640625,198.028564453125,335.4949951171875,1.0598399639129639,0,0,0,0
sub-024,sub-024_ses-01_task-WorkingMemory_run-1_eeg.set,500.0,23,CH23,0.18747729063034058,24.390762329101562,-103.33251953125,294.586181640625,397.918701171875,1.057395577430725,0,0,0,0
sub-024,sub-024_ses-01_task-WorkingMemory_run-1_eeg.set,500.0,24,CH24,2.2625486850738525,24.668941497802734,-100.9674072265625,217.132568359375,318.0999755859375,1.0694552659988403,0,0,0,0
sub-024,sub-024_ses-01_task-WorkingMemory_run-1_eeg.set,500.0,25,CH25,9.34864616394043,23.066829681396484,-70.220947265625,156.890869140625,227.11181640625,1.0,0,0,0,0
sub-024,sub-024_ses-01_task-WorkingMemory_run-1_eeg.set,500.0,26,CH26,20.081073760986328,23.82039451599121,-59.1583251953125,143.280029296875,202.4383544921875,1.0326687097549438,0,0,0,0
sub-024,sub-024_ses-01_task-WorkingMemory_run-1_eeg.set,500.0,27,CH27,1.2087315320968628,33.45455551147461,-82.58056640625,196.8231201171875,279.4036865234375,1.4503318071365356,0,0,0,0
sub-024,sub-024_ses-01_task-WorkingMemory_run-1_eeg.set,500.0,28,CH28,2.591331720352173,30.060596466064453,-93.4906005859375,189.88037109375,283.3709716796875,1.303195834159851,0,0,0,0
sub-024,sub-024_ses-01_task-WorkingMemory_run-1_eeg.set,500.0,29,CH29,1.0333226919174194,39.88093566894531,-100.799560546875,270.93505859375,371.734619140625,1.728930115699768,0,0,0,0
sub-024,sub-024_ses-01_task-WorkingMemory_run-1_eeg.set,500.0,30,CH30,19.628978729248047,42.45172882080078,-79.620361328125,308.990478515625,388.61083984375,1.8403798341751099,0,0,0,0
sub-024,sub-024_ses-01_task-WorkingMemory_run-1_eeg.set,500.0,31,CH31,10.93028736114502,23.456674575805664,-80.9783935546875,131.6070556640625,212.58544921875,1.016900658607483,0,0,0,0
sub-024,sub-024_ses-01_task-WorkingMemory_run-1_eeg.set,500.0,32,CH32,-7.429091930389404,18.400794982910156,-136.53564453125,128.4637451171875,264.9993896484375,0.7977166771888733,0,0,0,0
sub-024,sub-024_ses-01_task-WorkingMemory_run-1_eeg.set,500.0,33,CH33,-18.83390998840332,17.388532638549805,-111.3128662109375,115.41748046875,226.7303466796875,0.7538328170776367,0,0,0,0
sub-024,sub-024_ses-01_task-WorkingMemory_run-1_eeg.set,500.0,34,CH34,-7.434147834777832,19.578384399414062,-110.3668212890625,110.137939453125,220.5047607421875,0.848767876625061,0,0,0,0
sub-024,sub-024_ses-01_task-WorkingMemory_run-1_eeg.set,500.0,35,CH35,9.121074676513672,19.335622787475586,-97.503662109375,93.017578125,190.521240234375,0.8382436037063599,0,0,0,0
sub-024,sub-024_ses-01_task-WorkingMemory_run-1_eeg.set,500.0,36,CH36,15.055949211120605,18.29037094116211,-62.835693359375,104.736328125,167.572021484375,0.7929295301437378,0,0,0,0
sub-024,sub-024_ses-01_task-WorkingMemory_run-1_eeg.set,500.0,37,CH37,13.32157039642334,19.682024002075195,-63.568115234375,114.6087646484375,178.1768798828125,0.8532609343528748,0,0,0,0
sub-024,sub-024_ses-01_task-WorkingMemory_run-1_eeg.set,500.0,38,CH38,21.331748962402344,16.828989028930664,-66.864013671875,99.1668701171875,166.0308837890625,0.7295752763748169,0,0,0,0
sub-024,sub-024_ses-01_task-WorkingMemory_run-1_eeg.set,500.0,39,CH39,0.7341442108154297,34.48980712890625,-183.2733154296875,113.5406494140625,296.81396484375,1.4952123165130615,0,0,0,0
sub-024,sub-024_ses-01_task-WorkingMemory_run-1_eeg.set,500.0,40,CH40,11.353775024414062,15.3582181930542,-88.348388671875,78.582763671875,166.93115234375,0.6658139824867249,0,0,0,0
sub-024,sub-024_ses-01_task-WorkingMemory_run-1_eeg.set,500.0,41,CH41,11.341276168823242,17.274959564208984,-110.748291015625,105.5450439453125,216.2933349609375,0.7489091157913208,0,0,0,0
sub-024,sub-024_ses-01_task-WorkingMemory_run-1_eeg.set,500.0,42,CH42,-1.6497389078140259,16.259355545043945,-117.3095703125,89.7216796875,207.03125,0.7048803567886353,0,0,0,0
sub-024,sub-024_ses-01_task-WorkingMemory_run-1_eeg.set,500.0,43,CH43,-22.208173751831055,17.507844924926758,-140.411376953125,70.2362060546875,210.6475830078125,0.7590052485466003,0,0,0,0
sub-024,sub-024_ses-01_task-WorkingMemory_run-1_eeg.set,500.0,44,CH44,5.571857452392578,19.795730590820312,-128.662109375,89.1876220703125,217.8497314453125,0.8581903576850891,0,0,0,0
sub-024,sub-024_ses-01_task-WorkingMemory_run-1_eeg.set,500.0,45,CH45,11.002129554748535,42.65841293334961,-159.0118408203125,230.46875,389.4805908203125,1.8493400812149048,0,0,0,0
sub-024,sub-024_ses-01_task-WorkingMemory_run-1_eeg.set,500.0,46,CH46,12.057750701904297,19.1927547454834,-90.8355712890625,93.3074951171875,184.14306640625,0.8320499658584595,0,0,0,0
sub-024,sub-024_ses-01_task-WorkingMemory_run-1_eeg.set,500.0,47,CH47,20.411117553710938,14.02815055847168,-48.6907958984375,83.953857421875,132.6446533203125,0.6081525087356567,0,0,0,0
sub-024,sub-024_ses-01_task-WorkingMemory_run-1_eeg.set,500.0,48,CH48,27.54120445251465,16.841028213500977,-110.0006103515625,81.756591796875,191.7572021484375,0.730097234249115,0,0,0,0
sub-024,sub-024_ses-01_task-WorkingMemory_run-1_eeg.set,500.0,49,CH49,34.13630676269531,35.94735336303711,-87.158203125,285.6292724609375,372.7874755859375,1.558400273323059,0,0,0,0
sub-024,sub-024_ses-01_task-WorkingMemory_run-1_eeg.set,500.0,50,CH50,21.903953552246094,21.11554718017578,-118.4844970703125,85.3271484375,203.8116455078125,0.9154074192047119,0,0,0,0
sub-024,sub-024_ses-01_task-WorkingMemory_run-1_eeg.set,500.0,51,CH51,-1.4703980684280396,16.112943649291992,-101.837158203125,68.0999755859375,169.9371337890625,0.6985330581665039,0,0,0,0
sub-024,sub-024_ses-01_task-WorkingMemory_run-1_eeg.set,500.0,52,CH52,10.3554105758667,19.126550674438477,-118.3624267578125,81.60400390625,199.9664306640625,0.8291798830032349,0,0,0,0
sub-024,sub-024_ses-01_task-WorkingMemory_run-1_eeg.set,500.0,53,CH53,14.292699813842773,20.805402755737305,-121.9024658203125,96.9085693359375,218.81103515625,0.9019619822502136,0,0,0,0
sub-024,sub-024_ses-01_task-WorkingMemory_run-1_eeg.set,500.0,54,CH54,18.426036834716797,19.65039825439453,-101.043701171875,98.7396240234375,199.7833251953125,0.8518898487091064,0,0,0,0
sub-024,sub-024_ses-01_task-WorkingMemory_run-1_eeg.set,500.0,55,CH55,17.207637786865234,19.8327693939209,-116.668701171875,90.728759765625,207.3974609375,0.8597960472106934,0,0,0,0
sub-024,sub-024_ses-01_task-WorkingMemory_run-1_eeg.set,500.0,56,CH56,36.447959899902344,18.14950180053711,-87.6007080078125,104.67529296875,192.2760009765625,0.7868225574493408,0,0,0,0
sub-024,sub-024_ses-01_task-WorkingMemory_run-1_eeg.set,500.0,57,CH57,32.18852996826172,13.936919212341309,-43.3807373046875,93.963623046875,137.3443603515625,0.6041974425315857,0,0,0,0
sub-024,sub-024_ses-01_task-WorkingMemory_run-1_eeg.set,500.0,58,CH58,3.9206902980804443,21.35607147216797,-137.87841796875,80.9173583984375,218.7957763671875,0.9258347153663635,0,0,0,0
sub-024,sub-024_ses-01_task-WorkingMemory_run-1_eeg.set,500.0,59,CH59,12.991448402404785,23.158470153808594,-138.5345458984375,96.923828125,235.4583740234375,1.0039727687835693,0,0,0,0
sub-024,sub-024_ses-01_task-WorkingMemory_run-1_eeg.set,500.0,60,CH60,-1.4200221300125122,17.8245849609375,-100.89111328125,77.484130859375,178.375244140625,0.772736668586731,0,0,0,0
sub-024,sub-024_ses-01_task-WorkingMemory_run-1_eeg.set,500.0,61,CH61,2.2311699390411377,19.18992042541504,-109.5123291015625,76.35498046875,185.8673095703125,0.8319270610809326,0,0,0,0
sub-024,sub-024_ses-01_task-WorkingMemory_run-1_eeg.set,500.0,62,CH62,0.28007400035858154,18.42390251159668,-112.7166748046875,89.5843505859375,202.301025390625,0.7987184524536133,0,0,0,0
sub-024,sub-024_ses-01_task-WorkingMemory_run-1_eeg.set,500.0,63,CH63,17.79131507873535,15.373303413391113,-70.068359375,85.968017578125,156.036376953125,0.6664679646492004,0,0,0,0
sub-024,sub-024_ses-01_task-WorkingMemory_run-1_eeg.set,500.0,64,CH64,16.915142059326172,16.108619689941406,-72.998046875,81.939697265625,154.937744140625,0.6983456015586853,0,0,0,0
sub-024,sub-024_ses-01_task-WorkingMemory_run-1_eeg.set,500.0,65,CH65,22.63279151916504,13.598556518554688,-59.0667724609375,69.1070556640625,128.173828125,0.5895286202430725,0,0,0,0
sub-024,sub-024_ses-01_task-WorkingMemory_run-1_eeg.set,500.0,66,CH66,23.600547790527344,12.933027267456055,-60.3485107421875,85.296630859375,145.6451416015625,0.5606763958930969,0,0,0,0
sub-024,sub-024_ses-01_task-WorkingMemory_run-1_eeg.set,500.0,67,CH67,15.363046646118164,16.19000816345215,-79.803466796875,93.07861328125,172.882080078125,0.7018740177154541,0,0,0,0
sub-024,sub-024_ses-01_task-WorkingMemory_run-1_eeg.set,500.0,68,CH68,12.431802749633789,16.721242904663086,-81.2835693359375,83.3587646484375,164.642333984375,0.7249042391777039,0,0,0,0
sub-024,sub-024_ses-01_task-WorkingMemory_run-1_eeg.set,500.0,69,CH69,19.116579055786133,20.874942779541016,-101.3336181640625,99.1973876953125,200.531005859375,0.9049766659736633,0,0,0,0
sub-024,sub-024_ses-01_task-WorkingMemory_run-2_eeg.set,500.0,1,CH1,-9.919349670410156,56.68611145019531,-364.105224609375,337.310791015625,701.416015625,2.060467481613159,0,0,0,0
sub-024,sub-024_ses-01_task-WorkingMemory_run-2_eeg.set,500.0,2,CH2,8.521580696105957,58.63675308227539,-330.9478759765625,349.4873046875,680.4351806640625,2.131370782852173,0,0,0,0
sub-024,sub-024_ses-01_task-WorkingMemory_run-2_eeg.set,500.0,3,CH3,-4.639725208282471,59.95181655883789,-345.8099365234375,331.573486328125,677.3834228515625,2.179171562194824,0,0,0,0
sub-024,sub-024_ses-01_task-WorkingMemory_run-2_eeg.set,500.0,4,CH4,-2.71854829788208,62.392704010009766,-340.1031494140625,325.3631591796875,665.46630859375,2.267894744873047,0,0,0,0
sub-024,sub-024_ses-01_task-WorkingMemory_run-2_eeg.set,500.0,5,CH5,-4.662632465362549,41.9492301940918,-258.6669921875,254.69970703125,513.36669921875,1.5248006582260132,0,0,0,0
sub-024,sub-024_ses-01_task-WorkingMemory_run-2_eeg.set,500.0,6,CH6,15.563618659973145,41.83510208129883,-200.592041015625,244.68994140625,445.281982421875,1.5206522941589355,0,0,0,0
sub-024,sub-024_ses-01_task-WorkingMemory_run-2_eeg.set,500.0,7,CH7,-15.500232696533203,42.95651626586914,-215.7745361328125,211.6546630859375,427.42919921875,1.5614142417907715,0,0,0,0
sub-024,sub-024_ses-01_task-WorkingMemory_run-2_eeg.set,500.0,8,CH8,-3.4586825370788574,110.39120483398438,-483.33740234375,453.2012939453125,936.5386962890625,4.01257848739624,0,0,0,0
sub-024,sub-024_ses-01_task-WorkingMemory_run-2_eeg.set,500.0,9,CH9,-4.234430313110352,32.076194763183594,-247.528076171875,140.2130126953125,387.7410888671875,1.1659284830093384,0,0,0,0
sub-024,sub-024_ses-01_task-WorkingMemory_run-2_eeg.set,500.0,10,CH10,-12.17686653137207,34.5157356262207,-256.04248046875,142.3492431640625,398.3917236328125,1.2546026706695557,0,0,0,0
sub-024,sub-024_ses-01_task-WorkingMemory_run-2_eeg.set,500.0,11,CH11,-5.146600723266602,28.370838165283203,-229.3243408203125,204.315185546875,433.6395263671875,1.0312435626983643,0,0,0,0
sub-024,sub-024_ses-01_task-WorkingMemory_run-2_eeg.set,500.0,12,CH12,13.656379699707031,43.40927505493164,-139.4195556640625,376.4190673828125,515.838623046875,1.5778714418411255,0,0,0,0
sub-024,sub-024_ses-01_task-WorkingMemory_run-2_eeg.set,500.0,13,CH13,-0.811703622341156,25.124576568603516,-200.1495361328125,127.2430419921875,327.392578125,0.9132460951805115,0,0,0,0
sub-024,sub-024_ses-01_task-WorkingMemory_run-2_eeg.set,500.0,14,CH14,-1.6116377115249634,26.91224479675293,-173.1109619140625,165.435791015625,338.5467529296875,0.978225588798523,0,0,0,0
sub-024,sub-024_ses-01_task-WorkingMemory_run-2_eeg.set,500.0,15,CH15,-15.546599388122559,26.676025390625,-213.8671875,145.7366943359375,359.6038818359375,0.9696393013000488,0,0,0,0
sub-024,sub-024_ses-01_task-WorkingMemory_run-2_eeg.set,500.0,16,CH16,-10.509857177734375,25.91616439819336,-202.1636962890625,133.60595703125,335.7696533203125,0.9420193433761597,0,0,0,0
sub-024,sub-024_ses-01_task-WorkingMemory_run-2_eeg.set,500.0,17,CH17,-11.696257591247559,57.06977081298828,-272.6898193359375,206.512451171875,479.2022705078125,2.0744128227233887,0,0,0,0
sub-024,sub-024_ses-01_task-WorkingMemory_run-2_eeg.set,500.0,18,CH18,-9.552066802978516,59.43937301635742,-280.1513671875,217.254638671875,497.406005859375,2.1605448722839355,0,0,0,0
sub-024,sub-024_ses-01_task-WorkingMemory_run-2_eeg.set,500.0,19,CH19,-3.218308687210083,39.49147415161133,-275.7415771484375,206.11572265625,481.8572998046875,1.4354643821716309,0,0,0,0
sub-024,sub-024_ses-01_task-WorkingMemory_run-2_eeg.set,500.0,20,CH20,-0.5327361822128296,28.416414260864258,-245.513916015625,119.7052001953125,365.2191162109375,1.0329002141952515,0,0,0,0
sub-024,sub-024_ses-01_task-WorkingMemory_run-2_eeg.set,500.0,21,CH21,4.034101486206055,28.46463966369629,-233.3526611328125,111.968994140625,345.3216552734375,1.0346530675888062,0,0,0,0
sub-024,sub-024_ses-01_task-WorkingMemory_run-2_eeg.set,500.0,22,CH22,1.4996516704559326,22.227991104125977,-209.0301513671875,124.359130859375,333.3892822265625,0.8079589605331421,0,0,0,0
sub-024,sub-024_ses-01_task-WorkingMemory_run-2_eeg.set,500.0,23,CH23,-1.314285397529602,27.939353942871094,-188.323974609375,394.71435546875,583.038330078125,1.0155596733093262,0,0,0,0
sub-024,sub-024_ses-01_task-WorkingMemory_run-2_eeg.set,500.0,24,CH24,1.3735419511795044,30.208444595336914,-161.19384765625,310.4705810546875,471.6644287109375,1.0980381965637207,0,0,0,0
sub-024,sub-024_ses-01_task-WorkingMemory_run-2_eeg.set,500.0,25,CH25,6.660048484802246,27.607547760009766,-122.00927734375,175.8270263671875,297.8363037109375,1.003498911857605,0,0,0,0
sub-024,sub-024_ses-01_task-WorkingMemory_run-2_eeg.set,500.0,26,CH26,11.742932319641113,22.448732376098633,-175.872802734375,122.74169921875,298.614501953125,0.8159826397895813,0,0,0,0
sub-024,sub-024_ses-01_task-WorkingMemory_run-2_eeg.set,500.0,27,CH27,2.2832295894622803,20.567607879638672,-163.26904296875,104.736328125,268.00537109375,0.7476061582565308,0,0,0,0
sub-024,sub-024_ses-01_task-WorkingMemory_run-2_eeg.set,500.0,28,CH28,-5.673044204711914,24.84450340270996,-208.740234375,143.402099609375,352.142333984375,0.9030658006668091,0,0,0,0
sub-024,sub-024_ses-01_task-WorkingMemory_run-2_eeg.set,500.0,29,CH29,-0.9575658440589905,23.262182235717773,-204.5440673828125,125.4425048828125,329.986572265625,0.8455504775047302,0,0,0,0
sub-024,sub-024_ses-01_task-WorkingMemory_run-2_eeg.set,500.0,30,CH30,19.546100616455078,20.990474700927734,-181.8084716796875,149.5208740234375,331.329345703125,0.7629768252372742,0,0,0,0
sub-024,sub-024_ses-01_task-WorkingMemory_run-2_eeg.set,500.0,31,CH31,-4.748887538909912,20.37921905517578,-202.850341796875,86.5325927734375,289.3829345703125,0.74075847864151,0,0,0,0
sub-024,sub-024_ses-01_task-WorkingMemory_run-2_eeg.set,500.0,32,CH32,-8.34758186340332,27.511287689208984,-170.440673828125,110.29052734375,280.731201171875,1.0,0,0,0,0
sub-024,sub-024_ses-01_task-WorkingMemory_run-2_eeg.set,500.0,33,CH33,-22.641578674316406,31.421960830688477,-158.4320068359375,115.2496337890625,273.681640625,1.1421478986740112,0,0,0,0
sub-024,sub-024_ses-01_task-WorkingMemory_run-2_eeg.set,500.0,34,CH34,-7.167941093444824,32.721675872802734,-142.7459716796875,143.9208984375,286.6668701171875,1.1893908977508545,0,0,0,0
sub-024,sub-024_ses-01_task-WorkingMemory_run-2_eeg.set,500.0,35,CH35,14.834884643554688,28.810361862182617,-115.4022216796875,150.146484375,265.5487060546875,1.0472196340560913,0,0,0,0
sub-024,sub-024_ses-01_task-WorkingMemory_run-2_eeg.set,500.0,36,CH36,11.289295196533203,24.47126579284668,-122.13134765625,136.3525390625,258.48388671875,0.8894991278648376,0,0,0,0
sub-024,sub-024_ses-01_task-WorkingMemory_run-2_eeg.set,500.0,37,CH37,5.450628757476807,20.061330795288086,-128.9520263671875,107.757568359375,236.7095947265625,0.7292036414146423,0,0,0,0
sub-024,sub-024_ses-01_task-WorkingMemory_run-2_eeg.set,500.0,38,CH38,8.623592376708984,19.43869400024414,-172.54638671875,110.198974609375,282.745361328125,0.7065715789794922,0,0,0,0
sub-024,sub-024_ses-01_task-WorkingMemory_run-2_eeg.set,500.0,39,CH39,-6.771001815795898,38.5327262878418,-250.48828125,95.001220703125,345.489501953125,1.4006150960922241,0,0,0,0
sub-024,sub-024_ses-01_task-WorkingMemory_run-2_eeg.set,500.0,40,CH40,4.437398433685303,19.600589752197266,-172.1038818359375,96.8017578125,268.9056396484375,0.7124562859535217,0,0,0,0
sub-024,sub-024_ses-01_task-WorkingMemory_run-2_eeg.set,500.0,41,CH41,14.362593650817871,24.096214294433594,-147.064208984375,129.119873046875,276.18408203125,0.8758664727210999,0,0,0,0
sub-024,sub-024_ses-01_task-WorkingMemory_run-2_eeg.set,500.0,42,CH42,3.747781991958618,25.632665634155273,-152.1148681640625,116.0888671875,268.2037353515625,0.9317144751548767,0,0,0,0
sub-024,sub-024_ses-01_task-WorkingMemory_run-2_eeg.set,500.0,43,CH43,-10.764503479003906,29.404022216796875,-166.656494140625,112.60986328125,279.266357421875,1.0687984228134155,0,0,0,0
sub-024,sub-024_ses-01_task-WorkingMemory_run-2_eeg.set,500.0,44,CH44,7.780390739440918,33.283912658691406,-154.937744140625,148.2696533203125,303.2073974609375,1.2098275423049927,0,0,0,0
sub-024,sub-024_ses-01_task-WorkingMemory_run-2_eeg.set,500.0,45,CH45,1.4855550527572632,34.94683074951172,-252.38037109375,146.270751953125,398.651123046875,1.2702724933624268,0,0,0,0
sub-024,sub-024_ses-01_task-WorkingMemory_run-2_eeg.set,500.0,46,CH46,2.9506564140319824,26.551116943359375,-135.31494140625,123.59619140625,258.9111328125,0.965099036693573,0,0,0,0
sub-024,sub-024_ses-01_task-WorkingMemory_run-2_eeg.set,500.0,47,CH47,14.927521705627441,22.916379928588867,-108.9019775390625,110.9466552734375,219.8486328125,0.8329809904098511,0,0,0,0
sub-024,sub-024_ses-01_task-WorkingMemory_run-2_eeg.set,500.0,48,CH48,20.266984939575195,16.47509765625,-170.41015625,94.23828125,264.6484375,0.5988486409187317,0,0,0,0
sub-024,sub-024_ses-01_task-WorkingMemory_run-2_eeg.set,500.0,49,CH49,12.411465644836426,16.660755157470703,-195.098876953125,81.268310546875,276.3671875,0.6055970788002014,0,0,0,0
sub-024,sub-024_ses-01_task-WorkingMemory_run-2_eeg.set,500.0,50,CH50,17.59076499938965,22.76056480407715,-205.963134765625,84.8846435546875,290.8477783203125,0.8273172974586487,0,0,0,0
sub-024,sub-024_ses-01_task-WorkingMemory_run-2_eeg.set,500.0,51,CH51,0.5315083861351013,21.84267234802246,-133.209228515625,111.236572265625,244.44580078125,0.7939531207084656,0,0,0,0
sub-024,sub-024_ses-01_task-WorkingMemory_run-2_eeg.set,500.0,52,CH52,18.799802780151367,25.528812408447266,-93.4295654296875,135.009765625,228.4393310546875,0.9279395937919617,0,0,0,0
sub-024,sub-024_ses-01_task-WorkingMemory_run-2_eeg.set,500.0,53,CH53,11.967527389526367,31.269987106323242,-162.90283203125,266.6015625,429.50439453125,1.1366238594055176,0,0,0,0
sub-024,sub-024_ses-01_task-WorkingMemory_run-2_eeg.set,500.0,54,CH54,16.946252822875977,28.663545608520508,-120.91064453125,201.7974853515625,322.7081298828125,1.041883111000061,0,0,0,0
sub-024,sub-024_ses-01_task-WorkingMemory_run-2_eeg.set,500.0,55,CH55,17.184171676635742,32.33309555053711,-188.2476806640625,194.854736328125,383.1024169921875,1.1752665042877197,0,0,0,0
sub-024,sub-024_ses-01_task-WorkingMemory_run-2_eeg.set,500.0,56,CH56,26.200422286987305,27.08464241027832,-100.6622314453125,141.78466796875,242.4468994140625,0.9844920039176941,0,0,0,0
sub-024,sub-024_ses-01_task-WorkingMemory_run-2_eeg.set,500.0,57,CH57,11.080363273620605,20.754478454589844,-106.87255859375,93.07861328125,199.951171875,0.7543986439704895,0,0,0,0
sub-024,sub-024_ses-01_task-WorkingMemory_run-2_eeg.set,500.0,58,CH58,-7.651465892791748,41.52565002441406,-221.8475341796875,93.902587890625,315.7501220703125,1.5094040632247925,0,0,0,0
sub-024,sub-024_ses-01_task-WorkingMemory_run-2_eeg.set,500.0,59,CH59,9.620176315307617,45.3121337890625,-211.3800048828125,115.447998046875,326.8280029296875,1.6470378637313843,0,0,0,0
sub-024,sub-024_ses-01_task-WorkingMemory_run-2_eeg.set,500.0,60,CH60,3.8208818435668945,17.433513641357422,-116.02783203125,90.8355712890625,206.8634033203125,0.633685827255249,0,0,0,0
sub-024,sub-024_ses-01_task-WorkingMemory_run-2_eeg.set,500.0,61,CH61,2.896378755569458,19.63233184814453,-90.728759765625,105.8349609375,196.563720703125,0.713610053062439,0,0,0,0
sub-024,sub-024_ses-01_task-WorkingMemory_run-2_eeg.set,500.0,62,CH62,2.0680902004241943,21.322118759155273,-99.5635986328125,78.1097412109375,177.67333984375,0.7750316262245178,0,0,0,0
sub-024,sub-024_ses-01_task-WorkingMemory_run-2_eeg.set,500.0,63,CH63,12.479795455932617,25.773914337158203,-107.208251953125,176.3916015625,283.599853515625,0.9368487000465393,0,0,0,0
sub-024,sub-024_ses-01_task-WorkingMemory_run-2_eeg.set,500.0,64,CH64,3.7467706203460693,23.725303649902344,-121.6278076171875,115.53955078125,237.1673583984375,0.8623843193054199,0,0,0,0
sub-024,sub-024_ses-01_task-WorkingMemory_run-2_eeg.set,500.0,65,CH65,6.269529819488525,21.258867263793945,-94.0704345703125,78.0029296875,172.0733642578125,0.7727325558662415,0,0,0,0
sub-024,sub-024_ses-01_task-WorkingMemory_run-2_eeg.set,500.0,66,CH66,2.4010329246520996,23.599613189697266,-123.4588623046875,98.1597900390625,221.61865234375,0.8578156232833862,0,0,0,0
sub-024,sub-024_ses-01_task-WorkingMemory_run-2_eeg.set,500.0,67,CH67,19.112459182739258,24.28921127319336,-109.43603515625,136.993408203125,246.429443359375,0.8828816413879395,0,0,0,0
sub-024,sub-024_ses-01_task-WorkingMemory_run-2_eeg.set,500.0,68,CH68,5.556440353393555,28.260725021362305,-121.7193603515625,468.7957763671875,590.51513671875,1.0272411108016968,0,0,0,0
sub-024,sub-024_ses-01_task-WorkingMemory_run-2_eeg.set,500.0,69,CH69,7.123379707336426,31.071453094482422,-105.682373046875,206.35986328125,312.042236328125,1.1294074058532715,0,0,0,0
sub-024,sub-024_ses-01_task-WorkingMemory_run-3_eeg.set,500.0,1,CH1,-7.092360973358154,58.876251220703125,-302.032470703125,383.1024169921875,685.1348876953125,2.5801472663879395,0,0,0,0
sub-024,sub-024_ses-01_task-WorkingMemory_run-3_eeg.set,500.0,2,CH2,13.179024696350098,61.55659866333008,-310.9283447265625,395.233154296875,706.1614990234375,2.697608709335327,0,0,0,0
sub-024,sub-024_ses-01_task-WorkingMemory_run-3_eeg.set,500.0,3,CH3,0.4734908640384674,64.08997344970703,-339.324951171875,388.85498046875,728.179931640625,2.808629274368286,0,0,0,0
sub-024,sub-024_ses-01_task-WorkingMemory_run-3_eeg.set,500.0,4,CH4,3.3765158653259277,55.22452163696289,-233.5968017578125,318.084716796875,551.6815185546875,2.420116662979126,0,0,0,0
sub-024,sub-024_ses-01_task-WorkingMemory_run-3_eeg.set,500.0,5,CH5,-1.1035586595535278,41.4974479675293,-232.5286865234375,234.9395751953125,467.46826171875,1.818552017211914,0,0,0,0
sub-024,sub-024_ses-01_task-WorkingMemory_run-3_eeg.set,500.0,6,CH6,18.15302276611328,39.312469482421875,-194.4580078125,232.2845458984375,426.7425537109375,1.7227991819381714,0,0,0,0
sub-024,sub-024_ses-01_task-WorkingMemory_run-3_eeg.set,500.0,7,CH7,-26.11496925354004,45.66325759887695,-215.2557373046875,226.4862060546875,441.741943359375,2.0011112689971924,0,0,0,0
sub-024,sub-024_ses-01_task-WorkingMemory_run-3_eeg.set,500.0,8,CH8,19.13026237487793,80.53305053710938,-270.7061767578125,499.9847412109375,770.69091796875,3.5292179584503174,0,22,0,0
sub-024,sub-024_ses-01_task-WorkingMemory_run-3_eeg.set,500.0,9,CH9,2.613804340362549,25.873252868652344,-128.662109375,116.363525390625,245.025634765625,1.1338493824005127,0,0,0,0
sub-024,sub-024_ses-01_task-WorkingMemory_run-3_eeg.set,500.0,10,CH10,-8.860772132873535,27.72353172302246,-146.8353271484375,107.2845458984375,254.119873046875,1.2149345874786377,0,0,0,0
sub-024,sub-024_ses-01_task-WorkingMemory_run-3_eeg.set,500.0,11,CH11,-0.3122653365135193,25.77842140197754,-160.82763671875,159.0118408203125,319.8394775390625,1.1296935081481934,0,0,0,0
sub-024,sub-024_ses-01_task-WorkingMemory_run-3_eeg.set,500.0,12,CH12,14.92435359954834,34.82749938964844,-165.0390625,241.302490234375,406.341552734375,1.526253342628479,0,0,0,0
sub-024,sub-024_ses-01_task-WorkingMemory_run-3_eeg.set,500.0,13,CH13,0.8862308859825134,23.876222610473633,-150.0091552734375,124.32861328125,274.3377685546875,1.0463330745697021,0,0,0,0
sub-024,sub-024_ses-01_task-WorkingMemory_run-3_eeg.set,500.0,14,CH14,-1.3159760236740112,25.500019073486328,-173.095703125,129.33349609375,302.42919921875,1.1174930334091187,0,0,0,0
sub-024,sub-024_ses-01_task-WorkingMemory_run-3_eeg.set,500.0,15,CH15,-15.466876029968262,26.158309936523438,-170.654296875,131.591796875,302.24609375,1.1463414430618286,0,0,0,0
sub-024,sub-024_ses-01_task-WorkingMemory_run-3_eeg.set,500.0,16,CH16,-5.630375862121582,22.409465789794922,-125.9765625,137.298583984375,263.275146484375,0.9820550680160522,0,0,0,0
sub-024,sub-024_ses-01_task-WorkingMemory_run-3_eeg.set,500.0,17,CH17,-4.670503616333008,44.233238220214844,-156.8756103515625,246.795654296875,403.6712646484375,1.9384431838989258,0,0,0,0
sub-024,sub-024_ses-01_task-WorkingMemory_run-3_eeg.set,500.0,18,CH18,-6.535299777984619,46.083717346191406,-168.5333251953125,251.15966796875,419.6929931640625,2.0195372104644775,0,0,0,0
sub-024,sub-024_ses-01_task-WorkingMemory_run-3_eeg.set,500.0,19,CH19,2.977407932281494,31.537452697753906,-125.091552734375,221.5576171875,346.649169921875,1.382072925567627,0,0,0,0
sub-024,sub-024_ses-01_task-WorkingMemory_run-3_eeg.set,500.0,20,CH20,5.1623921394348145,23.045352935791016,-120.0103759765625,99.8077392578125,219.818115234375,1.009921669960022,0,0,0,0
sub-024,sub-024_ses-01_task-WorkingMemory_run-3_eeg.set,500.0,21,CH21,7.163649082183838,22.818950653076172,-125.0,103.3172607421875,228.3172607421875,1.0,0,0,0,0
sub-024,sub-024_ses-01_task-WorkingMemory_run-3_eeg.set,500.0,22,CH22,6.171613693237305,18.32552146911621,-122.4822998046875,126.0986328125,248.5809326171875,0.8030834197998047,0,0,0,0
sub-024,sub-024_ses-01_task-WorkingMemory_run-3_eeg.set,500.0,23,CH23,5.186232566833496,23.549482345581055,-125.213623046875,166.8853759765625,292.0989990234375,1.03201425075531,0,0,0,0
sub-024,sub-024_ses-01_task-WorkingMemory_run-3_eeg.set,500.0,24,CH24,3.1317858695983887,25.52362823486328,-135.894775390625,130.8746337890625,266.7694091796875,1.1185276508331299,0,0,0,0
sub-024,sub-024_ses-01_task-WorkingMemory_run-3_eeg.set,500.0,25,CH25,7.575504302978516,24.533096313476562,-127.5787353515625,120.147705078125,247.7264404296875,1.0751193761825562,0,0,0,0
sub-024,sub-024_ses-01_task-WorkingMemory_run-3_eeg.set,500.0,26,CH26,17.342578887939453,19.1926326751709,-104.0802001953125,121.7803955078125,225.860595703125,0.8410830497741699,0,0,0,0
sub-024,sub-024_ses-01_task-WorkingMemory_run-3_eeg.set,500.0,27,CH27,5.42600679397583,18.201509475708008,-93.32275390625,106.6741943359375,199.9969482421875,0.7976488471031189,0,0,0,0
sub-024,sub-024_ses-01_task-WorkingMemory_run-3_eeg.set,500.0,28,CH28,-4.147780895233154,21.247350692749023,-113.5711669921875,146.636962890625,260.2081298828125,0.9311274290084839,0,0,0,0
sub-024,sub-024_ses-01_task-WorkingMemory_run-3_eeg.set,500.0,29,CH29,-0.08971356600522995,18.606660842895508,-93.0938720703125,109.6649169921875,202.7587890625,0.8154038786888123,0,0,0,0
sub-024,sub-024_ses-01_task-WorkingMemory_run-3_eeg.set,500.0,30,CH30,21.6502628326416,17.449054718017578,-59.1888427734375,113.9373779296875,173.126220703125,0.7646738290786743,0,0,0,0
sub-024,sub-024_ses-01_task-WorkingMemory_run-3_eeg.set,500.0,31,CH31,-0.9047912955284119,18.115026473999023,-82.1533203125,85.5712890625,167.724609375,0.7938588857650757,0,0,0,0
sub-024,sub-024_ses-01_task-WorkingMemory_run-3_eeg.set,500.0,32,CH32,-6.925598621368408,21.310497283935547,-110.809326171875,88.8519287109375,199.6612548828125,0.933894693851471,0,0,0,0
sub-024,sub-024_ses-01_task-WorkingMemory_run-3_eeg.set,500.0,33,CH33,-26.116857528686523,24.784034729003906,-124.81689453125,83.0230712890625,207.8399658203125,1.0861163139343262,0,0,0,0
sub-024,sub-024_ses-01_task-WorkingMemory_run-3_eeg.set,500.0,34,CH34,-4.208228588104248,26.300466537475586,-108.5662841796875,116.76025390625,225.3265380859375,1.152571201324463,0,0,0,0
sub-024,sub-024_ses-01_task-WorkingMemory_run-3_eeg.set,500.0,35,CH35,15.558195114135742,23.018035888671875,-88.6077880859375,119.9493408203125,208.55712890625,1.008724570274353,0,0,0,0
sub-024,sub-024_ses-01_task-WorkingMemory_run-3_eeg.set,500.0,36,CH36,12.631531715393066,21.33051872253418,-80.6121826171875,104.00390625,184.6160888671875,0.9347721338272095,0,0,0,0
sub-024,sub-024_ses-01_task-WorkingMemory_run-3_eeg.set,500.0,37,CH37,5.603703022003174,18.340435028076172,-83.3282470703125,88.5162353515625,171.844482421875,0.8037369847297668,0,0,0,0
sub-024,sub-024_ses-01_task-WorkingMemory_run-3_eeg.set,500.0,38,CH38,6.86803674697876,15.653388023376465,-78.91845703125,78.094482421875,157.012939453125,0.6859819293022156,0,0,0,0
sub-024,sub-024_ses-01_task-WorkingMemory_run-3_eeg.set,500.0,39,CH39,-6.669369697570801,25.353147506713867,-121.6278076171875,84.930419921875,206.5582275390625,1.1110566854476929,0,0,0,0
sub-024,sub-024_ses-01_task-WorkingMemory_run-3_eeg.set,500.0,40,CH40,2.9239139556884766,15.391674995422363,-75.469970703125,77.1636962890625,152.6336669921875,0.6745128035545349,0,0,0,0
sub-024,sub-024_ses-01_task-WorkingMemory_run-3_eeg.set,500.0,41,CH41,15.705517768859863,19.265771865844727,-69.5343017578125,106.5826416015625,176.116943359375,0.8442882299423218,0,0,0,0
sub-024,sub-024_ses-01_task-WorkingMemory_run-3_eeg.set,500.0,42,CH42,9.24984359741211,21.20953369140625,-75.3173828125,109.9395751953125,185.2569580078125,0.9294701814651489,0,0,0,0
sub-024,sub-024_ses-01_task-WorkingMemory_run-3_eeg.set,500.0,43,CH43,-3.950348138809204,23.837068557739258,-88.836669921875,111.4044189453125,200.2410888671875,1.0446171760559082,0,0,0,0
sub-024,sub-024_ses-01_task-WorkingMemory_run-3_eeg.set,500.0,44,CH44,19.76577377319336,25.60504722595215,-74.3865966796875,137.6190185546875,212.005615234375,1.1220957040786743,0,0,0,0
sub-024,sub-024_ses-01_task-WorkingMemory_run-3_eeg.set,500.0,45,CH45,8.550882339477539,25.630651473999023,-89.29443359375,125.2288818359375,214.5233154296875,1.1232178211212158,0,0,0,0
sub-024,sub-024_ses-01_task-WorkingMemory_run-3_eeg.set,500.0,46,CH46,9.839371681213379,21.345993041992188,-70.0836181640625,107.72705078125,177.8106689453125,0.9354502558708191,0,0,0,0
sub-024,sub-024_ses-01_task-WorkingMemory_run-3_eeg.set,500.0,47,CH47,14.162100791931152,19.49335479736328,-61.431884765625,98.968505859375,160.400390625,0.8542616367340088,0,0,0,0
sub-024,sub-024_ses-01_task-WorkingMemory_run-3_eeg.set,500.0,48,CH48,21.11018943786621,13.331696510314941,-50.6744384765625,80.6732177734375,131.34765625,0.5842379331588745,0,0,0,0
sub-024,sub-024_ses-01_task-WorkingMemory_run-3_eeg.set,500.0,49,CH49,18.20079231262207,12.529622077941895,-57.1441650390625,74.64599609375,131.7901611328125,0.5490884184837341,0,0,0,0
sub-024,sub-024_ses-01_task-WorkingMemory_run-3_eeg.set,500.0,50,CH50,15.903697967529297,14.649765968322754,-72.2503662109375,68.1610107421875,140.411376953125,0.6419999599456787,0,0,0,0
sub-024,sub-024_ses-01_task-WorkingMemory_run-3_eeg.set,500.0,51,CH51,4.2702507972717285,17.59419059753418,-68.1915283203125,91.156005859375,159.3475341796875,0.7710341811180115,0,0,0,0
sub-024,sub-024_ses-01_task-WorkingMemory_run-3_eeg.set,500.0,52,CH52,17.80921173095703,20.81246566772461,-73.272705078125,116.0430908203125,189.3157958984375,0.9120693802833557,0,0,0,0
sub-024,sub-024_ses-01_task-WorkingMemory_run-3_eeg.set,500.0,53,CH53,9.750822067260742,23.819578170776367,-85.26611328125,123.6114501953125,208.8775634765625,1.0438507795333862,0,0,0,0
sub-024,sub-024_ses-01_task-WorkingMemory_run-3_eeg.set,500.0,54,CH54,19.68413734436035,21.03639030456543,-56.915283203125,123.321533203125,180.23681640625,0.9218824505805969,0,0,0,0
sub-024,sub-024_ses-01_task-WorkingMemory_run-3_eeg.set,500.0,55,CH55,15.356874465942383,23.7655086517334,-72.08251953125,118.9422607421875,191.0247802734375,1.0414812564849854,0,0,0,0
sub-024,sub-024_ses-01_task-WorkingMemory_run-3_eeg.set,500.0,56,CH56,30.284217834472656,21.249629974365234,-51.849365234375,126.3580322265625,178.2073974609375,0.9312273263931274,0,0,0,0
sub-024,sub-024_ses-01_task-WorkingMemory_run-3_eeg.set,500.0,57,CH57,15.162683486938477,17.283287048339844,-72.81494140625,91.0491943359375,163.8641357421875,0.757409393787384,0,0,0,0
sub-024,sub-024_ses-01_task-WorkingMemory_run-3_eeg.set,500.0,58,CH58,-9.302164077758789,29.62506103515625,-123.931884765625,66.986083984375,190.91796875,1.2982656955718994,0,0,0,0
sub-024,sub-024_ses-01_task-WorkingMemory_run-3_eeg.set,500.0,59,CH59,9.108331680297852,32.07210922241211,-108.856201171875,91.6595458984375,200.5157470703125,1.405503273010254,0,0,0,0
sub-024,sub-024_ses-01_task-WorkingMemory_run-3_eeg.set,500.0,60,CH60,7.650843620300293,14.702038764953613,-81.1920166015625,86.3037109375,167.4957275390625,0.6442907452583313,0,0,0,0
sub-024,sub-024_ses-01_task-WorkingMemory_run-3_eeg.set,500.0,61,CH61,2.564039945602417,16.328716278076172,-86.517333984375,77.4688720703125,163.9862060546875,0.7155770063400269,0,0,0,0
sub-024,sub-024_ses-01_task-WorkingMemory_run-3_eeg.set,500.0,62,CH62,0.840191125869751,15.928567886352539,-88.0126953125,66.34521484375,154.35791015625,0.6980412006378174,0,0,0,0
sub-024,sub-024_ses-01_task-WorkingMemory_run-3_eeg.set,500.0,63,CH63,10.479711532592773,19.543245315551758,-74.127197265625,98.8922119140625,173.0194091796875,0.8564480543136597,0,0,0,0
sub-024,sub-024_ses-01_task-WorkingMemory_run-3_eeg.set,500.0,64,CH64,4.393136501312256,18.717453002929688,-82.977294921875,74.615478515625,157.5927734375,0.820259153842926,0,0,0,0
sub-024,sub-024_ses-01_task-WorkingMemory_run-3_eeg.set,500.0,65,CH65,4.374945640563965,18.9660701751709,-88.7603759765625,64.3310546875,153.0914306640625,0.8311543464660645,0,0,0,0
sub-024,sub-024_ses-01_task-WorkingMemory_run-3_eeg.set,500.0,66,CH66,1.1680750846862793,19.215383529663086,-71.0601806640625,80.50537109375,151.5655517578125,0.8420800566673279,0,0,0,0
sub-024,sub-024_ses-01_task-WorkingMemory_run-3_eeg.set,500.0,67,CH67,19.06498146057129,20.11669158935547,-81.54296875,85.174560546875,166.717529296875,0.881578266620636,0,0,0,0
sub-024,sub-024_ses-01_task-WorkingMemory_run-3_eeg.set,500.0,68,CH68,0.2119273543357849,21.322542190551758,-100.52490234375,80.6884765625,181.21337890625,0.9344225525856018,0,0,0,0
sub-024,sub-024_ses-01_task-WorkingMemory_run-3_eeg.set,500.0,69,CH69,6.920168399810791,23.189029693603516,-103.851318359375,70.037841796875,173.88916015625,1.0162180662155151,0,0,0,0
