channel_index,channel,std,peak_to_peak,robust_z_std,is_flat,is_extreme,subject,file,sampling_rate
0,FP1,39.62003707885742,191.94140625,0.36471641063690186,False,False,sub-001,sub-001_ses-01_task-WorkingMemory_run-1_eeg.set,250.0
1,FPZ,31.44171714782715,150.91575622558594,-0.48229891061782837,False,False,sub-001,sub-001_ses-01_task-WorkingMemory_run-1_eeg.set,250.0
2,FP2,26.02333641052246,120.14653015136719,-1.0434718132019043,False,False,sub-001,sub-001_ses-01_task-WorkingMemory_run-1_eeg.set,250.0
3,AF7,37.88759994506836,192.4298095703125,0.18529069423675537,False,False,sub-001,sub-001_ses-01_task-WorkingMemory_run-1_eeg.set,250.0
4,AF3,29.90138816833496,146.03175354003906,-0.6418282985687256,False,False,sub-001,sub-001_ses-01_task-WorkingMemory_run-1_eeg.set,250.0
5,AFZ,41.31483459472656,201.22100830078125,0.5402438044548035,False,False,sub-001,sub-001_ses-01_task-WorkingMemory_run-1_eeg.set,250.0
6,AF4,31.621007919311523,152.38095092773438,-0.4637300670146942,False,False,sub-001,sub-001_ses-01_task-WorkingMemory_run-1_eeg.set,250.0
7,AF8,27.34805679321289,127.9609375,-0.9062726497650146,False,False,sub-001,sub-001_ses-01_task-WorkingMemory_run-1_eeg.set,250.0
8,F9,25.931367874145508,123.56532287597656,-1.0529968738555908,False,False,sub-001,sub-001_ses-01_task-WorkingMemory_run-1_eeg.set,250.0
9,F7,27.31571388244629,130.40292358398438,-0.9096223711967468,False,False,sub-001,sub-001_ses-01_task-WorkingMemory_run-1_eeg.set,250.0
10,F5,37.04417419433594,189.010986328125,0.09793845564126968,False,False,sub-001,sub-001_ses-01_task-WorkingMemory_run-1_eeg.set,250.0
11,F3,28.72686004638672,135.2869415283203,-0.7634722590446472,False,False,sub-001,sub-001_ses-01_task-WorkingMemory_run-1_eeg.set,250.0
12,F1,26.14712142944336,121.61172485351562,-1.030651569366455,False,False,sub-001,sub-001_ses-01_task-WorkingMemory_run-1_eeg.set,250.0
13,FZ,34.04896545410156,173.87057495117188,-0.21227043867111206,False,False,sub-001,sub-001_ses-01_task-WorkingMemory_run-1_eeg.set,250.0
14,F2,27.398393630981445,129.91453552246094,-0.9010593295097351,False,False,sub-001,sub-001_ses-01_task-WorkingMemory_run-1_eeg.set,250.0
15,F4,35.1048698425293,170.4517822265625,-0.10291214287281036,False,False,sub-001,sub-001_ses-01_task-WorkingMemory_run-1_eeg.set,250.0
16,F6,27.546796798706055,131.86813354492188,-0.8856894969940186,False,False,sub-001,sub-001_ses-01_task-WorkingMemory_run-1_eeg.set,250.0
17,F8,27.397857666015625,129.24542236328125,-0.901114821434021,False,False,sub-001,sub-001_ses-01_task-WorkingMemory_run-1_eeg.set,250.0
18,F10,47.93946838378906,272.3467712402344,1.2263463735580444,False,False,sub-001,sub-001_ses-01_task-WorkingMemory_run-1_eeg.set,250.0
19,FT9,29.791793823242188,145.54335021972656,-0.6531787514686584,False,False,sub-001,sub-001_ses-01_task-WorkingMemory_run-1_eeg.set,250.0
20,FT7,34.501747131347656,169.96337890625,-0.16537657380104065,False,False,sub-001,sub-001_ses-01_task-WorkingMemory_run-1_eeg.set,250.0
21,FC5,44.27073287963867,240.78146362304688,0.846381425857544,False,False,sub-001,sub-001_ses-01_task-WorkingMemory_run-1_eeg.set,250.0
22,FC3,25.994117736816406,124.05372619628906,-1.0464979410171509,False,False,sub-001,sub-001_ses-01_task-WorkingMemory_run-1_eeg.set,250.0
23,FC1,107.44873046875,701.3431396484375,7.389623641967773,False,True,sub-001,sub-001_ses-01_task-WorkingMemory_run-1_eeg.set,250.0
24,FCZ,73.06063842773438,418.0708312988281,3.8281049728393555,False,False,sub-001,sub-001_ses-01_task-WorkingMemory_run-1_eeg.set,250.0
25,FC2,32.7137451171875,177.7777862548828,-0.3505570590496063,False,False,sub-001,sub-001_ses-01_task-WorkingMemory_run-1_eeg.set,250.0
26,FC4,87.52045440673828,460.5616760253906,5.325685024261475,False,False,sub-001,sub-001_ses-01_task-WorkingMemory_run-1_eeg.set,250.0
27,FC6,162.2525177001953,1047.619140625,13.065563201904297,False,True,sub-001,sub-001_ses-01_task-WorkingMemory_run-1_eeg.set,250.0
28,FT8,56.215145111083984,351.64837646484375,2.083444833755493,False,False,sub-001,sub-001_ses-01_task-WorkingMemory_run-1_eeg.set,250.0
29,FT10,46.10660934448242,278.3882751464844,1.0365201234817505,False,False,sub-001,sub-001_ses-01_task-WorkingMemory_run-1_eeg.set,250.0
30,T7,81.1952896118164,489.3773193359375,4.670597553253174,False,False,sub-001,sub-001_ses-01_task-WorkingMemory_run-1_eeg.set,250.0
31,C5,41.18584442138672,235.89744567871094,0.5268844962120056,False,False,sub-001,sub-001_ses-01_task-WorkingMemory_run-1_eeg.set,250.0
32,C3,41.15854263305664,235.40902709960938,0.5240569114685059,False,False,sub-001,sub-001_ses-01_task-WorkingMemory_run-1_eeg.set,250.0
33,C1,57.03318405151367,348.71795654296875,2.16816782951355,False,False,sub-001,sub-001_ses-01_task-WorkingMemory_run-1_eeg.set,250.0
34,CZ,34.85283279418945,186.56900024414062,-0.1290152221918106,False,False,sub-001,sub-001_ses-01_task-WorkingMemory_run-1_eeg.set,250.0
35,C2,61.33671188354492,345.7875671386719,2.613877296447754,False,False,sub-001,sub-001_ses-01_task-WorkingMemory_run-1_eeg.set,250.0
36,C4,82.31080627441406,429.3040466308594,4.786129951477051,False,False,sub-001,sub-001_ses-01_task-WorkingMemory_run-1_eeg.set,250.0
37,C6,36.098533630371094,194.38339233398438,0.0,False,False,sub-001,sub-001_ses-01_task-WorkingMemory_run-1_eeg.set,250.0
38,T8,37.568328857421875,201.70941162109375,0.15222430229187012,False,False,sub-001,sub-001_ses-01_task-WorkingMemory_run-1_eeg.set,250.0
39,TP9,53.04151916503906,303.29669189453125,1.7547574043273926,False,False,sub-001,sub-001_ses-01_task-WorkingMemory_run-1_eeg.set,250.0
40,TP7,42.42291259765625,226.12942504882812,0.6550056338310242,False,False,sub-001,sub-001_ses-01_task-WorkingMemory_run-1_eeg.set,250.0
41,CP5,32.13069152832031,154.82296752929688,-0.410942941904068,False,False,sub-001,sub-001_ses-01_task-WorkingMemory_run-1_eeg.set,250.0
42,CP3,69.22672271728516,412.5177001953125,3.431032657623291,False,False,sub-001,sub-001_ses-01_task-WorkingMemory_run-1_eeg.set,250.0
43,CP1,102.23152923583984,617.3382568359375,6.849287033081055,False,True,sub-001,sub-001_ses-01_task-WorkingMemory_run-1_eeg.set,250.0
44,CPZ,35.503456115722656,197.80221557617188,-0.0616312101483345,False,False,sub-001,sub-001_ses-01_task-WorkingMemory_run-1_eeg.set,250.0
45,CP2,54.304508209228516,305.25030517578125,1.8855632543563843,False,False,sub-001,sub-001_ses-01_task-WorkingMemory_run-1_eeg.set,250.0
46,CP4,45.3000602722168,262.75946044921875,0.9529871344566345,False,False,sub-001,sub-001_ses-01_task-WorkingMemory_run-1_eeg.set,250.0
47,CP6,34.38522720336914,179.55068969726562,-0.17744436860084534,False,False,sub-001,sub-001_ses-01_task-WorkingMemory_run-1_eeg.set,250.0
48,TP8,51.456390380859375,297.92431640625,1.5905883312225342,False,False,sub-001,sub-001_ses-01_task-WorkingMemory_run-1_eeg.set,250.0
49,TP10,36.36955261230469,186.56900024414062,0.028068996965885162,False,False,sub-001,sub-001_ses-01_task-WorkingMemory_run-1_eeg.set,250.0
50,P7,32.22673797607422,161.1721649169922,-0.4009955823421478,False,False,sub-001,sub-001_ses-01_task-WorkingMemory_run-1_eeg.set,250.0
51,P5,39.970829010009766,202.19781494140625,0.40104731917381287,False,False,sub-001,sub-001_ses-01_task-WorkingMemory_run-1_eeg.set,250.0
52,P3,32.86901092529297,160.68377685546875,-0.33447641134262085,False,False,sub-001,sub-001_ses-01_task-WorkingMemory_run-1_eeg.set,250.0
53,P1,42.86963653564453,233.94384765625,0.7012720704078674,False,False,sub-001,sub-001_ses-01_task-WorkingMemory_run-1_eeg.set,250.0
54,PZ,34.523597717285156,168.986572265625,-0.1631135493516922,False,False,sub-001,sub-001_ses-01_task-WorkingMemory_run-1_eeg.set,250.0
55,P2,32.79586410522461,159.70697021484375,-0.3420521318912506,False,False,sub-001,sub-001_ses-01_task-WorkingMemory_run-1_eeg.set,250.0
56,P4,43.71794891357422,245.17706298828125,0.789130449295044,False,False,sub-001,sub-001_ses-01_task-WorkingMemory_run-1_eeg.set,250.0
57,P6,32.167903900146484,153.35775756835938,-0.40708890557289124,False,False,sub-001,sub-001_ses-01_task-WorkingMemory_run-1_eeg.set,250.0
58,P8,29.585927963256836,137.24053955078125,-0.674500048160553,False,False,sub-001,sub-001_ses-01_task-WorkingMemory_run-1_eeg.set,250.0
59,PO9,41.89470672607422,221.24542236328125,0.6003002524375916,False,False,sub-001,sub-001_ses-01_task-WorkingMemory_run-1_eeg.set,250.0
60,PO7,28.174911499023438,134.61782836914062,-0.8206366300582886,False,False,sub-001,sub-001_ses-01_task-WorkingMemory_run-1_eeg.set,250.0
61,PO3,41.138980865478516,224.66424560546875,0.5220309495925903,False,False,sub-001,sub-001_ses-01_task-WorkingMemory_run-1_eeg.set,250.0
62,POZ,33.41176986694336,160.1953582763672,-0.27826374769210815,False,False,sub-001,sub-001_ses-01_task-WorkingMemory_run-1_eeg.set,250.0
63,PO4,31.16460609436035,148.962158203125,-0.5109988451004028,False,False,sub-001,sub-001_ses-01_task-WorkingMemory_run-1_eeg.set,250.0
64,PO8,39.024322509765625,200.73260498046875,0.3030191957950592,False,False,sub-001,sub-001_ses-01_task-WorkingMemory_run-1_eeg.set,250.0
65,PO10,30.482135772705078,148.4737548828125,-0.5816811919212341,False,False,sub-001,sub-001_ses-01_task-WorkingMemory_run-1_eeg.set,250.0
66,O1,33.79969787597656,163.12576293945312,-0.23808667063713074,False,False,sub-001,sub-001_ses-01_task-WorkingMemory_run-1_eeg.set,250.0
67,OZ,27.02073860168457,126.00733184814453,-0.9401724338531494,False,False,sub-001,sub-001_ses-01_task-WorkingMemory_run-1_eeg.set,250.0
68,O2,28.245723724365234,130.89134216308594,-0.813302755355835,False,False,sub-001,sub-001_ses-01_task-WorkingMemory_run-1_eeg.set,250.0
69,LEYE,45.292030334472656,247.1306610107422,0.9521555304527283,False,False,sub-001,sub-001_ses-01_task-WorkingMemory_run-1_eeg.set,250.0
70,REYE,74.584228515625,434.18804931640625,3.98590087890625,False,False,sub-001,sub-001_ses-01_task-WorkingMemory_run-1_eeg.set,250.0
0,FP1,41.66459274291992,205.61660766601562,2.3686444759368896,False,False,sub-001,sub-001_ses-01_task-WorkingMemory_run-2_eeg.set,250.0
1,FPZ,28.044971466064453,131.37973022460938,-0.470812052488327,False,False,sub-001,sub-001_ses-01_task-WorkingMemory_run-2_eeg.set,250.0
2,FP2,34.109432220458984,164.59097290039062,0.7935236096382141,False,False,sub-001,sub-001_ses-01_task-WorkingMemory_run-2_eeg.set,250.0
3,AF7,27.920055389404297,127.9609375,-0.49685490131378174,False,False,sub-001,sub-001_ses-01_task-WorkingMemory_run-2_eeg.set,250.0
4,AF3,28.062381744384766,130.40293884277344,-0.46718230843544006,False,False,sub-001,sub-001_ses-01_task-WorkingMemory_run-2_eeg.set,250.0
5,AFZ,28.576871871948242,130.40293884277344,-0.3599199950695038,False,False,sub-001,sub-001_ses-01_task-WorkingMemory_run-2_eeg.set,250.0
6,AF4,27.49793815612793,129.91453552246094,-0.5848590731620789,False,False,sub-001,sub-001_ses-01_task-WorkingMemory_run-2_eeg.set,250.0
7,AF8,28.259559631347656,132.84494018554688,-0.42607414722442627,False,False,sub-001,sub-001_ses-01_task-WorkingMemory_run-2_eeg.set,250.0
8,F9,32.20263671875,146.03175354003906,0.3959895670413971,False,False,sub-001,sub-001_ses-01_task-WorkingMemory_run-2_eeg.set,250.0
9,F7,27.025156021118164,127.4725341796875,-0.683426022529602,False,False,sub-001,sub-001_ses-01_task-WorkingMemory_run-2_eeg.set,250.0
10,F5,35.33832550048828,180.21978759765625,1.0497266054153442,False,False,sub-001,sub-001_ses-01_task-WorkingMemory_run-2_eeg.set,250.0
11,F3,31.93436050415039,149.45054626464844,0.3400585949420929,False,False,sub-001,sub-001_ses-01_task-WorkingMemory_run-2_eeg.set,250.0
12,F1,27.51042366027832,129.91453552246094,-0.5822560787200928,False,False,sub-001,sub-001_ses-01_task-WorkingMemory_run-2_eeg.set,250.0
13,FZ,28.716819763183594,130.89132690429688,-0.33074328303337097,False,False,sub-001,sub-001_ses-01_task-WorkingMemory_run-2_eeg.set,250.0
14,F2,25.444473266601562,116.23931884765625,-1.0129711627960205,False,False,sub-001,sub-001_ses-01_task-WorkingMemory_run-2_eeg.set,250.0
15,F4,24.65277862548828,113.30891418457031,-1.1780258417129517,False,False,sub-001,sub-001_ses-01_task-WorkingMemory_run-2_eeg.set,250.0
16,F6,27.775392532348633,126.00733184814453,-0.5270146131515503,False,False,sub-001,sub-001_ses-01_task-WorkingMemory_run-2_eeg.set,250.0
17,F8,28.056859970092773,132.84494018554688,-0.46833351254463196,False,False,sub-001,sub-001_ses-01_task-WorkingMemory_run-2_eeg.set,250.0
18,F10,39.488616943359375,190.964599609375,1.914991021156311,False,False,sub-001,sub-001_ses-01_task-WorkingMemory_run-2_eeg.set,250.0
19,FT9,36.904300689697266,181.19659423828125,1.3762056827545166,False,False,sub-001,sub-001_ses-01_task-WorkingMemory_run-2_eeg.set,250.0
20,FT7,25.89919090270996,119.65812683105469,-0.9181703925132751,False,False,sub-001,sub-001_ses-01_task-WorkingMemory_run-2_eeg.set,250.0
21,FC5,32.22566223144531,151.40414428710938,0.4007899761199951,False,False,sub-001,sub-001_ses-01_task-WorkingMemory_run-2_eeg.set,250.0
22,FC3,26.07850456237793,120.14651489257812,-0.8807865381240845,False,False,sub-001,sub-001_ses-01_task-WorkingMemory_run-2_eeg.set,250.0
23,FC1,25.809465408325195,120.14652252197266,-0.9368765354156494,False,False,sub-001,sub-001_ses-01_task-WorkingMemory_run-2_eeg.set,250.0
24,FCZ,38.262569427490234,199.75579833984375,1.6593811511993408,False,False,sub-001,sub-001_ses-01_task-WorkingMemory_run-2_eeg.set,250.0
25,FC2,25.051504135131836,117.70451354980469,-1.0948984622955322,False,False,sub-001,sub-001_ses-01_task-WorkingMemory_run-2_eeg.set,250.0
26,FC4,24.709054946899414,114.28572082519531,-1.1662931442260742,False,False,sub-001,sub-001_ses-01_task-WorkingMemory_run-2_eeg.set,250.0
27,FC6,33.53852844238281,157.75335693359375,0.6744999885559082,False,False,sub-001,sub-001_ses-01_task-WorkingMemory_run-2_eeg.set,250.0
28,FT8,25.51310157775879,120.14653015136719,-0.9986633658409119,False,False,sub-001,sub-001_ses-01_task-WorkingMemory_run-2_eeg.set,250.0
29,FT10,27.711395263671875,133.33334350585938,-0.5403569340705872,False,False,sub-001,sub-001_ses-01_task-WorkingMemory_run-2_eeg.set,250.0
30,T7,27.80377960205078,133.33334350585938,-0.521096408367157,False,False,sub-001,sub-001_ses-01_task-WorkingMemory_run-2_eeg.set,250.0
31,C5,26.15998649597168,123.56532287597656,-0.863798975944519,False,False,sub-001,sub-001_ses-01_task-WorkingMemory_run-2_eeg.set,250.0
32,C3,34.548316955566406,177.77777099609375,0.8850234746932983,False,False,sub-001,sub-001_ses-01_task-WorkingMemory_run-2_eeg.set,250.0
33,C1,28.35745620727539,133.33334350585938,-0.4056643545627594,False,False,sub-001,sub-001_ses-01_task-WorkingMemory_run-2_eeg.set,250.0
34,CZ,29.954509735107422,153.35775756835938,-0.0727062076330185,False,False,sub-001,sub-001_ses-01_task-WorkingMemory_run-2_eeg.set,250.0
35,C2,46.144935607910156,241.7582550048828,3.3027186393737793,False,False,sub-001,sub-001_ses-01_task-WorkingMemory_run-2_eeg.set,250.0
36,C4,29.746185302734375,147.008544921875,-0.1161382645368576,False,False,sub-001,sub-001_ses-01_task-WorkingMemory_run-2_eeg.set,250.0
37,C6,30.30324935913086,146.03175354003906,0.0,False,False,sub-001,sub-001_ses-01_task-WorkingMemory_run-2_eeg.set,250.0
38,T8,48.677581787109375,259.3406677246094,3.8307318687438965,False,False,sub-001,sub-001_ses-01_task-WorkingMemory_run-2_eeg.set,250.0
39,TP9,31.14755630493164,147.9853515625,0.1760234534740448,False,False,sub-001,sub-001_ses-01_task-WorkingMemory_run-2_eeg.set,250.0
40,TP7,27.08452033996582,129.42613220214844,-0.6710495948791504,False,False,sub-001,sub-001_ses-01_task-WorkingMemory_run-2_eeg.set,250.0
41,CP5,31.710193634033203,156.7765655517578,0.29332366585731506,False,False,sub-001,sub-001_ses-01_task-WorkingMemory_run-2_eeg.set,250.0
42,CP3,26.411314010620117,125.51892852783203,-0.8114015460014343,False,False,sub-001,sub-001_ses-01_task-WorkingMemory_run-2_eeg.set,250.0
43,CP1,31.979337692260742,157.75335693359375,0.34943556785583496,False,False,sub-001,sub-001_ses-01_task-WorkingMemory_run-2_eeg.set,250.0
44,CPZ,28.509601593017578,131.37973022460938,-0.3739446699619293,False,False,sub-001,sub-001_ses-01_task-WorkingMemory_run-2_eeg.set,250.0
45,CP2,26.291778564453125,124.54212951660156,-0.8363226056098938,False,False,sub-001,sub-001_ses-01_task-WorkingMemory_run-2_eeg.set,250.0
46,CP4,40.517147064208984,220.947509765625,2.1294219493865967,False,False,sub-001,sub-001_ses-01_task-WorkingMemory_run-2_eeg.set,250.0
47,CP6,36.08425521850586,179.73138427734375,1.205240249633789,False,False,sub-001,sub-001_ses-01_task-WorkingMemory_run-2_eeg.set,250.0
48,TP8,55.86240768432617,304.76190185546875,5.328644752502441,False,False,sub-001,sub-001_ses-01_task-WorkingMemory_run-2_eeg.set,250.0
49,TP10,44.68634033203125,252.991455078125,2.998626947402954,False,False,sub-001,sub-001_ses-01_task-WorkingMemory_run-2_eeg.set,250.0
50,P7,31.346216201782227,148.4737548828125,0.2174406349658966,False,False,sub-001,sub-001_ses-01_task-WorkingMemory_run-2_eeg.set,250.0
51,P5,31.206802368164062,145.54335021972656,0.18837523460388184,False,False,sub-001,sub-001_ses-01_task-WorkingMemory_run-2_eeg.set,250.0
52,P3,33.130428314208984,166.05618286132812,0.5894181132316589,False,False,sub-001,sub-001_ses-01_task-WorkingMemory_run-2_eeg.set,250.0
53,P1,26.887958526611328,124.73260498046875,-0.7120293378829956,False,False,sub-001,sub-001_ses-01_task-WorkingMemory_run-2_eeg.set,250.0
54,PZ,29.507413864135742,138.70574951171875,-0.1659179925918579,False,False,sub-001,sub-001_ses-01_task-WorkingMemory_run-2_eeg.set,250.0
55,P2,31.734264373779297,152.86935424804688,0.2983419895172119,False,False,sub-001,sub-001_ses-01_task-WorkingMemory_run-2_eeg.set,250.0
56,P4,29.005016326904297,140.6593475341797,-0.2706592381000519,False,False,sub-001,sub-001_ses-01_task-WorkingMemory_run-2_eeg.set,250.0
57,P6,45.22233581542969,246.1538543701172,3.110372543334961,False,False,sub-001,sub-001_ses-01_task-WorkingMemory_run-2_eeg.set,250.0
58,P8,43.32075881958008,232.4786376953125,2.7139265537261963,False,False,sub-001,sub-001_ses-01_task-WorkingMemory_run-2_eeg.set,250.0
59,PO9,36.94050979614258,180.70819091796875,1.3837544918060303,False,False,sub-001,sub-001_ses-01_task-WorkingMemory_run-2_eeg.set,250.0
60,PO7,30.37441635131836,144.56655883789062,0.014837092719972134,False,False,sub-001,sub-001_ses-01_task-WorkingMemory_run-2_eeg.set,250.0
61,PO3,38.742183685302734,204.63980102539062,1.7593724727630615,False,False,sub-001,sub-001_ses-01_task-WorkingMemory_run-2_eeg.set,250.0
62,POZ,31.154930114746094,142.61294555664062,0.17756077647209167,False,False,sub-001,sub-001_ses-01_task-WorkingMemory_run-2_eeg.set,250.0
63,PO4,28.86224937438965,133.33334350585938,-0.30042368173599243,False,False,sub-001,sub-001_ses-01_task-WorkingMemory_run-2_eeg.set,250.0
64,PO8,43.02125930786133,234.4322509765625,2.6514861583709717,False,False,sub-001,sub-001_ses-01_task-WorkingMemory_run-2_eeg.set,250.0
65,PO10,34.328704833984375,167.032958984375,0.839238166809082,False,False,sub-001,sub-001_ses-01_task-WorkingMemory_run-2_eeg.set,250.0
66,O1,29.84039306640625,139.6825408935547,-0.0964975655078888,False,False,sub-001,sub-001_ses-01_task-WorkingMemory_run-2_eeg.set,250.0
67,OZ,29.364286422729492,136.26373291015625,-0.19575759768486023,False,False,sub-001,sub-001_ses-01_task-WorkingMemory_run-2_eeg.set,250.0
68,O2,34.37124252319336,166.54457092285156,0.8481065630912781,False,False,sub-001,sub-001_ses-01_task-WorkingMemory_run-2_eeg.set,250.0
69,LEYE,45.68971633911133,255.921875,3.2078135013580322,False,False,sub-001,sub-001_ses-01_task-WorkingMemory_run-2_eeg.set,250.0
70,REYE,52.41630554199219,257.8754577636719,4.610191822052002,False,False,sub-001,sub-001_ses-01_task-WorkingMemory_run-2_eeg.set,250.0
0,FP1,47.9170036315918,236.38584899902344,1.1446908712387085,False,False,sub-002,sub-002_ses-01_task-WorkingMemory_run-1_eeg.set,250.0
1,FPZ,34.513938903808594,172.89376831054688,-0.38474464416503906,False,False,sub-002,sub-002_ses-01_task-WorkingMemory_run-1_eeg.set,250.0
2,FP2,53.245906829833984,313.5531311035156,1.7527767419815063,False,False,sub-002,sub-002_ses-01_task-WorkingMemory_run-1_eeg.set,250.0
3,AF7,41.302703857421875,231.990234375,0.38992732763290405,False,False,sub-002,sub-002_ses-01_task-WorkingMemory_run-1_eeg.set,250.0
4,AF3,39.65585708618164,211.4774169921875,0.20200416445732117,False,False,sub-002,sub-002_ses-01_task-WorkingMemory_run-1_eeg.set,250.0
5,AFZ,39.72577667236328,224.17584228515625,0.2099827527999878,False,False,sub-002,sub-002_ses-01_task-WorkingMemory_run-1_eeg.set,250.0
6,AF4,33.463531494140625,184.61538696289062,-0.5046075582504272,False,False,sub-002,sub-002_ses-01_task-WorkingMemory_run-1_eeg.set,250.0
7,AF8,37.33018493652344,193.89501953125,-0.06338033080101013,False,False,sub-002,sub-002_ses-01_task-WorkingMemory_run-1_eeg.set,250.0
8,F9,40.879974365234375,239.80465698242188,0.34168925881385803,False,False,sub-002,sub-002_ses-01_task-WorkingMemory_run-1_eeg.set,250.0
9,F7,52.017669677734375,248.59585571289062,1.6126214265823364,False,False,sub-002,sub-002_ses-01_task-WorkingMemory_run-1_eeg.set,250.0
10,F5,37.896568298339844,183.63858032226562,0.0012501771561801434,False,False,sub-002,sub-002_ses-01_task-WorkingMemory_run-1_eeg.set,250.0
11,F3,33.942508697509766,155.70208740234375,-0.44995105266571045,False,False,sub-002,sub-002_ses-01_task-WorkingMemory_run-1_eeg.set,250.0
12,F1,38.25582504272461,205.61660766601562,0.0422452837228775,False,False,sub-002,sub-002_ses-01_task-WorkingMemory_run-1_eeg.set,250.0
13,FZ,32.88166809082031,182.6617889404297,-0.5710045099258423,False,False,sub-002,sub-002_ses-01_task-WorkingMemory_run-1_eeg.set,250.0
14,F2,37.67247772216797,187.54579162597656,-0.024320997297763824,False,False,sub-002,sub-002_ses-01_task-WorkingMemory_run-1_eeg.set,250.0
15,F4,45.324859619140625,267.64349365234375,0.8488990664482117,False,False,sub-002,sub-002_ses-01_task-WorkingMemory_run-1_eeg.set,250.0
16,F6,27.40024185180664,133.8217315673828,-1.1964949369430542,False,False,sub-002,sub-002_ses-01_task-WorkingMemory_run-1_eeg.set,250.0
17,F8,43.73672866821289,242.24664306640625,0.6676760315895081,False,False,sub-002,sub-002_ses-01_task-WorkingMemory_run-1_eeg.set,250.0
18,F10,34.09245300292969,217.82662963867188,-0.4328407645225525,False,False,sub-002,sub-002_ses-01_task-WorkingMemory_run-1_eeg.set,250.0
19,FT9,33.054473876953125,177.77777099609375,-0.5512855052947998,False,False,sub-002,sub-002_ses-01_task-WorkingMemory_run-1_eeg.set,250.0
20,FT7,38.85869216918945,214.4078369140625,0.11103897541761398,False,False,sub-002,sub-002_ses-01_task-WorkingMemory_run-1_eeg.set,250.0
21,FC5,29.814130783081055,163.61416625976562,-0.9210439324378967,False,False,sub-002,sub-002_ses-01_task-WorkingMemory_run-1_eeg.set,250.0
22,FC3,32.40257263183594,169.4749755859375,-0.6256745457649231,False,False,sub-002,sub-002_ses-01_task-WorkingMemory_run-1_eeg.set,250.0
23,FC1,26.340255737304688,129.42613220214844,-1.3174508810043335,False,False,sub-002,sub-002_ses-01_task-WorkingMemory_run-1_eeg.set,250.0
24,FCZ,28.184829711914062,141.1477508544922,-1.1069649457931519,False,False,sub-002,sub-002_ses-01_task-WorkingMemory_run-1_eeg.set,250.0
25,FC2,33.89714050292969,189.98779296875,-0.4551280736923218,False,False,sub-002,sub-002_ses-01_task-WorkingMemory_run-1_eeg.set,250.0
26,FC4,26.67215919494629,138.70574951171875,-1.2795770168304443,False,False,sub-002,sub-002_ses-01_task-WorkingMemory_run-1_eeg.set,250.0
27,FC6,54.27711486816406,334.0659484863281,1.8704488277435303,False,False,sub-002,sub-002_ses-01_task-WorkingMemory_run-1_eeg.set,250.0
28,FT8,34.23297882080078,192.91819763183594,-0.416805237531662,False,False,sub-002,sub-002_ses-01_task-WorkingMemory_run-1_eeg.set,250.0
29,FT10,37.114620208740234,190.964599609375,-0.08797860145568848,False,False,sub-002,sub-002_ses-01_task-WorkingMemory_run-1_eeg.set,250.0
30,T7,42.53849411010742,223.19903564453125,0.5309444069862366,False,False,sub-002,sub-002_ses-01_task-WorkingMemory_run-1_eeg.set,250.0
31,C5,32.76757049560547,180.21978759765625,-0.5840243101119995,False,False,sub-002,sub-002_ses-01_task-WorkingMemory_run-1_eeg.set,250.0
32,C3,50.66061019897461,321.3675537109375,1.4577661752700806,False,False,sub-002,sub-002_ses-01_task-WorkingMemory_run-1_eeg.set,250.0
33,C1,33.100955963134766,188.52259826660156,-0.5459814071655273,False,False,sub-002,sub-002_ses-01_task-WorkingMemory_run-1_eeg.set,250.0
34,CZ,32.92660140991211,195.84860229492188,-0.5658771395683289,False,False,sub-002,sub-002_ses-01_task-WorkingMemory_run-1_eeg.set,250.0
35,C2,65.03917694091797,346.27593994140625,3.0985171794891357,False,False,sub-002,sub-002_ses-01_task-WorkingMemory_run-1_eeg.set,250.0
36,C4,35.59376525878906,218.80343627929688,-0.2615247070789337,False,False,sub-002,sub-002_ses-01_task-WorkingMemory_run-1_eeg.set,250.0
37,C6,43.048744201660156,266.1782531738281,0.5891695022583008,False,False,sub-002,sub-002_ses-01_task-WorkingMemory_run-1_eeg.set,250.0
38,T8,56.20414733886719,380.4639892578125,2.090344190597534,False,False,sub-002,sub-002_ses-01_task-WorkingMemory_run-1_eeg.set,250.0
39,TP9,34.05048751831055,187.54579162597656,-0.43762949109077454,False,False,sub-002,sub-002_ses-01_task-WorkingMemory_run-1_eeg.set,250.0
40,TP7,82.07362365722656,439.5604553222656,5.042333126068115,False,False,sub-002,sub-002_ses-01_task-WorkingMemory_run-1_eeg.set,250.0
41,CP5,35.8436393737793,199.7558135986328,-0.2330113649368286,False,False,sub-002,sub-002_ses-01_task-WorkingMemory_run-1_eeg.set,250.0
42,CP3,44.99275588989258,301.3431091308594,0.8110023736953735,False,False,sub-002,sub-002_ses-01_task-WorkingMemory_run-1_eeg.set,250.0
43,CP1,45.65699768066406,265.68988037109375,0.8867996335029602,False,False,sub-002,sub-002_ses-01_task-WorkingMemory_run-1_eeg.set,250.0
44,CPZ,27.903535842895508,149.93896484375,-1.1390635967254639,False,False,sub-002,sub-002_ses-01_task-WorkingMemory_run-1_eeg.set,250.0
45,CP2,50.311492919921875,290.5982971191406,1.4179282188415527,False,False,sub-002,sub-002_ses-01_task-WorkingMemory_run-1_eeg.set,250.0
46,CP4,31.16571044921875,164.10256958007812,-0.7668139338493347,False,False,sub-002,sub-002_ses-01_task-WorkingMemory_run-1_eeg.set,250.0
47,CP6,28.89077377319336,168.986572265625,-1.0264089107513428,False,False,sub-002,sub-002_ses-01_task-WorkingMemory_run-1_eeg.set,250.0
48,TP8,55.40311813354492,357.8998718261719,1.9989380836486816,False,False,sub-002,sub-002_ses-01_task-WorkingMemory_run-1_eeg.set,250.0
49,TP10,29.989656448364258,170.4517822265625,-0.901014506816864,False,False,sub-002,sub-002_ses-01_task-WorkingMemory_run-1_eeg.set,250.0
50,P7,58.362144470214844,388.2784118652344,2.336595058441162,False,False,sub-002,sub-002_ses-01_task-WorkingMemory_run-1_eeg.set,250.0
51,P5,35.06095504760742,180.7081756591797,-0.32232415676116943,False,False,sub-002,sub-002_ses-01_task-WorkingMemory_run-1_eeg.set,250.0
52,P3,31.015186309814453,163.12576293945312,-0.7839903831481934,False,False,sub-002,sub-002_ses-01_task-WorkingMemory_run-1_eeg.set,250.0
53,P1,54.83498764038086,331.037841796875,1.9341081380844116,False,False,sub-002,sub-002_ses-01_task-WorkingMemory_run-1_eeg.set,250.0
54,PZ,33.20869827270508,176.3125762939453,-0.5336868166923523,False,False,sub-002,sub-002_ses-01_task-WorkingMemory_run-1_eeg.set,250.0
55,P2,31.974695205688477,171.91697692871094,-0.6744999885559082,False,False,sub-002,sub-002_ses-01_task-WorkingMemory_run-1_eeg.set,250.0
56,P4,38.47331237792969,222.71063232421875,0.06706295162439346,False,False,sub-002,sub-002_ses-01_task-WorkingMemory_run-1_eeg.set,250.0
57,P6,32.23869323730469,180.21978759765625,-0.6443749666213989,False,False,sub-002,sub-002_ses-01_task-WorkingMemory_run-1_eeg.set,250.0
58,P8,42.798423767089844,233.4554443359375,0.5606052279472351,False,False,sub-002,sub-002_ses-01_task-WorkingMemory_run-1_eeg.set,250.0
59,PO9,26.413978576660156,147.4969482421875,-1.3090382814407349,False,False,sub-002,sub-002_ses-01_task-WorkingMemory_run-1_eeg.set,250.0
60,PO7,27.722434997558594,154.33456420898438,-1.1597291231155396,False,False,sub-002,sub-002_ses-01_task-WorkingMemory_run-1_eeg.set,250.0
61,PO3,42.3345832824707,235.89744567871094,0.5076759457588196,False,False,sub-002,sub-002_ses-01_task-WorkingMemory_run-1_eeg.set,250.0
62,POZ,27.50257110595703,141.6361541748047,-1.1848180294036865,False,False,sub-002,sub-002_ses-01_task-WorkingMemory_run-1_eeg.set,250.0
63,PO4,37.88561248779297,203.66299438476562,0.0,False,False,sub-002,sub-002_ses-01_task-WorkingMemory_run-1_eeg.set,250.0
64,PO8,54.56926345825195,330.15875244140625,1.9037861824035645,False,False,sub-002,sub-002_ses-01_task-WorkingMemory_run-1_eeg.set,250.0
65,PO10,79.82744598388672,439.56048583984375,4.786019802093506,False,False,sub-002,sub-002_ses-01_task-WorkingMemory_run-1_eeg.set,250.0
66,O1,80.29045104980469,462.0268859863281,4.838853359222412,False,False,sub-002,sub-002_ses-01_task-WorkingMemory_run-1_eeg.set,250.0
67,OZ,56.46002960205078,300.3663024902344,2.1195430755615234,False,False,sub-002,sub-002_ses-01_task-WorkingMemory_run-1_eeg.set,250.0
68,O2,82.55946350097656,515.2625732421875,5.097772598266602,False,False,sub-002,sub-002_ses-01_task-WorkingMemory_run-1_eeg.set,250.0
69,LEYE,83.98592376708984,505.006103515625,5.260547161102295,False,False,sub-002,sub-002_ses-01_task-WorkingMemory_run-1_eeg.set,250.0
70,REYE,100.72063446044922,546.5201416015625,7.170159816741943,False,True,sub-002,sub-002_ses-01_task-WorkingMemory_run-1_eeg.set,250.0
0,FP1,37.63626480102539,205.61660766601562,-0.2468174248933792,False,False,sub-002,sub-002_ses-01_task-WorkingMemory_run-2_eeg.set,250.0
1,FPZ,29.14887237548828,149.93896484375,-0.6680139303207397,False,False,sub-002,sub-002_ses-01_task-WorkingMemory_run-2_eeg.set,250.0
2,FP2,49.078941345214844,215.87301635742188,0.3210383653640747,False,False,sub-002,sub-002_ses-01_task-WorkingMemory_run-2_eeg.set,250.0
3,AF7,34.67474365234375,157.26495361328125,-0.3937862515449524,False,False,sub-002,sub-002_ses-01_task-WorkingMemory_run-2_eeg.set,250.0
4,AF3,30.51657485961914,137.72894287109375,-0.6001400947570801,False,False,sub-002,sub-002_ses-01_task-WorkingMemory_run-2_eeg.set,250.0
5,AFZ,45.73505783081055,295.970703125,0.15509434044361115,False,False,sub-002,sub-002_ses-01_task-WorkingMemory_run-2_eeg.set,250.0
6,AF4,34.199954986572266,208.54701232910156,-0.4173482060432434,False,False,sub-002,sub-002_ses-01_task-WorkingMemory_run-2_eeg.set,250.0
7,AF8,94.96295166015625,560.1953735351562,2.5980844497680664,False,False,sub-002,sub-002_ses-01_task-WorkingMemory_run-2_eeg.set,250.0
8,F9,27.92312240600586,156.7765655517578,-0.728843092918396,False,False,sub-002,sub-002_ses-01_task-WorkingMemory_run-2_eeg.set,250.0
9,F7,31.853984832763672,202.19781494140625,-0.5337696075439453,False,False,sub-002,sub-002_ses-01_task-WorkingMemory_run-2_eeg.set,250.0
10,F5,26.504154205322266,164.59097290039062,-0.7992610335350037,False,False,sub-002,sub-002_ses-01_task-WorkingMemory_run-2_eeg.set,250.0
11,F3,50.711212158203125,324.78631591796875,0.40204164385795593,False,False,sub-002,sub-002_ses-01_task-WorkingMemory_run-2_eeg.set,250.0
12,F1,56.408111572265625,337.4847412109375,0.6847566962242126,False,False,sub-002,sub-002_ses-01_task-WorkingMemory_run-2_eeg.set,250.0
13,FZ,28.163358688354492,150.4273681640625,-0.7169211506843567,False,False,sub-002,sub-002_ses-01_task-WorkingMemory_run-2_eeg.set,250.0
14,F2,37.10651397705078,217.82662963867188,-0.2731069326400757,False,False,sub-002,sub-002_ses-01_task-WorkingMemory_run-2_eeg.set,250.0
15,F4,29.466001510620117,183.63858032226562,-0.6522760391235352,False,False,sub-002,sub-002_ses-01_task-WorkingMemory_run-2_eeg.set,250.0
16,F6,74.91293334960938,484.27838134765625,1.6030794382095337,False,False,sub-002,sub-002_ses-01_task-WorkingMemory_run-2_eeg.set,250.0
17,F8,68.25870513916016,332.60076904296875,1.2728558778762817,False,False,sub-002,sub-002_ses-01_task-WorkingMemory_run-2_eeg.set,250.0
18,F10,35.4064826965332,160.19537353515625,-0.35747286677360535,False,False,sub-002,sub-002_ses-01_task-WorkingMemory_run-2_eeg.set,250.0
19,FT9,42.60980224609375,258.8522644042969,0.0,False,False,sub-002,sub-002_ses-01_task-WorkingMemory_run-2_eeg.set,250.0
20,FT7,31.476388931274414,178.75457763671875,-0.5525082349777222,False,False,sub-002,sub-002_ses-01_task-WorkingMemory_run-2_eeg.set,250.0
21,FC5,82.77286529541016,532.3565673828125,1.9931374788284302,False,False,sub-002,sub-002_ses-01_task-WorkingMemory_run-2_eeg.set,250.0
22,FC3,77.99858856201172,489.16241455078125,1.7562085390090942,False,False,sub-002,sub-002_ses-01_task-WorkingMemory_run-2_eeg.set,250.0
23,FC1,40.824859619140625,274.969482421875,-0.08857979625463486,False,False,sub-002,sub-002_ses-01_task-WorkingMemory_run-2_eeg.set,250.0
24,FCZ,67.45438385009766,423.931640625,1.232940435409546,False,False,sub-002,sub-002_ses-01_task-WorkingMemory_run-2_eeg.set,250.0
25,FC2,105.10855865478516,642.2466430664062,3.101571559906006,False,False,sub-002,sub-002_ses-01_task-WorkingMemory_run-2_eeg.set,250.0
26,FC4,62.630348205566406,400.0,0.9935422539710999,False,False,sub-002,sub-002_ses-01_task-WorkingMemory_run-2_eeg.set,250.0
27,FC6,37.62089157104492,206.10501098632812,-0.24758034944534302,False,False,sub-002,sub-002_ses-01_task-WorkingMemory_run-2_eeg.set,250.0
28,FT8,36.95090866088867,202.68621826171875,-0.2808290123939514,False,False,sub-002,sub-002_ses-01_task-WorkingMemory_run-2_eeg.set,250.0
29,FT10,31.969087600708008,183.15017700195312,-0.5280575156211853,False,False,sub-002,sub-002_ses-01_task-WorkingMemory_run-2_eeg.set,250.0
30,T7,67.85757446289062,435.65325927734375,1.2529492378234863,False,False,sub-002,sub-002_ses-01_task-WorkingMemory_run-2_eeg.set,250.0
31,C5,43.3366584777832,246.1538543701172,0.036071062088012695,False,False,sub-002,sub-002_ses-01_task-WorkingMemory_run-2_eeg.set,250.0
32,C3,47.53346633911133,261.2942810058594,0.2443424016237259,False,False,sub-002,sub-002_ses-01_task-WorkingMemory_run-2_eeg.set,250.0
33,C1,42.67290496826172,244.68865966796875,0.003131544217467308,False,False,sub-002,sub-002_ses-01_task-WorkingMemory_run-2_eeg.set,250.0
34,CZ,43.18486022949219,257.3870544433594,0.028537902981042862,False,False,sub-002,sub-002_ses-01_task-WorkingMemory_run-2_eeg.set,250.0
35,C2,71.02696990966797,402.4420166015625,1.4102340936660767,False,False,sub-002,sub-002_ses-01_task-WorkingMemory_run-2_eeg.set,250.0
36,C4,37.313724517822266,189.98779296875,-0.26282384991645813,False,False,sub-002,sub-002_ses-01_task-WorkingMemory_run-2_eeg.set,250.0
37,C6,53.1718864440918,288.4297790527344,0.5241553783416748,False,False,sub-002,sub-002_ses-01_task-WorkingMemory_run-2_eeg.set,250.0
38,T8,39.496253967285156,194.87179565429688,-0.1545133739709854,False,False,sub-002,sub-002_ses-01_task-WorkingMemory_run-2_eeg.set,250.0
39,TP9,22.41067123413086,117.21611785888672,-1.0024046897888184,False,False,sub-002,sub-002_ses-01_task-WorkingMemory_run-2_eeg.set,250.0
40,TP7,47.042335510253906,247.61904907226562,0.2199694961309433,False,False,sub-002,sub-002_ses-01_task-WorkingMemory_run-2_eeg.set,250.0
41,CP5,26.734037399291992,148.962158203125,-0.7878528237342834,False,False,sub-002,sub-002_ses-01_task-WorkingMemory_run-2_eeg.set,250.0
42,CP3,39.9620475769043,199.75579833984375,-0.13139782845973969,False,False,sub-002,sub-002_ses-01_task-WorkingMemory_run-2_eeg.set,250.0
43,CP1,22.397472381591797,122.10012817382812,-1.0030597448349,False,False,sub-002,sub-002_ses-01_task-WorkingMemory_run-2_eeg.set,250.0
44,CPZ,46.89519500732422,267.6434631347656,0.21266748011112213,False,False,sub-002,sub-002_ses-01_task-WorkingMemory_run-2_eeg.set,250.0
45,CP2,26.036602020263672,128.4493408203125,-0.8224638104438782,False,False,sub-002,sub-002_ses-01_task-WorkingMemory_run-2_eeg.set,250.0
46,CP4,26.580791473388672,147.008544921875,-0.7954577803611755,False,False,sub-002,sub-002_ses-01_task-WorkingMemory_run-2_eeg.set,250.0
47,CP6,62.48151779174805,370.69598388671875,0.9861564040184021,False,False,sub-002,sub-002_ses-01_task-WorkingMemory_run-2_eeg.set,250.0
48,TP8,29.53179168701172,179.24298095703125,-0.6490111351013184,False,False,sub-002,sub-002_ses-01_task-WorkingMemory_run-2_eeg.set,250.0
49,TP10,51.28452682495117,318.925537109375,0.430493026971817,False,False,sub-002,sub-002_ses-01_task-WorkingMemory_run-2_eeg.set,250.0
50,P7,26.659759521484375,135.56044006347656,-0.7915389537811279,False,False,sub-002,sub-002_ses-01_task-WorkingMemory_run-2_eeg.set,250.0
51,P5,26.169109344482422,154.82296752929688,-0.815887987613678,False,False,sub-002,sub-002_ses-01_task-WorkingMemory_run-2_eeg.set,250.0
52,P3,56.20143127441406,369.23077392578125,0.6744999885559082,False,False,sub-002,sub-002_ses-01_task-WorkingMemory_run-2_eeg.set,250.0
53,P1,31.119272232055664,167.03297424316406,-0.5702305436134338,False,False,sub-002,sub-002_ses-01_task-WorkingMemory_run-2_eeg.set,250.0
54,PZ,59.0021858215332,354.0903625488281,0.813490629196167,False,False,sub-002,sub-002_ses-01_task-WorkingMemory_run-2_eeg.set,250.0
55,P2,27.33106803894043,155.31137084960938,-0.7582244873046875,False,False,sub-002,sub-002_ses-01_task-WorkingMemory_run-2_eeg.set,250.0
56,P4,28.489303588867188,141.6361541748047,-0.700745701789856,False,False,sub-002,sub-002_ses-01_task-WorkingMemory_run-2_eeg.set,250.0
57,P6,63.075294494628906,410.25640869140625,1.0156232118606567,False,False,sub-002,sub-002_ses-01_task-WorkingMemory_run-2_eeg.set,250.0
58,P8,31.09930419921875,171.91697692871094,-0.5712214708328247,False,False,sub-002,sub-002_ses-01_task-WorkingMemory_run-2_eeg.set,250.0
59,PO9,53.14875030517578,299.17462158203125,0.5230072736740112,False,False,sub-002,sub-002_ses-01_task-WorkingMemory_run-2_eeg.set,250.0
60,PO7,24.35775375366211,119.16971588134766,-0.9057785868644714,False,False,sub-002,sub-002_ses-01_task-WorkingMemory_run-2_eeg.set,250.0
61,PO3,24.68437957763672,121.12332153320312,-0.8895694017410278,False,False,sub-002,sub-002_ses-01_task-WorkingMemory_run-2_eeg.set,250.0
62,POZ,60.544700622558594,316.4835205078125,0.8900396823883057,False,False,sub-002,sub-002_ses-01_task-WorkingMemory_run-2_eeg.set,250.0
63,PO4,105.85992431640625,559.2185668945312,3.1388587951660156,False,False,sub-002,sub-002_ses-01_task-WorkingMemory_run-2_eeg.set,250.0
64,PO8,45.0665397644043,249.57266235351562,0.12191838026046753,False,False,sub-002,sub-002_ses-01_task-WorkingMemory_run-2_eeg.set,250.0
65,PO10,39.4832649230957,172.89376831054688,-0.15515795350074768,False,False,sub-002,sub-002_ses-01_task-WorkingMemory_run-2_eeg.set,250.0
66,O1,68.30370330810547,368.74237060546875,1.275088906288147,False,False,sub-002,sub-002_ses-01_task-WorkingMemory_run-2_eeg.set,250.0
67,OZ,125.7527084350586,715.5067138671875,4.126060962677002,False,False,sub-002,sub-002_ses-01_task-WorkingMemory_run-2_eeg.set,250.0
68,O2,112.26624298095703,577.2894287109375,3.456779718399048,False,False,sub-002,sub-002_ses-01_task-WorkingMemory_run-2_eeg.set,250.0
69,LEYE,120.57539367675781,699.6630249023438,3.869130849838257,False,False,sub-002,sub-002_ses-01_task-WorkingMemory_run-2_eeg.set,250.0
70,REYE,112.47391510009766,568.009765625,3.467085838317871,False,False,sub-002,sub-002_ses-01_task-WorkingMemory_run-2_eeg.set,250.0
0,FP1,75.08331298828125,423.4432373046875,1.0374164581298828,False,False,sub-002,sub-002_ses-01_task-WorkingMemory_run-3_eeg.set,250.0
1,FPZ,54.025184631347656,311.5995178222656,0.2641804814338684,False,False,sub-002,sub-002_ses-01_task-WorkingMemory_run-3_eeg.set,250.0
2,FP2,77.02374267578125,372.64959716796875,1.1086673736572266,False,False,sub-002,sub-002_ses-01_task-WorkingMemory_run-3_eeg.set,250.0
3,AF7,68.37307739257812,389.74359130859375,0.7910224795341492,False,False,sub-002,sub-002_ses-01_task-WorkingMemory_run-3_eeg.set,250.0
4,AF3,52.83470153808594,294.5054931640625,0.2204669862985611,False,False,sub-002,sub-002_ses-01_task-WorkingMemory_run-3_eeg.set,250.0
5,AFZ,76.51434326171875,409.76800537109375,1.0899627208709717,False,False,sub-002,sub-002_ses-01_task-WorkingMemory_run-3_eeg.set,250.0
6,AF4,34.80657196044922,183.6385955810547,-0.44151008129119873,False,False,sub-002,sub-002_ses-01_task-WorkingMemory_run-3_eeg.set,250.0
7,AF8,33.35553741455078,173.87057495117188,-0.49479085206985474,False,False,sub-002,sub-002_ses-01_task-WorkingMemory_run-3_eeg.set,250.0
8,F9,57.81415939331055,419.4139404296875,0.40330833196640015,False,False,sub-002,sub-002_ses-01_task-WorkingMemory_run-3_eeg.set,250.0
9,F7,41.19060134887695,225.1526336669922,-0.20709414780139923,False,False,sub-002,sub-002_ses-01_task-WorkingMemory_run-3_eeg.set,250.0
10,F5,87.96601104736328,468.86444091796875,1.5104578733444214,False,False,sub-002,sub-002_ses-01_task-WorkingMemory_run-3_eeg.set,250.0
11,F3,76.77291107177734,396.5812072753906,1.099457025527954,False,False,sub-002,sub-002_ses-01_task-WorkingMemory_run-3_eeg.set,250.0
12,F1,46.80202102661133,221.7338409423828,-0.0010477410396561027,False,False,sub-002,sub-002_ses-01_task-WorkingMemory_run-3_eeg.set,250.0
13,FZ,44.663272857666016,257.3870849609375,-0.07958070188760757,False,False,sub-002,sub-002_ses-01_task-WorkingMemory_run-3_eeg.set,250.0
14,F2,32.03623962402344,170.94017028808594,-0.5432342886924744,False,False,sub-002,sub-002_ses-01_task-WorkingMemory_run-3_eeg.set,250.0
15,F4,56.2130241394043,244.20025634765625,0.3445160388946533,False,False,sub-002,sub-002_ses-01_task-WorkingMemory_run-3_eeg.set,250.0
16,F6,25.21767807006836,130.89134216308594,-0.7936059236526489,False,False,sub-002,sub-002_ses-01_task-WorkingMemory_run-3_eeg.set,250.0
17,F8,28.002973556518555,146.03175354003906,-0.6913322806358337,False,False,sub-002,sub-002_ses-01_task-WorkingMemory_run-3_eeg.set,250.0
18,F10,24.754745483398438,135.7753448486328,-0.8106043338775635,False,False,sub-002,sub-002_ses-01_task-WorkingMemory_run-3_eeg.set,250.0
19,FT9,23.459556579589844,117.21611785888672,-0.858162522315979,False,False,sub-002,sub-002_ses-01_task-WorkingMemory_run-3_eeg.set,250.0
20,FT7,92.0524673461914,434.67645263671875,1.6605089902877808,False,False,sub-002,sub-002_ses-01_task-WorkingMemory_run-3_eeg.set,250.0
21,FC5,75.80137634277344,430.7692565917969,1.0637831687927246,False,False,sub-002,sub-002_ses-01_task-WorkingMemory_run-3_eeg.set,250.0
22,FC3,36.80473709106445,183.63858032226562,-0.36813923716545105,False,False,sub-002,sub-002_ses-01_task-WorkingMemory_run-3_eeg.set,250.0
23,FC1,65.1997299194336,343.3455505371094,0.6744999885559082,False,False,sub-002,sub-002_ses-01_task-WorkingMemory_run-3_eeg.set,250.0
24,FCZ,30.172487258911133,134.3101348876953,-0.611669659614563,False,False,sub-002,sub-002_ses-01_task-WorkingMemory_run-3_eeg.set,250.0
25,FC2,38.796878814697266,232.4786376953125,-0.29498955607414246,False,False,sub-002,sub-002_ses-01_task-WorkingMemory_run-3_eeg.set,250.0
26,FC4,50.75506591796875,295.970703125,0.14410459995269775,False,False,sub-002,sub-002_ses-01_task-WorkingMemory_run-3_eeg.set,250.0
27,FC6,28.907773971557617,147.4969482421875,-0.6581088304519653,False,False,sub-002,sub-002_ses-01_task-WorkingMemory_run-3_eeg.set,250.0
28,FT8,90.56122589111328,466.910888671875,1.605751872062683,False,False,sub-002,sub-002_ses-01_task-WorkingMemory_run-3_eeg.set,250.0
29,FT10,50.33773422241211,317.4603271484375,0.1287805587053299,False,False,sub-002,sub-002_ses-01_task-WorkingMemory_run-3_eeg.set,250.0
30,T7,26.635347366333008,146.39804077148438,-0.7415502667427063,False,False,sub-002,sub-002_ses-01_task-WorkingMemory_run-3_eeg.set,250.0
31,C5,72.66197967529297,486.4468994140625,0.9485072493553162,False,False,sub-002,sub-002_ses-01_task-WorkingMemory_run-3_eeg.set,250.0
32,C3,78.43458557128906,412.69842529296875,1.1604722738265991,False,False,sub-002,sub-002_ses-01_task-WorkingMemory_run-3_eeg.set,250.0
33,C1,47.505672454833984,255.921875,0.0247897207736969,False,False,sub-002,sub-002_ses-01_task-WorkingMemory_run-3_eeg.set,250.0
34,CZ,28.132823944091797,135.2869415283203,-0.6865642666816711,False,False,sub-002,sub-002_ses-01_task-WorkingMemory_run-3_eeg.set,250.0
35,C2,97.91786193847656,542.1245727539062,1.8758811950683594,False,False,sub-002,sub-002_ses-01_task-WorkingMemory_run-3_eeg.set,250.0
36,C4,94.67288208007812,506.959716796875,1.7567282915115356,False,False,sub-002,sub-002_ses-01_task-WorkingMemory_run-3_eeg.set,250.0
37,C6,46.8305549621582,218.31503295898438,0.0,False,False,sub-002,sub-002_ses-01_task-WorkingMemory_run-3_eeg.set,250.0
38,T8,40.75125503540039,206.10501098632812,-0.22322656214237213,False,False,sub-002,sub-002_ses-01_task-WorkingMemory_run-3_eeg.set,250.0
39,TP9,28.227352142333984,141.6361541748047,-0.6830933094024658,False,False,sub-002,sub-002_ses-01_task-WorkingMemory_run-3_eeg.set,250.0
40,TP7,25.84931755065918,123.56532287597656,-0.7704126238822937,False,False,sub-002,sub-002_ses-01_task-WorkingMemory_run-3_eeg.set,250.0
41,CP5,84.63111114501953,517.2161865234375,1.3880032300949097,False,False,sub-002,sub-002_ses-01_task-WorkingMemory_run-3_eeg.set,250.0
42,CP3,31.5296573638916,176.3125762939453,-0.561835527420044,False,False,sub-002,sub-002_ses-01_task-WorkingMemory_run-3_eeg.set,250.0
43,CP1,42.78183364868164,168.986572265625,-0.14866548776626587,False,False,sub-002,sub-002_ses-01_task-WorkingMemory_run-3_eeg.set,250.0
44,CPZ,61.180755615234375,352.6251525878906,0.5269267559051514,False,False,sub-002,sub-002_ses-01_task-WorkingMemory_run-3_eeg.set,250.0
45,CP2,26.166492462158203,125.03053283691406,-0.758766233921051,False,False,sub-002,sub-002_ses-01_task-WorkingMemory_run-3_eeg.set,250.0
46,CP4,71.16262817382812,453.60198974609375,0.8934524059295654,False,False,sub-002,sub-002_ses-01_task-WorkingMemory_run-3_eeg.set,250.0
47,CP6,30.271814346313477,155.7997589111328,-0.6080223917961121,False,False,sub-002,sub-002_ses-01_task-WorkingMemory_run-3_eeg.set,250.0
48,TP8,36.977561950683594,195.23809814453125,-0.36179324984550476,False,False,sub-002,sub-002_ses-01_task-WorkingMemory_run-3_eeg.set,250.0
49,TP10,47.01099395751953,233.94383239746094,0.006625561509281397,False,False,sub-002,sub-002_ses-01_task-WorkingMemory_run-3_eeg.set,250.0
50,P7,27.405580520629883,143.58975219726562,-0.7132680416107178,False,False,sub-002,sub-002_ses-01_task-WorkingMemory_run-3_eeg.set,250.0
51,P5,59.34844970703125,381.4407958984375,0.4596461355686188,False,False,sub-002,sub-002_ses-01_task-WorkingMemory_run-3_eeg.set,250.0
52,P3,64.43082427978516,286.20269775390625,0.6462664604187012,False,False,sub-002,sub-002_ses-01_task-WorkingMemory_run-3_eeg.set,250.0
53,P1,26.427412033081055,137.7289276123047,-0.7491855025291443,False,False,sub-002,sub-002_ses-01_task-WorkingMemory_run-3_eeg.set,250.0
54,PZ,78.49896240234375,415.14044189453125,1.1628360748291016,False,False,sub-002,sub-002_ses-01_task-WorkingMemory_run-3_eeg.set,250.0
55,P2,28.989913940429688,144.56655883789062,-0.6550926566123962,False,False,sub-002,sub-002_ses-01_task-WorkingMemory_run-3_eeg.set,250.0
56,P4,37.01877212524414,229.05984497070312,-0.36028003692626953,False,False,sub-002,sub-002_ses-01_task-WorkingMemory_run-3_eeg.set,250.0
57,P6,35.06355667114258,197.31381225585938,-0.43207383155822754,False,False,sub-002,sub-002_ses-01_task-WorkingMemory_run-3_eeg.set,250.0
58,P8,24.995393753051758,125.51892852783203,-0.8017679452896118,False,False,sub-002,sub-002_ses-01_task-WorkingMemory_run-3_eeg.set,250.0
59,PO9,62.02570343017578,391.0867004394531,0.5579525232315063,False,False,sub-002,sub-002_ses-01_task-WorkingMemory_run-3_eeg.set,250.0
60,PO7,24.287134170532227,137.24053955078125,-0.8277746438980103,False,False,sub-002,sub-002_ses-01_task-WorkingMemory_run-3_eeg.set,250.0
61,PO3,30.972614288330078,168.009765625,-0.5822896361351013,False,False,sub-002,sub-002_ses-01_task-WorkingMemory_run-3_eeg.set,250.0
62,POZ,64.61457824707031,395.11602783203125,0.6530137062072754,False,False,sub-002,sub-002_ses-01_task-WorkingMemory_run-3_eeg.set,250.0
63,PO4,25.830585479736328,147.9853515625,-0.7711004614830017,False,False,sub-002,sub-002_ses-01_task-WorkingMemory_run-3_eeg.set,250.0
64,PO8,77.63983917236328,449.3284606933594,1.1312898397445679,False,False,sub-002,sub-002_ses-01_task-WorkingMemory_run-3_eeg.set,250.0
65,PO10,70.35443878173828,376.55682373046875,0.8637763857841492,False,False,sub-002,sub-002_ses-01_task-WorkingMemory_run-3_eeg.set,250.0
66,O1,36.60658264160156,231.013427734375,-0.37541529536247253,False,False,sub-002,sub-002_ses-01_task-WorkingMemory_run-3_eeg.set,250.0
67,OZ,45.986289978027344,275.9462890625,-0.031000668182969093,False,False,sub-002,sub-002_ses-01_task-WorkingMemory_run-3_eeg.set,250.0
68,O2,87.6946792602539,485.3479919433594,1.5004947185516357,False,False,sub-002,sub-002_ses-01_task-WorkingMemory_run-3_eeg.set,250.0
69,LEYE,80.744140625,400.854736328125,1.2452771663665771,False,False,sub-002,sub-002_ses-01_task-WorkingMemory_run-3_eeg.set,250.0
70,REYE,125.22232055664062,632.967041015625,2.878477096557617,False,False,sub-002,sub-002_ses-01_task-WorkingMemory_run-3_eeg.set,250.0
0,FP1,55.234683990478516,278.3883056640625,0.09929776191711426,False,False,sub-002,sub-002_ses-01_task-WorkingMemory_run-4_eeg.set,250.0
1,FPZ,47.70923614501953,244.20025634765625,-0.16825491189956665,False,False,sub-002,sub-002_ses-01_task-WorkingMemory_run-4_eeg.set,250.0
2,FP2,65.2867431640625,344.8107604980469,0.45667919516563416,False,False,sub-002,sub-002_ses-01_task-WorkingMemory_run-4_eeg.set,250.0
3,AF7,52.44173812866211,268.1318664550781,0.0,False,False,sub-002,sub-002_ses-01_task-WorkingMemory_run-4_eeg.set,250.0
4,AF3,54.79587936401367,309.64593505859375,0.08369691669940948,False,False,sub-002,sub-002_ses-01_task-WorkingMemory_run-4_eeg.set,250.0
5,AFZ,60.825050354003906,317.4603271484375,0.2980523705482483,False,False,sub-002,sub-002_ses-01_task-WorkingMemory_run-4_eeg.set,250.0
6,AF4,60.449188232421875,408.7912292480469,0.2846893072128296,False,False,sub-002,sub-002_ses-01_task-WorkingMemory_run-4_eeg.set,250.0
7,AF8,100.16210174560547,554.5640869140625,1.69660484790802,False,False,sub-002,sub-002_ses-01_task-WorkingMemory_run-4_eeg.set,250.0
8,F9,51.63035202026367,286.20269775390625,-0.028847254812717438,False,False,sub-002,sub-002_ses-01_task-WorkingMemory_run-4_eeg.set,250.0
9,F7,33.03535842895508,170.940185546875,-0.6899561285972595,False,False,sub-002,sub-002_ses-01_task-WorkingMemory_run-4_eeg.set,250.0
10,F5,78.61328125,487.4237060546875,0.9304783940315247,False,False,sub-002,sub-002_ses-01_task-WorkingMemory_run-4_eeg.set,250.0
11,F3,34.22318649291992,186.56900024414062,-0.6477252244949341,False,False,sub-002,sub-002_ses-01_task-WorkingMemory_run-4_eeg.set,250.0
12,F1,58.06710433959961,367.018310546875,0.19999895989894867,False,False,sub-002,sub-002_ses-01_task-WorkingMemory_run-4_eeg.set,250.0
13,FZ,34.016517639160156,209.2649688720703,-0.6550728678703308,False,False,sub-002,sub-002_ses-01_task-WorkingMemory_run-4_eeg.set,250.0
14,F2,55.29059982299805,323.3211364746094,0.10128574073314667,False,False,sub-002,sub-002_ses-01_task-WorkingMemory_run-4_eeg.set,250.0
15,F4,57.88660430908203,335.5311279296875,0.19358164072036743,False,False,sub-002,sub-002_ses-01_task-WorkingMemory_run-4_eeg.set,250.0
16,F6,40.89248275756836,212.94261169433594,-0.4106113314628601,False,False,sub-002,sub-002_ses-01_task-WorkingMemory_run-4_eeg.set,250.0
17,F8,54.86671829223633,326.73992919921875,0.08621545881032944,False,False,sub-002,sub-002_ses-01_task-WorkingMemory_run-4_eeg.set,250.0
18,F10,33.4700927734375,185.33334350585938,-0.6744999885559082,False,False,sub-002,sub-002_ses-01_task-WorkingMemory_run-4_eeg.set,250.0
19,FT9,54.0399055480957,220.2686309814453,0.05681974068284035,False,False,sub-002,sub-002_ses-01_task-WorkingMemory_run-4_eeg.set,250.0
20,FT7,73.19992065429688,420.0244140625,0.7380168437957764,False,False,sub-002,sub-002_ses-01_task-WorkingMemory_run-4_eeg.set,250.0
21,FC5,28.698928833007812,140.1709442138672,-0.8441294431686401,False,False,sub-002,sub-002_ses-01_task-WorkingMemory_run-4_eeg.set,250.0
22,FC3,30.197847366333008,140.6593475341797,-0.7908383011817932,False,False,sub-002,sub-002_ses-01_task-WorkingMemory_run-4_eeg.set,250.0
23,FC1,64.01060485839844,358.974365234375,0.41130855679512024,False,False,sub-002,sub-002_ses-01_task-WorkingMemory_run-4_eeg.set,250.0
24,FCZ,32.01667404174805,169.96337890625,-0.726173460483551,False,False,sub-002,sub-002_ses-01_task-WorkingMemory_run-4_eeg.set,250.0
25,FC2,22.339153289794922,106.47130584716797,-1.0702389478683472,False,False,sub-002,sub-002_ses-01_task-WorkingMemory_run-4_eeg.set,250.0
26,FC4,86.94293975830078,534.7985229492188,1.2266231775283813,False,False,sub-002,sub-002_ses-01_task-WorkingMemory_run-4_eeg.set,250.0
27,FC6,28.430988311767578,162.1489715576172,-0.8536555171012878,False,False,sub-002,sub-002_ses-01_task-WorkingMemory_run-4_eeg.set,250.0
28,FT8,24.27066421508789,121.12332916259766,-1.0015677213668823,False,False,sub-002,sub-002_ses-01_task-WorkingMemory_run-4_eeg.set,250.0
29,FT10,75.20453643798828,399.023193359375,0.8092870712280273,False,False,sub-002,sub-002_ses-01_task-WorkingMemory_run-4_eeg.set,250.0
30,T7,56.6863899230957,318.925537109375,0.15091034770011902,False,False,sub-002,sub-002_ses-01_task-WorkingMemory_run-4_eeg.set,250.0
31,C5,24.520078659057617,115.75092315673828,-0.9927003383636475,False,False,sub-002,sub-002_ses-01_task-WorkingMemory_run-4_eeg.set,250.0
32,C3,67.9916000366211,363.8583679199219,0.5528451204299927,False,False,sub-002,sub-002_ses-01_task-WorkingMemory_run-4_eeg.set,250.0
33,C1,36.630340576171875,268.1318664550781,-0.5621435046195984,False,False,sub-002,sub-002_ses-01_task-WorkingMemory_run-4_eeg.set,250.0
34,CZ,25.342004776000977,135.7753448486328,-0.9634783864021301,False,False,sub-002,sub-002_ses-01_task-WorkingMemory_run-4_eeg.set,250.0
35,C2,64.36078643798828,351.15997314453125,0.4237586259841919,False,False,sub-002,sub-002_ses-01_task-WorkingMemory_run-4_eeg.set,250.0
36,C4,29.868873596191406,199.75579833984375,-0.8025343418121338,False,False,sub-002,sub-002_ses-01_task-WorkingMemory_run-4_eeg.set,250.0
37,C6,39.57571792602539,236.87423706054688,-0.4574263393878937,False,False,sub-002,sub-002_ses-01_task-WorkingMemory_run-4_eeg.set,250.0
38,T8,68.46340942382812,420.5128173828125,0.569619357585907,False,False,sub-002,sub-002_ses-01_task-WorkingMemory_run-4_eeg.set,250.0
39,TP9,28.435001373291016,170.940185546875,-0.8535128235816956,False,False,sub-002,sub-002_ses-01_task-WorkingMemory_run-4_eeg.set,250.0
40,TP7,163.54562377929688,911.3553466796875,3.950082778930664,False,False,sub-002,sub-002_ses-01_task-WorkingMemory_run-4_eeg.set,250.0
41,CP5,89.76876831054688,571.4285888671875,1.3270900249481201,False,False,sub-002,sub-002_ses-01_task-WorkingMemory_run-4_eeg.set,250.0
42,CP3,37.132476806640625,204.63980102539062,-0.5442910194396973,False,False,sub-002,sub-002_ses-01_task-WorkingMemory_run-4_eeg.set,250.0
43,CP1,65.48506164550781,383.8828125,0.4637300372123718,False,False,sub-002,sub-002_ses-01_task-WorkingMemory_run-4_eeg.set,250.0
44,CPZ,77.93509674072266,454.21246337890625,0.9063668847084045,False,False,sub-002,sub-002_ses-01_task-WorkingMemory_run-4_eeg.set,250.0
45,CP2,30.84366798400879,155.3113555908203,-0.7678773999214172,False,False,sub-002,sub-002_ses-01_task-WorkingMemory_run-4_eeg.set,250.0
46,CP4,64.77179718017578,412.69842529296875,0.43837130069732666,False,False,sub-002,sub-002_ses-01_task-WorkingMemory_run-4_eeg.set,250.0
47,CP6,59.4462890625,369.71917724609375,0.24903318285942078,False,False,sub-002,sub-002_ses-01_task-WorkingMemory_run-4_eeg.set,250.0
48,TP8,32.6579704284668,157.75335693359375,-0.7033734321594238,False,False,sub-002,sub-002_ses-01_task-WorkingMemory_run-4_eeg.set,250.0
49,TP10,32.9999885559082,188.5225830078125,-0.6912136077880859,False,False,sub-002,sub-002_ses-01_task-WorkingMemory_run-4_eeg.set,250.0
50,P7,85.36135864257812,504.7472839355469,1.1703931093215942,False,False,sub-002,sub-002_ses-01_task-WorkingMemory_run-4_eeg.set,250.0
51,P5,36.632877349853516,162.6373748779297,-0.5620533227920532,False,False,sub-002,sub-002_ses-01_task-WorkingMemory_run-4_eeg.set,250.0
52,P3,44.17425537109375,192.42979431152344,-0.29393428564071655,False,False,sub-002,sub-002_ses-01_task-WorkingMemory_run-4_eeg.set,250.0
53,P1,90.96536254882812,522.3297119140625,1.369632601737976,False,False,sub-002,sub-002_ses-01_task-WorkingMemory_run-4_eeg.set,250.0
54,PZ,32.79717254638672,179.73138427734375,-0.6984243392944336,False,False,sub-002,sub-002_ses-01_task-WorkingMemory_run-4_eeg.set,250.0
55,P2,30.957677841186523,133.33334350585938,-0.7638239860534668,False,False,sub-002,sub-002_ses-01_task-WorkingMemory_run-4_eeg.set,250.0
56,P4,115.13924407958984,685.2259521484375,2.229088068008423,False,False,sub-002,sub-002_ses-01_task-WorkingMemory_run-4_eeg.set,250.0
57,P6,32.69282913208008,171.42857360839844,-0.7021340727806091,False,False,sub-002,sub-002_ses-01_task-WorkingMemory_run-4_eeg.set,250.0
58,P8,53.45825958251953,315.9951171875,0.03614044561982155,False,False,sub-002,sub-002_ses-01_task-WorkingMemory_run-4_eeg.set,250.0
59,PO9,50.27082443237305,320.879150390625,-0.07718262076377869,False,False,sub-002,sub-002_ses-01_task-WorkingMemory_run-4_eeg.set,250.0
60,PO7,26.31028175354004,155.3113555908203,-0.9290531873703003,False,False,sub-002,sub-002_ses-01_task-WorkingMemory_run-4_eeg.set,250.0
61,PO3,78.0772476196289,412.21002197265625,0.9114207625389099,False,False,sub-002,sub-002_ses-01_task-WorkingMemory_run-4_eeg.set,250.0
62,POZ,37.320098876953125,224.4053955078125,-0.5376205444335938,False,False,sub-002,sub-002_ses-01_task-WorkingMemory_run-4_eeg.set,250.0
63,PO4,27.4774112701416,154.8229522705078,-0.887558102607727,False,False,sub-002,sub-002_ses-01_task-WorkingMemory_run-4_eeg.set,250.0
64,PO8,58.16525650024414,349.69476318359375,0.2034885734319687,False,False,sub-002,sub-002_ses-01_task-WorkingMemory_run-4_eeg.set,250.0
65,PO10,26.96782684326172,138.70574951171875,-0.90567547082901,False,False,sub-002,sub-002_ses-01_task-WorkingMemory_run-4_eeg.set,250.0
66,O1,49.461753845214844,300.854736328125,-0.10594754666090012,False,False,sub-002,sub-002_ses-01_task-WorkingMemory_run-4_eeg.set,250.0
67,OZ,60.35429000854492,342.8571472167969,0.281315416097641,False,False,sub-002,sub-002_ses-01_task-WorkingMemory_run-4_eeg.set,250.0
68,O2,21.187707901000977,104.51771545410156,-1.1111763715744019,False,False,sub-002,sub-002_ses-01_task-WorkingMemory_run-4_eeg.set,250.0
69,LEYE,77.05256652832031,530.4029541015625,0.8749902248382568,False,False,sub-002,sub-002_ses-01_task-WorkingMemory_run-4_eeg.set,250.0
70,REYE,76.45828247070312,453.72406005859375,0.8538616299629211,False,False,sub-002,sub-002_ses-01_task-WorkingMemory_run-4_eeg.set,250.0
0,FP1,44.68391418457031,283.32110595703125,1.9733624458312988,False,False,sub-003,sub-003_ses-01_task-WorkingMemory_run-1_eeg.set,250.0
1,FPZ,43.01883316040039,275.9462890625,1.6599894762039185,False,False,sub-003,sub-003_ses-01_task-WorkingMemory_run-1_eeg.set,250.0
2,FP2,47.061336517333984,308.66912841796875,2.42080020904541,False,False,sub-003,sub-003_ses-01_task-WorkingMemory_run-1_eeg.set,250.0
3,AF7,41.7863883972168,300.854736328125,1.4280399084091187,False,False,sub-003,sub-003_ses-01_task-WorkingMemory_run-1_eeg.set,250.0
4,AF3,37.73496627807617,276.923095703125,0.6655505299568176,False,False,sub-003,sub-003_ses-01_task-WorkingMemory_run-1_eeg.set,250.0
5,AFZ,40.57044982910156,301.83148193359375,1.199196696281433,False,False,sub-003,sub-003_ses-01_task-WorkingMemory_run-1_eeg.set,250.0
6,AF4,34.39253234863281,239.80465698242188,0.036494892090559006,False,False,sub-003,sub-003_ses-01_task-WorkingMemory_run-1_eeg.set,250.0
7,AF8,33.41272735595703,225.15264892578125,-0.14790722727775574,False,False,sub-003,sub-003_ses-01_task-WorkingMemory_run-1_eeg.set,250.0
8,F9,36.56059646606445,230.5250244140625,0.44453078508377075,False,False,sub-003,sub-003_ses-01_task-WorkingMemory_run-1_eeg.set,250.0
9,F7,33.73722457885742,225.64105224609375,-0.08683591336011887,False,False,sub-003,sub-003_ses-01_task-WorkingMemory_run-1_eeg.set,250.0
10,F5,39.511878967285156,258.8522644042969,0.9999706149101257,False,False,sub-003,sub-003_ses-01_task-WorkingMemory_run-1_eeg.set,250.0
11,F3,39.39061737060547,267.1550598144531,0.9771488308906555,False,False,sub-003,sub-003_ses-01_task-WorkingMemory_run-1_eeg.set,250.0
12,F1,34.823936462402344,231.013427734375,0.11768638342618942,False,False,sub-003,sub-003_ses-01_task-WorkingMemory_run-1_eeg.set,250.0
13,FZ,34.13743591308594,241.26983642578125,-0.011514991521835327,False,False,sub-003,sub-003_ses-01_task-WorkingMemory_run-1_eeg.set,250.0
14,F2,38.0872917175293,245.17706298828125,0.7318592071533203,False,False,sub-003,sub-003_ses-01_task-WorkingMemory_run-1_eeg.set,250.0
15,F4,32.23207473754883,201.22100830078125,-0.3701094090938568,False,False,sub-003,sub-003_ses-01_task-WorkingMemory_run-1_eeg.set,250.0
16,F6,40.303443908691406,257.3870849609375,1.1489454507827759,False,False,sub-003,sub-003_ses-01_task-WorkingMemory_run-1_eeg.set,250.0
17,F8,30.614721298217773,211.4774169921875,-0.6744999885559082,False,False,sub-003,sub-003_ses-01_task-WorkingMemory_run-1_eeg.set,250.0
18,F10,35.16449737548828,223.19903564453125,0.18178091943264008,False,False,sub-003,sub-003_ses-01_task-WorkingMemory_run-1_eeg.set,250.0
19,FT9,38.038509368896484,249.08425903320312,0.7226781845092773,False,False,sub-003,sub-003_ses-01_task-WorkingMemory_run-1_eeg.set,250.0
20,FT7,31.09331512451172,210.01220703125,-0.5844272375106812,False,False,sub-003,sub-003_ses-01_task-WorkingMemory_run-1_eeg.set,250.0
21,FC5,34.1986198425293,237.85104370117188,0.0,False,False,sub-003,sub-003_ses-01_task-WorkingMemory_run-1_eeg.set,250.0
22,FC3,30.722187042236328,220.75701904296875,-0.6542746424674988,False,False,sub-003,sub-003_ses-01_task-WorkingMemory_run-1_eeg.set,250.0
23,FC1,36.70344924926758,227.10623168945312,0.47141605615615845,False,False,sub-003,sub-003_ses-01_task-WorkingMemory_run-1_eeg.set,250.0
24,FCZ,30.163379669189453,202.68621826171875,-0.7594437599182129,False,False,sub-003,sub-003_ses-01_task-WorkingMemory_run-1_eeg.set,250.0
25,FC2,27.815452575683594,182.1733856201172,-1.2013304233551025,False,False,sub-003,sub-003_ses-01_task-WorkingMemory_run-1_eeg.set,250.0
26,FC4,31.070114135742188,209.03541564941406,-0.5887937545776367,False,False,sub-003,sub-003_ses-01_task-WorkingMemory_run-1_eeg.set,250.0
27,FC6,29.79700469970703,205.61660766601562,-0.8283966183662415,False,False,sub-003,sub-003_ses-01_task-WorkingMemory_run-1_eeg.set,250.0
28,FT8,30.531156539916992,221.24542236328125,-0.6902270913124084,False,False,sub-003,sub-003_ses-01_task-WorkingMemory_run-1_eeg.set,250.0
29,FT10,29.871143341064453,205.1282196044922,-0.8144434690475464,False,False,sub-003,sub-003_ses-01_task-WorkingMemory_run-1_eeg.set,250.0
30,T7,28.625486373901367,197.80221557617188,-1.0488797426223755,False,False,sub-003,sub-003_ses-01_task-WorkingMemory_run-1_eeg.set,250.0
31,C5,29.723453521728516,197.3137969970703,-0.8422391414642334,False,False,sub-003,sub-003_ses-01_task-WorkingMemory_run-1_eeg.set,250.0
32,C3,36.45573806762695,243.22344970703125,0.42479613423347473,False,False,sub-003,sub-003_ses-01_task-WorkingMemory_run-1_eeg.set,250.0
33,C1,30.284292221069336,192.42979431152344,-0.7366877198219299,False,False,sub-003,sub-003_ses-01_task-WorkingMemory_run-1_eeg.set,250.0
34,CZ,35.248165130615234,228.08303833007812,0.1975274384021759,False,False,sub-003,sub-003_ses-01_task-WorkingMemory_run-1_eeg.set,250.0
35,C2,30.242761611938477,198.7790069580078,-0.7445038557052612,False,False,sub-003,sub-003_ses-01_task-WorkingMemory_run-1_eeg.set,250.0
36,C4,32.74312973022461,208.05860900878906,-0.2739274203777313,False,False,sub-003,sub-003_ses-01_task-WorkingMemory_run-1_eeg.set,250.0
37,C6,36.589786529541016,212.94261169433594,0.45002442598342896,False,False,sub-003,sub-003_ses-01_task-WorkingMemory_run-1_eeg.set,250.0
38,T8,30.408857345581055,180.21978759765625,-0.7132441997528076,False,False,sub-003,sub-003_ses-01_task-WorkingMemory_run-1_eeg.set,250.0
39,TP9,37.905540466308594,229.54824829101562,0.69765305519104,False,False,sub-003,sub-003_ses-01_task-WorkingMemory_run-1_eeg.set,250.0
40,TP7,35.79689025878906,244.20025634765625,0.30079907178878784,False,False,sub-003,sub-003_ses-01_task-WorkingMemory_run-1_eeg.set,250.0
41,CP5,32.503238677978516,209.5238037109375,-0.3190755844116211,False,False,sub-003,sub-003_ses-01_task-WorkingMemory_run-1_eeg.set,250.0
42,CP3,32.45489501953125,199.2674102783203,-0.32817399501800537,False,False,sub-003,sub-003_ses-01_task-WorkingMemory_run-1_eeg.set,250.0
43,CP1,28.48329734802246,188.03419494628906,-1.075640082359314,False,False,sub-003,sub-003_ses-01_task-WorkingMemory_run-1_eeg.set,250.0
44,CPZ,34.17192077636719,239.31625366210938,-0.005024840589612722,False,False,sub-003,sub-003_ses-01_task-WorkingMemory_run-1_eeg.set,250.0
45,CP2,36.4539680480957,231.5018310546875,0.4244630038738251,False,False,sub-003,sub-003_ses-01_task-WorkingMemory_run-1_eeg.set,250.0
46,CP4,50.213623046875,309.15753173828125,3.0140695571899414,False,False,sub-003,sub-003_ses-01_task-WorkingMemory_run-1_eeg.set,250.0
47,CP6,45.7993049621582,307.20391845703125,2.1832823753356934,False,False,sub-003,sub-003_ses-01_task-WorkingMemory_run-1_eeg.set,250.0
48,TP8,34.258052825927734,212.45420837402344,0.011185457929968834,False,False,sub-003,sub-003_ses-01_task-WorkingMemory_run-1_eeg.set,250.0
49,TP10,31.491939544677734,205.61660766601562,-0.5094050168991089,False,False,sub-003,sub-003_ses-01_task-WorkingMemory_run-1_eeg.set,250.0
50,P7,53.773681640625,360.0000305175781,3.6840827465057373,False,False,sub-003,sub-003_ses-01_task-WorkingMemory_run-1_eeg.set,250.0
51,P5,37.137733459472656,236.87423706054688,0.5531496405601501,False,False,sub-003,sub-003_ses-01_task-WorkingMemory_run-1_eeg.set,250.0
52,P3,72.61314392089844,230.03663635253906,7.229723930358887,False,True,sub-003,sub-003_ses-01_task-WorkingMemory_run-1_eeg.set,250.0
53,P1,33.50284957885742,211.9658203125,-0.13094595074653625,False,False,sub-003,sub-003_ses-01_task-WorkingMemory_run-1_eeg.set,250.0
54,PZ,31.816240310668945,204.63980102539062,-0.44837066531181335,False,False,sub-003,sub-003_ses-01_task-WorkingMemory_run-1_eeg.set,250.0
55,P2,38.5277214050293,220.75701904296875,0.8147493004798889,False,False,sub-003,sub-003_ses-01_task-WorkingMemory_run-1_eeg.set,250.0
56,P4,30.32874298095703,189.4993896484375,-0.72832190990448,False,False,sub-003,sub-003_ses-01_task-WorkingMemory_run-1_eeg.set,250.0
57,P6,31.45549201965332,195.36019897460938,-0.5162644982337952,False,False,sub-003,sub-003_ses-01_task-WorkingMemory_run-1_eeg.set,250.0
58,P8,47.188114166259766,269.5970764160156,2.444659948348999,False,False,sub-003,sub-003_ses-01_task-WorkingMemory_run-1_eeg.set,250.0
59,PO9,30.890037536621094,177.7777862548828,-0.6226846575737,False,False,sub-003,sub-003_ses-01_task-WorkingMemory_run-1_eeg.set,250.0
60,PO7,33.259098052978516,211.96580505371094,-0.17682071030139923,False,False,sub-003,sub-003_ses-01_task-WorkingMemory_run-1_eeg.set,250.0
61,PO3,31.276350021362305,193.89498901367188,-0.549979567527771,False,False,sub-003,sub-003_ses-01_task-WorkingMemory_run-1_eeg.set,250.0
62,POZ,29.772401809692383,200.24420166015625,-0.8330269455909729,False,False,sub-003,sub-003_ses-01_task-WorkingMemory_run-1_eeg.set,250.0
63,PO4,35.324893951416016,225.64102172851562,0.21196801960468292,False,False,sub-003,sub-003_ses-01_task-WorkingMemory_run-1_eeg.set,250.0
64,PO8,31.85514259338379,189.4993896484375,-0.44104912877082825,False,False,sub-003,sub-003_ses-01_task-WorkingMemory_run-1_eeg.set,250.0
65,PO10,30.51081657409668,199.2674102783203,-0.6940551400184631,False,False,sub-003,sub-003_ses-01_task-WorkingMemory_run-1_eeg.set,250.0
66,O1,29.857437133789062,189.010986328125,-0.8170230388641357,False,False,sub-003,sub-003_ses-01_task-WorkingMemory_run-1_eeg.set,250.0
67,OZ,48.68556594848633,278.876708984375,2.726485013961792,False,False,sub-003,sub-003_ses-01_task-WorkingMemory_run-1_eeg.set,250.0
68,O2,57.414039611816406,351.64837646484375,4.369208335876465,False,False,sub-003,sub-003_ses-01_task-WorkingMemory_run-1_eeg.set,250.0
69,LEYE,37.333465576171875,226.17828369140625,0.5899869203567505,False,False,sub-003,sub-003_ses-01_task-WorkingMemory_run-1_eeg.set,250.0
70,REYE,60.018394470214844,355.0671691894531,4.859355449676514,False,False,sub-003,sub-003_ses-01_task-WorkingMemory_run-1_eeg.set,250.0
0,FP1,93.37977600097656,454.2124938964844,11.081067085266113,False,True,sub-003,sub-003_ses-01_task-WorkingMemory_run-2_eeg.set,250.0
1,FPZ,48.91901397705078,240.78143310546875,2.781512498855591,False,False,sub-003,sub-003_ses-01_task-WorkingMemory_run-2_eeg.set,250.0
2,FP2,40.193756103515625,224.1758270263672,1.152755856513977,False,False,sub-003,sub-003_ses-01_task-WorkingMemory_run-2_eeg.set,250.0
3,AF7,43.66716003417969,215.38462829589844,1.8011411428451538,False,False,sub-003,sub-003_ses-01_task-WorkingMemory_run-2_eeg.set,250.0
4,AF3,37.36726760864258,218.80343627929688,0.6251311898231506,False,False,sub-003,sub-003_ses-01_task-WorkingMemory_run-2_eeg.set,250.0
5,AFZ,34.018436431884766,204.6398162841797,0.0,False,False,sub-003,sub-003_ses-01_task-WorkingMemory_run-2_eeg.set,250.0
6,AF4,33.336551666259766,217.33822631835938,-0.12728841602802277,False,False,sub-003,sub-003_ses-01_task-WorkingMemory_run-2_eeg.set,250.0
7,AF8,27.457502365112305,182.1733856201172,-1.2247390747070312,False,False,sub-003,sub-003_ses-01_task-WorkingMemory_run-2_eeg.set,250.0
8,F9,29.677976608276367,206.10501098632812,-0.8102399110794067,False,False,sub-003,sub-003_ses-01_task-WorkingMemory_run-2_eeg.set,250.0
9,F7,30.566476821899414,190.4761962890625,-0.6443822979927063,False,False,sub-003,sub-003_ses-01_task-WorkingMemory_run-2_eeg.set,250.0
10,F5,30.72100067138672,207.08181762695312,-0.6155371069908142,False,False,sub-003,sub-003_ses-01_task-WorkingMemory_run-2_eeg.set,250.0
11,F3,34.032466888427734,204.6398162841797,0.0026190856005996466,False,False,sub-003,sub-003_ses-01_task-WorkingMemory_run-2_eeg.set,250.0
12,F1,30.659992218017578,181.1965789794922,-0.6269255876541138,False,False,sub-003,sub-003_ses-01_task-WorkingMemory_run-2_eeg.set,250.0
13,FZ,30.857450485229492,192.4298095703125,-0.5900658369064331,False,False,sub-003,sub-003_ses-01_task-WorkingMemory_run-2_eeg.set,250.0
14,F2,30.574851989746094,194.38339233398438,-0.6428188681602478,False,False,sub-003,sub-003_ses-01_task-WorkingMemory_run-2_eeg.set,250.0
15,F4,31.768400192260742,203.1746063232422,-0.4200175106525421,False,False,sub-003,sub-003_ses-01_task-WorkingMemory_run-2_eeg.set,250.0
16,F6,45.138431549072266,275.4578857421875,2.0757856369018555,False,False,sub-003,sub-003_ses-01_task-WorkingMemory_run-2_eeg.set,250.0
17,F8,47.25348663330078,224.66424560546875,2.4706058502197266,False,False,sub-003,sub-003_ses-01_task-WorkingMemory_run-2_eeg.set,250.0
18,F10,35.69816207885742,217.33822631835938,0.31355682015419006,False,False,sub-003,sub-003_ses-01_task-WorkingMemory_run-2_eeg.set,250.0
19,FT9,32.03946304321289,201.70941162109375,-0.36941781640052795,False,False,sub-003,sub-003_ses-01_task-WorkingMemory_run-2_eeg.set,250.0
20,FT7,38.17258071899414,209.52381896972656,0.7754601240158081,False,False,sub-003,sub-003_ses-01_task-WorkingMemory_run-2_eeg.set,250.0
21,FC5,35.73200607299805,211.9658203125,0.31987452507019043,False,False,sub-003,sub-003_ses-01_task-WorkingMemory_run-2_eeg.set,250.0
22,FC3,29.201976776123047,178.75457763671875,-0.8990954756736755,False,False,sub-003,sub-003_ses-01_task-WorkingMemory_run-2_eeg.set,250.0
23,FC1,48.89120101928711,304.76190185546875,2.776320219039917,False,False,sub-003,sub-003_ses-01_task-WorkingMemory_run-2_eeg.set,250.0
24,FCZ,31.537511825561523,217.33822631835938,-0.463117778301239,False,False,sub-003,sub-003_ses-01_task-WorkingMemory_run-2_eeg.set,250.0
25,FC2,37.631736755371094,230.52503967285156,0.6744999885559082,False,False,sub-003,sub-003_ses-01_task-WorkingMemory_run-2_eeg.set,250.0
26,FC4,40.96171951293945,271.0622863769531,1.2961126565933228,False,False,sub-003,sub-003_ses-01_task-WorkingMemory_run-2_eeg.set,250.0
27,FC6,31.173799514770508,208.05862426757812,-0.5310124754905701,False,False,sub-003,sub-003_ses-01_task-WorkingMemory_run-2_eeg.set,250.0
28,FT8,33.28104782104492,211.9658203125,-0.13764940202236176,False,False,sub-003,sub-003_ses-01_task-WorkingMemory_run-2_eeg.set,250.0
29,FT10,30.56346321105957,186.08059692382812,-0.6449448466300964,False,False,sub-003,sub-003_ses-01_task-WorkingMemory_run-2_eeg.set,250.0
30,T7,33.578739166259766,211.4774169921875,-0.08207892626523972,False,False,sub-003,sub-003_ses-01_task-WorkingMemory_run-2_eeg.set,250.0
31,C5,60.12946319580078,264.22467041015625,4.874183177947998,False,False,sub-003,sub-003_ses-01_task-WorkingMemory_run-2_eeg.set,250.0
32,C3,38.434730529785156,214.906005859375,0.824396014213562,False,False,sub-003,sub-003_ses-01_task-WorkingMemory_run-2_eeg.set,250.0
33,C1,55.46690368652344,416.1172180175781,4.0038161277771,False,False,sub-003,sub-003_ses-01_task-WorkingMemory_run-2_eeg.set,250.0
34,CZ,33.696441650390625,231.013427734375,-0.06010723114013672,False,False,sub-003,sub-003_ses-01_task-WorkingMemory_run-2_eeg.set,250.0
35,C2,36.5842399597168,237.36265563964844,0.478962242603302,False,False,sub-003,sub-003_ses-01_task-WorkingMemory_run-2_eeg.set,250.0
36,C4,36.478607177734375,249.57266235351562,0.4592435956001282,False,False,sub-003,sub-003_ses-01_task-WorkingMemory_run-2_eeg.set,250.0
37,C6,28.947267532348633,182.1733856201172,-0.9466423988342285,False,False,sub-003,sub-003_ses-01_task-WorkingMemory_run-2_eeg.set,250.0
38,T8,30.404184341430664,195.84860229492188,-0.6746776700019836,False,False,sub-003,sub-003_ses-01_task-WorkingMemory_run-2_eeg.set,250.0
39,TP9,54.086524963378906,282.7839050292969,3.7461390495300293,False,False,sub-003,sub-003_ses-01_task-WorkingMemory_run-2_eeg.set,250.0
40,TP7,32.87466812133789,181.68499755859375,-0.21350888907909393,False,False,sub-003,sub-003_ses-01_task-WorkingMemory_run-2_eeg.set,250.0
41,CP5,32.28390884399414,190.4761962890625,-0.32378676533699036,False,False,sub-003,sub-003_ses-01_task-WorkingMemory_run-2_eeg.set,250.0
42,CP3,39.1475715637207,294.01708984375,0.9574630856513977,False,False,sub-003,sub-003_ses-01_task-WorkingMemory_run-2_eeg.set,250.0
43,CP1,30.431692123413086,172.89376831054688,-0.6695427894592285,False,False,sub-003,sub-003_ses-01_task-WorkingMemory_run-2_eeg.set,250.0
44,CPZ,27.811214447021484,165.07937622070312,-1.1587111949920654,False,False,sub-003,sub-003_ses-01_task-WorkingMemory_run-2_eeg.set,250.0
45,CP2,39.69300842285156,275.4578857421875,1.059280514717102,False,False,sub-003,sub-003_ses-01_task-WorkingMemory_run-2_eeg.set,250.0
46,CP4,43.54757308959961,243.22344970703125,1.7788176536560059,False,False,sub-003,sub-003_ses-01_task-WorkingMemory_run-2_eeg.set,250.0
47,CP6,33.2511100769043,184.12698364257812,-0.1432379186153412,False,False,sub-003,sub-003_ses-01_task-WorkingMemory_run-2_eeg.set,250.0
48,TP8,31.730379104614258,191.94140625,-0.42711496353149414,False,False,sub-003,sub-003_ses-01_task-WorkingMemory_run-2_eeg.set,250.0
49,TP10,29.39204216003418,168.009765625,-0.8636156916618347,False,False,sub-003,sub-003_ses-01_task-WorkingMemory_run-2_eeg.set,250.0
50,P7,32.725887298583984,180.70819091796875,-0.24128201603889465,False,False,sub-003,sub-003_ses-01_task-WorkingMemory_run-2_eeg.set,250.0
51,P5,32.79724884033203,204.15139770507812,-0.22796085476875305,False,False,sub-003,sub-003_ses-01_task-WorkingMemory_run-2_eeg.set,250.0
52,P3,40.65898513793945,212.4542236328125,1.2396008968353271,False,False,sub-003,sub-003_ses-01_task-WorkingMemory_run-2_eeg.set,250.0
53,P1,44.23734664916992,248.5958709716797,1.907578706741333,False,False,sub-003,sub-003_ses-01_task-WorkingMemory_run-2_eeg.set,250.0
54,PZ,42.3914794921875,188.5225830078125,1.5630079507827759,False,False,sub-003,sub-003_ses-01_task-WorkingMemory_run-2_eeg.set,250.0
55,P2,36.64209747314453,176.80099487304688,0.4897626042366028,False,False,sub-003,sub-003_ses-01_task-WorkingMemory_run-2_eeg.set,250.0
56,P4,30.590951919555664,163.61416625976562,-0.6398134231567383,False,False,sub-003,sub-003_ses-01_task-WorkingMemory_run-2_eeg.set,250.0
57,P6,41.7904052734375,189.01100158691406,1.450804591178894,False,False,sub-003,sub-003_ses-01_task-WorkingMemory_run-2_eeg.set,250.0
58,P8,33.7816162109375,168.4981689453125,-0.04420757293701172,False,False,sub-003,sub-003_ses-01_task-WorkingMemory_run-2_eeg.set,250.0
59,PO9,37.42774963378906,221.24542236328125,0.6364214420318604,False,False,sub-003,sub-003_ses-01_task-WorkingMemory_run-2_eeg.set,250.0
60,PO7,32.14095687866211,180.22955322265625,-0.3504718244075775,False,False,sub-003,sub-003_ses-01_task-WorkingMemory_run-2_eeg.set,250.0
61,PO3,40.28114700317383,216.36141967773438,1.1690692901611328,False,False,sub-003,sub-003_ses-01_task-WorkingMemory_run-2_eeg.set,250.0
62,POZ,33.55740737915039,177.77777099609375,-0.08606095612049103,False,False,sub-003,sub-003_ses-01_task-WorkingMemory_run-2_eeg.set,250.0
63,PO4,28.41396713256836,156.7765655517578,-1.0461944341659546,False,False,sub-003,sub-003_ses-01_task-WorkingMemory_run-2_eeg.set,250.0
64,PO8,57.6181640625,336.996337890625,4.4053955078125,False,False,sub-003,sub-003_ses-01_task-WorkingMemory_run-2_eeg.set,250.0
65,PO10,34.04661560058594,186.56900024414062,0.0052602458745241165,False,False,sub-003,sub-003_ses-01_task-WorkingMemory_run-2_eeg.set,250.0
66,O1,24.20290756225586,136.75213623046875,-1.8322789669036865,False,False,sub-003,sub-003_ses-01_task-WorkingMemory_run-2_eeg.set,250.0
67,OZ,25.03343963623047,148.4737548828125,-1.677242398262024,False,False,sub-003,sub-003_ses-01_task-WorkingMemory_run-2_eeg.set,250.0
68,O2,102.12632751464844,522.5885009765625,12.713799476623535,False,True,sub-003,sub-003_ses-01_task-WorkingMemory_run-2_eeg.set,250.0
69,LEYE,70.40959930419922,341.88037109375,6.793190956115723,False,True,sub-003,sub-003_ses-01_task-WorkingMemory_run-2_eeg.set,250.0
70,REYE,87.21527099609375,413.18682861328125,9.930329322814941,False,True,sub-003,sub-003_ses-01_task-WorkingMemory_run-2_eeg.set,250.0
0,FP1,38.609413146972656,209.52381896972656,1.0480177402496338,False,False,sub-003,sub-003_ses-01_task-WorkingMemory_run-3_eeg.set,250.0
1,FPZ,29.75387191772461,162.63735961914062,-0.1903468668460846,False,False,sub-003,sub-003_ses-01_task-WorkingMemory_run-3_eeg.set,250.0
2,FP2,54.467010498046875,270.5738525390625,3.265554666519165,False,False,sub-003,sub-003_ses-01_task-WorkingMemory_run-3_eeg.set,250.0
3,AF7,42.979583740234375,203.6630096435547,1.6591452360153198,False,False,sub-003,sub-003_ses-01_task-WorkingMemory_run-3_eeg.set,250.0
4,AF3,29.295562744140625,158.24176025390625,-0.254437118768692,False,False,sub-003,sub-003_ses-01_task-WorkingMemory_run-3_eeg.set,250.0
5,AFZ,64.35494995117188,287.17950439453125,4.648290157318115,False,False,sub-003,sub-003_ses-01_task-WorkingMemory_run-3_eeg.set,250.0
6,AF4,40.344078063964844,198.7790069580078,1.290594458580017,False,False,sub-003,sub-003_ses-01_task-WorkingMemory_run-3_eeg.set,250.0
7,AF8,31.115041732788086,161.73870849609375,0.0,False,False,sub-003,sub-003_ses-01_task-WorkingMemory_run-3_eeg.set,250.0
8,F9,31.934673309326172,151.89254760742188,0.11461780965328217,False,False,sub-003,sub-003_ses-01_task-WorkingMemory_run-3_eeg.set,250.0
9,F7,27.081302642822266,154.82296752929688,-0.5640807151794434,False,False,sub-003,sub-003_ses-01_task-WorkingMemory_run-3_eeg.set,250.0
10,F5,25.7796630859375,139.1941375732422,-0.7461028099060059,False,False,sub-003,sub-003_ses-01_task-WorkingMemory_run-3_eeg.set,250.0
11,F3,27.223590850830078,153.35775756835938,-0.5441830158233643,False,False,sub-003,sub-003_ses-01_task-WorkingMemory_run-3_eeg.set,250.0
12,F1,28.13677406311035,156.77655029296875,-0.4164828956127167,False,False,sub-003,sub-003_ses-01_task-WorkingMemory_run-3_eeg.set,250.0
13,FZ,28.592525482177734,151.40415954589844,-0.35275033116340637,False,False,sub-003,sub-003_ses-01_task-WorkingMemory_run-3_eeg.set,250.0
14,F2,29.813648223876953,179.24298095703125,-0.1819877177476883,False,False,sub-003,sub-003_ses-01_task-WorkingMemory_run-3_eeg.set,250.0
15,F4,26.86827850341797,148.4737548828125,-0.5938701033592224,False,False,sub-003,sub-003_ses-01_task-WorkingMemory_run-3_eeg.set,250.0
16,F6,26.29169464111328,144.07815551757812,-0.6744999885559082,False,False,sub-003,sub-003_ses-01_task-WorkingMemory_run-3_eeg.set,250.0
17,F8,26.2818546295166,146.5201416015625,-0.6758760213851929,False,False,sub-003,sub-003_ses-01_task-WorkingMemory_run-3_eeg.set,250.0
18,F10,28.270383834838867,155.7997589111328,-0.3977988064289093,False,False,sub-003,sub-003_ses-01_task-WorkingMemory_run-3_eeg.set,250.0
19,FT9,24.70733642578125,131.37973022460938,-0.896057665348053,False,False,sub-003,sub-003_ses-01_task-WorkingMemory_run-3_eeg.set,250.0
20,FT7,27.30265235900879,146.5201416015625,-0.5331270098686218,False,False,sub-003,sub-003_ses-01_task-WorkingMemory_run-3_eeg.set,250.0
21,FC5,27.530858993530273,146.5201416015625,-0.5012144446372986,False,False,sub-003,sub-003_ses-01_task-WorkingMemory_run-3_eeg.set,250.0
22,FC3,41.78273391723633,227.59463500976562,1.4917770624160767,False,False,sub-003,sub-003_ses-01_task-WorkingMemory_run-3_eeg.set,250.0
23,FC1,26.587631225585938,134.31015014648438,-0.6331160068511963,False,False,sub-003,sub-003_ses-01_task-WorkingMemory_run-3_eeg.set,250.0
24,FCZ,26.822603225708008,150.42735290527344,-0.6002573370933533,False,False,sub-003,sub-003_ses-01_task-WorkingMemory_run-3_eeg.set,250.0
25,FC2,25.27661895751953,142.61294555664062,-0.8164488673210144,False,False,sub-003,sub-003_ses-01_task-WorkingMemory_run-3_eeg.set,250.0
26,FC4,26.751384735107422,146.52015686035156,-0.6102166175842285,False,False,sub-003,sub-003_ses-01_task-WorkingMemory_run-3_eeg.set,250.0
27,FC6,26.569644927978516,143.10134887695312,-0.6356312036514282,False,False,sub-003,sub-003_ses-01_task-WorkingMemory_run-3_eeg.set,250.0
28,FT8,39.40061950683594,267.72161865234375,1.1586605310440063,False,False,sub-003,sub-003_ses-01_task-WorkingMemory_run-3_eeg.set,250.0
29,FT10,65.98108673095703,365.8119812011719,4.87568998336792,False,False,sub-003,sub-003_ses-01_task-WorkingMemory_run-3_eeg.set,250.0
30,T7,29.690996170043945,153.35775756835938,-0.19913946092128754,False,False,sub-003,sub-003_ses-01_task-WorkingMemory_run-3_eeg.set,250.0
31,C5,26.20980453491211,135.2869415283203,-0.6859515905380249,False,False,sub-003,sub-003_ses-01_task-WorkingMemory_run-3_eeg.set,250.0
32,C3,26.854379653930664,133.33334350585938,-0.5958137512207031,False,False,sub-003,sub-003_ses-01_task-WorkingMemory_run-3_eeg.set,250.0
33,C1,26.114084243774414,135.7753448486328,-0.6993371248245239,False,False,sub-003,sub-003_ses-01_task-WorkingMemory_run-3_eeg.set,250.0
34,CZ,28.62567710876465,144.56655883789062,-0.34811437129974365,False,False,sub-003,sub-003_ses-01_task-WorkingMemory_run-3_eeg.set,250.0
35,C2,32.5969352722168,171.9169921875,0.20722895860671997,False,False,sub-003,sub-003_ses-01_task-WorkingMemory_run-3_eeg.set,250.0
36,C4,44.43403244018555,241.75823974609375,1.8625361919403076,False,False,sub-003,sub-003_ses-01_task-WorkingMemory_run-3_eeg.set,250.0
37,C6,41.758750915527344,248.10745239257812,1.488423228263855,False,False,sub-003,sub-003_ses-01_task-WorkingMemory_run-3_eeg.set,250.0
38,T8,36.032379150390625,204.71795654296875,0.6876436471939087,False,False,sub-003,sub-003_ses-01_task-WorkingMemory_run-3_eeg.set,250.0
39,TP9,26.741796493530273,144.56655883789062,-0.6115574240684509,False,False,sub-003,sub-003_ses-01_task-WorkingMemory_run-3_eeg.set,250.0
40,TP7,31.1779727935791,174.35897827148438,0.008800320327281952,False,False,sub-003,sub-003_ses-01_task-WorkingMemory_run-3_eeg.set,250.0
41,CP5,24.414241790771484,134.3101348876953,-0.9370442032814026,False,False,sub-003,sub-003_ses-01_task-WorkingMemory_run-3_eeg.set,250.0
42,CP3,30.96451759338379,168.4981689453125,-0.021049393340945244,False,False,sub-003,sub-003_ses-01_task-WorkingMemory_run-3_eeg.set,250.0
43,CP1,45.60374069213867,220.7570343017578,2.026108980178833,False,False,sub-003,sub-003_ses-01_task-WorkingMemory_run-3_eeg.set,250.0
44,CPZ,32.09046173095703,153.84616088867188,0.13640336692333221,False,False,sub-003,sub-003_ses-01_task-WorkingMemory_run-3_eeg.set,250.0
45,CP2,30.98141860961914,161.1721649169922,-0.018685944378376007,False,False,sub-003,sub-003_ses-01_task-WorkingMemory_run-3_eeg.set,250.0
46,CP4,42.852970123291016,197.31381225585938,1.6414395570755005,False,False,sub-003,sub-003_ses-01_task-WorkingMemory_run-3_eeg.set,250.0
47,CP6,36.04241943359375,175.82418823242188,0.6890476942062378,False,False,sub-003,sub-003_ses-01_task-WorkingMemory_run-3_eeg.set,250.0
48,TP8,77.15718841552734,294.993896484375,6.438563346862793,False,True,sub-003,sub-003_ses-01_task-WorkingMemory_run-3_eeg.set,250.0
49,TP10,29.318017959594727,157.2649688720703,-0.2512969672679901,False,False,sub-003,sub-003_ses-01_task-WorkingMemory_run-3_eeg.set,250.0
50,P7,28.564510345458984,147.9853515625,-0.35666796565055847,False,False,sub-003,sub-003_ses-01_task-WorkingMemory_run-3_eeg.set,250.0
51,P5,26.739530563354492,139.6825408935547,-0.6118743419647217,False,False,sub-003,sub-003_ses-01_task-WorkingMemory_run-3_eeg.set,250.0
52,P3,39.762962341308594,191.4530029296875,1.2093307971954346,False,False,sub-003,sub-003_ses-01_task-WorkingMemory_run-3_eeg.set,250.0
53,P1,79.62042236328125,303.7851257324219,6.783023357391357,False,True,sub-003,sub-003_ses-01_task-WorkingMemory_run-3_eeg.set,250.0
54,PZ,35.5261116027832,214.89622497558594,0.6168469190597534,False,False,sub-003,sub-003_ses-01_task-WorkingMemory_run-3_eeg.set,250.0
55,P2,24.84884262084961,130.40292358398438,-0.8762693405151367,False,False,sub-003,sub-003_ses-01_task-WorkingMemory_run-3_eeg.set,250.0
56,P4,31.278303146362305,169.96336364746094,0.022830581292510033,False,False,sub-003,sub-003_ses-01_task-WorkingMemory_run-3_eeg.set,250.0
57,P6,37.7231330871582,187.54579162597656,0.9240797758102417,False,False,sub-003,sub-003_ses-01_task-WorkingMemory_run-3_eeg.set,250.0
58,P8,31.07745361328125,154.33456420898438,-0.005256346892565489,False,False,sub-003,sub-003_ses-01_task-WorkingMemory_run-3_eeg.set,250.0
59,PO9,40.44275665283203,183.1501922607422,1.3043936491012573,False,False,sub-003,sub-003_ses-01_task-WorkingMemory_run-3_eeg.set,250.0
60,PO7,72.2186279296875,282.29547119140625,5.747951984405518,False,False,sub-003,sub-003_ses-01_task-WorkingMemory_run-3_eeg.set,250.0
61,PO3,78.58767700195312,435.1648254394531,6.638603687286377,False,True,sub-003,sub-003_ses-01_task-WorkingMemory_run-3_eeg.set,250.0
62,POZ,91.89956665039062,434.18804931640625,8.500146865844727,False,True,sub-003,sub-003_ses-01_task-WorkingMemory_run-3_eeg.set,250.0
63,PO4,91.82376861572266,370.2076110839844,8.489547729492188,False,True,sub-003,sub-003_ses-01_task-WorkingMemory_run-3_eeg.set,250.0
64,PO8,29.087087631225586,150.4273681640625,-0.2835904359817505,False,False,sub-003,sub-003_ses-01_task-WorkingMemory_run-3_eeg.set,250.0
65,PO10,48.829444885253906,229.059814453125,2.477193593978882,False,False,sub-003,sub-003_ses-01_task-WorkingMemory_run-3_eeg.set,250.0
66,O1,140.2339630126953,595.8485717773438,15.259260177612305,False,True,sub-003,sub-003_ses-01_task-WorkingMemory_run-3_eeg.set,250.0
67,OZ,67.33314514160156,371.67279052734375,5.064763069152832,False,False,sub-003,sub-003_ses-01_task-WorkingMemory_run-3_eeg.set,250.0
68,O2,32.76292037963867,187.54579162597656,0.2304404377937317,False,False,sub-003,sub-003_ses-01_task-WorkingMemory_run-3_eeg.set,250.0
69,LEYE,33.00382995605469,188.03421020507812,0.2641293704509735,False,False,sub-003,sub-003_ses-01_task-WorkingMemory_run-3_eeg.set,250.0
70,REYE,114.45733642578125,498.65692138671875,11.654640197753906,False,True,sub-003,sub-003_ses-01_task-WorkingMemory_run-3_eeg.set,250.0
0,FP1,64.1766128540039,325.76312255859375,6.712095260620117,False,True,sub-003,sub-003_ses-01_task-WorkingMemory_run-4_eeg.set,250.0
1,FPZ,68.61224365234375,317.94873046875,7.641664028167725,False,True,sub-003,sub-003_ses-01_task-WorkingMemory_run-4_eeg.set,250.0
2,FP2,63.5147590637207,290.5982971191406,6.573392391204834,False,True,sub-003,sub-003_ses-01_task-WorkingMemory_run-4_eeg.set,250.0
3,AF7,43.30841064453125,205.61660766601562,2.3387794494628906,False,False,sub-003,sub-003_ses-01_task-WorkingMemory_run-4_eeg.set,250.0
4,AF3,47.358856201171875,229.05984497070312,3.1876251697540283,False,False,sub-003,sub-003_ses-01_task-WorkingMemory_run-4_eeg.set,250.0
5,AFZ,41.762451171875,225.6410369873047,2.0147953033447266,False,False,sub-003,sub-003_ses-01_task-WorkingMemory_run-4_eeg.set,250.0
6,AF4,63.33394241333008,244.20025634765625,6.53549861907959,False,True,sub-003,sub-003_ses-01_task-WorkingMemory_run-4_eeg.set,250.0
7,AF8,30.655370712280273,159.7069549560547,-0.31289803981781006,False,False,sub-003,sub-003_ses-01_task-WorkingMemory_run-4_eeg.set,250.0
8,F9,27.43958854675293,137.14285278320312,-0.9868244528770447,False,False,sub-003,sub-003_ses-01_task-WorkingMemory_run-4_eeg.set,250.0
9,F7,34.230472564697266,169.96337890625,0.4363304078578949,False,False,sub-003,sub-003_ses-01_task-WorkingMemory_run-4_eeg.set,250.0
10,F5,26.77135467529297,149.4505615234375,-1.1268651485443115,False,False,sub-003,sub-003_ses-01_task-WorkingMemory_run-4_eeg.set,250.0
11,F3,28.738889694213867,156.7765655517578,-0.7145319581031799,False,False,sub-003,sub-003_ses-01_task-WorkingMemory_run-4_eeg.set,250.0
12,F1,26.566757202148438,136.26373291015625,-1.1697423458099365,False,False,sub-003,sub-003_ses-01_task-WorkingMemory_run-4_eeg.set,250.0
13,FZ,30.892141342163086,160.09768676757812,-0.26327839493751526,False,False,sub-003,sub-003_ses-01_task-WorkingMemory_run-4_eeg.set,250.0
14,F2,34.42061233520508,213.91941833496094,0.4761776924133301,False,False,sub-003,sub-003_ses-01_task-WorkingMemory_run-4_eeg.set,250.0
15,F4,31.787540435791016,176.31259155273438,-0.0756310299038887,False,False,sub-003,sub-003_ses-01_task-WorkingMemory_run-4_eeg.set,250.0
16,F6,30.908451080322266,156.77655029296875,-0.25986039638519287,False,False,sub-003,sub-003_ses-01_task-WorkingMemory_run-4_eeg.set,250.0
17,F8,34.510826110839844,210.50062561035156,0.49508365988731384,False,False,sub-003,sub-003_ses-01_task-WorkingMemory_run-4_eeg.set,250.0
18,F10,27.652904510498047,154.33456420898438,-0.9421201348304749,False,False,sub-003,sub-003_ses-01_task-WorkingMemory_run-4_eeg.set,250.0
19,FT9,28.000551223754883,143.58975219726562,-0.8692643642425537,False,False,sub-003,sub-003_ses-01_task-WorkingMemory_run-4_eeg.set,250.0
20,FT7,28.71413230895996,155.7997589111328,-0.7197203040122986,False,False,sub-003,sub-003_ses-01_task-WorkingMemory_run-4_eeg.set,250.0
21,FC5,32.14842987060547,200.63491821289062,0.0,False,False,sub-003,sub-003_ses-01_task-WorkingMemory_run-4_eeg.set,250.0
22,FC3,29.626623153686523,181.6849822998047,-0.5284910798072815,False,False,sub-003,sub-003_ses-01_task-WorkingMemory_run-4_eeg.set,250.0
23,FC1,28.03826141357422,158.73016357421875,-0.8613615036010742,False,False,sub-003,sub-003_ses-01_task-WorkingMemory_run-4_eeg.set,250.0
24,FCZ,30.356361389160156,157.26495361328125,-0.3755609393119812,False,False,sub-003,sub-003_ses-01_task-WorkingMemory_run-4_eeg.set,250.0
25,FC2,30.253707885742188,157.7533721923828,-0.397073894739151,False,False,sub-003,sub-003_ses-01_task-WorkingMemory_run-4_eeg.set,250.0
26,FC4,38.66233825683594,215.38461303710938,1.3651094436645508,False,False,sub-003,sub-003_ses-01_task-WorkingMemory_run-4_eeg.set,250.0
27,FC6,41.344966888427734,270.5738830566406,1.927303671836853,False,False,sub-003,sub-003_ses-01_task-WorkingMemory_run-4_eeg.set,250.0
28,FT8,32.660743713378906,170.94017028808594,0.10736480355262756,False,False,sub-003,sub-003_ses-01_task-WorkingMemory_run-4_eeg.set,250.0
29,FT10,27.361093521118164,134.3101348876953,-1.0032745599746704,False,False,sub-003,sub-003_ses-01_task-WorkingMemory_run-4_eeg.set,250.0
30,T7,27.198678970336914,150.42735290527344,-1.0373114347457886,False,False,sub-003,sub-003_ses-01_task-WorkingMemory_run-4_eeg.set,250.0
31,C5,29.04593276977539,171.91697692871094,-0.6501854062080383,False,False,sub-003,sub-003_ses-01_task-WorkingMemory_run-4_eeg.set,250.0
32,C3,29.682170867919922,169.96337890625,-0.5168499946594238,False,False,sub-003,sub-003_ses-01_task-WorkingMemory_run-4_eeg.set,250.0
33,C1,31.606830596923828,175.33578491210938,-0.11350210756063461,False,False,sub-003,sub-003_ses-01_task-WorkingMemory_run-4_eeg.set,250.0
34,CZ,33.27547836303711,177.28936767578125,0.23619377613067627,False,False,sub-003,sub-003_ses-01_task-WorkingMemory_run-4_eeg.set,250.0
35,C2,29.38749885559082,163.61416625976562,-0.578603982925415,False,False,sub-003,sub-003_ses-01_task-WorkingMemory_run-4_eeg.set,250.0
36,C4,30.39472198486328,183.63858032226562,-0.3675217926502228,False,False,sub-003,sub-003_ses-01_task-WorkingMemory_run-4_eeg.set,250.0
37,C6,32.71200942993164,172.40538024902344,0.11810848116874695,False,False,sub-003,sub-003_ses-01_task-WorkingMemory_run-4_eeg.set,250.0
38,T8,44.35258483886719,270.08544921875,2.557605504989624,False,False,sub-003,sub-003_ses-01_task-WorkingMemory_run-4_eeg.set,250.0
39,TP9,37.34430694580078,170.4517822265625,1.0888917446136475,False,False,sub-003,sub-003_ses-01_task-WorkingMemory_run-4_eeg.set,250.0
40,TP7,36.090240478515625,167.03297424316406,0.8260790109634399,False,False,sub-003,sub-003_ses-01_task-WorkingMemory_run-4_eeg.set,250.0
41,CP5,30.708200454711914,174.35897827148438,-0.3018265962600708,False,False,sub-003,sub-003_ses-01_task-WorkingMemory_run-4_eeg.set,250.0
42,CP3,29.166696548461914,151.40415954589844,-0.6248771548271179,False,False,sub-003,sub-003_ses-01_task-WorkingMemory_run-4_eeg.set,250.0
43,CP1,34.530792236328125,163.61416625976562,0.49926793575286865,False,False,sub-003,sub-003_ses-01_task-WorkingMemory_run-4_eeg.set,250.0
44,CPZ,41.05707550048828,198.2906036376953,1.8669708967208862,False,False,sub-003,sub-003_ses-01_task-WorkingMemory_run-4_eeg.set,250.0
45,CP2,113.90801239013672,449.3284606933594,17.134227752685547,False,True,sub-003,sub-003_ses-01_task-WorkingMemory_run-4_eeg.set,250.0
46,CP4,112.40904998779297,384.3711853027344,16.820091247558594,False,True,sub-003,sub-003_ses-01_task-WorkingMemory_run-4_eeg.set,250.0
47,CP6,31.037912368774414,154.82296752929688,-0.23272940516471863,False,False,sub-003,sub-003_ses-01_task-WorkingMemory_run-4_eeg.set,250.0
48,TP8,29.36559295654297,145.54335021972656,-0.5831947326660156,False,False,sub-003,sub-003_ses-01_task-WorkingMemory_run-4_eeg.set,250.0
49,TP10,43.34030532836914,185.59219360351562,2.345463514328003,False,False,sub-003,sub-003_ses-01_task-WorkingMemory_run-4_eeg.set,250.0
50,P7,49.56117248535156,214.89622497558594,3.6491611003875732,False,False,sub-003,sub-003_ses-01_task-WorkingMemory_run-4_eeg.set,250.0
51,P5,39.24625778198242,199.75579833984375,1.4874805212020874,False,False,sub-003,sub-003_ses-01_task-WorkingMemory_run-4_eeg.set,250.0
52,P3,29.466354370117188,147.9853515625,-0.5620782971382141,False,False,sub-003,sub-003_ses-01_task-WorkingMemory_run-4_eeg.set,250.0
53,P1,34.37174606323242,173.38218688964844,0.4659368693828583,False,False,sub-003,sub-003_ses-01_task-WorkingMemory_run-4_eeg.set,250.0
54,PZ,37.346553802490234,162.1489715576172,1.089362621307373,False,False,sub-003,sub-003_ses-01_task-WorkingMemory_run-4_eeg.set,250.0
55,P2,30.257953643798828,153.2600860595703,-0.39618411660194397,False,False,sub-003,sub-003_ses-01_task-WorkingMemory_run-4_eeg.set,250.0
56,P4,82.20330810546875,292.5519104003906,10.489922523498535,False,True,sub-003,sub-003_ses-01_task-WorkingMemory_run-4_eeg.set,250.0
57,P6,34.556068420410156,171.42857360839844,0.5045650005340576,False,False,sub-003,sub-003_ses-01_task-WorkingMemory_run-4_eeg.set,250.0
58,P8,29.35806655883789,157.2649688720703,-0.5847720503807068,False,False,sub-003,sub-003_ses-01_task-WorkingMemory_run-4_eeg.set,250.0
59,PO9,30.126794815063477,166.05618286132812,-0.4236708879470825,False,False,sub-003,sub-003_ses-01_task-WorkingMemory_run-4_eeg.set,250.0
60,PO7,29.606449127197266,173.87057495117188,-0.5327188968658447,False,False,sub-003,sub-003_ses-01_task-WorkingMemory_run-4_eeg.set,250.0
61,PO3,29.59263801574707,166.05616760253906,-0.5356132984161377,False,False,sub-003,sub-003_ses-01_task-WorkingMemory_run-4_eeg.set,250.0
62,POZ,30.885099411010742,181.68499755859375,-0.26475417613983154,False,False,sub-003,sub-003_ses-01_task-WorkingMemory_run-4_eeg.set,250.0
63,PO4,38.409873962402344,219.2918243408203,1.312200903892517,False,False,sub-003,sub-003_ses-01_task-WorkingMemory_run-4_eeg.set,250.0
64,PO8,38.666358947753906,221.2454376220703,1.3659521341323853,False,False,sub-003,sub-003_ses-01_task-WorkingMemory_run-4_eeg.set,250.0
65,PO10,33.762882232666016,210.989013671875,0.3383382558822632,False,False,sub-003,sub-003_ses-01_task-WorkingMemory_run-4_eeg.set,250.0
66,O1,28.92991065979004,172.89376831054688,-0.674500048160553,False,False,sub-003,sub-003_ses-01_task-WorkingMemory_run-4_eeg.set,250.0
67,OZ,29.603116989135742,165.07937622070312,-0.5334172248840332,False,False,sub-003,sub-003_ses-01_task-WorkingMemory_run-4_eeg.set,250.0
68,O2,89.00139617919922,396.5811767578125,11.914586067199707,False,True,sub-003,sub-003_ses-01_task-WorkingMemory_run-4_eeg.set,250.0
69,LEYE,114.7426528930664,545.5433349609375,17.309141159057617,False,True,sub-003,sub-003_ses-01_task-WorkingMemory_run-4_eeg.set,250.0
70,REYE,124.41943359375,611.4774780273438,19.337087631225586,False,True,sub-003,sub-003_ses-01_task-WorkingMemory_run-4_eeg.set,250.0
0,FP1,78.78071594238281,460.5616760253906,-0.2407989799976349,False,False,sub-004,sub-004_ses-01_task-WorkingMemory_run-1_eeg.set,250.0
1,FPZ,67.2340087890625,384.3712158203125,-0.41619694232940674,False,False,sub-004,sub-004_ses-01_task-WorkingMemory_run-1_eeg.set,250.0
2,FP2,44.015655517578125,241.7582550048828,-0.7688907980918884,False,False,sub-004,sub-004_ses-01_task-WorkingMemory_run-1_eeg.set,250.0
3,AF7,52.65153503417969,300.8547058105469,-0.6377091407775879,False,False,sub-004,sub-004_ses-01_task-WorkingMemory_run-1_eeg.set,250.0
4,AF3,60.76523971557617,385.3479919433594,-0.5144595503807068,False,False,sub-004,sub-004_ses-01_task-WorkingMemory_run-1_eeg.set,250.0
5,AFZ,40.2344970703125,239.3162384033203,-0.8263278007507324,False,False,sub-004,sub-004_ses-01_task-WorkingMemory_run-1_eeg.set,250.0
6,AF4,43.615142822265625,252.01466369628906,-0.7749747037887573,False,False,sub-004,sub-004_ses-01_task-WorkingMemory_run-1_eeg.set,250.0
7,AF8,32.08282470703125,179.24298095703125,-0.9501541256904602,False,False,sub-004,sub-004_ses-01_task-WorkingMemory_run-1_eeg.set,250.0
8,F9,55.49971008300781,358.4859619140625,-0.5944445133209229,False,False,sub-004,sub-004_ses-01_task-WorkingMemory_run-1_eeg.set,250.0
9,F7,49.293235778808594,300.8547058105469,-0.6887227296829224,False,False,sub-004,sub-004_ses-01_task-WorkingMemory_run-1_eeg.set,250.0
10,F5,34.23131561279297,189.4993896484375,-0.917517900466919,False,False,sub-004,sub-004_ses-01_task-WorkingMemory_run-1_eeg.set,250.0
11,F3,35.06001663208008,197.31381225585938,-0.9049296379089355,False,False,sub-004,sub-004_ses-01_task-WorkingMemory_run-1_eeg.set,250.0
12,F1,50.531471252441406,307.69232177734375,-0.6699135899543762,False,False,sub-004,sub-004_ses-01_task-WorkingMemory_run-1_eeg.set,250.0
13,FZ,40.880714416503906,229.05984497070312,-0.8165115118026733,False,False,sub-004,sub-004_ses-01_task-WorkingMemory_run-1_eeg.set,250.0
14,F2,33.02730941772461,179.73138427734375,-0.9358071684837341,False,False,sub-004,sub-004_ses-01_task-WorkingMemory_run-1_eeg.set,250.0
15,F4,42.2553825378418,243.71185302734375,-0.7956299185752869,False,False,sub-004,sub-004_ses-01_task-WorkingMemory_run-1_eeg.set,250.0
16,F6,44.760528564453125,199.2674102783203,-0.7575759291648865,False,False,sub-004,sub-004_ses-01_task-WorkingMemory_run-1_eeg.set,250.0
17,F8,50.22954177856445,327.4139404296875,-0.6744999885559082,False,False,sub-004,sub-004_ses-01_task-WorkingMemory_run-1_eeg.set,250.0
18,F10,34.442657470703125,197.31381225585938,-0.9143075346946716,False,False,sub-004,sub-004_ses-01_task-WorkingMemory_run-1_eeg.set,250.0
19,FT9,27.052827835083008,134.31015014648438,-1.0265613794326782,False,False,sub-004,sub-004_ses-01_task-WorkingMemory_run-1_eeg.set,250.0
20,FT7,59.49140548706055,387.3016052246094,-0.5338094830513,False,False,sub-004,sub-004_ses-01_task-WorkingMemory_run-1_eeg.set,250.0
21,FC5,60.100608825683594,236.87423706054688,-0.524555504322052,False,False,sub-004,sub-004_ses-01_task-WorkingMemory_run-1_eeg.set,250.0
22,FC3,44.501529693603516,194.56900024414062,-0.7615102529525757,False,False,sub-004,sub-004_ses-01_task-WorkingMemory_run-1_eeg.set,250.0
23,FC1,55.63479232788086,226.12942504882812,-0.59239262342453,False,False,sub-004,sub-004_ses-01_task-WorkingMemory_run-1_eeg.set,250.0
24,FCZ,37.32122802734375,216.36141967773438,-0.8705812096595764,False,False,sub-004,sub-004_ses-01_task-WorkingMemory_run-1_eeg.set,250.0
25,FC2,42.723411560058594,202.68621826171875,-0.7885203957557678,False,False,sub-004,sub-004_ses-01_task-WorkingMemory_run-1_eeg.set,250.0
26,FC4,53.04536437988281,355.0671691894531,-0.6317268013954163,False,False,sub-004,sub-004_ses-01_task-WorkingMemory_run-1_eeg.set,250.0
27,FC6,33.069976806640625,156.7765655517578,-0.9351589679718018,False,False,sub-004,sub-004_ses-01_task-WorkingMemory_run-1_eeg.set,250.0
28,FT8,49.15391159057617,206.10501098632812,-0.6908391118049622,False,False,sub-004,sub-004_ses-01_task-WorkingMemory_run-1_eeg.set,250.0
29,FT10,41.126625061035156,189.010986328125,-0.8127760291099548,False,False,sub-004,sub-004_ses-01_task-WorkingMemory_run-1_eeg.set,250.0
30,T7,68.23639678955078,315.20391845703125,-0.4009703993797302,False,False,sub-004,sub-004_ses-01_task-WorkingMemory_run-1_eeg.set,250.0
31,C5,70.36170196533203,406.8376159667969,-0.36868634819984436,False,False,sub-004,sub-004_ses-01_task-WorkingMemory_run-1_eeg.set,250.0
32,C3,62.985191345214844,233.4554443359375,-0.4807377755641937,False,False,sub-004,sub-004_ses-01_task-WorkingMemory_run-1_eeg.set,250.0
33,C1,77.16539001464844,500.0049133300781,-0.265336275100708,False,False,sub-004,sub-004_ses-01_task-WorkingMemory_run-1_eeg.set,250.0
34,CZ,68.37881469726562,299.8778991699219,-0.39880701899528503,False,False,sub-004,sub-004_ses-01_task-WorkingMemory_run-1_eeg.set,250.0
35,C2,107.47676849365234,1048.595947265625,0.1951027810573578,False,False,sub-004,sub-004_ses-01_task-WorkingMemory_run-1_eeg.set,250.0
36,C4,107.1921615600586,237.05984497070312,0.19077952206134796,False,False,sub-004,sub-004_ses-01_task-WorkingMemory_run-1_eeg.set,250.0
37,C6,102.66231536865234,395.5555725097656,0.12196977436542511,False,False,sub-004,sub-004_ses-01_task-WorkingMemory_run-1_eeg.set,250.0
38,T8,167.7606658935547,661.4798583984375,1.1108335256576538,False,False,sub-004,sub-004_ses-01_task-WorkingMemory_run-1_eeg.set,250.0
39,TP9,118.70433044433594,1075.4578857421875,0.365652859210968,False,False,sub-004,sub-004_ses-01_task-WorkingMemory_run-1_eeg.set,250.0
40,TP7,117.75669860839844,1077.4114990234375,0.3512580394744873,False,False,sub-004,sub-004_ses-01_task-WorkingMemory_run-1_eeg.set,250.0
41,CP5,109.93148803710938,1036.874267578125,0.23239071667194366,False,False,sub-004,sub-004_ses-01_task-WorkingMemory_run-1_eeg.set,250.0
42,CP3,115.9668960571289,1042.2467041015625,0.32407039403915405,False,False,sub-004,sub-004_ses-01_task-WorkingMemory_run-1_eeg.set,250.0
43,CP1,100.94084167480469,705.6215209960938,0.09582006931304932,False,False,sub-004,sub-004_ses-01_task-WorkingMemory_run-1_eeg.set,250.0
44,CPZ,188.4437713623047,617.3382568359375,1.425016164779663,False,False,sub-004,sub-004_ses-01_task-WorkingMemory_run-1_eeg.set,250.0
45,CP2,122.64066314697266,1066.666748046875,0.42544692754745483,False,False,sub-004,sub-004_ses-01_task-WorkingMemory_run-1_eeg.set,250.0
46,CP4,139.9571990966797,621.91943359375,0.6884903907775879,False,False,sub-004,sub-004_ses-01_task-WorkingMemory_run-1_eeg.set,250.0
47,CP6,118.61392211914062,1111.2967529296875,0.36427953839302063,False,False,sub-004,sub-004_ses-01_task-WorkingMemory_run-1_eeg.set,250.0
48,TP8,212.7303009033203,1432.478759765625,1.7939358949661255,False,False,sub-004,sub-004_ses-01_task-WorkingMemory_run-1_eeg.set,250.0
49,TP10,140.1797332763672,1321.1234130859375,0.6918707489967346,False,False,sub-004,sub-004_ses-01_task-WorkingMemory_run-1_eeg.set,250.0
50,P7,120.70237731933594,1114.5299072265625,0.3960038125514984,False,False,sub-004,sub-004_ses-01_task-WorkingMemory_run-1_eeg.set,250.0
51,P5,117.46029663085938,1071.736328125,0.34675559401512146,False,False,sub-004,sub-004_ses-01_task-WorkingMemory_run-1_eeg.set,250.0
52,P3,158.5417938232422,717.157470703125,0.9707960486412048,False,False,sub-004,sub-004_ses-01_task-WorkingMemory_run-1_eeg.set,250.0
53,P1,183.48875427246094,1423.1990966796875,1.3497480154037476,False,False,sub-004,sub-004_ses-01_task-WorkingMemory_run-1_eeg.set,250.0
54,PZ,214.1478271484375,1423.1990966796875,1.8154685497283936,False,False,sub-004,sub-004_ses-01_task-WorkingMemory_run-1_eeg.set,250.0
55,P2,382.1761169433594,1099.8779296875,4.3678693771362305,False,False,sub-004,sub-004_ses-01_task-WorkingMemory_run-1_eeg.set,250.0
56,P4,223.80149841308594,2000.0001220703125,1.9621108770370483,False,False,sub-004,sub-004_ses-01_task-WorkingMemory_run-1_eeg.set,250.0
57,P6,245.2013397216797,1852.991455078125,2.2871811389923096,False,False,sub-004,sub-004_ses-01_task-WorkingMemory_run-1_eeg.set,250.0
58,P8,150.32748413085938,555.3114013671875,0.8460181951522827,False,False,sub-004,sub-004_ses-01_task-WorkingMemory_run-1_eeg.set,250.0
59,PO9,126.87822723388672,1130.647216796875,0.4898168444633484,False,False,sub-004,sub-004_ses-01_task-WorkingMemory_run-1_eeg.set,250.0
60,PO7,148.86314392089844,1306.471435546875,0.8237744569778442,False,False,sub-004,sub-004_ses-01_task-WorkingMemory_run-1_eeg.set,250.0
61,PO3,127.29269409179688,1189.74365234375,0.49611273407936096,False,False,sub-004,sub-004_ses-01_task-WorkingMemory_run-1_eeg.set,250.0
62,POZ,119.68476867675781,1105.73876953125,0.38054603338241577,False,False,sub-004,sub-004_ses-01_task-WorkingMemory_run-1_eeg.set,250.0
63,PO4,126.48210906982422,1214.652099609375,0.48379969596862793,False,False,sub-004,sub-004_ses-01_task-WorkingMemory_run-1_eeg.set,250.0
64,PO8,117.38614654541016,1037.85107421875,0.3456292450428009,False,False,sub-004,sub-004_ses-01_task-WorkingMemory_run-1_eeg.set,250.0
65,PO10,101.80868530273438,723.5067749023438,0.10900288075208664,False,False,sub-004,sub-004_ses-01_task-WorkingMemory_run-1_eeg.set,250.0
66,O1,94.63286590576172,564.776611328125,0.0,False,False,sub-004,sub-004_ses-01_task-WorkingMemory_run-1_eeg.set,250.0
67,OZ,118.4498519897461,1082.2955322265625,0.36178722977638245,False,False,sub-004,sub-004_ses-01_task-WorkingMemory_run-1_eeg.set,250.0
68,O2,152.9837646484375,654.945068359375,0.886367917060852,False,False,sub-004,sub-004_ses-01_task-WorkingMemory_run-1_eeg.set,250.0
69,LEYE,173.32696533203125,1071.5506591796875,1.195387363433838,False,False,sub-004,sub-004_ses-01_task-WorkingMemory_run-1_eeg.set,250.0
70,REYE,828.416015625,2000.0001220703125,11.14638900756836,False,True,sub-004,sub-004_ses-01_task-WorkingMemory_run-1_eeg.set,250.0
0,FP1,68.20700073242188,452.8937683105469,-0.46321573853492737,False,False,sub-004,sub-004_ses-01_task-WorkingMemory_run-2_eeg.set,250.0
1,FPZ,61.12667465209961,375.5799865722656,-0.5364176034927368,False,False,sub-004,sub-004_ses-01_task-WorkingMemory_run-2_eeg.set,250.0
2,FP2,22.741052627563477,112.33211517333984,-0.9332775473594666,False,False,sub-004,sub-004_ses-01_task-WorkingMemory_run-2_eeg.set,250.0
3,AF7,25.46491241455078,127.96092987060547,-0.9051161408424377,False,False,sub-004,sub-004_ses-01_task-WorkingMemory_run-2_eeg.set,250.0
4,AF3,283.9125671386719,1075.9462890625,1.7669135332107544,False,False,sub-004,sub-004_ses-01_task-WorkingMemory_run-2_eeg.set,250.0
5,AFZ,254.8247833251953,1125.76318359375,1.4661816358566284,False,False,sub-004,sub-004_ses-01_task-WorkingMemory_run-2_eeg.set,250.0
6,AF4,26.00286102294922,115.26252746582031,-0.899554431438446,False,False,sub-004,sub-004_ses-01_task-WorkingMemory_run-2_eeg.set,250.0
7,AF8,62.330997467041016,325.5677795410156,-0.523966372013092,False,False,sub-004,sub-004_ses-01_task-WorkingMemory_run-2_eeg.set,250.0
8,F9,32.5379524230957,217.82662963867188,-0.8319896459579468,False,False,sub-004,sub-004_ses-01_task-WorkingMemory_run-2_eeg.set,250.0
9,F7,226.49575805664062,1119.560546875,1.1732945442199707,False,False,sub-004,sub-004_ses-01_task-WorkingMemory_run-2_eeg.set,250.0
10,F5,811.2478637695312,2000.0001220703125,7.218908786773682,False,True,sub-004,sub-004_ses-01_task-WorkingMemory_run-2_eeg.set,250.0
11,F3,118.50663757324219,0.0,0.056820377707481384,False,False,sub-004,sub-004_ses-01_task-WorkingMemory_run-2_eeg.set,250.0
12,F1,438.1088562011719,2000.0001220703125,3.3611128330230713,False,False,sub-004,sub-004_ses-01_task-WorkingMemory_run-2_eeg.set,250.0
13,FZ,589.7882690429688,2000.0001220703125,4.929290771484375,False,False,sub-004,sub-004_ses-01_task-WorkingMemory_run-2_eeg.set,250.0
14,F2,326.07177734375,2000.0001220703125,2.2027876377105713,False,False,sub-004,sub-004_ses-01_task-WorkingMemory_run-2_eeg.set,250.0
15,F4,361.9028625488281,2000.0001220703125,2.5732369422912598,False,False,sub-004,sub-004_ses-01_task-WorkingMemory_run-2_eeg.set,250.0
16,F6,390.089599609375,2000.0001220703125,2.8646528720855713,False,False,sub-004,sub-004_ses-01_task-WorkingMemory_run-2_eeg.set,250.0
17,F8,6.103515625e-05,0.0,-1.1683913469314575,False,False,sub-004,sub-004_ses-01_task-WorkingMemory_run-2_eeg.set,250.0
18,F10,368.29571533203125,2000.0001220703125,2.639331102371216,False,False,sub-004,sub-004_ses-01_task-WorkingMemory_run-2_eeg.set,250.0
19,FT9,119.92716979980469,0.0,0.07150692492723465,False,False,sub-004,sub-004_ses-01_task-WorkingMemory_run-2_eeg.set,250.0
20,FT7,18.529237747192383,97.68011474609375,-0.9768224954605103,False,False,sub-004,sub-004_ses-01_task-WorkingMemory_run-2_eeg.set,250.0
21,FC5,174.58595275878906,611.9658203125,0.6366112232208252,False,False,sub-004,sub-004_ses-01_task-WorkingMemory_run-2_eeg.set,250.0
22,FC3,68.42765808105469,255.921875,-0.46093443036079407,False,False,sub-004,sub-004_ses-01_task-WorkingMemory_run-2_eeg.set,250.0
23,FC1,36.11365509033203,165.56777954101562,-0.7950213551521301,False,False,sub-004,sub-004_ses-01_task-WorkingMemory_run-2_eeg.set,250.0
24,FCZ,25.56165313720703,118.33944702148438,-0.9041159749031067,False,False,sub-004,sub-004_ses-01_task-WorkingMemory_run-2_eeg.set,250.0
25,FC2,48.79702377319336,118.68132019042969,-0.6638909578323364,False,False,sub-004,sub-004_ses-01_task-WorkingMemory_run-2_eeg.set,250.0
26,FC4,118.06999969482422,447.8632507324219,0.05230608209967613,False,False,sub-004,sub-004_ses-01_task-WorkingMemory_run-2_eeg.set,250.0
27,FC6,153.31341552734375,1415.873046875,0.4166795015335083,False,False,sub-004,sub-004_ses-01_task-WorkingMemory_run-2_eeg.set,250.0
28,FT8,132.77215576171875,1066.3248291015625,0.20430821180343628,False,False,sub-004,sub-004_ses-01_task-WorkingMemory_run-2_eeg.set,250.0
29,FT10,88.10191345214844,636.874267578125,-0.2575269341468811,False,False,sub-004,sub-004_ses-01_task-WorkingMemory_run-2_eeg.set,250.0
30,T7,72.56775665283203,539.6825561523438,-0.41813090443611145,False,False,sub-004,sub-004_ses-01_task-WorkingMemory_run-2_eeg.set,250.0
31,C5,86.53688049316406,611.9658203125,-0.27370744943618774,False,False,sub-004,sub-004_ses-01_task-WorkingMemory_run-2_eeg.set,250.0
32,C3,47.61791229248047,200.24420166015625,-0.6760815382003784,False,False,sub-004,sub-004_ses-01_task-WorkingMemory_run-2_eeg.set,250.0
33,C1,74.98509216308594,393.6507873535156,-0.39313867688179016,False,False,sub-004,sub-004_ses-01_task-WorkingMemory_run-2_eeg.set,250.0
34,CZ,27.15839385986328,143.58975219726562,-0.8876076340675354,False,False,sub-004,sub-004_ses-01_task-WorkingMemory_run-2_eeg.set,250.0
35,C2,47.77088165283203,122.10012817382812,-0.6744999885559082,False,False,sub-004,sub-004_ses-01_task-WorkingMemory_run-2_eeg.set,250.0
36,C4,139.4218292236328,1262.1734619140625,0.27305763959884644,False,False,sub-004,sub-004_ses-01_task-WorkingMemory_run-2_eeg.set,250.0
37,C6,112.80874633789062,994.871826171875,-0.002088781911879778,False,False,sub-004,sub-004_ses-01_task-WorkingMemory_run-2_eeg.set,250.0
38,T8,113.01078033447266,1004.6398315429688,0.0,False,False,sub-004,sub-004_ses-01_task-WorkingMemory_run-2_eeg.set,250.0
39,TP9,92.51901245117188,721.3675537109375,-0.2118595689535141,False,False,sub-004,sub-004_ses-01_task-WorkingMemory_run-2_eeg.set,250.0
40,TP7,34.90168762207031,160.6837615966797,-0.8075515627861023,False,False,sub-004,sub-004_ses-01_task-WorkingMemory_run-2_eeg.set,250.0
41,CP5,59.885467529296875,406.8376159667969,-0.5492501258850098,False,False,sub-004,sub-004_ses-01_task-WorkingMemory_run-2_eeg.set,250.0
42,CP3,27.99423599243164,153.84616088867188,-0.8789660334587097,False,False,sub-004,sub-004_ses-01_task-WorkingMemory_run-2_eeg.set,250.0
43,CP1,18.696836471557617,85.95848846435547,-0.9750897288322449,False,False,sub-004,sub-004_ses-01_task-WorkingMemory_run-2_eeg.set,250.0
44,CPZ,50.21568298339844,187.54580688476562,-0.6492237448692322,False,False,sub-004,sub-004_ses-01_task-WorkingMemory_run-2_eeg.set,250.0
45,CP2,67.93138122558594,481.07452392578125,-0.46606531739234924,False,False,sub-004,sub-004_ses-01_task-WorkingMemory_run-2_eeg.set,250.0
46,CP4,31.858539581298828,206.10501098632812,-0.839013934135437,False,False,sub-004,sub-004_ses-01_task-WorkingMemory_run-2_eeg.set,250.0
47,CP6,59.79975509643555,382.906005859375,-0.5501362681388855,False,False,sub-004,sub-004_ses-01_task-WorkingMemory_run-2_eeg.set,250.0
48,TP8,20.11931800842285,92.79609680175781,-0.9603830575942993,False,False,sub-004,sub-004_ses-01_task-WorkingMemory_run-2_eeg.set,250.0
49,TP10,36.94465637207031,199.90232849121094,-0.786429762840271,False,False,sub-004,sub-004_ses-01_task-WorkingMemory_run-2_eeg.set,250.0
50,P7,105.45368957519531,379.4871826171875,-0.07813098281621933,False,False,sub-004,sub-004_ses-01_task-WorkingMemory_run-2_eeg.set,250.0
51,P5,154.61404418945312,449.8168640136719,0.4301263689994812,False,False,sub-004,sub-004_ses-01_task-WorkingMemory_run-2_eeg.set,250.0
52,P3,116.53543853759766,1025.64111328125,0.03644061088562012,False,False,sub-004,sub-004_ses-01_task-WorkingMemory_run-2_eeg.set,250.0
53,P1,132.98257446289062,1171.1844482421875,0.20648369193077087,False,False,sub-004,sub-004_ses-01_task-WorkingMemory_run-2_eeg.set,250.0
54,PZ,129.77577209472656,1214.652099609375,0.17332932353019714,False,False,sub-004,sub-004_ses-01_task-WorkingMemory_run-2_eeg.set,250.0
55,P2,114.29299926757812,1002.6862182617188,0.013256560079753399,False,False,sub-004,sub-004_ses-01_task-WorkingMemory_run-2_eeg.set,250.0
56,P4,126.2483139038086,1135.042724609375,0.13685975968837738,False,False,sub-004,sub-004_ses-01_task-WorkingMemory_run-2_eeg.set,250.0
57,P6,87.32488250732422,598.7789916992188,-0.26556047797203064,False,False,sub-004,sub-004_ses-01_task-WorkingMemory_run-2_eeg.set,250.0
58,P8,183.1754608154297,480.5860900878906,0.7254161834716797,False,False,sub-004,sub-004_ses-01_task-WorkingMemory_run-2_eeg.set,250.0
59,PO9,177.93417358398438,1311.84375,0.671227753162384,False,False,sub-004,sub-004_ses-01_task-WorkingMemory_run-2_eeg.set,250.0
60,PO7,192.7852783203125,1244.444580078125,0.8247697949409485,False,False,sub-004,sub-004_ses-01_task-WorkingMemory_run-2_eeg.set,250.0
61,PO3,128.35430908203125,1127.2283935546875,0.15863314270973206,False,False,sub-004,sub-004_ses-01_task-WorkingMemory_run-2_eeg.set,250.0
62,POZ,130.7515106201172,1225.88525390625,0.18341724574565887,False,False,sub-004,sub-004_ses-01_task-WorkingMemory_run-2_eeg.set,250.0
63,PO4,119.18672180175781,100.12210083007812,0.06385160237550735,False,False,sub-004,sub-004_ses-01_task-WorkingMemory_run-2_eeg.set,250.0
64,PO8,282.9966735839844,2000.0001220703125,1.7574442625045776,False,False,sub-004,sub-004_ses-01_task-WorkingMemory_run-2_eeg.set,250.0
65,PO10,194.13632202148438,1560.439697265625,0.8387379050254822,False,False,sub-004,sub-004_ses-01_task-WorkingMemory_run-2_eeg.set,250.0
66,O1,233.31451416015625,1569.37744140625,1.2437920570373535,False,False,sub-004,sub-004_ses-01_task-WorkingMemory_run-2_eeg.set,250.0
67,OZ,189.83229064941406,747.1063232421875,0.7942395806312561,False,False,sub-004,sub-004_ses-01_task-WorkingMemory_run-2_eeg.set,250.0
68,O2,881.1254272460938,2000.0001220703125,7.941357135772705,False,True,sub-004,sub-004_ses-01_task-WorkingMemory_run-2_eeg.set,250.0
69,LEYE,35.15876007080078,0.0,-0.8048937916755676,False,False,sub-004,sub-004_ses-01_task-WorkingMemory_run-2_eeg.set,250.0
70,REYE,592.201904296875,2000.0001220703125,4.954244613647461,False,False,sub-004,sub-004_ses-01_task-WorkingMemory_run-2_eeg.set,250.0
0,FP1,62.773406982421875,361.0696105957031,6.497956275939941,False,True,sub-004,sub-004_ses-01_task-WorkingMemory_run-3_eeg.set,250.0
1,FPZ,43.404151916503906,303.29669189453125,3.024463415145874,False,False,sub-004,sub-004_ses-01_task-WorkingMemory_run-3_eeg.set,250.0
2,FP2,35.645301818847656,254.45668029785156,1.6330668926239014,False,False,sub-004,sub-004_ses-01_task-WorkingMemory_run-3_eeg.set,250.0
3,AF7,32.382564544677734,230.03665161132812,1.0479594469070435,False,False,sub-004,sub-004_ses-01_task-WorkingMemory_run-3_eeg.set,250.0
4,AF3,34.0345458984375,229.05984497070312,1.3442096710205078,False,False,sub-004,sub-004_ses-01_task-WorkingMemory_run-3_eeg.set,250.0
5,AFZ,41.76968002319336,277.4114990234375,2.731353282928467,False,False,sub-004,sub-004_ses-01_task-WorkingMemory_run-3_eeg.set,250.0
6,AF4,38.72007751464844,253.4798583984375,2.184467077255249,False,False,sub-004,sub-004_ses-01_task-WorkingMemory_run-3_eeg.set,250.0
7,AF8,34.352928161621094,230.52505493164062,1.4013051986694336,False,False,sub-004,sub-004_ses-01_task-WorkingMemory_run-3_eeg.set,250.0
8,F9,34.63063430786133,237.50428771972656,1.451106309890747,False,False,sub-004,sub-004_ses-01_task-WorkingMemory_run-3_eeg.set,250.0
9,F7,30.024877548217773,199.7558135986328,0.6251547932624817,False,False,sub-004,sub-004_ses-01_task-WorkingMemory_run-3_eeg.set,250.0
10,F5,30.295452117919922,197.8022003173828,0.6736770272254944,False,False,sub-004,sub-004_ses-01_task-WorkingMemory_run-3_eeg.set,250.0
11,F3,28.51253318786621,187.05740356445312,0.3539457321166992,False,False,sub-004,sub-004_ses-01_task-WorkingMemory_run-3_eeg.set,250.0
12,F1,25.777099609375,175.33578491210938,-0.13660024106502533,False,False,sub-004,sub-004_ses-01_task-WorkingMemory_run-3_eeg.set,250.0
13,FZ,28.69179916381836,177.2893829345703,0.3860935568809509,False,False,sub-004,sub-004_ses-01_task-WorkingMemory_run-3_eeg.set,250.0
14,F2,37.68523406982422,220.7570343017578,1.998888373374939,False,False,sub-004,sub-004_ses-01_task-WorkingMemory_run-3_eeg.set,250.0
15,F4,35.508975982666016,228.08303833007812,1.6086195707321167,False,False,sub-004,sub-004_ses-01_task-WorkingMemory_run-3_eeg.set,250.0
16,F6,27.868087768554688,178.2661895751953,0.238377183675766,False,False,sub-004,sub-004_ses-01_task-WorkingMemory_run-3_eeg.set,250.0
17,F8,26.464263916015625,170.940185546875,-0.013370892964303493,False,False,sub-004,sub-004_ses-01_task-WorkingMemory_run-3_eeg.set,250.0
18,F10,28.934167861938477,178.7545928955078,0.42955759167671204,False,False,sub-004,sub-004_ses-01_task-WorkingMemory_run-3_eeg.set,250.0
19,FT9,34.22129821777344,176.8009796142578,1.3776999711990356,False,False,sub-004,sub-004_ses-01_task-WorkingMemory_run-3_eeg.set,250.0
20,FT7,25.807693481445312,159.21856689453125,-0.13111382722854614,False,False,sub-004,sub-004_ses-01_task-WorkingMemory_run-3_eeg.set,250.0
21,FC5,24.917856216430664,153.84616088867188,-0.29068854451179504,False,False,sub-004,sub-004_ses-01_task-WorkingMemory_run-3_eeg.set,250.0
22,FC3,26.5388240814209,158.73016357421875,0.0,False,False,sub-004,sub-004_ses-01_task-WorkingMemory_run-3_eeg.set,250.0
23,FC1,29.680124282836914,177.2893829345703,0.5633301138877869,False,False,sub-004,sub-004_ses-01_task-WorkingMemory_run-3_eeg.set,250.0
24,FCZ,25.427692413330078,154.33456420898438,-0.19925951957702637,False,False,sub-004,sub-004_ses-01_task-WorkingMemory_run-3_eeg.set,250.0
25,FC2,22.402122497558594,137.72894287109375,-0.7418357133865356,False,False,sub-004,sub-004_ses-01_task-WorkingMemory_run-3_eeg.set,250.0
26,FC4,23.93800163269043,138.21734619140625,-0.4664061367511749,False,False,sub-004,sub-004_ses-01_task-WorkingMemory_run-3_eeg.set,250.0
27,FC6,27.931013107299805,155.31137084960938,0.24966159462928772,False,False,sub-004,sub-004_ses-01_task-WorkingMemory_run-3_eeg.set,250.0
28,FT8,28.217084884643555,137.38218688964844,0.3009629249572754,False,False,sub-004,sub-004_ses-01_task-WorkingMemory_run-3_eeg.set,250.0
29,FT10,45.19560623168945,230.52503967285156,3.3457252979278564,False,False,sub-004,sub-004_ses-01_task-WorkingMemory_run-3_eeg.set,250.0
30,T7,77.59931945800781,494.74969482421875,9.156691551208496,False,True,sub-004,sub-004_ses-01_task-WorkingMemory_run-3_eeg.set,250.0
31,C5,43.44438171386719,219.78021240234375,3.0316779613494873,False,False,sub-004,sub-004_ses-01_task-WorkingMemory_run-3_eeg.set,250.0
32,C3,23.593544006347656,129.91453552246094,-0.528177797794342,False,False,sub-004,sub-004_ses-01_task-WorkingMemory_run-3_eeg.set,250.0
33,C1,24.588590621948242,131.37974548339844,-0.349735826253891,False,False,sub-004,sub-004_ses-01_task-WorkingMemory_run-3_eeg.set,250.0
34,CZ,25.418733596801758,145.05496215820312,-0.20086610317230225,False,False,sub-004,sub-004_ses-01_task-WorkingMemory_run-3_eeg.set,250.0
35,C2,22.69292640686035,117.70452880859375,-0.6896858215332031,False,False,sub-004,sub-004_ses-01_task-WorkingMemory_run-3_eeg.set,250.0
36,C4,30.30004119873047,156.42979431152344,0.6744999885559082,False,False,sub-004,sub-004_ses-01_task-WorkingMemory_run-3_eeg.set,250.0
37,C6,23.653663635253906,133.33334350585938,-0.5173965096473694,False,False,sub-004,sub-004_ses-01_task-WorkingMemory_run-3_eeg.set,250.0
38,T8,27.284610748291016,145.05494689941406,0.13374210894107819,False,False,sub-004,sub-004_ses-01_task-WorkingMemory_run-3_eeg.set,250.0
39,TP9,23.55014419555664,123.5653305053711,-0.5359607338905334,False,False,sub-004,sub-004_ses-01_task-WorkingMemory_run-3_eeg.set,250.0
40,TP7,23.559383392333984,122.58853149414062,-0.5343038439750671,False,False,sub-004,sub-004_ses-01_task-WorkingMemory_run-3_eeg.set,250.0
41,CP5,41.350685119628906,230.03663635253906,2.656214475631714,False,False,sub-004,sub-004_ses-01_task-WorkingMemory_run-3_eeg.set,250.0
42,CP3,21.05767822265625,111.84371185302734,-0.9829352498054504,False,False,sub-004,sub-004_ses-01_task-WorkingMemory_run-3_eeg.set,250.0
43,CP1,22.596900939941406,121.12332153320312,-0.7069060206413269,False,False,sub-004,sub-004_ses-01_task-WorkingMemory_run-3_eeg.set,250.0
44,CPZ,24.177173614501953,129.42613220214844,-0.42351534962654114,False,False,sub-004,sub-004_ses-01_task-WorkingMemory_run-3_eeg.set,250.0
45,CP2,43.77036666870117,245.17706298828125,3.090136766433716,False,False,sub-004,sub-004_ses-01_task-WorkingMemory_run-3_eeg.set,250.0
46,CP4,21.002050399780273,107.44810485839844,-0.9929109811782837,False,False,sub-004,sub-004_ses-01_task-WorkingMemory_run-3_eeg.set,250.0
47,CP6,21.164756774902344,107.93650817871094,-0.9637327790260315,False,False,sub-004,sub-004_ses-01_task-WorkingMemory_run-3_eeg.set,250.0
48,TP8,27.267282485961914,148.61538696289062,0.1306346207857132,False,False,sub-004,sub-004_ses-01_task-WorkingMemory_run-3_eeg.set,250.0
49,TP10,21.93341827392578,115.26251983642578,-0.8258885741233826,False,False,sub-004,sub-004_ses-01_task-WorkingMemory_run-3_eeg.set,250.0
50,P7,23.407739639282227,122.10012817382812,-0.5614981055259705,False,False,sub-004,sub-004_ses-01_task-WorkingMemory_run-3_eeg.set,250.0
51,P5,26.60378646850586,129.91453552246094,0.0116497203707695,False,False,sub-004,sub-004_ses-01_task-WorkingMemory_run-3_eeg.set,250.0
52,P3,19.828968048095703,95.23809814453125,-1.2032800912857056,False,False,sub-004,sub-004_ses-01_task-WorkingMemory_run-3_eeg.set,250.0
53,P1,21.866060256958008,106.4713134765625,-0.8379678726196289,False,False,sub-004,sub-004_ses-01_task-WorkingMemory_run-3_eeg.set,250.0
54,PZ,24.061534881591797,122.10012817382812,-0.4442528784275055,False,False,sub-004,sub-004_ses-01_task-WorkingMemory_run-3_eeg.set,250.0
55,P2,24.475391387939453,124.54212951660156,-0.37003591656684875,False,False,sub-004,sub-004_ses-01_task-WorkingMemory_run-3_eeg.set,250.0
56,P4,25.56910514831543,128.4493408203125,-0.17389993369579315,False,False,sub-004,sub-004_ses-01_task-WorkingMemory_run-3_eeg.set,250.0
57,P6,20.390417098999023,95.72650146484375,-1.102595329284668,False,False,sub-004,sub-004_ses-01_task-WorkingMemory_run-3_eeg.set,250.0
58,P8,21.13115119934082,99.63369750976562,-0.9697592854499817,False,False,sub-004,sub-004_ses-01_task-WorkingMemory_run-3_eeg.set,250.0
59,PO9,21.962644577026367,106.47130584716797,-0.8206473588943481,False,False,sub-004,sub-004_ses-01_task-WorkingMemory_run-3_eeg.set,250.0
60,PO7,26.212862014770508,130.89134216308594,-0.058454856276512146,False,False,sub-004,sub-004_ses-01_task-WorkingMemory_run-3_eeg.set,250.0
61,PO3,23.776790618896484,113.79731750488281,-0.49531614780426025,False,False,sub-004,sub-004_ses-01_task-WorkingMemory_run-3_eeg.set,250.0
62,POZ,20.54048728942871,97.68009948730469,-1.0756831169128418,False,False,sub-004,sub-004_ses-01_task-WorkingMemory_run-3_eeg.set,250.0
63,PO4,20.14102554321289,92.79609680175781,-1.1473188400268555,False,False,sub-004,sub-004_ses-01_task-WorkingMemory_run-3_eeg.set,250.0
64,PO8,20.339462280273438,94.26129913330078,-1.111733078956604,False,False,sub-004,sub-004_ses-01_task-WorkingMemory_run-3_eeg.set,250.0
65,PO10,24.576684951782227,126.4957275390625,-0.35187089443206787,False,False,sub-004,sub-004_ses-01_task-WorkingMemory_run-3_eeg.set,250.0
66,O1,26.60999870300293,138.70574951171875,0.012763761915266514,False,False,sub-004,sub-004_ses-01_task-WorkingMemory_run-3_eeg.set,250.0
67,OZ,29.536060333251953,162.6373748779297,0.5374950766563416,False,False,sub-004,sub-004_ses-01_task-WorkingMemory_run-3_eeg.set,250.0
68,O2,106.94525909423828,593.4066162109375,14.419305801391602,False,True,sub-004,sub-004_ses-01_task-WorkingMemory_run-3_eeg.set,250.0
69,LEYE,111.17047882080078,662.4127197265625,15.17701530456543,False,True,sub-004,sub-004_ses-01_task-WorkingMemory_run-3_eeg.set,250.0
70,REYE,135.55361938476562,762.881591796875,19.549650192260742,False,True,sub-004,sub-004_ses-01_task-WorkingMemory_run-3_eeg.set,250.0
0,FP1,52.595401763916016,324.7863464355469,14.824867248535156,False,True,sub-004,sub-004_ses-01_task-WorkingMemory_run-4_eeg.set,250.0
1,FPZ,21.51026153564453,105.4945068359375,0.4589203894138336,False,False,sub-004,sub-004_ses-01_task-WorkingMemory_run-4_eeg.set,250.0
2,FP2,19.558563232421875,91.33090209960938,-0.4430537819862366,False,False,sub-004,sub-004_ses-01_task-WorkingMemory_run-4_eeg.set,250.0
3,AF7,18.8962459564209,86.93528747558594,-0.7491427063941956,False,False,sub-004,sub-004_ses-01_task-WorkingMemory_run-4_eeg.set,250.0
4,AF3,20.33635711669922,94.26129913330078,-0.08359762281179428,False,False,sub-004,sub-004_ses-01_task-WorkingMemory_run-4_eeg.set,250.0
5,AFZ,20.242042541503906,94.26129913330078,-0.12718495726585388,False,False,sub-004,sub-004_ses-01_task-WorkingMemory_run-4_eeg.set,250.0
6,AF4,21.6513729095459,98.16850280761719,0.5241348147392273,False,False,sub-004,sub-004_ses-01_task-WorkingMemory_run-4_eeg.set,250.0
7,AF8,21.29281234741211,98.65689849853516,0.35842663049697876,False,False,sub-004,sub-004_ses-01_task-WorkingMemory_run-4_eeg.set,250.0
8,F9,19.43143081665039,90.35409545898438,-0.5018078684806824,False,False,sub-004,sub-004_ses-01_task-WorkingMemory_run-4_eeg.set,250.0
9,F7,20.360095977783203,91.33089447021484,-0.0726267397403717,False,False,sub-004,sub-004_ses-01_task-WorkingMemory_run-4_eeg.set,250.0
10,F5,20.578960418701172,85.95849609375,0.028521103784441948,False,False,sub-004,sub-004_ses-01_task-WorkingMemory_run-4_eeg.set,250.0
11,F3,20.220500946044922,92.79609680175781,-0.13714036345481873,False,False,sub-004,sub-004_ses-01_task-WorkingMemory_run-4_eeg.set,250.0
12,F1,20.175655364990234,90.84249877929688,-0.15786567330360413,False,False,sub-004,sub-004_ses-01_task-WorkingMemory_run-4_eeg.set,250.0
13,FZ,18.115009307861328,83.02808380126953,-1.1101899147033691,False,False,sub-004,sub-004_ses-01_task-WorkingMemory_run-4_eeg.set,250.0
14,F2,19.85515594482422,91.81929016113281,-0.3059839606285095,False,False,sub-004,sub-004_ses-01_task-WorkingMemory_run-4_eeg.set,250.0
15,F4,18.389625549316406,86.44688415527344,-0.9832764863967896,False,False,sub-004,sub-004_ses-01_task-WorkingMemory_run-4_eeg.set,250.0
16,F6,18.973295211791992,89.3772964477539,-0.7135344743728638,False,False,sub-004,sub-004_ses-01_task-WorkingMemory_run-4_eeg.set,250.0
17,F8,18.87510108947754,86.86203002929688,-0.7589147686958313,False,False,sub-004,sub-004_ses-01_task-WorkingMemory_run-4_eeg.set,250.0
18,F10,19.52623176574707,90.35409545898438,-0.457995742559433,False,False,sub-004,sub-004_ses-01_task-WorkingMemory_run-4_eeg.set,250.0
19,FT9,17.044631958007812,79.12088012695312,-1.6048630475997925,False,False,sub-004,sub-004_ses-01_task-WorkingMemory_run-4_eeg.set,250.0
20,FT7,19.36553382873535,88.4004898071289,-0.5322620272636414,False,False,sub-004,sub-004_ses-01_task-WorkingMemory_run-4_eeg.set,250.0
21,FC5,32.16590881347656,172.40538024902344,5.383410453796387,False,False,sub-004,sub-004_ses-01_task-WorkingMemory_run-4_eeg.set,250.0
22,FC3,20.014793395996094,89.86569213867188,-0.2322077751159668,False,False,sub-004,sub-004_ses-01_task-WorkingMemory_run-4_eeg.set,250.0
23,FC1,19.192188262939453,87.42369079589844,-0.612373411655426,False,False,sub-004,sub-004_ses-01_task-WorkingMemory_run-4_eeg.set,250.0
24,FCZ,19.91217803955078,92.30769348144531,-0.27963128685951233,False,False,sub-004,sub-004_ses-01_task-WorkingMemory_run-4_eeg.set,250.0
25,FC2,235.7143096923828,1041.2698974609375,99.4529800415039,False,True,sub-004,sub-004_ses-01_task-WorkingMemory_run-4_eeg.set,250.0
26,FC4,62.47430419921875,338.4615478515625,19.3903865814209,False,True,sub-004,sub-004_ses-01_task-WorkingMemory_run-4_eeg.set,250.0
27,FC6,30.741037368774414,166.54457092285156,4.724908351898193,False,False,sub-004,sub-004_ses-01_task-WorkingMemory_run-4_eeg.set,250.0
28,FT8,22.069774627685547,102.07569885253906,0.7174985408782959,False,False,sub-004,sub-004_ses-01_task-WorkingMemory_run-4_eeg.set,250.0
29,FT10,22.07584571838379,102.56410217285156,0.7203042507171631,False,False,sub-004,sub-004_ses-01_task-WorkingMemory_run-4_eeg.set,250.0
30,T7,21.545677185058594,99.63369750976562,0.47528770565986633,False,False,sub-004,sub-004_ses-01_task-WorkingMemory_run-4_eeg.set,250.0
31,C5,21.462812423706055,102.56410217285156,0.4369918704032898,False,False,sub-004,sub-004_ses-01_task-WorkingMemory_run-4_eeg.set,250.0
32,C3,19.977628707885742,91.81929016113281,-0.24938338994979858,False,False,sub-004,sub-004_ses-01_task-WorkingMemory_run-4_eeg.set,250.0
33,C1,18.881498336791992,86.44689178466797,-0.7559581995010376,False,False,sub-004,sub-004_ses-01_task-WorkingMemory_run-4_eeg.set,250.0
34,CZ,26.75635528564453,147.008544921875,2.883394241333008,False,False,sub-004,sub-004_ses-01_task-WorkingMemory_run-4_eeg.set,250.0
35,C2,19.502763748168945,91.33089447021484,-0.46884143352508545,False,False,sub-004,sub-004_ses-01_task-WorkingMemory_run-4_eeg.set,250.0
36,C4,22.726356506347656,115.75091552734375,1.0209367275238037,False,False,sub-004,sub-004_ses-01_task-WorkingMemory_run-4_eeg.set,250.0
37,C6,20.4091796875,96.70330047607422,-0.04994278773665428,False,False,sub-004,sub-004_ses-01_task-WorkingMemory_run-4_eeg.set,250.0
38,T8,20.073570251464844,93.28450012207031,-0.20504415035247803,False,False,sub-004,sub-004_ses-01_task-WorkingMemory_run-4_eeg.set,250.0
39,TP9,21.674129486083984,102.56410217285156,0.5346516966819763,False,False,sub-004,sub-004_ses-01_task-WorkingMemory_run-4_eeg.set,250.0
40,TP7,24.83451271057129,108.42491149902344,1.9952176809310913,False,False,sub-004,sub-004_ses-01_task-WorkingMemory_run-4_eeg.set,250.0
41,CP5,29.673614501953125,181.19659423828125,4.231600761413574,False,False,sub-004,sub-004_ses-01_task-WorkingMemory_run-4_eeg.set,250.0
42,CP3,19.057758331298828,94.26129913330078,-0.6744999885559082,False,False,sub-004,sub-004_ses-01_task-WorkingMemory_run-4_eeg.set,250.0
43,CP1,18.13227653503418,83.5164794921875,-1.1022099256515503,False,False,sub-004,sub-004_ses-01_task-WorkingMemory_run-4_eeg.set,250.0
44,CPZ,22.474451065063477,108.42491149902344,0.9045190811157227,False,False,sub-004,sub-004_ses-01_task-WorkingMemory_run-4_eeg.set,250.0
45,CP2,18.341522216796875,85.4700927734375,-1.0055073499679565,False,False,sub-004,sub-004_ses-01_task-WorkingMemory_run-4_eeg.set,250.0
46,CP4,19.125200271606445,88.40049743652344,-0.6433318257331848,False,False,sub-004,sub-004_ses-01_task-WorkingMemory_run-4_eeg.set,250.0
47,CP6,20.097885131835938,92.30769348144531,-0.19380705058574677,False,False,sub-004,sub-004_ses-01_task-WorkingMemory_run-4_eeg.set,250.0
48,TP8,21.784631729125977,93.77290344238281,0.5857201814651489,False,False,sub-004,sub-004_ses-01_task-WorkingMemory_run-4_eeg.set,250.0
49,TP10,20.639848709106445,97.68009948730469,0.05666052922606468,False,False,sub-004,sub-004_ses-01_task-WorkingMemory_run-4_eeg.set,250.0
50,P7,21.567411422729492,99.63369750976562,0.4853321611881256,False,False,sub-004,sub-004_ses-01_task-WorkingMemory_run-4_eeg.set,250.0
51,P5,20.21478271484375,92.30769348144531,-0.13978303968906403,False,False,sub-004,sub-004_ses-01_task-WorkingMemory_run-4_eeg.set,250.0
52,P3,20.51724624633789,96.70330047607422,0.0,False,False,sub-004,sub-004_ses-01_task-WorkingMemory_run-4_eeg.set,250.0
53,P1,18.489822387695312,84.4932861328125,-0.9369706511497498,False,False,sub-004,sub-004_ses-01_task-WorkingMemory_run-4_eeg.set,250.0
54,PZ,19.16144561767578,86.44688415527344,-0.626581072807312,False,False,sub-004,sub-004_ses-01_task-WorkingMemory_run-4_eeg.set,250.0
55,P2,19.907081604003906,90.28083038330078,-0.2819865942001343,False,False,sub-004,sub-004_ses-01_task-WorkingMemory_run-4_eeg.set,250.0
56,P4,26.849714279174805,141.63613891601562,2.926539897918701,False,False,sub-004,sub-004_ses-01_task-WorkingMemory_run-4_eeg.set,250.0
57,P6,26.865097045898438,145.54335021972656,2.9336490631103516,False,False,sub-004,sub-004_ses-01_task-WorkingMemory_run-4_eeg.set,250.0
58,P8,23.06756591796875,113.30891418457031,1.1786261796951294,False,False,sub-004,sub-004_ses-01_task-WorkingMemory_run-4_eeg.set,250.0
59,PO9,27.847671508789062,163.12576293945312,3.387744188308716,False,False,sub-004,sub-004_ses-01_task-WorkingMemory_run-4_eeg.set,250.0
60,PO7,18.16126251220703,84.981689453125,-1.0888140201568604,False,False,sub-004,sub-004_ses-01_task-WorkingMemory_run-4_eeg.set,250.0
61,PO3,21.673019409179688,105.4945068359375,0.5341386795043945,False,False,sub-004,sub-004_ses-01_task-WorkingMemory_run-4_eeg.set,250.0
62,POZ,22.93770980834961,106.4713134765625,1.118613362312317,False,False,sub-004,sub-004_ses-01_task-WorkingMemory_run-4_eeg.set,250.0
63,PO4,20.275026321411133,95.23809814453125,-0.11194154620170593,False,False,sub-004,sub-004_ses-01_task-WorkingMemory_run-4_eeg.set,250.0
64,PO8,31.813997268676758,168.986572265625,5.220775127410889,False,False,sub-004,sub-004_ses-01_task-WorkingMemory_run-4_eeg.set,250.0
65,PO10,39.88440704345703,220.26861572265625,8.950502395629883,False,True,sub-004,sub-004_ses-01_task-WorkingMemory_run-4_eeg.set,250.0
66,O1,35.049293518066406,178.75457763671875,6.715961933135986,False,True,sub-004,sub-004_ses-01_task-WorkingMemory_run-4_eeg.set,250.0
67,OZ,63.39817428588867,426.3736572265625,19.817352294921875,False,True,sub-004,sub-004_ses-01_task-WorkingMemory_run-4_eeg.set,250.0
68,O2,105.45084381103516,629.059814453125,39.251922607421875,False,True,sub-004,sub-004_ses-01_task-WorkingMemory_run-4_eeg.set,250.0
69,LEYE,324.6615905761719,1339.609375,140.559814453125,False,True,sub-004,sub-004_ses-01_task-WorkingMemory_run-4_eeg.set,250.0
70,REYE,386.6593017578125,1599.0233154296875,169.2119598388672,False,True,sub-004,sub-004_ses-01_task-WorkingMemory_run-4_eeg.set,250.0
0,FP1,53.67308807373047,272.0390930175781,25.191572189331055,False,True,sub-005,sub-005_ses-01_task-WorkingMemory_run-1_eeg.set,250.0
1,FPZ,32.7547492980957,216.84982299804688,8.686408996582031,False,True,sub-005,sub-005_ses-01_task-WorkingMemory_run-1_eeg.set,250.0
2,FP2,32.14323043823242,203.17462158203125,8.203904151916504,False,True,sub-005,sub-005_ses-01_task-WorkingMemory_run-1_eeg.set,250.0
3,AF7,93.5999984741211,445.90966796875,56.69504165649414,False,True,sub-005,sub-005_ses-01_task-WorkingMemory_run-1_eeg.set,250.0
4,AF3,31.29361915588379,168.00978088378906,7.533536434173584,False,True,sub-005,sub-005_ses-01_task-WorkingMemory_run-1_eeg.set,250.0
5,AFZ,26.55694007873535,123.5653305053711,3.7961621284484863,False,False,sub-005,sub-005_ses-01_task-WorkingMemory_run-1_eeg.set,250.0
6,AF4,27.22658348083496,152.38096618652344,4.324529647827148,False,False,sub-005,sub-005_ses-01_task-WorkingMemory_run-1_eeg.set,250.0
7,AF8,25.569101333618164,161.1721649169922,3.0167293548583984,False,False,sub-005,sub-005_ses-01_task-WorkingMemory_run-1_eeg.set,250.0
8,F9,22.526710510253906,125.51892852783203,0.6161966323852539,False,False,sub-005,sub-005_ses-01_task-WorkingMemory_run-1_eeg.set,250.0
9,F7,22.274688720703125,125.03053283691406,0.4173443019390106,False,False,sub-005,sub-005_ses-01_task-WorkingMemory_run-1_eeg.set,250.0
10,F5,21.57061004638672,115.26252746582031,-0.138193741440773,False,False,sub-005,sub-005_ses-01_task-WorkingMemory_run-1_eeg.set,250.0
11,F3,22.056270599365234,109.8901138305664,0.24500621855258942,False,False,sub-005,sub-005_ses-01_task-WorkingMemory_run-1_eeg.set,250.0
12,F1,21.606151580810547,110.37850952148438,-0.11015045642852783,False,False,sub-005,sub-005_ses-01_task-WorkingMemory_run-1_eeg.set,250.0
13,FZ,21.544057846069336,111.84371948242188,-0.15914417803287506,False,False,sub-005,sub-005_ses-01_task-WorkingMemory_run-1_eeg.set,250.0
14,F2,22.033395767211914,110.3785171508789,0.2269573211669922,False,False,sub-005,sub-005_ses-01_task-WorkingMemory_run-1_eeg.set,250.0
15,F4,21.424440383911133,105.00611114501953,-0.2535257637500763,False,False,sub-005,sub-005_ses-01_task-WorkingMemory_run-1_eeg.set,250.0
16,F6,21.318389892578125,102.5641098022461,-0.3372025787830353,False,False,sub-005,sub-005_ses-01_task-WorkingMemory_run-1_eeg.set,250.0
17,F8,20.696317672729492,100.61050415039062,-0.8280352354049683,False,False,sub-005,sub-005_ses-01_task-WorkingMemory_run-1_eeg.set,250.0
18,F10,40.114986419677734,281.17218017578125,14.493844985961914,False,True,sub-005,sub-005_ses-01_task-WorkingMemory_run-1_eeg.set,250.0
19,FT9,21.757654190063477,100.12210845947266,0.009389396756887436,False,False,sub-005,sub-005_ses-01_task-WorkingMemory_run-1_eeg.set,250.0
20,FT7,20.8447208404541,96.21490478515625,-0.7109408974647522,False,False,sub-005,sub-005_ses-01_task-WorkingMemory_run-1_eeg.set,250.0
21,FC5,22.251510620117188,105.98291015625,0.3990561068058014,False,False,sub-005,sub-005_ses-01_task-WorkingMemory_run-1_eeg.set,250.0
22,FC3,20.715402603149414,99.63370513916016,-0.8129766583442688,False,False,sub-005,sub-005_ses-01_task-WorkingMemory_run-1_eeg.set,250.0
23,FC1,20.747203826904297,100.12210083007812,-0.7878845930099487,False,False,sub-005,sub-005_ses-01_task-WorkingMemory_run-1_eeg.set,250.0
24,FCZ,21.355695724487305,98.65690612792969,-0.30776721239089966,False,False,sub-005,sub-005_ses-01_task-WorkingMemory_run-1_eeg.set,250.0
25,FC2,21.106521606445312,98.16850280761719,-0.5043727159500122,False,False,sub-005,sub-005_ses-01_task-WorkingMemory_run-1_eeg.set,250.0
26,FC4,21.762128829956055,105.006103515625,0.012920014560222626,False,False,sub-005,sub-005_ses-01_task-WorkingMemory_run-1_eeg.set,250.0
27,FC6,21.996994018554688,102.5641098022461,0.19823530316352844,False,False,sub-005,sub-005_ses-01_task-WorkingMemory_run-1_eeg.set,250.0
28,FT8,20.739822387695312,95.72650146484375,-0.7937087416648865,False,False,sub-005,sub-005_ses-01_task-WorkingMemory_run-1_eeg.set,250.0
29,FT10,22.09148406982422,107.44811248779297,0.2727906405925751,False,False,sub-005,sub-005_ses-01_task-WorkingMemory_run-1_eeg.set,250.0
30,T7,21.588542938232422,106.4713134765625,-0.12404417991638184,False,False,sub-005,sub-005_ses-01_task-WorkingMemory_run-1_eeg.set,250.0
31,C5,20.6745548248291,96.70330047607422,-0.8452066779136658,False,False,sub-005,sub-005_ses-01_task-WorkingMemory_run-1_eeg.set,250.0
32,C3,22.230121612548828,103.54090881347656,0.3821795880794525,False,False,sub-005,sub-005_ses-01_task-WorkingMemory_run-1_eeg.set,250.0
33,C1,21.62895965576172,102.5641098022461,-0.09215424209833145,False,False,sub-005,sub-005_ses-01_task-WorkingMemory_run-1_eeg.set,250.0
34,CZ,22.749893188476562,115.75092315673828,0.7922940850257874,False,False,sub-005,sub-005_ses-01_task-WorkingMemory_run-1_eeg.set,250.0
35,C2,71.8216781616211,335.5311279296875,39.51132583618164,False,True,sub-005,sub-005_ses-01_task-WorkingMemory_run-1_eeg.set,250.0
36,C4,23.501251220703125,119.16972351074219,1.3851369619369507,False,False,sub-005,sub-005_ses-01_task-WorkingMemory_run-1_eeg.set,250.0
37,C6,22.357769012451172,117.70452117919922,0.48289698362350464,False,False,sub-005,sub-005_ses-01_task-WorkingMemory_run-1_eeg.set,250.0
38,T8,22.14585304260254,117.70452117919922,0.3156892955303192,False,False,sub-005,sub-005_ses-01_task-WorkingMemory_run-1_eeg.set,250.0
39,TP9,21.200149536132812,106.959716796875,-0.43049758672714233,False,False,sub-005,sub-005_ses-01_task-WorkingMemory_run-1_eeg.set,250.0
40,TP7,21.228763580322266,107.93651580810547,-0.40792030096054077,False,False,sub-005,sub-005_ses-01_task-WorkingMemory_run-1_eeg.set,250.0
41,CP5,26.406827926635742,133.33334350585938,3.6777193546295166,False,False,sub-005,sub-005_ses-01_task-WorkingMemory_run-1_eeg.set,250.0
42,CP3,21.156604766845703,102.0757064819336,-0.4648556411266327,False,False,sub-005,sub-005_ses-01_task-WorkingMemory_run-1_eeg.set,250.0
43,CP1,21.179330825805664,101.5873031616211,-0.4469241499900818,False,False,sub-005,sub-005_ses-01_task-WorkingMemory_run-1_eeg.set,250.0
44,CPZ,21.07492446899414,100.61050415039062,-0.5293037295341492,False,False,sub-005,sub-005_ses-01_task-WorkingMemory_run-1_eeg.set,250.0
45,CP2,21.51667594909668,101.09890747070312,-0.18074926733970642,False,False,sub-005,sub-005_ses-01_task-WorkingMemory_run-1_eeg.set,250.0
46,CP4,20.890905380249023,101.09890747070312,-0.6744999885559082,False,False,sub-005,sub-005_ses-01_task-WorkingMemory_run-1_eeg.set,250.0
47,CP6,20.767332077026367,99.63370513916016,-0.7720028162002563,False,False,sub-005,sub-005_ses-01_task-WorkingMemory_run-1_eeg.set,250.0
48,TP8,21.131765365600586,103.54090881347656,-0.4844546318054199,False,False,sub-005,sub-005_ses-01_task-WorkingMemory_run-1_eeg.set,250.0
49,TP10,21.161052703857422,99.14530944824219,-0.4613461196422577,False,False,sub-005,sub-005_ses-01_task-WorkingMemory_run-1_eeg.set,250.0
50,P7,20.417709350585938,97.19170379638672,-1.0478650331497192,False,False,sub-005,sub-005_ses-01_task-WorkingMemory_run-1_eeg.set,250.0
51,P5,20.5436954498291,96.21490478515625,-0.9484584331512451,False,False,sub-005,sub-005_ses-01_task-WorkingMemory_run-1_eeg.set,250.0
52,P3,71.52912139892578,409.27960205078125,39.280487060546875,False,True,sub-005,sub-005_ses-01_task-WorkingMemory_run-1_eeg.set,250.0
53,P1,31.28759002685547,147.008544921875,7.528778553009033,False,True,sub-005,sub-005_ses-01_task-WorkingMemory_run-1_eeg.set,250.0
54,PZ,35.40370178222656,156.7765655517578,10.776507377624512,False,True,sub-005,sub-005_ses-01_task-WorkingMemory_run-1_eeg.set,250.0
55,P2,34.528133392333984,164.59097290039062,10.085659980773926,False,True,sub-005,sub-005_ses-01_task-WorkingMemory_run-1_eeg.set,250.0
56,P4,21.097145080566406,98.16850280761719,-0.511771023273468,False,False,sub-005,sub-005_ses-01_task-WorkingMemory_run-1_eeg.set,250.0
57,P6,21.833261489868164,103.54090881347656,0.06904570013284683,False,False,sub-005,sub-005_ses-01_task-WorkingMemory_run-1_eeg.set,250.0
58,P8,25.00201988220215,124.05372619628906,2.5692858695983887,False,False,sub-005,sub-005_ses-01_task-WorkingMemory_run-1_eeg.set,250.0
59,PO9,40.808349609375,168.986572265625,15.04092788696289,False,True,sub-005,sub-005_ses-01_task-WorkingMemory_run-1_eeg.set,250.0
60,PO7,21.58989906311035,103.54090881347656,-0.12297415733337402,False,False,sub-005,sub-005_ses-01_task-WorkingMemory_run-1_eeg.set,250.0
61,PO3,21.03116798400879,97.19170379638672,-0.5638288259506226,False,False,sub-005,sub-005_ses-01_task-WorkingMemory_run-1_eeg.set,250.0
62,POZ,20.815034866333008,98.65689849853516,-0.7343639731407166,False,False,sub-005,sub-005_ses-01_task-WorkingMemory_run-1_eeg.set,250.0
63,PO4,46.68421173095703,243.71185302734375,19.67715072631836,False,True,sub-005,sub-005_ses-01_task-WorkingMemory_run-1_eeg.set,250.0
64,PO8,21.576332092285156,100.12210845947266,-0.1336788833141327,False,False,sub-005,sub-005_ses-01_task-WorkingMemory_run-1_eeg.set,250.0
65,PO10,20.784896850585938,97.68010711669922,-0.7581437230110168,False,False,sub-005,sub-005_ses-01_task-WorkingMemory_run-1_eeg.set,250.0
66,O1,20.800203323364258,100.12210083007812,-0.7460665106773376,False,False,sub-005,sub-005_ses-01_task-WorkingMemory_run-1_eeg.set,250.0
67,OZ,20.88484764099121,100.12210845947266,-0.6792797446250916,False,False,sub-005,sub-005_ses-01_task-WorkingMemory_run-1_eeg.set,250.0
68,O2,21.74575424194336,105.49451446533203,0.0,False,False,sub-005,sub-005_ses-01_task-WorkingMemory_run-1_eeg.set,250.0
69,LEYE,87.37647247314453,387.3016357421875,51.78450012207031,False,True,sub-005,sub-005_ses-01_task-WorkingMemory_run-1_eeg.set,250.0
70,REYE,71.53052520751953,277.4114990234375,39.281593322753906,False,True,sub-005,sub-005_ses-01_task-WorkingMemory_run-1_eeg.set,250.0
0,FP1,23.499895095825195,116.23931884765625,1.1855167150497437,False,False,sub-005,sub-005_ses-01_task-WorkingMemory_run-2_eeg.set,250.0
1,FPZ,22.646032333374023,108.42491149902344,0.6846094131469727,False,False,sub-005,sub-005_ses-01_task-WorkingMemory_run-2_eeg.set,250.0
2,FP2,22.142019271850586,106.4713134765625,0.3889368772506714,False,False,sub-005,sub-005_ses-01_task-WorkingMemory_run-2_eeg.set,250.0
3,AF7,22.58573341369629,106.4713134765625,0.6492358446121216,False,False,sub-005,sub-005_ses-01_task-WorkingMemory_run-2_eeg.set,250.0
4,AF3,21.316741943359375,101.58731079101562,-0.09520114213228226,False,False,sub-005,sub-005_ses-01_task-WorkingMemory_run-2_eeg.set,250.0
5,AFZ,20.838897705078125,100.12210845947266,-0.37552210688591003,False,False,sub-005,sub-005_ses-01_task-WorkingMemory_run-2_eeg.set,250.0
6,AF4,20.978946685791016,100.12210083007812,-0.2933642566204071,False,False,sub-005,sub-005_ses-01_task-WorkingMemory_run-2_eeg.set,250.0
7,AF8,20.638595581054688,100.61050415039062,-0.4930267035961151,False,False,sub-005,sub-005_ses-01_task-WorkingMemory_run-2_eeg.set,250.0
8,F9,20.768823623657227,98.65689849853516,-0.4166301488876343,False,False,sub-005,sub-005_ses-01_task-WorkingMemory_run-2_eeg.set,250.0
9,F7,21.186325073242188,100.61050415039062,-0.17170846462249756,False,False,sub-005,sub-005_ses-01_task-WorkingMemory_run-2_eeg.set,250.0
10,F5,26.87914276123047,135.2869415283203,3.167907476425171,False,False,sub-005,sub-005_ses-01_task-WorkingMemory_run-2_eeg.set,250.0
11,F3,20.986133575439453,100.12210083007812,-0.28914815187454224,False,False,sub-005,sub-005_ses-01_task-WorkingMemory_run-2_eeg.set,250.0
12,F1,20.126890182495117,96.70330047607422,-0.7932118773460388,False,False,sub-005,sub-005_ses-01_task-WorkingMemory_run-2_eeg.set,250.0
13,FZ,20.531530380249023,98.65689849853516,-0.5558351278305054,False,False,sub-005,sub-005_ses-01_task-WorkingMemory_run-2_eeg.set,250.0
14,F2,21.505170822143555,103.05250549316406,0.015338165685534477,False,False,sub-005,sub-005_ses-01_task-WorkingMemory_run-2_eeg.set,250.0
15,F4,21.17072296142578,100.61050415039062,-0.180861234664917,False,False,sub-005,sub-005_ses-01_task-WorkingMemory_run-2_eeg.set,250.0
16,F6,21.0150089263916,100.12210845947266,-0.2722088098526001,False,False,sub-005,sub-005_ses-01_task-WorkingMemory_run-2_eeg.set,250.0
17,F8,20.382802963256836,98.16850280761719,-0.6430840492248535,False,False,sub-005,sub-005_ses-01_task-WorkingMemory_run-2_eeg.set,250.0
18,F10,24.960805892944336,131.37973022460938,2.0425405502319336,False,False,sub-005,sub-005_ses-01_task-WorkingMemory_run-2_eeg.set,250.0
19,FT9,21.046018600463867,101.09890747070312,-0.2540173828601837,False,False,sub-005,sub-005_ses-01_task-WorkingMemory_run-2_eeg.set,250.0
20,FT7,20.771984100341797,99.63370513916016,-0.414776086807251,False,False,sub-005,sub-005_ses-01_task-WorkingMemory_run-2_eeg.set,250.0
21,FC5,42.75807189941406,230.5250244140625,12.483071327209473,False,True,sub-005,sub-005_ses-01_task-WorkingMemory_run-2_eeg.set,250.0
22,FC3,21.854206085205078,108.42491149902344,0.22009506821632385,False,False,sub-005,sub-005_ses-01_task-WorkingMemory_run-2_eeg.set,250.0
23,FC1,20.158998489379883,98.16850280761719,-0.7743759751319885,False,False,sub-005,sub-005_ses-01_task-WorkingMemory_run-2_eeg.set,250.0
24,FCZ,20.605775833129883,99.14530944824219,-0.5122799873352051,False,False,sub-005,sub-005_ses-01_task-WorkingMemory_run-2_eeg.set,250.0
25,FC2,20.715681076049805,97.68009948730469,-0.4478055238723755,False,False,sub-005,sub-005_ses-01_task-WorkingMemory_run-2_eeg.set,250.0
26,FC4,20.29485511779785,95.72650146484375,-0.694677472114563,False,False,sub-005,sub-005_ses-01_task-WorkingMemory_run-2_eeg.set,250.0
27,FC6,20.849090576171875,100.61050415039062,-0.3695426285266876,False,False,sub-005,sub-005_ses-01_task-WorkingMemory_run-2_eeg.set,250.0
28,FT8,20.32925033569336,99.63370513916016,-0.6744999885559082,False,False,sub-005,sub-005_ses-01_task-WorkingMemory_run-2_eeg.set,250.0
29,FT10,40.20323944091797,259.8290710449219,10.984312057495117,False,True,sub-005,sub-005_ses-01_task-WorkingMemory_run-2_eeg.set,250.0
30,T7,19.927343368530273,100.61050415039062,-0.9102733731269836,False,False,sub-005,sub-005_ses-01_task-WorkingMemory_run-2_eeg.set,250.0
31,C5,18.94147300720215,95.23809814453125,-1.4886211156845093,False,False,sub-005,sub-005_ses-01_task-WorkingMemory_run-2_eeg.set,250.0
32,C3,19.30124282836914,95.72649383544922,-1.2775670289993286,False,False,sub-005,sub-005_ses-01_task-WorkingMemory_run-2_eeg.set,250.0
33,C1,19.81635856628418,95.23809051513672,-0.9753811359405518,False,False,sub-005,sub-005_ses-01_task-WorkingMemory_run-2_eeg.set,250.0
34,CZ,18.958385467529297,93.77289581298828,-1.4786996841430664,False,False,sub-005,sub-005_ses-01_task-WorkingMemory_run-2_eeg.set,250.0
35,C2,19.864925384521484,96.70330047607422,-0.9468900561332703,False,False,sub-005,sub-005_ses-01_task-WorkingMemory_run-2_eeg.set,250.0
36,C4,20.28954315185547,98.16850280761719,-0.6977936625480652,False,False,sub-005,sub-005_ses-01_task-WorkingMemory_run-2_eeg.set,250.0
37,C6,20.821165084838867,102.56410217285156,-0.38592472672462463,False,False,sub-005,sub-005_ses-01_task-WorkingMemory_run-2_eeg.set,250.0
38,T8,19.521900177001953,93.28450012207031,-1.1481212377548218,False,False,sub-005,sub-005_ses-01_task-WorkingMemory_run-2_eeg.set,250.0
39,TP9,19.46743392944336,96.21489715576172,-1.1800731420516968,False,False,sub-005,sub-005_ses-01_task-WorkingMemory_run-2_eeg.set,250.0
40,TP7,19.42432975769043,95.72649383544922,-1.2053595781326294,False,False,sub-005,sub-005_ses-01_task-WorkingMemory_run-2_eeg.set,250.0
41,CP5,20.117122650146484,97.19170379638672,-0.7989419102668762,False,False,sub-005,sub-005_ses-01_task-WorkingMemory_run-2_eeg.set,250.0
42,CP3,64.89600372314453,390.72039794921875,25.469993591308594,False,True,sub-005,sub-005_ses-01_task-WorkingMemory_run-2_eeg.set,250.0
43,CP1,38.6467170715332,207.6776580810547,10.071198463439941,False,True,sub-005,sub-005_ses-01_task-WorkingMemory_run-2_eeg.set,250.0
44,CPZ,24.168636322021484,118.68132781982422,1.5778248310089111,False,False,sub-005,sub-005_ses-01_task-WorkingMemory_run-2_eeg.set,250.0
45,CP2,23.775941848754883,112.33212280273438,1.3474558591842651,False,False,sub-005,sub-005_ses-01_task-WorkingMemory_run-2_eeg.set,250.0
46,CP4,23.261253356933594,108.42491149902344,1.0455206632614136,False,False,sub-005,sub-005_ses-01_task-WorkingMemory_run-2_eeg.set,250.0
47,CP6,22.607650756835938,104.5177001953125,0.6620934009552002,False,False,sub-005,sub-005_ses-01_task-WorkingMemory_run-2_eeg.set,250.0
48,TP8,22.37200355529785,106.09036254882812,0.5238540768623352,False,False,sub-005,sub-005_ses-01_task-WorkingMemory_run-2_eeg.set,250.0
49,TP10,27.237659454345703,137.72894287109375,3.3782265186309814,False,False,sub-005,sub-005_ses-01_task-WorkingMemory_run-2_eeg.set,250.0
50,P7,22.043926239013672,103.5409164428711,0.3313919007778168,False,False,sub-005,sub-005_ses-01_task-WorkingMemory_run-2_eeg.set,250.0
51,P5,21.44133186340332,102.5641098022461,-0.022112112492322922,False,False,sub-005,sub-005_ses-01_task-WorkingMemory_run-2_eeg.set,250.0
52,P3,21.96870994567871,103.05250549316406,0.2872672379016876,False,False,sub-005,sub-005_ses-01_task-WorkingMemory_run-2_eeg.set,250.0
53,P1,21.917436599731445,105.98291015625,0.2571884095668793,False,False,sub-005,sub-005_ses-01_task-WorkingMemory_run-2_eeg.set,250.0
54,PZ,22.064208984375,105.11355590820312,0.3432904779911041,False,False,sub-005,sub-005_ses-01_task-WorkingMemory_run-2_eeg.set,250.0
55,P2,21.84467887878418,101.0988998413086,0.21450607478618622,False,False,sub-005,sub-005_ses-01_task-WorkingMemory_run-2_eeg.set,250.0
56,P4,21.34413719177246,101.5873031616211,-0.07913007587194443,False,False,sub-005,sub-005_ses-01_task-WorkingMemory_run-2_eeg.set,250.0
57,P6,22.44610023498535,105.4945068359375,0.5673218965530396,False,False,sub-005,sub-005_ses-01_task-WorkingMemory_run-2_eeg.set,250.0
58,P8,23.123186111450195,108.42491149902344,0.9645254015922546,False,False,sub-005,sub-005_ses-01_task-WorkingMemory_run-2_eeg.set,250.0
59,PO9,22.589378356933594,107.44811248779297,0.651374101638794,False,False,sub-005,sub-005_ses-01_task-WorkingMemory_run-2_eeg.set,250.0
60,PO7,22.112531661987305,105.00611114501953,0.37163832783699036,False,False,sub-005,sub-005_ses-01_task-WorkingMemory_run-2_eeg.set,250.0
61,PO3,32.1267204284668,174.84738159179688,6.246329307556152,False,True,sub-005,sub-005_ses-01_task-WorkingMemory_run-2_eeg.set,250.0
62,POZ,81.73560333251953,519.2772216796875,35.34872055053711,False,True,sub-005,sub-005_ses-01_task-WorkingMemory_run-2_eeg.set,250.0
63,PO4,26.064838409423828,135.7753448486328,2.690206527709961,False,False,sub-005,sub-005_ses-01_task-WorkingMemory_run-2_eeg.set,250.0
64,PO8,21.47902488708496,105.60195922851562,0.0,False,False,sub-005,sub-005_ses-01_task-WorkingMemory_run-2_eeg.set,250.0
65,PO10,70.21028137207031,441.5140380859375,28.58754539489746,False,True,sub-005,sub-005_ses-01_task-WorkingMemory_run-2_eeg.set,250.0
66,O1,29.77264404296875,162.63735961914062,4.865341663360596,False,False,sub-005,sub-005_ses-01_task-WorkingMemory_run-2_eeg.set,250.0
67,OZ,20.744277954101562,111.35531616210938,-0.4310295581817627,False,False,sub-005,sub-005_ses-01_task-WorkingMemory_run-2_eeg.set,250.0
68,O2,73.46660614013672,449.32843017578125,30.497821807861328,False,True,sub-005,sub-005_ses-01_task-WorkingMemory_run-2_eeg.set,250.0
69,LEYE,50.131919860839844,294.01708984375,16.808841705322266,False,True,sub-005,sub-005_ses-01_task-WorkingMemory_run-2_eeg.set,250.0
70,REYE,54.17229080200195,306.22711181640625,19.1790714263916,False,True,sub-005,sub-005_ses-01_task-WorkingMemory_run-2_eeg.set,250.0
0,FP1,21.272903442382812,98.65690612792969,-0.6191649436950684,False,False,sub-005,sub-005_ses-01_task-WorkingMemory_run-3_eeg.set,250.0
1,FPZ,21.16068458557129,97.68009948730469,-0.6919751763343811,False,False,sub-005,sub-005_ses-01_task-WorkingMemory_run-3_eeg.set,250.0
2,FP2,21.501001358032227,100.12210083007812,-0.4711696207523346,False,False,sub-005,sub-005_ses-01_task-WorkingMemory_run-3_eeg.set,250.0
3,AF7,23.46817970275879,106.47130584716797,0.8051822781562805,False,False,sub-005,sub-005_ses-01_task-WorkingMemory_run-3_eeg.set,250.0
4,AF3,22.79275131225586,105.4945068359375,0.36694830656051636,False,False,sub-005,sub-005_ses-01_task-WorkingMemory_run-3_eeg.set,250.0
5,AFZ,27.551536560058594,133.82174682617188,3.4545607566833496,False,False,sub-005,sub-005_ses-01_task-WorkingMemory_run-3_eeg.set,250.0
6,AF4,22.705703735351562,104.51771545410156,0.31046977639198303,False,False,sub-005,sub-005_ses-01_task-WorkingMemory_run-3_eeg.set,250.0
7,AF8,19.680694580078125,92.79610443115234,-1.6522276401519775,False,False,sub-005,sub-005_ses-01_task-WorkingMemory_run-3_eeg.set,250.0
8,F9,19.123598098754883,90.35408782958984,-2.0136849880218506,False,False,sub-005,sub-005_ses-01_task-WorkingMemory_run-3_eeg.set,250.0
9,F7,19.258689880371094,94.26129150390625,-1.9260342121124268,False,False,sub-005,sub-005_ses-01_task-WorkingMemory_run-3_eeg.set,250.0
10,F5,24.563390731811523,143.10134887695312,1.515781044960022,False,False,sub-005,sub-005_ses-01_task-WorkingMemory_run-3_eeg.set,250.0
11,F3,24.234848022460938,116.23931884765625,1.3026148080825806,False,False,sub-005,sub-005_ses-01_task-WorkingMemory_run-3_eeg.set,250.0
12,F1,18.768144607543945,91.33089447021484,-2.244311571121216,False,False,sub-005,sub-005_ses-01_task-WorkingMemory_run-3_eeg.set,250.0
13,FZ,28.021636962890625,162.63735961914062,3.759572982788086,False,False,sub-005,sub-005_ses-01_task-WorkingMemory_run-3_eeg.set,250.0
14,F2,24.7667293548584,130.40293884277344,1.6477118730545044,False,False,sub-005,sub-005_ses-01_task-WorkingMemory_run-3_eeg.set,250.0
15,F4,18.54216194152832,84.0976791381836,-2.390934705734253,False,False,sub-005,sub-005_ses-01_task-WorkingMemory_run-3_eeg.set,250.0
16,F6,18.24374771118164,86.44689178466797,-2.5845530033111572,False,False,sub-005,sub-005_ses-01_task-WorkingMemory_run-3_eeg.set,250.0
17,F8,19.12663459777832,89.37728881835938,-2.0117149353027344,False,False,sub-005,sub-005_ses-01_task-WorkingMemory_run-3_eeg.set,250.0
18,F10,19.18784523010254,92.30769348144531,-1.972000002861023,False,False,sub-005,sub-005_ses-01_task-WorkingMemory_run-3_eeg.set,250.0
19,FT9,30.72509765625,171.91697692871094,5.513642311096191,False,False,sub-005,sub-005_ses-01_task-WorkingMemory_run-3_eeg.set,250.0
20,FT7,23.023611068725586,119.16972351074219,0.5167356133460999,False,False,sub-005,sub-005_ses-01_task-WorkingMemory_run-3_eeg.set,250.0
21,FC5,19.21216583251953,90.84249877929688,-1.956220269203186,False,False,sub-005,sub-005_ses-01_task-WorkingMemory_run-3_eeg.set,250.0
22,FC3,19.5358829498291,90.35409545898438,-1.7461848258972168,False,False,sub-005,sub-005_ses-01_task-WorkingMemory_run-3_eeg.set,250.0
23,FC1,19.871347427368164,92.30769348144531,-1.5285276174545288,False,False,sub-005,sub-005_ses-01_task-WorkingMemory_run-3_eeg.set,250.0
24,FCZ,40.786155700683594,228.08303833007812,12.041494369506836,False,True,sub-005,sub-005_ses-01_task-WorkingMemory_run-3_eeg.set,250.0
25,FC2,20.337570190429688,98.65690612792969,-1.2260313034057617,False,False,sub-005,sub-005_ses-01_task-WorkingMemory_run-3_eeg.set,250.0
26,FC4,19.99314308166504,101.09890747070312,-1.449503779411316,False,False,sub-005,sub-005_ses-01_task-WorkingMemory_run-3_eeg.set,250.0
27,FC6,42.319156646728516,229.05982971191406,13.036141395568848,False,True,sub-005,sub-005_ses-01_task-WorkingMemory_run-3_eeg.set,250.0
28,FT8,23.751113891601562,111.35531616210938,0.9887565970420837,False,False,sub-005,sub-005_ses-01_task-WorkingMemory_run-3_eeg.set,250.0
29,FT10,21.178997039794922,108.42491149902344,-0.6800936460494995,False,False,sub-005,sub-005_ses-01_task-WorkingMemory_run-3_eeg.set,250.0
30,T7,45.575340270996094,290.5982971191406,15.14883041381836,False,True,sub-005,sub-005_ses-01_task-WorkingMemory_run-3_eeg.set,250.0
31,C5,41.059940338134766,203.6630096435547,12.219132423400879,False,True,sub-005,sub-005_ses-01_task-WorkingMemory_run-3_eeg.set,250.0
32,C3,23.802268981933594,115.75092315673828,1.0219472646713257,False,False,sub-005,sub-005_ses-01_task-WorkingMemory_run-3_eeg.set,250.0
33,C1,22.967144012451172,108.42491912841797,0.4800984263420105,False,False,sub-005,sub-005_ses-01_task-WorkingMemory_run-3_eeg.set,250.0
34,CZ,22.730064392089844,105.49451446533203,0.3262755572795868,False,False,sub-005,sub-005_ses-01_task-WorkingMemory_run-3_eeg.set,250.0
35,C2,23.266765594482422,106.95970153808594,0.6744999885559082,False,False,sub-005,sub-005_ses-01_task-WorkingMemory_run-3_eeg.set,250.0
36,C4,22.4993953704834,104.02930450439453,0.1766120344400406,False,False,sub-005,sub-005_ses-01_task-WorkingMemory_run-3_eeg.set,250.0
37,C6,21.709182739257812,102.0757064819336,-0.3360966145992279,False,False,sub-005,sub-005_ses-01_task-WorkingMemory_run-3_eeg.set,250.0
38,T8,21.289098739624023,96.21490478515625,-0.6086570620536804,False,False,sub-005,sub-005_ses-01_task-WorkingMemory_run-3_eeg.set,250.0
39,TP9,21.97260284423828,101.09890747070312,-0.1651834100484848,False,False,sub-005,sub-005_ses-01_task-WorkingMemory_run-3_eeg.set,250.0
40,TP7,22.857133865356445,105.49451446533203,0.4087212383747101,False,False,sub-005,sub-005_ses-01_task-WorkingMemory_run-3_eeg.set,250.0
41,CP5,22.1088924407959,103.0525131225586,-0.07675550132989883,False,False,sub-005,sub-005_ses-01_task-WorkingMemory_run-3_eeg.set,250.0
42,CP3,32.38566207885742,180.70819091796875,6.591055870056152,False,True,sub-005,sub-005_ses-01_task-WorkingMemory_run-3_eeg.set,250.0
43,CP1,22.01805305480957,105.00611114501953,-0.1356942504644394,False,False,sub-005,sub-005_ses-01_task-WorkingMemory_run-3_eeg.set,250.0
44,CPZ,21.765079498291016,105.00611114501953,-0.29982948303222656,False,False,sub-005,sub-005_ses-01_task-WorkingMemory_run-3_eeg.set,250.0
45,CP2,22.06926918029785,104.02931213378906,-0.10246401280164719,False,False,sub-005,sub-005_ses-01_task-WorkingMemory_run-3_eeg.set,250.0
46,CP4,22.227191925048828,107.4481201171875,0.0,False,False,sub-005,sub-005_ses-01_task-WorkingMemory_run-3_eeg.set,250.0
47,CP6,22.274892807006836,105.49451446533203,0.030949460342526436,False,False,sub-005,sub-005_ses-01_task-WorkingMemory_run-3_eeg.set,250.0
48,TP8,21.938583374023438,101.5873031616211,-0.18725605309009552,False,False,sub-005,sub-005_ses-01_task-WorkingMemory_run-3_eeg.set,250.0
49,TP10,21.727304458618164,103.0525131225586,-0.3243388235569,False,False,sub-005,sub-005_ses-01_task-WorkingMemory_run-3_eeg.set,250.0
50,P7,22.2304630279541,104.51770782470703,0.002122368896380067,False,False,sub-005,sub-005_ses-01_task-WorkingMemory_run-3_eeg.set,250.0
51,P5,21.895736694335938,104.02930450439453,-0.21505598723888397,False,False,sub-005,sub-005_ses-01_task-WorkingMemory_run-3_eeg.set,250.0
52,P3,25.8510684967041,131.86813354492188,2.351256847381592,False,False,sub-005,sub-005_ses-01_task-WorkingMemory_run-3_eeg.set,250.0
53,P1,22.29395294189453,104.02931213378906,0.04331612586975098,False,False,sub-005,sub-005_ses-01_task-WorkingMemory_run-3_eeg.set,250.0
54,PZ,21.35187530517578,100.12210083007812,-0.5679261088371277,False,False,sub-005,sub-005_ses-01_task-WorkingMemory_run-3_eeg.set,250.0
55,P2,25.701461791992188,129.91453552246094,2.2541885375976562,False,False,sub-005,sub-005_ses-01_task-WorkingMemory_run-3_eeg.set,250.0
56,P4,21.948060989379883,104.02930450439453,-0.18110676109790802,False,False,sub-005,sub-005_ses-01_task-WorkingMemory_run-3_eeg.set,250.0
57,P6,21.778156280517578,104.02930450439453,-0.29134494066238403,False,False,sub-005,sub-005_ses-01_task-WorkingMemory_run-3_eeg.set,250.0
58,P8,23.97686195373535,115.26251220703125,1.1352273225784302,False,False,sub-005,sub-005_ses-01_task-WorkingMemory_run-3_eeg.set,250.0
59,PO9,22.616228103637695,106.4713134765625,0.25241586565971375,False,False,sub-005,sub-005_ses-01_task-WorkingMemory_run-3_eeg.set,250.0
60,PO7,21.78232765197754,103.54090881347656,-0.28863847255706787,False,False,sub-005,sub-005_ses-01_task-WorkingMemory_run-3_eeg.set,250.0
61,PO3,22.732196807861328,107.93650817871094,0.32765913009643555,False,False,sub-005,sub-005_ses-01_task-WorkingMemory_run-3_eeg.set,250.0
62,POZ,22.245325088500977,104.51770782470703,0.011765224859118462,False,False,sub-005,sub-005_ses-01_task-WorkingMemory_run-3_eeg.set,250.0
63,PO4,21.716283798217773,103.05250549316406,-0.33148929476737976,False,False,sub-005,sub-005_ses-01_task-WorkingMemory_run-3_eeg.set,250.0
64,PO8,56.22568130493164,310.6227111816406,22.059022903442383,False,True,sub-005,sub-005_ses-01_task-WorkingMemory_run-3_eeg.set,250.0
65,PO10,22.03399085998535,105.49451446533203,-0.12535341084003448,False,False,sub-005,sub-005_ses-01_task-WorkingMemory_run-3_eeg.set,250.0
66,O1,21.229652404785156,99.63370513916016,-0.6472272872924805,False,False,sub-005,sub-005_ses-01_task-WorkingMemory_run-3_eeg.set,250.0
67,OZ,21.27243995666504,101.09890747070312,-0.6194656491279602,False,False,sub-005,sub-005_ses-01_task-WorkingMemory_run-3_eeg.set,250.0
68,O2,23.16893768310547,110.8669204711914,0.6110268831253052,False,False,sub-005,sub-005_ses-01_task-WorkingMemory_run-3_eeg.set,250.0
69,LEYE,23.41362190246582,110.86691284179688,0.7697838544845581,False,False,sub-005,sub-005_ses-01_task-WorkingMemory_run-3_eeg.set,250.0
70,REYE,74.81172943115234,418.55926513671875,34.11809158325195,False,True,sub-005,sub-005_ses-01_task-WorkingMemory_run-3_eeg.set,250.0
0,FP1,24.79737663269043,116.72772216796875,2.7132301330566406,False,False,sub-005,sub-005_ses-01_task-WorkingMemory_run-4_eeg.set,250.0
1,FPZ,22.946918487548828,103.05250549316406,1.380376935005188,False,False,sub-005,sub-005_ses-01_task-WorkingMemory_run-4_eeg.set,250.0
2,FP2,23.213504791259766,104.02930450439453,1.5723944902420044,False,False,sub-005,sub-005_ses-01_task-WorkingMemory_run-4_eeg.set,250.0
3,AF7,24.759891510009766,109.8901138305664,2.686230421066284,False,False,sub-005,sub-005_ses-01_task-WorkingMemory_run-4_eeg.set,250.0
4,AF3,24.941036224365234,111.84371185302734,2.8167059421539307,False,False,sub-005,sub-005_ses-01_task-WorkingMemory_run-4_eeg.set,250.0
5,AFZ,29.53425407409668,147.008544921875,6.1251220703125,False,True,sub-005,sub-005_ses-01_task-WorkingMemory_run-4_eeg.set,250.0
6,AF4,25.23872184753418,111.35531616210938,3.031123638153076,False,False,sub-005,sub-005_ses-01_task-WorkingMemory_run-4_eeg.set,250.0
7,AF8,22.074981689453125,100.12210845947266,0.7523357272148132,False,False,sub-005,sub-005_ses-01_task-WorkingMemory_run-4_eeg.set,250.0
8,F9,22.102258682250977,102.0757064819336,0.7719829082489014,False,False,sub-005,sub-005_ses-01_task-WorkingMemory_run-4_eeg.set,250.0
9,F7,22.465383529663086,104.02931213378906,1.0335354804992676,False,False,sub-005,sub-005_ses-01_task-WorkingMemory_run-4_eeg.set,250.0
10,F5,21.413278579711914,98.65690612792969,0.27572232484817505,False,False,sub-005,sub-005_ses-01_task-WorkingMemory_run-4_eeg.set,250.0
11,F3,22.234241485595703,98.16850280761719,0.8670478463172913,False,False,sub-005,sub-005_ses-01_task-WorkingMemory_run-4_eeg.set,250.0
12,F1,20.96554183959961,93.77288818359375,-0.046774812042713165,False,False,sub-005,sub-005_ses-01_task-WorkingMemory_run-4_eeg.set,250.0
13,FZ,20.443986892700195,91.81929779052734,-0.42244189977645874,False,False,sub-005,sub-005_ses-01_task-WorkingMemory_run-4_eeg.set,250.0
14,F2,20.45522117614746,92.30769348144531,-0.41435006260871887,False,False,sub-005,sub-005_ses-01_task-WorkingMemory_run-4_eeg.set,250.0
15,F4,20.33717918395996,94.74970245361328,-0.4993736743927002,False,False,sub-005,sub-005_ses-01_task-WorkingMemory_run-4_eeg.set,250.0
16,F6,22.342744827270508,101.0988998413086,0.9452009201049805,False,False,sub-005,sub-005_ses-01_task-WorkingMemory_run-4_eeg.set,250.0
17,F8,20.220701217651367,90.84249114990234,-0.583270788192749,False,False,sub-005,sub-005_ses-01_task-WorkingMemory_run-4_eeg.set,250.0
18,F10,37.54036331176758,232.4786376953125,11.89178466796875,False,True,sub-005,sub-005_ses-01_task-WorkingMemory_run-4_eeg.set,250.0
19,FT9,28.844003677368164,157.75335693359375,5.627946376800537,False,False,sub-005,sub-005_ses-01_task-WorkingMemory_run-4_eeg.set,250.0
20,FT7,20.752483367919922,102.0757064819336,-0.2002371847629547,False,False,sub-005,sub-005_ses-01_task-WorkingMemory_run-4_eeg.set,250.0
21,FC5,20.205215454101562,92.30769348144531,-0.5944249033927917,False,False,sub-005,sub-005_ses-01_task-WorkingMemory_run-4_eeg.set,250.0
22,FC3,20.409337997436523,93.28449249267578,-0.4473989009857178,False,False,sub-005,sub-005_ses-01_task-WorkingMemory_run-4_eeg.set,250.0
23,FC1,19.966093063354492,93.28449249267578,-0.7666606903076172,False,False,sub-005,sub-005_ses-01_task-WorkingMemory_run-4_eeg.set,250.0
24,FCZ,46.81696319580078,279.8534851074219,18.573562622070312,False,True,sub-005,sub-005_ses-01_task-WorkingMemory_run-4_eeg.set,250.0
25,FC2,69.0726089477539,396.09283447265625,34.60392379760742,False,True,sub-005,sub-005_ses-01_task-WorkingMemory_run-4_eeg.set,250.0
26,FC4,31.627254486083984,184.1269989013672,7.632674694061279,False,True,sub-005,sub-005_ses-01_task-WorkingMemory_run-4_eeg.set,250.0
27,FC6,21.676151275634766,110.3785171508789,0.46506503224372864,False,False,sub-005,sub-005_ses-01_task-WorkingMemory_run-4_eeg.set,250.0
28,FT8,22.602750778198242,111.84371948242188,1.1324788331985474,False,False,sub-005,sub-005_ses-01_task-WorkingMemory_run-4_eeg.set,250.0
29,FT10,21.030481338500977,95.23809814453125,0.0,False,False,sub-005,sub-005_ses-01_task-WorkingMemory_run-4_eeg.set,250.0
30,T7,19.946870803833008,93.28450012207031,-0.7805061340332031,False,False,sub-005,sub-005_ses-01_task-WorkingMemory_run-4_eeg.set,250.0
31,C5,20.215911865234375,93.28449249267578,-0.5867204666137695,False,False,sub-005,sub-005_ses-01_task-WorkingMemory_run-4_eeg.set,250.0
32,C3,20.950992584228516,94.26129150390625,-0.05725438892841339,False,False,sub-005,sub-005_ses-01_task-WorkingMemory_run-4_eeg.set,250.0
33,C1,20.226743698120117,93.28449249267578,-0.5789185166358948,False,False,sub-005,sub-005_ses-01_task-WorkingMemory_run-4_eeg.set,250.0
34,CZ,49.900611877441406,282.78387451171875,20.794660568237305,False,True,sub-005,sub-005_ses-01_task-WorkingMemory_run-4_eeg.set,250.0
35,C2,21.038360595703125,101.5873031616211,0.00567529397085309,False,False,sub-005,sub-005_ses-01_task-WorkingMemory_run-4_eeg.set,250.0
36,C4,19.899436950683594,94.26129913330078,-0.8146719336509705,False,False,sub-005,sub-005_ses-01_task-WorkingMemory_run-4_eeg.set,250.0
37,C6,20.256160736083984,94.26129913330078,-0.5577298998832703,False,False,sub-005,sub-005_ses-01_task-WorkingMemory_run-4_eeg.set,250.0
38,T8,20.20415687561035,91.81929016113281,-0.5951873660087585,False,False,sub-005,sub-005_ses-01_task-WorkingMemory_run-4_eeg.set,250.0
39,TP9,20.157258987426758,92.30769348144531,-0.6289671659469604,False,False,sub-005,sub-005_ses-01_task-WorkingMemory_run-4_eeg.set,250.0
40,TP7,20.12358856201172,91.33088684082031,-0.6532193422317505,False,False,sub-005,sub-005_ses-01_task-WorkingMemory_run-4_eeg.set,250.0
41,CP5,20.12577247619629,93.28449249267578,-0.6516463160514832,False,False,sub-005,sub-005_ses-01_task-WorkingMemory_run-4_eeg.set,250.0
42,CP3,34.38787078857422,201.70941162109375,9.621098518371582,False,True,sub-005,sub-005_ses-01_task-WorkingMemory_run-4_eeg.set,250.0
43,CP1,22.53348159790039,103.54090118408203,1.0825854539871216,False,False,sub-005,sub-005_ses-01_task-WorkingMemory_run-4_eeg.set,250.0
44,CPZ,20.21820640563965,94.26129913330078,-0.5850677490234375,False,False,sub-005,sub-005_ses-01_task-WorkingMemory_run-4_eeg.set,250.0
45,CP2,22.11885643005371,101.0988998413086,0.783937931060791,False,False,sub-005,sub-005_ses-01_task-WorkingMemory_run-4_eeg.set,250.0
46,CP4,21.533754348754883,97.19169616699219,0.362498939037323,False,False,sub-005,sub-005_ses-01_task-WorkingMemory_run-4_eeg.set,250.0
47,CP6,20.3272762298584,93.28449249267578,-0.506506621837616,False,False,sub-005,sub-005_ses-01_task-WorkingMemory_run-4_eeg.set,250.0
48,TP8,20.104963302612305,97.19169616699219,-0.6666347980499268,False,False,sub-005,sub-005_ses-01_task-WorkingMemory_run-4_eeg.set,250.0
49,TP10,20.055265426635742,91.33089447021484,-0.7024313807487488,False,False,sub-005,sub-005_ses-01_task-WorkingMemory_run-4_eeg.set,250.0
50,P7,20.094043731689453,93.77289581298828,-0.6744999885559082,False,False,sub-005,sub-005_ses-01_task-WorkingMemory_run-4_eeg.set,250.0
51,P5,21.069448471069336,97.19170379638672,0.02806735970079899,False,False,sub-005,sub-005_ses-01_task-WorkingMemory_run-4_eeg.set,250.0
52,P3,20.589908599853516,96.70330047607422,-0.3173370063304901,False,False,sub-005,sub-005_ses-01_task-WorkingMemory_run-4_eeg.set,250.0
53,P1,19.66436195373535,92.5958480834961,-0.9839924573898315,False,False,sub-005,sub-005_ses-01_task-WorkingMemory_run-4_eeg.set,250.0
54,PZ,20.42633056640625,93.77289581298828,-0.43515947461128235,False,False,sub-005,sub-005_ses-01_task-WorkingMemory_run-4_eeg.set,250.0
55,P2,20.97106170654297,97.19169616699219,-0.04279894381761551,False,False,sub-005,sub-005_ses-01_task-WorkingMemory_run-4_eeg.set,250.0
56,P4,22.27345085144043,102.56410217285156,0.8952896595001221,False,False,sub-005,sub-005_ses-01_task-WorkingMemory_run-4_eeg.set,250.0
57,P6,20.52812385559082,98.16849517822266,-0.36183950304985046,False,False,sub-005,sub-005_ses-01_task-WorkingMemory_run-4_eeg.set,250.0
58,P8,20.355812072753906,95.72650146484375,-0.4859527349472046,False,False,sub-005,sub-005_ses-01_task-WorkingMemory_run-4_eeg.set,250.0
59,PO9,27.52635955810547,137.72894287109375,4.678869724273682,False,False,sub-005,sub-005_ses-01_task-WorkingMemory_run-4_eeg.set,250.0
60,PO7,23.853601455688477,116.72772216796875,2.033445119857788,False,False,sub-005,sub-005_ses-01_task-WorkingMemory_run-4_eeg.set,250.0
61,PO3,35.234615325927734,204.1514129638672,10.230995178222656,False,True,sub-005,sub-005_ses-01_task-WorkingMemory_run-4_eeg.set,250.0
62,POZ,22.003374099731445,104.02930450439453,0.7007579803466797,False,False,sub-005,sub-005_ses-01_task-WorkingMemory_run-4_eeg.set,250.0
63,PO4,20.571308135986328,98.65690612792969,-0.33073461055755615,False,False,sub-005,sub-005_ses-01_task-WorkingMemory_run-4_eeg.set,250.0
64,PO8,21.404586791992188,103.54090881347656,0.2694617509841919,False,False,sub-005,sub-005_ses-01_task-WorkingMemory_run-4_eeg.set,250.0
65,PO10,20.41765022277832,96.21489715576172,-0.4414117634296417,False,False,sub-005,sub-005_ses-01_task-WorkingMemory_run-4_eeg.set,250.0
66,O1,20.171741485595703,95.03784942626953,-0.618535578250885,False,False,sub-005,sub-005_ses-01_task-WorkingMemory_run-4_eeg.set,250.0
67,OZ,22.76430892944336,105.4945068359375,1.248846411705017,False,False,sub-005,sub-005_ses-01_task-WorkingMemory_run-4_eeg.set,250.0
68,O2,20.077428817749023,94.74970245361328,-0.6864674091339111,False,False,sub-005,sub-005_ses-01_task-WorkingMemory_run-4_eeg.set,250.0
69,LEYE,20.171201705932617,97.19170379638672,-0.6189244389533997,False,False,sub-005,sub-005_ses-01_task-WorkingMemory_run-4_eeg.set,250.0
70,REYE,43.875389099121094,237.85104370117188,16.454795837402344,False,True,sub-005,sub-005_ses-01_task-WorkingMemory_run-4_eeg.set,250.0
0,FP1,37.72309875488281,202.68621826171875,0.23509864509105682,False,False,sub-006,sub-006_ses-01_task-WorkingMemory_run-1_eeg.set,250.0
1,FPZ,34.861473083496094,186.56900024414062,-0.21216879785060883,False,False,sub-006,sub-006_ses-01_task-WorkingMemory_run-1_eeg.set,250.0
2,FP2,38.518829345703125,211.4774169921875,0.35947003960609436,False,False,sub-006,sub-006_ses-01_task-WorkingMemory_run-1_eeg.set,250.0
3,AF7,48.97136306762695,268.6202697753906,1.993183970451355,False,False,sub-006,sub-006_ses-01_task-WorkingMemory_run-1_eeg.set,250.0
4,AF3,51.22453308105469,293.5286865234375,2.345350742340088,False,False,sub-006,sub-006_ses-01_task-WorkingMemory_run-1_eeg.set,250.0
5,AFZ,53.290687561035156,304.27349853515625,2.668287515640259,False,False,sub-006,sub-006_ses-01_task-WorkingMemory_run-1_eeg.set,250.0
6,AF4,39.498817443847656,212.94261169433594,0.5126405954360962,False,False,sub-006,sub-006_ses-01_task-WorkingMemory_run-1_eeg.set,250.0
7,AF8,55.04990768432617,364.3467712402344,2.9432506561279297,False,False,sub-006,sub-006_ses-01_task-WorkingMemory_run-1_eeg.set,250.0
8,F9,52.89763641357422,283.76068115234375,2.606854200363159,False,False,sub-006,sub-006_ses-01_task-WorkingMemory_run-1_eeg.set,250.0
9,F7,50.282997131347656,258.8522644042969,2.198190212249756,False,False,sub-006,sub-006_ses-01_task-WorkingMemory_run-1_eeg.set,250.0
10,F5,39.786258697509766,212.4542236328125,0.5575671792030334,False,False,sub-006,sub-006_ses-01_task-WorkingMemory_run-1_eeg.set,250.0
11,F3,39.93190383911133,210.989013671875,0.5803312659263611,False,False,sub-006,sub-006_ses-01_task-WorkingMemory_run-1_eeg.set,250.0
12,F1,40.210845947265625,210.01222229003906,0.6239294409751892,False,False,sub-006,sub-006_ses-01_task-WorkingMemory_run-1_eeg.set,250.0
13,FZ,49.892425537109375,282.29547119140625,2.1371445655822754,False,False,sub-006,sub-006_ses-01_task-WorkingMemory_run-1_eeg.set,250.0
14,F2,40.98588180541992,231.01344299316406,0.7450662851333618,False,False,sub-006,sub-006_ses-01_task-WorkingMemory_run-1_eeg.set,250.0
15,F4,32.882354736328125,169.96337890625,-0.5215017795562744,False,False,sub-006,sub-006_ses-01_task-WorkingMemory_run-1_eeg.set,250.0
16,F6,41.64845657348633,230.3003692626953,0.848625659942627,False,False,sub-006,sub-006_ses-01_task-WorkingMemory_run-1_eeg.set,250.0
17,F8,41.24606704711914,216.84982299804688,0.7857328057289124,False,False,sub-006,sub-006_ses-01_task-WorkingMemory_run-1_eeg.set,250.0
18,F10,36.90187072753906,189.27471923828125,0.10674203187227249,False,False,sub-006,sub-006_ses-01_task-WorkingMemory_run-1_eeg.set,250.0
19,FT9,31.95017433166504,152.86935424804688,-0.6672000288963318,False,False,sub-006,sub-006_ses-01_task-WorkingMemory_run-1_eeg.set,250.0
20,FT7,33.633155822753906,169.4749755859375,-0.4041527807712555,False,False,sub-006,sub-006_ses-01_task-WorkingMemory_run-1_eeg.set,250.0
21,FC5,34.09210968017578,175.59951782226562,-0.3324190378189087,False,False,sub-006,sub-006_ses-01_task-WorkingMemory_run-1_eeg.set,250.0
22,FC3,36.22547149658203,188.03419494628906,0.001021939911879599,False,False,sub-006,sub-006_ses-01_task-WorkingMemory_run-1_eeg.set,250.0
23,FC1,25.81854248046875,116.72772216796875,-1.6255640983581543,False,False,sub-006,sub-006_ses-01_task-WorkingMemory_run-1_eeg.set,250.0
24,FCZ,32.046756744384766,166.54457092285156,-0.652104377746582,False,False,sub-006,sub-006_ses-01_task-WorkingMemory_run-1_eeg.set,250.0
25,FC2,31.90346908569336,165.07937622070312,-0.6744999885559082,False,False,sub-006,sub-006_ses-01_task-WorkingMemory_run-1_eeg.set,250.0
26,FC4,25.119033813476562,121.12332153320312,-1.7348960638046265,False,False,sub-006,sub-006_ses-01_task-WorkingMemory_run-1_eeg.set,250.0
27,FC6,32.33558654785156,171.91697692871094,-0.6069607734680176,False,False,sub-006,sub-006_ses-01_task-WorkingMemory_run-1_eeg.set,250.0
28,FT8,28.338668823242188,142.12454223632812,-1.2316724061965942,False,False,sub-006,sub-006_ses-01_task-WorkingMemory_run-1_eeg.set,250.0
29,FT10,31.90225601196289,170.940185546875,-0.6746895909309387,False,False,sub-006,sub-006_ses-01_task-WorkingMemory_run-1_eeg.set,250.0
30,T7,35.262577056884766,189.01100158691406,-0.14947688579559326,False,False,sub-006,sub-006_ses-01_task-WorkingMemory_run-1_eeg.set,250.0
31,C5,28.574769973754883,142.61294555664062,-1.1947702169418335,False,False,sub-006,sub-006_ses-01_task-WorkingMemory_run-1_eeg.set,250.0
32,C3,31.052215576171875,164.10256958007812,-0.8075495362281799,False,False,sub-006,sub-006_ses-01_task-WorkingMemory_run-1_eeg.set,250.0
33,C1,29.348358154296875,145.54335021972656,-1.073859691619873,False,False,sub-006,sub-006_ses-01_task-WorkingMemory_run-1_eeg.set,250.0
34,CZ,27.750783920288086,138.70574951171875,-1.32355797290802,False,False,sub-006,sub-006_ses-01_task-WorkingMemory_run-1_eeg.set,250.0
35,C2,40.70682907104492,223.6874237060547,0.7014508247375488,False,False,sub-006,sub-006_ses-01_task-WorkingMemory_run-1_eeg.set,250.0
36,C4,30.55461883544922,157.75335693359375,-0.8853231072425842,False,False,sub-006,sub-006_ses-01_task-WorkingMemory_run-1_eeg.set,250.0
37,C6,35.50181198120117,189.98779296875,-0.11208486557006836,False,False,sub-006,sub-006_ses-01_task-WorkingMemory_run-1_eeg.set,250.0
38,T8,30.67540740966797,153.35775756835938,-0.8664440512657166,False,False,sub-006,sub-006_ses-01_task-WorkingMemory_run-1_eeg.set,250.0
39,TP9,30.08150863647461,151.40415954589844,-0.9592694640159607,False,False,sub-006,sub-006_ses-01_task-WorkingMemory_run-1_eeg.set,250.0
40,TP7,44.828880310058594,256.4102478027344,1.345720648765564,False,False,sub-006,sub-006_ses-01_task-WorkingMemory_run-1_eeg.set,250.0
41,CP5,39.494789123535156,206.59341430664062,0.5120109915733337,False,False,sub-006,sub-006_ses-01_task-WorkingMemory_run-1_eeg.set,250.0
42,CP3,29.446178436279297,145.05494689941406,-1.0585705041885376,False,False,sub-006,sub-006_ses-01_task-WorkingMemory_run-1_eeg.set,250.0
43,CP1,35.20882034301758,192.69354248046875,-0.15787896513938904,False,False,sub-006,sub-006_ses-01_task-WorkingMemory_run-1_eeg.set,250.0
44,CPZ,44.596927642822266,244.2002410888672,1.30946683883667,False,False,sub-006,sub-006_ses-01_task-WorkingMemory_run-1_eeg.set,250.0
45,CP2,30.325653076171875,153.35775756835938,-0.9211100339889526,False,False,sub-006,sub-006_ses-01_task-WorkingMemory_run-1_eeg.set,250.0
46,CP4,43.658447265625,282.7839050292969,1.1627839803695679,False,False,sub-006,sub-006_ses-01_task-WorkingMemory_run-1_eeg.set,250.0
47,CP6,36.23432159423828,207.34555053710938,0.0024051957298070192,False,False,sub-006,sub-006_ses-01_task-WorkingMemory_run-1_eeg.set,250.0
48,TP8,36.21893310546875,188.52259826660156,0.0,False,False,sub-006,sub-006_ses-01_task-WorkingMemory_run-1_eeg.set,250.0
49,TP10,41.688358306884766,228.08303833007812,0.8548622131347656,False,False,sub-006,sub-006_ses-01_task-WorkingMemory_run-1_eeg.set,250.0
50,P7,35.45350646972656,186.56900024414062,-0.11963492631912231,False,False,sub-006,sub-006_ses-01_task-WorkingMemory_run-1_eeg.set,250.0
51,P5,32.98953628540039,178.2661895751953,-0.5047494769096375,False,False,sub-006,sub-006_ses-01_task-WorkingMemory_run-1_eeg.set,250.0
52,P3,31.260578155517578,159.970703125,-0.7749828100204468,False,False,sub-006,sub-006_ses-01_task-WorkingMemory_run-1_eeg.set,250.0
53,P1,31.886390686035156,164.59097290039062,-0.6771693229675293,False,False,sub-006,sub-006_ses-01_task-WorkingMemory_run-1_eeg.set,250.0
54,PZ,52.307621002197266,282.7839050292969,2.5146358013153076,False,False,sub-006,sub-006_ses-01_task-WorkingMemory_run-1_eeg.set,250.0
55,P2,39.9431266784668,257.3870849609375,0.5820854306221008,False,False,sub-006,sub-006_ses-01_task-WorkingMemory_run-1_eeg.set,250.0
56,P4,41.84854507446289,239.3162384033203,0.8798992037773132,False,False,sub-006,sub-006_ses-01_task-WorkingMemory_run-1_eeg.set,250.0
57,P6,36.520565032958984,198.7790069580078,0.0471445769071579,False,False,sub-006,sub-006_ses-01_task-WorkingMemory_run-1_eeg.set,250.0
58,P8,33.60079574584961,178.26617431640625,-0.40921059250831604,False,False,sub-006,sub-006_ses-01_task-WorkingMemory_run-1_eeg.set,250.0
59,PO9,37.908935546875,200.24420166015625,0.264144629240036,False,False,sub-006,sub-006_ses-01_task-WorkingMemory_run-1_eeg.set,250.0
60,PO7,33.548072814941406,179.9951171875,-0.41745108366012573,False,False,sub-006,sub-006_ses-01_task-WorkingMemory_run-1_eeg.set,250.0
61,PO3,39.420772552490234,213.43101501464844,0.5004423260688782,False,False,sub-006,sub-006_ses-01_task-WorkingMemory_run-1_eeg.set,250.0
62,POZ,34.3961067199707,184.61538696289062,-0.2849047780036926,False,False,sub-006,sub-006_ses-01_task-WorkingMemory_run-1_eeg.set,250.0
63,PO4,37.09058380126953,202.68621826171875,0.13623757660388947,False,False,sub-006,sub-006_ses-01_task-WorkingMemory_run-1_eeg.set,250.0
64,PO8,28.452085494995117,143.58975219726562,-1.2139456272125244,False,False,sub-006,sub-006_ses-01_task-WorkingMemory_run-1_eeg.set,250.0
65,PO10,36.768489837646484,200.24420166015625,0.08589482307434082,False,False,sub-006,sub-006_ses-01_task-WorkingMemory_run-1_eeg.set,250.0
66,O1,29.658926010131836,152.38096618652344,-1.0253183841705322,False,False,sub-006,sub-006_ses-01_task-WorkingMemory_run-1_eeg.set,250.0
67,OZ,38.68767166137695,216.36141967773438,0.38585981726646423,False,False,sub-006,sub-006_ses-01_task-WorkingMemory_run-1_eeg.set,250.0
68,O2,35.38602066040039,191.94139099121094,-0.13018284738063812,False,False,sub-006,sub-006_ses-01_task-WorkingMemory_run-1_eeg.set,250.0
69,LEYE,35.95717239379883,196.82540893554688,-0.040912773460149765,False,False,sub-006,sub-006_ses-01_task-WorkingMemory_run-1_eeg.set,250.0
70,REYE,44.48707580566406,245.17706298828125,1.2922972440719604,False,False,sub-006,sub-006_ses-01_task-WorkingMemory_run-1_eeg.set,250.0
0,FP1,46.81558609008789,256.898681640625,0.876633882522583,False,False,sub-006,sub-006_ses-01_task-WorkingMemory_run-2_eeg.set,250.0
1,FPZ,37.393436431884766,196.8253936767578,-0.7262486219406128,False,False,sub-006,sub-006_ses-01_task-WorkingMemory_run-2_eeg.set,250.0
2,FP2,33.63386154174805,166.05618286132812,-1.3658220767974854,False,False,sub-006,sub-006_ses-01_task-WorkingMemory_run-2_eeg.set,250.0
3,AF7,40.378570556640625,212.45420837402344,-0.21842192113399506,False,False,sub-006,sub-006_ses-01_task-WorkingMemory_run-2_eeg.set,250.0
4,AF3,38.432796478271484,201.22100830078125,-0.5494341850280762,False,False,sub-006,sub-006_ses-01_task-WorkingMemory_run-2_eeg.set,250.0
5,AFZ,47.738407135009766,263.24786376953125,1.0336228609085083,False,False,sub-006,sub-006_ses-01_task-WorkingMemory_run-2_eeg.set,250.0
6,AF4,36.778907775878906,197.8022003173828,-0.8307913541793823,False,False,sub-006,sub-006_ses-01_task-WorkingMemory_run-2_eeg.set,250.0
7,AF8,36.90248489379883,197.40170288085938,-0.8097686171531677,False,False,sub-006,sub-006_ses-01_task-WorkingMemory_run-2_eeg.set,250.0
8,F9,45.007835388183594,247.7069549560547,0.5691019296646118,False,False,sub-006,sub-006_ses-01_task-WorkingMemory_run-2_eeg.set,250.0
9,F7,41.5660400390625,225.64102172851562,-0.01641131564974785,False,False,sub-006,sub-006_ses-01_task-WorkingMemory_run-2_eeg.set,250.0
10,F5,34.479637145996094,186.08059692382812,-1.2219399213790894,False,False,sub-006,sub-006_ses-01_task-WorkingMemory_run-2_eeg.set,250.0
11,F3,45.15251922607422,246.64224243164062,0.5937153697013855,False,False,sub-006,sub-006_ses-01_task-WorkingMemory_run-2_eeg.set,250.0
12,F1,42.56480026245117,234.03173828125,0.15349633991718292,False,False,sub-006,sub-006_ses-01_task-WorkingMemory_run-2_eeg.set,250.0
13,FZ,41.66250991821289,230.5250244140625,0.0,False,False,sub-006,sub-006_ses-01_task-WorkingMemory_run-2_eeg.set,250.0
14,F2,46.882938385009766,254.4566650390625,0.8880917429924011,False,False,sub-006,sub-006_ses-01_task-WorkingMemory_run-2_eeg.set,250.0
15,F4,35.333030700683594,193.40660095214844,-1.0767618417739868,False,False,sub-006,sub-006_ses-01_task-WorkingMemory_run-2_eeg.set,250.0
16,F6,43.08884811401367,237.85104370117188,0.24264658987522125,False,False,sub-006,sub-006_ses-01_task-WorkingMemory_run-2_eeg.set,250.0
17,F8,37.697628021240234,208.54701232910156,-0.6744999885559082,False,False,sub-006,sub-006_ses-01_task-WorkingMemory_run-2_eeg.set,250.0
18,F10,34.801971435546875,187.54579162597656,-1.167104959487915,False,False,sub-006,sub-006_ses-01_task-WorkingMemory_run-2_eeg.set,250.0
19,FT9,40.222923278808594,211.9658203125,-0.2449003905057907,False,False,sub-006,sub-006_ses-01_task-WorkingMemory_run-2_eeg.set,250.0
20,FT7,39.053436279296875,213.91941833496094,-0.4438518285751343,False,False,sub-006,sub-006_ses-01_task-WorkingMemory_run-2_eeg.set,250.0
21,FC5,37.902774810791016,204.15139770507812,-0.6396007537841797,False,False,sub-006,sub-006_ses-01_task-WorkingMemory_run-2_eeg.set,250.0
22,FC3,42.55606460571289,232.4786376953125,0.1520102322101593,False,False,sub-006,sub-006_ses-01_task-WorkingMemory_run-2_eeg.set,250.0
23,FC1,43.43037414550781,247.6190643310547,0.30074653029441833,False,False,sub-006,sub-006_ses-01_task-WorkingMemory_run-2_eeg.set,250.0
24,FCZ,42.49015426635742,234.4322509765625,0.1407976597547531,False,False,sub-006,sub-006_ses-01_task-WorkingMemory_run-2_eeg.set,250.0
25,FC2,41.59237289428711,234.920654296875,-0.011931609362363815,False,False,sub-006,sub-006_ses-01_task-WorkingMemory_run-2_eeg.set,250.0
26,FC4,42.991294860839844,238.3394317626953,0.2260509878396988,False,False,sub-006,sub-006_ses-01_task-WorkingMemory_run-2_eeg.set,250.0
27,FC6,37.45880889892578,204.63980102539062,-0.7151275277137756,False,False,sub-006,sub-006_ses-01_task-WorkingMemory_run-2_eeg.set,250.0
28,FT8,41.15829086303711,227.10623168945312,-0.08577702194452286,False,False,sub-006,sub-006_ses-01_task-WorkingMemory_run-2_eeg.set,250.0
29,FT10,70.65989685058594,283.27227783203125,4.932993412017822,False,False,sub-006,sub-006_ses-01_task-WorkingMemory_run-2_eeg.set,250.0
30,T7,46.215023040771484,276.4346923828125,0.7744669914245605,False,False,sub-006,sub-006_ses-01_task-WorkingMemory_run-2_eeg.set,250.0
31,C5,39.348514556884766,217.8266143798828,-0.39365354180336,False,False,sub-006,sub-006_ses-01_task-WorkingMemory_run-2_eeg.set,250.0
32,C3,46.484596252441406,262.27105712890625,0.8203263878822327,False,False,sub-006,sub-006_ses-01_task-WorkingMemory_run-2_eeg.set,250.0
33,C1,34.1913948059082,185.59219360351562,-1.2709753513336182,False,False,sub-006,sub-006_ses-01_task-WorkingMemory_run-2_eeg.set,250.0
34,CZ,44.098087310791016,247.13064575195312,0.4143368899822235,False,False,sub-006,sub-006_ses-01_task-WorkingMemory_run-2_eeg.set,250.0
35,C2,43.47739028930664,239.80462646484375,0.3087448477745056,False,False,sub-006,sub-006_ses-01_task-WorkingMemory_run-2_eeg.set,250.0
36,C4,41.907955169677734,225.1526336669922,0.041754793375730515,False,False,sub-006,sub-006_ses-01_task-WorkingMemory_run-2_eeg.set,250.0
37,C6,50.171287536621094,331.13555908203125,1.4475010633468628,False,False,sub-006,sub-006_ses-01_task-WorkingMemory_run-2_eeg.set,250.0
38,T8,36.43708038330078,201.22100830078125,-0.888942539691925,False,False,sub-006,sub-006_ses-01_task-WorkingMemory_run-2_eeg.set,250.0
39,TP9,39.222557067871094,214.00732421875,-0.415081262588501,False,False,sub-006,sub-006_ses-01_task-WorkingMemory_run-2_eeg.set,250.0
40,TP7,35.38288116455078,187.05740356445312,-1.0682814121246338,False,False,sub-006,sub-006_ses-01_task-WorkingMemory_run-2_eeg.set,250.0
41,CP5,48.563560485839844,271.15020751953125,1.1739968061447144,False,False,sub-006,sub-006_ses-01_task-WorkingMemory_run-2_eeg.set,250.0
42,CP3,33.762386322021484,178.2661895751953,-1.3439576625823975,False,False,sub-006,sub-006_ses-01_task-WorkingMemory_run-2_eeg.set,250.0
43,CP1,40.622947692871094,217.33822631835938,-0.17684881389141083,False,False,sub-006,sub-006_ses-01_task-WorkingMemory_run-2_eeg.set,250.0
44,CPZ,34.58699417114258,183.1501922607422,-1.203676462173462,False,False,sub-006,sub-006_ses-01_task-WorkingMemory_run-2_eeg.set,250.0
45,CP2,37.168426513671875,202.6862030029297,-0.7645270228385925,False,False,sub-006,sub-006_ses-01_task-WorkingMemory_run-2_eeg.set,250.0
46,CP4,40.0544548034668,217.82662963867188,-0.2735600173473358,False,False,sub-006,sub-006_ses-01_task-WorkingMemory_run-2_eeg.set,250.0
47,CP6,45.74484634399414,251.03785705566406,0.6944811940193176,False,False,sub-006,sub-006_ses-01_task-WorkingMemory_run-2_eeg.set,250.0
48,TP8,49.494346618652344,283.76068115234375,1.3323407173156738,False,False,sub-006,sub-006_ses-01_task-WorkingMemory_run-2_eeg.set,250.0
49,TP10,40.91897964477539,227.10623168945312,-0.12648829817771912,False,False,sub-006,sub-006_ses-01_task-WorkingMemory_run-2_eeg.set,250.0
50,P7,40.18012237548828,218.3150177001953,-0.25218161940574646,False,False,sub-006,sub-006_ses-01_task-WorkingMemory_run-2_eeg.set,250.0
51,P5,44.397308349609375,243.22344970703125,0.4652399718761444,False,False,sub-006,sub-006_ses-01_task-WorkingMemory_run-2_eeg.set,250.0
52,P3,43.08563995361328,238.91575622558594,0.24210083484649658,False,False,sub-006,sub-006_ses-01_task-WorkingMemory_run-2_eeg.set,250.0
53,P1,41.936622619628906,231.013427734375,0.04663166031241417,False,False,sub-006,sub-006_ses-01_task-WorkingMemory_run-2_eeg.set,250.0
54,PZ,43.063968658447266,238.33944702148438,0.23841413855552673,False,False,sub-006,sub-006_ses-01_task-WorkingMemory_run-2_eeg.set,250.0
55,P2,46.13469314575195,254.945068359375,0.760801374912262,False,False,sub-006,sub-006_ses-01_task-WorkingMemory_run-2_eeg.set,250.0
56,P4,41.98021697998047,226.61782836914062,0.05404786765575409,False,False,sub-006,sub-006_ses-01_task-WorkingMemory_run-2_eeg.set,250.0
57,P6,37.572715759277344,196.82540893554688,-0.6957498788833618,False,False,sub-006,sub-006_ses-01_task-WorkingMemory_run-2_eeg.set,250.0
58,P8,25.54974937438965,118.19293212890625,-2.741079807281494,False,False,sub-006,sub-006_ses-01_task-WorkingMemory_run-2_eeg.set,250.0
59,PO9,39.395973205566406,213.4310302734375,-0.3855799734592438,False,False,sub-006,sub-006_ses-01_task-WorkingMemory_run-2_eeg.set,250.0
60,PO7,35.16487503051758,186.56900024414062,-1.1053682565689087,False,False,sub-006,sub-006_ses-01_task-WorkingMemory_run-2_eeg.set,250.0
61,PO3,42.984031677246094,237.36264038085938,0.22481538355350494,False,False,sub-006,sub-006_ses-01_task-WorkingMemory_run-2_eeg.set,250.0
62,POZ,37.35857009887695,200.2442169189453,-0.7321799993515015,False,False,sub-006,sub-006_ses-01_task-WorkingMemory_run-2_eeg.set,250.0
63,PO4,50.473087310791016,289.1330871582031,1.498842716217041,False,False,sub-006,sub-006_ses-01_task-WorkingMemory_run-2_eeg.set,250.0
64,PO8,53.30216979980469,310.1343078613281,1.9801220893859863,False,False,sub-006,sub-006_ses-01_task-WorkingMemory_run-2_eeg.set,250.0
65,PO10,44.45281219482422,248.10745239257812,0.4746822118759155,False,False,sub-006,sub-006_ses-01_task-WorkingMemory_run-2_eeg.set,250.0
66,O1,34.711063385009766,190.4761962890625,-1.1825700998306274,False,False,sub-006,sub-006_ses-01_task-WorkingMemory_run-2_eeg.set,250.0
67,OZ,44.18427276611328,245.66546630859375,0.4289986789226532,False,False,sub-006,sub-006_ses-01_task-WorkingMemory_run-2_eeg.set,250.0
68,O2,50.734066009521484,294.993896484375,1.5432400703430176,False,False,sub-006,sub-006_ses-01_task-WorkingMemory_run-2_eeg.set,250.0
69,LEYE,49.44985580444336,282.78387451171875,1.3247721195220947,False,False,sub-006,sub-006_ses-01_task-WorkingMemory_run-2_eeg.set,250.0
70,REYE,66.87151336669922,332.60076904296875,4.288519382476807,False,False,sub-006,sub-006_ses-01_task-WorkingMemory_run-2_eeg.set,250.0
0,FP1,44.00352478027344,250.06103515625,0.0,False,False,sub-006,sub-006_ses-01_task-WorkingMemory_run-3_eeg.set,250.0
1,FPZ,45.07626724243164,243.22344970703125,0.26148873567581177,False,False,sub-006,sub-006_ses-01_task-WorkingMemory_run-3_eeg.set,250.0
2,FP2,49.74945068359375,284.24908447265625,1.4006109237670898,False,False,sub-006,sub-006_ses-01_task-WorkingMemory_run-3_eeg.set,250.0
3,AF7,36.15968322753906,171.91697692871094,-1.9119929075241089,False,False,sub-006,sub-006_ses-01_task-WorkingMemory_run-3_eeg.set,250.0
4,AF3,41.14052963256836,218.31503295898438,-0.6978757381439209,False,False,sub-006,sub-006_ses-01_task-WorkingMemory_run-3_eeg.set,250.0
5,AFZ,38.176780700683594,202.10989379882812,-1.4203109741210938,False,False,sub-006,sub-006_ses-01_task-WorkingMemory_run-3_eeg.set,250.0
6,AF4,39.873268127441406,210.01220703125,-1.0067799091339111,False,False,sub-006,sub-006_ses-01_task-WorkingMemory_run-3_eeg.set,250.0
7,AF8,41.53632736206055,226.12942504882812,-0.6013971567153931,False,False,sub-006,sub-006_ses-01_task-WorkingMemory_run-3_eeg.set,250.0
8,F9,49.3217658996582,275.4578857421875,1.296359658241272,False,False,sub-006,sub-006_ses-01_task-WorkingMemory_run-3_eeg.set,250.0
9,F7,43.2921028137207,241.2698516845703,-0.17341424524784088,False,False,sub-006,sub-006_ses-01_task-WorkingMemory_run-3_eeg.set,250.0
10,F5,45.88395690917969,261.2942810058594,0.4583688974380493,False,False,sub-006,sub-006_ses-01_task-WorkingMemory_run-3_eeg.set,250.0
11,F3,45.346065521240234,250.06105041503906,0.3272539973258972,False,False,sub-006,sub-006_ses-01_task-WorkingMemory_run-3_eeg.set,250.0
12,F1,36.8135871887207,197.80221557617188,-1.7525991201400757,False,False,sub-006,sub-006_ses-01_task-WorkingMemory_run-3_eeg.set,250.0
13,FZ,41.95927810668945,230.03663635253906,-0.49829989671707153,False,False,sub-006,sub-006_ses-01_task-WorkingMemory_run-3_eeg.set,250.0
14,F2,42.33586120605469,231.5018310546875,-0.4065050482749939,False,False,sub-006,sub-006_ses-01_task-WorkingMemory_run-3_eeg.set,250.0
15,F4,42.90877914428711,230.03663635253906,-0.26685217022895813,False,False,sub-006,sub-006_ses-01_task-WorkingMemory_run-3_eeg.set,250.0
16,F6,42.914649963378906,233.36753845214844,-0.2654210925102234,False,False,sub-006,sub-006_ses-01_task-WorkingMemory_run-3_eeg.set,250.0
17,F8,45.2891845703125,248.59585571289062,0.313388854265213,False,False,sub-006,sub-006_ses-01_task-WorkingMemory_run-3_eeg.set,250.0
18,F10,50.45048522949219,282.7839050292969,1.5714932680130005,False,False,sub-006,sub-006_ses-01_task-WorkingMemory_run-3_eeg.set,250.0
19,FT9,41.78731155395508,215.87301635742188,-0.5402179956436157,False,False,sub-006,sub-006_ses-01_task-WorkingMemory_run-3_eeg.set,250.0
20,FT7,42.66250991821289,227.10623168945312,-0.3268820345401764,False,False,sub-006,sub-006_ses-01_task-WorkingMemory_run-3_eeg.set,250.0
21,FC5,41.45204544067383,223.68743896484375,-0.6219415068626404,False,False,sub-006,sub-006_ses-01_task-WorkingMemory_run-3_eeg.set,250.0
22,FC3,45.45199966430664,253.4798583984375,0.3530762195587158,False,False,sub-006,sub-006_ses-01_task-WorkingMemory_run-3_eeg.set,250.0
23,FC1,46.61014175415039,258.7643737792969,0.6353816986083984,False,False,sub-006,sub-006_ses-01_task-WorkingMemory_run-3_eeg.set,250.0
24,FCZ,42.647422790527344,229.54824829101562,-0.3305596709251404,False,False,sub-006,sub-006_ses-01_task-WorkingMemory_run-3_eeg.set,250.0
25,FC2,53.15177917480469,300.8547058105469,2.2299530506134033,False,False,sub-006,sub-006_ses-01_task-WorkingMemory_run-3_eeg.set,250.0
26,FC4,41.804359436035156,231.5018310546875,-0.5360624194145203,False,False,sub-006,sub-006_ses-01_task-WorkingMemory_run-3_eeg.set,250.0
27,FC6,47.82246398925781,266.5787658691406,0.9308940768241882,False,False,sub-006,sub-006_ses-01_task-WorkingMemory_run-3_eeg.set,250.0
28,FT8,48.9980354309082,268.62030029296875,1.2174479961395264,False,False,sub-006,sub-006_ses-01_task-WorkingMemory_run-3_eeg.set,250.0
29,FT10,47.26368713378906,264.22467041015625,0.7946881055831909,False,False,sub-006,sub-006_ses-01_task-WorkingMemory_run-3_eeg.set,250.0
30,T7,41.41582107543945,226.61782836914062,-0.6307714581489563,False,False,sub-006,sub-006_ses-01_task-WorkingMemory_run-3_eeg.set,250.0
31,C5,43.70478439331055,238.2515411376953,-0.07282012701034546,False,False,sub-006,sub-006_ses-01_task-WorkingMemory_run-3_eeg.set,250.0
32,C3,42.962852478027344,229.54823303222656,-0.2536713778972626,False,False,sub-006,sub-006_ses-01_task-WorkingMemory_run-3_eeg.set,250.0
33,C1,39.55426788330078,212.942626953125,-1.084538459777832,False,False,sub-006,sub-006_ses-01_task-WorkingMemory_run-3_eeg.set,250.0
34,CZ,51.503807067871094,287.5799865722656,1.8282480239868164,False,False,sub-006,sub-006_ses-01_task-WorkingMemory_run-3_eeg.set,250.0
35,C2,41.953163146972656,226.61782836914062,-0.4997904598712921,False,False,sub-006,sub-006_ses-01_task-WorkingMemory_run-3_eeg.set,250.0
36,C4,47.15311050415039,258.8522644042969,0.7677342891693115,False,False,sub-006,sub-006_ses-01_task-WorkingMemory_run-3_eeg.set,250.0
37,C6,41.037899017333984,222.22222900390625,-0.7228926420211792,False,False,sub-006,sub-006_ses-01_task-WorkingMemory_run-3_eeg.set,250.0
38,T8,40.19441223144531,211.4774169921875,-0.9284986853599548,False,False,sub-006,sub-006_ses-01_task-WorkingMemory_run-3_eeg.set,250.0
39,TP9,55.654579162597656,302.8083190917969,2.8400285243988037,False,False,sub-006,sub-006_ses-01_task-WorkingMemory_run-3_eeg.set,250.0
40,TP7,42.26742935180664,224.6642303466797,-0.423185795545578,False,False,sub-006,sub-006_ses-01_task-WorkingMemory_run-3_eeg.set,250.0
41,CP5,43.16071319580078,229.54823303222656,-0.2054414004087448,False,False,sub-006,sub-006_ses-01_task-WorkingMemory_run-3_eeg.set,250.0
42,CP3,43.76478576660156,226.61782836914062,-0.0581943579018116,False,False,sub-006,sub-006_ses-01_task-WorkingMemory_run-3_eeg.set,250.0
43,CP1,36.90163040161133,189.98779296875,-1.7311381101608276,False,False,sub-006,sub-006_ses-01_task-WorkingMemory_run-3_eeg.set,250.0
44,CPZ,50.11491775512695,275.8583679199219,1.4896962642669678,False,False,sub-006,sub-006_ses-01_task-WorkingMemory_run-3_eeg.set,250.0
45,CP2,46.1566276550293,251.52626037597656,0.524834394454956,False,False,sub-006,sub-006_ses-01_task-WorkingMemory_run-3_eeg.set,250.0
46,CP4,45.67927932739258,250.06106567382812,0.4084772765636444,False,False,sub-006,sub-006_ses-01_task-WorkingMemory_run-3_eeg.set,250.0
47,CP6,51.74333190917969,292.4639892578125,1.8866339921951294,False,False,sub-006,sub-006_ses-01_task-WorkingMemory_run-3_eeg.set,250.0
48,TP8,45.557289123535156,247.1306610107422,0.3787412941455841,False,False,sub-006,sub-006_ses-01_task-WorkingMemory_run-3_eeg.set,250.0
49,TP10,43.62430191040039,238.33944702148438,-0.09243831038475037,False,False,sub-006,sub-006_ses-01_task-WorkingMemory_run-3_eeg.set,250.0
50,P7,55.0589599609375,315.5067138671875,2.6948421001434326,False,False,sub-006,sub-006_ses-01_task-WorkingMemory_run-3_eeg.set,250.0
51,P5,42.31587219238281,228.57144165039062,-0.411377489566803,False,False,sub-006,sub-006_ses-01_task-WorkingMemory_run-3_eeg.set,250.0
52,P3,50.078128814697266,279.8534851074219,1.4807286262512207,False,False,sub-006,sub-006_ses-01_task-WorkingMemory_run-3_eeg.set,250.0
53,P1,44.84684753417969,244.68865966796875,0.20556601881980896,False,False,sub-006,sub-006_ses-01_task-WorkingMemory_run-3_eeg.set,250.0
54,PZ,36.58358383178711,192.91819763183594,-1.8086642026901245,False,False,sub-006,sub-006_ses-01_task-WorkingMemory_run-3_eeg.set,250.0
55,P2,50.801971435546875,280.8302917480469,1.6571704149246216,False,False,sub-006,sub-006_ses-01_task-WorkingMemory_run-3_eeg.set,250.0
56,P4,53.036006927490234,297.92431640625,2.201732635498047,False,False,sub-006,sub-006_ses-01_task-WorkingMemory_run-3_eeg.set,250.0
57,P6,50.003265380859375,281.2308044433594,1.462480068206787,False,False,sub-006,sub-006_ses-01_task-WorkingMemory_run-3_eeg.set,250.0
58,P8,48.949668884277344,269.5970764160156,1.2056584358215332,False,False,sub-006,sub-006_ses-01_task-WorkingMemory_run-3_eeg.set,250.0
59,PO9,40.79927444458008,218.31503295898438,-0.7810591459274292,False,False,sub-006,sub-006_ses-01_task-WorkingMemory_run-3_eeg.set,250.0
60,PO7,51.98481750488281,292.5519104003906,1.945497751235962,False,False,sub-006,sub-006_ses-01_task-WorkingMemory_run-3_eeg.set,250.0
61,PO3,48.322227478027344,269.5970764160156,1.0527149438858032,False,False,sub-006,sub-006_ses-01_task-WorkingMemory_run-3_eeg.set,250.0
62,POZ,42.55958938598633,229.05982971191406,-0.3519696891307831,False,False,sub-006,sub-006_ses-01_task-WorkingMemory_run-3_eeg.set,250.0
63,PO4,46.77062225341797,257.3870849609375,0.6744999885559082,False,False,sub-006,sub-006_ses-01_task-WorkingMemory_run-3_eeg.set,250.0
64,PO8,46.606964111328125,262.2710876464844,0.6346071362495422,False,False,sub-006,sub-006_ses-01_task-WorkingMemory_run-3_eeg.set,250.0
65,PO10,47.21002197265625,252.4151611328125,0.781606912612915,False,False,sub-006,sub-006_ses-01_task-WorkingMemory_run-3_eeg.set,250.0
66,O1,49.002994537353516,266.66668701171875,1.2186568975448608,False,False,sub-006,sub-006_ses-01_task-WorkingMemory_run-3_eeg.set,250.0
67,OZ,51.39808654785156,287.66790771484375,1.8024778366088867,False,False,sub-006,sub-006_ses-01_task-WorkingMemory_run-3_eeg.set,250.0
68,O2,41.93873596191406,222.71063232421875,-0.5033072233200073,False,False,sub-006,sub-006_ses-01_task-WorkingMemory_run-3_eeg.set,250.0
69,LEYE,43.58346939086914,281.8070983886719,-0.10239152610301971,False,False,sub-006,sub-006_ses-01_task-WorkingMemory_run-3_eeg.set,250.0
70,REYE,37.96919631958008,219.7802276611328,-1.4709111452102661,False,False,sub-006,sub-006_ses-01_task-WorkingMemory_run-3_eeg.set,250.0
0,FP1,50.31132125854492,283.2723083496094,0.5347225666046143,False,False,sub-006,sub-006_ses-01_task-WorkingMemory_run-4_eeg.set,250.0
1,FPZ,59.862945556640625,339.4383544921875,2.2779381275177,False,False,sub-006,sub-006_ses-01_task-WorkingMemory_run-4_eeg.set,250.0
2,FP2,49.073123931884766,270.5738830566406,0.3087458312511444,False,False,sub-006,sub-006_ses-01_task-WorkingMemory_run-4_eeg.set,250.0
3,AF7,48.43270492553711,260.3174743652344,0.1918664127588272,False,False,sub-006,sub-006_ses-01_task-WorkingMemory_run-4_eeg.set,250.0
4,AF3,46.07868576049805,243.22344970703125,-0.23775294423103333,False,False,sub-006,sub-006_ses-01_task-WorkingMemory_run-4_eeg.set,250.0
5,AFZ,43.0211181640625,223.6874237060547,-0.7957731485366821,False,False,sub-006,sub-006_ses-01_task-WorkingMemory_run-4_eeg.set,250.0
6,AF4,51.077205657958984,272.5274658203125,0.6744999885559082,False,False,sub-006,sub-006_ses-01_task-WorkingMemory_run-4_eeg.set,250.0
7,AF8,39.64759063720703,198.7790069580078,-1.4114574193954468,False,False,sub-006,sub-006_ses-01_task-WorkingMemory_run-4_eeg.set,250.0
8,F9,45.57683563232422,244.84495544433594,-0.32934290170669556,False,False,sub-006,sub-006_ses-01_task-WorkingMemory_run-4_eeg.set,250.0
9,F7,47.48796844482422,257.3870849609375,0.01944764517247677,False,False,sub-006,sub-006_ses-01_task-WorkingMemory_run-4_eeg.set,250.0
10,F5,51.31316375732422,292.0635070800781,0.7175634503364563,False,False,sub-006,sub-006_ses-01_task-WorkingMemory_run-4_eeg.set,250.0
11,F3,91.7038803100586,435.65325927734375,8.089055061340332,False,True,sub-006,sub-006_ses-01_task-WorkingMemory_run-4_eeg.set,250.0
12,F1,75.32677459716797,456.65447998046875,5.100158214569092,False,False,sub-006,sub-006_ses-01_task-WorkingMemory_run-4_eeg.set,250.0
13,FZ,49.376220703125,277.4114990234375,0.3640623986721039,False,False,sub-006,sub-006_ses-01_task-WorkingMemory_run-4_eeg.set,250.0
14,F2,38.043540954589844,202.68621826171875,-1.7042039632797241,False,False,sub-006,sub-006_ses-01_task-WorkingMemory_run-4_eeg.set,250.0
15,F4,39.55198669433594,211.9658203125,-1.4289056062698364,False,False,sub-006,sub-006_ses-01_task-WorkingMemory_run-4_eeg.set,250.0
16,F6,47.169097900390625,259.8290710449219,-0.038747698068618774,False,False,sub-006,sub-006_ses-01_task-WorkingMemory_run-4_eeg.set,250.0
17,F8,40.91694259643555,230.52503967285156,-1.1797949075698853,False,False,sub-006,sub-006_ses-01_task-WorkingMemory_run-4_eeg.set,250.0
18,F10,44.191993713378906,245.1770477294922,-0.5820829272270203,False,False,sub-006,sub-006_ses-01_task-WorkingMemory_run-4_eeg.set,250.0
19,FT9,47.57721710205078,272.0390930175781,0.03573593869805336,False,False,sub-006,sub-006_ses-01_task-WorkingMemory_run-4_eeg.set,250.0
20,FT7,53.60548782348633,311.5995178222656,1.1359230279922485,False,False,sub-006,sub-006_ses-01_task-WorkingMemory_run-4_eeg.set,250.0
21,FC5,42.0447883605957,229.54824829101562,-0.9739577770233154,False,False,sub-006,sub-006_ses-01_task-WorkingMemory_run-4_eeg.set,250.0
22,FC3,45.739627838134766,253.4798583984375,-0.29963257908821106,False,False,sub-006,sub-006_ses-01_task-WorkingMemory_run-4_eeg.set,250.0
23,FC1,41.545013427734375,234.4322509765625,-1.065169095993042,False,False,sub-006,sub-006_ses-01_task-WorkingMemory_run-4_eeg.set,250.0
24,FCZ,54.40534973144531,316.4835205078125,1.2819015979766846,False,False,sub-006,sub-006_ses-01_task-WorkingMemory_run-4_eeg.set,250.0
25,FC2,35.05768585205078,188.0341796875,-2.249136447906494,False,False,sub-006,sub-006_ses-01_task-WorkingMemory_run-4_eeg.set,250.0
26,FC4,41.68863296508789,230.5250244140625,-1.0389578342437744,False,False,sub-006,sub-006_ses-01_task-WorkingMemory_run-4_eeg.set,250.0
27,FC6,47.516624450683594,266.66668701171875,0.024677498266100883,False,False,sub-006,sub-006_ses-01_task-WorkingMemory_run-4_eeg.set,250.0
28,FT8,40.03242111206055,221.24542236328125,-1.3412240743637085,False,False,sub-006,sub-006_ses-01_task-WorkingMemory_run-4_eeg.set,250.0
29,FT10,58.74072265625,347.25274658203125,2.073127269744873,False,False,sub-006,sub-006_ses-01_task-WorkingMemory_run-4_eeg.set,250.0
30,T7,48.59931564331055,287.8241882324219,0.22227364778518677,False,False,sub-006,sub-006_ses-01_task-WorkingMemory_run-4_eeg.set,250.0
31,C5,43.745731353759766,239.80465698242188,-0.6635278463363647,False,False,sub-006,sub-006_ses-01_task-WorkingMemory_run-4_eeg.set,250.0
32,C3,40.9763298034668,221.73382568359375,-1.1689563989639282,False,False,sub-006,sub-006_ses-01_task-WorkingMemory_run-4_eeg.set,250.0
33,C1,55.25922393798828,311.75579833984375,1.4377375841140747,False,False,sub-006,sub-006_ses-01_task-WorkingMemory_run-4_eeg.set,250.0
34,CZ,40.71028137207031,220.75701904296875,-1.217511534690857,False,False,sub-006,sub-006_ses-01_task-WorkingMemory_run-4_eeg.set,250.0
35,C2,49.765289306640625,286.20269775390625,0.43506920337677,False,False,sub-006,sub-006_ses-01_task-WorkingMemory_run-4_eeg.set,250.0
36,C4,44.16667175292969,254.4566650390625,-0.5867043137550354,False,False,sub-006,sub-006_ses-01_task-WorkingMemory_run-4_eeg.set,250.0
37,C6,38.84418487548828,211.9658203125,-1.5580826997756958,False,False,sub-006,sub-006_ses-01_task-WorkingMemory_run-4_eeg.set,250.0
38,T8,47.38140869140625,267.64349365234375,0.0,False,False,sub-006,sub-006_ses-01_task-WorkingMemory_run-4_eeg.set,250.0
39,TP9,48.47653579711914,278.8766784667969,0.19986574351787567,False,False,sub-006,sub-006_ses-01_task-WorkingMemory_run-4_eeg.set,250.0
40,TP7,42.56671142578125,237.85104370117188,-0.8787044882774353,False,False,sub-006,sub-006_ses-01_task-WorkingMemory_run-4_eeg.set,250.0
41,CP5,59.57022476196289,345.94384765625,2.224515199661255,False,False,sub-006,sub-006_ses-01_task-WorkingMemory_run-4_eeg.set,250.0
42,CP3,45.135643005371094,249.24057006835938,-0.40986260771751404,False,False,sub-006,sub-006_ses-01_task-WorkingMemory_run-4_eeg.set,250.0
43,CP1,48.327171325683594,270.7301940917969,0.17260603606700897,False,False,sub-006,sub-006_ses-01_task-WorkingMemory_run-4_eeg.set,250.0
44,CPZ,54.50284194946289,306.22711181640625,1.2996944189071655,False,False,sub-006,sub-006_ses-01_task-WorkingMemory_run-4_eeg.set,250.0
45,CP2,44.05552673339844,246.15386962890625,-0.606988787651062,False,False,sub-006,sub-006_ses-01_task-WorkingMemory_run-4_eeg.set,250.0
46,CP4,42.11395263671875,225.6410369873047,-0.9613350629806519,False,False,sub-006,sub-006_ses-01_task-WorkingMemory_run-4_eeg.set,250.0
47,CP6,45.243011474609375,254.4566650390625,-0.39026737213134766,False,False,sub-006,sub-006_ses-01_task-WorkingMemory_run-4_eeg.set,250.0
48,TP8,40.74321746826172,224.82052612304688,-1.2115005254745483,False,False,sub-006,sub-006_ses-01_task-WorkingMemory_run-4_eeg.set,250.0
49,TP10,53.61472702026367,305.73870849609375,1.1376093626022339,False,False,sub-006,sub-006_ses-01_task-WorkingMemory_run-4_eeg.set,250.0
50,P7,36.137351989746094,189.98779296875,-2.0520920753479004,False,False,sub-006,sub-006_ses-01_task-WorkingMemory_run-4_eeg.set,250.0
51,P5,47.47641372680664,273.5042724609375,0.017338857054710388,False,False,sub-006,sub-006_ses-01_task-WorkingMemory_run-4_eeg.set,250.0
52,P3,48.48329544067383,270.5738830566406,0.20109941065311432,False,False,sub-006,sub-006_ses-01_task-WorkingMemory_run-4_eeg.set,250.0
53,P1,45.249202728271484,251.68255615234375,-0.3891374170780182,False,False,sub-006,sub-006_ses-01_task-WorkingMemory_run-4_eeg.set,250.0
54,PZ,55.78218078613281,316.971923828125,1.5331796407699585,False,False,sub-006,sub-006_ses-01_task-WorkingMemory_run-4_eeg.set,250.0
55,P2,48.10193634033203,268.62030029296875,0.13149961829185486,False,False,sub-006,sub-006_ses-01_task-WorkingMemory_run-4_eeg.set,250.0
56,P4,42.567474365234375,232.96702575683594,-0.8785651922225952,False,False,sub-006,sub-006_ses-01_task-WorkingMemory_run-4_eeg.set,250.0
57,P6,50.47842788696289,290.5982971191406,0.565220296382904,False,False,sub-006,sub-006_ses-01_task-WorkingMemory_run-4_eeg.set,250.0
58,P8,50.395851135253906,287.66790771484375,0.55014967918396,False,False,sub-006,sub-006_ses-01_task-WorkingMemory_run-4_eeg.set,250.0
59,PO9,45.93507766723633,258.3638610839844,-0.263962060213089,False,False,sub-006,sub-006_ses-01_task-WorkingMemory_run-4_eeg.set,250.0
60,PO7,49.69550704956055,279.3650817871094,0.42233362793922424,False,False,sub-006,sub-006_ses-01_task-WorkingMemory_run-4_eeg.set,250.0
61,PO3,56.359718322753906,325.2747497558594,1.6385828256607056,False,False,sub-006,sub-006_ses-01_task-WorkingMemory_run-4_eeg.set,250.0
62,POZ,44.587886810302734,243.7118682861328,-0.50983065366745,False,False,sub-006,sub-006_ses-01_task-WorkingMemory_run-4_eeg.set,250.0
63,PO4,51.158966064453125,291.0867004394531,0.6894216537475586,False,False,sub-006,sub-006_ses-01_task-WorkingMemory_run-4_eeg.set,250.0
64,PO8,45.763465881347656,257.8754577636719,-0.2952820062637329,False,False,sub-006,sub-006_ses-01_task-WorkingMemory_run-4_eeg.set,250.0
65,PO10,50.94574737548828,294.01708984375,0.6505082249641418,False,False,sub-006,sub-006_ses-01_task-WorkingMemory_run-4_eeg.set,250.0
66,O1,43.50697326660156,236.05374145507812,-0.707102358341217,False,False,sub-006,sub-006_ses-01_task-WorkingMemory_run-4_eeg.set,250.0
67,OZ,43.78697967529297,246.79855346679688,-0.6559998393058777,False,False,sub-006,sub-006_ses-01_task-WorkingMemory_run-4_eeg.set,250.0
68,O2,51.7852897644043,295.4822998046875,0.8037285804748535,False,False,sub-006,sub-006_ses-01_task-WorkingMemory_run-4_eeg.set,250.0
69,LEYE,46.57608413696289,313.064697265625,-0.14697544276714325,False,False,sub-006,sub-006_ses-01_task-WorkingMemory_run-4_eeg.set,250.0
70,REYE,76.52517700195312,417.5824279785156,5.318871974945068,False,False,sub-006,sub-006_ses-01_task-WorkingMemory_run-4_eeg.set,250.0
0,FP1,54.88616180419922,343.8339538574219,2.836104393005371,False,False,sub-007,sub-007_ses-01_task-WorkingMemory_run-1_eeg.set,250.0
1,FPZ,34.18901824951172,167.03297424316406,0.16050495207309723,False,False,sub-007,sub-007_ses-01_task-WorkingMemory_run-1_eeg.set,250.0
2,FP2,31.32448959350586,165.6361541748047,-0.2098037153482437,False,False,sub-007,sub-007_ses-01_task-WorkingMemory_run-1_eeg.set,250.0
3,AF7,33.451438903808594,174.91575622558594,0.06515521556138992,False,False,sub-007,sub-007_ses-01_task-WorkingMemory_run-1_eeg.set,250.0
4,AF3,32.9149284362793,163.61416625976562,-0.004201557952910662,False,False,sub-007,sub-007_ses-01_task-WorkingMemory_run-1_eeg.set,250.0
5,AFZ,35.52016067504883,175.82418823242188,0.3325868546962738,False,False,sub-007,sub-007_ses-01_task-WorkingMemory_run-1_eeg.set,250.0
6,AF4,34.08898162841797,158.73016357421875,0.1475728303194046,False,False,sub-007,sub-007_ses-01_task-WorkingMemory_run-1_eeg.set,250.0
7,AF8,30.13090705871582,138.21734619140625,-0.3641027510166168,False,False,sub-007,sub-007_ses-01_task-WorkingMemory_run-1_eeg.set,250.0
8,F9,33.34625244140625,163.12576293945312,0.05155735835433006,False,False,sub-007,sub-007_ses-01_task-WorkingMemory_run-1_eeg.set,250.0
9,F7,28.968883514404297,135.7753448486328,-0.5143219828605652,False,False,sub-007,sub-007_ses-01_task-WorkingMemory_run-1_eeg.set,250.0
10,F5,28.397510528564453,131.37973022460938,-0.5881856083869934,False,False,sub-007,sub-007_ses-01_task-WorkingMemory_run-1_eeg.set,250.0
11,F3,31.190155029296875,149.93894958496094,-0.2271696776151657,False,False,sub-007,sub-007_ses-01_task-WorkingMemory_run-1_eeg.set,250.0
12,F1,43.78428649902344,222.7790069580078,1.400922179222107,False,False,sub-007,sub-007_ses-01_task-WorkingMemory_run-1_eeg.set,250.0
13,FZ,41.063018798828125,224.17584228515625,1.0491334199905396,False,False,sub-007,sub-007_ses-01_task-WorkingMemory_run-1_eeg.set,250.0
14,F2,27.046527862548828,129.4261474609375,-0.7628322839736938,False,False,sub-007,sub-007_ses-01_task-WorkingMemory_run-1_eeg.set,250.0
15,F4,32.94742965698242,169.96337890625,0.0,False,False,sub-007,sub-007_ses-01_task-WorkingMemory_run-1_eeg.set,250.0
16,F6,40.627403259277344,225.6410369873047,0.9928197860717773,False,False,sub-007,sub-007_ses-01_task-WorkingMemory_run-1_eeg.set,250.0
17,F8,29.745086669921875,147.008544921875,-0.4139792323112488,False,False,sub-007,sub-007_ses-01_task-WorkingMemory_run-1_eeg.set,250.0
18,F10,44.42162322998047,264.71307373046875,1.4833133220672607,False,False,sub-007,sub-007_ses-01_task-WorkingMemory_run-1_eeg.set,250.0
19,FT9,26.82187843322754,124.54212951660156,-0.7918736338615417,False,False,sub-007,sub-007_ses-01_task-WorkingMemory_run-1_eeg.set,250.0
20,FT7,74.87956237792969,415.69720458984375,5.4207282066345215,False,False,sub-007,sub-007_ses-01_task-WorkingMemory_run-1_eeg.set,250.0
21,FC5,55.07589340209961,317.4603271484375,2.8606319427490234,False,False,sub-007,sub-007_ses-01_task-WorkingMemory_run-1_eeg.set,250.0
22,FC3,28.91559410095215,129.91453552246094,-0.5212109684944153,False,False,sub-007,sub-007_ses-01_task-WorkingMemory_run-1_eeg.set,250.0
23,FC1,41.79068374633789,235.89743041992188,1.143201470375061,False,False,sub-007,sub-007_ses-01_task-WorkingMemory_run-1_eeg.set,250.0
24,FCZ,42.92646026611328,251.52626037597656,1.2900277376174927,False,False,sub-007,sub-007_ses-01_task-WorkingMemory_run-1_eeg.set,250.0
25,FC2,25.150861740112305,119.65812683105469,-1.007892370223999,False,False,sub-007,sub-007_ses-01_task-WorkingMemory_run-1_eeg.set,250.0
26,FC4,43.806121826171875,249.08425903320312,1.4037450551986694,False,False,sub-007,sub-007_ses-01_task-WorkingMemory_run-1_eeg.set,250.0
27,FC6,28.590612411499023,138.21734619140625,-0.5632225871086121,False,False,sub-007,sub-007_ses-01_task-WorkingMemory_run-1_eeg.set,250.0
28,FT8,33.57796859741211,167.5213623046875,0.0815121978521347,False,False,sub-007,sub-007_ses-01_task-WorkingMemory_run-1_eeg.set,250.0
29,FT10,34.68241882324219,171.91697692871094,0.2242887318134308,False,False,sub-007,sub-007_ses-01_task-WorkingMemory_run-1_eeg.set,250.0
30,T7,25.082969665527344,118.19291687011719,-1.0166690349578857,False,False,sub-007,sub-007_ses-01_task-WorkingMemory_run-1_eeg.set,250.0
31,C5,37.44770812988281,197.80221557617188,0.5817683339118958,False,False,sub-007,sub-007_ses-01_task-WorkingMemory_run-1_eeg.set,250.0
32,C3,29.734607696533203,158.73016357421875,-0.41533389687538147,False,False,sub-007,sub-007_ses-01_task-WorkingMemory_run-1_eeg.set,250.0
33,C1,31.851642608642578,183.63858032226562,-0.14165660738945007,False,False,sub-007,sub-007_ses-01_task-WorkingMemory_run-1_eeg.set,250.0
34,CZ,37.781455993652344,210.5006103515625,0.624913215637207,False,False,sub-007,sub-007_ses-01_task-WorkingMemory_run-1_eeg.set,250.0
35,C2,27.427520751953125,137.24053955078125,-0.7135798931121826,False,False,sub-007,sub-007_ses-01_task-WorkingMemory_run-1_eeg.set,250.0
36,C4,45.215572357177734,155.7997589111328,1.5859501361846924,False,False,sub-007,sub-007_ses-01_task-WorkingMemory_run-1_eeg.set,250.0
37,C6,33.641075134277344,191.4530029296875,0.08967022597789764,False,False,sub-007,sub-007_ses-01_task-WorkingMemory_run-1_eeg.set,250.0
38,T8,24.28626251220703,124.0537338256836,-1.1196624040603638,False,False,sub-007,sub-007_ses-01_task-WorkingMemory_run-1_eeg.set,250.0
39,TP9,41.609405517578125,209.5238037109375,1.1197669506072998,False,False,sub-007,sub-007_ses-01_task-WorkingMemory_run-1_eeg.set,250.0
40,TP7,34.298561096191406,188.52259826660156,0.17466597259044647,False,False,sub-007,sub-007_ses-01_task-WorkingMemory_run-1_eeg.set,250.0
41,CP5,61.70951461791992,363.3699951171875,3.7181856632232666,False,False,sub-007,sub-007_ses-01_task-WorkingMemory_run-1_eeg.set,250.0
42,CP3,46.87576675415039,274.4810791015625,1.800569772720337,False,False,sub-007,sub-007_ses-01_task-WorkingMemory_run-1_eeg.set,250.0
43,CP1,44.0362548828125,246.64224243164062,1.4334951639175415,False,False,sub-007,sub-007_ses-01_task-WorkingMemory_run-1_eeg.set,250.0
44,CPZ,29.357385635375977,141.14773559570312,-0.46409884095191956,False,False,sub-007,sub-007_ses-01_task-WorkingMemory_run-1_eeg.set,250.0
45,CP2,36.451011657714844,203.66302490234375,0.4529215693473816,False,False,sub-007,sub-007_ses-01_task-WorkingMemory_run-1_eeg.set,250.0
46,CP4,27.803010940551758,128.93772888183594,-0.6650388240814209,False,False,sub-007,sub-007_ses-01_task-WorkingMemory_run-1_eeg.set,250.0
47,CP6,27.72982406616211,138.70574951171875,-0.6744999885559082,False,False,sub-007,sub-007_ses-01_task-WorkingMemory_run-1_eeg.set,250.0
48,TP8,29.486637115478516,145.05494689941406,-0.44738999009132385,False,False,sub-007,sub-007_ses-01_task-WorkingMemory_run-1_eeg.set,250.0
49,TP10,28.22089195251465,161.66055297851562,-0.6110177636146545,False,False,sub-007,sub-007_ses-01_task-WorkingMemory_run-1_eeg.set,250.0
50,P7,43.5651741027832,241.75823974609375,1.3725967407226562,False,False,sub-007,sub-007_ses-01_task-WorkingMemory_run-1_eeg.set,250.0
51,P5,30.78639793395996,161.66055297851562,-0.2793648838996887,False,False,sub-007,sub-007_ses-01_task-WorkingMemory_run-1_eeg.set,250.0
52,P3,29.874452590942383,162.1489715576172,-0.3972555696964264,False,False,sub-007,sub-007_ses-01_task-WorkingMemory_run-1_eeg.set,250.0
53,P1,27.98497772216797,142.12454223632812,-0.6415152549743652,False,False,sub-007,sub-007_ses-01_task-WorkingMemory_run-1_eeg.set,250.0
54,PZ,30.559471130371094,163.12576293945312,-0.3087005913257599,False,False,sub-007,sub-007_ses-01_task-WorkingMemory_run-1_eeg.set,250.0
55,P2,48.9914436340332,290.5982971191406,2.0740716457366943,False,False,sub-007,sub-007_ses-01_task-WorkingMemory_run-1_eeg.set,250.0
56,P4,23.73084831237793,109.4017105102539,-1.1914629936218262,False,False,sub-007,sub-007_ses-01_task-WorkingMemory_run-1_eeg.set,250.0
57,P6,26.498991012573242,132.35653686523438,-0.8336144685745239,False,False,sub-007,sub-007_ses-01_task-WorkingMemory_run-1_eeg.set,250.0
58,P8,38.48323059082031,218.80343627929688,0.7156343460083008,False,False,sub-007,sub-007_ses-01_task-WorkingMemory_run-1_eeg.set,250.0
59,PO9,27.09091567993164,131.37973022460938,-0.757094144821167,False,False,sub-007,sub-007_ses-01_task-WorkingMemory_run-1_eeg.set,250.0
60,PO7,38.21436309814453,211.4774169921875,0.6808767914772034,False,False,sub-007,sub-007_ses-01_task-WorkingMemory_run-1_eeg.set,250.0
61,PO3,26.651287078857422,137.72894287109375,-0.8139265775680542,False,False,sub-007,sub-007_ses-01_task-WorkingMemory_run-1_eeg.set,250.0
62,POZ,32.70904541015625,174.35897827148438,-0.030816851183772087,False,False,sub-007,sub-007_ses-01_task-WorkingMemory_run-1_eeg.set,250.0
63,PO4,55.97489547729492,346.27593994140625,2.976849317550659,False,False,sub-007,sub-007_ses-01_task-WorkingMemory_run-1_eeg.set,250.0
64,PO8,29.920703887939453,183.1501922607422,-0.3912765085697174,False,False,sub-007,sub-007_ses-01_task-WorkingMemory_run-1_eeg.set,250.0
65,PO10,30.42730140686035,163.12576293945312,-0.32578667998313904,False,False,sub-007,sub-007_ses-01_task-WorkingMemory_run-1_eeg.set,250.0
66,O1,39.4619140625,234.92063903808594,0.84215247631073,False,False,sub-007,sub-007_ses-01_task-WorkingMemory_run-1_eeg.set,250.0
67,OZ,26.07706642150879,138.70574951171875,-0.8881583213806152,False,False,sub-007,sub-007_ses-01_task-WorkingMemory_run-1_eeg.set,250.0
68,O2,25.58849334716797,117.70452117919922,-0.951318085193634,False,False,sub-007,sub-007_ses-01_task-WorkingMemory_run-1_eeg.set,250.0
69,LEYE,52.3709716796875,285.22589111328125,2.510956287384033,False,False,sub-007,sub-007_ses-01_task-WorkingMemory_run-1_eeg.set,250.0
70,REYE,66.63018035888672,362.3931884765625,4.354299068450928,False,False,sub-007,sub-007_ses-01_task-WorkingMemory_run-1_eeg.set,250.0
0,FP1,38.60870361328125,217.82662963867188,1.6435045003890991,False,False,sub-007,sub-007_ses-01_task-WorkingMemory_run-2_eeg.set,250.0
1,FPZ,31.101428985595703,164.962158203125,0.27660831809043884,False,False,sub-007,sub-007_ses-01_task-WorkingMemory_run-2_eeg.set,250.0
2,FP2,26.323122024536133,136.2637481689453,-0.5934076905250549,False,False,sub-007,sub-007_ses-01_task-WorkingMemory_run-2_eeg.set,250.0
3,AF7,34.489158630371094,181.1965789794922,0.8934333324432373,False,False,sub-007,sub-007_ses-01_task-WorkingMemory_run-2_eeg.set,250.0
4,AF3,24.249433517456055,112.82051849365234,-0.9709770679473877,False,False,sub-007,sub-007_ses-01_task-WorkingMemory_run-2_eeg.set,250.0
5,AFZ,26.50108528137207,132.84494018554688,-0.5610048174858093,False,False,sub-007,sub-007_ses-01_task-WorkingMemory_run-2_eeg.set,250.0
6,AF4,28.98282814025879,144.4493408203125,-0.10913848876953125,False,False,sub-007,sub-007_ses-01_task-WorkingMemory_run-2_eeg.set,250.0
7,AF8,28.608903884887695,109.8901138305664,-0.17722120881080627,False,False,sub-007,sub-007_ses-01_task-WorkingMemory_run-2_eeg.set,250.0
8,F9,40.54139709472656,237.85104370117188,1.9954020977020264,False,False,sub-007,sub-007_ses-01_task-WorkingMemory_run-2_eeg.set,250.0
9,F7,39.92497253417969,216.84982299804688,1.883165717124939,False,False,sub-007,sub-007_ses-01_task-WorkingMemory_run-2_eeg.set,250.0
10,F5,26.206584930419922,117.70452117919922,-0.6146263480186462,False,False,sub-007,sub-007_ses-01_task-WorkingMemory_run-2_eeg.set,250.0
11,F3,44.73845291137695,247.61904907226562,2.7595860958099365,False,False,sub-007,sub-007_ses-01_task-WorkingMemory_run-2_eeg.set,250.0
12,F1,46.71160888671875,257.87548828125,3.1188507080078125,False,False,sub-007,sub-007_ses-01_task-WorkingMemory_run-2_eeg.set,250.0
13,FZ,30.629608154296875,144.56655883789062,0.19070099294185638,False,False,sub-007,sub-007_ses-01_task-WorkingMemory_run-2_eeg.set,250.0
14,F2,32.489768981933594,176.8009796142578,0.5293920040130615,False,False,sub-007,sub-007_ses-01_task-WorkingMemory_run-2_eeg.set,250.0
15,F4,44.921749114990234,261.78265380859375,2.7929599285125732,False,False,sub-007,sub-007_ses-01_task-WorkingMemory_run-2_eeg.set,250.0
16,F6,29.657962799072266,151.40415954589844,0.013787475414574146,False,False,sub-007,sub-007_ses-01_task-WorkingMemory_run-2_eeg.set,250.0
17,F8,28.617450714111328,147.008544921875,-0.17566503584384918,False,False,sub-007,sub-007_ses-01_task-WorkingMemory_run-2_eeg.set,250.0
18,F10,26.707433700561523,126.984130859375,-0.5234336853027344,False,False,sub-007,sub-007_ses-01_task-WorkingMemory_run-2_eeg.set,250.0
19,FT9,23.435428619384766,109.40171813964844,-1.1191880702972412,False,False,sub-007,sub-007_ses-01_task-WorkingMemory_run-2_eeg.set,250.0
20,FT7,38.804412841796875,199.75579833984375,1.679138422012329,False,False,sub-007,sub-007_ses-01_task-WorkingMemory_run-2_eeg.set,250.0
21,FC5,27.68520736694336,130.89132690429688,-0.34540438652038574,False,False,sub-007,sub-007_ses-01_task-WorkingMemory_run-2_eeg.set,250.0
22,FC3,29.793054580688477,147.008544921875,0.03838447481393814,False,False,sub-007,sub-007_ses-01_task-WorkingMemory_run-2_eeg.set,250.0
23,FC1,58.262428283691406,334.5543518066406,5.221980571746826,False,False,sub-007,sub-007_ses-01_task-WorkingMemory_run-2_eeg.set,250.0
24,FCZ,25.909194946289062,129.91453552246094,-0.6687740087509155,False,False,sub-007,sub-007_ses-01_task-WorkingMemory_run-2_eeg.set,250.0
25,FC2,27.818632125854492,138.70574951171875,-0.32111087441444397,False,False,sub-007,sub-007_ses-01_task-WorkingMemory_run-2_eeg.set,250.0
26,FC4,26.167715072631836,132.84494018554688,-0.6217036247253418,False,False,sub-007,sub-007_ses-01_task-WorkingMemory_run-2_eeg.set,250.0
27,FC6,27.080236434936523,136.14651489257812,-0.4555552005767822,False,False,sub-007,sub-007_ses-01_task-WorkingMemory_run-2_eeg.set,250.0
28,FT8,35.627437591552734,193.89498901367188,1.1006869077682495,False,False,sub-007,sub-007_ses-01_task-WorkingMemory_run-2_eeg.set,250.0
29,FT10,23.725845336914062,112.33211517333984,-1.0663100481033325,False,False,sub-007,sub-007_ses-01_task-WorkingMemory_run-2_eeg.set,250.0
30,T7,27.780031204223633,143.10134887695312,-0.32813921570777893,False,False,sub-007,sub-007_ses-01_task-WorkingMemory_run-2_eeg.set,250.0
31,C5,62.84463119506836,328.69354248046875,6.056290149688721,False,True,sub-007,sub-007_ses-01_task-WorkingMemory_run-2_eeg.set,250.0
32,C3,29.582239151000977,144.07815551757812,0.0,False,False,sub-007,sub-007_ses-01_task-WorkingMemory_run-2_eeg.set,250.0
33,C1,26.64353370666504,123.4481201171875,-0.5350683331489563,False,False,sub-007,sub-007_ses-01_task-WorkingMemory_run-2_eeg.set,250.0
34,CZ,48.282310485839844,266.5494384765625,3.4048383235931396,False,False,sub-007,sub-007_ses-01_task-WorkingMemory_run-2_eeg.set,250.0
35,C2,24.17988395690918,111.35531616210938,-0.9836403727531433,False,False,sub-007,sub-007_ses-01_task-WorkingMemory_run-2_eeg.set,250.0
36,C4,31.46634864807129,168.4981689453125,0.3430515229701996,False,False,sub-007,sub-007_ses-01_task-WorkingMemory_run-2_eeg.set,250.0
37,C6,27.801660537719727,145.54335021972656,-0.3242010176181793,False,False,sub-007,sub-007_ses-01_task-WorkingMemory_run-2_eeg.set,250.0
38,T8,23.229433059692383,112.33211517333984,-1.1566948890686035,False,False,sub-007,sub-007_ses-01_task-WorkingMemory_run-2_eeg.set,250.0
39,TP9,30.592365264892578,163.61416625976562,0.18391993641853333,False,False,sub-007,sub-007_ses-01_task-WorkingMemory_run-2_eeg.set,250.0
40,TP7,22.249696731567383,103.54090881347656,-1.3350815773010254,False,False,sub-007,sub-007_ses-01_task-WorkingMemory_run-2_eeg.set,250.0
41,CP5,24.28765296936035,116.72772216796875,-0.9640181660652161,False,False,sub-007,sub-007_ses-01_task-WorkingMemory_run-2_eeg.set,250.0
42,CP3,53.38924789428711,295.4822998046875,4.334690093994141,False,False,sub-007,sub-007_ses-01_task-WorkingMemory_run-2_eeg.set,250.0
43,CP1,27.72389793395996,141.1477508544922,-0.3383597433567047,False,False,sub-007,sub-007_ses-01_task-WorkingMemory_run-2_eeg.set,250.0
44,CPZ,29.64583396911621,143.10134887695312,0.011579103767871857,False,False,sub-007,sub-007_ses-01_task-WorkingMemory_run-2_eeg.set,250.0
45,CP2,49.55647659301758,268.1318664550781,3.636833667755127,False,False,sub-007,sub-007_ses-01_task-WorkingMemory_run-2_eeg.set,250.0
46,CP4,24.86224937438965,110.86691284179688,-0.8593978881835938,False,False,sub-007,sub-007_ses-01_task-WorkingMemory_run-2_eeg.set,250.0
47,CP6,38.038516998291016,204.6398162841797,1.5396870374679565,False,False,sub-007,sub-007_ses-01_task-WorkingMemory_run-2_eeg.set,250.0
48,TP8,29.250537872314453,142.61294555664062,-0.06039491295814514,False,False,sub-007,sub-007_ses-01_task-WorkingMemory_run-2_eeg.set,250.0
49,TP10,23.555187225341797,108.91331481933594,-1.0973827838897705,False,False,sub-007,sub-007_ses-01_task-WorkingMemory_run-2_eeg.set,250.0
50,P7,58.28053665161133,332.1123352050781,5.225277423858643,False,False,sub-007,sub-007_ses-01_task-WorkingMemory_run-2_eeg.set,250.0
51,P5,25.09905242919922,120.63492584228516,-0.8162816762924194,False,False,sub-007,sub-007_ses-01_task-WorkingMemory_run-2_eeg.set,250.0
52,P3,26.426563262939453,136.2637481689453,-0.5745735168457031,False,False,sub-007,sub-007_ses-01_task-WorkingMemory_run-2_eeg.set,250.0
53,P1,57.10070037841797,354.5787353515625,5.0104570388793945,False,False,sub-007,sub-007_ses-01_task-WorkingMemory_run-2_eeg.set,250.0
54,PZ,33.268959045410156,166.54457092285156,0.6712639927864075,False,False,sub-007,sub-007_ses-01_task-WorkingMemory_run-2_eeg.set,250.0
55,P2,29.0003604888916,141.63613891601562,-0.10594626516103745,False,False,sub-007,sub-007_ses-01_task-WorkingMemory_run-2_eeg.set,250.0
56,P4,43.655757904052734,237.73382568359375,2.562453031539917,False,False,sub-007,sub-007_ses-01_task-WorkingMemory_run-2_eeg.set,250.0
57,P6,26.840782165527344,131.37973022460938,-0.49915412068367004,False,False,sub-007,sub-007_ses-01_task-WorkingMemory_run-2_eeg.set,250.0
58,P8,23.120628356933594,107.44810485839844,-1.1765056848526,False,False,sub-007,sub-007_ses-01_task-WorkingMemory_run-2_eeg.set,250.0
59,PO9,46.778656005859375,253.4798583984375,3.13105845451355,False,False,sub-007,sub-007_ses-01_task-WorkingMemory_run-2_eeg.set,250.0
60,PO7,31.562801361083984,163.12576293945312,0.36061328649520874,False,False,sub-007,sub-007_ses-01_task-WorkingMemory_run-2_eeg.set,250.0
61,PO3,29.931310653686523,159.21856689453125,0.06355761736631393,False,False,sub-007,sub-007_ses-01_task-WorkingMemory_run-2_eeg.set,250.0
62,POZ,45.533851623535156,249.57266235351562,2.904409170150757,False,False,sub-007,sub-007_ses-01_task-WorkingMemory_run-2_eeg.set,250.0
63,PO4,25.342607498168945,121.61172485351562,-0.7719361186027527,False,False,sub-007,sub-007_ses-01_task-WorkingMemory_run-2_eeg.set,250.0
64,PO8,30.66741943359375,159.21856689453125,0.19758552312850952,False,False,sub-007,sub-007_ses-01_task-WorkingMemory_run-2_eeg.set,250.0
65,PO10,33.2867317199707,178.2661895751953,0.6744999885559082,False,False,sub-007,sub-007_ses-01_task-WorkingMemory_run-2_eeg.set,250.0
66,O1,24.091737747192383,128.4493408203125,-0.9996896982192993,False,False,sub-007,sub-007_ses-01_task-WorkingMemory_run-2_eeg.set,250.0
67,OZ,39.087249755859375,216.36141967773438,1.7306363582611084,False,False,sub-007,sub-007_ses-01_task-WorkingMemory_run-2_eeg.set,250.0
68,O2,26.020587921142578,125.03053283691406,-0.6484919786453247,False,False,sub-007,sub-007_ses-01_task-WorkingMemory_run-2_eeg.set,250.0
69,LEYE,28.346342086791992,129.91453552246094,-0.22502745687961578,False,False,sub-007,sub-007_ses-01_task-WorkingMemory_run-2_eeg.set,250.0
70,REYE,56.801719665527344,333.5775146484375,4.956019878387451,False,False,sub-007,sub-007_ses-01_task-WorkingMemory_run-2_eeg.set,250.0
0,FP1,75.64320373535156,441.0256652832031,5.474140644073486,False,False,sub-007,sub-007_ses-01_task-WorkingMemory_run-3_eeg.set,250.0
1,FPZ,36.15814208984375,205.12820434570312,0.5576486587524414,False,False,sub-007,sub-007_ses-01_task-WorkingMemory_run-3_eeg.set,250.0
2,FP2,27.653488159179688,161.6605682373047,-0.5013103485107422,False,False,sub-007,sub-007_ses-01_task-WorkingMemory_run-3_eeg.set,250.0
3,AF7,54.73110580444336,341.4798583984375,2.8702657222747803,False,False,sub-007,sub-007_ses-01_task-WorkingMemory_run-3_eeg.set,250.0
4,AF3,44.209930419921875,231.013427734375,1.5602190494537354,False,False,sub-007,sub-007_ses-01_task-WorkingMemory_run-3_eeg.set,250.0
5,AFZ,25.416645050048828,118.19293212890625,-0.7798313498497009,False,False,sub-007,sub-007_ses-01_task-WorkingMemory_run-3_eeg.set,250.0
6,AF4,44.96119689941406,252.54701232910156,1.6537631750106812,False,False,sub-007,sub-007_ses-01_task-WorkingMemory_run-3_eeg.set,250.0
7,AF8,32.4359245300293,161.66055297851562,0.09417586028575897,False,False,sub-007,sub-007_ses-01_task-WorkingMemory_run-3_eeg.set,250.0
8,F9,38.04867935180664,207.08181762695312,0.7930493354797363,False,False,sub-007,sub-007_ses-01_task-WorkingMemory_run-3_eeg.set,250.0
9,F7,29.058029174804688,145.05494689941406,-0.3264235854148865,False,False,sub-007,sub-007_ses-01_task-WorkingMemory_run-3_eeg.set,250.0
10,F5,28.515125274658203,151.89254760742188,-0.39402341842651367,False,False,sub-007,sub-007_ses-01_task-WorkingMemory_run-3_eeg.set,250.0
11,F3,29.31920051574707,147.4969482421875,-0.29390376806259155,False,False,sub-007,sub-007_ses-01_task-WorkingMemory_run-3_eeg.set,250.0
12,F1,27.93803596496582,131.37974548339844,-0.4658798277378082,False,False,sub-007,sub-007_ses-01_task-WorkingMemory_run-3_eeg.set,250.0
13,FZ,27.454355239868164,126.984130859375,-0.5261054635047913,False,False,sub-007,sub-007_ses-01_task-WorkingMemory_run-3_eeg.set,250.0
14,F2,58.81476593017578,329.18194580078125,3.3787436485290527,False,False,sub-007,sub-007_ses-01_task-WorkingMemory_run-3_eeg.set,250.0
15,F4,41.51118850708008,288.73260498046875,1.224184513092041,False,False,sub-007,sub-007_ses-01_task-WorkingMemory_run-3_eeg.set,250.0
16,F6,27.942028045654297,128.4493408203125,-0.46538275480270386,False,False,sub-007,sub-007_ses-01_task-WorkingMemory_run-3_eeg.set,250.0
17,F8,54.438873291015625,294.993896484375,2.8338782787323,False,False,sub-007,sub-007_ses-01_task-WorkingMemory_run-3_eeg.set,250.0
18,F10,24.004688262939453,113.30891418457031,-0.955641508102417,False,False,sub-007,sub-007_ses-01_task-WorkingMemory_run-3_eeg.set,250.0
19,FT9,49.569313049316406,297.92431640625,2.227543830871582,False,False,sub-007,sub-007_ses-01_task-WorkingMemory_run-3_eeg.set,250.0
20,FT7,37.05326843261719,206.10501098632812,0.669105589389801,False,False,sub-007,sub-007_ses-01_task-WorkingMemory_run-3_eeg.set,250.0
21,FC5,27.983131408691406,155.84371948242188,-0.46026474237442017,False,False,sub-007,sub-007_ses-01_task-WorkingMemory_run-3_eeg.set,250.0
22,FC3,39.849693298339844,229.05984497070312,1.0173031091690063,False,False,sub-007,sub-007_ses-01_task-WorkingMemory_run-3_eeg.set,250.0
23,FC1,23.448867797851562,107.93651580810547,-1.0248496532440186,False,False,sub-007,sub-007_ses-01_task-WorkingMemory_run-3_eeg.set,250.0
24,FCZ,22.84919548034668,108.91331481933594,-1.0995179414749146,False,False,sub-007,sub-007_ses-01_task-WorkingMemory_run-3_eeg.set,250.0
25,FC2,31.961891174316406,161.1721649169922,0.03515148162841797,False,False,sub-007,sub-007_ses-01_task-WorkingMemory_run-3_eeg.set,250.0
26,FC4,29.1675968170166,133.33334350585938,-0.3127807676792145,False,False,sub-007,sub-007_ses-01_task-WorkingMemory_run-3_eeg.set,250.0
27,FC6,31.47128677368164,157.2649688720703,-0.025936242192983627,False,False,sub-007,sub-007_ses-01_task-WorkingMemory_run-3_eeg.set,250.0
28,FT8,29.223159790039062,135.28692626953125,-0.30586230754852295,False,False,sub-007,sub-007_ses-01_task-WorkingMemory_run-3_eeg.set,250.0
29,FT10,21.86639404296875,102.56410217285156,-1.2218917608261108,False,False,sub-007,sub-007_ses-01_task-WorkingMemory_run-3_eeg.set,250.0
30,T7,52.634925842285156,304.2735290527344,2.6092593669891357,False,False,sub-007,sub-007_ses-01_task-WorkingMemory_run-3_eeg.set,250.0
31,C5,23.896259307861328,113.30891418457031,-0.9691426157951355,False,False,sub-007,sub-007_ses-01_task-WorkingMemory_run-3_eeg.set,250.0
32,C3,44.19816589355469,249.08425903320312,1.5587540864944458,False,False,sub-007,sub-007_ses-01_task-WorkingMemory_run-3_eeg.set,250.0
33,C1,32.497406005859375,172.40538024902344,0.10183124244213104,False,False,sub-007,sub-007_ses-01_task-WorkingMemory_run-3_eeg.set,250.0
34,CZ,22.570171356201172,107.44811248779297,-1.1342607736587524,False,False,sub-007,sub-007_ses-01_task-WorkingMemory_run-3_eeg.set,250.0
35,C2,35.522430419921875,192.42979431152344,0.4784928858280182,False,False,sub-007,sub-007_ses-01_task-WorkingMemory_run-3_eeg.set,250.0
36,C4,31.352807998657227,150.91575622558594,-0.040688656270504,False,False,sub-007,sub-007_ses-01_task-WorkingMemory_run-3_eeg.set,250.0
37,C6,35.98453140258789,196.82540893554688,0.5360314846038818,False,False,sub-007,sub-007_ses-01_task-WorkingMemory_run-3_eeg.set,250.0
38,T8,70.28443145751953,363.3699951171875,4.806891918182373,False,False,sub-007,sub-007_ses-01_task-WorkingMemory_run-3_eeg.set,250.0
39,TP9,46.19969177246094,239.31625366210938,1.8079745769500732,False,False,sub-007,sub-007_ses-01_task-WorkingMemory_run-3_eeg.set,250.0
40,TP7,26.672924041748047,126.00732421875,-0.6234055161476135,False,False,sub-007,sub-007_ses-01_task-WorkingMemory_run-3_eeg.set,250.0
41,CP5,26.605615615844727,126.984130859375,-0.6317864656448364,False,False,sub-007,sub-007_ses-01_task-WorkingMemory_run-3_eeg.set,250.0
42,CP3,66.24932098388672,328.20513916015625,4.304459095001221,False,False,sub-007,sub-007_ses-01_task-WorkingMemory_run-3_eeg.set,250.0
43,CP1,31.679584503173828,180.21978759765625,0.0,False,False,sub-007,sub-007_ses-01_task-WorkingMemory_run-3_eeg.set,250.0
44,CPZ,38.56376647949219,216.36141967773438,0.8571856021881104,False,False,sub-007,sub-007_ses-01_task-WorkingMemory_run-3_eeg.set,250.0
45,CP2,29.569599151611328,147.9853515625,-0.2627253234386444,False,False,sub-007,sub-007_ses-01_task-WorkingMemory_run-3_eeg.set,250.0
46,CP4,28.288618087768555,132.84494018554688,-0.42222702503204346,False,False,sub-007,sub-007_ses-01_task-WorkingMemory_run-3_eeg.set,250.0
47,CP6,38.51124954223633,202.6862030029297,0.8506463766098022,False,False,sub-007,sub-007_ses-01_task-WorkingMemory_run-3_eeg.set,250.0
48,TP8,33.24995040893555,223.73138427734375,0.19553448259830475,False,False,sub-007,sub-007_ses-01_task-WorkingMemory_run-3_eeg.set,250.0
49,TP10,27.627408981323242,160.19537353515625,-0.5045576095581055,False,False,sub-007,sub-007_ses-01_task-WorkingMemory_run-3_eeg.set,250.0
50,P7,32.8184700012207,177.8217315673828,0.1418086141347885,False,False,sub-007,sub-007_ses-01_task-WorkingMemory_run-3_eeg.set,250.0
51,P5,24.963422775268555,119.65812683105469,-0.8362645506858826,False,False,sub-007,sub-007_ses-01_task-WorkingMemory_run-3_eeg.set,250.0
52,P3,28.558015823364258,142.12454223632812,-0.38868287205696106,False,False,sub-007,sub-007_ses-01_task-WorkingMemory_run-3_eeg.set,250.0
53,P1,33.674102783203125,178.75457763671875,0.2483479231595993,False,False,sub-007,sub-007_ses-01_task-WorkingMemory_run-3_eeg.set,250.0
54,PZ,29.878833770751953,148.962158203125,-0.22422091662883759,False,False,sub-007,sub-007_ses-01_task-WorkingMemory_run-3_eeg.set,250.0
55,P2,28.960430145263672,135.2869415283203,-0.33857616782188416,False,False,sub-007,sub-007_ses-01_task-WorkingMemory_run-3_eeg.set,250.0
56,P4,37.81000900268555,201.70941162109375,0.7633312344551086,False,False,sub-007,sub-007_ses-01_task-WorkingMemory_run-3_eeg.set,250.0
57,P6,35.49396514892578,191.94140625,0.474948525428772,False,False,sub-007,sub-007_ses-01_task-WorkingMemory_run-3_eeg.set,250.0
58,P8,24.259937286376953,116.23931884765625,-0.9238591194152832,False,False,sub-007,sub-007_ses-01_task-WorkingMemory_run-3_eeg.set,250.0
59,PO9,40.43017578125,227.59463500976562,1.0895819664001465,False,False,sub-007,sub-007_ses-01_task-WorkingMemory_run-3_eeg.set,250.0
60,PO7,24.701295852661133,119.16973114013672,-0.8689033389091492,False,False,sub-007,sub-007_ses-01_task-WorkingMemory_run-3_eeg.set,250.0
61,PO3,37.09659194946289,207.57022094726562,0.6744999885559082,False,False,sub-007,sub-007_ses-01_task-WorkingMemory_run-3_eeg.set,250.0
62,POZ,25.059099197387695,118.68132019042969,-0.8243513107299805,False,False,sub-007,sub-007_ses-01_task-WorkingMemory_run-3_eeg.set,250.0
63,PO4,27.24270248413086,137.72894287109375,-0.5524594783782959,False,False,sub-007,sub-007_ses-01_task-WorkingMemory_run-3_eeg.set,250.0
64,PO8,33.102333068847656,185.59219360351562,0.17715388536453247,False,False,sub-007,sub-007_ses-01_task-WorkingMemory_run-3_eeg.set,250.0
65,PO10,20.900163650512695,98.16850280761719,-1.3422021865844727,False,False,sub-007,sub-007_ses-01_task-WorkingMemory_run-3_eeg.set,250.0
66,O1,55.72196578979492,125.56288146972656,2.993642807006836,False,False,sub-007,sub-007_ses-01_task-WorkingMemory_run-3_eeg.set,250.0
67,OZ,39.19187927246094,238.82785034179688,0.9353952407836914,False,False,sub-007,sub-007_ses-01_task-WorkingMemory_run-3_eeg.set,250.0
68,O2,25.321762084960938,122.1001205444336,-0.7916457653045654,False,False,sub-007,sub-007_ses-01_task-WorkingMemory_run-3_eeg.set,250.0
69,LEYE,30.918771743774414,163.1697235107422,-0.09473279118537903,False,False,sub-007,sub-007_ses-01_task-WorkingMemory_run-3_eeg.set,250.0
70,REYE,68.71255493164062,374.1147766113281,4.611169338226318,False,False,sub-007,sub-007_ses-01_task-WorkingMemory_run-3_eeg.set,250.0
0,FP1,75.27515411376953,449.99267578125,3.974675178527832,False,False,sub-007,sub-007_ses-01_task-WorkingMemory_run-4_eeg.set,250.0
1,FPZ,44.14395523071289,254.4566650390625,0.9920957684516907,False,False,sub-007,sub-007_ses-01_task-WorkingMemory_run-4_eeg.set,250.0
2,FP2,36.60359573364258,206.59341430664062,0.26967838406562805,False,False,sub-007,sub-007_ses-01_task-WorkingMemory_run-4_eeg.set,250.0
3,AF7,26.6544132232666,131.37973022460938,-0.6835206151008606,False,False,sub-007,sub-007_ses-01_task-WorkingMemory_run-4_eeg.set,250.0
4,AF3,28.04520606994629,142.12454223632812,-0.5502732396125793,False,False,sub-007,sub-007_ses-01_task-WorkingMemory_run-4_eeg.set,250.0
5,AFZ,42.010318756103516,226.61782836914062,0.7876790165901184,False,False,sub-007,sub-007_ses-01_task-WorkingMemory_run-4_eeg.set,250.0
6,AF4,21.894033432006836,102.56410217285156,-1.1395971775054932,False,False,sub-007,sub-007_ses-01_task-WorkingMemory_run-4_eeg.set,250.0
7,AF8,21.84675407409668,103.05250549316406,-1.1441268920898438,False,False,sub-007,sub-007_ses-01_task-WorkingMemory_run-4_eeg.set,250.0
8,F9,31.124183654785156,159.57022094726562,-0.2552863657474518,False,False,sub-007,sub-007_ses-01_task-WorkingMemory_run-4_eeg.set,250.0
9,F7,21.236474990844727,100.12210083007812,-1.2025957107543945,False,False,sub-007,sub-007_ses-01_task-WorkingMemory_run-4_eeg.set,250.0
10,F5,31.353425979614258,166.54457092285156,-0.23332341015338898,False,False,sub-007,sub-007_ses-01_task-WorkingMemory_run-4_eeg.set,250.0
11,F3,37.58900451660156,210.01220703125,0.36408719420433044,False,False,sub-007,sub-007_ses-01_task-WorkingMemory_run-4_eeg.set,250.0
12,F1,24.504802703857422,123.56532287597656,-0.8894678354263306,False,False,sub-007,sub-007_ses-01_task-WorkingMemory_run-4_eeg.set,250.0
13,FZ,66.89541625976562,268.6202697753906,3.171839714050293,False,False,sub-007,sub-007_ses-01_task-WorkingMemory_run-4_eeg.set,250.0
14,F2,61.9614372253418,240.7814483642578,2.6991310119628906,False,False,sub-007,sub-007_ses-01_task-WorkingMemory_run-4_eeg.set,250.0
15,F4,27.292959213256836,149.1379852294922,-0.6223435997962952,False,False,sub-007,sub-007_ses-01_task-WorkingMemory_run-4_eeg.set,250.0
16,F6,44.30357360839844,247.61904907226562,1.0073883533477783,False,False,sub-007,sub-007_ses-01_task-WorkingMemory_run-4_eeg.set,250.0
17,F8,25.754493713378906,123.56532287597656,-0.7697389721870422,False,False,sub-007,sub-007_ses-01_task-WorkingMemory_run-4_eeg.set,250.0
18,F10,45.865596771240234,242.24664306640625,1.1570407152175903,False,False,sub-007,sub-007_ses-01_task-WorkingMemory_run-4_eeg.set,250.0
19,FT9,36.78926086425781,197.31381225585938,0.2874663472175598,False,False,sub-007,sub-007_ses-01_task-WorkingMemory_run-4_eeg.set,250.0
20,FT7,23.240074157714844,110.86691284179688,-1.0106374025344849,False,False,sub-007,sub-007_ses-01_task-WorkingMemory_run-4_eeg.set,250.0
21,FC5,29.490833282470703,157.26495361328125,-0.41177237033843994,False,False,sub-007,sub-007_ses-01_task-WorkingMemory_run-4_eeg.set,250.0
22,FC3,41.132259368896484,248.10745239257812,0.7035549283027649,False,False,sub-007,sub-007_ses-01_task-WorkingMemory_run-4_eeg.set,250.0
23,FC1,47.74034881591797,364.3467712402344,1.3366546630859375,False,False,sub-007,sub-007_ses-01_task-WorkingMemory_run-4_eeg.set,250.0
24,FCZ,32.02505874633789,185.10379028320312,-0.16897645592689514,False,False,sub-007,sub-007_ses-01_task-WorkingMemory_run-4_eeg.set,250.0
25,FC2,25.964492797851562,141.63613891601562,-0.7496196031570435,False,False,sub-007,sub-007_ses-01_task-WorkingMemory_run-4_eeg.set,250.0
26,FC4,32.242156982421875,173.38217163085938,-0.14817696809768677,False,False,sub-007,sub-007_ses-01_task-WorkingMemory_run-4_eeg.set,250.0
27,FC6,33.788780212402344,187.05740356445312,0.0,False,False,sub-007,sub-007_ses-01_task-WorkingMemory_run-4_eeg.set,250.0
28,FT8,22.04640769958496,103.05250549316406,-1.124998688697815,False,False,sub-007,sub-007_ses-01_task-WorkingMemory_run-4_eeg.set,250.0
29,FT10,33.3170166015625,180.21978759765625,-0.045198146253824234,False,False,sub-007,sub-007_ses-01_task-WorkingMemory_run-4_eeg.set,250.0
30,T7,22.98157501220703,108.91331481933594,-1.0354033708572388,False,False,sub-007,sub-007_ses-01_task-WorkingMemory_run-4_eeg.set,250.0
31,C5,32.25424575805664,175.33578491210938,-0.14701877534389496,False,False,sub-007,sub-007_ses-01_task-WorkingMemory_run-4_eeg.set,250.0
32,C3,39.338191986083984,214.89622497558594,0.5316711664199829,False,False,sub-007,sub-007_ses-01_task-WorkingMemory_run-4_eeg.set,250.0
33,C1,25.264415740966797,122.5885238647461,-0.8166918158531189,False,False,sub-007,sub-007_ses-01_task-WorkingMemory_run-4_eeg.set,250.0
34,CZ,40.82941818237305,219.29183959960938,0.6745407581329346,False,False,sub-007,sub-007_ses-01_task-WorkingMemory_run-4_eeg.set,250.0
35,C2,75.37671661376953,203.1746063232422,3.984405755996704,False,False,sub-007,sub-007_ses-01_task-WorkingMemory_run-4_eeg.set,250.0
36,C4,34.24721145629883,181.19659423828125,0.043920814990997314,False,False,sub-007,sub-007_ses-01_task-WorkingMemory_run-4_eeg.set,250.0
37,C6,44.315345764160156,340.1025695800781,1.0085161924362183,False,False,sub-007,sub-007_ses-01_task-WorkingMemory_run-4_eeg.set,250.0
38,T8,35.75440979003906,255.921875,0.1883206069469452,False,False,sub-007,sub-007_ses-01_task-WorkingMemory_run-4_eeg.set,250.0
39,TP9,34.2975959777832,181.6849822998047,0.048747990280389786,False,False,sub-007,sub-007_ses-01_task-WorkingMemory_run-4_eeg.set,250.0
40,TP7,29.84248924255371,152.86935424804688,-0.378081351518631,False,False,sub-007,sub-007_ses-01_task-WorkingMemory_run-4_eeg.set,250.0
41,CP5,26.9003963470459,146.5201416015625,-0.659953773021698,False,False,sub-007,sub-007_ses-01_task-WorkingMemory_run-4_eeg.set,250.0
42,CP3,38.5213623046875,218.8034210205078,0.45341336727142334,False,False,sub-007,sub-007_ses-01_task-WorkingMemory_run-4_eeg.set,250.0
43,CP1,25.87557601928711,122.58853149414062,-0.7581384778022766,False,False,sub-007,sub-007_ses-01_task-WorkingMemory_run-4_eeg.set,250.0
44,CPZ,38.524139404296875,224.17584228515625,0.4536794424057007,False,False,sub-007,sub-007_ses-01_task-WorkingMemory_run-4_eeg.set,250.0
45,CP2,27.896923065185547,138.70574951171875,-0.5644797682762146,False,False,sub-007,sub-007_ses-01_task-WorkingMemory_run-4_eeg.set,250.0
46,CP4,25.86018180847168,123.0769271850586,-0.7596133351325989,False,False,sub-007,sub-007_ses-01_task-WorkingMemory_run-4_eeg.set,250.0
47,CP6,91.1829605102539,527.9609375,5.498750686645508,False,False,sub-007,sub-007_ses-01_task-WorkingMemory_run-4_eeg.set,250.0
48,TP8,50.70772933959961,296.947509765625,1.6209497451782227,False,False,sub-007,sub-007_ses-01_task-WorkingMemory_run-4_eeg.set,250.0
49,TP10,31.845251083374023,164.59097290039062,-0.1862032264471054,False,False,sub-007,sub-007_ses-01_task-WorkingMemory_run-4_eeg.set,250.0
50,P7,35.25334930419922,193.40658569335938,0.14031562209129333,False,False,sub-007,sub-007_ses-01_task-WorkingMemory_run-4_eeg.set,250.0
51,P5,26.748567581176758,129.42613220214844,-0.6744999885559082,False,False,sub-007,sub-007_ses-01_task-WorkingMemory_run-4_eeg.set,250.0
52,P3,27.41221046447754,136.26373291015625,-0.6109185218811035,False,False,sub-007,sub-007_ses-01_task-WorkingMemory_run-4_eeg.set,250.0
53,P1,39.27025604248047,213.4310302734375,0.5251624584197998,False,False,sub-007,sub-007_ses-01_task-WorkingMemory_run-4_eeg.set,250.0
54,PZ,25.025545120239258,123.56532287597656,-0.8395771980285645,False,False,sub-007,sub-007_ses-01_task-WorkingMemory_run-4_eeg.set,250.0
55,P2,24.23008155822754,124.05372619628906,-0.915787935256958,False,False,sub-007,sub-007_ses-01_task-WorkingMemory_run-4_eeg.set,250.0
56,P4,51.84172821044922,204.6398162841797,1.7295944690704346,False,False,sub-007,sub-007_ses-01_task-WorkingMemory_run-4_eeg.set,250.0
57,P6,69.46401977539062,283.27227783203125,3.417929172515869,False,False,sub-007,sub-007_ses-01_task-WorkingMemory_run-4_eeg.set,250.0
58,P8,42.21992874145508,231.990234375,0.8077610731124878,False,False,sub-007,sub-007_ses-01_task-WorkingMemory_run-4_eeg.set,250.0
59,PO9,50.603965759277344,308.5323486328125,1.6110085248947144,False,False,sub-007,sub-007_ses-01_task-WorkingMemory_run-4_eeg.set,250.0
60,PO7,36.260581970214844,231.99024963378906,0.23681531846523285,False,False,sub-007,sub-007_ses-01_task-WorkingMemory_run-4_eeg.set,250.0
61,PO3,34.03174591064453,193.40658569335938,0.023277757689356804,False,False,sub-007,sub-007_ses-01_task-WorkingMemory_run-4_eeg.set,250.0
62,POZ,27.390016555786133,132.35653686523438,-0.6130448579788208,False,False,sub-007,sub-007_ses-01_task-WorkingMemory_run-4_eeg.set,250.0
63,PO4,39.22975158691406,243.88766479492188,0.521281898021698,False,False,sub-007,sub-007_ses-01_task-WorkingMemory_run-4_eeg.set,250.0
64,PO8,39.84560775756836,206.59341430664062,0.5802850127220154,False,False,sub-007,sub-007_ses-01_task-WorkingMemory_run-4_eeg.set,250.0
65,PO10,30.031360626220703,139.19415283203125,-0.35998621582984924,False,False,sub-007,sub-007_ses-01_task-WorkingMemory_run-4_eeg.set,250.0
66,O1,31.163959503173828,163.12576293945312,-0.25147557258605957,False,False,sub-007,sub-007_ses-01_task-WorkingMemory_run-4_eeg.set,250.0
67,OZ,38.55877685546875,208.05862426757812,0.45699793100357056,False,False,sub-007,sub-007_ses-01_task-WorkingMemory_run-4_eeg.set,250.0
68,O2,27.485816955566406,143.58975219726562,-0.6038665175437927,False,False,sub-007,sub-007_ses-01_task-WorkingMemory_run-4_eeg.set,250.0
69,LEYE,24.253156661987305,113.79731750488281,-0.9135772585868835,False,False,sub-007,sub-007_ses-01_task-WorkingMemory_run-4_eeg.set,250.0
70,REYE,57.13390350341797,311.59954833984375,2.2366206645965576,False,False,sub-007,sub-007_ses-01_task-WorkingMemory_run-4_eeg.set,250.0
0,FP1,47.77595901489258,267.15509033203125,1.6975212097167969,False,False,sub-008,sub-008_ses-01_task-WorkingMemory_run-1_eeg.set,250.0
1,FPZ,46.107234954833984,238.82785034179688,1.5075780153274536,False,False,sub-008,sub-008_ses-01_task-WorkingMemory_run-1_eeg.set,250.0
2,FP2,32.53367614746094,144.56655883789062,-0.03743753582239151,False,False,sub-008,sub-008_ses-01_task-WorkingMemory_run-1_eeg.set,250.0
3,AF7,33.293212890625,207.57022094726562,0.04901702702045441,False,False,sub-008,sub-008_ses-01_task-WorkingMemory_run-1_eeg.set,250.0
4,AF3,32.703651428222656,148.4737548828125,-0.018090030178427696,False,False,sub-008,sub-008_ses-01_task-WorkingMemory_run-1_eeg.set,250.0
5,AFZ,45.07827377319336,350.75457763671875,1.3904560804367065,False,False,sub-008,sub-008_ses-01_task-WorkingMemory_run-1_eeg.set,250.0
6,AF4,34.01543045043945,253.47987365722656,0.13122372329235077,False,False,sub-008,sub-008_ses-01_task-WorkingMemory_run-1_eeg.set,250.0
7,AF8,25.489925384521484,103.05250549316406,-0.839195191860199,False,False,sub-008,sub-008_ses-01_task-WorkingMemory_run-1_eeg.set,250.0
8,F9,24.493980407714844,115.83395385742188,-0.9525589942932129,False,False,sub-008,sub-008_ses-01_task-WorkingMemory_run-1_eeg.set,250.0
9,F7,32.82826232910156,201.70941162109375,-0.0039061475545167923,False,False,sub-008,sub-008_ses-01_task-WorkingMemory_run-1_eeg.set,250.0
10,F5,30.782629013061523,202.2808380126953,-0.23675113916397095,False,False,sub-008,sub-008_ses-01_task-WorkingMemory_run-1_eeg.set,250.0
11,F3,23.318485260009766,127.4725341796875,-1.086360216140747,False,False,sub-008,sub-008_ses-01_task-WorkingMemory_run-1_eeg.set,250.0
12,F1,46.918785095214844,301.4261474609375,1.5999529361724854,False,False,sub-008,sub-008_ses-01_task-WorkingMemory_run-1_eeg.set,250.0
13,FZ,28.280269622802734,104.51770782470703,-0.5215831398963928,False,False,sub-008,sub-008_ses-01_task-WorkingMemory_run-1_eeg.set,250.0
14,F2,35.35273742675781,122.58853149414062,0.2834431827068329,False,False,sub-008,sub-008_ses-01_task-WorkingMemory_run-1_eeg.set,250.0
15,F4,50.36538314819336,359.951171875,1.9922634363174438,False,False,sub-008,sub-008_ses-01_task-WorkingMemory_run-1_eeg.set,250.0
16,F6,30.52752113342285,186.56898498535156,-0.26578888297080994,False,False,sub-008,sub-008_ses-01_task-WorkingMemory_run-1_eeg.set,250.0
17,F8,28.879873275756836,128.4493408203125,-0.4533330202102661,False,False,sub-008,sub-008_ses-01_task-WorkingMemory_run-1_eeg.set,250.0
18,F10,30.175142288208008,108.91331481933594,-0.3058985769748688,False,False,sub-008,sub-008_ses-01_task-WorkingMemory_run-1_eeg.set,250.0
19,FT9,32.51677322387695,177.86080932617188,-0.039361514151096344,False,False,sub-008,sub-008_ses-01_task-WorkingMemory_run-1_eeg.set,250.0
20,FT7,27.986530303955078,139.19415283203125,-0.5550181865692139,False,False,sub-008,sub-008_ses-01_task-WorkingMemory_run-1_eeg.set,250.0
21,FC5,38.45130157470703,182.17340087890625,0.6361384391784668,False,False,sub-008,sub-008_ses-01_task-WorkingMemory_run-1_eeg.set,250.0
22,FC3,39.08363342285156,110.3785171508789,0.7081138491630554,False,False,sub-008,sub-008_ses-01_task-WorkingMemory_run-1_eeg.set,250.0
23,FC1,48.59029006958008,145.54335021972656,1.790212631225586,False,False,sub-008,sub-008_ses-01_task-WorkingMemory_run-1_eeg.set,250.0
24,FCZ,44.61522674560547,111.35531616210938,1.3377496004104614,False,False,sub-008,sub-008_ses-01_task-WorkingMemory_run-1_eeg.set,250.0
25,FC2,61.47144317626953,205.69964599609375,3.2564148902893066,False,False,sub-008,sub-008_ses-01_task-WorkingMemory_run-1_eeg.set,250.0
26,FC4,37.204471588134766,251.1208953857422,0.49421754479408264,False,False,sub-008,sub-008_ses-01_task-WorkingMemory_run-1_eeg.set,250.0
27,FC6,33.18922805786133,229.05984497070312,0.03718091547489166,False,False,sub-008,sub-008_ses-01_task-WorkingMemory_run-1_eeg.set,250.0
28,FT8,36.35505676269531,187.05740356445312,0.39753258228302,False,False,sub-008,sub-008_ses-01_task-WorkingMemory_run-1_eeg.set,250.0
29,FT10,35.096343994140625,156.2881622314453,0.2542591094970703,False,False,sub-008,sub-008_ses-01_task-WorkingMemory_run-1_eeg.set,250.0
30,T7,41.89459228515625,247.2136688232422,1.0280723571777344,False,False,sub-008,sub-008_ses-01_task-WorkingMemory_run-1_eeg.set,250.0
31,C5,32.862579345703125,194.38339233398438,0.0,False,False,sub-008,sub-008_ses-01_task-WorkingMemory_run-1_eeg.set,250.0
32,C3,38.78832244873047,142.69598388671875,0.6744999885559082,False,False,sub-008,sub-008_ses-01_task-WorkingMemory_run-1_eeg.set,250.0
33,C1,45.812992095947266,349.20635986328125,1.4740856885910034,False,False,sub-008,sub-008_ses-01_task-WorkingMemory_run-1_eeg.set,250.0
34,CZ,32.301658630371094,145.54335021972656,-0.06384702026844025,False,False,sub-008,sub-008_ses-01_task-WorkingMemory_run-1_eeg.set,250.0
35,C2,28.807079315185547,156.2881622314453,-0.4616188704967499,False,False,sub-008,sub-008_ses-01_task-WorkingMemory_run-1_eeg.set,250.0
36,C4,30.923805236816406,118.68132019042969,-0.22068171203136444,False,False,sub-008,sub-008_ses-01_task-WorkingMemory_run-1_eeg.set,250.0
37,C6,48.44704818725586,356.0439758300781,1.773908257484436,False,False,sub-008,sub-008_ses-01_task-WorkingMemory_run-1_eeg.set,250.0
38,T8,26.297529220581055,147.4969482421875,-0.7472693920135498,False,False,sub-008,sub-008_ses-01_task-WorkingMemory_run-1_eeg.set,250.0
39,TP9,25.639266967773438,109.8901138305664,-0.8221963047981262,False,False,sub-008,sub-008_ses-01_task-WorkingMemory_run-1_eeg.set,250.0
40,TP7,39.46300506591797,240.29306030273438,0.7512960433959961,False,False,sub-008,sub-008_ses-01_task-WorkingMemory_run-1_eeg.set,250.0
41,CP5,31.731220245361328,117.70452117919922,-0.1287773847579956,False,False,sub-008,sub-008_ses-01_task-WorkingMemory_run-1_eeg.set,250.0
42,CP3,34.23757553100586,166.54457092285156,0.15650947391986847,False,False,sub-008,sub-008_ses-01_task-WorkingMemory_run-1_eeg.set,250.0
43,CP1,39.48771286010742,241.75823974609375,0.7541083097457886,False,False,sub-008,sub-008_ses-01_task-WorkingMemory_run-1_eeg.set,250.0
44,CPZ,28.77630043029785,104.51770782470703,-0.465122252702713,False,False,sub-008,sub-008_ses-01_task-WorkingMemory_run-1_eeg.set,250.0
45,CP2,25.83155059814453,117.70451354980469,-0.8003095388412476,False,False,sub-008,sub-008_ses-01_task-WorkingMemory_run-1_eeg.set,250.0
46,CP4,25.471818923950195,101.5873031616211,-0.8412561416625977,False,False,sub-008,sub-008_ses-01_task-WorkingMemory_run-1_eeg.set,250.0
47,CP6,28.00575828552246,131.86813354492188,-0.5528295040130615,False,False,sub-008,sub-008_ses-01_task-WorkingMemory_run-1_eeg.set,250.0
48,TP8,25.670957565307617,95.72650146484375,-0.8185891509056091,False,False,sub-008,sub-008_ses-01_task-WorkingMemory_run-1_eeg.set,250.0
49,TP10,30.92498016357422,137.72894287109375,-0.22054797410964966,False,False,sub-008,sub-008_ses-01_task-WorkingMemory_run-1_eeg.set,250.0
50,P7,33.99372863769531,169.96337890625,0.12875349819660187,False,False,sub-008,sub-008_ses-01_task-WorkingMemory_run-1_eeg.set,250.0
51,P5,40.277591705322266,249.16726684570312,0.8440166115760803,False,False,sub-008,sub-008_ses-01_task-WorkingMemory_run-1_eeg.set,250.0
52,P3,52.76052474975586,413.1867980957031,2.2648911476135254,False,False,sub-008,sub-008_ses-01_task-WorkingMemory_run-1_eeg.set,250.0
53,P1,25.56458282470703,97.19169616699219,-0.8306972980499268,False,False,sub-008,sub-008_ses-01_task-WorkingMemory_run-1_eeg.set,250.0
54,PZ,23.34794044494629,114.77412414550781,-1.0830074548721313,False,False,sub-008,sub-008_ses-01_task-WorkingMemory_run-1_eeg.set,250.0
55,P2,33.3067626953125,189.09402465820312,0.05055934190750122,False,False,sub-008,sub-008_ses-01_task-WorkingMemory_run-1_eeg.set,250.0
56,P4,32.04840087890625,116.23931884765625,-0.09267417341470718,False,False,sub-008,sub-008_ses-01_task-WorkingMemory_run-1_eeg.set,250.0
57,P6,38.88800811767578,244.68865966796875,0.685846745967865,False,False,sub-008,sub-008_ses-01_task-WorkingMemory_run-1_eeg.set,250.0
58,P8,28.919572830200195,155.39439392089844,-0.4488142430782318,False,False,sub-008,sub-008_ses-01_task-WorkingMemory_run-1_eeg.set,250.0
59,PO9,36.68526840209961,193.001220703125,0.43511906266212463,False,False,sub-008,sub-008_ses-01_task-WorkingMemory_run-1_eeg.set,250.0
60,PO7,25.015357971191406,93.77290344238281,-0.8932129740715027,False,False,sub-008,sub-008_ses-01_task-WorkingMemory_run-1_eeg.set,250.0
61,PO3,62.84800338745117,331.21856689453125,3.413102388381958,False,False,sub-008,sub-008_ses-01_task-WorkingMemory_run-1_eeg.set,250.0
62,POZ,38.33590316772461,125.51892852783203,0.6230031847953796,False,False,sub-008,sub-008_ses-01_task-WorkingMemory_run-1_eeg.set,250.0
63,PO4,27.306243896484375,132.84494018554688,-0.6324520111083984,False,False,sub-008,sub-008_ses-01_task-WorkingMemory_run-1_eeg.set,250.0
64,PO8,45.456024169921875,296.0537414550781,1.4334536790847778,False,False,sub-008,sub-008_ses-01_task-WorkingMemory_run-1_eeg.set,250.0
65,PO10,32.705997467041016,215.95603942871094,-0.0178229920566082,False,False,sub-008,sub-008_ses-01_task-WorkingMemory_run-1_eeg.set,250.0
66,O1,25.842037200927734,126.984130859375,-0.7991158962249756,False,False,sub-008,sub-008_ses-01_task-WorkingMemory_run-1_eeg.set,250.0
67,OZ,24.472694396972656,115.75092315673828,-0.9549819231033325,False,False,sub-008,sub-008_ses-01_task-WorkingMemory_run-1_eeg.set,250.0
68,O2,25.787803649902344,127.96092987060547,-0.8052890300750732,False,False,sub-008,sub-008_ses-01_task-WorkingMemory_run-1_eeg.set,250.0
69,LEYE,52.19270324707031,240.29306030273438,2.200258731842041,False,False,sub-008,sub-008_ses-01_task-WorkingMemory_run-1_eeg.set,250.0
70,REYE,97.82450866699219,586.5690307617188,7.394316673278809,False,True,sub-008,sub-008_ses-01_task-WorkingMemory_run-1_eeg.set,250.0
0,FP1,36.71863555908203,162.6373748779297,0.7326447367668152,False,False,sub-008,sub-008_ses-01_task-WorkingMemory_run-2_eeg.set,250.0
1,FPZ,32.232173919677734,117.70452117919922,0.2855709493160248,False,False,sub-008,sub-008_ses-01_task-WorkingMemory_run-2_eeg.set,250.0
2,FP2,29.36642074584961,128.88888549804688,0.0,False,False,sub-008,sub-008_ses-01_task-WorkingMemory_run-2_eeg.set,250.0
3,AF7,28.03009033203125,146.03173828125,-0.1331646889448166,False,False,sub-008,sub-008_ses-01_task-WorkingMemory_run-2_eeg.set,250.0
4,AF3,24.935148239135742,112.82052612304688,-0.44157421588897705,False,False,sub-008,sub-008_ses-01_task-WorkingMemory_run-2_eeg.set,250.0
5,AFZ,22.597698211669922,119.65811920166016,-0.6744999885559082,False,False,sub-008,sub-008_ses-01_task-WorkingMemory_run-2_eeg.set,250.0
6,AF4,26.590503692626953,118.19292449951172,-0.2766188085079193,False,False,sub-008,sub-008_ses-01_task-WorkingMemory_run-2_eeg.set,250.0
7,AF8,25.41254234313965,126.00732421875,-0.39400210976600647,False,False,sub-008,sub-008_ses-01_task-WorkingMemory_run-2_eeg.set,250.0
8,F9,20.392330169677734,92.79609680175781,-0.8942638635635376,False,False,sub-008,sub-008_ses-01_task-WorkingMemory_run-2_eeg.set,250.0
9,F7,19.356672286987305,93.28450012207031,-0.9974666237831116,False,False,sub-008,sub-008_ses-01_task-WorkingMemory_run-2_eeg.set,250.0
10,F5,22.867473602294922,118.19292449951172,-0.647616982460022,False,False,sub-008,sub-008_ses-01_task-WorkingMemory_run-2_eeg.set,250.0
11,F3,24.60512924194336,132.84494018554688,-0.4744604527950287,False,False,sub-008,sub-008_ses-01_task-WorkingMemory_run-2_eeg.set,250.0
12,F1,20.323034286499023,97.68009948730469,-0.9011691212654114,False,False,sub-008,sub-008_ses-01_task-WorkingMemory_run-2_eeg.set,250.0
13,FZ,26.68995475769043,100.61050415039062,-0.2667085528373718,False,False,sub-008,sub-008_ses-01_task-WorkingMemory_run-2_eeg.set,250.0
14,F2,27.888221740722656,147.00856018066406,-0.1473018378019333,False,False,sub-008,sub-008_ses-01_task-WorkingMemory_run-2_eeg.set,250.0
15,F4,22.298181533813477,112.33212280273438,-0.7043466567993164,False,False,sub-008,sub-008_ses-01_task-WorkingMemory_run-2_eeg.set,250.0
16,F6,21.726594924926758,108.42491149902344,-0.761305034160614,False,False,sub-008,sub-008_ses-01_task-WorkingMemory_run-2_eeg.set,250.0
17,F8,31.359249114990234,197.8022003173828,0.1985843926668167,False,False,sub-008,sub-008_ses-01_task-WorkingMemory_run-2_eeg.set,250.0
18,F10,23.229524612426758,122.10012817382812,-0.611538827419281,False,False,sub-008,sub-008_ses-01_task-WorkingMemory_run-2_eeg.set,250.0
19,FT9,25.307777404785156,111.84371948242188,-0.40444186329841614,False,False,sub-008,sub-008_ses-01_task-WorkingMemory_run-2_eeg.set,250.0
20,FT7,22.996713638305664,101.09890747070312,-0.6347382664680481,False,False,sub-008,sub-008_ses-01_task-WorkingMemory_run-2_eeg.set,250.0
21,FC5,24.66419792175293,111.35531616210938,-0.46857425570487976,False,False,sub-008,sub-008_ses-01_task-WorkingMemory_run-2_eeg.set,250.0
22,FC3,24.924251556396484,124.05372619628906,-0.44266003370285034,False,False,sub-008,sub-008_ses-01_task-WorkingMemory_run-2_eeg.set,250.0
23,FC1,25.510751724243164,126.00733184814453,-0.3842155635356903,False,False,sub-008,sub-008_ses-01_task-WorkingMemory_run-2_eeg.set,250.0
24,FCZ,22.23870277404785,117.70452117919922,-0.7102737426757812,False,False,sub-008,sub-008_ses-01_task-WorkingMemory_run-2_eeg.set,250.0
25,FC2,31.912593841552734,121.12332916259766,0.25372493267059326,False,False,sub-008,sub-008_ses-01_task-WorkingMemory_run-2_eeg.set,250.0
26,FC4,29.562522888183594,142.6129608154297,0.019541485235095024,False,False,sub-008,sub-008_ses-01_task-WorkingMemory_run-2_eeg.set,250.0
27,FC6,43.010292053222656,265.15264892578125,1.359605312347412,False,False,sub-008,sub-008_ses-01_task-WorkingMemory_run-2_eeg.set,250.0
28,FT8,25.04100227355957,112.33211517333984,-0.4310259222984314,False,False,sub-008,sub-008_ses-01_task-WorkingMemory_run-2_eeg.set,250.0
29,FT10,24.1015567779541,103.54090881347656,-0.524641215801239,False,False,sub-008,sub-008_ses-01_task-WorkingMemory_run-2_eeg.set,250.0
30,T7,26.11488914489746,117.21612548828125,-0.3240135610103607,False,False,sub-008,sub-008_ses-01_task-WorkingMemory_run-2_eeg.set,250.0
31,C5,44.31155776977539,198.7790069580078,1.4892758131027222,False,False,sub-008,sub-008_ses-01_task-WorkingMemory_run-2_eeg.set,250.0
32,C3,22.121082305908203,99.5848617553711,-0.7219945192337036,False,False,sub-008,sub-008_ses-01_task-WorkingMemory_run-2_eeg.set,250.0
33,C1,53.22327423095703,330.10992431640625,2.377324104309082,False,False,sub-008,sub-008_ses-01_task-WorkingMemory_run-2_eeg.set,250.0
34,CZ,24.25027084350586,109.40171813964844,-0.509821891784668,False,False,sub-008,sub-008_ses-01_task-WorkingMemory_run-2_eeg.set,250.0
35,C2,24.693601608276367,123.56532287597656,-0.4656442105770111,False,False,sub-008,sub-008_ses-01_task-WorkingMemory_run-2_eeg.set,250.0
36,C4,35.43537902832031,195.84860229492188,0.6047687530517578,False,False,sub-008,sub-008_ses-01_task-WorkingMemory_run-2_eeg.set,250.0
37,C6,24.982206344604492,100.61050415039062,-0.43688488006591797,False,False,sub-008,sub-008_ses-01_task-WorkingMemory_run-2_eeg.set,250.0
38,T8,36.776485443115234,141.14773559570312,0.7384093999862671,False,False,sub-008,sub-008_ses-01_task-WorkingMemory_run-2_eeg.set,250.0
39,TP9,35.45838928222656,227.59463500976562,0.6070617437362671,False,False,sub-008,sub-008_ses-01_task-WorkingMemory_run-2_eeg.set,250.0
40,TP7,36.24272537231445,169.96337890625,0.68522047996521,False,False,sub-008,sub-008_ses-01_task-WorkingMemory_run-2_eeg.set,250.0
41,CP5,25.81292152404785,125.03053283691406,-0.35410448908805847,False,False,sub-008,sub-008_ses-01_task-WorkingMemory_run-2_eeg.set,250.0
42,CP3,26.459012985229492,95.23809814453125,-0.2897217869758606,False,False,sub-008,sub-008_ses-01_task-WorkingMemory_run-2_eeg.set,250.0
43,CP1,23.271053314208984,141.1477508544922,-0.6074004769325256,False,False,sub-008,sub-008_ses-01_task-WorkingMemory_run-2_eeg.set,250.0
44,CPZ,43.010379791259766,255.4334716796875,1.3596140146255493,False,False,sub-008,sub-008_ses-01_task-WorkingMemory_run-2_eeg.set,250.0
45,CP2,28.375747680664062,117.21612548828125,-0.09872009605169296,False,False,sub-008,sub-008_ses-01_task-WorkingMemory_run-2_eeg.set,250.0
46,CP4,47.66907501220703,258.3638610839844,1.8238508701324463,False,False,sub-008,sub-008_ses-01_task-WorkingMemory_run-2_eeg.set,250.0
47,CP6,62.61458206176758,335.5311584472656,3.3131635189056396,False,False,sub-008,sub-008_ses-01_task-WorkingMemory_run-2_eeg.set,250.0
48,TP8,51.309326171875,241.7582550048828,2.1866002082824707,False,False,sub-008,sub-008_ses-01_task-WorkingMemory_run-2_eeg.set,250.0
49,TP10,52.41107177734375,248.05860900878906,2.296388626098633,False,False,sub-008,sub-008_ses-01_task-WorkingMemory_run-2_eeg.set,250.0
50,P7,60.51592254638672,292.5518798828125,3.1040329933166504,False,False,sub-008,sub-008_ses-01_task-WorkingMemory_run-2_eeg.set,250.0
51,P5,127.05235290527344,664.7130737304688,9.734356880187988,False,True,sub-008,sub-008_ses-01_task-WorkingMemory_run-2_eeg.set,250.0
52,P3,43.0012321472168,200.24420166015625,1.3587024211883545,False,False,sub-008,sub-008_ses-01_task-WorkingMemory_run-2_eeg.set,250.0
53,P1,47.9437141418457,247.13064575195312,1.8512184619903564,False,False,sub-008,sub-008_ses-01_task-WorkingMemory_run-2_eeg.set,250.0
54,PZ,83.12074279785156,450.30523681640625,5.356592655181885,False,False,sub-008,sub-008_ses-01_task-WorkingMemory_run-2_eeg.set,250.0
55,P2,63.2229118347168,331.1355285644531,3.3737833499908447,False,False,sub-008,sub-008_ses-01_task-WorkingMemory_run-2_eeg.set,250.0
56,P4,58.029335021972656,290.10992431640625,2.856245756149292,False,False,sub-008,sub-008_ses-01_task-WorkingMemory_run-2_eeg.set,250.0
57,P6,38.268253326416016,179.73138427734375,0.8870633840560913,False,False,sub-008,sub-008_ses-01_task-WorkingMemory_run-2_eeg.set,250.0
58,P8,28.39967918395996,142.12454223632812,-0.09633533656597137,False,False,sub-008,sub-008_ses-01_task-WorkingMemory_run-2_eeg.set,250.0
59,PO9,28.14215850830078,129.91453552246094,-0.1219971552491188,False,False,sub-008,sub-008_ses-01_task-WorkingMemory_run-2_eeg.set,250.0
60,PO7,27.088937759399414,119.65812683105469,-0.22695009410381317,False,False,sub-008,sub-008_ses-01_task-WorkingMemory_run-2_eeg.set,250.0
61,PO3,38.93998718261719,167.03297424316406,0.9540013074874878,False,False,sub-008,sub-008_ses-01_task-WorkingMemory_run-2_eeg.set,250.0
62,POZ,53.02806091308594,272.0390930175781,2.3578712940216064,False,False,sub-008,sub-008_ses-01_task-WorkingMemory_run-2_eeg.set,250.0
63,PO4,58.05278396606445,271.0622863769531,2.8585824966430664,False,False,sub-008,sub-008_ses-01_task-WorkingMemory_run-2_eeg.set,250.0
64,PO8,48.650856018066406,251.03787231445312,1.921684741973877,False,False,sub-008,sub-008_ses-01_task-WorkingMemory_run-2_eeg.set,250.0
65,PO10,33.88772201538086,186.56900024414062,0.4505455493927002,False,False,sub-008,sub-008_ses-01_task-WorkingMemory_run-2_eeg.set,250.0
66,O1,50.25536346435547,256.4102478027344,2.081573247909546,False,False,sub-008,sub-008_ses-01_task-WorkingMemory_run-2_eeg.set,250.0
67,OZ,46.41412353515625,212.94261169433594,1.6987954378128052,False,False,sub-008,sub-008_ses-01_task-WorkingMemory_run-2_eeg.set,250.0
68,O2,37.71767044067383,220.75701904296875,0.8321980834007263,False,False,sub-008,sub-008_ses-01_task-WorkingMemory_run-2_eeg.set,250.0
69,LEYE,40.49485778808594,221.24542236328125,1.1089434623718262,False,False,sub-008,sub-008_ses-01_task-WorkingMemory_run-2_eeg.set,250.0
70,REYE,108.38018798828125,556.7765502929688,7.873683929443359,False,True,sub-008,sub-008_ses-01_task-WorkingMemory_run-2_eeg.set,250.0
0,FP1,41.1728401184082,222.35409545898438,3.8185904026031494,False,False,sub-008,sub-008_ses-01_task-WorkingMemory_run-3_eeg.set,250.0
1,FPZ,25.623106002807617,143.58975219726562,0.6088696122169495,False,False,sub-008,sub-008_ses-01_task-WorkingMemory_run-3_eeg.set,250.0
2,FP2,22.45465087890625,108.42491149902344,-0.04515162855386734,False,False,sub-008,sub-008_ses-01_task-WorkingMemory_run-3_eeg.set,250.0
3,AF7,21.31583595275879,94.26129150390625,-0.28022176027297974,False,False,sub-008,sub-008_ses-01_task-WorkingMemory_run-3_eeg.set,250.0
4,AF3,19.538116455078125,91.81929016113281,-0.6471723318099976,False,False,sub-008,sub-008_ses-01_task-WorkingMemory_run-3_eeg.set,250.0
5,AFZ,19.51749610900879,89.99755859375,-0.6514286994934082,False,False,sub-008,sub-008_ses-01_task-WorkingMemory_run-3_eeg.set,250.0
6,AF4,21.30179214477539,105.98291015625,-0.28312063217163086,False,False,sub-008,sub-008_ses-01_task-WorkingMemory_run-3_eeg.set,250.0
7,AF8,21.961334228515625,100.61050415039062,-0.14698030054569244,False,False,sub-008,sub-008_ses-01_task-WorkingMemory_run-3_eeg.set,250.0
8,F9,20.08879280090332,90.84249114990234,-0.5335036516189575,False,False,sub-008,sub-008_ses-01_task-WorkingMemory_run-3_eeg.set,250.0
9,F7,19.799924850463867,89.86569213867188,-0.5931307673454285,False,False,sub-008,sub-008_ses-01_task-WorkingMemory_run-3_eeg.set,250.0
10,F5,20.488584518432617,100.12210083007812,-0.4509800672531128,False,False,sub-008,sub-008_ses-01_task-WorkingMemory_run-3_eeg.set,250.0
11,F3,22.673391342163086,122.72039794921875,0.0,False,False,sub-008,sub-008_ses-01_task-WorkingMemory_run-3_eeg.set,250.0
12,F1,20.789506912231445,100.6104965209961,-0.38886475563049316,False,False,sub-008,sub-008_ses-01_task-WorkingMemory_run-3_eeg.set,250.0
13,FZ,19.934232711791992,91.33089447021484,-0.565407395362854,False,False,sub-008,sub-008_ses-01_task-WorkingMemory_run-3_eeg.set,250.0
14,F2,21.230785369873047,106.47130584716797,-0.29777759313583374,False,False,sub-008,sub-008_ses-01_task-WorkingMemory_run-3_eeg.set,250.0
15,F4,19.37647819519043,89.37728881835938,-0.6805371642112732,False,False,sub-008,sub-008_ses-01_task-WorkingMemory_run-3_eeg.set,250.0
16,F6,20.676984786987305,101.5873031616211,-0.4120911657810211,False,False,sub-008,sub-008_ses-01_task-WorkingMemory_run-3_eeg.set,250.0
17,F8,19.772113800048828,93.77289581298828,-0.5988714098930359,False,False,sub-008,sub-008_ses-01_task-WorkingMemory_run-3_eeg.set,250.0
18,F10,20.73916244506836,104.02931213378906,-0.3992566466331482,False,False,sub-008,sub-008_ses-01_task-WorkingMemory_run-3_eeg.set,250.0
19,FT9,20.140453338623047,95.23809814453125,-0.5228400826454163,False,False,sub-008,sub-008_ses-01_task-WorkingMemory_run-3_eeg.set,250.0
20,FT7,19.865642547607422,91.81929016113281,-0.5795655250549316,False,False,sub-008,sub-008_ses-01_task-WorkingMemory_run-3_eeg.set,250.0
21,FC5,19.85563087463379,93.28449249267578,-0.581632137298584,False,False,sub-008,sub-008_ses-01_task-WorkingMemory_run-3_eeg.set,250.0
22,FC3,18.747713088989258,84.981689453125,-0.8103245496749878,False,False,sub-008,sub-008_ses-01_task-WorkingMemory_run-3_eeg.set,250.0
23,FC1,18.718469619750977,85.95848846435547,-0.8163608908653259,False,False,sub-008,sub-008_ses-01_task-WorkingMemory_run-3_eeg.set,250.0
24,FCZ,19.449331283569336,86.93528747558594,-0.6654990315437317,False,False,sub-008,sub-008_ses-01_task-WorkingMemory_run-3_eeg.set,250.0
25,FC2,19.085432052612305,84.98168182373047,-0.7406138181686401,False,False,sub-008,sub-008_ses-01_task-WorkingMemory_run-3_eeg.set,250.0
26,FC4,20.03607749938965,92.30769348144531,-0.5443849563598633,False,False,sub-008,sub-008_ses-01_task-WorkingMemory_run-3_eeg.set,250.0
27,FC6,20.450057983398438,100.12210083007812,-0.4589325785636902,False,False,sub-008,sub-008_ses-01_task-WorkingMemory_run-3_eeg.set,250.0
28,FT8,18.802846908569336,92.30769348144531,-0.7989440560340881,False,False,sub-008,sub-008_ses-01_task-WorkingMemory_run-3_eeg.set,250.0
29,FT10,21.246007919311523,105.98291778564453,-0.2946354150772095,False,False,sub-008,sub-008_ses-01_task-WorkingMemory_run-3_eeg.set,250.0
30,T7,21.488168716430664,99.14530181884766,-0.24464944005012512,False,False,sub-008,sub-008_ses-01_task-WorkingMemory_run-3_eeg.set,250.0
31,C5,21.679311752319336,107.93650817871094,-0.2051943689584732,False,False,sub-008,sub-008_ses-01_task-WorkingMemory_run-3_eeg.set,250.0
32,C3,21.9481258392334,111.35531616210938,-0.14970672130584717,False,False,sub-008,sub-008_ses-01_task-WorkingMemory_run-3_eeg.set,250.0
33,C1,32.975677490234375,156.2881622314453,2.126561403274536,False,False,sub-008,sub-008_ses-01_task-WorkingMemory_run-3_eeg.set,250.0
34,CZ,21.41341781616211,100.12210083007812,-0.2600792646408081,False,False,sub-008,sub-008_ses-01_task-WorkingMemory_run-3_eeg.set,250.0
35,C2,18.78073501586914,83.02808380126953,-0.8035083413124084,False,False,sub-008,sub-008_ses-01_task-WorkingMemory_run-3_eeg.set,250.0
36,C4,19.405725479125977,90.84249114990234,-0.6744999885559082,False,False,sub-008,sub-008_ses-01_task-WorkingMemory_run-3_eeg.set,250.0
37,C6,58.42815399169922,284.73748779296875,7.380370616912842,False,True,sub-008,sub-008_ses-01_task-WorkingMemory_run-3_eeg.set,250.0
38,T8,27.903196334838867,159.3504180908203,1.0795178413391113,False,False,sub-008,sub-008_ses-01_task-WorkingMemory_run-3_eeg.set,250.0
39,TP9,27.01332664489746,185.59219360351562,0.8958340883255005,False,False,sub-008,sub-008_ses-01_task-WorkingMemory_run-3_eeg.set,250.0
40,TP7,24.738407135009766,135.2869415283203,0.42625322937965393,False,False,sub-008,sub-008_ses-01_task-WorkingMemory_run-3_eeg.set,250.0
41,CP5,46.167633056640625,233.4554443359375,4.849597930908203,False,False,sub-008,sub-008_ses-01_task-WorkingMemory_run-3_eeg.set,250.0
42,CP3,25.541568756103516,114.28572082519531,0.5920389890670776,False,False,sub-008,sub-008_ses-01_task-WorkingMemory_run-3_eeg.set,250.0
43,CP1,23.897661209106445,122.58853149414062,0.25270944833755493,False,False,sub-008,sub-008_ses-01_task-WorkingMemory_run-3_eeg.set,250.0
44,CPZ,23.390533447265625,125.51893615722656,0.14802992343902588,False,False,sub-008,sub-008_ses-01_task-WorkingMemory_run-3_eeg.set,250.0
45,CP2,51.3386116027832,288.1562805175781,5.916972637176514,False,False,sub-008,sub-008_ses-01_task-WorkingMemory_run-3_eeg.set,250.0
46,CP4,57.60353088378906,332.1123352050781,7.210155010223389,False,True,sub-008,sub-008_ses-01_task-WorkingMemory_run-3_eeg.set,250.0
47,CP6,26.040063858032227,124.18560028076172,0.6949366331100464,False,False,sub-008,sub-008_ses-01_task-WorkingMemory_run-3_eeg.set,250.0
48,TP8,24.366130828857422,111.35531616210938,0.3494092524051666,False,False,sub-008,sub-008_ses-01_task-WorkingMemory_run-3_eeg.set,250.0
49,TP10,19.420534133911133,86.93528747558594,-0.6714432835578918,False,False,sub-008,sub-008_ses-01_task-WorkingMemory_run-3_eeg.set,250.0
50,P7,41.70124816894531,254.945068359375,3.9276628494262695,False,False,sub-008,sub-008_ses-01_task-WorkingMemory_run-3_eeg.set,250.0
51,P5,26.094860076904297,118.68132781982422,0.7062473893165588,False,False,sub-008,sub-008_ses-01_task-WorkingMemory_run-3_eeg.set,250.0
52,P3,21.92319679260254,97.68009948730469,-0.1548525094985962,False,False,sub-008,sub-008_ses-01_task-WorkingMemory_run-3_eeg.set,250.0
53,P1,61.103755950927734,332.11236572265625,7.93265962600708,False,True,sub-008,sub-008_ses-01_task-WorkingMemory_run-3_eeg.set,250.0
54,PZ,68.1396484375,367.27716064453125,9.38498306274414,False,True,sub-008,sub-008_ses-01_task-WorkingMemory_run-3_eeg.set,250.0
55,P2,43.43561553955078,231.013427734375,4.2856645584106445,False,False,sub-008,sub-008_ses-01_task-WorkingMemory_run-3_eeg.set,250.0
56,P4,102.03109741210938,590.4761962890625,16.380735397338867,False,True,sub-008,sub-008_ses-01_task-WorkingMemory_run-3_eeg.set,250.0
57,P6,127.30196380615234,575.82421875,21.597057342529297,False,True,sub-008,sub-008_ses-01_task-WorkingMemory_run-3_eeg.set,250.0
58,P8,67.56310272216797,334.5543518066406,9.265974044799805,False,True,sub-008,sub-008_ses-01_task-WorkingMemory_run-3_eeg.set,250.0
59,PO9,97.26464080810547,562.1489868164062,15.396860122680664,False,True,sub-008,sub-008_ses-01_task-WorkingMemory_run-3_eeg.set,250.0
60,PO7,65.24944305419922,336.01953125,8.788396835327148,False,True,sub-008,sub-008_ses-01_task-WorkingMemory_run-3_eeg.set,250.0
61,PO3,66.0130844116211,317.4603271484375,8.946024894714355,False,True,sub-008,sub-008_ses-01_task-WorkingMemory_run-3_eeg.set,250.0
62,POZ,41.52136993408203,222.71063232421875,3.8905327320098877,False,False,sub-008,sub-008_ses-01_task-WorkingMemory_run-3_eeg.set,250.0
63,PO4,49.65834045410156,262.27105712890625,5.570137023925781,False,False,sub-008,sub-008_ses-01_task-WorkingMemory_run-3_eeg.set,250.0
64,PO8,93.80416107177734,425.3968505859375,14.682560920715332,False,True,sub-008,sub-008_ses-01_task-WorkingMemory_run-3_eeg.set,250.0
65,PO10,35.815067291259766,159.70697021484375,2.712658166885376,False,False,sub-008,sub-008_ses-01_task-WorkingMemory_run-3_eeg.set,250.0
66,O1,108.45703887939453,491.8193054199219,17.707155227661133,False,True,sub-008,sub-008_ses-01_task-WorkingMemory_run-3_eeg.set,250.0
67,OZ,46.89190673828125,302.3199157714844,4.9990997314453125,False,False,sub-008,sub-008_ses-01_task-WorkingMemory_run-3_eeg.set,250.0
68,O2,63.58041763305664,307.69232177734375,8.443882942199707,False,True,sub-008,sub-008_ses-01_task-WorkingMemory_run-3_eeg.set,250.0
69,LEYE,57.61442565917969,266.17828369140625,7.212403774261475,False,True,sub-008,sub-008_ses-01_task-WorkingMemory_run-3_eeg.set,250.0
70,REYE,72.65080261230469,389.7436218261719,10.31615924835205,False,True,sub-008,sub-008_ses-01_task-WorkingMemory_run-3_eeg.set,250.0
0,FP1,26.884584426879883,135.77532958984375,-0.5155951380729675,False,False,sub-008,sub-008_ses-01_task-WorkingMemory_run-4_eeg.set,250.0
1,FPZ,24.845149993896484,124.05372619628906,-0.5883724093437195,False,False,sub-008,sub-008_ses-01_task-WorkingMemory_run-4_eeg.set,250.0
2,FP2,21.704622268676758,105.4945068359375,-0.7004421949386597,False,False,sub-008,sub-008_ses-01_task-WorkingMemory_run-4_eeg.set,250.0
3,AF7,20.87843132019043,95.72650146484375,-0.7299247980117798,False,False,sub-008,sub-008_ses-01_task-WorkingMemory_run-4_eeg.set,250.0
4,AF3,21.283611297607422,100.61050415039062,-0.7154659628868103,False,False,sub-008,sub-008_ses-01_task-WorkingMemory_run-4_eeg.set,250.0
5,AFZ,21.563861846923828,103.0525131225586,-0.7054651379585266,False,False,sub-008,sub-008_ses-01_task-WorkingMemory_run-4_eeg.set,250.0
6,AF4,20.363527297973633,92.30769348144531,-0.7482991814613342,False,False,sub-008,sub-008_ses-01_task-WorkingMemory_run-4_eeg.set,250.0
7,AF8,24.57661247253418,120.63492584228516,-0.5979551672935486,False,False,sub-008,sub-008_ses-01_task-WorkingMemory_run-4_eeg.set,250.0
8,F9,22.065351486206055,100.61051177978516,-0.6875695586204529,False,False,sub-008,sub-008_ses-01_task-WorkingMemory_run-4_eeg.set,250.0
9,F7,22.201156616210938,101.5873031616211,-0.682723343372345,False,False,sub-008,sub-008_ses-01_task-WorkingMemory_run-4_eeg.set,250.0
10,F5,22.638938903808594,108.91331481933594,-0.6671010851860046,False,False,sub-008,sub-008_ses-01_task-WorkingMemory_run-4_eeg.set,250.0
11,F3,23.760732650756836,125.03053283691406,-0.6270698308944702,False,False,sub-008,sub-008_ses-01_task-WorkingMemory_run-4_eeg.set,250.0
12,F1,26.928726196289062,138.21734619140625,-0.5140199065208435,False,False,sub-008,sub-008_ses-01_task-WorkingMemory_run-4_eeg.set,250.0
13,FZ,21.854602813720703,98.16850280761719,-0.695090115070343,False,False,sub-008,sub-008_ses-01_task-WorkingMemory_run-4_eeg.set,250.0
14,F2,21.766143798828125,99.14530181884766,-0.6982467770576477,False,False,sub-008,sub-008_ses-01_task-WorkingMemory_run-4_eeg.set,250.0
15,F4,22.63326072692871,110.37850952148438,-0.6673036813735962,False,False,sub-008,sub-008_ses-01_task-WorkingMemory_run-4_eeg.set,250.0
16,F6,23.86661148071289,126.00733184814453,-0.6232914924621582,False,False,sub-008,sub-008_ses-01_task-WorkingMemory_run-4_eeg.set,250.0
17,F8,23.542421340942383,118.68131256103516,-0.6348602771759033,False,False,sub-008,sub-008_ses-01_task-WorkingMemory_run-4_eeg.set,250.0
18,F10,22.03177261352539,104.51770782470703,-0.6887677907943726,False,False,sub-008,sub-008_ses-01_task-WorkingMemory_run-4_eeg.set,250.0
19,FT9,22.431598663330078,105.006103515625,-0.6744999885559082,False,False,sub-008,sub-008_ses-01_task-WorkingMemory_run-4_eeg.set,250.0
20,FT7,25.942890167236328,127.9609375,-0.5491995215415955,False,False,sub-008,sub-008_ses-01_task-WorkingMemory_run-4_eeg.set,250.0
21,FC5,27.122060775756836,130.89134216308594,-0.5071207880973816,False,False,sub-008,sub-008_ses-01_task-WorkingMemory_run-4_eeg.set,250.0
22,FC3,25.30457305908203,141.14773559570312,-0.5719778537750244,False,False,sub-008,sub-008_ses-01_task-WorkingMemory_run-4_eeg.set,250.0
23,FC1,22.83107566833496,107.44811248779297,-0.6602446436882019,False,False,sub-008,sub-008_ses-01_task-WorkingMemory_run-4_eeg.set,250.0
24,FCZ,23.04242706298828,116.72772216796875,-0.6527025699615479,False,False,sub-008,sub-008_ses-01_task-WorkingMemory_run-4_eeg.set,250.0
25,FC2,25.142210006713867,129.91452026367188,-0.577771782875061,False,False,sub-008,sub-008_ses-01_task-WorkingMemory_run-4_eeg.set,250.0
26,FC4,32.44709014892578,130.40293884277344,-0.3170970678329468,False,False,sub-008,sub-008_ses-01_task-WorkingMemory_run-4_eeg.set,250.0
27,FC6,22.603309631347656,110.86691284179688,-0.6683724522590637,False,False,sub-008,sub-008_ses-01_task-WorkingMemory_run-4_eeg.set,250.0
28,FT8,26.4583797454834,136.26373291015625,-0.5308042764663696,False,False,sub-008,sub-008_ses-01_task-WorkingMemory_run-4_eeg.set,250.0
29,FT10,25.23970603942871,109.40171813964844,-0.5742926001548767,False,False,sub-008,sub-008_ses-01_task-WorkingMemory_run-4_eeg.set,250.0
30,T7,93.97716522216797,442.979248046875,1.8786042928695679,False,False,sub-008,sub-008_ses-01_task-WorkingMemory_run-4_eeg.set,250.0
31,C5,157.79359436035156,778.02197265625,4.1558942794799805,False,False,sub-008,sub-008_ses-01_task-WorkingMemory_run-4_eeg.set,250.0
32,C3,115.64425659179688,499.14532470703125,2.651794672012329,False,False,sub-008,sub-008_ses-01_task-WorkingMemory_run-4_eeg.set,250.0
33,C1,54.2382926940918,304.27349853515625,0.46052226424217224,False,False,sub-008,sub-008_ses-01_task-WorkingMemory_run-4_eeg.set,250.0
34,CZ,64.0271224975586,285.22589111328125,0.809836745262146,False,False,sub-008,sub-008_ses-01_task-WorkingMemory_run-4_eeg.set,250.0
35,C2,57.605743408203125,263.73626708984375,0.5806897878646851,False,False,sub-008,sub-008_ses-01_task-WorkingMemory_run-4_eeg.set,250.0
36,C4,84.79350280761719,433.2112731933594,1.5508852005004883,False,False,sub-008,sub-008_ses-01_task-WorkingMemory_run-4_eeg.set,250.0
37,C6,79.19800567626953,473.7485046386719,1.3512098789215088,False,False,sub-008,sub-008_ses-01_task-WorkingMemory_run-4_eeg.set,250.0
38,T8,69.13868713378906,358.4859619140625,0.9922429323196411,False,False,sub-008,sub-008_ses-01_task-WorkingMemory_run-4_eeg.set,250.0
39,TP9,56.60342788696289,251.52626037597656,0.5449221134185791,False,False,sub-008,sub-008_ses-01_task-WorkingMemory_run-4_eeg.set,250.0
40,TP7,175.93353271484375,578.2661743164062,4.803218364715576,False,False,sub-008,sub-008_ses-01_task-WorkingMemory_run-4_eeg.set,250.0
41,CP5,90.41835021972656,383.8827819824219,1.751607894897461,False,False,sub-008,sub-008_ses-01_task-WorkingMemory_run-4_eeg.set,250.0
42,CP3,55.673728942871094,279.8534851074219,0.511745810508728,False,False,sub-008,sub-008_ses-01_task-WorkingMemory_run-4_eeg.set,250.0
43,CP1,47.404884338378906,223.68743896484375,0.21667198836803436,False,False,sub-008,sub-008_ses-01_task-WorkingMemory_run-4_eeg.set,250.0
44,CPZ,67.54949188232422,306.22711181640625,0.9355325698852539,False,False,sub-008,sub-008_ses-01_task-WorkingMemory_run-4_eeg.set,250.0
45,CP2,68.5569076538086,357.5091552734375,0.9714821577072144,False,False,sub-008,sub-008_ses-01_task-WorkingMemory_run-4_eeg.set,250.0
46,CP4,61.33534240722656,317.94873046875,0.7137805223464966,False,False,sub-008,sub-008_ses-01_task-WorkingMemory_run-4_eeg.set,250.0
47,CP6,41.333091735839844,204.6398162841797,0.0,False,False,sub-008,sub-008_ses-01_task-WorkingMemory_run-4_eeg.set,250.0
48,TP8,39.19610595703125,189.98779296875,-0.07625836133956909,False,False,sub-008,sub-008_ses-01_task-WorkingMemory_run-4_eeg.set,250.0
49,TP10,106.44896697998047,401.4652099609375,2.3236608505249023,False,False,sub-008,sub-008_ses-01_task-WorkingMemory_run-4_eeg.set,250.0
50,P7,85.85816955566406,462.0268859863281,1.58887779712677,False,False,sub-008,sub-008_ses-01_task-WorkingMemory_run-4_eeg.set,250.0
51,P5,83.5264892578125,442.979248046875,1.5056718587875366,False,False,sub-008,sub-008_ses-01_task-WorkingMemory_run-4_eeg.set,250.0
52,P3,92.45816040039062,449.8168640136719,1.8243987560272217,False,False,sub-008,sub-008_ses-01_task-WorkingMemory_run-4_eeg.set,250.0
53,P1,47.65284729003906,212.942626953125,0.2255205661058426,False,False,sub-008,sub-008_ses-01_task-WorkingMemory_run-4_eeg.set,250.0
54,PZ,100.42638397216797,572.893798828125,2.1087448596954346,False,False,sub-008,sub-008_ses-01_task-WorkingMemory_run-4_eeg.set,250.0
55,P2,60.42901611328125,277.89990234375,0.6814382672309875,False,False,sub-008,sub-008_ses-01_task-WorkingMemory_run-4_eeg.set,250.0
56,P4,47.62373733520508,252.50306701660156,0.2244817614555359,False,False,sub-008,sub-008_ses-01_task-WorkingMemory_run-4_eeg.set,250.0
57,P6,40.10213088989258,214.89622497558594,-0.04392685368657112,False,False,sub-008,sub-008_ses-01_task-WorkingMemory_run-4_eeg.set,250.0
58,P8,40.68458557128906,204.6398162841797,-0.023141948506236076,False,False,sub-008,sub-008_ses-01_task-WorkingMemory_run-4_eeg.set,250.0
59,PO9,78.5844497680664,411.72161865234375,1.329315185546875,False,False,sub-008,sub-008_ses-01_task-WorkingMemory_run-4_eeg.set,250.0
60,PO7,65.95893096923828,371.18438720703125,0.8787733316421509,False,False,sub-008,sub-008_ses-01_task-WorkingMemory_run-4_eeg.set,250.0
61,PO3,42.510093688964844,198.77899169921875,0.04200132563710213,False,False,sub-008,sub-008_ses-01_task-WorkingMemory_run-4_eeg.set,250.0
62,POZ,39.56459045410156,190.964599609375,-0.06310898810625076,False,False,sub-008,sub-008_ses-01_task-WorkingMemory_run-4_eeg.set,250.0
63,PO4,41.782493591308594,198.7790069580078,0.016036909073591232,False,False,sub-008,sub-008_ses-01_task-WorkingMemory_run-4_eeg.set,250.0
64,PO8,40.04072570800781,188.0341796875,-0.04611809551715851,False,False,sub-008,sub-008_ses-01_task-WorkingMemory_run-4_eeg.set,250.0
65,PO10,103.25057220458984,475.21368408203125,2.2095260620117188,False,False,sub-008,sub-008_ses-01_task-WorkingMemory_run-4_eeg.set,250.0
66,O1,55.88802719116211,286.69110107421875,0.5193930268287659,False,False,sub-008,sub-008_ses-01_task-WorkingMemory_run-4_eeg.set,250.0
67,OZ,88.214111328125,488.888916015625,1.6729496717453003,False,False,sub-008,sub-008_ses-01_task-WorkingMemory_run-4_eeg.set,250.0
68,O2,72.45123291015625,352.6251525878906,1.1104512214660645,False,False,sub-008,sub-008_ses-01_task-WorkingMemory_run-4_eeg.set,250.0
69,LEYE,64.93956756591797,335.5311584472656,0.8423973321914673,False,False,sub-008,sub-008_ses-01_task-WorkingMemory_run-4_eeg.set,250.0
70,REYE,77.59696197509766,426.862060546875,1.2940765619277954,False,False,sub-008,sub-008_ses-01_task-WorkingMemory_run-4_eeg.set,250.0
0,FP1,15.78442096710205,76.19047546386719,-0.7054576873779297,False,False,sub-009,sub-009_ses-01_task-WorkingMemory_run-1_eeg.set,250.0
1,FPZ,15.106759071350098,73.26007080078125,-0.919274628162384,False,False,sub-009,sub-009_ses-01_task-WorkingMemory_run-1_eeg.set,250.0
2,FP2,14.74494743347168,73.26007080078125,-1.0334339141845703,False,False,sub-009,sub-009_ses-01_task-WorkingMemory_run-1_eeg.set,250.0
3,AF7,18.984174728393555,98.16850280761719,0.30413347482681274,False,False,sub-009,sub-009_ses-01_task-WorkingMemory_run-1_eeg.set,250.0
4,AF3,15.07502555847168,72.28327178955078,-0.9292871356010437,False,False,sub-009,sub-009_ses-01_task-WorkingMemory_run-1_eeg.set,250.0
5,AFZ,14.973973274230957,72.77167510986328,-0.9611713290214539,False,False,sub-009,sub-009_ses-01_task-WorkingMemory_run-1_eeg.set,250.0
6,AF4,49.111751556396484,290.5982971191406,9.81003189086914,False,True,sub-009,sub-009_ses-01_task-WorkingMemory_run-1_eeg.set,250.0
7,AF8,17.055179595947266,84.0048828125,-0.30450597405433655,False,False,sub-009,sub-009_ses-01_task-WorkingMemory_run-1_eeg.set,250.0
8,F9,16.4743595123291,79.12088012695312,-0.4877672493457794,False,False,sub-009,sub-009_ses-01_task-WorkingMemory_run-1_eeg.set,250.0
9,F7,26.60911750793457,145.05496215820312,2.7099668979644775,False,False,sub-009,sub-009_ses-01_task-WorkingMemory_run-1_eeg.set,250.0
10,F5,17.7421875,88.4004898071289,-0.0877402201294899,False,False,sub-009,sub-009_ses-01_task-WorkingMemory_run-1_eeg.set,250.0
11,F3,15.696542739868164,75.21367645263672,-0.7331851124763489,False,False,sub-009,sub-009_ses-01_task-WorkingMemory_run-1_eeg.set,250.0
12,F1,17.430984497070312,83.51648712158203,-0.18593145906925201,False,False,sub-009,sub-009_ses-01_task-WorkingMemory_run-1_eeg.set,250.0
13,FZ,16.62424087524414,81.07447814941406,-0.4404764175415039,False,False,sub-009,sub-009_ses-01_task-WorkingMemory_run-1_eeg.set,250.0
14,F2,15.98038387298584,76.67887878417969,-0.6436271667480469,False,False,sub-009,sub-009_ses-01_task-WorkingMemory_run-1_eeg.set,250.0
15,F4,26.18797492980957,147.6434783935547,2.57708740234375,False,False,sub-009,sub-009_ses-01_task-WorkingMemory_run-1_eeg.set,250.0
16,F6,17.048933029174805,87.42369079589844,-0.3064769208431244,False,False,sub-009,sub-009_ses-01_task-WorkingMemory_run-1_eeg.set,250.0
17,F8,16.33040428161621,80.0976791381836,-0.5331881642341614,False,False,sub-009,sub-009_ses-01_task-WorkingMemory_run-1_eeg.set,250.0
18,F10,16.293235778808594,79.12088012695312,-0.5449156761169434,False,False,sub-009,sub-009_ses-01_task-WorkingMemory_run-1_eeg.set,250.0
19,FT9,16.173952102661133,79.12088012695312,-0.5825522541999817,False,False,sub-009,sub-009_ses-01_task-WorkingMemory_run-1_eeg.set,250.0
20,FT7,18.34618377685547,92.79609680175781,0.10283359885215759,False,False,sub-009,sub-009_ses-01_task-WorkingMemory_run-1_eeg.set,250.0
21,FC5,15.732463836669922,74.23687744140625,-0.7218512296676636,False,False,sub-009,sub-009_ses-01_task-WorkingMemory_run-1_eeg.set,250.0
22,FC3,15.473268508911133,73.74847412109375,-0.8036329746246338,False,False,sub-009,sub-009_ses-01_task-WorkingMemory_run-1_eeg.set,250.0
23,FC1,25.880172729492188,150.42735290527344,2.4799692630767822,False,False,sub-009,sub-009_ses-01_task-WorkingMemory_run-1_eeg.set,250.0
24,FCZ,15.016260147094727,72.28327941894531,-0.9478289484977722,False,False,sub-009,sub-009_ses-01_task-WorkingMemory_run-1_eeg.set,250.0
25,FC2,16.381866455078125,78.14408111572266,-0.516950786113739,False,False,sub-009,sub-009_ses-01_task-WorkingMemory_run-1_eeg.set,250.0
26,FC4,17.823562622070312,88.88888549804688,-0.06206461787223816,False,False,sub-009,sub-009_ses-01_task-WorkingMemory_run-1_eeg.set,250.0
27,FC6,17.501617431640625,84.981689453125,-0.16364525258541107,False,False,sub-009,sub-009_ses-01_task-WorkingMemory_run-1_eeg.set,250.0
28,FT8,15.204154968261719,72.28327178955078,-0.8885440826416016,False,False,sub-009,sub-009_ses-01_task-WorkingMemory_run-1_eeg.set,250.0
29,FT10,23.25063705444336,118.68132019042969,1.6502940654754639,False,False,sub-009,sub-009_ses-01_task-WorkingMemory_run-1_eeg.set,250.0
30,T7,19.40286636352539,92.30769348144531,0.43623968958854675,False,False,sub-009,sub-009_ses-01_task-WorkingMemory_run-1_eeg.set,250.0
31,C5,22.087921142578125,106.47130584716797,1.2834322452545166,False,False,sub-009,sub-009_ses-01_task-WorkingMemory_run-1_eeg.set,250.0
32,C3,17.792034149169922,84.0048828125,-0.0720125287771225,False,False,sub-009,sub-009_ses-01_task-WorkingMemory_run-1_eeg.set,250.0
33,C1,18.25066375732422,86.44688415527344,0.07269497960805893,False,False,sub-009,sub-009_ses-01_task-WorkingMemory_run-1_eeg.set,250.0
34,CZ,17.906396865844727,84.98168182373047,-0.0359286293387413,False,False,sub-009,sub-009_ses-01_task-WorkingMemory_run-1_eeg.set,250.0
35,C2,18.49019432067871,88.4004898071289,0.14827202260494232,False,False,sub-009,sub-009_ses-01_task-WorkingMemory_run-1_eeg.set,250.0
36,C4,33.758758544921875,183.1501922607422,4.965832710266113,False,False,sub-009,sub-009_ses-01_task-WorkingMemory_run-1_eeg.set,250.0
37,C6,29.06436538696289,156.7765655517578,3.4846506118774414,False,False,sub-009,sub-009_ses-01_task-WorkingMemory_run-1_eeg.set,250.0
38,T8,18.020267486572266,87.91209411621094,0.0,False,False,sub-009,sub-009_ses-01_task-WorkingMemory_run-1_eeg.set,250.0
39,TP9,22.706077575683594,109.89010620117188,1.4784739017486572,False,False,sub-009,sub-009_ses-01_task-WorkingMemory_run-1_eeg.set,250.0
40,TP7,17.472850799560547,83.02808380126953,-0.172721728682518,False,False,sub-009,sub-009_ses-01_task-WorkingMemory_run-1_eeg.set,250.0
41,CP5,18.235111236572266,87.0818099975586,0.06778782606124878,False,False,sub-009,sub-009_ses-01_task-WorkingMemory_run-1_eeg.set,250.0
42,CP3,17.781686782836914,84.4932861328125,-0.07527734339237213,False,False,sub-009,sub-009_ses-01_task-WorkingMemory_run-1_eeg.set,250.0
43,CP1,17.74925422668457,84.98168182373047,-0.08551051467657089,False,False,sub-009,sub-009_ses-01_task-WorkingMemory_run-1_eeg.set,250.0
44,CPZ,17.90150260925293,85.47008514404297,-0.03747287392616272,False,False,sub-009,sub-009_ses-01_task-WorkingMemory_run-1_eeg.set,250.0
45,CP2,18.54486656188965,88.88888549804688,0.16552229225635529,False,False,sub-009,sub-009_ses-01_task-WorkingMemory_run-1_eeg.set,250.0
46,CP4,29.08352279663086,158.24176025390625,3.490694999694824,False,False,sub-009,sub-009_ses-01_task-WorkingMemory_run-1_eeg.set,250.0
47,CP6,27.805885314941406,145.05494689941406,3.0875728130340576,False,False,sub-009,sub-009_ses-01_task-WorkingMemory_run-1_eeg.set,250.0
48,TP8,20.4185848236084,97.19170379638672,0.7567207217216492,False,False,sub-009,sub-009_ses-01_task-WorkingMemory_run-1_eeg.set,250.0
49,TP10,29.698720932006836,160.1953582763672,3.6848032474517822,False,False,sub-009,sub-009_ses-01_task-WorkingMemory_run-1_eeg.set,250.0
50,P7,29.649795532226562,140.65933227539062,3.6693663597106934,False,False,sub-009,sub-009_ses-01_task-WorkingMemory_run-1_eeg.set,250.0
51,P5,39.1860466003418,207.08181762695312,6.678258419036865,False,True,sub-009,sub-009_ses-01_task-WorkingMemory_run-1_eeg.set,250.0
52,P3,54.693145751953125,298.4127197265625,11.571081161499023,False,True,sub-009,sub-009_ses-01_task-WorkingMemory_run-1_eeg.set,250.0
53,P1,30.55768394470215,150.91575622558594,3.955824851989746,False,False,sub-009,sub-009_ses-01_task-WorkingMemory_run-1_eeg.set,250.0
54,PZ,18.519378662109375,86.44689178466797,0.15748031437397003,False,False,sub-009,sub-009_ses-01_task-WorkingMemory_run-1_eeg.set,250.0
55,P2,17.184030532836914,80.5860824584961,-0.26385074853897095,False,False,sub-009,sub-009_ses-01_task-WorkingMemory_run-1_eeg.set,250.0
56,P4,18.385372161865234,88.88888549804688,0.11519838124513626,False,False,sub-009,sub-009_ses-01_task-WorkingMemory_run-1_eeg.set,250.0
57,P6,16.6104793548584,78.14408111572266,-0.44481849670410156,False,False,sub-009,sub-009_ses-01_task-WorkingMemory_run-1_eeg.set,250.0
58,P8,45.707679748535156,259.3406677246094,8.735974311828613,False,True,sub-009,sub-009_ses-01_task-WorkingMemory_run-1_eeg.set,250.0
59,PO9,17.274707794189453,83.5164794921875,-0.23524010181427002,False,False,sub-009,sub-009_ses-01_task-WorkingMemory_run-1_eeg.set,250.0
60,PO7,15.668900489807129,74.72528076171875,-0.7419068813323975,False,False,sub-009,sub-009_ses-01_task-WorkingMemory_run-1_eeg.set,250.0
61,PO3,67.37672424316406,442.4908447265625,15.573022842407227,False,True,sub-009,sub-009_ses-01_task-WorkingMemory_run-1_eeg.set,250.0
62,POZ,37.232051849365234,231.50184631347656,6.061731338500977,False,True,sub-009,sub-009_ses-01_task-WorkingMemory_run-1_eeg.set,250.0
63,PO4,15.882536888122559,76.19047546386719,-0.6744999885559082,False,False,sub-009,sub-009_ses-01_task-WorkingMemory_run-1_eeg.set,250.0
64,PO8,23.83689308166504,132.84494018554688,1.8352705240249634,False,False,sub-009,sub-009_ses-01_task-WorkingMemory_run-1_eeg.set,250.0
65,PO10,22.587995529174805,114.43223571777344,1.4412164688110352,False,False,sub-009,sub-009_ses-01_task-WorkingMemory_run-1_eeg.set,250.0
66,O1,15.997410774230957,77.16727447509766,-0.6382548213005066,False,False,sub-009,sub-009_ses-01_task-WorkingMemory_run-1_eeg.set,250.0
67,OZ,50.30478286743164,264.22467041015625,10.1864595413208,False,True,sub-009,sub-009_ses-01_task-WorkingMemory_run-1_eeg.set,250.0
68,O2,31.467693328857422,105.4945068359375,4.242952346801758,False,False,sub-009,sub-009_ses-01_task-WorkingMemory_run-1_eeg.set,250.0
69,LEYE,18.889602661132812,98.65689849853516,0.2742939591407776,False,False,sub-009,sub-009_ses-01_task-WorkingMemory_run-1_eeg.set,250.0
70,REYE,18.627614974975586,93.77289581298828,0.19163119792938232,False,False,sub-009,sub-009_ses-01_task-WorkingMemory_run-1_eeg.set,250.0
0,FP1,30.899232864379883,176.80099487304688,4.200558662414551,False,False,sub-009,sub-009_ses-01_task-WorkingMemory_run-2_eeg.set,250.0
1,FPZ,18.892053604125977,99.63370513916016,0.196116641163826,False,False,sub-009,sub-009_ses-01_task-WorkingMemory_run-2_eeg.set,250.0
2,FP2,16.57204818725586,79.60928344726562,-0.5776143670082092,False,False,sub-009,sub-009_ses-01_task-WorkingMemory_run-2_eeg.set,250.0
3,AF7,19.254785537719727,99.14530181884766,0.31708917021751404,False,False,sub-009,sub-009_ses-01_task-WorkingMemory_run-2_eeg.set,250.0
4,AF3,15.983609199523926,78.14407348632812,-0.7738610506057739,False,False,sub-009,sub-009_ses-01_task-WorkingMemory_run-2_eeg.set,250.0
5,AFZ,15.967681884765625,79.12088012695312,-0.7791728377342224,False,False,sub-009,sub-009_ses-01_task-WorkingMemory_run-2_eeg.set,250.0
6,AF4,23.602245330810547,134.7985382080078,1.766984224319458,False,False,sub-009,sub-009_ses-01_task-WorkingMemory_run-2_eeg.set,250.0
7,AF8,15.943105697631836,77.65567779541016,-0.7873691320419312,False,False,sub-009,sub-009_ses-01_task-WorkingMemory_run-2_eeg.set,250.0
8,F9,16.282882690429688,79.60928344726562,-0.6740521788597107,False,False,sub-009,sub-009_ses-01_task-WorkingMemory_run-2_eeg.set,250.0
9,F7,15.984270095825195,76.67887878417969,-0.7736406326293945,False,False,sub-009,sub-009_ses-01_task-WorkingMemory_run-2_eeg.set,250.0
10,F5,16.807315826416016,81.07447814941406,-0.49915164709091187,False,False,sub-009,sub-009_ses-01_task-WorkingMemory_run-2_eeg.set,250.0
11,F3,20.93303680419922,104.02931213378906,0.8767926096916199,False,False,sub-009,sub-009_ses-01_task-WorkingMemory_run-2_eeg.set,250.0
12,F1,16.674320220947266,81.56288146972656,-0.5435062050819397,False,False,sub-009,sub-009_ses-01_task-WorkingMemory_run-2_eeg.set,250.0
13,FZ,16.657133102416992,81.5921859741211,-0.5492381453514099,False,False,sub-009,sub-009_ses-01_task-WorkingMemory_run-2_eeg.set,250.0
14,F2,16.379907608032227,80.5860824584961,-0.6416939496994019,False,False,sub-009,sub-009_ses-01_task-WorkingMemory_run-2_eeg.set,250.0
15,F4,17.39495277404785,91.81929779052734,-0.30317240953445435,False,False,sub-009,sub-009_ses-01_task-WorkingMemory_run-2_eeg.set,250.0
16,F6,16.14756202697754,76.67887878417969,-0.7191821932792664,False,False,sub-009,sub-009_ses-01_task-WorkingMemory_run-2_eeg.set,250.0
17,F8,15.916062355041504,75.24298095703125,-0.7963882088661194,False,False,sub-009,sub-009_ses-01_task-WorkingMemory_run-2_eeg.set,250.0
18,F10,18.304004669189453,93.77289581298828,0.0,False,False,sub-009,sub-009_ses-01_task-WorkingMemory_run-2_eeg.set,250.0
19,FT9,22.297090530395508,112.82051086425781,1.3317099809646606,False,False,sub-009,sub-009_ses-01_task-WorkingMemory_run-2_eeg.set,250.0
20,FT7,17.25140953063965,82.53968048095703,-0.3510446548461914,False,False,sub-009,sub-009_ses-01_task-WorkingMemory_run-2_eeg.set,250.0
21,FC5,19.376380920410156,93.28449249267578,0.35764169692993164,False,False,sub-009,sub-009_ses-01_task-WorkingMemory_run-2_eeg.set,250.0
22,FC3,29.526912689208984,172.40538024902344,3.7428841590881348,False,False,sub-009,sub-009_ses-01_task-WorkingMemory_run-2_eeg.set,250.0
23,FC1,16.72353172302246,81.07447814941406,-0.5270939469337463,False,False,sub-009,sub-009_ses-01_task-WorkingMemory_run-2_eeg.set,250.0
24,FCZ,21.609214782714844,108.91331481933594,1.1023006439208984,False,False,sub-009,sub-009_ses-01_task-WorkingMemory_run-2_eeg.set,250.0
25,FC2,19.71923065185547,95.72650146484375,0.4719834625720978,False,False,sub-009,sub-009_ses-01_task-WorkingMemory_run-2_eeg.set,250.0
26,FC4,16.563838958740234,78.63248443603516,-0.5803521275520325,False,False,sub-009,sub-009_ses-01_task-WorkingMemory_run-2_eeg.set,250.0
27,FC6,16.81105613708496,79.60928344726562,-0.4979042410850525,False,False,sub-009,sub-009_ses-01_task-WorkingMemory_run-2_eeg.set,250.0
28,FT8,18.582731246948242,92.30769348144531,0.09295640885829926,False,False,sub-009,sub-009_ses-01_task-WorkingMemory_run-2_eeg.set,250.0
29,FT10,18.896465301513672,94.74970245361328,0.1975879669189453,False,False,sub-009,sub-009_ses-01_task-WorkingMemory_run-2_eeg.set,250.0
30,T7,33.16147232055664,187.05738830566406,4.955023765563965,False,False,sub-009,sub-009_ses-01_task-WorkingMemory_run-2_eeg.set,250.0
31,C5,17.035478591918945,81.0744857788086,-0.4230584502220154,False,False,sub-009,sub-009_ses-01_task-WorkingMemory_run-2_eeg.set,250.0
32,C3,17.587400436401367,85.95848846435547,-0.23899035155773163,False,False,sub-009,sub-009_ses-01_task-WorkingMemory_run-2_eeg.set,250.0
33,C1,16.893856048583984,81.0744857788086,-0.4702901542186737,False,False,sub-009,sub-009_ses-01_task-WorkingMemory_run-2_eeg.set,250.0
34,CZ,17.925458908081055,89.37728881835938,-0.12624649703502655,False,False,sub-009,sub-009_ses-01_task-WorkingMemory_run-2_eeg.set,250.0
35,C2,31.01795196533203,171.9755859375,4.240151882171631,False,False,sub-009,sub-009_ses-01_task-WorkingMemory_run-2_eeg.set,250.0
36,C4,20.50667381286621,93.77289581298828,0.7345988750457764,False,False,sub-009,sub-009_ses-01_task-WorkingMemory_run-2_eeg.set,250.0
37,C6,18.611671447753906,96.21489715576172,0.1026080921292305,False,False,sub-009,sub-009_ses-01_task-WorkingMemory_run-2_eeg.set,250.0
38,T8,19.231212615966797,93.77289581298828,0.30922749638557434,False,False,sub-009,sub-009_ses-01_task-WorkingMemory_run-2_eeg.set,250.0
39,TP9,16.371797561645508,80.12699127197266,-0.6443986892700195,False,False,sub-009,sub-009_ses-01_task-WorkingMemory_run-2_eeg.set,250.0
40,TP7,16.78798484802246,79.60928344726562,-0.5055986046791077,False,False,sub-009,sub-009_ses-01_task-WorkingMemory_run-2_eeg.set,250.0
41,CP5,16.850540161132812,79.12088012695312,-0.4847361743450165,False,False,sub-009,sub-009_ses-01_task-WorkingMemory_run-2_eeg.set,250.0
42,CP3,16.583263397216797,79.60928344726562,-0.5738740563392639,False,False,sub-009,sub-009_ses-01_task-WorkingMemory_run-2_eeg.set,250.0
43,CP1,16.725387573242188,80.0976791381836,-0.5264750719070435,False,False,sub-009,sub-009_ses-01_task-WorkingMemory_run-2_eeg.set,250.0
44,CPZ,22.184432983398438,118.68132781982422,1.2941381931304932,False,False,sub-009,sub-009_ses-01_task-WorkingMemory_run-2_eeg.set,250.0
45,CP2,16.58295249938965,78.14408111572266,-0.5739777088165283,False,False,sub-009,sub-009_ses-01_task-WorkingMemory_run-2_eeg.set,250.0
46,CP4,16.217992782592773,78.63247680664062,-0.6956931948661804,False,False,sub-009,sub-009_ses-01_task-WorkingMemory_run-2_eeg.set,250.0
47,CP6,15.630030632019043,75.70207214355469,-0.8917809128761292,False,False,sub-009,sub-009_ses-01_task-WorkingMemory_run-2_eeg.set,250.0
48,TP8,15.10091495513916,72.28327178955078,-1.068243145942688,False,False,sub-009,sub-009_ses-01_task-WorkingMemory_run-2_eeg.set,250.0
49,TP10,16.5578556060791,80.58607482910156,-0.5823476314544678,False,False,sub-009,sub-009_ses-01_task-WorkingMemory_run-2_eeg.set,250.0
50,P7,61.63582992553711,418.5885314941406,14.451334953308105,False,True,sub-009,sub-009_ses-01_task-WorkingMemory_run-2_eeg.set,250.0
51,P5,17.336549758911133,78.14408111572266,-0.3226500153541565,False,False,sub-009,sub-009_ses-01_task-WorkingMemory_run-2_eeg.set,250.0
52,P3,34.72231674194336,187.54580688476562,5.475571632385254,False,False,sub-009,sub-009_ses-01_task-WorkingMemory_run-2_eeg.set,250.0
53,P1,25.498870849609375,115.26251220703125,2.3995163440704346,False,False,sub-009,sub-009_ses-01_task-WorkingMemory_run-2_eeg.set,250.0
54,PZ,15.799323081970215,76.19048309326172,-0.8353211879730225,False,False,sub-009,sub-009_ses-01_task-WorkingMemory_run-2_eeg.set,250.0
55,P2,58.65625762939453,357.5091552734375,13.457635879516602,False,True,sub-009,sub-009_ses-01_task-WorkingMemory_run-2_eeg.set,250.0
56,P4,40.15971374511719,259.82904052734375,7.288965225219727,False,True,sub-009,sub-009_ses-01_task-WorkingMemory_run-2_eeg.set,250.0
57,P6,16.281539916992188,77.19658660888672,-0.6744999885559082,False,False,sub-009,sub-009_ses-01_task-WorkingMemory_run-2_eeg.set,250.0
58,P8,19.22599983215332,93.28449249267578,0.3074890375137329,False,False,sub-009,sub-009_ses-01_task-WorkingMemory_run-2_eeg.set,250.0
59,PO9,20.259000778198242,86.44689178466797,0.6519989371299744,False,False,sub-009,sub-009_ses-01_task-WorkingMemory_run-2_eeg.set,250.0
60,PO7,16.277389526367188,79.12088012695312,-0.6758841872215271,False,False,sub-009,sub-009_ses-01_task-WorkingMemory_run-2_eeg.set,250.0
61,PO3,18.40309715270996,87.42369079589844,0.03304773569107056,False,False,sub-009,sub-009_ses-01_task-WorkingMemory_run-2_eeg.set,250.0
62,POZ,21.050691604614258,92.79609680175781,0.9160309433937073,False,False,sub-009,sub-009_ses-01_task-WorkingMemory_run-2_eeg.set,250.0
63,PO4,312.25311279296875,793.1624145507812,98.03318786621094,False,True,sub-009,sub-009_ses-01_task-WorkingMemory_run-2_eeg.set,250.0
64,PO8,175.23265075683594,718.4371337890625,52.336326599121094,False,True,sub-009,sub-009_ses-01_task-WorkingMemory_run-2_eeg.set,250.0
65,PO10,102.40673065185547,866.910888671875,28.0485897064209,False,True,sub-009,sub-009_ses-01_task-WorkingMemory_run-2_eeg.set,250.0
66,O1,90.56094360351562,734.5543823242188,24.097976684570312,False,True,sub-009,sub-009_ses-01_task-WorkingMemory_run-2_eeg.set,250.0
67,OZ,48.34113311767578,387.3016052246094,10.017500877380371,False,True,sub-009,sub-009_ses-01_task-WorkingMemory_run-2_eeg.set,250.0
68,O2,46.6357421875,358.974365234375,9.448746681213379,False,True,sub-009,sub-009_ses-01_task-WorkingMemory_run-2_eeg.set,250.0
69,LEYE,32.65559387207031,259.8583679199219,4.786312103271484,False,False,sub-009,sub-009_ses-01_task-WorkingMemory_run-2_eeg.set,250.0
70,REYE,23.48182487487793,118.19291687011719,1.7268235683441162,False,False,sub-009,sub-009_ses-01_task-WorkingMemory_run-2_eeg.set,250.0
0,FP1,17.576793670654297,86.93528747558594,0.48257601261138916,False,False,sub-009,sub-009_ses-01_task-WorkingMemory_run-3_eeg.set,250.0
1,FPZ,15.247593879699707,74.23687744140625,-1.1421871185302734,False,False,sub-009,sub-009_ses-01_task-WorkingMemory_run-3_eeg.set,250.0
2,FP2,15.868163108825684,78.63247680664062,-0.7093011140823364,False,False,sub-009,sub-009_ses-01_task-WorkingMemory_run-3_eeg.set,250.0
3,AF7,16.026363372802734,78.63247680664062,-0.5989464521408081,False,False,sub-009,sub-009_ses-01_task-WorkingMemory_run-3_eeg.set,250.0
4,AF3,15.082562446594238,73.26007080078125,-1.2573069334030151,False,False,sub-009,sub-009_ses-01_task-WorkingMemory_run-3_eeg.set,250.0
5,AFZ,17.991853713989258,92.79609680175781,0.7721064686775208,False,False,sub-009,sub-009_ses-01_task-WorkingMemory_run-3_eeg.set,250.0
6,AF4,15.35373306274414,75.70207977294922,-1.0681483745574951,False,False,sub-009,sub-009_ses-01_task-WorkingMemory_run-3_eeg.set,250.0
7,AF8,15.387365341186523,74.23687744140625,-1.0446877479553223,False,False,sub-009,sub-009_ses-01_task-WorkingMemory_run-3_eeg.set,250.0
8,F9,16.253400802612305,80.09768676757812,-0.4405736029148102,False,False,sub-009,sub-009_ses-01_task-WorkingMemory_run-3_eeg.set,250.0
9,F7,15.228743553161621,73.74847412109375,-1.1553363800048828,False,False,sub-009,sub-009_ses-01_task-WorkingMemory_run-3_eeg.set,250.0
10,F5,15.262236595153809,73.26007843017578,-1.1319729089736938,False,False,sub-009,sub-009_ses-01_task-WorkingMemory_run-3_eeg.set,250.0
11,F3,16.709339141845703,81.56288146972656,-0.12252798676490784,False,False,sub-009,sub-009_ses-01_task-WorkingMemory_run-3_eeg.set,250.0
12,F1,24.544960021972656,127.4725341796875,5.3433098793029785,False,False,sub-009,sub-009_ses-01_task-WorkingMemory_run-3_eeg.set,250.0
13,FZ,15.599857330322266,76.19047546386719,-0.8964611887931824,False,False,sub-009,sub-009_ses-01_task-WorkingMemory_run-3_eeg.set,250.0
14,F2,16.43151092529297,79.60928344726562,-0.31633061170578003,False,False,sub-009,sub-009_ses-01_task-WorkingMemory_run-3_eeg.set,250.0
15,F4,16.328393936157227,78.63247680664062,-0.38826119899749756,False,False,sub-009,sub-009_ses-01_task-WorkingMemory_run-3_eeg.set,250.0
16,F6,16.11111831665039,77.16728210449219,-0.5398245453834534,False,False,sub-009,sub-009_ses-01_task-WorkingMemory_run-3_eeg.set,250.0
17,F8,16.586467742919922,80.0976791381836,-0.20823851227760315,False,False,sub-009,sub-009_ses-01_task-WorkingMemory_run-3_eeg.set,250.0
18,F10,15.854742050170898,75.70207977294922,-0.7186631560325623,False,False,sub-009,sub-009_ses-01_task-WorkingMemory_run-3_eeg.set,250.0
19,FT9,16.522451400756836,80.5860824584961,-0.25289392471313477,False,False,sub-009,sub-009_ses-01_task-WorkingMemory_run-3_eeg.set,250.0
20,FT7,16.267545700073242,77.65568542480469,-0.4307066798210144,False,False,sub-009,sub-009_ses-01_task-WorkingMemory_run-3_eeg.set,250.0
21,FC5,16.585899353027344,81.07447814941406,-0.20863498747348785,False,False,sub-009,sub-009_ses-01_task-WorkingMemory_run-3_eeg.set,250.0
22,FC3,17.653100967407227,83.02808380126953,0.5358051657676697,False,False,sub-009,sub-009_ses-01_task-WorkingMemory_run-3_eeg.set,250.0
23,FC1,16.417463302612305,78.63247680664062,-0.3261297047138214,False,False,sub-009,sub-009_ses-01_task-WorkingMemory_run-3_eeg.set,250.0
24,FCZ,16.71934700012207,80.5860824584961,-0.11554688215255737,False,False,sub-009,sub-009_ses-01_task-WorkingMemory_run-3_eeg.set,250.0
25,FC2,17.420373916625977,84.98168182373047,0.3734634220600128,False,False,sub-009,sub-009_ses-01_task-WorkingMemory_run-3_eeg.set,250.0
26,FC4,16.876638412475586,82.05127716064453,-0.005826239474117756,False,False,sub-009,sub-009_ses-01_task-WorkingMemory_run-3_eeg.set,250.0
27,FC6,16.884990692138672,83.02808380126953,0.0,False,False,sub-009,sub-009_ses-01_task-WorkingMemory_run-3_eeg.set,250.0
28,FT8,20.982011795043945,106.47130584716797,2.8579294681549072,False,False,sub-009,sub-009_ses-01_task-WorkingMemory_run-3_eeg.set,250.0
29,FT10,15.949289321899414,77.16727447509766,-0.652710497379303,False,False,sub-009,sub-009_ses-01_task-WorkingMemory_run-3_eeg.set,250.0
30,T7,16.647775650024414,79.60928344726562,-0.1654723882675171,False,False,sub-009,sub-009_ses-01_task-WorkingMemory_run-3_eeg.set,250.0
31,C5,16.98777961730957,83.51648712158203,0.07170173525810242,False,False,sub-009,sub-009_ses-01_task-WorkingMemory_run-3_eeg.set,250.0
32,C3,17.119384765625,82.53968048095703,0.16350458562374115,False,False,sub-009,sub-009_ses-01_task-WorkingMemory_run-3_eeg.set,250.0
33,C1,21.633996963500977,108.91331481933594,3.312730073928833,False,False,sub-009,sub-009_ses-01_task-WorkingMemory_run-3_eeg.set,250.0
34,CZ,16.188154220581055,77.16727447509766,-0.4860871732234955,False,False,sub-009,sub-009_ses-01_task-WorkingMemory_run-3_eeg.set,250.0
35,C2,15.918052673339844,76.19047546386719,-0.6744999885559082,False,False,sub-009,sub-009_ses-01_task-WorkingMemory_run-3_eeg.set,250.0
36,C4,17.94314193725586,89.37728881835938,0.7381269335746765,False,False,sub-009,sub-009_ses-01_task-WorkingMemory_run-3_eeg.set,250.0
37,C6,15.756976127624512,76.67887878417969,-0.786861002445221,False,False,sub-009,sub-009_ses-01_task-WorkingMemory_run-3_eeg.set,250.0
38,T8,17.369295120239258,84.981689453125,0.3378327786922455,False,False,sub-009,sub-009_ses-01_task-WorkingMemory_run-3_eeg.set,250.0
39,TP9,28.192808151245117,161.1721649169922,7.887912750244141,False,True,sub-009,sub-009_ses-01_task-WorkingMemory_run-3_eeg.set,250.0
40,TP7,15.538561820983887,74.23687744140625,-0.9392186403274536,False,False,sub-009,sub-009_ses-01_task-WorkingMemory_run-3_eeg.set,250.0
41,CP5,16.338571548461914,79.60928344726562,-0.3811616897583008,False,False,sub-009,sub-009_ses-01_task-WorkingMemory_run-3_eeg.set,250.0
42,CP3,17.315446853637695,85.47008514404297,0.3002702295780182,False,False,sub-009,sub-009_ses-01_task-WorkingMemory_run-3_eeg.set,250.0
43,CP1,16.336984634399414,78.63248443603516,-0.38226863741874695,False,False,sub-009,sub-009_ses-01_task-WorkingMemory_run-3_eeg.set,250.0
44,CPZ,17.44935417175293,84.981689453125,0.3936789631843567,False,False,sub-009,sub-009_ses-01_task-WorkingMemory_run-3_eeg.set,250.0
45,CP2,17.930587768554688,84.4932861328125,0.7293696403503418,False,False,sub-009,sub-009_ses-01_task-WorkingMemory_run-3_eeg.set,250.0
46,CP4,16.064266204833984,79.12088012695312,-0.5725069046020508,False,False,sub-009,sub-009_ses-01_task-WorkingMemory_run-3_eeg.set,250.0
47,CP6,16.585702896118164,82.05128479003906,-0.20877203345298767,False,False,sub-009,sub-009_ses-01_task-WorkingMemory_run-3_eeg.set,250.0
48,TP8,16.997312545776367,83.02808380126953,0.07835154235363007,False,False,sub-009,sub-009_ses-01_task-WorkingMemory_run-3_eeg.set,250.0
49,TP10,17.55726432800293,84.4932861328125,0.46895307302474976,False,False,sub-009,sub-009_ses-01_task-WorkingMemory_run-3_eeg.set,250.0
50,P7,17.106966018676758,84.0048828125,0.15484172105789185,False,False,sub-009,sub-009_ses-01_task-WorkingMemory_run-3_eeg.set,250.0
51,P5,15.878897666931152,77.16728210449219,-0.7018130421638489,False,False,sub-009,sub-009_ses-01_task-WorkingMemory_run-3_eeg.set,250.0
52,P3,16.431934356689453,79.12088012695312,-0.3160352408885956,False,False,sub-009,sub-009_ses-01_task-WorkingMemory_run-3_eeg.set,250.0
53,P1,16.231103897094727,78.14408111572266,-0.4561270773410797,False,False,sub-009,sub-009_ses-01_task-WorkingMemory_run-3_eeg.set,250.0
54,PZ,18.74810028076172,93.77289581298828,1.299635887145996,False,False,sub-009,sub-009_ses-01_task-WorkingMemory_run-3_eeg.set,250.0
55,P2,47.01036834716797,282.2955017089844,21.01434326171875,False,True,sub-009,sub-009_ses-01_task-WorkingMemory_run-3_eeg.set,250.0
56,P4,56.79604721069336,301.8315124511719,27.840469360351562,False,True,sub-009,sub-009_ses-01_task-WorkingMemory_run-3_eeg.set,250.0
57,P6,19.527297973632812,93.28450012207031,1.8431752920150757,False,False,sub-009,sub-009_ses-01_task-WorkingMemory_run-3_eeg.set,250.0
58,P8,20.18779945373535,102.0757064819336,2.3039166927337646,False,False,sub-009,sub-009_ses-01_task-WorkingMemory_run-3_eeg.set,250.0
59,PO9,18.04991340637207,86.93528747558594,0.8126067519187927,False,False,sub-009,sub-009_ses-01_task-WorkingMemory_run-3_eeg.set,250.0
60,PO7,17.0111083984375,82.05128479003906,0.08797502517700195,False,False,sub-009,sub-009_ses-01_task-WorkingMemory_run-3_eeg.set,250.0
61,PO3,109.97035217285156,418.5494384765625,64.9328842163086,False,True,sub-009,sub-009_ses-01_task-WorkingMemory_run-3_eeg.set,250.0
62,POZ,134.1519775390625,547.9853515625,81.80108642578125,False,True,sub-009,sub-009_ses-01_task-WorkingMemory_run-3_eeg.set,250.0
63,PO4,118.78931427001953,992.820556640625,71.08466339111328,False,True,sub-009,sub-009_ses-01_task-WorkingMemory_run-3_eeg.set,250.0
64,PO8,88.01151275634766,594.871826171875,49.61521911621094,False,True,sub-009,sub-009_ses-01_task-WorkingMemory_run-3_eeg.set,250.0
65,PO10,62.685325622558594,386.8034362792969,31.9486083984375,False,True,sub-009,sub-009_ses-01_task-WorkingMemory_run-3_eeg.set,250.0
66,O1,90.2590560913086,491.33087158203125,51.183021545410156,False,True,sub-009,sub-009_ses-01_task-WorkingMemory_run-3_eeg.set,250.0
67,OZ,55.66422653198242,253.4798583984375,27.05095100402832,False,True,sub-009,sub-009_ses-01_task-WorkingMemory_run-3_eeg.set,250.0
68,O2,40.64540100097656,192.4298095703125,16.574377059936523,False,True,sub-009,sub-009_ses-01_task-WorkingMemory_run-3_eeg.set,250.0
69,LEYE,25.632848739624023,111.83395385742188,6.102180480957031,False,True,sub-009,sub-009_ses-01_task-WorkingMemory_run-3_eeg.set,250.0
70,REYE,25.217025756835938,131.86813354492188,5.812117576599121,False,False,sub-009,sub-009_ses-01_task-WorkingMemory_run-3_eeg.set,250.0
0,FP1,29.99848747253418,170.940185546875,12.741397857666016,False,True,sub-009,sub-009_ses-01_task-WorkingMemory_run-4_eeg.set,250.0
1,FPZ,16.612272262573242,90.84249114990234,-0.49381083250045776,False,False,sub-009,sub-009_ses-01_task-WorkingMemory_run-4_eeg.set,250.0
2,FP2,19.231348037719727,105.98291015625,2.095719814300537,False,False,sub-009,sub-009_ses-01_task-WorkingMemory_run-4_eeg.set,250.0
3,AF7,17.16659164428711,87.9120864868164,0.054255396127700806,False,False,sub-009,sub-009_ses-01_task-WorkingMemory_run-4_eeg.set,250.0
4,AF3,17.072105407714844,91.33089447021484,-0.039164964109659195,False,False,sub-009,sub-009_ses-01_task-WorkingMemory_run-4_eeg.set,250.0
5,AFZ,16.99953842163086,88.88888549804688,-0.11091334372758865,False,False,sub-009,sub-009_ses-01_task-WorkingMemory_run-4_eeg.set,250.0
6,AF4,16.25184440612793,78.14407348632812,-0.850172758102417,False,False,sub-009,sub-009_ses-01_task-WorkingMemory_run-4_eeg.set,250.0
7,AF8,14.870890617370605,71.30647277832031,-2.215548515319824,False,False,sub-009,sub-009_ses-01_task-WorkingMemory_run-4_eeg.set,250.0
8,F9,37.306522369384766,242.7350616455078,19.96699333190918,False,True,sub-009,sub-009_ses-01_task-WorkingMemory_run-4_eeg.set,250.0
9,F7,46.21167755126953,264.22467041015625,28.771690368652344,False,True,sub-009,sub-009_ses-01_task-WorkingMemory_run-4_eeg.set,250.0
10,F5,21.37018394470215,99.63370513916016,4.210427761077881,False,False,sub-009,sub-009_ses-01_task-WorkingMemory_run-4_eeg.set,250.0
11,F3,16.658981323242188,79.12088775634766,-0.4476287066936493,False,False,sub-009,sub-009_ses-01_task-WorkingMemory_run-4_eeg.set,250.0
12,F1,19.40791130065918,114.77412414550781,2.270291328430176,False,False,sub-009,sub-009_ses-01_task-WorkingMemory_run-4_eeg.set,250.0
13,FZ,17.268049240112305,89.86569213867188,0.15456847846508026,False,False,sub-009,sub-009_ses-01_task-WorkingMemory_run-4_eeg.set,250.0
14,F2,16.32551383972168,78.14408111572266,-0.777334451675415,False,False,sub-009,sub-009_ses-01_task-WorkingMemory_run-4_eeg.set,250.0
15,F4,19.785245895385742,103.75581359863281,2.643369197845459,False,False,sub-009,sub-009_ses-01_task-WorkingMemory_run-4_eeg.set,250.0
16,F6,16.2862606048584,80.0976791381836,-0.8161448836326599,False,False,sub-009,sub-009_ses-01_task-WorkingMemory_run-4_eeg.set,250.0
17,F8,18.31699562072754,102.0757064819336,1.191681981086731,False,False,sub-009,sub-009_ses-01_task-WorkingMemory_run-4_eeg.set,250.0
18,F10,21.631223678588867,141.14773559570312,4.468523025512695,False,False,sub-009,sub-009_ses-01_task-WorkingMemory_run-4_eeg.set,250.0
19,FT9,17.40774154663086,89.86569213867188,0.292684942483902,False,False,sub-009,sub-009_ses-01_task-WorkingMemory_run-4_eeg.set,250.0
20,FT7,15.555686950683594,75.21367645263672,-1.5384771823883057,False,False,sub-009,sub-009_ses-01_task-WorkingMemory_run-4_eeg.set,250.0
21,FC5,21.14716911315918,134.03663635253906,3.989928722381592,False,False,sub-009,sub-009_ses-01_task-WorkingMemory_run-4_eeg.set,250.0
22,FC3,20.511852264404297,123.5653305053711,3.361778974533081,False,False,sub-009,sub-009_ses-01_task-WorkingMemory_run-4_eeg.set,250.0
23,FC1,16.142671585083008,78.14407348632812,-0.9581140875816345,False,False,sub-009,sub-009_ses-01_task-WorkingMemory_run-4_eeg.set,250.0
24,FCZ,19.162555694580078,98.16850280761719,2.0277035236358643,False,False,sub-009,sub-009_ses-01_task-WorkingMemory_run-4_eeg.set,250.0
25,FC2,17.46455192565918,87.91209411621094,0.3488544523715973,False,False,sub-009,sub-009_ses-01_task-WorkingMemory_run-4_eeg.set,250.0
26,FC4,23.836585998535156,156.7765655517578,6.649007320404053,False,True,sub-009,sub-009_ses-01_task-WorkingMemory_run-4_eeg.set,250.0
27,FC6,18.6688175201416,110.86691284179688,1.5395350456237793,False,False,sub-009,sub-009_ses-01_task-WorkingMemory_run-4_eeg.set,250.0
28,FT8,17.47108268737793,90.84249114990234,0.3553115427494049,False,False,sub-009,sub-009_ses-01_task-WorkingMemory_run-4_eeg.set,250.0
29,FT10,18.758207321166992,98.65690612792969,1.6279164552688599,False,False,sub-009,sub-009_ses-01_task-WorkingMemory_run-4_eeg.set,250.0
30,T7,17.679973602294922,91.33088684082031,0.5618460178375244,False,False,sub-009,sub-009_ses-01_task-WorkingMemory_run-4_eeg.set,250.0
31,C5,16.797348022460938,82.53968048095703,-0.31082287430763245,False,False,sub-009,sub-009_ses-01_task-WorkingMemory_run-4_eeg.set,250.0
32,C3,17.483638763427734,84.981689453125,0.36772599816322327,False,False,sub-009,sub-009_ses-01_task-WorkingMemory_run-4_eeg.set,250.0
33,C1,16.906461715698242,83.5164794921875,-0.20294007658958435,False,False,sub-009,sub-009_ses-01_task-WorkingMemory_run-4_eeg.set,250.0
34,CZ,16.915449142456055,81.56288146972656,-0.1940540373325348,False,False,sub-009,sub-009_ses-01_task-WorkingMemory_run-4_eeg.set,250.0
35,C2,17.111717224121094,82.53968811035156,0.0,False,False,sub-009,sub-009_ses-01_task-WorkingMemory_run-4_eeg.set,250.0
36,C4,16.624841690063477,81.07447814941406,-0.48138320446014404,False,False,sub-009,sub-009_ses-01_task-WorkingMemory_run-4_eeg.set,250.0
37,C6,16.567367553710938,79.60928344726562,-0.5382089614868164,False,False,sub-009,sub-009_ses-01_task-WorkingMemory_run-4_eeg.set,250.0
38,T8,15.84764289855957,75.21367645263672,-1.2498146295547485,False,False,sub-009,sub-009_ses-01_task-WorkingMemory_run-4_eeg.set,250.0
39,TP9,17.038570404052734,82.05128479003906,-0.07232166826725006,False,False,sub-009,sub-009_ses-01_task-WorkingMemory_run-4_eeg.set,250.0
40,TP7,16.76152801513672,80.0976791381836,-0.34623879194259644,False,False,sub-009,sub-009_ses-01_task-WorkingMemory_run-4_eeg.set,250.0
41,CP5,15.452202796936035,73.74848175048828,-1.640793800354004,False,False,sub-009,sub-009_ses-01_task-WorkingMemory_run-4_eeg.set,250.0
42,CP3,16.120149612426758,76.19047546386719,-0.980381965637207,False,False,sub-009,sub-009_ses-01_task-WorkingMemory_run-4_eeg.set,250.0
43,CP1,17.793912887573242,84.98168182373047,0.6744999885559082,False,False,sub-009,sub-009_ses-01_task-WorkingMemory_run-4_eeg.set,250.0
44,CPZ,16.209932327270508,78.63247680664062,-0.8916120529174805,False,False,sub-009,sub-009_ses-01_task-WorkingMemory_run-4_eeg.set,250.0
45,CP2,18.658111572265625,90.84249114990234,1.5289499759674072,False,False,sub-009,sub-009_ses-01_task-WorkingMemory_run-4_eeg.set,250.0
46,CP4,21.04608726501465,110.86691284179688,3.8899874687194824,False,False,sub-009,sub-009_ses-01_task-WorkingMemory_run-4_eeg.set,250.0
47,CP6,16.049091339111328,76.67887878417969,-1.0506386756896973,False,False,sub-009,sub-009_ses-01_task-WorkingMemory_run-4_eeg.set,250.0
48,TP8,17.538833618164062,85.47008514404297,0.4222981929779053,False,False,sub-009,sub-009_ses-01_task-WorkingMemory_run-4_eeg.set,250.0
49,TP10,18.414491653442383,89.86569213867188,1.2880781888961792,False,False,sub-009,sub-009_ses-01_task-WorkingMemory_run-4_eeg.set,250.0
50,P7,16.57747459411621,79.6092758178711,-0.5282159447669983,False,False,sub-009,sub-009_ses-01_task-WorkingMemory_run-4_eeg.set,250.0
51,P5,17.22564125061035,84.0048828125,0.11263888329267502,False,False,sub-009,sub-009_ses-01_task-WorkingMemory_run-4_eeg.set,250.0
52,P3,16.42204475402832,79.12088012695312,-0.681892454624176,False,False,sub-009,sub-009_ses-01_task-WorkingMemory_run-4_eeg.set,250.0
53,P1,16.578065872192383,79.6092758178711,-0.5276313424110413,False,False,sub-009,sub-009_ses-01_task-WorkingMemory_run-4_eeg.set,250.0
54,PZ,16.88095474243164,80.5860824584961,-0.22815930843353271,False,False,sub-009,sub-009_ses-01_task-WorkingMemory_run-4_eeg.set,250.0
55,P2,16.274288177490234,78.63247680664062,-0.8279821872711182,False,False,sub-009,sub-009_ses-01_task-WorkingMemory_run-4_eeg.set,250.0
56,P4,17.032878875732422,82.05128479003906,-0.07794899493455887,False,False,sub-009,sub-009_ses-01_task-WorkingMemory_run-4_eeg.set,250.0
57,P6,17.59575843811035,84.981689453125,0.47858086228370667,False,False,sub-009,sub-009_ses-01_task-WorkingMemory_run-4_eeg.set,250.0
58,P8,16.37491226196289,78.14408111572266,-0.7284932732582092,False,False,sub-009,sub-009_ses-01_task-WorkingMemory_run-4_eeg.set,250.0
59,PO9,17.52836799621582,85.47008514404297,0.41195064783096313,False,False,sub-009,sub-009_ses-01_task-WorkingMemory_run-4_eeg.set,250.0
60,PO7,16.956602096557617,82.05128479003906,-0.15336531400680542,False,False,sub-009,sub-009_ses-01_task-WorkingMemory_run-4_eeg.set,250.0
61,PO3,16.79105567932129,81.0744857788086,-0.3170442581176758,False,False,sub-009,sub-009_ses-01_task-WorkingMemory_run-4_eeg.set,250.0
62,POZ,16.526824951171875,78.63247680664062,-0.5782942175865173,False,False,sub-009,sub-009_ses-01_task-WorkingMemory_run-4_eeg.set,250.0
63,PO4,16.969085693359375,82.05127716064453,-0.14102254807949066,False,False,sub-009,sub-009_ses-01_task-WorkingMemory_run-4_eeg.set,250.0
64,PO8,16.650604248046875,79.60928344726562,-0.4559112787246704,False,False,sub-009,sub-009_ses-01_task-WorkingMemory_run-4_eeg.set,250.0
65,PO10,17.049686431884766,83.51648712158203,-0.06133103743195534,False,False,sub-009,sub-009_ses-01_task-WorkingMemory_run-4_eeg.set,250.0
66,O1,17.183246612548828,84.0048828125,0.07072248309850693,False,False,sub-009,sub-009_ses-01_task-WorkingMemory_run-4_eeg.set,250.0
67,OZ,18.397323608398438,89.86569213867188,1.2711037397384644,False,False,sub-009,sub-009_ses-01_task-WorkingMemory_run-4_eeg.set,250.0
68,O2,18.291269302368164,89.3772964477539,1.1662458181381226,False,False,sub-009,sub-009_ses-01_task-WorkingMemory_run-4_eeg.set,250.0
69,LEYE,17.789104461669922,87.9120864868164,0.6697458028793335,False,False,sub-009,sub-009_ses-01_task-WorkingMemory_run-4_eeg.set,250.0
70,REYE,19.561986923217773,95.23809814453125,2.422628879547119,False,False,sub-009,sub-009_ses-01_task-WorkingMemory_run-4_eeg.set,250.0
0,FP1,36.7189826965332,226.61782836914062,1.5528337955474854,False,False,sub-010,sub-010_ses-01_task-WorkingMemory_run-1_eeg.set,250.0
1,FPZ,25.85774040222168,157.75335693359375,0.1552252471446991,False,False,sub-010,sub-010_ses-01_task-WorkingMemory_run-1_eeg.set,250.0
2,FP2,42.02861022949219,292.5519104003906,2.2360687255859375,False,False,sub-010,sub-010_ses-01_task-WorkingMemory_run-1_eeg.set,250.0
3,AF7,56.43696975708008,382.906005859375,4.090115070343018,False,False,sub-010,sub-010_ses-01_task-WorkingMemory_run-1_eeg.set,250.0
4,AF3,55.86021041870117,435.65325927734375,4.015898704528809,False,False,sub-010,sub-010_ses-01_task-WorkingMemory_run-1_eeg.set,250.0
5,AFZ,41.613861083984375,326.73992919921875,2.18269944190979,False,False,sub-010,sub-010_ses-01_task-WorkingMemory_run-1_eeg.set,250.0
6,AF4,29.176101684570312,203.6630096435547,0.5822270512580872,False,False,sub-010,sub-010_ses-01_task-WorkingMemory_run-1_eeg.set,250.0
7,AF8,21.934843063354492,173.38217163085938,-0.34956738352775574,False,False,sub-010,sub-010_ses-01_task-WorkingMemory_run-1_eeg.set,250.0
8,F9,24.145111083984375,145.05494689941406,-0.06515336781740189,False,False,sub-010,sub-010_ses-01_task-WorkingMemory_run-1_eeg.set,250.0
9,F7,23.645458221435547,126.00732421875,-0.12944796681404114,False,False,sub-010,sub-010_ses-01_task-WorkingMemory_run-1_eeg.set,250.0
10,F5,25.491350173950195,152.38095092773438,0.10807868838310242,False,False,sub-010,sub-010_ses-01_task-WorkingMemory_run-1_eeg.set,250.0
11,F3,22.5806941986084,119.65812683105469,-0.26646021008491516,False,False,sub-010,sub-010_ses-01_task-WorkingMemory_run-1_eeg.set,250.0
12,F1,19.211576461791992,100.12210845947266,-0.6999933123588562,False,False,sub-010,sub-010_ses-01_task-WorkingMemory_run-1_eeg.set,250.0
13,FZ,16.095552444458008,84.0048828125,-1.1009587049484253,False,False,sub-010,sub-010_ses-01_task-WorkingMemory_run-1_eeg.set,250.0
14,F2,23.16975975036621,133.8217315673828,-0.19066013395786285,False,False,sub-010,sub-010_ses-01_task-WorkingMemory_run-1_eeg.set,250.0
15,F4,21.843807220458984,111.35531616210938,-0.36128172278404236,False,False,sub-010,sub-010_ses-01_task-WorkingMemory_run-1_eeg.set,250.0
16,F6,16.04397201538086,88.4004898071289,-1.1075959205627441,False,False,sub-010,sub-010_ses-01_task-WorkingMemory_run-1_eeg.set,250.0
17,F8,23.624557495117188,126.4957275390625,-0.13213743269443512,False,False,sub-010,sub-010_ses-01_task-WorkingMemory_run-1_eeg.set,250.0
18,F10,18.757173538208008,106.959716796875,-0.7584651708602905,False,False,sub-010,sub-010_ses-01_task-WorkingMemory_run-1_eeg.set,250.0
19,FT9,17.042612075805664,88.4004898071289,-0.9790924787521362,False,False,sub-010,sub-010_ses-01_task-WorkingMemory_run-1_eeg.set,250.0
20,FT7,20.285375595092773,97.19169616699219,-0.5618184208869934,False,False,sub-010,sub-010_ses-01_task-WorkingMemory_run-1_eeg.set,250.0
21,FC5,19.392854690551758,108.91331481933594,-0.6766666769981384,False,False,sub-010,sub-010_ses-01_task-WorkingMemory_run-1_eeg.set,250.0
22,FC3,20.67251968383789,163.1257781982422,-0.5120012760162354,False,False,sub-010,sub-010_ses-01_task-WorkingMemory_run-1_eeg.set,250.0
23,FC1,34.889442443847656,231.01344299316406,1.3174113035202026,False,False,sub-010,sub-010_ses-01_task-WorkingMemory_run-1_eeg.set,250.0
24,FCZ,22.54339599609375,145.54335021972656,-0.27125969529151917,False,False,sub-010,sub-010_ses-01_task-WorkingMemory_run-1_eeg.set,250.0
25,FC2,24.06996726989746,168.4981689453125,-0.07482276111841202,False,False,sub-010,sub-010_ses-01_task-WorkingMemory_run-1_eeg.set,250.0
26,FC4,35.78244400024414,300.854736328125,1.4323214292526245,False,False,sub-010,sub-010_ses-01_task-WorkingMemory_run-1_eeg.set,250.0
27,FC6,38.01369094848633,327.22833251953125,1.7194348573684692,False,False,sub-010,sub-010_ses-01_task-WorkingMemory_run-1_eeg.set,250.0
28,FT8,44.50444412231445,383.3943786621094,2.5546555519104004,False,False,sub-010,sub-010_ses-01_task-WorkingMemory_run-1_eeg.set,250.0
29,FT10,40.453033447265625,352.13677978515625,2.0333259105682373,False,False,sub-010,sub-010_ses-01_task-WorkingMemory_run-1_eeg.set,250.0
30,T7,38.04835510253906,298.901123046875,1.7238954305648804,False,False,sub-010,sub-010_ses-01_task-WorkingMemory_run-1_eeg.set,250.0
31,C5,30.640567779541016,213.05984497070312,0.7706723809242249,False,False,sub-010,sub-010_ses-01_task-WorkingMemory_run-1_eeg.set,250.0
32,C3,21.00348472595215,134.7985382080078,-0.46941322088241577,False,False,sub-010,sub-010_ses-01_task-WorkingMemory_run-1_eeg.set,250.0
33,C1,15.22553825378418,93.77289581298828,-1.212910771369934,False,False,sub-010,sub-010_ses-01_task-WorkingMemory_run-1_eeg.set,250.0
34,CZ,24.941591262817383,136.75213623046875,0.03733652085065842,False,False,sub-010,sub-010_ses-01_task-WorkingMemory_run-1_eeg.set,250.0
35,C2,17.732267379760742,120.63491821289062,-0.8903486132621765,False,False,sub-010,sub-010_ses-01_task-WorkingMemory_run-1_eeg.set,250.0
36,C4,19.237829208374023,125.03052520751953,-0.6966151595115662,False,False,sub-010,sub-010_ses-01_task-WorkingMemory_run-1_eeg.set,250.0
37,C6,24.651437759399414,150.4273681640625,0.0,False,False,sub-010,sub-010_ses-01_task-WorkingMemory_run-1_eeg.set,250.0
38,T8,17.48029899597168,109.8901138305664,-0.9227715730667114,False,False,sub-010,sub-010_ses-01_task-WorkingMemory_run-1_eeg.set,250.0
39,TP9,19.83936309814453,120.63492584228516,-0.6192106604576111,False,False,sub-010,sub-010_ses-01_task-WorkingMemory_run-1_eeg.set,250.0
40,TP7,28.282289505004883,184.61538696289062,0.46721261739730835,False,False,sub-010,sub-010_ses-01_task-WorkingMemory_run-1_eeg.set,250.0
41,CP5,29.096389770507812,196.4542236328125,0.5719698667526245,False,False,sub-010,sub-010_ses-01_task-WorkingMemory_run-1_eeg.set,250.0
42,CP3,36.306819915771484,292.18072509765625,1.4997973442077637,False,False,sub-010,sub-010_ses-01_task-WorkingMemory_run-1_eeg.set,250.0
43,CP1,36.2426872253418,292.0635070800781,1.4915448427200317,False,False,sub-010,sub-010_ses-01_task-WorkingMemory_run-1_eeg.set,250.0
44,CPZ,26.648515701293945,192.42979431152344,0.2569810450077057,False,False,sub-010,sub-010_ses-01_task-WorkingMemory_run-1_eeg.set,250.0
45,CP2,29.62492561340332,188.5225830078125,0.6399810910224915,False,False,sub-010,sub-010_ses-01_task-WorkingMemory_run-1_eeg.set,250.0
46,CP4,19.221145629882812,102.5641098022461,-0.6987619400024414,False,False,sub-010,sub-010_ses-01_task-WorkingMemory_run-1_eeg.set,250.0
47,CP6,15.378751754760742,72.77167510986328,-1.1931954622268677,False,False,sub-010,sub-010_ses-01_task-WorkingMemory_run-1_eeg.set,250.0
48,TP8,22.899486541748047,128.4493408203125,-0.22543849050998688,False,False,sub-010,sub-010_ses-01_task-WorkingMemory_run-1_eeg.set,250.0
49,TP10,16.808639526367188,115.75091552734375,-1.0091997385025024,False,False,sub-010,sub-010_ses-01_task-WorkingMemory_run-1_eeg.set,250.0
50,P7,21.07201385498047,134.7985382080078,-0.4605949819087982,False,False,sub-010,sub-010_ses-01_task-WorkingMemory_run-1_eeg.set,250.0
51,P5,26.785146713256836,175.82418823242188,0.2745625078678131,False,False,sub-010,sub-010_ses-01_task-WorkingMemory_run-1_eeg.set,250.0
52,P3,24.781272888183594,203.66299438476562,0.01670699380338192,False,False,sub-010,sub-010_ses-01_task-WorkingMemory_run-1_eeg.set,250.0
53,P1,27.92314338684082,215.87301635742188,0.4209982454776764,False,False,sub-010,sub-010_ses-01_task-WorkingMemory_run-1_eeg.set,250.0
54,PZ,28.5809383392334,244.20025634765625,0.505642294883728,False,False,sub-010,sub-010_ses-01_task-WorkingMemory_run-1_eeg.set,250.0
55,P2,29.8931827545166,256.4102783203125,0.6744999885559082,False,False,sub-010,sub-010_ses-01_task-WorkingMemory_run-1_eeg.set,250.0
56,P4,30.58155059814453,221.73382568359375,0.7630781531333923,False,False,sub-010,sub-010_ses-01_task-WorkingMemory_run-1_eeg.set,250.0
57,P6,19.048070907592773,124.54212951660156,-0.721032977104187,False,False,sub-010,sub-010_ses-01_task-WorkingMemory_run-1_eeg.set,250.0
58,P8,18.406648635864258,117.21612548828125,-0.8035702109336853,False,False,sub-010,sub-010_ses-01_task-WorkingMemory_run-1_eeg.set,250.0
59,PO9,29.453472137451172,193.89500427246094,0.6179186701774597,False,False,sub-010,sub-010_ses-01_task-WorkingMemory_run-1_eeg.set,250.0
60,PO7,30.941516876220703,272.0390930175781,0.8093980550765991,False,False,sub-010,sub-010_ses-01_task-WorkingMemory_run-1_eeg.set,250.0
61,PO3,35.05088806152344,283.2723083496094,1.3381859064102173,False,False,sub-010,sub-010_ses-01_task-WorkingMemory_run-1_eeg.set,250.0
62,POZ,34.27704620361328,245.66543579101562,1.2386090755462646,False,False,sub-010,sub-010_ses-01_task-WorkingMemory_run-1_eeg.set,250.0
63,PO4,22.28316879272461,160.19537353515625,-0.3047453463077545,False,False,sub-010,sub-010_ses-01_task-WorkingMemory_run-1_eeg.set,250.0
64,PO8,18.593067169189453,112.82051849365234,-0.779582142829895,False,False,sub-010,sub-010_ses-01_task-WorkingMemory_run-1_eeg.set,250.0
65,PO10,24.28493881225586,132.84494018554688,-0.04716053977608681,False,False,sub-010,sub-010_ses-01_task-WorkingMemory_run-1_eeg.set,250.0
66,O1,20.404354095458984,110.86691284179688,-0.5465084314346313,False,False,sub-010,sub-010_ses-01_task-WorkingMemory_run-1_eeg.set,250.0
67,OZ,24.72482681274414,162.14895629882812,0.009443595074117184,False,False,sub-010,sub-010_ses-01_task-WorkingMemory_run-1_eeg.set,250.0
68,O2,25.082050323486328,184.12698364257812,0.055410586297512054,False,False,sub-010,sub-010_ses-01_task-WorkingMemory_run-1_eeg.set,250.0
69,LEYE,24.558645248413086,180.21978759765625,-0.01194040384143591,False,False,sub-010,sub-010_ses-01_task-WorkingMemory_run-1_eeg.set,250.0
70,REYE,33.613731384277344,216.967041015625,1.1532546281814575,False,False,sub-010,sub-010_ses-01_task-WorkingMemory_run-1_eeg.set,250.0
0,FP1,26.386655807495117,156.1660614013672,0.8975675106048584,False,False,sub-010,sub-010_ses-01_task-WorkingMemory_run-2_eeg.set,250.0
1,FPZ,21.803754806518555,102.0757064819336,-0.12908387184143066,False,False,sub-010,sub-010_ses-01_task-WorkingMemory_run-2_eeg.set,250.0
2,FP2,20.764488220214844,100.12210083007812,-0.3618980646133423,False,False,sub-010,sub-010_ses-01_task-WorkingMemory_run-2_eeg.set,250.0
3,AF7,27.351512908935547,161.1721649169922,1.1137126684188843,False,False,sub-010,sub-010_ses-01_task-WorkingMemory_run-2_eeg.set,250.0
4,AF3,19.531116485595703,109.8901138305664,-0.638195276260376,False,False,sub-010,sub-010_ses-01_task-WorkingMemory_run-2_eeg.set,250.0
5,AFZ,20.576007843017578,118.19291687011719,-0.4041210412979126,False,False,sub-010,sub-010_ses-01_task-WorkingMemory_run-2_eeg.set,250.0
6,AF4,26.431900024414062,149.93896484375,0.9077029824256897,False,False,sub-010,sub-010_ses-01_task-WorkingMemory_run-2_eeg.set,250.0
7,AF8,19.369054794311523,108.9133071899414,-0.6744999289512634,False,False,sub-010,sub-010_ses-01_task-WorkingMemory_run-2_eeg.set,250.0
8,F9,17.79788589477539,108.42491149902344,-1.0264697074890137,False,False,sub-010,sub-010_ses-01_task-WorkingMemory_run-2_eeg.set,250.0
9,F7,21.971141815185547,128.44932556152344,-0.09158619493246078,False,False,sub-010,sub-010_ses-01_task-WorkingMemory_run-2_eeg.set,250.0
10,F5,18.338912963867188,91.33089447021484,-0.9052700400352478,False,False,sub-010,sub-010_ses-01_task-WorkingMemory_run-2_eeg.set,250.0
11,F3,21.349653244018555,107.93650817871094,-0.23081068694591522,False,False,sub-010,sub-010_ses-01_task-WorkingMemory_run-2_eeg.set,250.0
12,F1,24.437124252319336,132.35653686523438,0.4608377516269684,False,False,sub-010,sub-010_ses-01_task-WorkingMemory_run-2_eeg.set,250.0
13,FZ,20.44720458984375,117.21611785888672,-0.43297523260116577,False,False,sub-010,sub-010_ses-01_task-WorkingMemory_run-2_eeg.set,250.0
14,F2,23.34652328491211,150.42735290527344,0.21652372181415558,False,False,sub-010,sub-010_ses-01_task-WorkingMemory_run-2_eeg.set,250.0
15,F4,21.29709243774414,136.75213623046875,-0.24258525669574738,False,False,sub-010,sub-010_ses-01_task-WorkingMemory_run-2_eeg.set,250.0
16,F6,21.881248474121094,141.14773559570312,-0.1117238998413086,False,False,sub-010,sub-010_ses-01_task-WorkingMemory_run-2_eeg.set,250.0
17,F8,22.379976272583008,119.65812683105469,0.0,False,False,sub-010,sub-010_ses-01_task-WorkingMemory_run-2_eeg.set,250.0
18,F10,54.07598876953125,277.4114990234375,7.100470542907715,False,True,sub-010,sub-010_ses-01_task-WorkingMemory_run-2_eeg.set,250.0
19,FT9,18.22112274169922,104.5177001953125,-0.9316571950912476,False,False,sub-010,sub-010_ses-01_task-WorkingMemory_run-2_eeg.set,250.0
20,FT7,23.419593811035156,126.00732421875,0.23289282619953156,False,False,sub-010,sub-010_ses-01_task-WorkingMemory_run-2_eeg.set,250.0
21,FC5,20.4813175201416,115.26251220703125,-0.42533332109451294,False,False,sub-010,sub-010_ses-01_task-WorkingMemory_run-2_eeg.set,250.0
22,FC3,17.363649368286133,93.77289581298828,-1.1237465143203735,False,False,sub-010,sub-010_ses-01_task-WorkingMemory_run-2_eeg.set,250.0
23,FC1,23.14751434326172,131.86813354492188,0.17194218933582306,False,False,sub-010,sub-010_ses-01_task-WorkingMemory_run-2_eeg.set,250.0
24,FCZ,20.260568618774414,101.0988998413086,-0.4747850000858307,False,False,sub-010,sub-010_ses-01_task-WorkingMemory_run-2_eeg.set,250.0
25,FC2,19.943246841430664,104.51771545410156,-0.5458707809448242,False,False,sub-010,sub-010_ses-01_task-WorkingMemory_run-2_eeg.set,250.0
26,FC4,33.9920768737793,186.935302734375,2.6013171672821045,False,False,sub-010,sub-010_ses-01_task-WorkingMemory_run-2_eeg.set,250.0
27,FC6,19.97643280029297,135.77532958984375,-0.5384365320205688,False,False,sub-010,sub-010_ses-01_task-WorkingMemory_run-2_eeg.set,250.0
28,FT8,19.379165649414062,121.12332153320312,-0.6722349524497986,False,False,sub-010,sub-010_ses-01_task-WorkingMemory_run-2_eeg.set,250.0
29,FT10,20.441247940063477,103.54090881347656,-0.4343096613883972,False,False,sub-010,sub-010_ses-01_task-WorkingMemory_run-2_eeg.set,250.0
30,T7,17.403579711914062,91.33089447021484,-1.1148014068603516,False,False,sub-010,sub-010_ses-01_task-WorkingMemory_run-2_eeg.set,250.0
31,C5,23.255821228027344,126.984130859375,0.19620485603809357,False,False,sub-010,sub-010_ses-01_task-WorkingMemory_run-2_eeg.set,250.0
32,C3,34.896507263183594,181.6849822998047,2.8039257526397705,False,False,sub-010,sub-010_ses-01_task-WorkingMemory_run-2_eeg.set,250.0
33,C1,22.44809341430664,125.03052520751953,0.015259452164173126,False,False,sub-010,sub-010_ses-01_task-WorkingMemory_run-2_eeg.set,250.0
34,CZ,25.5781192779541,145.05494689941406,0.7164409160614014,False,False,sub-010,sub-010_ses-01_task-WorkingMemory_run-2_eeg.set,250.0
35,C2,22.099365234375,147.008544921875,-0.062861867249012,False,False,sub-010,sub-010_ses-01_task-WorkingMemory_run-2_eeg.set,250.0
36,C4,18.531879425048828,111.84371948242188,-0.8620421290397644,False,False,sub-010,sub-010_ses-01_task-WorkingMemory_run-2_eeg.set,250.0
37,C6,26.717243194580078,160.1953582763672,0.9716249704360962,False,False,sub-010,sub-010_ses-01_task-WorkingMemory_run-2_eeg.set,250.0
38,T8,21.464298248291016,131.86813354492188,-0.20512817800045013,False,False,sub-010,sub-010_ses-01_task-WorkingMemory_run-2_eeg.set,250.0
39,TP9,44.44534683227539,244.56655883789062,4.94303560256958,False,False,sub-010,sub-010_ses-01_task-WorkingMemory_run-2_eeg.set,250.0
40,TP7,40.779052734375,228.08303833007812,4.121720790863037,False,False,sub-010,sub-010_ses-01_task-WorkingMemory_run-2_eeg.set,250.0
41,CP5,25.3971004486084,135.7753448486328,0.6758894920349121,False,False,sub-010,sub-010_ses-01_task-WorkingMemory_run-2_eeg.set,250.0
42,CP3,25.902503967285156,146.03175354003906,0.7891088724136353,False,False,sub-010,sub-010_ses-01_task-WorkingMemory_run-2_eeg.set,250.0
43,CP1,24.37831687927246,145.05496215820312,0.4476638436317444,False,False,sub-010,sub-010_ses-01_task-WorkingMemory_run-2_eeg.set,250.0
44,CPZ,21.98977279663086,115.26252746582031,-0.0874125212430954,False,False,sub-010,sub-010_ses-01_task-WorkingMemory_run-2_eeg.set,250.0
45,CP2,36.058982849121094,184.12698364257812,3.0643410682678223,False,False,sub-010,sub-010_ses-01_task-WorkingMemory_run-2_eeg.set,250.0
46,CP4,24.23750877380371,139.1941375732422,0.416120320558548,False,False,sub-010,sub-010_ses-01_task-WorkingMemory_run-2_eeg.set,250.0
47,CP6,19.09811019897461,110.37850952148438,-0.7351963520050049,False,False,sub-010,sub-010_ses-01_task-WorkingMemory_run-2_eeg.set,250.0
48,TP8,57.46257019042969,345.2991638183594,7.85912561416626,False,True,sub-010,sub-010_ses-01_task-WorkingMemory_run-2_eeg.set,250.0
49,TP10,20.113290786743164,135.2869415283203,-0.5077778697013855,False,False,sub-010,sub-010_ses-01_task-WorkingMemory_run-2_eeg.set,250.0
50,P7,43.301979064941406,248.59585571289062,4.686901092529297,False,False,sub-010,sub-010_ses-01_task-WorkingMemory_run-2_eeg.set,250.0
51,P5,27.481525421142578,159.70697021484375,1.1428377628326416,False,False,sub-010,sub-010_ses-01_task-WorkingMemory_run-2_eeg.set,250.0
52,P3,21.243675231933594,129.42613220214844,-0.25455164909362793,False,False,sub-010,sub-010_ses-01_task-WorkingMemory_run-2_eeg.set,250.0
53,P1,43.08101272583008,234.920654296875,4.6374006271362305,False,False,sub-010,sub-010_ses-01_task-WorkingMemory_run-2_eeg.set,250.0
54,PZ,22.34093475341797,147.4969482421875,-0.008745994418859482,False,False,sub-010,sub-010_ses-01_task-WorkingMemory_run-2_eeg.set,250.0
55,P2,18.338668823242188,93.28450012207031,-0.9053247570991516,False,False,sub-010,sub-010_ses-01_task-WorkingMemory_run-2_eeg.set,250.0
56,P4,23.220857620239258,123.56532287597656,0.18837237358093262,False,False,sub-010,sub-010_ses-01_task-WorkingMemory_run-2_eeg.set,250.0
57,P6,25.02452278137207,113.30892181396484,0.5924254655838013,False,False,sub-010,sub-010_ses-01_task-WorkingMemory_run-2_eeg.set,250.0
58,P8,19.00050926208496,90.35408782958984,-0.757060706615448,False,False,sub-010,sub-010_ses-01_task-WorkingMemory_run-2_eeg.set,250.0
59,PO9,43.502220153808594,232.35653686523438,4.7317585945129395,False,False,sub-010,sub-010_ses-01_task-WorkingMemory_run-2_eeg.set,250.0
60,PO7,19.983713150024414,95.23809814453125,-0.5368055701255798,False,False,sub-010,sub-010_ses-01_task-WorkingMemory_run-2_eeg.set,250.0
61,PO3,18.52398109436035,95.72650146484375,-0.8638115525245667,False,False,sub-010,sub-010_ses-01_task-WorkingMemory_run-2_eeg.set,250.0
62,POZ,43.534061431884766,232.4786376953125,4.738891124725342,False,False,sub-010,sub-010_ses-01_task-WorkingMemory_run-2_eeg.set,250.0
63,PO4,30.025169372558594,212.4542236328125,1.712659239768982,False,False,sub-010,sub-010_ses-01_task-WorkingMemory_run-2_eeg.set,250.0
64,PO8,42.161643981933594,247.61904907226562,4.431445598602295,False,False,sub-010,sub-010_ses-01_task-WorkingMemory_run-2_eeg.set,250.0
65,PO10,36.57692337036133,261.78265380859375,3.1803689002990723,False,False,sub-010,sub-010_ses-01_task-WorkingMemory_run-2_eeg.set,250.0
66,O1,26.579822540283203,189.98779296875,0.9408403038978577,False,False,sub-010,sub-010_ses-01_task-WorkingMemory_run-2_eeg.set,250.0
67,OZ,38.228721618652344,212.942626953125,3.550400972366333,False,False,sub-010,sub-010_ses-01_task-WorkingMemory_run-2_eeg.set,250.0
68,O2,21.021526336669922,107.32601928710938,-0.3043169677257538,False,False,sub-010,sub-010_ses-01_task-WorkingMemory_run-2_eeg.set,250.0
69,LEYE,20.481523513793945,116.72772216796875,-0.4252872169017792,False,False,sub-010,sub-010_ses-01_task-WorkingMemory_run-2_eeg.set,250.0
70,REYE,44.631263732910156,264.71307373046875,4.984684467315674,False,False,sub-010,sub-010_ses-01_task-WorkingMemory_run-2_eeg.set,250.0
0,FP1,27.91391944885254,165.56777954101562,0.3010346591472626,False,False,sub-010,sub-010_ses-01_task-WorkingMemory_run-3_eeg.set,250.0
1,FPZ,28.664464950561523,217.48472595214844,0.38980838656425476,False,False,sub-010,sub-010_ses-01_task-WorkingMemory_run-3_eeg.set,250.0
2,FP2,31.098548889160156,255.4334716796875,0.6777093410491943,False,False,sub-010,sub-010_ses-01_task-WorkingMemory_run-3_eeg.set,250.0
3,AF7,38.105167388916016,293.5287170410156,1.506445050239563,False,False,sub-010,sub-010_ses-01_task-WorkingMemory_run-3_eeg.set,250.0
4,AF3,41.931339263916016,343.8339538574219,1.959000587463379,False,False,sub-010,sub-010_ses-01_task-WorkingMemory_run-3_eeg.set,250.0
5,AFZ,42.31913375854492,350.1831359863281,2.004868745803833,False,False,sub-010,sub-010_ses-01_task-WorkingMemory_run-3_eeg.set,250.0
6,AF4,43.6785774230957,367.76556396484375,2.1656622886657715,False,False,sub-010,sub-010_ses-01_task-WorkingMemory_run-3_eeg.set,250.0
7,AF8,35.58946228027344,272.0390930175781,1.2088899612426758,False,False,sub-010,sub-010_ses-01_task-WorkingMemory_run-3_eeg.set,250.0
8,F9,28.462017059326172,192.918212890625,0.36586305499076843,False,False,sub-010,sub-010_ses-01_task-WorkingMemory_run-3_eeg.set,250.0
9,F7,24.096723556518555,164.59097290039062,-0.15045934915542603,False,False,sub-010,sub-010_ses-01_task-WorkingMemory_run-3_eeg.set,250.0
10,F5,25.740999221801758,177.7777862548828,0.04402388632297516,False,False,sub-010,sub-010_ses-01_task-WorkingMemory_run-3_eeg.set,250.0
11,F3,26.893014907836914,197.3137969970703,0.18028312921524048,False,False,sub-010,sub-010_ses-01_task-WorkingMemory_run-3_eeg.set,250.0
12,F1,20.84410285949707,142.61294555664062,-0.5351759791374207,False,False,sub-010,sub-010_ses-01_task-WorkingMemory_run-3_eeg.set,250.0
13,FZ,23.893051147460938,150.91574096679688,-0.17454950511455536,False,False,sub-010,sub-010_ses-01_task-WorkingMemory_run-3_eeg.set,250.0
14,F2,26.883058547973633,182.17340087890625,0.1791055053472519,False,False,sub-010,sub-010_ses-01_task-WorkingMemory_run-3_eeg.set,250.0
15,F4,22.40643882751465,169.4749755859375,-0.35038450360298157,False,False,sub-010,sub-010_ses-01_task-WorkingMemory_run-3_eeg.set,250.0
16,F6,58.14653778076172,334.0659484863281,3.8769173622131348,False,False,sub-010,sub-010_ses-01_task-WorkingMemory_run-3_eeg.set,250.0
17,F8,19.164474487304688,115.26251220703125,-0.7338407039642334,False,False,sub-010,sub-010_ses-01_task-WorkingMemory_run-3_eeg.set,250.0
18,F10,23.554426193237305,140.6593475341797,-0.21460172533988953,False,False,sub-010,sub-010_ses-01_task-WorkingMemory_run-3_eeg.set,250.0
19,FT9,46.17348861694336,240.43955993652344,2.4607577323913574,False,False,sub-010,sub-010_ses-01_task-WorkingMemory_run-3_eeg.set,250.0
20,FT7,19.552234649658203,132.35653686523438,-0.6879768371582031,False,False,sub-010,sub-010_ses-01_task-WorkingMemory_run-3_eeg.set,250.0
21,FC5,32.27069091796875,169.96337890625,0.8163490891456604,False,False,sub-010,sub-010_ses-01_task-WorkingMemory_run-3_eeg.set,250.0
22,FC3,23.535587310791016,147.008544921875,-0.21682997047901154,False,False,sub-010,sub-010_ses-01_task-WorkingMemory_run-3_eeg.set,250.0
23,FC1,20.832168579101562,132.84494018554688,-0.5365875363349915,False,False,sub-010,sub-010_ses-01_task-WorkingMemory_run-3_eeg.set,250.0
24,FCZ,41.60463333129883,222.71063232421875,1.9203583002090454,False,False,sub-010,sub-010_ses-01_task-WorkingMemory_run-3_eeg.set,250.0
25,FC2,20.358808517456055,105.49451446533203,-0.5925760865211487,False,False,sub-010,sub-010_ses-01_task-WorkingMemory_run-3_eeg.set,250.0
26,FC4,19.49018669128418,98.16850280761719,-0.6953157782554626,False,False,sub-010,sub-010_ses-01_task-WorkingMemory_run-3_eeg.set,250.0
27,FC6,48.21707534790039,253.96826171875,2.7024710178375244,False,False,sub-010,sub-010_ses-01_task-WorkingMemory_run-3_eeg.set,250.0
28,FT8,18.090471267700195,90.35409545898438,-0.860872745513916,False,False,sub-010,sub-010_ses-01_task-WorkingMemory_run-3_eeg.set,250.0
29,FT10,18.984224319458008,94.26129150390625,-0.7551605105400085,False,False,sub-010,sub-010_ses-01_task-WorkingMemory_run-3_eeg.set,250.0
30,T7,37.87856674194336,198.2906036376953,1.4796428680419922,False,False,sub-010,sub-010_ses-01_task-WorkingMemory_run-3_eeg.set,250.0
31,C5,21.10491180419922,108.91331481933594,-0.5043277740478516,False,False,sub-010,sub-010_ses-01_task-WorkingMemory_run-3_eeg.set,250.0
32,C3,17.21071434020996,84.0048828125,-0.964929461479187,False,False,sub-010,sub-010_ses-01_task-WorkingMemory_run-3_eeg.set,250.0
33,C1,36.65069580078125,204.29794311523438,1.33441162109375,False,False,sub-010,sub-010_ses-01_task-WorkingMemory_run-3_eeg.set,250.0
34,CZ,19.666175842285156,101.5873031616211,-0.6744999885559082,False,False,sub-010,sub-010_ses-01_task-WorkingMemory_run-3_eeg.set,250.0
35,C2,19.542919158935547,109.40171813964844,-0.689078688621521,False,False,sub-010,sub-010_ses-01_task-WorkingMemory_run-3_eeg.set,250.0
36,C4,50.6900749206543,309.3040466308594,2.9949748516082764,False,False,sub-010,sub-010_ses-01_task-WorkingMemory_run-3_eeg.set,250.0
37,C6,23.01982879638672,156.77655029296875,-0.27783334255218506,False,False,sub-010,sub-010_ses-01_task-WorkingMemory_run-3_eeg.set,250.0
38,T8,28.27298355102539,209.03543090820312,0.343504399061203,False,False,sub-010,sub-010_ses-01_task-WorkingMemory_run-3_eeg.set,250.0
39,TP9,32.62294006347656,223.19903564453125,0.8580127954483032,False,False,sub-010,sub-010_ses-01_task-WorkingMemory_run-3_eeg.set,250.0
40,TP7,25.36879539489746,194.38339233398438,0.0,False,False,sub-010,sub-010_ses-01_task-WorkingMemory_run-3_eeg.set,250.0
41,CP5,23.88321304321289,169.96337890625,-0.17571315169334412,False,False,sub-010,sub-010_ses-01_task-WorkingMemory_run-3_eeg.set,250.0
42,CP3,25.358686447143555,148.962158203125,-0.001195675926283002,False,False,sub-010,sub-010_ses-01_task-WorkingMemory_run-3_eeg.set,250.0
43,CP1,18.552345275878906,92.79609680175781,-0.8062427043914795,False,False,sub-010,sub-010_ses-01_task-WorkingMemory_run-3_eeg.set,250.0
44,CPZ,34.35826873779297,189.98779296875,1.0632656812667847,False,False,sub-010,sub-010_ses-01_task-WorkingMemory_run-3_eeg.set,250.0
45,CP2,22.41982650756836,111.35531616210938,-0.34880101680755615,False,False,sub-010,sub-010_ses-01_task-WorkingMemory_run-3_eeg.set,250.0
46,CP4,15.250133514404297,77.16728210449219,-1.1968250274658203,False,False,sub-010,sub-010_ses-01_task-WorkingMemory_run-3_eeg.set,250.0
47,CP6,22.884967803955078,114.28572082519531,-0.29378458857536316,False,False,sub-010,sub-010_ses-01_task-WorkingMemory_run-3_eeg.set,250.0
48,TP8,32.21896743774414,173.38217163085938,0.8102313280105591,False,False,sub-010,sub-010_ses-01_task-WorkingMemory_run-3_eeg.set,250.0
49,TP10,19.081707000732422,89.86569213867188,-0.7436303496360779,False,False,sub-010,sub-010_ses-01_task-WorkingMemory_run-3_eeg.set,250.0
50,P7,31.034950256347656,168.009765625,0.6701869964599609,False,False,sub-010,sub-010_ses-01_task-WorkingMemory_run-3_eeg.set,250.0
51,P5,24.96623420715332,164.24908447265625,-0.04761452600359917,False,False,sub-010,sub-010_ses-01_task-WorkingMemory_run-3_eeg.set,250.0
52,P3,16.86581802368164,86.44689178466797,-1.005723476409912,False,False,sub-010,sub-010_ses-01_task-WorkingMemory_run-3_eeg.set,250.0
53,P1,35.444271087646484,200.73260498046875,1.1917169094085693,False,False,sub-010,sub-010_ses-01_task-WorkingMemory_run-3_eeg.set,250.0
54,PZ,23.441686630249023,176.8009796142578,-0.22793644666671753,False,False,sub-010,sub-010_ses-01_task-WorkingMemory_run-3_eeg.set,250.0
55,P2,33.33985900878906,232.4786376953125,0.9428092837333679,False,False,sub-010,sub-010_ses-01_task-WorkingMemory_run-3_eeg.set,250.0
56,P4,45.39008712768555,223.19903564453125,2.3680977821350098,False,False,sub-010,sub-010_ses-01_task-WorkingMemory_run-3_eeg.set,250.0
57,P6,17.454927444458008,106.95970916748047,-0.9360442161560059,False,False,sub-010,sub-010_ses-01_task-WorkingMemory_run-3_eeg.set,250.0
58,P8,23.702133178710938,142.12454223632812,-0.19713109731674194,False,False,sub-010,sub-010_ses-01_task-WorkingMemory_run-3_eeg.set,250.0
59,PO9,26.196455001831055,171.91697692871094,0.09789472818374634,False,False,sub-010,sub-010_ses-01_task-WorkingMemory_run-3_eeg.set,250.0
60,PO7,20.538188934326172,147.008544921875,-0.5713591575622559,False,False,sub-010,sub-010_ses-01_task-WorkingMemory_run-3_eeg.set,250.0
61,PO3,27.684846878051758,161.6605682373047,0.27394020557403564,False,False,sub-010,sub-010_ses-01_task-WorkingMemory_run-3_eeg.set,250.0
62,POZ,25.886672973632812,167.5213623046875,0.06125403195619583,False,False,sub-010,sub-010_ses-01_task-WorkingMemory_run-3_eeg.set,250.0
63,PO4,21.250272750854492,145.54335021972656,-0.4871346056461334,False,False,sub-010,sub-010_ses-01_task-WorkingMemory_run-3_eeg.set,250.0
64,PO8,28.694169998168945,181.19659423828125,0.3933219015598297,False,False,sub-010,sub-010_ses-01_task-WorkingMemory_run-3_eeg.set,250.0
65,PO10,26.244327545166016,167.52137756347656,0.1035570427775383,False,False,sub-010,sub-010_ses-01_task-WorkingMemory_run-3_eeg.set,250.0
66,O1,19.87598419189453,130.40293884277344,-0.6496840715408325,False,False,sub-010,sub-010_ses-01_task-WorkingMemory_run-3_eeg.set,250.0
67,OZ,35.24325942993164,189.98780822753906,1.1679414510726929,False,False,sub-010,sub-010_ses-01_task-WorkingMemory_run-3_eeg.set,250.0
68,O2,23.128915786743164,123.56532287597656,-0.2649306654930115,False,False,sub-010,sub-010_ses-01_task-WorkingMemory_run-3_eeg.set,250.0
69,LEYE,18.602476119995117,94.26129913330078,-0.8003132939338684,False,False,sub-010,sub-010_ses-01_task-WorkingMemory_run-3_eeg.set,250.0
70,REYE,35.5920524597168,209.52381896972656,1.2091963291168213,False,False,sub-010,sub-010_ses-01_task-WorkingMemory_run-3_eeg.set,250.0
0,FP1,42.345855712890625,218.80343627929688,2.869691848754883,False,False,sub-010,sub-010_ses-01_task-WorkingMemory_run-4_eeg.set,250.0
1,FPZ,19.946008682250977,101.0988998413086,-0.8439233303070068,False,False,sub-010,sub-010_ses-01_task-WorkingMemory_run-4_eeg.set,250.0
2,FP2,25.07816505432129,156.77655029296875,0.0069241514429450035,False,False,sub-010,sub-010_ses-01_task-WorkingMemory_run-4_eeg.set,250.0
3,AF7,28.588712692260742,183.15017700195312,0.5889291763305664,False,False,sub-010,sub-010_ses-01_task-WorkingMemory_run-4_eeg.set,250.0
4,AF3,31.398588180541992,208.54702758789062,1.0547714233398438,False,False,sub-010,sub-010_ses-01_task-WorkingMemory_run-4_eeg.set,250.0
5,AFZ,31.432588577270508,208.05862426757812,1.0604082345962524,False,False,sub-010,sub-010_ses-01_task-WorkingMemory_run-4_eeg.set,250.0
6,AF4,26.85529899597168,183.63858032226562,0.3015507757663727,False,False,sub-010,sub-010_ses-01_task-WorkingMemory_run-4_eeg.set,250.0
7,AF8,21.712108612060547,153.84616088867188,-0.5511260032653809,False,False,sub-010,sub-010_ses-01_task-WorkingMemory_run-4_eeg.set,250.0
8,F9,23.260583877563477,150.42735290527344,-0.2944081425666809,False,False,sub-010,sub-010_ses-01_task-WorkingMemory_run-4_eeg.set,250.0
9,F7,24.101470947265625,149.4505615234375,-0.1549995392560959,False,False,sub-010,sub-010_ses-01_task-WorkingMemory_run-4_eeg.set,250.0
10,F5,23.387142181396484,168.009765625,-0.273426353931427,False,False,sub-010,sub-010_ses-01_task-WorkingMemory_run-4_eeg.set,250.0
11,F3,24.660709381103516,140.6593475341797,-0.062284793704748154,False,False,sub-010,sub-010_ses-01_task-WorkingMemory_run-4_eeg.set,250.0
12,F1,25.391700744628906,134.7985382080078,0.058904457837343216,False,False,sub-010,sub-010_ses-01_task-WorkingMemory_run-4_eeg.set,250.0
13,FZ,26.122716903686523,165.07937622070312,0.1800978183746338,False,False,sub-010,sub-010_ses-01_task-WorkingMemory_run-4_eeg.set,250.0
14,F2,48.6573371887207,295.4822998046875,3.9160566329956055,False,False,sub-010,sub-010_ses-01_task-WorkingMemory_run-4_eeg.set,250.0
15,F4,22.631315231323242,117.70452117919922,-0.3987330198287964,False,False,sub-010,sub-010_ses-01_task-WorkingMemory_run-4_eeg.set,250.0
16,F6,24.463468551635742,133.33334350585938,-0.09498485922813416,False,False,sub-010,sub-010_ses-01_task-WorkingMemory_run-4_eeg.set,250.0
17,F8,48.19009780883789,259.3406677246094,3.838594436645508,False,False,sub-010,sub-010_ses-01_task-WorkingMemory_run-4_eeg.set,250.0
18,F10,23.87717056274414,173.38217163085938,-0.19218574464321136,False,False,sub-010,sub-010_ses-01_task-WorkingMemory_run-4_eeg.set,250.0
19,FT9,45.7862548828125,258.3638610839844,3.4400670528411865,False,False,sub-010,sub-010_ses-01_task-WorkingMemory_run-4_eeg.set,250.0
20,FT7,22.375669479370117,152.38095092773438,-0.4411158859729767,False,False,sub-010,sub-010_ses-01_task-WorkingMemory_run-4_eeg.set,250.0
21,FC5,21.80681037902832,148.962158203125,-0.5354256629943848,False,False,sub-010,sub-010_ses-01_task-WorkingMemory_run-4_eeg.set,250.0
22,FC3,38.09267807006836,225.15261840820312,2.1645679473876953,False,False,sub-010,sub-010_ses-01_task-WorkingMemory_run-4_eeg.set,250.0
23,FC1,39.113773345947266,207.08181762695312,2.333853006362915,False,False,sub-010,sub-010_ses-01_task-WorkingMemory_run-4_eeg.set,250.0
24,FCZ,22.55898094177246,147.9853515625,-0.4107251465320587,False,False,sub-010,sub-010_ses-01_task-WorkingMemory_run-4_eeg.set,250.0
25,FC2,31.99823570251465,193.89498901367188,1.1541855335235596,False,False,sub-010,sub-010_ses-01_task-WorkingMemory_run-4_eeg.set,250.0
26,FC4,24.15154457092285,144.07815551757812,-0.1466979682445526,False,False,sub-010,sub-010_ses-01_task-WorkingMemory_run-4_eeg.set,250.0
27,FC6,20.364988327026367,105.4945068359375,-0.7744617462158203,False,False,sub-010,sub-010_ses-01_task-WorkingMemory_run-4_eeg.set,250.0
28,FT8,29.492767333984375,160.19537353515625,0.738810122013092,False,False,sub-010,sub-010_ses-01_task-WorkingMemory_run-4_eeg.set,250.0
29,FT10,22.5390682220459,139.19415283203125,-0.4140264391899109,False,False,sub-010,sub-010_ses-01_task-WorkingMemory_run-4_eeg.set,250.0
30,T7,27.239099502563477,153.35775756835938,0.365180104970932,False,False,sub-010,sub-010_ses-01_task-WorkingMemory_run-4_eeg.set,250.0
31,C5,60.189720153808594,315.018310546875,5.827981948852539,False,False,sub-010,sub-010_ses-01_task-WorkingMemory_run-4_eeg.set,250.0
32,C3,20.967939376831055,108.9133071899414,-0.6744999885559082,False,False,sub-010,sub-010_ses-01_task-WorkingMemory_run-4_eeg.set,250.0
33,C1,21.538251876831055,144.07815551757812,-0.5799492597579956,False,False,sub-010,sub-010_ses-01_task-WorkingMemory_run-4_eeg.set,250.0
34,CZ,60.030250549316406,377.0451965332031,5.801543712615967,False,False,sub-010,sub-010_ses-01_task-WorkingMemory_run-4_eeg.set,250.0
35,C2,22.52907371520996,112.33211517333984,-0.415683388710022,False,False,sub-010,sub-010_ses-01_task-WorkingMemory_run-4_eeg.set,250.0
36,C4,24.00269317626953,133.8217315673828,-0.17137566208839417,False,False,sub-010,sub-010_ses-01_task-WorkingMemory_run-4_eeg.set,250.0
37,C6,42.35057067871094,234.43222045898438,2.8704733848571777,False,False,sub-010,sub-010_ses-01_task-WorkingMemory_run-4_eeg.set,250.0
38,T8,21.866018295288086,123.5653305053711,-0.5256096720695496,False,False,sub-010,sub-010_ses-01_task-WorkingMemory_run-4_eeg.set,250.0
39,TP9,31.697343826293945,177.7777862548828,1.1043013334274292,False,False,sub-010,sub-010_ses-01_task-WorkingMemory_run-4_eeg.set,250.0
40,TP7,28.161441802978516,155.7997589111328,0.5180929899215698,False,False,sub-010,sub-010_ses-01_task-WorkingMemory_run-4_eeg.set,250.0
41,CP5,18.33298683166504,95.72650146484375,-1.111342191696167,False,False,sub-010,sub-010_ses-01_task-WorkingMemory_run-4_eeg.set,250.0
42,CP3,33.814693450927734,188.23443603515625,1.455331563949585,False,False,sub-010,sub-010_ses-01_task-WorkingMemory_run-4_eeg.set,250.0
43,CP1,19.68613624572754,92.30769348144531,-0.887006938457489,False,False,sub-010,sub-010_ses-01_task-WorkingMemory_run-4_eeg.set,250.0
44,CPZ,19.020626068115234,95.23809814453125,-0.997340202331543,False,False,sub-010,sub-010_ses-01_task-WorkingMemory_run-4_eeg.set,250.0
45,CP2,27.924047470092773,176.31259155273438,0.47873595356941223,False,False,sub-010,sub-010_ses-01_task-WorkingMemory_run-4_eeg.set,250.0
46,CP4,23.622398376464844,148.4737548828125,-0.23442380130290985,False,False,sub-010,sub-010_ses-01_task-WorkingMemory_run-4_eeg.set,250.0
47,CP6,27.067567825317383,144.56654357910156,0.3367423117160797,False,False,sub-010,sub-010_ses-01_task-WorkingMemory_run-4_eeg.set,250.0
48,TP8,19.145038604736328,114.28572082519531,-0.9767141938209534,False,False,sub-010,sub-010_ses-01_task-WorkingMemory_run-4_eeg.set,250.0
49,TP10,19.374509811401367,122.5885238647461,-0.9386706948280334,False,False,sub-010,sub-010_ses-01_task-WorkingMemory_run-4_eeg.set,250.0
50,P7,55.17379379272461,336.996337890625,4.996403694152832,False,False,sub-010,sub-010_ses-01_task-WorkingMemory_run-4_eeg.set,250.0
51,P5,21.365041732788086,124.05372619628906,-0.6086653470993042,False,False,sub-010,sub-010_ses-01_task-WorkingMemory_run-4_eeg.set,250.0
52,P3,17.778841018676758,106.47130584716797,-1.2032126188278198,False,False,sub-010,sub-010_ses-01_task-WorkingMemory_run-4_eeg.set,250.0
53,P1,26.591066360473633,150.91575622558594,0.25774434208869934,False,False,sub-010,sub-010_ses-01_task-WorkingMemory_run-4_eeg.set,250.0
54,PZ,18.349199295043945,98.16850280761719,-1.1086543798446655,False,False,sub-010,sub-010_ses-01_task-WorkingMemory_run-4_eeg.set,250.0
55,P2,26.032634735107422,146.03173828125,0.1651633083820343,False,False,sub-010,sub-010_ses-01_task-WorkingMemory_run-4_eeg.set,250.0
56,P4,22.85110092163086,125.51893615722656,-0.3622952997684479,False,False,sub-010,sub-010_ses-01_task-WorkingMemory_run-4_eeg.set,250.0
57,P6,18.866607666015625,102.07569885253906,-1.0228745937347412,False,False,sub-010,sub-010_ses-01_task-WorkingMemory_run-4_eeg.set,250.0
58,P8,23.527423858642578,127.9609375,-0.25016939640045166,False,False,sub-010,sub-010_ses-01_task-WorkingMemory_run-4_eeg.set,250.0
59,PO9,18.500333786010742,89.37728881835938,-1.083598256111145,False,False,sub-010,sub-010_ses-01_task-WorkingMemory_run-4_eeg.set,250.0
60,PO7,19.93489646911621,107.93650817871094,-0.8457655906677246,False,False,sub-010,sub-010_ses-01_task-WorkingMemory_run-4_eeg.set,250.0
61,PO3,34.86940002441406,187.2576446533203,1.6301888227462769,False,False,sub-010,sub-010_ses-01_task-WorkingMemory_run-4_eeg.set,250.0
62,POZ,25.036399841308594,155.3113555908203,0.0,False,False,sub-010,sub-010_ses-01_task-WorkingMemory_run-4_eeg.set,250.0
63,PO4,40.92341613769531,308.18072509765625,2.633869171142578,False,False,sub-010,sub-010_ses-01_task-WorkingMemory_run-4_eeg.set,250.0
64,PO8,62.30527877807617,491.8193054199219,6.178715229034424,False,True,sub-010,sub-010_ses-01_task-WorkingMemory_run-4_eeg.set,250.0
65,PO10,60.21840286254883,519.8583984375,5.832737445831299,False,False,sub-010,sub-010_ses-01_task-WorkingMemory_run-4_eeg.set,250.0
66,O1,47.91447830200195,389.25518798828125,3.7929000854492188,False,False,sub-010,sub-010_ses-01_task-WorkingMemory_run-4_eeg.set,250.0
67,OZ,59.28123092651367,370.69598388671875,5.677365779876709,False,False,sub-010,sub-010_ses-01_task-WorkingMemory_run-4_eeg.set,250.0
68,O2,28.95586395263672,173.38217163085938,0.6497982144355774,False,False,sub-010,sub-010_ses-01_task-WorkingMemory_run-4_eeg.set,250.0
69,LEYE,21.443954467773438,105.00611114501953,-0.5955826044082642,False,False,sub-010,sub-010_ses-01_task-WorkingMemory_run-4_eeg.set,250.0
70,REYE,56.9844856262207,289.8217468261719,5.29659366607666,False,False,sub-010,sub-010_ses-01_task-WorkingMemory_run-4_eeg.set,250.0
0,FP1,16.051959991455078,85.95848846435547,0.09031534194946289,False,False,sub-011,sub-011_ses-01_task-WorkingMemory_run-1_eeg.set,250.0
1,FPZ,14.943053245544434,82.05128479003906,-1.2894258499145508,False,False,sub-011,sub-011_ses-01_task-WorkingMemory_run-1_eeg.set,250.0
2,FP2,15.226400375366211,81.0744857788086,-0.9368752837181091,False,False,sub-011,sub-011_ses-01_task-WorkingMemory_run-1_eeg.set,250.0
3,AF7,14.69813346862793,79.12088012695312,-1.5941636562347412,False,False,sub-011,sub-011_ses-01_task-WorkingMemory_run-1_eeg.set,250.0
4,AF3,15.518102645874023,82.53968811035156,-0.5739288926124573,False,False,sub-011,sub-011_ses-01_task-WorkingMemory_run-1_eeg.set,250.0
5,AFZ,15.366813659667969,82.53968811035156,-0.7621680498123169,False,False,sub-011,sub-011_ses-01_task-WorkingMemory_run-1_eeg.set,250.0
6,AF4,17.6013240814209,102.0757064819336,2.0180890560150146,False,False,sub-011,sub-011_ses-01_task-WorkingMemory_run-1_eeg.set,250.0
7,AF8,17.487436294555664,94.26129913330078,1.8763858079910278,False,False,sub-011,sub-011_ses-01_task-WorkingMemory_run-1_eeg.set,250.0
8,F9,15.092833518981934,79.12088012695312,-1.1030638217926025,False,False,sub-011,sub-011_ses-01_task-WorkingMemory_run-1_eeg.set,250.0
9,F7,19.86924171447754,105.75824737548828,4.839912414550781,False,False,sub-011,sub-011_ses-01_task-WorkingMemory_run-1_eeg.set,250.0
10,F5,16.287538528442383,89.86569213867188,0.38343048095703125,False,False,sub-011,sub-011_ses-01_task-WorkingMemory_run-1_eeg.set,250.0
11,F3,15.672578811645508,84.00489044189453,-0.38172417879104614,False,False,sub-011,sub-011_ses-01_task-WorkingMemory_run-1_eeg.set,250.0
12,F1,17.525043487548828,92.79609680175781,1.9231780767440796,False,False,sub-011,sub-011_ses-01_task-WorkingMemory_run-1_eeg.set,250.0
13,FZ,16.078689575195312,88.40049743652344,0.12357322871685028,False,False,sub-011,sub-011_ses-01_task-WorkingMemory_run-1_eeg.set,250.0
14,F2,15.544478416442871,83.51649475097656,-0.5411112904548645,False,False,sub-011,sub-011_ses-01_task-WorkingMemory_run-1_eeg.set,250.0
15,F4,16.34351348876953,86.44689178466797,0.4530765414237976,False,False,sub-011,sub-011_ses-01_task-WorkingMemory_run-1_eeg.set,250.0
16,F6,15.618982315063477,79.60928344726562,-0.44841083884239197,False,False,sub-011,sub-011_ses-01_task-WorkingMemory_run-1_eeg.set,250.0
17,F8,15.192208290100098,80.09768676757812,-0.9794182181358337,False,False,sub-011,sub-011_ses-01_task-WorkingMemory_run-1_eeg.set,250.0
18,F10,15.583547592163086,81.07447814941406,-0.4925000071525574,False,False,sub-011,sub-011_ses-01_task-WorkingMemory_run-1_eeg.set,250.0
19,FT9,15.093974113464355,78.63247680664062,-1.1016446352005005,False,False,sub-011,sub-011_ses-01_task-WorkingMemory_run-1_eeg.set,250.0
20,FT7,15.714668273925781,82.53968811035156,-0.3293549716472626,False,False,sub-011,sub-011_ses-01_task-WorkingMemory_run-1_eeg.set,250.0
21,FC5,16.417510986328125,86.44688415527344,0.5451468825340271,False,False,sub-011,sub-011_ses-01_task-WorkingMemory_run-1_eeg.set,250.0
22,FC3,16.007965087890625,85.4700927734375,0.03557531535625458,False,False,sub-011,sub-011_ses-01_task-WorkingMemory_run-1_eeg.set,250.0
23,FC1,15.663535118103027,80.09768676757812,-0.39297667145729065,False,False,sub-011,sub-011_ses-01_task-WorkingMemory_run-1_eeg.set,250.0
24,FCZ,14.80746841430664,77.65567779541016,-1.4581252336502075,False,False,sub-011,sub-011_ses-01_task-WorkingMemory_run-1_eeg.set,250.0
25,FC2,15.5411376953125,82.05128479003906,-0.5452678799629211,False,False,sub-011,sub-011_ses-01_task-WorkingMemory_run-1_eeg.set,250.0
26,FC4,14.727328300476074,77.65568542480469,-1.5578384399414062,False,False,sub-011,sub-011_ses-01_task-WorkingMemory_run-1_eeg.set,250.0
27,FC6,14.633740425109863,79.12088012695312,-1.674283742904663,False,False,sub-011,sub-011_ses-01_task-WorkingMemory_run-1_eeg.set,250.0
28,FT8,15.170341491699219,79.60928344726562,-1.0066256523132324,False,False,sub-011,sub-011_ses-01_task-WorkingMemory_run-1_eeg.set,250.0
29,FT10,15.11458683013916,79.60928344726562,-1.0759975910186768,False,False,sub-011,sub-011_ses-01_task-WorkingMemory_run-1_eeg.set,250.0
30,T7,15.12978458404541,79.60928344726562,-1.057088017463684,False,False,sub-011,sub-011_ses-01_task-WorkingMemory_run-1_eeg.set,250.0
31,C5,15.722516059875488,80.09768676757812,-0.3195904791355133,False,False,sub-011,sub-011_ses-01_task-WorkingMemory_run-1_eeg.set,250.0
32,C3,15.339308738708496,81.0744857788086,-0.7963906526565552,False,False,sub-011,sub-011_ses-01_task-WorkingMemory_run-1_eeg.set,250.0
33,C1,15.814023971557617,80.09768676757812,-0.20573310554027557,False,False,sub-011,sub-011_ses-01_task-WorkingMemory_run-1_eeg.set,250.0
34,CZ,15.384834289550781,79.60928344726562,-0.73974609375,False,False,sub-011,sub-011_ses-01_task-WorkingMemory_run-1_eeg.set,250.0
35,C2,18.2728271484375,97.19170379638672,2.8535971641540527,False,False,sub-011,sub-011_ses-01_task-WorkingMemory_run-1_eeg.set,250.0
36,C4,15.374197959899902,81.07447814941406,-0.7529802322387695,False,False,sub-011,sub-011_ses-01_task-WorkingMemory_run-1_eeg.set,250.0
37,C6,15.527094841003418,82.05128479003906,-0.5627405047416687,False,False,sub-011,sub-011_ses-01_task-WorkingMemory_run-1_eeg.set,250.0
38,T8,16.521472930908203,86.93528747558594,0.6744999885559082,False,False,sub-011,sub-011_ses-01_task-WorkingMemory_run-1_eeg.set,250.0
39,TP9,16.455829620361328,87.42369079589844,0.5928242802619934,False,False,sub-011,sub-011_ses-01_task-WorkingMemory_run-1_eeg.set,250.0
40,TP7,17.041013717651367,97.19170379638672,1.320931077003479,False,False,sub-011,sub-011_ses-01_task-WorkingMemory_run-1_eeg.set,250.0
41,CP5,17.05802345275879,95.72650146484375,1.342095136642456,False,False,sub-011,sub-011_ses-01_task-WorkingMemory_run-1_eeg.set,250.0
42,CP3,15.804742813110352,83.02809143066406,-0.2172810435295105,False,False,sub-011,sub-011_ses-01_task-WorkingMemory_run-1_eeg.set,250.0
43,CP1,16.305017471313477,85.95848846435547,0.405178427696228,False,False,sub-011,sub-011_ses-01_task-WorkingMemory_run-1_eeg.set,250.0
44,CPZ,15.542799949645996,79.12088012695312,-0.5431995987892151,False,False,sub-011,sub-011_ses-01_task-WorkingMemory_run-1_eeg.set,250.0
45,CP2,15.648130416870117,81.0744857788086,-0.4121437668800354,False,False,sub-011,sub-011_ses-01_task-WorkingMemory_run-1_eeg.set,250.0
46,CP4,17.312660217285156,88.8888931274414,1.6589232683181763,False,False,sub-011,sub-011_ses-01_task-WorkingMemory_run-1_eeg.set,250.0
47,CP6,15.640408515930176,80.5860824584961,-0.42175161838531494,False,False,sub-011,sub-011_ses-01_task-WorkingMemory_run-1_eeg.set,250.0
48,TP8,17.134477615356445,87.9120864868164,1.4372221231460571,False,False,sub-011,sub-011_ses-01_task-WorkingMemory_run-1_eeg.set,250.0
49,TP10,16.03570556640625,84.4932861328125,0.07009100168943405,False,False,sub-011,sub-011_ses-01_task-WorkingMemory_run-1_eeg.set,250.0
50,P7,15.739302635192871,80.09768676757812,-0.29870402812957764,False,False,sub-011,sub-011_ses-01_task-WorkingMemory_run-1_eeg.set,250.0
51,P5,15.880306243896484,83.51648712158203,-0.12326233834028244,False,False,sub-011,sub-011_ses-01_task-WorkingMemory_run-1_eeg.set,250.0
52,P3,16.10680389404297,82.53968811035156,0.1585540622472763,False,False,sub-011,sub-011_ses-01_task-WorkingMemory_run-1_eeg.set,250.0
53,P1,16.30367088317871,84.4932861328125,0.4035029411315918,False,False,sub-011,sub-011_ses-01_task-WorkingMemory_run-1_eeg.set,250.0
54,PZ,15.296696662902832,79.12088012695312,-0.8494100570678711,False,False,sub-011,sub-011_ses-01_task-WorkingMemory_run-1_eeg.set,250.0
55,P2,16.06117820739746,82.05128479003906,0.10178496688604355,False,False,sub-011,sub-011_ses-01_task-WorkingMemory_run-1_eeg.set,250.0
56,P4,16.786029815673828,86.93528747558594,1.0036710500717163,False,False,sub-011,sub-011_ses-01_task-WorkingMemory_run-1_eeg.set,250.0
57,P6,16.08096694946289,82.53968811035156,0.12640683352947235,False,False,sub-011,sub-011_ses-01_task-WorkingMemory_run-1_eeg.set,250.0
58,P8,16.57356071472168,84.981689453125,0.7393094897270203,False,False,sub-011,sub-011_ses-01_task-WorkingMemory_run-1_eeg.set,250.0
59,PO9,16.720943450927734,85.4700927734375,0.922688364982605,False,False,sub-011,sub-011_ses-01_task-WorkingMemory_run-1_eeg.set,250.0
60,PO7,16.279203414916992,85.95849609375,0.3730596601963043,False,False,sub-011,sub-011_ses-01_task-WorkingMemory_run-1_eeg.set,250.0
61,PO3,16.069557189941406,81.56288146972656,0.11221039295196533,False,False,sub-011,sub-011_ses-01_task-WorkingMemory_run-1_eeg.set,250.0
62,POZ,16.418216705322266,83.5164794921875,0.5460249185562134,False,False,sub-011,sub-011_ses-01_task-WorkingMemory_run-1_eeg.set,250.0
63,PO4,15.97937297821045,80.5860824584961,0.0,False,False,sub-011,sub-011_ses-01_task-WorkingMemory_run-1_eeg.set,250.0
64,PO8,17.71261215209961,92.79609680175781,2.156557559967041,False,False,sub-011,sub-011_ses-01_task-WorkingMemory_run-1_eeg.set,250.0
65,PO10,17.764806747436523,89.37728881835938,2.2214999198913574,False,False,sub-011,sub-011_ses-01_task-WorkingMemory_run-1_eeg.set,250.0
66,O1,16.331504821777344,85.4700927734375,0.43813493847846985,False,False,sub-011,sub-011_ses-01_task-WorkingMemory_run-1_eeg.set,250.0
67,OZ,18.889415740966797,100.12210083007812,3.6207785606384277,False,False,sub-011,sub-011_ses-01_task-WorkingMemory_run-1_eeg.set,250.0
68,O2,26.53084373474121,133.82174682617188,13.128514289855957,False,True,sub-011,sub-011_ses-01_task-WorkingMemory_run-1_eeg.set,250.0
69,LEYE,15.072994232177734,77.16728210449219,-1.1277486085891724,False,False,sub-011,sub-011_ses-01_task-WorkingMemory_run-1_eeg.set,250.0
70,REYE,41.673858642578125,244.68865966796875,31.969987869262695,False,True,sub-011,sub-011_ses-01_task-WorkingMemory_run-1_eeg.set,250.0
0,FP1,23.761072158813477,129.42613220214844,6.764250755310059,False,True,sub-011,sub-011_ses-01_task-WorkingMemory_run-2_eeg.set,250.0
1,FPZ,17.504528045654297,105.98291015625,1.795554280281067,False,False,sub-011,sub-011_ses-01_task-WorkingMemory_run-2_eeg.set,250.0
2,FP2,23.212430953979492,128.4493408203125,6.3285417556762695,False,True,sub-011,sub-011_ses-01_task-WorkingMemory_run-2_eeg.set,250.0
3,AF7,17.117422103881836,95.01343536376953,1.4881303310394287,False,False,sub-011,sub-011_ses-01_task-WorkingMemory_run-2_eeg.set,250.0
4,AF3,15.368415832519531,79.60928344726562,0.09913971275091171,False,False,sub-011,sub-011_ses-01_task-WorkingMemory_run-2_eeg.set,250.0
5,AFZ,23.507068634033203,121.61172485351562,6.562531471252441,False,True,sub-011,sub-011_ses-01_task-WorkingMemory_run-2_eeg.set,250.0
6,AF4,15.513472557067871,84.4932861328125,0.21433794498443604,False,False,sub-011,sub-011_ses-01_task-WorkingMemory_run-2_eeg.set,250.0
7,AF8,16.092905044555664,104.51770782470703,0.6744999885559082,False,False,sub-011,sub-011_ses-01_task-WorkingMemory_run-2_eeg.set,250.0
8,F9,20.85013198852539,109.40171813964844,4.452498912811279,False,False,sub-011,sub-011_ses-01_task-WorkingMemory_run-2_eeg.set,250.0
9,F7,14.352052688598633,76.19047546386719,-0.7080150842666626,False,False,sub-011,sub-011_ses-01_task-WorkingMemory_run-2_eeg.set,250.0
10,F5,17.275901794433594,91.33089447021484,1.6139885187149048,False,False,sub-011,sub-011_ses-01_task-WorkingMemory_run-2_eeg.set,250.0
11,F3,26.378921508789062,142.12454223632812,8.843241691589355,False,True,sub-011,sub-011_ses-01_task-WorkingMemory_run-2_eeg.set,250.0
12,F1,22.587135314941406,112.82051849365234,5.83195686340332,False,False,sub-011,sub-011_ses-01_task-WorkingMemory_run-2_eeg.set,250.0
13,FZ,13.82830810546875,73.26007080078125,-1.123952031135559,False,False,sub-011,sub-011_ses-01_task-WorkingMemory_run-2_eeg.set,250.0
14,F2,17.391239166259766,92.79609680175781,1.7055847644805908,False,False,sub-011,sub-011_ses-01_task-WorkingMemory_run-2_eeg.set,250.0
15,F4,21.069412231445312,108.42491149902344,4.626642227172852,False,False,sub-011,sub-011_ses-01_task-WorkingMemory_run-2_eeg.set,250.0
16,F6,26.130390167236328,127.47252655029297,8.645868301391602,False,True,sub-011,sub-011_ses-01_task-WorkingMemory_run-2_eeg.set,250.0
17,F8,22.192720413208008,102.5641098022461,5.518728733062744,False,False,sub-011,sub-011_ses-01_task-WorkingMemory_run-2_eeg.set,250.0
18,F10,15.448429107666016,80.5860824584961,0.16268305480480194,False,False,sub-011,sub-011_ses-01_task-WorkingMemory_run-2_eeg.set,250.0
19,FT9,42.902557373046875,206.59341430664062,21.965648651123047,False,True,sub-011,sub-011_ses-01_task-WorkingMemory_run-2_eeg.set,250.0
20,FT7,18.09604835510254,94.26129913330078,2.2653160095214844,False,False,sub-011,sub-011_ses-01_task-WorkingMemory_run-2_eeg.set,250.0
21,FC5,14.021510124206543,74.23687744140625,-0.9705187678337097,False,False,sub-011,sub-011_ses-01_task-WorkingMemory_run-2_eeg.set,250.0
22,FC3,14.430651664733887,73.74847412109375,-0.6455949544906616,False,False,sub-011,sub-011_ses-01_task-WorkingMemory_run-2_eeg.set,250.0
23,FC1,15.790438652038574,81.07447814941406,0.43429332971572876,False,False,sub-011,sub-011_ses-01_task-WorkingMemory_run-2_eeg.set,250.0
24,FCZ,15.361995697021484,82.53968811035156,0.09404110163450241,False,False,sub-011,sub-011_ses-01_task-WorkingMemory_run-2_eeg.set,250.0
25,FC2,18.542444229125977,95.23809814453125,2.619825839996338,False,False,sub-011,sub-011_ses-01_task-WorkingMemory_run-2_eeg.set,250.0
26,FC4,14.553817749023438,75.21367645263672,-0.5477814078330994,False,False,sub-011,sub-011_ses-01_task-WorkingMemory_run-2_eeg.set,250.0
27,FC6,14.424970626831055,76.67887878417969,-0.6501066088676453,False,False,sub-011,sub-011_ses-01_task-WorkingMemory_run-2_eeg.set,250.0
28,FT8,14.934134483337402,77.65567779541016,-0.2457491159439087,False,False,sub-011,sub-011_ses-01_task-WorkingMemory_run-2_eeg.set,250.0
29,FT10,14.06313705444336,74.23687744140625,-0.9374603629112244,False,False,sub-011,sub-011_ses-01_task-WorkingMemory_run-2_eeg.set,250.0
30,T7,15.243579864501953,80.09768676757812,0.0,False,False,sub-011,sub-011_ses-01_task-WorkingMemory_run-2_eeg.set,250.0
31,C5,13.96916675567627,73.74847412109375,-1.0120877027511597,False,False,sub-011,sub-011_ses-01_task-WorkingMemory_run-2_eeg.set,250.0
32,C3,13.992280960083008,73.74847412109375,-0.9937314391136169,False,False,sub-011,sub-011_ses-01_task-WorkingMemory_run-2_eeg.set,250.0
33,C1,14.837985038757324,78.14408111572266,-0.32210713624954224,False,False,sub-011,sub-011_ses-01_task-WorkingMemory_run-2_eeg.set,250.0
34,CZ,14.790421485900879,76.67887878417969,-0.3598802089691162,False,False,sub-011,sub-011_ses-01_task-WorkingMemory_run-2_eeg.set,250.0
35,C2,15.5573091506958,82.05128479003906,0.24915121495723724,False,False,sub-011,sub-011_ses-01_task-WorkingMemory_run-2_eeg.set,250.0
36,C4,14.67619514465332,75.21367645263672,-0.4505941867828369,False,False,sub-011,sub-011_ses-01_task-WorkingMemory_run-2_eeg.set,250.0
37,C6,21.865510940551758,129.91453552246094,5.2588725090026855,False,False,sub-011,sub-011_ses-01_task-WorkingMemory_run-2_eeg.set,250.0
38,T8,18.491159439086914,98.16850280761719,2.5790975093841553,False,False,sub-011,sub-011_ses-01_task-WorkingMemory_run-2_eeg.set,250.0
39,TP9,14.739376068115234,75.70207977294922,-0.4004184305667877,False,False,sub-011,sub-011_ses-01_task-WorkingMemory_run-2_eeg.set,250.0
40,TP7,14.536321640014648,76.19047546386719,-0.5616760849952698,False,False,sub-011,sub-011_ses-01_task-WorkingMemory_run-2_eeg.set,250.0
41,CP5,18.103418350219727,92.79609680175781,2.2711689472198486,False,False,sub-011,sub-011_ses-01_task-WorkingMemory_run-2_eeg.set,250.0
42,CP3,14.793418884277344,78.14408111572266,-0.35749977827072144,False,False,sub-011,sub-011_ses-01_task-WorkingMemory_run-2_eeg.set,250.0
43,CP1,14.35755729675293,74.72528076171875,-0.7036435604095459,False,False,sub-011,sub-011_ses-01_task-WorkingMemory_run-2_eeg.set,250.0
44,CPZ,15.544377326965332,78.14408111572266,0.23888127505779266,False,False,sub-011,sub-011_ses-01_task-WorkingMemory_run-2_eeg.set,250.0
45,CP2,13.869758605957031,71.79487609863281,-1.091033697128296,False,False,sub-011,sub-011_ses-01_task-WorkingMemory_run-2_eeg.set,250.0
46,CP4,14.93777084350586,76.67887878417969,-0.24286125600337982,False,False,sub-011,sub-011_ses-01_task-WorkingMemory_run-2_eeg.set,250.0
47,CP6,14.712218284606934,77.16728210449219,-0.42198604345321655,False,False,sub-011,sub-011_ses-01_task-WorkingMemory_run-2_eeg.set,250.0
48,TP8,14.917980194091797,75.70207977294922,-0.25857821106910706,False,False,sub-011,sub-011_ses-01_task-WorkingMemory_run-2_eeg.set,250.0
49,TP10,15.390179634094238,79.60928344726562,0.11642365902662277,False,False,sub-011,sub-011_ses-01_task-WorkingMemory_run-2_eeg.set,250.0
50,P7,15.23223876953125,80.09768676757812,-0.009006642736494541,False,False,sub-011,sub-011_ses-01_task-WorkingMemory_run-2_eeg.set,250.0
51,P5,15.683143615722656,81.56288146972656,0.34908390045166016,False,False,sub-011,sub-011_ses-01_task-WorkingMemory_run-2_eeg.set,250.0
52,P3,15.027179718017578,80.84982299804688,-0.17185631394386292,False,False,sub-011,sub-011_ses-01_task-WorkingMemory_run-2_eeg.set,250.0
53,P1,14.887941360473633,76.67887878417969,-0.2824338376522064,False,False,sub-011,sub-011_ses-01_task-WorkingMemory_run-2_eeg.set,250.0
54,PZ,14.221713066101074,73.74847412109375,-0.8115256428718567,False,False,sub-011,sub-011_ses-01_task-WorkingMemory_run-2_eeg.set,250.0
55,P2,14.168055534362793,72.77167510986328,-0.8541383147239685,False,False,sub-011,sub-011_ses-01_task-WorkingMemory_run-2_eeg.set,250.0
56,P4,17.268770217895508,91.81929016113281,1.6083250045776367,False,False,sub-011,sub-011_ses-01_task-WorkingMemory_run-2_eeg.set,250.0
57,P6,14.319284439086914,75.21367645263672,-0.7340382933616638,False,False,sub-011,sub-011_ses-01_task-WorkingMemory_run-2_eeg.set,250.0
58,P8,14.6737642288208,76.67887878417969,-0.45252472162246704,False,False,sub-011,sub-011_ses-01_task-WorkingMemory_run-2_eeg.set,250.0
59,PO9,14.772761344909668,77.16728210449219,-0.3739051818847656,False,False,sub-011,sub-011_ses-01_task-WorkingMemory_run-2_eeg.set,250.0
60,PO7,14.400378227233887,74.72528076171875,-0.6696369051933289,False,False,sub-011,sub-011_ses-01_task-WorkingMemory_run-2_eeg.set,250.0
61,PO3,17.45151138305664,91.33089447021484,1.7534507513046265,False,False,sub-011,sub-011_ses-01_task-WorkingMemory_run-2_eeg.set,250.0
62,POZ,15.82651138305664,81.0744857788086,0.46294084191322327,False,False,sub-011,sub-011_ses-01_task-WorkingMemory_run-2_eeg.set,250.0
63,PO4,14.85582447052002,78.14407348632812,-0.3079397678375244,False,False,sub-011,sub-011_ses-01_task-WorkingMemory_run-2_eeg.set,250.0
64,PO8,14.815925598144531,76.19047546386719,-0.33962586522102356,False,False,sub-011,sub-011_ses-01_task-WorkingMemory_run-2_eeg.set,250.0
65,PO10,15.23140811920166,78.14408111572266,-0.009666312485933304,False,False,sub-011,sub-011_ses-01_task-WorkingMemory_run-2_eeg.set,250.0
66,O1,27.72580909729004,168.986572265625,9.912886619567871,False,True,sub-011,sub-011_ses-01_task-WorkingMemory_run-2_eeg.set,250.0
67,OZ,19.737377166748047,103.05250549316406,3.568793535232544,False,False,sub-011,sub-011_ses-01_task-WorkingMemory_run-2_eeg.set,250.0
68,O2,14.592655181884766,76.67887878417969,-0.5169382691383362,False,False,sub-011,sub-011_ses-01_task-WorkingMemory_run-2_eeg.set,250.0
69,LEYE,15.006046295166016,76.67887878417969,-0.18863964080810547,False,False,sub-011,sub-011_ses-01_task-WorkingMemory_run-2_eeg.set,250.0
70,REYE,34.713523864746094,217.82662963867188,15.462247848510742,False,True,sub-011,sub-011_ses-01_task-WorkingMemory_run-2_eeg.set,250.0
0,FP1,23.689050674438477,124.0537338256836,4.711742877960205,False,False,sub-011,sub-011_ses-01_task-WorkingMemory_run-3_eeg.set,250.0
1,FPZ,16.748933792114258,89.37728881835938,0.5996950268745422,False,False,sub-011,sub-011_ses-01_task-WorkingMemory_run-3_eeg.set,250.0
2,FP2,30.691015243530273,182.17340087890625,8.860435485839844,False,True,sub-011,sub-011_ses-01_task-WorkingMemory_run-3_eeg.set,250.0
3,AF7,36.23073959350586,184.12698364257812,12.142745971679688,False,True,sub-011,sub-011_ses-01_task-WorkingMemory_run-3_eeg.set,250.0
4,AF3,29.09993553161621,146.5201416015625,7.917714595794678,False,True,sub-011,sub-011_ses-01_task-WorkingMemory_run-3_eeg.set,250.0
5,AFZ,35.24671936035156,191.4530029296875,11.559709548950195,False,True,sub-011,sub-011_ses-01_task-WorkingMemory_run-3_eeg.set,250.0
6,AF4,37.802467346191406,201.70941162109375,13.07400131225586,False,True,sub-011,sub-011_ses-01_task-WorkingMemory_run-3_eeg.set,250.0
7,AF8,31.85824203491211,171.91697692871094,9.552022933959961,False,True,sub-011,sub-011_ses-01_task-WorkingMemory_run-3_eeg.set,250.0
8,F9,17.067928314208984,87.42369079589844,0.7887006402015686,False,False,sub-011,sub-011_ses-01_task-WorkingMemory_run-3_eeg.set,250.0
9,F7,16.42313003540039,83.02809143066406,0.4066549837589264,False,False,sub-011,sub-011_ses-01_task-WorkingMemory_run-3_eeg.set,250.0
10,F5,24.741525650024414,133.8217315673828,5.335338592529297,False,False,sub-011,sub-011_ses-01_task-WorkingMemory_run-3_eeg.set,250.0
11,F3,17.58916664123535,105.4945068359375,1.0975364446640015,False,False,sub-011,sub-011_ses-01_task-WorkingMemory_run-3_eeg.set,250.0
12,F1,16.04853630065918,84.4932861328125,0.18470662832260132,False,False,sub-011,sub-011_ses-01_task-WorkingMemory_run-3_eeg.set,250.0
13,FZ,15.712247848510742,79.60928344726562,-0.014545670710504055,False,False,sub-011,sub-011_ses-01_task-WorkingMemory_run-3_eeg.set,250.0
14,F2,15.459555625915527,85.81197357177734,-0.16426686942577362,False,False,sub-011,sub-011_ses-01_task-WorkingMemory_run-3_eeg.set,250.0
15,F4,16.228904724121094,89.37728881835938,0.29157567024230957,False,False,sub-011,sub-011_ses-01_task-WorkingMemory_run-3_eeg.set,250.0
16,F6,15.179368019104004,80.5860824584961,-0.3302791714668274,False,False,sub-011,sub-011_ses-01_task-WorkingMemory_run-3_eeg.set,250.0
17,F8,16.19538116455078,84.4932861328125,0.2717128098011017,False,False,sub-011,sub-011_ses-01_task-WorkingMemory_run-3_eeg.set,250.0
18,F10,15.540935516357422,82.05128479003906,-0.11604893952608109,False,False,sub-011,sub-011_ses-01_task-WorkingMemory_run-3_eeg.set,250.0
19,FT9,14.66363525390625,78.14408111572266,-0.6358529925346375,False,False,sub-011,sub-011_ses-01_task-WorkingMemory_run-3_eeg.set,250.0
20,FT7,14.504070281982422,74.23687744140625,-0.7303958535194397,False,False,sub-011,sub-011_ses-01_task-WorkingMemory_run-3_eeg.set,250.0
21,FC5,15.141559600830078,77.16728210449219,-0.35268083214759827,False,False,sub-011,sub-011_ses-01_task-WorkingMemory_run-3_eeg.set,250.0
22,FC3,15.919153213500977,80.92796325683594,0.10804662108421326,False,False,sub-011,sub-011_ses-01_task-WorkingMemory_run-3_eeg.set,250.0
23,FC1,14.541909217834473,76.19047546386719,-0.7079761624336243,False,False,sub-011,sub-011_ses-01_task-WorkingMemory_run-3_eeg.set,250.0
24,FCZ,16.29008674621582,83.51648712158203,0.32782629132270813,False,False,sub-011,sub-011_ses-01_task-WorkingMemory_run-3_eeg.set,250.0
25,FC2,14.227761268615723,73.74847412109375,-0.8941101431846619,False,False,sub-011,sub-011_ses-01_task-WorkingMemory_run-3_eeg.set,250.0
26,FC4,15.017403602600098,76.19047546386719,-0.42624378204345703,False,False,sub-011,sub-011_ses-01_task-WorkingMemory_run-3_eeg.set,250.0
27,FC6,14.875639915466309,77.16728210449219,-0.5102393627166748,False,False,sub-011,sub-011_ses-01_task-WorkingMemory_run-3_eeg.set,250.0
28,FT8,14.170974731445312,72.77167510986328,-0.9277563691139221,False,False,sub-011,sub-011_ses-01_task-WorkingMemory_run-3_eeg.set,250.0
29,FT10,14.569851875305176,74.72528076171875,-0.6914200782775879,False,False,sub-011,sub-011_ses-01_task-WorkingMemory_run-3_eeg.set,250.0
30,T7,14.624125480651855,74.72528076171875,-0.6592627167701721,False,False,sub-011,sub-011_ses-01_task-WorkingMemory_run-3_eeg.set,250.0
31,C5,15.736797332763672,81.56288146972656,0.0,False,False,sub-011,sub-011_ses-01_task-WorkingMemory_run-3_eeg.set,250.0
32,C3,20.685571670532227,115.75091552734375,2.9321694374084473,False,False,sub-011,sub-011_ses-01_task-WorkingMemory_run-3_eeg.set,250.0
33,C1,21.369009017944336,119.51160430908203,3.337108850479126,False,False,sub-011,sub-011_ses-01_task-WorkingMemory_run-3_eeg.set,250.0
34,CZ,16.688520431518555,86.44688415527344,0.5638998746871948,False,False,sub-011,sub-011_ses-01_task-WorkingMemory_run-3_eeg.set,250.0
35,C2,16.746871948242188,88.4004898071289,0.5984734296798706,False,False,sub-011,sub-011_ses-01_task-WorkingMemory_run-3_eeg.set,250.0
36,C4,14.098923683166504,72.77167510986328,-0.9704469442367554,False,False,sub-011,sub-011_ses-01_task-WorkingMemory_run-3_eeg.set,250.0
37,C6,16.90162467956543,88.88888549804688,0.6901649832725525,False,False,sub-011,sub-011_ses-01_task-WorkingMemory_run-3_eeg.set,250.0
38,T8,16.791324615478516,86.44688415527344,0.6248117685317993,False,False,sub-011,sub-011_ses-01_task-WorkingMemory_run-3_eeg.set,250.0
39,TP9,15.973860740661621,85.47008514404297,0.1404610574245453,False,False,sub-011,sub-011_ses-01_task-WorkingMemory_run-3_eeg.set,250.0
40,TP7,14.598408699035645,76.67887878417969,-0.6744999885559082,False,False,sub-011,sub-011_ses-01_task-WorkingMemory_run-3_eeg.set,250.0
41,CP5,16.171653747558594,87.91209411621094,0.25765421986579895,False,False,sub-011,sub-011_ses-01_task-WorkingMemory_run-3_eeg.set,250.0
42,CP3,14.643092155456543,75.70207214355469,-0.64802485704422,False,False,sub-011,sub-011_ses-01_task-WorkingMemory_run-3_eeg.set,250.0
43,CP1,15.155925750732422,80.5860824584961,-0.3441688120365143,False,False,sub-011,sub-011_ses-01_task-WorkingMemory_run-3_eeg.set,250.0
44,CPZ,14.245716094970703,75.21367645263672,-0.8834718465805054,False,False,sub-011,sub-011_ses-01_task-WorkingMemory_run-3_eeg.set,250.0
45,CP2,14.989785194396973,76.19047546386719,-0.4426078200340271,False,False,sub-011,sub-011_ses-01_task-WorkingMemory_run-3_eeg.set,250.0
46,CP4,13.694908142089844,71.79487609863281,-1.2098277807235718,False,False,sub-011,sub-011_ses-01_task-WorkingMemory_run-3_eeg.set,250.0
47,CP6,15.455745697021484,80.5860824584961,-0.1665242612361908,False,False,sub-011,sub-011_ses-01_task-WorkingMemory_run-3_eeg.set,250.0
48,TP8,18.674882888793945,98.16850280761719,1.7408279180526733,False,False,sub-011,sub-011_ses-01_task-WorkingMemory_run-3_eeg.set,250.0
49,TP10,15.598158836364746,84.4932861328125,-0.0821438804268837,False,False,sub-011,sub-011_ses-01_task-WorkingMemory_run-3_eeg.set,250.0
50,P7,16.227630615234375,93.77290344238281,0.29082077741622925,False,False,sub-011,sub-011_ses-01_task-WorkingMemory_run-3_eeg.set,250.0
51,P5,14.903051376342773,82.05128479003906,-0.4939979612827301,False,False,sub-011,sub-011_ses-01_task-WorkingMemory_run-3_eeg.set,250.0
52,P3,14.557881355285645,77.65568542480469,-0.698512613773346,False,False,sub-011,sub-011_ses-01_task-WorkingMemory_run-3_eeg.set,250.0
53,P1,14.435325622558594,77.16728210449219,-0.7711274027824402,False,False,sub-011,sub-011_ses-01_task-WorkingMemory_run-3_eeg.set,250.0
54,PZ,17.709993362426758,95.23809814453125,1.1691268682479858,False,False,sub-011,sub-011_ses-01_task-WorkingMemory_run-3_eeg.set,250.0
55,P2,18.047637939453125,91.33089447021484,1.3691825866699219,False,False,sub-011,sub-011_ses-01_task-WorkingMemory_run-3_eeg.set,250.0
56,P4,15.460786819458008,82.05128479003906,-0.16353736817836761,False,False,sub-011,sub-011_ses-01_task-WorkingMemory_run-3_eeg.set,250.0
57,P6,15.031455993652344,77.65568542480469,-0.4179176688194275,False,False,sub-011,sub-011_ses-01_task-WorkingMemory_run-3_eeg.set,250.0
58,P8,14.114240646362305,73.26007080078125,-0.9613716006278992,False,False,sub-011,sub-011_ses-01_task-WorkingMemory_run-3_eeg.set,250.0
59,PO9,14.153255462646484,73.26007843017578,-0.9382551908493042,False,False,sub-011,sub-011_ses-01_task-WorkingMemory_run-3_eeg.set,250.0
60,PO7,14.317853927612305,75.70207977294922,-0.8407298922538757,False,False,sub-011,sub-011_ses-01_task-WorkingMemory_run-3_eeg.set,250.0
61,PO3,14.160730361938477,75.21367645263672,-0.9338262677192688,False,False,sub-011,sub-011_ses-01_task-WorkingMemory_run-3_eeg.set,250.0
62,POZ,34.115116119384766,213.91941833496094,10.889229774475098,False,True,sub-011,sub-011_ses-01_task-WorkingMemory_run-3_eeg.set,250.0
63,PO4,28.50918960571289,165.07937622070312,7.567695617675781,False,True,sub-011,sub-011_ses-01_task-WorkingMemory_run-3_eeg.set,250.0
64,PO8,16.05368995666504,86.44689178466797,0.18776020407676697,False,False,sub-011,sub-011_ses-01_task-WorkingMemory_run-3_eeg.set,250.0
65,PO10,16.354751586914062,89.86569213867188,0.3661404550075531,False,False,sub-011,sub-011_ses-01_task-WorkingMemory_run-3_eeg.set,250.0
66,O1,15.07793140411377,78.14408111572266,-0.3903807997703552,False,False,sub-011,sub-011_ses-01_task-WorkingMemory_run-3_eeg.set,250.0
67,OZ,13.936078071594238,72.28327941894531,-1.0669336318969727,False,False,sub-011,sub-011_ses-01_task-WorkingMemory_run-3_eeg.set,250.0
68,O2,14.742311477661133,78.14408111572266,-0.5892370343208313,False,False,sub-011,sub-011_ses-01_task-WorkingMemory_run-3_eeg.set,250.0
69,LEYE,28.908349990844727,173.23565673828125,7.804199695587158,False,True,sub-011,sub-011_ses-01_task-WorkingMemory_run-3_eeg.set,250.0
70,REYE,31.0251407623291,168.4981689453125,9.058406829833984,False,True,sub-011,sub-011_ses-01_task-WorkingMemory_run-3_eeg.set,250.0
0,FP1,26.96034049987793,154.8229522705078,3.3400633335113525,False,False,sub-011,sub-011_ses-01_task-WorkingMemory_run-4_eeg.set,250.0
1,FPZ,15.567570686340332,81.07447814941406,-0.28582754731178284,False,False,sub-011,sub-011_ses-01_task-WorkingMemory_run-4_eeg.set,250.0
2,FP2,18.702821731567383,94.26129913330078,0.7120051980018616,False,False,sub-011,sub-011_ses-01_task-WorkingMemory_run-4_eeg.set,250.0
3,AF7,17.720441818237305,93.77290344238281,0.3993505537509918,False,False,sub-011,sub-011_ses-01_task-WorkingMemory_run-4_eeg.set,250.0
4,AF3,16.985820770263672,89.86569213867188,0.16554823517799377,False,False,sub-011,sub-011_ses-01_task-WorkingMemory_run-4_eeg.set,250.0
5,AFZ,13.918423652648926,74.23687744140625,-0.8106891512870789,False,False,sub-011,sub-011_ses-01_task-WorkingMemory_run-4_eeg.set,250.0
6,AF4,22.298038482666016,122.10012817382812,1.8562277555465698,False,False,sub-011,sub-011_ses-01_task-WorkingMemory_run-4_eeg.set,250.0
7,AF8,18.630046844482422,97.19169616699219,0.6888436675071716,False,False,sub-011,sub-011_ses-01_task-WorkingMemory_run-4_eeg.set,250.0
8,F9,14.42630672454834,77.65568542480469,-0.6490490436553955,False,False,sub-011,sub-011_ses-01_task-WorkingMemory_run-4_eeg.set,250.0
9,F7,35.037254333496094,221.24542236328125,5.910642147064209,False,False,sub-011,sub-011_ses-01_task-WorkingMemory_run-4_eeg.set,250.0
10,F5,38.54741668701172,192.918212890625,7.02779483795166,False,True,sub-011,sub-011_ses-01_task-WorkingMemory_run-4_eeg.set,250.0
11,F3,27.459787368774414,155.7997589111328,3.499018907546997,False,False,sub-011,sub-011_ses-01_task-WorkingMemory_run-4_eeg.set,250.0
12,F1,35.7961540222168,208.05862426757812,6.1521711349487305,False,True,sub-011,sub-011_ses-01_task-WorkingMemory_run-4_eeg.set,250.0
13,FZ,36.262081146240234,212.21002197265625,6.3004584312438965,False,True,sub-011,sub-011_ses-01_task-WorkingMemory_run-4_eeg.set,250.0
14,F2,17.37204933166504,90.35409545898438,0.2884702682495117,False,False,sub-011,sub-011_ses-01_task-WorkingMemory_run-4_eeg.set,250.0
15,F4,15.550352096557617,82.53968811035156,-0.29130756855010986,False,False,sub-011,sub-011_ses-01_task-WorkingMemory_run-4_eeg.set,250.0
16,F6,28.791776657104492,162.63735961914062,3.922940969467163,False,False,sub-011,sub-011_ses-01_task-WorkingMemory_run-4_eeg.set,250.0
17,F8,21.20022964477539,107.93650817871094,1.5068364143371582,False,False,sub-011,sub-011_ses-01_task-WorkingMemory_run-4_eeg.set,250.0
18,F10,16.03840446472168,84.0048828125,-0.1359788328409195,False,False,sub-011,sub-011_ses-01_task-WorkingMemory_run-4_eeg.set,250.0
19,FT9,15.419251441955566,78.14408111572266,-0.3330320119857788,False,False,sub-011,sub-011_ses-01_task-WorkingMemory_run-4_eeg.set,250.0
20,FT7,16.46565818786621,84.981689453125,0.0,False,False,sub-011,sub-011_ses-01_task-WorkingMemory_run-4_eeg.set,250.0
21,FC5,18.106746673583984,88.40049743652344,0.5222968459129333,False,False,sub-011,sub-011_ses-01_task-WorkingMemory_run-4_eeg.set,250.0
22,FC3,26.544950485229492,113.30891418457031,3.2078604698181152,False,False,sub-011,sub-011_ses-01_task-WorkingMemory_run-4_eeg.set,250.0
23,FC1,29.114164352416992,115.26251983642578,4.0255446434021,False,False,sub-011,sub-011_ses-01_task-WorkingMemory_run-4_eeg.set,250.0
24,FCZ,21.324352264404297,102.5641098022461,1.546339988708496,False,False,sub-011,sub-011_ses-01_task-WorkingMemory_run-4_eeg.set,250.0
25,FC2,17.15555763244629,85.95848846435547,0.2195691019296646,False,False,sub-011,sub-011_ses-01_task-WorkingMemory_run-4_eeg.set,250.0
26,FC4,14.923255920410156,76.19047546386719,-0.4908887445926666,False,False,sub-011,sub-011_ses-01_task-WorkingMemory_run-4_eeg.set,250.0
27,FC6,22.183393478393555,103.05250549316406,1.8197405338287354,False,False,sub-011,sub-011_ses-01_task-WorkingMemory_run-4_eeg.set,250.0
28,FT8,17.53021812438965,85.95849609375,0.33880946040153503,False,False,sub-011,sub-011_ses-01_task-WorkingMemory_run-4_eeg.set,250.0
29,FT10,18.679424285888672,101.09890747070312,0.7045586705207825,False,False,sub-011,sub-011_ses-01_task-WorkingMemory_run-4_eeg.set,250.0
30,T7,18.391862869262695,94.74969482421875,0.6130386590957642,False,False,sub-011,sub-011_ses-01_task-WorkingMemory_run-4_eeg.set,250.0
31,C5,25.654348373413086,143.58975219726562,2.924415349960327,False,False,sub-011,sub-011_ses-01_task-WorkingMemory_run-4_eeg.set,250.0
32,C3,16.677520751953125,85.4700927734375,0.06742790341377258,False,False,sub-011,sub-011_ses-01_task-WorkingMemory_run-4_eeg.set,250.0
33,C1,14.632094383239746,75.21368408203125,-0.5835545659065247,False,False,sub-011,sub-011_ses-01_task-WorkingMemory_run-4_eeg.set,250.0
34,CZ,14.917214393615723,76.67887878417969,-0.49281156063079834,False,False,sub-011,sub-011_ses-01_task-WorkingMemory_run-4_eeg.set,250.0
35,C2,14.660810470581055,75.21368408203125,-0.5744153261184692,False,False,sub-011,sub-011_ses-01_task-WorkingMemory_run-4_eeg.set,250.0
36,C4,26.444578170776367,157.26495361328125,3.1759157180786133,False,False,sub-011,sub-011_ses-01_task-WorkingMemory_run-4_eeg.set,250.0
37,C6,13.612994194030762,71.30647277832031,-0.9078959226608276,False,False,sub-011,sub-011_ses-01_task-WorkingMemory_run-4_eeg.set,250.0
38,T8,15.164143562316895,78.63247680664062,-0.41422325372695923,False,False,sub-011,sub-011_ses-01_task-WorkingMemory_run-4_eeg.set,250.0
39,TP9,14.142324447631836,74.72528076171875,-0.7394299507141113,False,False,sub-011,sub-011_ses-01_task-WorkingMemory_run-4_eeg.set,250.0
40,TP7,23.702730178833008,146.5201416015625,2.303288459777832,False,False,sub-011,sub-011_ses-01_task-WorkingMemory_run-4_eeg.set,250.0
41,CP5,39.96485900878906,211.4774169921875,7.4789137840271,False,True,sub-011,sub-011_ses-01_task-WorkingMemory_run-4_eeg.set,250.0
42,CP3,25.68073081970215,134.31015014648438,2.932811737060547,False,False,sub-011,sub-011_ses-01_task-WorkingMemory_run-4_eeg.set,250.0
43,CP1,17.722225189208984,94.74969482421875,0.3999181389808655,False,False,sub-011,sub-011_ses-01_task-WorkingMemory_run-4_eeg.set,250.0
44,CPZ,14.242843627929688,76.19047546386719,-0.7074384689331055,False,False,sub-011,sub-011_ses-01_task-WorkingMemory_run-4_eeg.set,250.0
45,CP2,13.888106346130371,73.74847412109375,-0.8203380107879639,False,False,sub-011,sub-011_ses-01_task-WorkingMemory_run-4_eeg.set,250.0
46,CP4,14.253336906433105,74.23687744140625,-0.7040988206863403,False,False,sub-011,sub-011_ses-01_task-WorkingMemory_run-4_eeg.set,250.0
47,CP6,14.334753036499023,76.19047546386719,-0.6781871318817139,False,False,sub-011,sub-011_ses-01_task-WorkingMemory_run-4_eeg.set,250.0
48,TP8,14.974435806274414,81.07447814941406,-0.4746001064777374,False,False,sub-011,sub-011_ses-01_task-WorkingMemory_run-4_eeg.set,250.0
49,TP10,14.76540756225586,76.67887878417969,-0.5411259531974792,False,False,sub-011,sub-011_ses-01_task-WorkingMemory_run-4_eeg.set,250.0
50,P7,14.7738037109375,77.65568542480469,-0.5384538173675537,False,False,sub-011,sub-011_ses-01_task-WorkingMemory_run-4_eeg.set,250.0
51,P5,13.688523292541504,71.79487609863281,-0.883857786655426,False,False,sub-011,sub-011_ses-01_task-WorkingMemory_run-4_eeg.set,250.0
52,P3,14.633188247680664,74.23687744140625,-0.5832063555717468,False,False,sub-011,sub-011_ses-01_task-WorkingMemory_run-4_eeg.set,250.0
53,P1,14.822025299072266,78.14408111572266,-0.5231066942214966,False,False,sub-011,sub-011_ses-01_task-WorkingMemory_run-4_eeg.set,250.0
54,PZ,14.771232604980469,75.21367645263672,-0.5392720699310303,False,False,sub-011,sub-011_ses-01_task-WorkingMemory_run-4_eeg.set,250.0
55,P2,14.6973237991333,77.65567779541016,-0.5627944469451904,False,False,sub-011,sub-011_ses-01_task-WorkingMemory_run-4_eeg.set,250.0
56,P4,14.434494972229004,73.74847412109375,-0.6464430093765259,False,False,sub-011,sub-011_ses-01_task-WorkingMemory_run-4_eeg.set,250.0
57,P6,15.165545463562012,80.5860824584961,-0.41377708315849304,False,False,sub-011,sub-011_ses-01_task-WorkingMemory_run-4_eeg.set,250.0
58,P8,14.505202293395996,75.21367645263672,-0.6239395141601562,False,False,sub-011,sub-011_ses-01_task-WorkingMemory_run-4_eeg.set,250.0
59,PO9,27.83406639099121,177.7777862548828,3.6181375980377197,False,False,sub-011,sub-011_ses-01_task-WorkingMemory_run-4_eeg.set,250.0
60,PO7,30.824111938476562,166.54457092285156,4.569756984710693,False,False,sub-011,sub-011_ses-01_task-WorkingMemory_run-4_eeg.set,250.0
61,PO3,29.4067325592041,156.7765655517578,4.118658065795898,False,False,sub-011,sub-011_ses-01_task-WorkingMemory_run-4_eeg.set,250.0
62,POZ,14.542096138000488,79.12088012695312,-0.6121975779533386,False,False,sub-011,sub-011_ses-01_task-WorkingMemory_run-4_eeg.set,250.0
63,PO4,14.861489295959473,77.16728210449219,-0.5105467438697815,False,False,sub-011,sub-011_ses-01_task-WorkingMemory_run-4_eeg.set,250.0
64,PO8,14.3441801071167,74.23687744140625,-0.6751868724822998,False,False,sub-011,sub-011_ses-01_task-WorkingMemory_run-4_eeg.set,250.0
65,PO10,14.346338272094727,74.72528076171875,-0.6744999885559082,False,False,sub-011,sub-011_ses-01_task-WorkingMemory_run-4_eeg.set,250.0
66,O1,14.576793670654297,75.70207214355469,-0.6011546850204468,False,False,sub-011,sub-011_ses-01_task-WorkingMemory_run-4_eeg.set,250.0
67,OZ,23.569591522216797,130.40292358398438,2.260915517807007,False,False,sub-011,sub-011_ses-01_task-WorkingMemory_run-4_eeg.set,250.0
68,O2,14.924175262451172,78.14407348632812,-0.49059614539146423,False,False,sub-011,sub-011_ses-01_task-WorkingMemory_run-4_eeg.set,250.0
69,LEYE,15.581317901611328,82.53968811035156,-0.28145232796669006,False,False,sub-011,sub-011_ses-01_task-WorkingMemory_run-4_eeg.set,250.0
70,REYE,70.16104888916016,497.19171142578125,17.0892276763916,False,True,sub-011,sub-011_ses-01_task-WorkingMemory_run-4_eeg.set,250.0
0,FP1,63.88747787475586,393.65081787109375,1.2200298309326172,False,False,sub-012,sub-012_ses-01_task-WorkingMemory_run-1_eeg.set,250.0
1,FPZ,40.8987922668457,213.43101501464844,-0.3854292631149292,False,False,sub-012,sub-012_ses-01_task-WorkingMemory_run-1_eeg.set,250.0
2,FP2,38.05394744873047,211.4774169921875,-0.5841044187545776,False,False,sub-012,sub-012_ses-01_task-WorkingMemory_run-1_eeg.set,250.0
3,AF7,38.39994430541992,211.4774169921875,-0.5599411129951477,False,False,sub-012,sub-012_ses-01_task-WorkingMemory_run-1_eeg.set,250.0
4,AF3,37.598480224609375,210.989013671875,-0.615912914276123,False,False,sub-012,sub-012_ses-01_task-WorkingMemory_run-1_eeg.set,250.0
5,AFZ,45.52130126953125,272.5274658203125,-0.06260744482278824,False,False,sub-012,sub-012_ses-01_task-WorkingMemory_run-1_eeg.set,250.0
6,AF4,37.15460968017578,197.31381225585938,-0.6469114422798157,False,False,sub-012,sub-012_ses-01_task-WorkingMemory_run-1_eeg.set,250.0
7,AF8,26.479902267456055,138.70574951171875,-1.3924001455307007,False,False,sub-012,sub-012_ses-01_task-WorkingMemory_run-1_eeg.set,250.0
8,F9,46.72659683227539,306.22711181640625,0.021566689014434814,False,False,sub-012,sub-012_ses-01_task-WorkingMemory_run-1_eeg.set,250.0
9,F7,42.6361083984375,259.8290710449219,-0.26410043239593506,False,False,sub-012,sub-012_ses-01_task-WorkingMemory_run-1_eeg.set,250.0
10,F5,36.80229949951172,216.36141967773438,-0.671515703201294,False,False,sub-012,sub-012_ses-01_task-WorkingMemory_run-1_eeg.set,250.0
11,F3,48.80779266357422,310.62274169921875,0.16691100597381592,False,False,sub-012,sub-012_ses-01_task-WorkingMemory_run-1_eeg.set,250.0
12,F1,53.60693359375,321.8559265136719,0.502068281173706,False,False,sub-012,sub-012_ses-01_task-WorkingMemory_run-1_eeg.set,250.0
13,FZ,34.45063400268555,204.63980102539062,-0.8357487916946411,False,False,sub-012,sub-012_ses-01_task-WorkingMemory_run-1_eeg.set,250.0
14,F2,29.855159759521484,168.009765625,-1.1566826105117798,False,False,sub-012,sub-012_ses-01_task-WorkingMemory_run-1_eeg.set,250.0
15,F4,30.88965606689453,172.40538024902344,-1.0844365358352661,False,False,sub-012,sub-012_ses-01_task-WorkingMemory_run-1_eeg.set,250.0
16,F6,57.79852294921875,334.5641174316406,0.7947959303855896,False,False,sub-012,sub-012_ses-01_task-WorkingMemory_run-1_eeg.set,250.0
17,F8,72.40962219238281,414.66180419921875,1.8151901960372925,False,False,sub-012,sub-012_ses-01_task-WorkingMemory_run-1_eeg.set,250.0
18,F10,56.01081848144531,329.18194580078125,0.669948160648346,False,False,sub-012,sub-012_ses-01_task-WorkingMemory_run-1_eeg.set,250.0
19,FT9,59.767578125,311.6092834472656,0.9323086738586426,False,False,sub-012,sub-012_ses-01_task-WorkingMemory_run-1_eeg.set,250.0
20,FT7,32.61805725097656,175.33578491210938,-0.9637302756309509,False,False,sub-012,sub-012_ses-01_task-WorkingMemory_run-1_eeg.set,250.0
21,FC5,63.61048889160156,375.5799865722656,1.200685739517212,False,False,sub-012,sub-012_ses-01_task-WorkingMemory_run-1_eeg.set,250.0
22,FC3,53.430904388427734,325.2845153808594,0.4897748827934265,False,False,sub-012,sub-012_ses-01_task-WorkingMemory_run-1_eeg.set,250.0
23,FC1,26.15618896484375,134.7985382080078,-1.41500723361969,False,False,sub-012,sub-012_ses-01_task-WorkingMemory_run-1_eeg.set,250.0
24,FCZ,64.35386657714844,373.1379699707031,1.2526010274887085,False,False,sub-012,sub-012_ses-01_task-WorkingMemory_run-1_eeg.set,250.0
25,FC2,57.830806732177734,324.29791259765625,0.7970505356788635,False,False,sub-012,sub-012_ses-01_task-WorkingMemory_run-1_eeg.set,250.0
26,FC4,59.941856384277344,336.996337890625,0.944479763507843,False,False,sub-012,sub-012_ses-01_task-WorkingMemory_run-1_eeg.set,250.0
27,FC6,53.70158004760742,303.7851257324219,0.5086780786514282,False,False,sub-012,sub-012_ses-01_task-WorkingMemory_run-1_eeg.set,250.0
28,FT8,42.35539245605469,217.33822631835938,-0.2837047576904297,False,False,sub-012,sub-012_ses-01_task-WorkingMemory_run-1_eeg.set,250.0
29,FT10,28.724363327026367,147.008544921875,-1.2356538772583008,False,False,sub-012,sub-012_ses-01_task-WorkingMemory_run-1_eeg.set,250.0
30,T7,72.94857025146484,563.125732421875,1.8528285026550293,False,False,sub-012,sub-012_ses-01_task-WorkingMemory_run-1_eeg.set,250.0
31,C5,52.48854446411133,395.6044006347656,0.42396339774131775,False,False,sub-012,sub-012_ses-01_task-WorkingMemory_run-1_eeg.set,250.0
32,C3,59.57072448730469,362.3931884765625,0.9185609817504883,False,False,sub-012,sub-012_ses-01_task-WorkingMemory_run-1_eeg.set,250.0
33,C1,42.64289855957031,246.6422576904297,-0.26362624764442444,False,False,sub-012,sub-012_ses-01_task-WorkingMemory_run-1_eeg.set,250.0
34,CZ,26.570589065551758,143.58975219726562,-1.3860669136047363,False,False,sub-012,sub-012_ses-01_task-WorkingMemory_run-1_eeg.set,250.0
35,C2,54.73936080932617,308.6690979003906,0.5811534523963928,False,False,sub-012,sub-012_ses-01_task-WorkingMemory_run-1_eeg.set,250.0
36,C4,42.641605377197266,263.24786376953125,-0.26371654868125916,False,False,sub-012,sub-012_ses-01_task-WorkingMemory_run-1_eeg.set,250.0
37,C6,26.916399002075195,130.89132690429688,-1.3619165420532227,False,False,sub-012,sub-012_ses-01_task-WorkingMemory_run-1_eeg.set,250.0
38,T8,53.40245819091797,325.76312255859375,0.48778828978538513,False,False,sub-012,sub-012_ses-01_task-WorkingMemory_run-1_eeg.set,250.0
39,TP9,26.08868408203125,132.35653686523438,-1.4197216033935547,False,False,sub-012,sub-012_ses-01_task-WorkingMemory_run-1_eeg.set,250.0
40,TP7,52.090423583984375,327.22833251953125,0.3961598575115204,False,False,sub-012,sub-012_ses-01_task-WorkingMemory_run-1_eeg.set,250.0
41,CP5,48.45132827758789,283.27227783203125,0.14201663434505463,False,False,sub-012,sub-012_ses-01_task-WorkingMemory_run-1_eeg.set,250.0
42,CP3,46.417781829833984,264.22467041015625,0.0,False,False,sub-012,sub-012_ses-01_task-WorkingMemory_run-1_eeg.set,250.0
43,CP1,36.75956726074219,204.15139770507812,-0.6744999885559082,False,False,sub-012,sub-012_ses-01_task-WorkingMemory_run-1_eeg.set,250.0
44,CPZ,63.96110534667969,397.06964111328125,1.225171685218811,False,False,sub-012,sub-012_ses-01_task-WorkingMemory_run-1_eeg.set,250.0
45,CP2,42.65100860595703,238.33944702148438,-0.2630598545074463,False,False,sub-012,sub-012_ses-01_task-WorkingMemory_run-1_eeg.set,250.0
46,CP4,48.30323028564453,273.015869140625,0.1316739171743393,False,False,sub-012,sub-012_ses-01_task-WorkingMemory_run-1_eeg.set,250.0
47,CP6,52.47336196899414,314.04150390625,0.4229030907154083,False,False,sub-012,sub-012_ses-01_task-WorkingMemory_run-1_eeg.set,250.0
48,TP8,71.70780944824219,362.891357421875,1.7661776542663574,False,False,sub-012,sub-012_ses-01_task-WorkingMemory_run-1_eeg.set,250.0
49,TP10,40.26015853881836,233.95361328125,-0.4300294816493988,False,False,sub-012,sub-012_ses-01_task-WorkingMemory_run-1_eeg.set,250.0
50,P7,50.225032806396484,294.993896484375,0.26588669419288635,False,False,sub-012,sub-012_ses-01_task-WorkingMemory_run-1_eeg.set,250.0
51,P5,31.870962142944336,180.21978759765625,-1.0159051418304443,False,False,sub-012,sub-012_ses-01_task-WorkingMemory_run-1_eeg.set,250.0
52,P3,28.061023712158203,137.72894287109375,-1.2819794416427612,False,False,sub-012,sub-012_ses-01_task-WorkingMemory_run-1_eeg.set,250.0
53,P1,36.41654968261719,207.57022094726562,-0.698455274105072,False,False,sub-012,sub-012_ses-01_task-WorkingMemory_run-1_eeg.set,250.0
54,PZ,125.58601379394531,904.5469970703125,5.528865337371826,False,False,sub-012,sub-012_ses-01_task-WorkingMemory_run-1_eeg.set,250.0
55,P2,97.45491790771484,586.5690307617188,3.564276695251465,False,False,sub-012,sub-012_ses-01_task-WorkingMemory_run-1_eeg.set,250.0
56,P4,41.19984817504883,252.0244140625,-0.36440443992614746,False,False,sub-012,sub-012_ses-01_task-WorkingMemory_run-1_eeg.set,250.0
57,P6,28.40913200378418,147.008544921875,-1.2576687335968018,False,False,sub-012,sub-012_ses-01_task-WorkingMemory_run-1_eeg.set,250.0
58,P8,56.339576721191406,336.01953125,0.6929076313972473,False,False,sub-012,sub-012_ses-01_task-WorkingMemory_run-1_eeg.set,250.0
59,PO9,48.50668716430664,305.73870849609375,0.1458827257156372,False,False,sub-012,sub-012_ses-01_task-WorkingMemory_run-1_eeg.set,250.0
60,PO7,67.21236419677734,411.23321533203125,1.452229619026184,False,False,sub-012,sub-012_ses-01_task-WorkingMemory_run-1_eeg.set,250.0
61,PO3,46.38303756713867,258.3638610839844,-0.0024264322128146887,False,False,sub-012,sub-012_ses-01_task-WorkingMemory_run-1_eeg.set,250.0
62,POZ,57.48025894165039,322.35406494140625,0.7725693583488464,False,False,sub-012,sub-012_ses-01_task-WorkingMemory_run-1_eeg.set,250.0
63,PO4,59.46603012084961,345.78753662109375,0.9112495183944702,False,False,sub-012,sub-012_ses-01_task-WorkingMemory_run-1_eeg.set,250.0
64,PO8,37.7707405090332,203.1746063232422,-0.6038827896118164,False,False,sub-012,sub-012_ses-01_task-WorkingMemory_run-1_eeg.set,250.0
65,PO10,32.49949645996094,168.00978088378906,-0.9720101952552795,False,False,sub-012,sub-012_ses-01_task-WorkingMemory_run-1_eeg.set,250.0
66,O1,49.025245666503906,266.67645263671875,0.18209725618362427,False,False,sub-012,sub-012_ses-01_task-WorkingMemory_run-1_eeg.set,250.0
67,OZ,49.79810333251953,308.66912841796875,0.23607125878334045,False,False,sub-012,sub-012_ses-01_task-WorkingMemory_run-1_eeg.set,250.0
68,O2,41.80432891845703,252.5030517578125,-0.3221893608570099,False,False,sub-012,sub-012_ses-01_task-WorkingMemory_run-1_eeg.set,250.0
69,LEYE,30.151626586914062,172.41514587402344,-1.1359782218933105,False,False,sub-012,sub-012_ses-01_task-WorkingMemory_run-1_eeg.set,250.0
70,REYE,33.73649215698242,181.68499755859375,-0.8856222629547119,False,False,sub-012,sub-012_ses-01_task-WorkingMemory_run-1_eeg.set,250.0
0,FP1,37.99115753173828,203.1746063232422,-0.44004198908805847,False,False,sub-012,sub-012_ses-01_task-WorkingMemory_run-2_eeg.set,250.0
1,FPZ,41.6805305480957,252.01466369628906,-0.1901102513074875,False,False,sub-012,sub-012_ses-01_task-WorkingMemory_run-2_eeg.set,250.0
2,FP2,57.0089225769043,340.4151611328125,0.8482916951179504,False,False,sub-012,sub-012_ses-01_task-WorkingMemory_run-2_eeg.set,250.0
3,AF7,58.47852325439453,352.13677978515625,0.947847843170166,False,False,sub-012,sub-012_ses-01_task-WorkingMemory_run-2_eeg.set,250.0
4,AF3,87.07711791992188,505.4945068359375,2.8852221965789795,False,False,sub-012,sub-012_ses-01_task-WorkingMemory_run-2_eeg.set,250.0
5,AFZ,62.95140838623047,394.62762451171875,1.2508575916290283,False,False,sub-012,sub-012_ses-01_task-WorkingMemory_run-2_eeg.set,250.0
6,AF4,50.31000518798828,328.69354248046875,0.39448225498199463,False,False,sub-012,sub-012_ses-01_task-WorkingMemory_run-2_eeg.set,250.0
7,AF8,71.3147964477539,403.9072265625,1.8174244165420532,False,False,sub-012,sub-012_ses-01_task-WorkingMemory_run-2_eeg.set,250.0
8,F9,43.164527893066406,263.24786376953125,-0.089578777551651,False,False,sub-012,sub-012_ses-01_task-WorkingMemory_run-2_eeg.set,250.0
9,F7,63.18146896362305,369.23077392578125,1.2664427757263184,False,False,sub-012,sub-012_ses-01_task-WorkingMemory_run-2_eeg.set,250.0
10,F5,41.8004150390625,241.2698516845703,-0.18198882043361664,False,False,sub-012,sub-012_ses-01_task-WorkingMemory_run-2_eeg.set,250.0
11,F3,90.69566345214844,601.2210083007812,3.1303560733795166,False,False,sub-012,sub-012_ses-01_task-WorkingMemory_run-2_eeg.set,250.0
12,F1,41.628440856933594,284.73748779296875,-0.19363899528980255,False,False,sub-012,sub-012_ses-01_task-WorkingMemory_run-2_eeg.set,250.0
13,FZ,51.511009216308594,283.76068115234375,0.47584268450737,False,False,sub-012,sub-012_ses-01_task-WorkingMemory_run-2_eeg.set,250.0
14,F2,73.00513458251953,407.8144226074219,1.931934118270874,False,False,sub-012,sub-012_ses-01_task-WorkingMemory_run-2_eeg.set,250.0
15,F4,64.76909637451172,380.952392578125,1.3739944696426392,False,False,sub-012,sub-012_ses-01_task-WorkingMemory_run-2_eeg.set,250.0
16,F6,39.98829650878906,212.942626953125,-0.30474841594696045,False,False,sub-012,sub-012_ses-01_task-WorkingMemory_run-2_eeg.set,250.0
17,F8,35.80079650878906,189.4993896484375,-0.5884251594543457,False,False,sub-012,sub-012_ses-01_task-WorkingMemory_run-2_eeg.set,250.0
18,F10,59.545021057128906,385.8363952636719,1.0200963020324707,False,False,sub-012,sub-012_ses-01_task-WorkingMemory_run-2_eeg.set,250.0
19,FT9,40.71650695800781,223.19903564453125,-0.25541675090789795,False,False,sub-012,sub-012_ses-01_task-WorkingMemory_run-2_eeg.set,250.0
20,FT7,35.38630676269531,202.68621826171875,-0.6165041923522949,False,False,sub-012,sub-012_ses-01_task-WorkingMemory_run-2_eeg.set,250.0
21,FC5,89.06555938720703,509.4017333984375,3.0199265480041504,False,False,sub-012,sub-012_ses-01_task-WorkingMemory_run-2_eeg.set,250.0
22,FC3,41.596500396728516,243.71185302734375,-0.1958027482032776,False,False,sub-012,sub-012_ses-01_task-WorkingMemory_run-2_eeg.set,250.0
23,FC1,43.68586730957031,261.7826843261719,-0.05426131933927536,False,False,sub-012,sub-012_ses-01_task-WorkingMemory_run-2_eeg.set,250.0
24,FCZ,35.24220275878906,187.54580688476562,-0.626266360282898,False,False,sub-012,sub-012_ses-01_task-WorkingMemory_run-2_eeg.set,250.0
25,FC2,65.93042755126953,409.92431640625,1.4526673555374146,False,False,sub-012,sub-012_ses-01_task-WorkingMemory_run-2_eeg.set,250.0
26,FC4,44.69020080566406,253.96826171875,0.013775943778455257,False,False,sub-012,sub-012_ses-01_task-WorkingMemory_run-2_eeg.set,250.0
27,FC6,41.169944763183594,244.52259826660156,-0.2246992141008377,False,False,sub-012,sub-012_ses-01_task-WorkingMemory_run-2_eeg.set,250.0
28,FT8,51.5562744140625,305.73870849609375,0.47890913486480713,False,False,sub-012,sub-012_ses-01_task-WorkingMemory_run-2_eeg.set,250.0
29,FT10,55.92241287231445,338.7839050292969,0.7746875286102295,False,False,sub-012,sub-012_ses-01_task-WorkingMemory_run-2_eeg.set,250.0
30,T7,36.0452766418457,206.10501098632812,-0.5718631744384766,False,False,sub-012,sub-012_ses-01_task-WorkingMemory_run-2_eeg.set,250.0
31,C5,50.55276107788086,326.73992919921875,0.410927414894104,False,False,sub-012,sub-012_ses-01_task-WorkingMemory_run-2_eeg.set,250.0
32,C3,30.673473358154297,171.91697692871094,-0.9357689619064331,False,False,sub-012,sub-012_ses-01_task-WorkingMemory_run-2_eeg.set,250.0
33,C1,52.13502883911133,296.4591064453125,0.5181161165237427,False,False,sub-012,sub-012_ses-01_task-WorkingMemory_run-2_eeg.set,250.0
34,CZ,34.53020095825195,191.4530029296875,-0.6744999885559082,False,False,sub-012,sub-012_ses-01_task-WorkingMemory_run-2_eeg.set,250.0
35,C2,33.79811477661133,205.12820434570312,-0.7240942120552063,False,False,sub-012,sub-012_ses-01_task-WorkingMemory_run-2_eeg.set,250.0
36,C4,35.80759811401367,184.61538696289062,-0.5879643559455872,False,False,sub-012,sub-012_ses-01_task-WorkingMemory_run-2_eeg.set,250.0
37,C6,25.865522384643555,135.7753448486328,-1.2614773511886597,False,False,sub-012,sub-012_ses-01_task-WorkingMemory_run-2_eeg.set,250.0
38,T8,47.041011810302734,284.24908447265625,0.17302855849266052,False,False,sub-012,sub-012_ses-01_task-WorkingMemory_run-2_eeg.set,250.0
39,TP9,61.75914764404297,413.18682861328125,1.1700894832611084,False,False,sub-012,sub-012_ses-01_task-WorkingMemory_run-2_eeg.set,250.0
40,TP7,36.41181564331055,204.6398162841797,-0.5470324754714966,False,False,sub-012,sub-012_ses-01_task-WorkingMemory_run-2_eeg.set,250.0
41,CP5,56.97047424316406,366.78875732421875,0.8456869721412659,False,False,sub-012,sub-012_ses-01_task-WorkingMemory_run-2_eeg.set,250.0
42,CP3,71.2707290649414,428.3272399902344,1.814439296722412,False,False,sub-012,sub-012_ses-01_task-WorkingMemory_run-2_eeg.set,250.0
43,CP1,31.029001235961914,171.91697692871094,-0.9116842150688171,False,False,sub-012,sub-012_ses-01_task-WorkingMemory_run-2_eeg.set,250.0
44,CPZ,37.23168182373047,224.6642303466797,-0.4914916753768921,False,False,sub-012,sub-012_ses-01_task-WorkingMemory_run-2_eeg.set,250.0
45,CP2,40.577598571777344,248.10745239257812,-0.2648269236087799,False,False,sub-012,sub-012_ses-01_task-WorkingMemory_run-2_eeg.set,250.0
46,CP4,54.928253173828125,304.10748291015625,0.7073394656181335,False,False,sub-012,sub-012_ses-01_task-WorkingMemory_run-2_eeg.set,250.0
47,CP6,55.83715057373047,324.78631591796875,0.7689115405082703,False,False,sub-012,sub-012_ses-01_task-WorkingMemory_run-2_eeg.set,250.0
48,TP8,57.064727783203125,343.990234375,0.8520721793174744,False,False,sub-012,sub-012_ses-01_task-WorkingMemory_run-2_eeg.set,250.0
49,TP10,34.343475341796875,214.40782165527344,-0.6871494650840759,False,False,sub-012,sub-012_ses-01_task-WorkingMemory_run-2_eeg.set,250.0
50,P7,44.486846923828125,279.3651123046875,0.0,False,False,sub-012,sub-012_ses-01_task-WorkingMemory_run-2_eeg.set,250.0
51,P5,42.46051025390625,240.7814483642578,-0.13727153837680817,False,False,sub-012,sub-012_ses-01_task-WorkingMemory_run-2_eeg.set,250.0
52,P3,57.17079544067383,353.11358642578125,0.8592575788497925,False,False,sub-012,sub-012_ses-01_task-WorkingMemory_run-2_eeg.set,250.0
53,P1,42.654781341552734,210.989013671875,-0.12411089986562729,False,False,sub-012,sub-012_ses-01_task-WorkingMemory_run-2_eeg.set,250.0
54,PZ,26.974878311157227,149.93896484375,-1.1863254308700562,False,False,sub-012,sub-012_ses-01_task-WorkingMemory_run-2_eeg.set,250.0
55,P2,46.55105972290039,291.0867004394531,0.13983739912509918,False,False,sub-012,sub-012_ses-01_task-WorkingMemory_run-2_eeg.set,250.0
56,P4,66.64968872070312,403.9072265625,1.5013927221298218,False,False,sub-012,sub-012_ses-01_task-WorkingMemory_run-2_eeg.set,250.0
57,P6,33.54450225830078,192.91819763183594,-0.741274893283844,False,False,sub-012,sub-012_ses-01_task-WorkingMemory_run-2_eeg.set,250.0
58,P8,29.958951950073242,156.7765655517578,-0.9841732382774353,False,False,sub-012,sub-012_ses-01_task-WorkingMemory_run-2_eeg.set,250.0
59,PO9,43.35356140136719,245.01100158691406,-0.07677295058965683,False,False,sub-012,sub-012_ses-01_task-WorkingMemory_run-2_eeg.set,250.0
60,PO7,36.422752380371094,209.35775756835938,-0.5462915897369385,False,False,sub-012,sub-012_ses-01_task-WorkingMemory_run-2_eeg.set,250.0
61,PO3,56.28573226928711,320.879150390625,0.7993000745773315,False,False,sub-012,sub-012_ses-01_task-WorkingMemory_run-2_eeg.set,250.0
62,POZ,61.375640869140625,356.854736328125,1.1441092491149902,False,False,sub-012,sub-012_ses-01_task-WorkingMemory_run-2_eeg.set,250.0
63,PO4,60.95417785644531,379.4871826171875,1.1155579090118408,False,False,sub-012,sub-012_ses-01_task-WorkingMemory_run-2_eeg.set,250.0
64,PO8,42.758914947509766,224.17584228515625,-0.11705650389194489,False,False,sub-012,sub-012_ses-01_task-WorkingMemory_run-2_eeg.set,250.0
65,PO10,86.43339538574219,493.7729187011719,2.841614246368408,False,False,sub-012,sub-012_ses-01_task-WorkingMemory_run-2_eeg.set,250.0
66,O1,86.78813171386719,502.07568359375,2.865645408630371,False,False,sub-012,sub-012_ses-01_task-WorkingMemory_run-2_eeg.set,250.0
67,OZ,35.520328521728516,209.52381896972656,-0.6074250936508179,False,False,sub-012,sub-012_ses-01_task-WorkingMemory_run-2_eeg.set,250.0
68,O2,27.32717514038086,143.10134887695312,-1.1624596118927002,False,False,sub-012,sub-012_ses-01_task-WorkingMemory_run-2_eeg.set,250.0
69,LEYE,46.0910530090332,258.3638610839844,0.10867484658956528,False,False,sub-012,sub-012_ses-01_task-WorkingMemory_run-2_eeg.set,250.0
70,REYE,43.967193603515625,258.3638610839844,-0.0352032370865345,False,False,sub-012,sub-012_ses-01_task-WorkingMemory_run-2_eeg.set,250.0
0,FP1,48.483985900878906,301.1086730957031,0.13080833852291107,False,False,sub-012,sub-012_ses-01_task-WorkingMemory_run-3_eeg.set,250.0
1,FPZ,101.11238861083984,612.4737548828125,3.517056941986084,False,False,sub-012,sub-012_ses-01_task-WorkingMemory_run-3_eeg.set,250.0
2,FP2,65.42859649658203,403.4188232421875,1.2210687398910522,False,False,sub-012,sub-012_ses-01_task-WorkingMemory_run-3_eeg.set,250.0
3,AF7,143.81614685058594,1185.83642578125,6.26472806930542,False,True,sub-012,sub-012_ses-01_task-WorkingMemory_run-3_eeg.set,250.0
4,AF3,104.13896179199219,571.4285888671875,3.71179461479187,False,False,sub-012,sub-012_ses-01_task-WorkingMemory_run-3_eeg.set,250.0
5,AFZ,54.86050796508789,314.04150390625,0.5410904288291931,False,False,sub-012,sub-012_ses-01_task-WorkingMemory_run-3_eeg.set,250.0
6,AF4,47.90830993652344,271.8046569824219,0.09376784414052963,False,False,sub-012,sub-012_ses-01_task-WorkingMemory_run-3_eeg.set,250.0
7,AF8,73.2439193725586,444.4444580078125,1.7239270210266113,False,False,sub-012,sub-012_ses-01_task-WorkingMemory_run-3_eeg.set,250.0
8,F9,78.01317596435547,399.023193359375,2.0307934284210205,False,False,sub-012,sub-012_ses-01_task-WorkingMemory_run-3_eeg.set,250.0
9,F7,57.36882781982422,360.927978515625,0.7024822235107422,False,False,sub-012,sub-012_ses-01_task-WorkingMemory_run-3_eeg.set,250.0
10,F5,58.466636657714844,334.0659484863281,0.7731180787086487,False,False,sub-012,sub-012_ses-01_task-WorkingMemory_run-3_eeg.set,250.0
11,F3,36.568084716796875,201.70941162109375,-0.6358917951583862,False,False,sub-012,sub-012_ses-01_task-WorkingMemory_run-3_eeg.set,250.0
12,F1,52.3985481262207,316.24908447265625,0.3826814591884613,False,False,sub-012,sub-012_ses-01_task-WorkingMemory_run-3_eeg.set,250.0
13,FZ,34.6285514831543,199.75579833984375,-0.760686457157135,False,False,sub-012,sub-012_ses-01_task-WorkingMemory_run-3_eeg.set,250.0
14,F2,49.23353576660156,308.18072509765625,0.17903633415699005,False,False,sub-012,sub-012_ses-01_task-WorkingMemory_run-3_eeg.set,250.0
15,F4,40.4190788269043,242.73504638671875,-0.38810884952545166,False,False,sub-012,sub-012_ses-01_task-WorkingMemory_run-3_eeg.set,250.0
16,F6,31.32921028137207,176.80099487304688,-0.9729746580123901,False,False,sub-012,sub-012_ses-01_task-WorkingMemory_run-3_eeg.set,250.0
17,F8,46.45098876953125,275.4578857421875,0.0,False,False,sub-012,sub-012_ses-01_task-WorkingMemory_run-3_eeg.set,250.0
18,F10,48.191139221191406,288.15631103515625,0.11196582019329071,False,False,sub-012,sub-012_ses-01_task-WorkingMemory_run-3_eeg.set,250.0
19,FT9,41.557071685791016,245.4310302734375,-0.3148873746395111,False,False,sub-012,sub-012_ses-01_task-WorkingMemory_run-3_eeg.set,250.0
20,FT7,51.675514221191406,315.76068115234375,0.3361596167087555,False,False,sub-012,sub-012_ses-01_task-WorkingMemory_run-3_eeg.set,250.0
21,FC5,70.22500610351562,409.76800537109375,1.5296822786331177,False,False,sub-012,sub-012_ses-01_task-WorkingMemory_run-3_eeg.set,250.0
22,FC3,43.77560806274414,245.17706298828125,-0.172140970826149,False,False,sub-012,sub-012_ses-01_task-WorkingMemory_run-3_eeg.set,250.0
23,FC1,46.26127624511719,268.13189697265625,-0.012206599116325378,False,False,sub-012,sub-012_ses-01_task-WorkingMemory_run-3_eeg.set,250.0
24,FCZ,41.67839050292969,257.8754577636719,-0.307081401348114,False,False,sub-012,sub-012_ses-01_task-WorkingMemory_run-3_eeg.set,250.0
25,FC2,38.61897659301758,223.68743896484375,-0.5039320588111877,False,False,sub-012,sub-012_ses-01_task-WorkingMemory_run-3_eeg.set,250.0
26,FC4,49.354732513427734,284.73748779296875,0.1868344396352768,False,False,sub-012,sub-012_ses-01_task-WorkingMemory_run-3_eeg.set,250.0
27,FC6,100.56026458740234,547.9853515625,3.481531858444214,False,False,sub-012,sub-012_ses-01_task-WorkingMemory_run-3_eeg.set,250.0
28,FT8,59.5116081237793,348.71795654296875,0.8403542637825012,False,False,sub-012,sub-012_ses-01_task-WorkingMemory_run-3_eeg.set,250.0
29,FT10,59.49525451660156,335.042724609375,0.8393020629882812,False,False,sub-012,sub-012_ses-01_task-WorkingMemory_run-3_eeg.set,250.0
30,T7,44.64956283569336,254.22222900390625,-0.11590844392776489,False,False,sub-012,sub-012_ses-01_task-WorkingMemory_run-3_eeg.set,250.0
31,C5,61.46926498413086,353.11358642578125,0.9663150906562805,False,False,sub-012,sub-012_ses-01_task-WorkingMemory_run-3_eeg.set,250.0
32,C3,49.97768020629883,331.8779296875,0.22691653668880463,False,False,sub-012,sub-012_ses-01_task-WorkingMemory_run-3_eeg.set,250.0
33,C1,26.25040054321289,137.24053955078125,-1.2997585535049438,False,False,sub-012,sub-012_ses-01_task-WorkingMemory_run-3_eeg.set,250.0
34,CZ,47.24713897705078,315.2723083496094,0.05122637748718262,False,False,sub-012,sub-012_ses-01_task-WorkingMemory_run-3_eeg.set,250.0
35,C2,45.704444885253906,252.991455078125,-0.048034582287073135,False,False,sub-012,sub-012_ses-01_task-WorkingMemory_run-3_eeg.set,250.0
36,C4,40.445499420166016,247.38461303710938,-0.38640886545181274,False,False,sub-012,sub-012_ses-01_task-WorkingMemory_run-3_eeg.set,250.0
37,C6,28.546314239501953,157.7533721923828,-1.1520334482192993,False,False,sub-012,sub-012_ses-01_task-WorkingMemory_run-3_eeg.set,250.0
38,T8,25.56020164489746,146.52015686035156,-1.344167709350586,False,False,sub-012,sub-012_ses-01_task-WorkingMemory_run-3_eeg.set,250.0
39,TP9,49.561161041259766,283.0378723144531,0.2001166045665741,False,False,sub-012,sub-012_ses-01_task-WorkingMemory_run-3_eeg.set,250.0
40,TP7,34.053062438964844,192.918212890625,-0.79771488904953,False,False,sub-012,sub-012_ses-01_task-WorkingMemory_run-3_eeg.set,250.0
41,CP5,33.27634811401367,213.4310302734375,-0.847690761089325,False,False,sub-012,sub-012_ses-01_task-WorkingMemory_run-3_eeg.set,250.0
42,CP3,56.28373336791992,354.3443298339844,0.6326644420623779,False,False,sub-012,sub-012_ses-01_task-WorkingMemory_run-3_eeg.set,250.0
43,CP1,32.546504974365234,183.1501922607422,-0.8946507573127747,False,False,sub-012,sub-012_ses-01_task-WorkingMemory_run-3_eeg.set,250.0
44,CPZ,22.726675033569336,120.63491821289062,-1.5264841318130493,False,False,sub-012,sub-012_ses-01_task-WorkingMemory_run-3_eeg.set,250.0
45,CP2,48.409217834472656,286.945068359375,0.12599755823612213,False,False,sub-012,sub-012_ses-01_task-WorkingMemory_run-3_eeg.set,250.0
46,CP4,39.83549499511719,247.6190643310547,-0.42565813660621643,False,False,sub-012,sub-012_ses-01_task-WorkingMemory_run-3_eeg.set,250.0
47,CP6,55.28893280029297,335.0427551269531,0.5686563849449158,False,False,sub-012,sub-012_ses-01_task-WorkingMemory_run-3_eeg.set,250.0
48,TP8,38.080142974853516,227.59463500976562,-0.5386020541191101,False,False,sub-012,sub-012_ses-01_task-WorkingMemory_run-3_eeg.set,250.0
49,TP10,38.33687973022461,209.03541564941406,-0.5220829844474792,False,False,sub-012,sub-012_ses-01_task-WorkingMemory_run-3_eeg.set,250.0
50,P7,46.34950256347656,273.015869140625,-0.006529887672513723,False,False,sub-012,sub-012_ses-01_task-WorkingMemory_run-3_eeg.set,250.0
51,P5,37.351524353027344,210.01220703125,-0.5854832530021667,False,False,sub-012,sub-012_ses-01_task-WorkingMemory_run-3_eeg.set,250.0
52,P3,37.2913703918457,222.22222900390625,-0.5893537402153015,False,False,sub-012,sub-012_ses-01_task-WorkingMemory_run-3_eeg.set,250.0
53,P1,48.884124755859375,309.15753173828125,0.15655432641506195,False,False,sub-012,sub-012_ses-01_task-WorkingMemory_run-3_eeg.set,250.0
54,PZ,30.16706085205078,183.6385955810547,-1.0477503538131714,False,False,sub-012,sub-012_ses-01_task-WorkingMemory_run-3_eeg.set,250.0
55,P2,19.214374542236328,91.81929779052734,-1.7524747848510742,False,False,sub-012,sub-012_ses-01_task-WorkingMemory_run-3_eeg.set,250.0
56,P4,25.839797973632812,145.05494689941406,-1.3261778354644775,False,False,sub-012,sub-012_ses-01_task-WorkingMemory_run-3_eeg.set,250.0
57,P6,35.649662017822266,193.40660095214844,-0.6949855089187622,False,False,sub-012,sub-012_ses-01_task-WorkingMemory_run-3_eeg.set,250.0
58,P8,58.83278274536133,359.4627685546875,0.7966768741607666,False,False,sub-012,sub-012_ses-01_task-WorkingMemory_run-3_eeg.set,250.0
59,PO9,28.146961212158203,134.31015014648438,-1.1777288913726807,False,False,sub-012,sub-012_ses-01_task-WorkingMemory_run-3_eeg.set,250.0
60,PO7,26.48295021057129,148.4737548828125,-1.2847956418991089,False,False,sub-012,sub-012_ses-01_task-WorkingMemory_run-3_eeg.set,250.0
61,PO3,69.88382720947266,438.34918212890625,1.5077300071716309,False,False,sub-012,sub-012_ses-01_task-WorkingMemory_run-3_eeg.set,250.0
62,POZ,57.21403121948242,318.925537109375,0.6925222277641296,False,False,sub-012,sub-012_ses-01_task-WorkingMemory_run-3_eeg.set,250.0
63,PO4,40.7221794128418,225.1526336669922,-0.3686065375804901,False,False,sub-012,sub-012_ses-01_task-WorkingMemory_run-3_eeg.set,250.0
64,PO8,50.556339263916016,289.6214904785156,0.2641489803791046,False,False,sub-012,sub-012_ses-01_task-WorkingMemory_run-3_eeg.set,250.0
65,PO10,53.00486755371094,273.015869140625,0.42169368267059326,False,False,sub-012,sub-012_ses-01_task-WorkingMemory_run-3_eeg.set,250.0
66,O1,32.6630744934082,185.10379028320312,-0.8871503472328186,False,False,sub-012,sub-012_ses-01_task-WorkingMemory_run-3_eeg.set,250.0
67,OZ,56.93393325805664,334.0659484863281,0.6744999885559082,False,False,sub-012,sub-012_ses-01_task-WorkingMemory_run-3_eeg.set,250.0
68,O2,24.94574737548828,132.35653686523438,-1.383703351020813,False,False,sub-012,sub-012_ses-01_task-WorkingMemory_run-3_eeg.set,250.0
69,LEYE,64.28910064697266,408.5567932128906,1.1477506160736084,False,False,sub-012,sub-012_ses-01_task-WorkingMemory_run-3_eeg.set,250.0
70,REYE,27.895496368408203,159.70697021484375,-1.1939088106155396,False,False,sub-012,sub-012_ses-01_task-WorkingMemory_run-3_eeg.set,250.0
0,FP1,47.63563537597656,247.9400634765625,2.953561305999756,False,False,sub-014,sub-014_ses-01_task-WorkingMemory_run-1_eeg.set,1000.0
1,FPZ,53.5071907043457,299.560546875,4.038163185119629,False,False,sub-014,sub-014_ses-01_task-WorkingMemory_run-1_eeg.set,1000.0
2,FP2,66.2245864868164,626.40380859375,6.387338161468506,False,True,sub-014,sub-014_ses-01_task-WorkingMemory_run-1_eeg.set,1000.0
3,AF7,71.4232177734375,645.08056640625,7.347636699676514,False,True,sub-014,sub-014_ses-01_task-WorkingMemory_run-1_eeg.set,1000.0
4,AF3,54.01272201538086,463.4246826171875,4.131545543670654,False,False,sub-014,sub-014_ses-01_task-WorkingMemory_run-1_eeg.set,1000.0
5,AFZ,41.68962097167969,356.3690185546875,1.8552055358886719,False,False,sub-014,sub-014_ses-01_task-WorkingMemory_run-1_eeg.set,1000.0
6,AF4,37.51863098144531,270.0653076171875,1.084734559059143,False,False,sub-014,sub-014_ses-01_task-WorkingMemory_run-1_eeg.set,1000.0
7,AF8,30.850215911865234,218.56689453125,-0.147064208984375,False,False,sub-014,sub-014_ses-01_task-WorkingMemory_run-1_eeg.set,1000.0
8,F9,29.119537353515625,175.5218505859375,-0.46675750613212585,False,False,sub-014,sub-014_ses-01_task-WorkingMemory_run-1_eeg.set,1000.0
9,F7,28.03760528564453,160.46142578125,-0.6666135191917419,False,False,sub-014,sub-014_ses-01_task-WorkingMemory_run-1_eeg.set,1000.0
10,F5,27.668977737426758,164.947509765625,-0.7347068190574646,False,False,sub-014,sub-014_ses-01_task-WorkingMemory_run-1_eeg.set,1000.0
11,F3,26.21648597717285,150.5889892578125,-1.0030131340026855,False,False,sub-014,sub-014_ses-01_task-WorkingMemory_run-1_eeg.set,1000.0
12,F1,28.824756622314453,166.534423828125,-0.5212098360061646,False,False,sub-014,sub-014_ses-01_task-WorkingMemory_run-1_eeg.set,1000.0
13,FZ,25.537931442260742,142.1356201171875,-1.128356695175171,False,False,sub-014,sub-014_ses-01_task-WorkingMemory_run-1_eeg.set,1000.0
14,F2,28.07595443725586,161.1328125,-0.6595295667648315,False,False,sub-014,sub-014_ses-01_task-WorkingMemory_run-1_eeg.set,1000.0
15,F4,27.634408950805664,158.111572265625,-0.7410925030708313,False,False,sub-014,sub-014_ses-01_task-WorkingMemory_run-1_eeg.set,1000.0
16,F6,29.90289306640625,164.0625,-0.32205498218536377,False,False,sub-014,sub-014_ses-01_task-WorkingMemory_run-1_eeg.set,1000.0
17,F8,29.843769073486328,170.2880859375,-0.33297643065452576,False,False,sub-014,sub-014_ses-01_task-WorkingMemory_run-1_eeg.set,1000.0
18,F10,30.379329681396484,165.557861328125,-0.23404693603515625,False,False,sub-014,sub-014_ses-01_task-WorkingMemory_run-1_eeg.set,1000.0
19,FT9,33.33284378051758,203.61328125,0.311530202627182,False,False,sub-014,sub-014_ses-01_task-WorkingMemory_run-1_eeg.set,1000.0
20,FT7,35.56673049926758,197.3114013671875,0.724176824092865,False,False,sub-014,sub-014_ses-01_task-WorkingMemory_run-1_eeg.set,1000.0
21,FC5,34.63669204711914,200.286865234375,0.5523788332939148,False,False,sub-014,sub-014_ses-01_task-WorkingMemory_run-1_eeg.set,1000.0
22,FC3,29.344268798828125,163.787841796875,-0.4252448081970215,False,False,sub-014,sub-014_ses-01_task-WorkingMemory_run-1_eeg.set,1000.0
23,FC1,27.994911193847656,157.257080078125,-0.6744999885559082,False,False,sub-014,sub-014_ses-01_task-WorkingMemory_run-1_eeg.set,1000.0
24,FCZ,28.739978790283203,158.63037109375,-0.5368701219558716,False,False,sub-014,sub-014_ses-01_task-WorkingMemory_run-1_eeg.set,1000.0
25,FC2,29.76716423034668,169.3115234375,-0.34712696075439453,False,False,sub-014,sub-014_ses-01_task-WorkingMemory_run-1_eeg.set,1000.0
26,FC4,29.57261848449707,166.5191650390625,-0.38306373357772827,False,False,sub-014,sub-014_ses-01_task-WorkingMemory_run-1_eeg.set,1000.0
27,FC6,28.732940673828125,161.4227294921875,-0.5381701588630676,False,False,sub-014,sub-014_ses-01_task-WorkingMemory_run-1_eeg.set,1000.0
28,FT8,27.933012008666992,140.5029296875,-0.6859340667724609,False,False,sub-014,sub-014_ses-01_task-WorkingMemory_run-1_eeg.set,1000.0
29,FT10,27.948862075805664,140.07568359375,-0.683006227016449,False,False,sub-014,sub-014_ses-01_task-WorkingMemory_run-1_eeg.set,1000.0
30,T7,34.44465637207031,155.7769775390625,0.5169057846069336,False,False,sub-014,sub-014_ses-01_task-WorkingMemory_run-1_eeg.set,1000.0
31,C5,80.3382339477539,634.1552734375,8.994430541992188,False,True,sub-014,sub-014_ses-01_task-WorkingMemory_run-1_eeg.set,1000.0
32,C3,87.60240173339844,582.9620361328125,10.33627700805664,False,True,sub-014,sub-014_ses-01_task-WorkingMemory_run-1_eeg.set,1000.0
33,C1,69.53312683105469,484.7869873046875,6.998496055603027,False,True,sub-014,sub-014_ses-01_task-WorkingMemory_run-1_eeg.set,1000.0
34,CZ,74.3478012084961,600.860595703125,7.887869834899902,False,True,sub-014,sub-014_ses-01_task-WorkingMemory_run-1_eeg.set,1000.0
35,C2,59.667198181152344,452.9571533203125,5.176048278808594,False,False,sub-014,sub-014_ses-01_task-WorkingMemory_run-1_eeg.set,1000.0
36,C4,46.827552795410156,339.263916015625,2.804291248321533,False,False,sub-014,sub-014_ses-01_task-WorkingMemory_run-1_eeg.set,1000.0
37,C6,38.297481536865234,268.37158203125,1.2286049127578735,False,False,sub-014,sub-014_ses-01_task-WorkingMemory_run-1_eeg.set,1000.0
38,T8,31.74113655090332,203.2318115234375,0.01750788651406765,False,False,sub-014,sub-014_ses-01_task-WorkingMemory_run-1_eeg.set,1000.0
39,TP9,31.262441635131836,183.6090087890625,-0.0709172934293747,False,False,sub-014,sub-014_ses-01_task-WorkingMemory_run-1_eeg.set,1000.0
40,TP7,32.63789367675781,192.2607421875,0.18315808475017548,False,False,sub-014,sub-014_ses-01_task-WorkingMemory_run-1_eeg.set,1000.0
41,CP5,30.746746063232422,173.6297607421875,-0.16617728769779205,False,False,sub-014,sub-014_ses-01_task-WorkingMemory_run-1_eeg.set,1000.0
42,CP3,40.16536331176758,196.197509765625,1.573642611503601,False,False,sub-014,sub-014_ses-01_task-WorkingMemory_run-1_eeg.set,1000.0
43,CP1,48.477684020996094,360.626220703125,3.1091058254241943,False,False,sub-014,sub-014_ses-01_task-WorkingMemory_run-1_eeg.set,1000.0
44,CPZ,39.54432678222656,262.969970703125,1.4589239358901978,False,False,sub-014,sub-014_ses-01_task-WorkingMemory_run-1_eeg.set,1000.0
45,CP2,36.20161056518555,233.9935302734375,0.8414527773857117,False,False,sub-014,sub-014_ses-01_task-WorkingMemory_run-1_eeg.set,1000.0
46,CP4,33.906166076660156,207.51953125,0.41743507981300354,False,False,sub-014,sub-014_ses-01_task-WorkingMemory_run-1_eeg.set,1000.0
47,CP6,31.915193557739258,181.396484375,0.049659933894872665,False,False,sub-014,sub-014_ses-01_task-WorkingMemory_run-1_eeg.set,1000.0
48,TP8,28.628244400024414,157.5469970703125,-0.5575097799301147,False,False,sub-014,sub-014_ses-01_task-WorkingMemory_run-1_eeg.set,1000.0
49,TP10,27.535436630249023,154.7698974609375,-0.759374737739563,False,False,sub-014,sub-014_ses-01_task-WorkingMemory_run-1_eeg.set,1000.0
50,P7,31.6463565826416,168.6859130859375,0.0,False,False,sub-014,sub-014_ses-01_task-WorkingMemory_run-1_eeg.set,1000.0
51,P5,30.50331687927246,174.8809814453125,-0.2111438512802124,False,False,sub-014,sub-014_ses-01_task-WorkingMemory_run-1_eeg.set,1000.0
52,P3,30.614784240722656,172.2259521484375,-0.1905534565448761,False,False,sub-014,sub-014_ses-01_task-WorkingMemory_run-1_eeg.set,1000.0
53,P1,30.39582061767578,170.0592041015625,-0.23100070655345917,False,False,sub-014,sub-014_ses-01_task-WorkingMemory_run-1_eeg.set,1000.0
54,PZ,30.646366119384766,176.7578125,-0.18471960723400116,False,False,sub-014,sub-014_ses-01_task-WorkingMemory_run-1_eeg.set,1000.0
55,P2,27.765979766845703,160.09521484375,-0.7167885303497314,False,False,sub-014,sub-014_ses-01_task-WorkingMemory_run-1_eeg.set,1000.0
56,P4,28.446964263916016,159.7137451171875,-0.5909960865974426,False,False,sub-014,sub-014_ses-01_task-WorkingMemory_run-1_eeg.set,1000.0
57,P6,29.417835235595703,166.3818359375,-0.4116555154323578,False,False,sub-014,sub-014_ses-01_task-WorkingMemory_run-1_eeg.set,1000.0
58,P8,30.15519142150879,166.473388671875,-0.27545005083084106,False,False,sub-014,sub-014_ses-01_task-WorkingMemory_run-1_eeg.set,1000.0
59,PO9,68.72195434570312,629.6539306640625,6.848655700683594,False,True,sub-014,sub-014_ses-01_task-WorkingMemory_run-1_eeg.set,1000.0
60,PO7,65.26509094238281,606.7352294921875,6.210098743438721,False,True,sub-014,sub-014_ses-01_task-WorkingMemory_run-1_eeg.set,1000.0
61,PO3,51.387977600097656,439.300537109375,3.6466994285583496,False,False,sub-014,sub-014_ses-01_task-WorkingMemory_run-1_eeg.set,1000.0
62,POZ,39.47922134399414,313.1256103515625,1.4468975067138672,False,False,sub-014,sub-014_ses-01_task-WorkingMemory_run-1_eeg.set,1000.0
63,PO4,35.08515548706055,231.475830078125,0.6352196931838989,False,False,sub-014,sub-014_ses-01_task-WorkingMemory_run-1_eeg.set,1000.0
64,PO8,31.318401336669922,183.929443359375,-0.06058034300804138,False,False,sub-014,sub-014_ses-01_task-WorkingMemory_run-1_eeg.set,1000.0
65,PO10,29.26107406616211,155.1361083984375,-0.44061264395713806,False,False,sub-014,sub-014_ses-01_task-WorkingMemory_run-1_eeg.set,1000.0
66,O1,28.091733932495117,151.1077880859375,-0.6566147804260254,False,False,sub-014,sub-014_ses-01_task-WorkingMemory_run-1_eeg.set,1000.0
67,OZ,41.198822021484375,305.328369140625,1.7645444869995117,False,False,sub-014,sub-014_ses-01_task-WorkingMemory_run-1_eeg.set,1000.0
68,O2,41.096397399902344,292.1142578125,1.7456245422363281,False,False,sub-014,sub-014_ses-01_task-WorkingMemory_run-1_eeg.set,1000.0
69,LEYE,35.849632263183594,206.9091796875,0.7764348387718201,False,False,sub-014,sub-014_ses-01_task-WorkingMemory_run-1_eeg.set,1000.0
70,REYE,97.43376922607422,636.688232421875,12.152341842651367,False,True,sub-014,sub-014_ses-01_task-WorkingMemory_run-1_eeg.set,1000.0
0,FP1,61.07365417480469,406.0223388671875,5.02798318862915,False,False,sub-014,sub-014_ses-01_task-WorkingMemory_run-2_eeg.set,1000.0
1,FPZ,54.73134231567383,366.7962646484375,4.088659286499023,False,False,sub-014,sub-014_ses-01_task-WorkingMemory_run-2_eeg.set,1000.0
2,FP2,45.75604248046875,306.163330078125,2.759378671646118,False,False,sub-014,sub-014_ses-01_task-WorkingMemory_run-2_eeg.set,1000.0
3,AF7,36.772064208984375,245.504150390625,1.4288126230239868,False,False,sub-014,sub-014_ses-01_task-WorkingMemory_run-2_eeg.set,1000.0
4,AF3,51.55877685546875,273.61083984375,3.618788957595825,False,False,sub-014,sub-014_ses-01_task-WorkingMemory_run-2_eeg.set,1000.0
5,AFZ,39.695125579833984,238.770751953125,1.861730694770813,False,False,sub-014,sub-014_ses-01_task-WorkingMemory_run-2_eeg.set,1000.0
6,AF4,31.67894744873047,184.356689453125,0.6744999885559082,False,False,sub-014,sub-014_ses-01_task-WorkingMemory_run-2_eeg.set,1000.0
7,AF8,26.8890438079834,134.9847412109375,-0.03490545600652695,False,False,sub-014,sub-014_ses-01_task-WorkingMemory_run-2_eeg.set,1000.0
8,F9,25.971410751342773,130.635986328125,-0.17081087827682495,False,False,sub-014,sub-014_ses-01_task-WorkingMemory_run-2_eeg.set,1000.0
9,F7,33.98366928100586,184.1278076171875,1.0158392190933228,False,False,sub-014,sub-014_ses-01_task-WorkingMemory_run-2_eeg.set,1000.0
10,F5,25.685522079467773,132.2381591796875,-0.2131522297859192,False,False,sub-014,sub-014_ses-01_task-WorkingMemory_run-2_eeg.set,1000.0
11,F3,24.049863815307617,125.2703857421875,-0.4554003179073334,False,False,sub-014,sub-014_ses-01_task-WorkingMemory_run-2_eeg.set,1000.0
12,F1,27.226030349731445,140.5792236328125,0.015003710053861141,False,False,sub-014,sub-014_ses-01_task-WorkingMemory_run-2_eeg.set,1000.0
13,FZ,23.290220260620117,118.6065673828125,-0.5679067969322205,False,False,sub-014,sub-014_ses-01_task-WorkingMemory_run-2_eeg.set,1000.0
14,F2,23.292722702026367,117.401123046875,-0.5675361752510071,False,False,sub-014,sub-014_ses-01_task-WorkingMemory_run-2_eeg.set,1000.0
15,F4,22.498193740844727,113.128662109375,-0.685209333896637,False,False,sub-014,sub-014_ses-01_task-WorkingMemory_run-2_eeg.set,1000.0
16,F6,27.853702545166016,141.866455078125,0.10796467214822769,False,False,sub-014,sub-014_ses-01_task-WorkingMemory_run-2_eeg.set,1000.0
17,F8,37.75055694580078,215.8660888671875,1.5737316608428955,False,False,sub-014,sub-014_ses-01_task-WorkingMemory_run-2_eeg.set,1000.0
18,F10,36.60440444946289,197.81494140625,1.4039814472198486,False,False,sub-014,sub-014_ses-01_task-WorkingMemory_run-2_eeg.set,1000.0
19,FT9,46.421268463134766,263.9617919921875,2.8579015731811523,False,False,sub-014,sub-014_ses-01_task-WorkingMemory_run-2_eeg.set,1000.0
20,FT7,47.717899322509766,271.3525390625,3.049938201904297,False,False,sub-014,sub-014_ses-01_task-WorkingMemory_run-2_eeg.set,1000.0
21,FC5,36.37580108642578,187.337646484375,1.370124340057373,False,False,sub-014,sub-014_ses-01_task-WorkingMemory_run-2_eeg.set,1000.0
22,FC3,29.23064422607422,157.979736328125,0.3118956983089447,False,False,sub-014,sub-014_ses-01_task-WorkingMemory_run-2_eeg.set,1000.0
23,FC1,37.7411994934082,193.187255859375,1.5723457336425781,False,False,sub-014,sub-014_ses-01_task-WorkingMemory_run-2_eeg.set,1000.0
24,FCZ,29.32796287536621,153.7322998046875,0.3263090252876282,False,False,sub-014,sub-014_ses-01_task-WorkingMemory_run-2_eeg.set,1000.0
25,FC2,36.191749572753906,181.7681884765625,1.3428655862808228,False,False,sub-014,sub-014_ses-01_task-WorkingMemory_run-2_eeg.set,1000.0
26,FC4,34.87776565551758,263.509521484375,1.1482588052749634,False,False,sub-014,sub-014_ses-01_task-WorkingMemory_run-2_eeg.set,1000.0
27,FC6,31.561717987060547,225.057373046875,0.6571378111839294,False,False,sub-014,sub-014_ses-01_task-WorkingMemory_run-2_eeg.set,1000.0
28,FT8,32.1962890625,175.8380126953125,0.7511205077171326,False,False,sub-014,sub-014_ses-01_task-WorkingMemory_run-2_eeg.set,1000.0
29,FT10,24.68535041809082,112.152099609375,-0.36128196120262146,False,False,sub-014,sub-014_ses-01_task-WorkingMemory_run-2_eeg.set,1000.0
30,T7,23.203304290771484,111.663818359375,-0.5807794332504272,False,False,sub-014,sub-014_ses-01_task-WorkingMemory_run-2_eeg.set,1000.0
31,C5,22.863828659057617,112.081298828125,-0.6310572624206543,False,False,sub-014,sub-014_ses-01_task-WorkingMemory_run-2_eeg.set,1000.0
32,C3,24.610103607177734,128.11279296875,-0.3724263310432434,False,False,sub-014,sub-014_ses-01_task-WorkingMemory_run-2_eeg.set,1000.0
33,C1,25.012117385864258,133.392333984375,-0.31288638710975647,False,False,sub-014,sub-014_ses-01_task-WorkingMemory_run-2_eeg.set,1000.0
34,CZ,26.963315963745117,131.2713623046875,-0.023905428126454353,False,False,sub-014,sub-014_ses-01_task-WorkingMemory_run-2_eeg.set,1000.0
35,C2,25.112628936767578,117.12646484375,-0.29800018668174744,False,False,sub-014,sub-014_ses-01_task-WorkingMemory_run-2_eeg.set,1000.0
36,C4,23.348939895629883,112.335205078125,-0.5592101812362671,False,False,sub-014,sub-014_ses-01_task-WorkingMemory_run-2_eeg.set,1000.0
37,C6,24.8985652923584,122.2076416015625,-0.3297039270401001,False,False,sub-014,sub-014_ses-01_task-WorkingMemory_run-2_eeg.set,1000.0
38,T8,35.058326721191406,199.4073486328125,1.1750006675720215,False,False,sub-014,sub-014_ses-01_task-WorkingMemory_run-2_eeg.set,1000.0
39,TP9,41.09894561767578,262.0391845703125,2.0696425437927246,False,False,sub-014,sub-014_ses-01_task-WorkingMemory_run-2_eeg.set,1000.0
40,TP7,38.4601936340332,206.329345703125,1.678831934928894,False,False,sub-014,sub-014_ses-01_task-WorkingMemory_run-2_eeg.set,1000.0
41,CP5,32.05828857421875,174.1943359375,0.7306820750236511,False,False,sub-014,sub-014_ses-01_task-WorkingMemory_run-2_eeg.set,1000.0
42,CP3,29.92936897277832,160.4156494140625,0.4153798520565033,False,False,sub-014,sub-014_ses-01_task-WorkingMemory_run-2_eeg.set,1000.0
43,CP1,24.871427536010742,133.260498046875,-0.33372312784194946,False,False,sub-014,sub-014_ses-01_task-WorkingMemory_run-2_eeg.set,1000.0
44,CPZ,34.83383560180664,194.8089599609375,1.1417526006698608,False,False,sub-014,sub-014_ses-01_task-WorkingMemory_run-2_eeg.set,1000.0
45,CP2,23.29448699951172,123.8250732421875,-0.5672748684883118,False,False,sub-014,sub-014_ses-01_task-WorkingMemory_run-2_eeg.set,1000.0
46,CP4,24.29429054260254,120.5596923828125,-0.4191996157169342,False,False,sub-014,sub-014_ses-01_task-WorkingMemory_run-2_eeg.set,1000.0
47,CP6,26.021154403686523,127.227783203125,-0.16344362497329712,False,False,sub-014,sub-014_ses-01_task-WorkingMemory_run-2_eeg.set,1000.0
48,TP8,22.874055862426758,113.9678955078125,-0.6295425295829773,False,False,sub-014,sub-014_ses-01_task-WorkingMemory_run-2_eeg.set,1000.0
49,TP10,26.404891967773438,129.150390625,-0.10661043971776962,False,False,sub-014,sub-014_ses-01_task-WorkingMemory_run-2_eeg.set,1000.0
50,P7,36.972965240478516,157.8521728515625,1.4585669040679932,False,False,sub-014,sub-014_ses-01_task-WorkingMemory_run-2_eeg.set,1000.0
51,P5,50.83769226074219,200.908203125,3.511992931365967,False,False,sub-014,sub-014_ses-01_task-WorkingMemory_run-2_eeg.set,1000.0
52,P3,20.59754753112793,100.8050537109375,-0.9667032361030579,False,False,sub-014,sub-014_ses-01_task-WorkingMemory_run-2_eeg.set,1000.0
53,P1,25.63997459411621,126.3275146484375,-0.21989800035953522,False,False,sub-014,sub-014_ses-01_task-WorkingMemory_run-2_eeg.set,1000.0
54,PZ,21.62745475769043,107.91015625,-0.8141695261001587,False,False,sub-014,sub-014_ses-01_task-WorkingMemory_run-2_eeg.set,1000.0
55,P2,20.97142219543457,107.0208740234375,-0.9113308191299438,False,False,sub-014,sub-014_ses-01_task-WorkingMemory_run-2_eeg.set,1000.0
56,P4,19.85427474975586,98.8214111328125,-1.0767852067947388,False,False,sub-014,sub-014_ses-01_task-WorkingMemory_run-2_eeg.set,1000.0
57,P6,22.221172332763672,111.81640625,-0.726237416267395,False,False,sub-014,sub-014_ses-01_task-WorkingMemory_run-2_eeg.set,1000.0
58,P8,21.416425704956055,101.165771484375,-0.8454238772392273,False,False,sub-014,sub-014_ses-01_task-WorkingMemory_run-2_eeg.set,1000.0
59,PO9,26.973926544189453,148.2806396484375,-0.02233395352959633,False,False,sub-014,sub-014_ses-01_task-WorkingMemory_run-2_eeg.set,1000.0
60,PO7,25.766891479492188,137.0904541015625,-0.20110106468200684,False,False,sub-014,sub-014_ses-01_task-WorkingMemory_run-2_eeg.set,1000.0
61,PO3,23.499311447143555,121.8414306640625,-0.5369394421577454,False,False,sub-014,sub-014_ses-01_task-WorkingMemory_run-2_eeg.set,1000.0
62,POZ,24.739362716674805,131.65283203125,-0.35328251123428345,False,False,sub-014,sub-014_ses-01_task-WorkingMemory_run-2_eeg.set,1000.0
63,PO4,23.298797607421875,139.58740234375,-0.5666364431381226,False,False,sub-014,sub-014_ses-01_task-WorkingMemory_run-2_eeg.set,1000.0
64,PO8,23.557275772094727,144.9127197265625,-0.5283547043800354,False,False,sub-014,sub-014_ses-01_task-WorkingMemory_run-2_eeg.set,1000.0
65,PO10,27.124725341796875,155.2789306640625,0.0,False,False,sub-014,sub-014_ses-01_task-WorkingMemory_run-2_eeg.set,1000.0
66,O1,89.70568084716797,578.115234375,9.268509864807129,False,True,sub-014,sub-014_ses-01_task-WorkingMemory_run-2_eeg.set,1000.0
67,OZ,83.34130096435547,490.0970458984375,8.325918197631836,False,True,sub-014,sub-014_ses-01_task-WorkingMemory_run-2_eeg.set,1000.0
68,O2,94.12510681152344,459.4793701171875,9.923046112060547,False,True,sub-014,sub-014_ses-01_task-WorkingMemory_run-2_eeg.set,1000.0
69,LEYE,80.47892761230469,482.6129150390625,7.9019880294799805,False,True,sub-014,sub-014_ses-01_task-WorkingMemory_run-2_eeg.set,1000.0
70,REYE,78.91114044189453,480.3839111328125,7.6697916984558105,False,True,sub-014,sub-014_ses-01_task-WorkingMemory_run-2_eeg.set,1000.0
0,FP1,76.64409637451172,454.0460205078125,8.358968734741211,False,True,sub-014,sub-014_ses-01_task-WorkingMemory_run-3_eeg.set,1000.0
1,FPZ,54.81099319458008,311.6912841796875,4.630788326263428,False,False,sub-014,sub-014_ses-01_task-WorkingMemory_run-3_eeg.set,1000.0
2,FP2,53.52010726928711,305.87799072265625,4.4103593826293945,False,False,sub-014,sub-014_ses-01_task-WorkingMemory_run-3_eeg.set,1000.0
3,AF7,57.121299743652344,364.501953125,5.02529239654541,False,False,sub-014,sub-014_ses-01_task-WorkingMemory_run-3_eeg.set,1000.0
4,AF3,50.732322692871094,262.7362060546875,3.9343223571777344,False,False,sub-014,sub-014_ses-01_task-WorkingMemory_run-3_eeg.set,1000.0
5,AFZ,34.82630920410156,188.84796142578125,1.2182410955429077,False,False,sub-014,sub-014_ses-01_task-WorkingMemory_run-3_eeg.set,1000.0
6,AF4,28.998897552490234,147.5067138671875,0.2231631726026535,False,False,sub-014,sub-014_ses-01_task-WorkingMemory_run-3_eeg.set,1000.0
7,AF8,45.13206100463867,238.6016845703125,2.978032112121582,False,False,sub-014,sub-014_ses-01_task-WorkingMemory_run-3_eeg.set,1000.0
8,F9,28.91245460510254,144.30755615234375,0.20840232074260712,False,False,sub-014,sub-014_ses-01_task-WorkingMemory_run-3_eeg.set,1000.0
9,F7,25.6860294342041,130.828857421875,-0.3425360321998596,False,False,sub-014,sub-014_ses-01_task-WorkingMemory_run-3_eeg.set,1000.0
10,F5,25.971942901611328,135.74737548828125,-0.2937139570713043,False,False,sub-014,sub-014_ses-01_task-WorkingMemory_run-3_eeg.set,1000.0
11,F3,23.955066680908203,123.54034423828125,-0.6381120085716248,False,False,sub-014,sub-014_ses-01_task-WorkingMemory_run-3_eeg.set,1000.0
12,F1,22.75881576538086,121.978759765625,-0.8423815965652466,False,False,sub-014,sub-014_ses-01_task-WorkingMemory_run-3_eeg.set,1000.0
13,FZ,29.278810501098633,155.9600830078125,0.27096056938171387,False,False,sub-014,sub-014_ses-01_task-WorkingMemory_run-3_eeg.set,1000.0
14,F2,25.097938537597656,128.88092041015625,-0.44295734167099,False,False,sub-014,sub-014_ses-01_task-WorkingMemory_run-3_eeg.set,1000.0
15,F4,24.948331832885742,129.08935546875,-0.4685038924217224,False,False,sub-014,sub-014_ses-01_task-WorkingMemory_run-3_eeg.set,1000.0
16,F6,27.692001342773438,141.27105712890625,0.0,False,False,sub-014,sub-014_ses-01_task-WorkingMemory_run-3_eeg.set,1000.0
17,F8,28.297653198242188,138.93646240234375,0.10341998189687729,False,False,sub-014,sub-014_ses-01_task-WorkingMemory_run-3_eeg.set,1000.0
18,F10,29.696475982666016,142.58331298828125,0.3422803580760956,False,False,sub-014,sub-014_ses-01_task-WorkingMemory_run-3_eeg.set,1000.0
19,FT9,26.39237403869629,123.15887451171875,-0.22192193567752838,False,False,sub-014,sub-014_ses-01_task-WorkingMemory_run-3_eeg.set,1000.0
20,FT7,25.40511703491211,121.03271484375,-0.3905041217803955,False,False,sub-014,sub-014_ses-01_task-WorkingMemory_run-3_eeg.set,1000.0
21,FC5,25.93942642211914,141.7645263671875,-0.29926642775535583,False,False,sub-014,sub-014_ses-01_task-WorkingMemory_run-3_eeg.set,1000.0
22,FC3,26.286039352416992,143.2037353515625,-0.24007944762706757,False,False,sub-014,sub-014_ses-01_task-WorkingMemory_run-3_eeg.set,1000.0
23,FC1,26.180980682373047,135.92529296875,-0.2580190598964691,False,False,sub-014,sub-014_ses-01_task-WorkingMemory_run-3_eeg.set,1000.0
24,FCZ,22.757064819335938,110.9619140625,-0.8426805734634399,False,False,sub-014,sub-014_ses-01_task-WorkingMemory_run-3_eeg.set,1000.0
25,FC2,20.582021713256836,104.18701171875,-1.214086890220642,False,False,sub-014,sub-014_ses-01_task-WorkingMemory_run-3_eeg.set,1000.0
26,FC4,21.47785186767578,107.208251953125,-1.0611166954040527,False,False,sub-014,sub-014_ses-01_task-WorkingMemory_run-3_eeg.set,1000.0
27,FC6,50.63127517700195,325.11444091796875,3.917067766189575,False,False,sub-014,sub-014_ses-01_task-WorkingMemory_run-3_eeg.set,1000.0
28,FT8,33.963706970214844,177.886962890625,1.0709446668624878,False,False,sub-014,sub-014_ses-01_task-WorkingMemory_run-3_eeg.set,1000.0
29,FT10,30.25973892211914,151.153564453125,0.4384620785713196,False,False,sub-014,sub-014_ses-01_task-WorkingMemory_run-3_eeg.set,1000.0
30,T7,39.50640869140625,209.381103515625,2.0174062252044678,False,False,sub-014,sub-014_ses-01_task-WorkingMemory_run-3_eeg.set,1000.0
31,C5,27.725666046142578,139.6942138671875,0.005748522002249956,False,False,sub-014,sub-014_ses-01_task-WorkingMemory_run-3_eeg.set,1000.0
32,C3,26.203693389892578,123.92181396484375,-0.254140704870224,False,False,sub-014,sub-014_ses-01_task-WorkingMemory_run-3_eeg.set,1000.0
33,C1,24.286924362182617,116.9586181640625,-0.5814445614814758,False,False,sub-014,sub-014_ses-01_task-WorkingMemory_run-3_eeg.set,1000.0
34,CZ,22.30731201171875,104.39056396484375,-0.919479489326477,False,False,sub-014,sub-014_ses-01_task-WorkingMemory_run-3_eeg.set,1000.0
35,C2,22.244516372680664,105.2093505859375,-0.9302024245262146,False,False,sub-014,sub-014_ses-01_task-WorkingMemory_run-3_eeg.set,1000.0
36,C4,22.102052688598633,110.4888916015625,-0.9545292258262634,False,False,sub-014,sub-014_ses-01_task-WorkingMemory_run-3_eeg.set,1000.0
37,C6,23.170595169067383,111.1907958984375,-0.7720668911933899,False,False,sub-014,sub-014_ses-01_task-WorkingMemory_run-3_eeg.set,1000.0
38,T8,27.451457977294922,144.9432373046875,-0.041074737906455994,False,False,sub-014,sub-014_ses-01_task-WorkingMemory_run-3_eeg.set,1000.0
39,TP9,26.108240127563477,151.20452880859375,-0.27044013142585754,False,False,sub-014,sub-014_ses-01_task-WorkingMemory_run-3_eeg.set,1000.0
40,TP7,24.786502838134766,130.4931640625,-0.4961375296115875,False,False,sub-014,sub-014_ses-01_task-WorkingMemory_run-3_eeg.set,1000.0
41,CP5,22.86748695373535,133.11767578125,-0.8238251209259033,False,False,sub-014,sub-014_ses-01_task-WorkingMemory_run-3_eeg.set,1000.0
42,CP3,34.55168533325195,188.5833740234375,1.17134690284729,False,False,sub-014,sub-014_ses-01_task-WorkingMemory_run-3_eeg.set,1000.0
43,CP1,33.47235107421875,239.1357421875,0.9870417714118958,False,False,sub-014,sub-014_ses-01_task-WorkingMemory_run-3_eeg.set,1000.0
44,CPZ,34.05781936645508,237.5335693359375,1.087015151977539,False,False,sub-014,sub-014_ses-01_task-WorkingMemory_run-3_eeg.set,1000.0
45,CP2,31.642032623291016,220.81512451171875,0.6744999885559082,False,False,sub-014,sub-014_ses-01_task-WorkingMemory_run-3_eeg.set,1000.0
46,CP4,29.50924301147461,191.253662109375,0.3103088140487671,False,False,sub-014,sub-014_ses-01_task-WorkingMemory_run-3_eeg.set,1000.0
47,CP6,30.42190933227539,162.0941162109375,0.466154009103775,False,False,sub-014,sub-014_ses-01_task-WorkingMemory_run-3_eeg.set,1000.0
48,TP8,22.19590187072754,107.025146484375,-0.9385036826133728,False,False,sub-014,sub-014_ses-01_task-WorkingMemory_run-3_eeg.set,1000.0
49,TP10,22.809524536132812,108.1390380859375,-0.8337226510047913,False,False,sub-014,sub-014_ses-01_task-WorkingMemory_run-3_eeg.set,1000.0
50,P7,25.212324142456055,125.7733154296875,-0.4234250485897064,False,False,sub-014,sub-014_ses-01_task-WorkingMemory_run-3_eeg.set,1000.0
51,P5,24.604753494262695,122.74169921875,-0.5271726846694946,False,False,sub-014,sub-014_ses-01_task-WorkingMemory_run-3_eeg.set,1000.0
52,P3,27.771377563476562,141.74407958984375,0.013554136268794537,False,False,sub-014,sub-014_ses-01_task-WorkingMemory_run-3_eeg.set,1000.0
53,P1,37.88726043701172,191.2841796875,1.740923523902893,False,False,sub-014,sub-014_ses-01_task-WorkingMemory_run-3_eeg.set,1000.0
54,PZ,30.887916564941406,152.6947021484375,0.5457285642623901,False,False,sub-014,sub-014_ses-01_task-WorkingMemory_run-3_eeg.set,1000.0
55,P2,28.869911193847656,132.62451171875,0.2011376917362213,False,False,sub-014,sub-014_ses-01_task-WorkingMemory_run-3_eeg.set,1000.0
56,P4,46.67947769165039,253.0621337890625,3.2422661781311035,False,False,sub-014,sub-014_ses-01_task-WorkingMemory_run-3_eeg.set,1000.0
57,P6,31.771949768066406,154.85137939453125,0.6966844201087952,False,False,sub-014,sub-014_ses-01_task-WorkingMemory_run-3_eeg.set,1000.0
58,P8,22.353639602661133,101.9744873046875,-0.9115687012672424,False,False,sub-014,sub-014_ses-01_task-WorkingMemory_run-3_eeg.set,1000.0
59,PO9,23.580663681030273,109.8175048828125,-0.7020443677902222,False,False,sub-014,sub-014_ses-01_task-WorkingMemory_run-3_eeg.set,1000.0
60,PO7,21.63030433654785,99.761962890625,-1.0350841283798218,False,False,sub-014,sub-014_ses-01_task-WorkingMemory_run-3_eeg.set,1000.0
61,PO3,37.796775817871094,220.789794921875,1.7254725694656372,False,False,sub-014,sub-014_ses-01_task-WorkingMemory_run-3_eeg.set,1000.0
62,POZ,32.240108489990234,156.8603515625,0.7766262888908386,False,False,sub-014,sub-014_ses-01_task-WorkingMemory_run-3_eeg.set,1000.0
63,PO4,26.40834617614746,137.71575927734375,-0.21919457614421844,False,False,sub-014,sub-014_ses-01_task-WorkingMemory_run-3_eeg.set,1000.0
64,PO8,23.84760284423828,119.02374267578125,-0.6564623117446899,False,False,sub-014,sub-014_ses-01_task-WorkingMemory_run-3_eeg.set,1000.0
65,PO10,22.517253875732422,106.8115234375,-0.8836302757263184,False,False,sub-014,sub-014_ses-01_task-WorkingMemory_run-3_eeg.set,1000.0
66,O1,21.07340431213379,102.1575927734375,-1.1301792860031128,False,False,sub-014,sub-014_ses-01_task-WorkingMemory_run-3_eeg.set,1000.0
67,OZ,28.58070182800293,156.6314697265625,0.15175284445285797,False,False,sub-014,sub-014_ses-01_task-WorkingMemory_run-3_eeg.set,1000.0
68,O2,27.834156036376953,174.041748046875,0.02427407167851925,False,False,sub-014,sub-014_ses-01_task-WorkingMemory_run-3_eeg.set,1000.0
69,LEYE,28.2574520111084,160.97015380859375,0.09655530750751495,False,False,sub-014,sub-014_ses-01_task-WorkingMemory_run-3_eeg.set,1000.0
70,REYE,77.58323669433594,417.29736328125,8.51933479309082,False,True,sub-014,sub-014_ses-01_task-WorkingMemory_run-3_eeg.set,1000.0
0,FP1,42.02344512939453,287.66815185546875,1.3103902339935303,False,False,sub-015,sub-015_ses-01_task-WorkingMemory_run-1_eeg.set,500.0
1,FPZ,36.334983825683594,273.6424255371094,0.6579011082649231,False,False,sub-015,sub-015_ses-01_task-WorkingMemory_run-1_eeg.set,500.0
2,FP2,37.48222732543945,281.9490051269531,0.789494514465332,False,False,sub-015,sub-015_ses-01_task-WorkingMemory_run-1_eeg.set,500.0
3,AF7,38.597354888916016,307.4617004394531,0.917404055595398,False,False,sub-015,sub-015_ses-01_task-WorkingMemory_run-1_eeg.set,500.0
4,AF3,41.658077239990234,336.5020751953125,1.2684811353683472,False,False,sub-015,sub-015_ses-01_task-WorkingMemory_run-1_eeg.set,500.0
5,AFZ,44.853755950927734,358.68255615234375,1.635038137435913,False,False,sub-015,sub-015_ses-01_task-WorkingMemory_run-1_eeg.set,500.0
6,AF4,48.802032470703125,388.08624267578125,2.087921142578125,False,False,sub-015,sub-015_ses-01_task-WorkingMemory_run-1_eeg.set,500.0
7,AF8,51.646507263183594,427.5788879394531,2.414193868637085,False,False,sub-015,sub-015_ses-01_task-WorkingMemory_run-1_eeg.set,500.0
8,F9,56.383296966552734,464.1265869140625,2.9575226306915283,False,False,sub-015,sub-015_ses-01_task-WorkingMemory_run-1_eeg.set,500.0
9,F7,60.74319076538086,492.16644287109375,3.4576196670532227,False,False,sub-015,sub-015_ses-01_task-WorkingMemory_run-1_eeg.set,500.0
10,F5,62.80030822753906,537.930419921875,3.6935789585113525,False,False,sub-015,sub-015_ses-01_task-WorkingMemory_run-1_eeg.set,500.0
11,F3,62.92857360839844,543.2891845703125,3.708291530609131,False,False,sub-015,sub-015_ses-01_task-WorkingMemory_run-1_eeg.set,500.0
12,F1,64.05706024169922,544.7998046875,3.837733268737793,False,False,sub-015,sub-015_ses-01_task-WorkingMemory_run-1_eeg.set,500.0
13,FZ,63.844482421875,548.1719970703125,3.813349962234497,False,False,sub-015,sub-015_ses-01_task-WorkingMemory_run-1_eeg.set,500.0
14,F2,65.05449676513672,551.422119140625,3.952143430709839,False,False,sub-015,sub-015_ses-01_task-WorkingMemory_run-1_eeg.set,500.0
15,F4,63.160614013671875,545.3643798828125,3.734907388687134,False,False,sub-015,sub-015_ses-01_task-WorkingMemory_run-1_eeg.set,500.0
16,F6,64.00445556640625,549.2401123046875,3.8316993713378906,False,False,sub-015,sub-015_ses-01_task-WorkingMemory_run-1_eeg.set,500.0
17,F8,67.69319915771484,601.6663818359375,4.254812717437744,False,False,sub-015,sub-015_ses-01_task-WorkingMemory_run-1_eeg.set,500.0
18,F10,65.06739807128906,558.8531494140625,3.953623056411743,False,False,sub-015,sub-015_ses-01_task-WorkingMemory_run-1_eeg.set,500.0
19,FT9,64.84453582763672,553.955078125,3.9280600547790527,False,False,sub-015,sub-015_ses-01_task-WorkingMemory_run-1_eeg.set,500.0
20,FT7,64.7127685546875,554.0284423828125,3.9129457473754883,False,False,sub-015,sub-015_ses-01_task-WorkingMemory_run-1_eeg.set,500.0
21,FC5,62.37577438354492,527.7957153320312,3.644883394241333,False,False,sub-015,sub-015_ses-01_task-WorkingMemory_run-1_eeg.set,500.0
22,FC3,57.36233139038086,494.4189453125,3.06982159614563,False,False,sub-015,sub-015_ses-01_task-WorkingMemory_run-1_eeg.set,500.0
23,FC1,52.20742416381836,413.65997314453125,2.4785332679748535,False,False,sub-015,sub-015_ses-01_task-WorkingMemory_run-1_eeg.set,500.0
24,FCZ,49.799468994140625,372.589111328125,2.202331066131592,False,False,sub-015,sub-015_ses-01_task-WorkingMemory_run-1_eeg.set,500.0
25,FC2,40.56450271606445,321.5455627441406,1.1430437564849854,False,False,sub-015,sub-015_ses-01_task-WorkingMemory_run-1_eeg.set,500.0
26,FC4,36.96442413330078,287.17041015625,0.7301003932952881,False,False,sub-015,sub-015_ses-01_task-WorkingMemory_run-1_eeg.set,500.0
27,FC6,34.949710845947266,261.7311096191406,0.4990047812461853,False,False,sub-015,sub-015_ses-01_task-WorkingMemory_run-1_eeg.set,500.0
28,FT8,36.47969436645508,264.4718933105469,0.6744999885559082,False,False,sub-015,sub-015_ses-01_task-WorkingMemory_run-1_eeg.set,500.0
29,FT10,31.152999877929688,212.96401977539062,0.06350693851709366,False,False,sub-015,sub-015_ses-01_task-WorkingMemory_run-1_eeg.set,500.0
30,T7,27.519922256469727,189.98138427734375,-0.3532215356826782,False,False,sub-015,sub-015_ses-01_task-WorkingMemory_run-1_eeg.set,500.0
31,C5,30.599340438842773,181.89712524414062,0.0,False,False,sub-015,sub-015_ses-01_task-WorkingMemory_run-1_eeg.set,500.0
32,C3,25.47027015686035,165.95169067382812,-0.5883247256278992,False,False,sub-015,sub-015_ses-01_task-WorkingMemory_run-1_eeg.set,500.0
33,C1,34.742279052734375,226.38885498046875,0.47521156072616577,False,False,sub-015,sub-015_ses-01_task-WorkingMemory_run-1_eeg.set,500.0
34,CZ,25.537317276000977,142.34634399414062,-0.5806341767311096,False,False,sub-015,sub-015_ses-01_task-WorkingMemory_run-1_eeg.set,500.0
35,C2,28.715381622314453,160.41275024414062,-0.21609757840633392,False,False,sub-015,sub-015_ses-01_task-WorkingMemory_run-1_eeg.set,500.0
36,C4,26.839611053466797,157.94082641601562,-0.43125590682029724,False,False,sub-015,sub-015_ses-01_task-WorkingMemory_run-1_eeg.set,500.0
37,C6,26.87973976135254,155.25527954101562,-0.4266529977321625,False,False,sub-015,sub-015_ses-01_task-WorkingMemory_run-1_eeg.set,500.0
38,T8,23.09440803527832,136.31912231445312,-0.8608456254005432,False,False,sub-015,sub-015_ses-01_task-WorkingMemory_run-1_eeg.set,500.0
39,TP9,33.876731872558594,199.40185546875,0.3759298026561737,False,False,sub-015,sub-015_ses-01_task-WorkingMemory_run-1_eeg.set,500.0
40,TP7,26.805055618286133,158.91738891601562,-0.43521955609321594,False,False,sub-015,sub-015_ses-01_task-WorkingMemory_run-1_eeg.set,500.0
41,CP5,23.362058639526367,126.251220703125,-0.830145001411438,False,False,sub-015,sub-015_ses-01_task-WorkingMemory_run-1_eeg.set,500.0
42,CP3,29.00663185119629,156.24710083007812,-0.18269000947475433,False,False,sub-015,sub-015_ses-01_task-WorkingMemory_run-1_eeg.set,500.0
43,CP1,23.14286231994629,132.47100830078125,-0.8552877306938171,False,False,sub-015,sub-015_ses-01_task-WorkingMemory_run-1_eeg.set,500.0
44,CPZ,23.176956176757812,123.382568359375,-0.851377010345459,False,False,sub-015,sub-015_ses-01_task-WorkingMemory_run-1_eeg.set,500.0
45,CP2,25.585426330566406,137.41195678710938,-0.5751159191131592,False,False,sub-015,sub-015_ses-01_task-WorkingMemory_run-1_eeg.set,500.0
46,CP4,26.84610366821289,145.904541015625,-0.4305112063884735,False,False,sub-015,sub-015_ses-01_task-WorkingMemory_run-1_eeg.set,500.0
47,CP6,35.99037551879883,199.44183349609375,0.6183731555938721,False,False,sub-015,sub-015_ses-01_task-WorkingMemory_run-1_eeg.set,500.0
48,TP8,25.57533836364746,142.51129150390625,-0.5762730240821838,False,False,sub-015,sub-015_ses-01_task-WorkingMemory_run-1_eeg.set,500.0
49,TP10,26.911375045776367,148.12942504882812,-0.4230242967605591,False,False,sub-015,sub-015_ses-01_task-WorkingMemory_run-1_eeg.set,500.0
50,P7,27.91361427307129,151.34902954101562,-0.30806347727775574,False,False,sub-015,sub-015_ses-01_task-WorkingMemory_run-1_eeg.set,500.0
51,P5,24.91748046875,137.63137817382812,-0.6517319083213806,False,False,sub-015,sub-015_ses-01_task-WorkingMemory_run-1_eeg.set,500.0
52,P3,19.689767837524414,101.13525390625,-1.2513713836669922,False,False,sub-015,sub-015_ses-01_task-WorkingMemory_run-1_eeg.set,500.0
53,P1,29.4605712890625,163.421630859375,-0.13062135875225067,False,False,sub-015,sub-015_ses-01_task-WorkingMemory_run-1_eeg.set,500.0
54,PZ,24.693872451782227,132.48916625976562,-0.6773806810379028,False,False,sub-015,sub-015_ses-01_task-WorkingMemory_run-1_eeg.set,500.0
55,P2,26.84019660949707,148.00735473632812,-0.43118876218795776,False,False,sub-015,sub-015_ses-01_task-WorkingMemory_run-1_eeg.set,500.0
56,P4,29.25817108154297,157.29995727539062,-0.15383747220039368,False,False,sub-015,sub-015_ses-01_task-WorkingMemory_run-1_eeg.set,500.0
57,P6,28.321369171142578,163.96224975585938,-0.26129236817359924,False,False,sub-015,sub-015_ses-01_task-WorkingMemory_run-1_eeg.set,500.0
58,P8,29.249372482299805,163.787841796875,-0.1548466980457306,False,False,sub-015,sub-015_ses-01_task-WorkingMemory_run-1_eeg.set,500.0
59,PO9,25.230939865112305,138.5650634765625,-0.6157768964767456,False,False,sub-015,sub-015_ses-01_task-WorkingMemory_run-1_eeg.set,500.0
60,PO7,26.488296508789062,148.3154296875,-0.47155311703681946,False,False,sub-015,sub-015_ses-01_task-WorkingMemory_run-1_eeg.set,500.0
61,PO3,27.088029861450195,151.34613037109375,-0.4027612805366516,False,False,sub-015,sub-015_ses-01_task-WorkingMemory_run-1_eeg.set,500.0
62,POZ,21.709962844848633,117.3858642578125,-1.0196468830108643,False,False,sub-015,sub-015_ses-01_task-WorkingMemory_run-1_eeg.set,500.0
63,PO4,31.10175323486328,177.07534790039062,0.05762874707579613,False,False,sub-015,sub-015_ses-01_task-WorkingMemory_run-1_eeg.set,500.0
64,PO8,26.974239349365234,152.60025024414062,-0.41581350564956665,False,False,sub-015,sub-015_ses-01_task-WorkingMemory_run-1_eeg.set,500.0
65,PO10,23.26202392578125,128.73550415039062,-0.8416193723678589,False,False,sub-015,sub-015_ses-01_task-WorkingMemory_run-1_eeg.set,500.0
66,O1,26.60330581665039,150.115966796875,-0.45836108922958374,False,False,sub-015,sub-015_ses-01_task-WorkingMemory_run-1_eeg.set,500.0
67,OZ,27.92738151550293,158.53591918945312,-0.3064843416213989,False,False,sub-015,sub-015_ses-01_task-WorkingMemory_run-1_eeg.set,500.0
68,O2,33.990047454833984,197.09487915039062,0.3889275789260864,False,False,sub-015,sub-015_ses-01_task-WorkingMemory_run-1_eeg.set,500.0
69,LEYE,28.52597999572754,160.40985107421875,-0.23782269656658173,False,False,sub-015,sub-015_ses-01_task-WorkingMemory_run-1_eeg.set,500.0
70,REYE,16.046348571777344,79.06814575195312,-1.6692861318588257,False,False,sub-015,sub-015_ses-01_task-WorkingMemory_run-1_eeg.set,500.0
0,FP1,22.30108070373535,117.98095703125,-0.8615431785583496,False,False,sub-015,sub-015_ses-01_task-WorkingMemory_run-2_eeg.set,500.0
1,FPZ,22.0466251373291,115.6158447265625,-0.9385911822319031,False,False,sub-015,sub-015_ses-01_task-WorkingMemory_run-2_eeg.set,500.0
2,FP2,18.45693016052246,88.8671875,-2.025534152984619,False,False,sub-015,sub-015_ses-01_task-WorkingMemory_run-2_eeg.set,500.0
3,AF7,20.977890014648438,109.832763671875,-1.2621991634368896,False,False,sub-015,sub-015_ses-01_task-WorkingMemory_run-2_eeg.set,500.0
4,AF3,25.681859970092773,144.2718505859375,0.16214099526405334,False,False,sub-015,sub-015_ses-01_task-WorkingMemory_run-2_eeg.set,500.0
5,AFZ,23.653940200805664,124.786376953125,-0.45190367102622986,False,False,sub-015,sub-015_ses-01_task-WorkingMemory_run-2_eeg.set,500.0
6,AF4,25.470273971557617,136.688232421875,0.09807374328374863,False,False,sub-015,sub-015_ses-01_task-WorkingMemory_run-2_eeg.set,500.0
7,AF8,26.12732696533203,145.721435546875,0.29702630639076233,False,False,sub-015,sub-015_ses-01_task-WorkingMemory_run-2_eeg.set,500.0
8,F9,23.5935115814209,129.852294921875,-0.47020116448402405,False,False,sub-015,sub-015_ses-01_task-WorkingMemory_run-2_eeg.set,500.0
9,F7,18.98980140686035,97.1527099609375,-1.8641830682754517,False,False,sub-015,sub-015_ses-01_task-WorkingMemory_run-2_eeg.set,500.0
10,F5,23.12443733215332,126.15966796875,-0.6122346520423889,False,False,sub-015,sub-015_ses-01_task-WorkingMemory_run-2_eeg.set,500.0
11,F3,20.004316329956055,105.1025390625,-1.556992769241333,False,False,sub-015,sub-015_ses-01_task-WorkingMemory_run-2_eeg.set,500.0
12,F1,27.90650749206543,162.567138671875,0.8357539176940918,False,False,sub-015,sub-015_ses-01_task-WorkingMemory_run-2_eeg.set,500.0
13,FZ,21.726566314697266,113.311767578125,-1.0355035066604614,False,False,sub-015,sub-015_ses-01_task-WorkingMemory_run-2_eeg.set,500.0
14,F2,27.207088470458984,149.8565673828125,0.6239730715751648,False,False,sub-015,sub-015_ses-01_task-WorkingMemory_run-2_eeg.set,500.0
15,F4,21.67210578918457,118.1488037109375,-1.0519938468933105,False,False,sub-015,sub-015_ses-01_task-WorkingMemory_run-2_eeg.set,500.0
16,F6,18.980546951293945,97.259521484375,-1.8669853210449219,False,False,sub-015,sub-015_ses-01_task-WorkingMemory_run-2_eeg.set,500.0
17,F8,28.567792892456055,159.423828125,1.0359879732131958,False,False,sub-015,sub-015_ses-01_task-WorkingMemory_run-2_eeg.set,500.0
18,F10,27.98858642578125,162.017822265625,0.8606070280075073,False,False,sub-015,sub-015_ses-01_task-WorkingMemory_run-2_eeg.set,500.0
19,FT9,28.38441276550293,156.8450927734375,0.9804613590240479,False,False,sub-015,sub-015_ses-01_task-WorkingMemory_run-2_eeg.set,500.0
20,FT7,30.148719787597656,172.7294921875,1.5146852731704712,False,False,sub-015,sub-015_ses-01_task-WorkingMemory_run-2_eeg.set,500.0
21,FC5,22.525793075561523,121.002197265625,-0.7935013175010681,False,False,sub-015,sub-015_ses-01_task-WorkingMemory_run-2_eeg.set,500.0
22,FC3,26.645570755004883,167.572021484375,0.45394811034202576,False,False,sub-015,sub-015_ses-01_task-WorkingMemory_run-2_eeg.set,500.0
23,FC1,23.16983413696289,124.3438720703125,-0.5984887480735779,False,False,sub-015,sub-015_ses-01_task-WorkingMemory_run-2_eeg.set,500.0
24,FCZ,21.37417984008789,111.7706298828125,-1.1422045230865479,False,False,sub-015,sub-015_ses-01_task-WorkingMemory_run-2_eeg.set,500.0
25,FC2,26.398813247680664,147.979736328125,0.3792310953140259,False,False,sub-015,sub-015_ses-01_task-WorkingMemory_run-2_eeg.set,500.0
26,FC4,19.232891082763672,98.9990234375,-1.790576696395874,False,False,sub-015,sub-015_ses-01_task-WorkingMemory_run-2_eeg.set,500.0
27,FC6,22.512601852416992,120.05615234375,-0.7974955439567566,False,False,sub-015,sub-015_ses-01_task-WorkingMemory_run-2_eeg.set,500.0
28,FT8,29.453289031982422,173.736572265625,1.3041120767593384,False,False,sub-015,sub-015_ses-01_task-WorkingMemory_run-2_eeg.set,500.0
29,FT10,25.375957489013672,144.22607421875,0.06951514631509781,False,False,sub-015,sub-015_ses-01_task-WorkingMemory_run-2_eeg.set,500.0
30,T7,27.22515106201172,158.6761474609375,0.6294423341751099,False,False,sub-015,sub-015_ses-01_task-WorkingMemory_run-2_eeg.set,500.0
31,C5,20.841764450073242,110.1531982421875,-1.303417444229126,False,False,sub-015,sub-015_ses-01_task-WorkingMemory_run-2_eeg.set,500.0
32,C3,22.173622131347656,115.3717041015625,-0.9001370668411255,False,False,sub-015,sub-015_ses-01_task-WorkingMemory_run-2_eeg.set,500.0
33,C1,27.37395668029785,150.5889892578125,0.6744999885559082,False,False,sub-015,sub-015_ses-01_task-WorkingMemory_run-2_eeg.set,500.0
34,CZ,22.015520095825195,114.898681640625,-0.9480096697807312,False,False,sub-015,sub-015_ses-01_task-WorkingMemory_run-2_eeg.set,500.0
35,C2,22.725027084350586,118.621826171875,-0.733174204826355,False,False,sub-015,sub-015_ses-01_task-WorkingMemory_run-2_eeg.set,500.0
36,C4,24.032228469848633,122.650146484375,-0.3373597264289856,False,False,sub-015,sub-015_ses-01_task-WorkingMemory_run-2_eeg.set,500.0
37,C6,23.55817222595215,125.9307861328125,-0.4809017479419708,False,False,sub-015,sub-015_ses-01_task-WorkingMemory_run-2_eeg.set,500.0
38,T8,20.359148025512695,100.7843017578125,-1.4495513439178467,False,False,sub-015,sub-015_ses-01_task-WorkingMemory_run-2_eeg.set,500.0
39,TP9,23.279664993286133,124.114990234375,-0.5652324557304382,False,False,sub-015,sub-015_ses-01_task-WorkingMemory_run-2_eeg.set,500.0
40,TP7,20.57713508605957,104.5684814453125,-1.3835458755493164,False,False,sub-015,sub-015_ses-01_task-WorkingMemory_run-2_eeg.set,500.0
41,CP5,29.779788970947266,162.4298095703125,1.4029747247695923,False,False,sub-015,sub-015_ses-01_task-WorkingMemory_run-2_eeg.set,500.0
42,CP3,26.042631149291992,144.6380615234375,0.27138084173202515,False,False,sub-015,sub-015_ses-01_task-WorkingMemory_run-2_eeg.set,500.0
43,CP1,26.769670486450195,149.23095703125,0.49152496457099915,False,False,sub-015,sub-015_ses-01_task-WorkingMemory_run-2_eeg.set,500.0
44,CPZ,24.777488708496094,136.199951171875,-0.11169840395450592,False,False,sub-015,sub-015_ses-01_task-WorkingMemory_run-2_eeg.set,500.0
45,CP2,22.474687576293945,119.5068359375,-0.808975875377655,False,False,sub-015,sub-015_ses-01_task-WorkingMemory_run-2_eeg.set,500.0
46,CP4,27.289588928222656,158.8897705078125,0.6489538550376892,False,False,sub-015,sub-015_ses-01_task-WorkingMemory_run-2_eeg.set,500.0
47,CP6,26.10508155822754,139.068603515625,0.290290504693985,False,False,sub-015,sub-015_ses-01_task-WorkingMemory_run-2_eeg.set,500.0
48,TP8,25.733388900756836,149.7802734375,0.17774371802806854,False,False,sub-015,sub-015_ses-01_task-WorkingMemory_run-2_eeg.set,500.0
49,TP10,28.103416442871094,153.13720703125,0.895376980304718,False,False,sub-015,sub-015_ses-01_task-WorkingMemory_run-2_eeg.set,500.0
50,P7,26.28619384765625,143.5546875,0.34513047337532043,False,False,sub-015,sub-015_ses-01_task-WorkingMemory_run-2_eeg.set,500.0
51,P5,20.572256088256836,107.7880859375,-1.3850232362747192,False,False,sub-015,sub-015_ses-01_task-WorkingMemory_run-2_eeg.set,500.0
52,P3,23.7487850189209,126.922607421875,-0.4231850802898407,False,False,sub-015,sub-015_ses-01_task-WorkingMemory_run-2_eeg.set,500.0
53,P1,26.58885383605957,149.7802734375,0.43677452206611633,False,False,sub-015,sub-015_ses-01_task-WorkingMemory_run-2_eeg.set,500.0
54,PZ,21.138229370117188,108.6273193359375,-1.2136491537094116,False,False,sub-015,sub-015_ses-01_task-WorkingMemory_run-2_eeg.set,500.0
55,P2,29.407684326171875,173.4771728515625,1.2903032302856445,False,False,sub-015,sub-015_ses-01_task-WorkingMemory_run-2_eeg.set,500.0
56,P4,27.247089385986328,157.0587158203125,0.6360851526260376,False,False,sub-015,sub-015_ses-01_task-WorkingMemory_run-2_eeg.set,500.0
57,P6,19.901378631591797,103.8818359375,-1.588161826133728,False,False,sub-015,sub-015_ses-01_task-WorkingMemory_run-2_eeg.set,500.0
58,P8,24.720523834228516,137.02392578125,-0.12894709408283234,False,False,sub-015,sub-015_ses-01_task-WorkingMemory_run-2_eeg.set,500.0
59,PO9,26.377763748168945,143.8140869140625,0.3728574216365814,False,False,sub-015,sub-015_ses-01_task-WorkingMemory_run-2_eeg.set,500.0
60,PO7,25.82748031616211,147.979736328125,0.2062341570854187,False,False,sub-015,sub-015_ses-01_task-WorkingMemory_run-2_eeg.set,500.0
61,PO3,26.62254524230957,146.4080810546875,0.44697609543800354,False,False,sub-015,sub-015_ses-01_task-WorkingMemory_run-2_eeg.set,500.0
62,POZ,27.093883514404297,157.4249267578125,0.589695155620575,False,False,sub-015,sub-015_ses-01_task-WorkingMemory_run-2_eeg.set,500.0
63,PO4,22.26701545715332,114.3951416015625,-0.8718580007553101,False,False,sub-015,sub-015_ses-01_task-WorkingMemory_run-2_eeg.set,500.0
64,PO8,26.45490074157715,142.63916015625,0.3962141275405884,False,False,sub-015,sub-015_ses-01_task-WorkingMemory_run-2_eeg.set,500.0
65,PO10,25.53064727783203,139.678955078125,0.11635449528694153,False,False,sub-015,sub-015_ses-01_task-WorkingMemory_run-2_eeg.set,500.0
66,O1,25.783201217651367,137.3291015625,0.19282664358615875,False,False,sub-015,sub-015_ses-01_task-WorkingMemory_run-2_eeg.set,500.0
67,OZ,27.640460968017578,162.689208984375,0.755196213722229,False,False,sub-015,sub-015_ses-01_task-WorkingMemory_run-2_eeg.set,500.0
68,O2,23.78593635559082,128.5400390625,-0.41193583607673645,False,False,sub-015,sub-015_ses-01_task-WorkingMemory_run-2_eeg.set,500.0
69,LEYE,29.891090393066406,172.1649169921875,1.436676263809204,False,False,sub-015,sub-015_ses-01_task-WorkingMemory_run-2_eeg.set,500.0
70,REYE,25.146379470825195,136.5509033203125,0.0,False,False,sub-015,sub-015_ses-01_task-WorkingMemory_run-2_eeg.set,500.0
0,FP1,20.383169174194336,109.710693359375,-1.1844428777694702,False,False,sub-015,sub-015_ses-01_task-WorkingMemory_run-3_eeg.set,500.0
1,FPZ,20.743621826171875,110.8856201171875,-1.0993831157684326,False,False,sub-015,sub-015_ses-01_task-WorkingMemory_run-3_eeg.set,500.0
2,FP2,27.91880989074707,157.7581787109375,0.5938197374343872,False,False,sub-015,sub-015_ses-01_task-WorkingMemory_run-3_eeg.set,500.0
3,AF7,23.769790649414062,127.84454345703125,-0.3852669894695282,False,False,sub-015,sub-015_ses-01_task-WorkingMemory_run-3_eeg.set,500.0
4,AF3,22.476041793823242,119.67864990234375,-0.6905661821365356,False,False,sub-015,sub-015_ses-01_task-WorkingMemory_run-3_eeg.set,500.0
5,AFZ,21.86811637878418,119.20562744140625,-0.8340246081352234,False,False,sub-015,sub-015_ses-01_task-WorkingMemory_run-3_eeg.set,500.0
6,AF4,20.324583053588867,108.487548828125,-1.198267936706543,False,False,sub-015,sub-015_ses-01_task-WorkingMemory_run-3_eeg.set,500.0
7,AF8,24.945573806762695,137.37640380859375,-0.10780535638332367,False,False,sub-015,sub-015_ses-01_task-WorkingMemory_run-3_eeg.set,500.0
8,F9,20.585861206054688,112.213134765625,-1.1366114616394043,False,False,sub-015,sub-015_ses-01_task-WorkingMemory_run-3_eeg.set,500.0
9,F7,22.806949615478516,123.8250732421875,-0.6124784350395203,False,False,sub-015,sub-015_ses-01_task-WorkingMemory_run-3_eeg.set,500.0
10,F5,21.021121978759766,106.353759765625,-1.0338985919952393,False,False,sub-015,sub-015_ses-01_task-WorkingMemory_run-3_eeg.set,500.0
11,F3,24.298391342163086,129.8956298828125,-0.260527640581131,False,False,sub-015,sub-015_ses-01_task-WorkingMemory_run-3_eeg.set,500.0
12,F1,22.340984344482422,119.13818359375,-0.7224370837211609,False,False,sub-015,sub-015_ses-01_task-WorkingMemory_run-3_eeg.set,500.0
13,FZ,24.91828727722168,137.50335693359375,-0.11424443125724792,False,False,sub-015,sub-015_ses-01_task-WorkingMemory_run-3_eeg.set,500.0
14,F2,21.029312133789062,105.8197021484375,-1.0319658517837524,False,False,sub-015,sub-015_ses-01_task-WorkingMemory_run-3_eeg.set,500.0
15,F4,18.829591751098633,90.51513671875,-1.5510563850402832,False,False,sub-015,sub-015_ses-01_task-WorkingMemory_run-3_eeg.set,500.0
16,F6,22.13189125061035,112.64678955078125,-0.7717788815498352,False,False,sub-015,sub-015_ses-01_task-WorkingMemory_run-3_eeg.set,500.0
17,F8,21.63665771484375,112.75360107421875,-0.888644278049469,False,False,sub-015,sub-015_ses-01_task-WorkingMemory_run-3_eeg.set,500.0
18,F10,19.046493530273438,92.00164794921875,-1.499871850013733,False,False,sub-015,sub-015_ses-01_task-WorkingMemory_run-3_eeg.set,500.0
19,FT9,21.187559127807617,110.38848876953125,-0.9946227073669434,False,False,sub-015,sub-015_ses-01_task-WorkingMemory_run-3_eeg.set,500.0
20,FT7,29.127628326416016,155.93109130859375,0.8790769577026367,False,False,sub-015,sub-015_ses-01_task-WorkingMemory_run-3_eeg.set,500.0
21,FC5,24.102920532226562,128.326416015625,-0.3066549003124237,False,False,sub-015,sub-015_ses-01_task-WorkingMemory_run-3_eeg.set,500.0
22,FC3,23.204153060913086,124.83856201171875,-0.5187462568283081,False,False,sub-015,sub-015_ses-01_task-WorkingMemory_run-3_eeg.set,500.0
23,FC1,20.006460189819336,102.74383544921875,-1.2733386754989624,False,False,sub-015,sub-015_ses-01_task-WorkingMemory_run-3_eeg.set,500.0
24,FCZ,19.21146011352539,96.83868408203125,-1.4609429836273193,False,False,sub-015,sub-015_ses-01_task-WorkingMemory_run-3_eeg.set,500.0
25,FC2,21.281452178955078,106.72637939453125,-0.9724657535552979,False,False,sub-015,sub-015_ses-01_task-WorkingMemory_run-3_eeg.set,500.0
26,FC4,24.52692413330078,131.10992431640625,-0.2065984159708023,False,False,sub-015,sub-015_ses-01_task-WorkingMemory_run-3_eeg.set,500.0
27,FC6,32.91762161254883,196.500244140625,1.7734407186508179,False,False,sub-015,sub-015_ses-01_task-WorkingMemory_run-3_eeg.set,500.0
28,FT8,23.247886657714844,124.0185546875,-0.5084260106086731,False,False,sub-015,sub-015_ses-01_task-WorkingMemory_run-3_eeg.set,500.0
29,FT10,28.150131225585938,158.5467529296875,0.648406982421875,False,False,sub-015,sub-015_ses-01_task-WorkingMemory_run-3_eeg.set,500.0
30,T7,28.260704040527344,157.073974609375,0.6744999885559082,False,False,sub-015,sub-015_ses-01_task-WorkingMemory_run-3_eeg.set,500.0
31,C5,23.6871280670166,121.851806640625,-0.4047737419605255,False,False,sub-015,sub-015_ses-01_task-WorkingMemory_run-3_eeg.set,500.0
32,C3,28.649078369140625,162.14630126953125,0.7661486864089966,False,False,sub-015,sub-015_ses-01_task-WorkingMemory_run-3_eeg.set,500.0
33,C1,27.355073928833008,148.31298828125,0.46078917384147644,False,False,sub-015,sub-015_ses-01_task-WorkingMemory_run-3_eeg.set,500.0
34,CZ,25.498424530029297,136.4898681640625,0.02265651524066925,False,False,sub-015,sub-015_ses-01_task-WorkingMemory_run-3_eeg.set,500.0
35,C2,27.30045509338379,151.09893798828125,0.4479001760482788,False,False,sub-015,sub-015_ses-01_task-WorkingMemory_run-3_eeg.set,500.0
36,C4,44.096458435058594,252.9986572265625,4.411425590515137,False,False,sub-015,sub-015_ses-01_task-WorkingMemory_run-3_eeg.set,500.0
37,C6,31.432476043701172,199.60662841796875,1.4229755401611328,False,False,sub-015,sub-015_ses-01_task-WorkingMemory_run-3_eeg.set,500.0
38,T8,22.710453033447266,119.10125732421875,-0.6352497339248657,False,False,sub-015,sub-015_ses-01_task-WorkingMemory_run-3_eeg.set,500.0
39,TP9,23.971038818359375,127.2430419921875,-0.3377763628959656,False,False,sub-015,sub-015_ses-01_task-WorkingMemory_run-3_eeg.set,500.0
40,TP7,27.722375869750977,156.94305419921875,0.5474652051925659,False,False,sub-015,sub-015_ses-01_task-WorkingMemory_run-3_eeg.set,500.0
41,CP5,32.19752883911133,195.43853759765625,1.6035130023956299,False,False,sub-015,sub-015_ses-01_task-WorkingMemory_run-3_eeg.set,500.0
42,CP3,30.01409339904785,171.55853271484375,1.088265299797058,False,False,sub-015,sub-015_ses-01_task-WorkingMemory_run-3_eeg.set,500.0
43,CP1,33.483882904052734,209.7601318359375,1.9070671796798706,False,False,sub-015,sub-015_ses-01_task-WorkingMemory_run-3_eeg.set,500.0
44,CPZ,26.96120834350586,148.4375,0.3678446114063263,False,False,sub-015,sub-015_ses-01_task-WorkingMemory_run-3_eeg.set,500.0
45,CP2,23.48641586303711,130.49072265625,-0.45213785767555237,False,False,sub-015,sub-015_ses-01_task-WorkingMemory_run-3_eeg.set,500.0
46,CP4,26.60915756225586,150.91339111328125,0.28476759791374207,False,False,sub-015,sub-015_ses-01_task-WorkingMemory_run-3_eeg.set,500.0
47,CP6,33.55600357055664,205.51177978515625,1.924086093902588,False,False,sub-015,sub-015_ses-01_task-WorkingMemory_run-3_eeg.set,500.0
48,TP8,28.635452270507812,150.67169189453125,0.7629331946372986,False,False,sub-015,sub-015_ses-01_task-WorkingMemory_run-3_eeg.set,500.0
49,TP10,49.102115631103516,312.42767333984375,5.5926618576049805,False,False,sub-015,sub-015_ses-01_task-WorkingMemory_run-3_eeg.set,500.0
50,P7,25.41781997680664,132.39166259765625,0.003635430708527565,False,False,sub-015,sub-015_ses-01_task-WorkingMemory_run-3_eeg.set,500.0
51,P5,25.514711380004883,139.007568359375,0.02649988979101181,False,False,sub-015,sub-015_ses-01_task-WorkingMemory_run-3_eeg.set,500.0
52,P3,30.023571014404297,162.2900390625,1.0905017852783203,False,False,sub-015,sub-015_ses-01_task-WorkingMemory_run-3_eeg.set,500.0
53,P1,25.858610153198242,139.127197265625,0.10765322297811508,False,False,sub-015,sub-015_ses-01_task-WorkingMemory_run-3_eeg.set,500.0
54,PZ,26.594982147216797,147.95562744140625,0.2814224660396576,False,False,sub-015,sub-015_ses-01_task-WorkingMemory_run-3_eeg.set,500.0
55,P2,23.68657684326172,129.88922119140625,-0.404903769493103,False,False,sub-015,sub-015_ses-01_task-WorkingMemory_run-3_eeg.set,500.0
56,P4,19.59747314453125,96.65557861328125,-1.3698515892028809,False,False,sub-015,sub-015_ses-01_task-WorkingMemory_run-3_eeg.set,500.0
57,P6,29.219669342041016,157.11090087890625,0.9007968902587891,False,False,sub-015,sub-015_ses-01_task-WorkingMemory_run-3_eeg.set,500.0
58,P8,26.105348587036133,141.33331298828125,0.16587860882282257,False,False,sub-015,sub-015_ses-01_task-WorkingMemory_run-3_eeg.set,500.0
59,PO9,32.45888900756836,189.94781494140625,1.6651887893676758,False,False,sub-015,sub-015_ses-01_task-WorkingMemory_run-3_eeg.set,500.0
60,PO7,27.914432525634766,152.2979736328125,0.5927867293357849,False,False,sub-015,sub-015_ses-01_task-WorkingMemory_run-3_eeg.set,500.0
61,PO3,27.575857162475586,146.4666748046875,0.5128896236419678,False,False,sub-015,sub-015_ses-01_task-WorkingMemory_run-3_eeg.set,500.0
62,POZ,26.832246780395508,143.4759521484375,0.3374122679233551,False,False,sub-015,sub-015_ses-01_task-WorkingMemory_run-3_eeg.set,500.0
63,PO4,28.13216209411621,156.1431884765625,0.6441666483879089,False,False,sub-015,sub-015_ses-01_task-WorkingMemory_run-3_eeg.set,500.0
64,PO8,25.58879280090332,135.2972412109375,0.0439816415309906,False,False,sub-015,sub-015_ses-01_task-WorkingMemory_run-3_eeg.set,500.0
65,PO10,30.226070404052734,173.7060546875,1.1382876634597778,False,False,sub-015,sub-015_ses-01_task-WorkingMemory_run-3_eeg.set,500.0
66,O1,25.402414321899414,135.218505859375,0.0,False,False,sub-015,sub-015_ses-01_task-WorkingMemory_run-3_eeg.set,500.0
67,OZ,23.334636688232422,121.5667724609375,-0.4879547357559204,False,False,sub-015,sub-015_ses-01_task-WorkingMemory_run-3_eeg.set,500.0
68,O2,24.388946533203125,127.255859375,-0.23915840685367584,False,False,sub-015,sub-015_ses-01_task-WorkingMemory_run-3_eeg.set,500.0
69,LEYE,31.14687728881836,171.33209228515625,1.3555799722671509,False,False,sub-015,sub-015_ses-01_task-WorkingMemory_run-3_eeg.set,500.0
70,REYE,22.045196533203125,113.40972900390625,-0.7922371625900269,False,False,sub-015,sub-015_ses-01_task-WorkingMemory_run-3_eeg.set,500.0
0,FP1,53.18123245239258,309.4659423828125,1.6649084091186523,False,False,sub-016,sub-016_ses-01_task-WorkingMemory_run-1_eeg.set,500.0
1,FPZ,35.7719841003418,205.323486328125,0.12321506440639496,False,False,sub-016,sub-016_ses-01_task-WorkingMemory_run-1_eeg.set,500.0
2,FP2,55.461341857910156,342.5457763671875,1.866825819015503,False,False,sub-016,sub-016_ses-01_task-WorkingMemory_run-1_eeg.set,500.0
3,AF7,36.636966705322266,194.139404296875,0.19981446862220764,False,False,sub-016,sub-016_ses-01_task-WorkingMemory_run-1_eeg.set,500.0
4,AF3,35.16536331176758,190.9661865234375,0.06949516385793686,False,False,sub-016,sub-016_ses-01_task-WorkingMemory_run-1_eeg.set,500.0
5,AFZ,51.666778564453125,317.4456787109375,1.5307945013046265,False,False,sub-016,sub-016_ses-01_task-WorkingMemory_run-1_eeg.set,500.0
6,AF4,29.460580825805664,157.333984375,-0.4356975257396698,False,False,sub-016,sub-016_ses-01_task-WorkingMemory_run-1_eeg.set,500.0
7,AF8,25.085102081298828,123.7957763671875,-0.8231724500656128,False,False,sub-016,sub-016_ses-01_task-WorkingMemory_run-1_eeg.set,500.0
8,F9,45.32815170288086,262.2259521484375,0.9694709777832031,False,False,sub-016,sub-016_ses-01_task-WorkingMemory_run-1_eeg.set,500.0
9,F7,34.32826232910156,192.6580810546875,-0.004635150078684092,False,False,sub-016,sub-016_ses-01_task-WorkingMemory_run-1_eeg.set,500.0
10,F5,23.6608829498291,114.19677734375,-0.9492955207824707,False,False,sub-016,sub-016_ses-01_task-WorkingMemory_run-1_eeg.set,500.0
11,F3,46.153770446777344,271.014404296875,1.0425845384597778,False,False,sub-016,sub-016_ses-01_task-WorkingMemory_run-1_eeg.set,500.0
12,F1,38.872432708740234,200.48583984375,0.39777839183807373,False,False,sub-016,sub-016_ses-01_task-WorkingMemory_run-1_eeg.set,500.0
13,FZ,41.265411376953125,242.5543212890625,0.6096909642219543,False,False,sub-016,sub-016_ses-01_task-WorkingMemory_run-1_eeg.set,500.0
14,F2,40.29081726074219,244.2938232421875,0.5233848690986633,False,False,sub-016,sub-016_ses-01_task-WorkingMemory_run-1_eeg.set,500.0
15,F4,25.08787727355957,119.7064208984375,-0.8229266405105591,False,False,sub-016,sub-016_ses-01_task-WorkingMemory_run-1_eeg.set,500.0
16,F6,49.493038177490234,299.989013671875,1.33829665184021,False,False,sub-016,sub-016_ses-01_task-WorkingMemory_run-1_eeg.set,500.0
17,F8,31.543554306030273,169.251708984375,-0.25123775005340576,False,False,sub-016,sub-016_ses-01_task-WorkingMemory_run-1_eeg.set,500.0
18,F10,50.34281539916992,313.2330322265625,1.413549542427063,False,False,sub-016,sub-016_ses-01_task-WorkingMemory_run-1_eeg.set,500.0
19,FT9,34.3806037902832,195.5108642578125,0.0,False,False,sub-016,sub-016_ses-01_task-WorkingMemory_run-1_eeg.set,500.0
20,FT7,32.254398345947266,168.731689453125,-0.18828824162483215,False,False,sub-016,sub-016_ses-01_task-WorkingMemory_run-1_eeg.set,500.0
21,FC5,35.31066131591797,214.5697021484375,0.08236217498779297,False,False,sub-016,sub-016_ses-01_task-WorkingMemory_run-1_eeg.set,500.0
22,FC3,27.069673538208008,130.4022216796875,-0.6474267244338989,False,False,sub-016,sub-016_ses-01_task-WorkingMemory_run-1_eeg.set,500.0
23,FC1,25.906612396240234,134.7503662109375,-0.7504227757453918,False,False,sub-016,sub-016_ses-01_task-WorkingMemory_run-1_eeg.set,500.0
24,FCZ,41.29258346557617,228.4100341796875,0.6120972633361816,False,False,sub-016,sub-016_ses-01_task-WorkingMemory_run-1_eeg.set,500.0
25,FC2,35.46980667114258,210.6951904296875,0.09645543992519379,False,False,sub-016,sub-016_ses-01_task-WorkingMemory_run-1_eeg.set,500.0
26,FC4,25.351579666137695,120.4376220703125,-0.7995741963386536,False,False,sub-016,sub-016_ses-01_task-WorkingMemory_run-1_eeg.set,500.0
27,FC6,44.74663543701172,263.4735107421875,0.9179742336273193,False,False,sub-016,sub-016_ses-01_task-WorkingMemory_run-1_eeg.set,500.0
28,FT8,21.38557243347168,98.3734130859375,-1.1507879495620728,False,False,sub-016,sub-016_ses-01_task-WorkingMemory_run-1_eeg.set,500.0
29,FT10,25.998924255371094,139.847412109375,-0.742247998714447,False,False,sub-016,sub-016_ses-01_task-WorkingMemory_run-1_eeg.set,500.0
30,T7,43.91115951538086,269.3023681640625,0.8439878225326538,False,False,sub-016,sub-016_ses-01_task-WorkingMemory_run-1_eeg.set,500.0
31,C5,25.031597137451172,120.926513671875,-0.8279106020927429,False,False,sub-016,sub-016_ses-01_task-WorkingMemory_run-1_eeg.set,500.0
32,C3,27.772926330566406,141.876220703125,-0.5851494073867798,False,False,sub-016,sub-016_ses-01_task-WorkingMemory_run-1_eeg.set,500.0
33,C1,27.098363876342773,139.801025390625,-0.6448860168457031,False,False,sub-016,sub-016_ses-01_task-WorkingMemory_run-1_eeg.set,500.0
34,CZ,30.328502655029297,159.5306396484375,-0.3588378429412842,False,False,sub-016,sub-016_ses-01_task-WorkingMemory_run-1_eeg.set,500.0
35,C2,43.02809524536133,257.5244140625,0.7657871842384338,False,False,sub-016,sub-016_ses-01_task-WorkingMemory_run-1_eeg.set,500.0
36,C4,22.331159591674805,103.7451171875,-1.0670504570007324,False,False,sub-016,sub-016_ses-01_task-WorkingMemory_run-1_eeg.set,500.0
37,C6,44.19220733642578,268.021240234375,0.8688763380050659,False,False,sub-016,sub-016_ses-01_task-WorkingMemory_run-1_eeg.set,500.0
38,T8,27.50794219970703,139.3438720703125,-0.6086153984069824,False,False,sub-016,sub-016_ses-01_task-WorkingMemory_run-1_eeg.set,500.0
39,TP9,31.919179916381836,175.7965087890625,-0.21797384321689606,False,False,sub-016,sub-016_ses-01_task-WorkingMemory_run-1_eeg.set,500.0
40,TP7,46.6719970703125,274.598388671875,1.088476538658142,False,False,sub-016,sub-016_ses-01_task-WorkingMemory_run-1_eeg.set,500.0
41,CP5,23.51547622680664,114.2431640625,-0.9621722102165222,False,False,sub-016,sub-016_ses-01_task-WorkingMemory_run-1_eeg.set,500.0
42,CP3,47.068782806396484,276.1395263671875,1.1236144304275513,False,False,sub-016,sub-016_ses-01_task-WorkingMemory_run-1_eeg.set,500.0
43,CP1,35.8888053894043,202.225341796875,0.13356029987335205,False,False,sub-016,sub-016_ses-01_task-WorkingMemory_run-1_eeg.set,500.0
44,CPZ,42.00984191894531,242.4786376953125,0.6756147742271423,False,False,sub-016,sub-016_ses-01_task-WorkingMemory_run-1_eeg.set,500.0
45,CP2,39.087646484375,216.873779296875,0.41683685779571533,False,False,sub-016,sub-016_ses-01_task-WorkingMemory_run-1_eeg.set,500.0
46,CP4,34.37649154663086,192.1844482421875,-0.0003641638031695038,False,False,sub-016,sub-016_ses-01_task-WorkingMemory_run-1_eeg.set,500.0
47,CP6,40.15383529663086,222.1990966796875,0.5112542510032654,False,False,sub-016,sub-016_ses-01_task-WorkingMemory_run-1_eeg.set,500.0
48,TP8,53.134681701660156,336.9757080078125,1.6607861518859863,False,False,sub-016,sub-016_ses-01_task-WorkingMemory_run-1_eeg.set,500.0
49,TP10,30.066877365112305,153.5040283203125,-0.38200631737709045,False,False,sub-016,sub-016_ses-01_task-WorkingMemory_run-1_eeg.set,500.0
50,P7,31.04599380493164,164.248046875,-0.2952997088432312,False,False,sub-016,sub-016_ses-01_task-WorkingMemory_run-1_eeg.set,500.0
51,P5,23.15420913696289,106.5826416015625,-0.9941645860671997,False,False,sub-016,sub-016_ses-01_task-WorkingMemory_run-1_eeg.set,500.0
52,P3,45.57481002807617,256.51611328125,0.9913140535354614,False,False,sub-016,sub-016_ses-01_task-WorkingMemory_run-1_eeg.set,500.0
53,P1,26.172239303588867,134.735107421875,-0.7268999218940735,False,False,sub-016,sub-016_ses-01_task-WorkingMemory_run-1_eeg.set,500.0
54,PZ,19.110567092895508,90.1947021484375,-1.3522533178329468,False,False,sub-016,sub-016_ses-01_task-WorkingMemory_run-1_eeg.set,500.0
55,P2,26.763954162597656,128.5406494140625,-0.6744999885559082,False,False,sub-016,sub-016_ses-01_task-WorkingMemory_run-1_eeg.set,500.0
56,P4,24.72416114807129,118.4393310546875,-0.8551358580589294,False,False,sub-016,sub-016_ses-01_task-WorkingMemory_run-1_eeg.set,500.0
57,P6,30.73233413696289,159.3939208984375,-0.32307612895965576,False,False,sub-016,sub-016_ses-01_task-WorkingMemory_run-1_eeg.set,500.0
58,P8,34.51575469970703,187.79052734375,0.011968422681093216,False,False,sub-016,sub-016_ses-01_task-WorkingMemory_run-1_eeg.set,500.0
59,PO9,33.53495407104492,171.678466796875,-0.07488735020160675,False,False,sub-016,sub-016_ses-01_task-WorkingMemory_run-1_eeg.set,500.0
60,PO7,43.78470993041992,262.269287109375,0.8327900171279907,False,False,sub-016,sub-016_ses-01_task-WorkingMemory_run-1_eeg.set,500.0
61,PO3,39.563480377197266,217.4993896484375,0.45897477865219116,False,False,sub-016,sub-016_ses-01_task-WorkingMemory_run-1_eeg.set,500.0
62,POZ,37.10941696166992,218.492431640625,0.24165275692939758,False,False,sub-016,sub-016_ses-01_task-WorkingMemory_run-1_eeg.set,500.0
63,PO4,32.06197738647461,162.659912109375,-0.20532827079296112,False,False,sub-016,sub-016_ses-01_task-WorkingMemory_run-1_eeg.set,500.0
64,PO8,24.094707489013672,105.9576416015625,-0.9108778238296509,False,False,sub-016,sub-016_ses-01_task-WorkingMemory_run-1_eeg.set,500.0
65,PO10,48.9936637878418,307.740478515625,1.2940741777420044,False,False,sub-016,sub-016_ses-01_task-WorkingMemory_run-1_eeg.set,500.0
66,O1,30.925323486328125,156.6314697265625,-0.30598577857017517,False,False,sub-016,sub-016_ses-01_task-WorkingMemory_run-1_eeg.set,500.0
67,OZ,38.828948974609375,224.9298095703125,0.393927663564682,False,False,sub-016,sub-016_ses-01_task-WorkingMemory_run-1_eeg.set,500.0
68,O2,32.919593811035156,173.1427001953125,-0.1293811947107315,False,False,sub-016,sub-016_ses-01_task-WorkingMemory_run-1_eeg.set,500.0
69,LEYE,21.357624053955078,101.4410400390625,-1.1532628536224365,False,False,sub-016,sub-016_ses-01_task-WorkingMemory_run-1_eeg.set,500.0
70,REYE,42.42234802246094,244.461669921875,0.7121446132659912,False,False,sub-016,sub-016_ses-01_task-WorkingMemory_run-1_eeg.set,500.0
0,FP1,38.8570442199707,213.6737060546875,-0.03211761265993118,False,False,sub-016,sub-016_ses-01_task-WorkingMemory_run-2_eeg.set,500.0
1,FPZ,44.59446334838867,266.697998046875,0.5879911780357361,False,False,sub-016,sub-016_ses-01_task-WorkingMemory_run-2_eeg.set,500.0
2,FP2,47.448814392089844,286.773681640625,0.896493673324585,False,False,sub-016,sub-016_ses-01_task-WorkingMemory_run-2_eeg.set,500.0
3,AF7,38.369693756103516,217.18505859375,-0.08479117602109909,False,False,sub-016,sub-016_ses-01_task-WorkingMemory_run-2_eeg.set,500.0
4,AF3,32.26638412475586,153.8763427734375,-0.7444459795951843,False,False,sub-016,sub-016_ses-01_task-WorkingMemory_run-2_eeg.set,500.0
5,AFZ,53.64503860473633,344.600830078125,1.5661908388137817,False,False,sub-016,sub-016_ses-01_task-WorkingMemory_run-2_eeg.set,500.0
6,AF4,42.85965347290039,265.032958984375,0.40049034357070923,False,False,sub-016,sub-016_ses-01_task-WorkingMemory_run-2_eeg.set,500.0
7,AF8,33.27473831176758,178.153076171875,-0.6354615092277527,False,False,sub-016,sub-016_ses-01_task-WorkingMemory_run-2_eeg.set,500.0
8,F9,50.10639572143555,312.11669921875,1.1837290525436401,False,False,sub-016,sub-016_ses-01_task-WorkingMemory_run-2_eeg.set,500.0
9,F7,34.86094665527344,198.072509765625,-0.46402180194854736,False,False,sub-016,sub-016_ses-01_task-WorkingMemory_run-2_eeg.set,500.0
10,F5,31.18695831298828,154.7308349609375,-0.8611119389533997,False,False,sub-016,sub-016_ses-01_task-WorkingMemory_run-2_eeg.set,500.0
11,F3,59.89006042480469,379.4012451171875,2.241162061691284,False,False,sub-016,sub-016_ses-01_task-WorkingMemory_run-2_eeg.set,500.0
12,F1,44.51782989501953,253.5247802734375,0.5797085165977478,False,False,sub-016,sub-016_ses-01_task-WorkingMemory_run-2_eeg.set,500.0
13,FZ,25.219263076782227,104.8956298828125,-1.5061092376708984,False,False,sub-016,sub-016_ses-01_task-WorkingMemory_run-2_eeg.set,500.0
14,F2,49.4473762512207,297.315673828125,1.1125012636184692,False,False,sub-016,sub-016_ses-01_task-WorkingMemory_run-2_eeg.set,500.0
15,F4,25.868276596069336,120.78857421875,-1.4359629154205322,False,False,sub-016,sub-016_ses-01_task-WorkingMemory_run-2_eeg.set,500.0
16,F6,33.67652130126953,176.116943359375,-0.592036247253418,False,False,sub-016,sub-016_ses-01_task-WorkingMemory_run-2_eeg.set,500.0
17,F8,51.60832214355469,318.216552734375,1.3460595607757568,False,False,sub-016,sub-016_ses-01_task-WorkingMemory_run-2_eeg.set,500.0
18,F10,44.52711486816406,258.946533203125,0.580712080001831,False,False,sub-016,sub-016_ses-01_task-WorkingMemory_run-2_eeg.set,500.0
19,FT9,38.45681381225586,212.3175048828125,-0.07537510991096497,False,False,sub-016,sub-016_ses-01_task-WorkingMemory_run-2_eeg.set,500.0
20,FT7,44.4772834777832,259.395751953125,0.5753262042999268,False,False,sub-016,sub-016_ses-01_task-WorkingMemory_run-2_eeg.set,500.0
21,FC5,34.51865005493164,200.491943359375,-0.501017689704895,False,False,sub-016,sub-016_ses-01_task-WorkingMemory_run-2_eeg.set,500.0
22,FC3,31.39910316467285,160.615234375,-0.8381829857826233,False,False,sub-016,sub-016_ses-01_task-WorkingMemory_run-2_eeg.set,500.0
23,FC1,43.65424728393555,257.1173095703125,0.486371248960495,False,False,sub-016,sub-016_ses-01_task-WorkingMemory_run-2_eeg.set,500.0
24,FCZ,35.396240234375,198.8287353515625,-0.4061664342880249,False,False,sub-016,sub-016_ses-01_task-WorkingMemory_run-2_eeg.set,500.0
25,FC2,37.72309112548828,200.3375244140625,-0.15467694401741028,False,False,sub-016,sub-016_ses-01_task-WorkingMemory_run-2_eeg.set,500.0
26,FC4,41.95587921142578,245.87158203125,0.30280908942222595,False,False,sub-016,sub-016_ses-01_task-WorkingMemory_run-2_eeg.set,500.0
27,FC6,30.02900505065918,158.111572265625,-0.9862651824951172,False,False,sub-016,sub-016_ses-01_task-WorkingMemory_run-2_eeg.set,500.0
28,FT8,21.317636489868164,98.32763671875,-1.9278029203414917,False,False,sub-016,sub-016_ses-01_task-WorkingMemory_run-2_eeg.set,500.0
29,FT10,46.3173713684082,281.1883544921875,0.7742056250572205,False,False,sub-016,sub-016_ses-01_task-WorkingMemory_run-2_eeg.set,500.0
30,T7,31.294025421142578,163.8946533203125,-0.8495398759841919,False,False,sub-016,sub-016_ses-01_task-WorkingMemory_run-2_eeg.set,500.0
31,C5,43.028480529785156,263.3935546875,0.41873741149902344,False,False,sub-016,sub-016_ses-01_task-WorkingMemory_run-2_eeg.set,500.0
32,C3,48.28693389892578,290.9918212890625,0.987078845500946,False,False,sub-016,sub-016_ses-01_task-WorkingMemory_run-2_eeg.set,500.0
33,C1,37.511531829833984,213.1719970703125,-0.17754259705543518,False,False,sub-016,sub-016_ses-01_task-WorkingMemory_run-2_eeg.set,500.0
34,CZ,35.198123931884766,184.844970703125,-0.4275791645050049,False,False,sub-016,sub-016_ses-01_task-WorkingMemory_run-2_eeg.set,500.0
35,C2,47.58004379272461,283.526611328125,0.9106771349906921,False,False,sub-016,sub-016_ses-01_task-WorkingMemory_run-2_eeg.set,500.0
36,C4,30.663597106933594,149.4256591796875,-0.9176775813102722,False,False,sub-016,sub-016_ses-01_task-WorkingMemory_run-2_eeg.set,500.0
37,C6,39.37113952636719,211.65283203125,0.023446571081876755,False,False,sub-016,sub-016_ses-01_task-WorkingMemory_run-2_eeg.set,500.0
38,T8,59.08696746826172,364.2999267578125,2.154362678527832,False,False,sub-016,sub-016_ses-01_task-WorkingMemory_run-2_eeg.set,500.0
39,TP9,43.97835922241211,212.315673828125,0.5214017033576965,False,False,sub-016,sub-016_ses-01_task-WorkingMemory_run-2_eeg.set,500.0
40,TP7,25.295711517333984,130.33203125,-1.4978467226028442,False,False,sub-016,sub-016_ses-01_task-WorkingMemory_run-2_eeg.set,500.0
41,CP5,31.325912475585938,157.20947265625,-0.8460935354232788,False,False,sub-016,sub-016_ses-01_task-WorkingMemory_run-2_eeg.set,500.0
42,CP3,27.888010025024414,131.805419921875,-1.2176671028137207,False,False,sub-016,sub-016_ses-01_task-WorkingMemory_run-2_eeg.set,500.0
43,CP1,61.33667755126953,378.248291015625,2.397514581680298,False,False,sub-016,sub-016_ses-01_task-WorkingMemory_run-2_eeg.set,500.0
44,CPZ,42.853458404541016,241.4837646484375,0.39982080459594727,False,False,sub-016,sub-016_ses-01_task-WorkingMemory_run-2_eeg.set,500.0
45,CP2,39.154205322265625,231.2652587890625,0.0,False,False,sub-016,sub-016_ses-01_task-WorkingMemory_run-2_eeg.set,500.0
46,CP4,41.81695556640625,245.6732177734375,0.2877940237522125,False,False,sub-016,sub-016_ses-01_task-WorkingMemory_run-2_eeg.set,500.0
47,CP6,22.606674194335938,105.743408203125,-1.7884817123413086,False,False,sub-016,sub-016_ses-01_task-WorkingMemory_run-2_eeg.set,500.0
48,TP8,43.24433898925781,258.074951171875,0.4420677125453949,False,False,sub-016,sub-016_ses-01_task-WorkingMemory_run-2_eeg.set,500.0
49,TP10,50.07651138305664,297.1868896484375,1.1804990768432617,False,False,sub-016,sub-016_ses-01_task-WorkingMemory_run-2_eeg.set,500.0
50,P7,26.20427703857422,123.221435546875,-1.39964759349823,False,False,sub-016,sub-016_ses-01_task-WorkingMemory_run-2_eeg.set,500.0
51,P5,46.051570892333984,260.665283203125,0.745477557182312,False,False,sub-016,sub-016_ses-01_task-WorkingMemory_run-2_eeg.set,500.0
52,P3,35.02827453613281,188.193359375,-0.4459367096424103,False,False,sub-016,sub-016_ses-01_task-WorkingMemory_run-2_eeg.set,500.0
53,P1,39.49674606323242,206.6717529296875,0.03702231124043465,False,False,sub-016,sub-016_ses-01_task-WorkingMemory_run-2_eeg.set,500.0
54,PZ,37.43538284301758,214.1571044921875,-0.18577289581298828,False,False,sub-016,sub-016_ses-01_task-WorkingMemory_run-2_eeg.set,500.0
55,P2,30.53339195251465,157.9400634765625,-0.9317503571510315,False,False,sub-016,sub-016_ses-01_task-WorkingMemory_run-2_eeg.set,500.0
56,P4,47.01593017578125,285.841064453125,0.8497069478034973,False,False,sub-016,sub-016_ses-01_task-WorkingMemory_run-2_eeg.set,500.0
57,P6,24.516136169433594,117.972412109375,-1.5821043252944946,False,False,sub-016,sub-016_ses-01_task-WorkingMemory_run-2_eeg.set,500.0
58,P8,30.570049285888672,148.145751953125,-0.9277883768081665,False,False,sub-016,sub-016_ses-01_task-WorkingMemory_run-2_eeg.set,500.0
59,PO9,60.09208679199219,360.853271484375,2.2629973888397217,False,False,sub-016,sub-016_ses-01_task-WorkingMemory_run-2_eeg.set,500.0
60,PO7,29.74700355529785,156.4752197265625,-1.0167443752288818,False,False,sub-016,sub-016_ses-01_task-WorkingMemory_run-2_eeg.set,500.0
61,PO3,44.964847564697266,289.4451904296875,0.6280228495597839,False,False,sub-016,sub-016_ses-01_task-WorkingMemory_run-2_eeg.set,500.0
62,POZ,43.31227111816406,257.14599609375,0.44940993189811707,False,False,sub-016,sub-016_ses-01_task-WorkingMemory_run-2_eeg.set,500.0
63,PO4,34.204097747802734,189.5953369140625,-0.5350149869918823,False,False,sub-016,sub-016_ses-01_task-WorkingMemory_run-2_eeg.set,500.0
64,PO8,37.8720817565918,199.5135498046875,-0.13857382535934448,False,False,sub-016,sub-016_ses-01_task-WorkingMemory_run-2_eeg.set,500.0
65,PO10,45.394866943359375,270.1837158203125,0.6744999885559082,False,False,sub-016,sub-016_ses-01_task-WorkingMemory_run-2_eeg.set,500.0
66,O1,35.871150970458984,200.5987548828125,-0.3548373878002167,False,False,sub-016,sub-016_ses-01_task-WorkingMemory_run-2_eeg.set,500.0
67,OZ,47.88627243041992,304.478759765625,0.9437747597694397,False,False,sub-016,sub-016_ses-01_task-WorkingMemory_run-2_eeg.set,500.0
68,O2,39.26426315307617,213.1195068359375,0.011895214207470417,False,False,sub-016,sub-016_ses-01_task-WorkingMemory_run-2_eeg.set,500.0
69,LEYE,24.728029251098633,118.1793212890625,-1.5592025518417358,False,False,sub-016,sub-016_ses-01_task-WorkingMemory_run-2_eeg.set,500.0
70,REYE,41.28488540649414,242.4871826171875,0.2302870750427246,False,False,sub-016,sub-016_ses-01_task-WorkingMemory_run-2_eeg.set,500.0
0,FP1,28.022228240966797,139.373779296875,-0.25324100255966187,False,False,sub-016,sub-016_ses-01_task-WorkingMemory_run-3_eeg.set,500.0
1,FPZ,21.52385902404785,102.31170654296875,-0.9678077101707458,False,False,sub-016,sub-016_ses-01_task-WorkingMemory_run-3_eeg.set,500.0
2,FP2,17.251554489135742,79.88128662109375,-1.4375942945480347,False,False,sub-016,sub-016_ses-01_task-WorkingMemory_run-3_eeg.set,500.0
3,AF7,25.64579200744629,123.7823486328125,-0.5145561099052429,False,False,sub-016,sub-016_ses-01_task-WorkingMemory_run-3_eeg.set,500.0
4,AF3,24.191240310668945,119.7357177734375,-0.674500048160553,False,False,sub-016,sub-016_ses-01_task-WorkingMemory_run-3_eeg.set,500.0
5,AFZ,19.670440673828125,93.27850341796875,-1.1716113090515137,False,False,sub-016,sub-016_ses-01_task-WorkingMemory_run-3_eeg.set,500.0
6,AF4,30.325237274169922,163.13629150390625,0.0,False,False,sub-016,sub-016_ses-01_task-WorkingMemory_run-3_eeg.set,500.0
7,AF8,19.513641357421875,87.982177734375,-1.188853144645691,False,False,sub-016,sub-016_ses-01_task-WorkingMemory_run-3_eeg.set,500.0
8,F9,27.173351287841797,135.565185546875,-0.346584290266037,False,False,sub-016,sub-016_ses-01_task-WorkingMemory_run-3_eeg.set,500.0
9,F7,24.877614974975586,115.9515380859375,-0.599025547504425,False,False,sub-016,sub-016_ses-01_task-WorkingMemory_run-3_eeg.set,500.0
10,F5,20.45742416381836,98.0987548828125,-1.0850738286972046,False,False,sub-016,sub-016_ses-01_task-WorkingMemory_run-3_eeg.set,500.0
11,F3,47.003841400146484,281.22100830078125,1.8339948654174805,False,False,sub-016,sub-016_ses-01_task-WorkingMemory_run-3_eeg.set,500.0
12,F1,33.46808624267578,186.37542724609375,0.34559059143066406,False,False,sub-016,sub-016_ses-01_task-WorkingMemory_run-3_eeg.set,500.0
13,FZ,21.998952865600586,106.3385009765625,-0.9155659675598145,False,False,sub-016,sub-016_ses-01_task-WorkingMemory_run-3_eeg.set,500.0
14,F2,36.66717529296875,223.31695556640625,0.6973653435707092,False,False,sub-016,sub-016_ses-01_task-WorkingMemory_run-3_eeg.set,500.0
15,F4,29.214914321899414,171.63848876953125,-0.12209214270114899,False,False,sub-016,sub-016_ses-01_task-WorkingMemory_run-3_eeg.set,500.0
16,F6,27.4184627532959,140.72113037109375,-0.3196316063404083,False,False,sub-016,sub-016_ses-01_task-WorkingMemory_run-3_eeg.set,500.0
17,F8,37.78119659423828,214.86968994140625,0.8198642134666443,False,False,sub-016,sub-016_ses-01_task-WorkingMemory_run-3_eeg.set,500.0
18,F10,30.242435455322266,147.90496826171875,-0.009104964323341846,False,False,sub-016,sub-016_ses-01_task-WorkingMemory_run-3_eeg.set,500.0
19,FT9,26.06090545654297,115.78521728515625,-0.46890988945961,False,False,sub-016,sub-016_ses-01_task-WorkingMemory_run-3_eeg.set,500.0
20,FT7,26.44956398010254,132.62939453125,-0.4261726438999176,False,False,sub-016,sub-016_ses-01_task-WorkingMemory_run-3_eeg.set,500.0
21,FC5,28.46360206604004,145.13092041015625,-0.20470713078975677,False,False,sub-016,sub-016_ses-01_task-WorkingMemory_run-3_eeg.set,500.0
22,FC3,21.870986938476562,106.76727294921875,-0.9296371936798096,False,False,sub-016,sub-016_ses-01_task-WorkingMemory_run-3_eeg.set,500.0
23,FC1,38.01969909667969,216.03546142578125,0.8460901379585266,False,False,sub-016,sub-016_ses-01_task-WorkingMemory_run-3_eeg.set,500.0
24,FCZ,21.396446228027344,100.067138671875,-0.9818181395530701,False,False,sub-016,sub-016_ses-01_task-WorkingMemory_run-3_eeg.set,500.0
25,FC2,47.18888473510742,289.95208740234375,1.8543422222137451,False,False,sub-016,sub-016_ses-01_task-WorkingMemory_run-3_eeg.set,500.0
26,FC4,29.367361068725586,152.679443359375,-0.10532895475625992,False,False,sub-016,sub-016_ses-01_task-WorkingMemory_run-3_eeg.set,500.0
27,FC6,31.81743049621582,174.02801513671875,0.16408294439315796,False,False,sub-016,sub-016_ses-01_task-WorkingMemory_run-3_eeg.set,500.0
28,FT8,49.58652114868164,297.30377197265625,2.1179885864257812,False,False,sub-016,sub-016_ses-01_task-WorkingMemory_run-3_eeg.set,500.0
29,FT10,35.472225189208984,189.45465087890625,0.5659675598144531,False,False,sub-016,sub-016_ses-01_task-WorkingMemory_run-3_eeg.set,500.0
30,T7,17.934879302978516,84.7320556640625,-1.362455129623413,False,False,sub-016,sub-016_ses-01_task-WorkingMemory_run-3_eeg.set,500.0
31,C5,43.625728607177734,254.79736328125,1.4625343084335327,False,False,sub-016,sub-016_ses-01_task-WorkingMemory_run-3_eeg.set,500.0
32,C3,25.091760635375977,122.33428955078125,-0.5754779577255249,False,False,sub-016,sub-016_ses-01_task-WorkingMemory_run-3_eeg.set,500.0
33,C1,41.06492614746094,231.8756103515625,1.1809461116790771,False,False,sub-016,sub-016_ses-01_task-WorkingMemory_run-3_eeg.set,500.0
34,CZ,54.42211151123047,336.10992431640625,2.649714708328247,False,False,sub-016,sub-016_ses-01_task-WorkingMemory_run-3_eeg.set,500.0
35,C2,36.992801666259766,149.51019287109375,0.7331715226173401,False,False,sub-016,sub-016_ses-01_task-WorkingMemory_run-3_eeg.set,500.0
36,C4,39.544105529785156,244.647216796875,1.0137152671813965,False,False,sub-016,sub-016_ses-01_task-WorkingMemory_run-3_eeg.set,500.0
37,C6,46.01408386230469,290.8355712890625,1.7251601219177246,False,False,sub-016,sub-016_ses-01_task-WorkingMemory_run-3_eeg.set,500.0
38,T8,33.01287841796875,174.47052001953125,0.29553550481796265,False,False,sub-016,sub-016_ses-01_task-WorkingMemory_run-3_eeg.set,500.0
39,TP9,26.540346145629883,129.19769287109375,-0.41619014739990234,False,False,sub-016,sub-016_ses-01_task-WorkingMemory_run-3_eeg.set,500.0
40,TP7,25.6010799407959,124.4659423828125,-0.5194727182388306,False,False,sub-016,sub-016_ses-01_task-WorkingMemory_run-3_eeg.set,500.0
41,CP5,28.316078186035156,146.636962890625,-0.22092899680137634,False,False,sub-016,sub-016_ses-01_task-WorkingMemory_run-3_eeg.set,500.0
42,CP3,26.894588470458984,133.31756591796875,-0.3772372901439667,False,False,sub-016,sub-016_ses-01_task-WorkingMemory_run-3_eeg.set,500.0
43,CP1,32.62975311279297,178.7445068359375,0.25340670347213745,False,False,sub-016,sub-016_ses-01_task-WorkingMemory_run-3_eeg.set,500.0
44,CPZ,24.70455551147461,122.01080322265625,-0.6180554032325745,False,False,sub-016,sub-016_ses-01_task-WorkingMemory_run-3_eeg.set,500.0
45,CP2,40.248409271240234,234.48333740234375,1.0911612510681152,False,False,sub-016,sub-016_ses-01_task-WorkingMemory_run-3_eeg.set,500.0
46,CP4,34.98405075073242,195.45135498046875,0.512287437915802,False,False,sub-016,sub-016_ses-01_task-WorkingMemory_run-3_eeg.set,500.0
47,CP6,31.403348922729492,169.390869140625,0.11855015903711319,False,False,sub-016,sub-016_ses-01_task-WorkingMemory_run-3_eeg.set,500.0
48,TP8,42.78433609008789,257.20977783203125,1.370013952255249,False,False,sub-016,sub-016_ses-01_task-WorkingMemory_run-3_eeg.set,500.0
49,TP10,43.116878509521484,248.27728271484375,1.4065808057785034,False,False,sub-016,sub-016_ses-01_task-WorkingMemory_run-3_eeg.set,500.0
50,P7,26.835365295410156,120.166015625,-0.3837495446205139,False,False,sub-016,sub-016_ses-01_task-WorkingMemory_run-3_eeg.set,500.0
51,P5,35.0839729309082,182.8765869140625,0.5232749581336975,False,False,sub-016,sub-016_ses-01_task-WorkingMemory_run-3_eeg.set,500.0
52,P3,41.50608444213867,235.44464111328125,1.2294563055038452,False,False,sub-016,sub-016_ses-01_task-WorkingMemory_run-3_eeg.set,500.0
53,P1,48.20553207397461,295.97625732421875,1.9661338329315186,False,False,sub-016,sub-016_ses-01_task-WorkingMemory_run-3_eeg.set,500.0
54,PZ,39.8088264465332,208.941650390625,1.0428242683410645,False,False,sub-016,sub-016_ses-01_task-WorkingMemory_run-3_eeg.set,500.0
55,P2,41.39335250854492,233.52203369140625,1.2170602083206177,False,False,sub-016,sub-016_ses-01_task-WorkingMemory_run-3_eeg.set,500.0
56,P4,36.38589859008789,197.45330810546875,0.6664358973503113,False,False,sub-016,sub-016_ses-01_task-WorkingMemory_run-3_eeg.set,500.0
57,P6,47.984432220458984,309.65423583984375,1.9418214559555054,False,False,sub-016,sub-016_ses-01_task-WorkingMemory_run-3_eeg.set,500.0
58,P8,30.4178409576416,153.53546142578125,0.010182786732912064,False,False,sub-016,sub-016_ses-01_task-WorkingMemory_run-3_eeg.set,500.0
59,PO9,41.66986846923828,240.0238037109375,1.2474662065505981,False,False,sub-016,sub-016_ses-01_task-WorkingMemory_run-3_eeg.set,500.0
60,PO7,31.15492057800293,165.91033935546875,0.09123274683952332,False,False,sub-016,sub-016_ses-01_task-WorkingMemory_run-3_eeg.set,500.0
61,PO3,28.634422302246094,143.5699462890625,-0.18592357635498047,False,False,sub-016,sub-016_ses-01_task-WorkingMemory_run-3_eeg.set,500.0
62,POZ,33.896690368652344,166.143798828125,0.3927202820777893,False,False,sub-016,sub-016_ses-01_task-WorkingMemory_run-3_eeg.set,500.0
63,PO4,23.653886795043945,118.59588623046875,-0.733587920665741,False,False,sub-016,sub-016_ses-01_task-WorkingMemory_run-3_eeg.set,500.0
64,PO8,28.04476547241211,143.9239501953125,-0.25076279044151306,False,False,sub-016,sub-016_ses-01_task-WorkingMemory_run-3_eeg.set,500.0
65,PO10,40.37790298461914,237.9608154296875,1.1054004430770874,False,False,sub-016,sub-016_ses-01_task-WorkingMemory_run-3_eeg.set,500.0
66,O1,29.238821029663086,147.93853759765625,-0.11946333199739456,False,False,sub-016,sub-016_ses-01_task-WorkingMemory_run-3_eeg.set,500.0
67,OZ,27.150001525878906,130.63201904296875,-0.3491518497467041,False,False,sub-016,sub-016_ses-01_task-WorkingMemory_run-3_eeg.set,500.0
68,O2,52.71540069580078,327.63824462890625,2.462043046951294,False,False,sub-016,sub-016_ses-01_task-WorkingMemory_run-3_eeg.set,500.0
69,LEYE,22.292104721069336,96.49810791015625,-0.8833307027816772,False,False,sub-016,sub-016_ses-01_task-WorkingMemory_run-3_eeg.set,500.0
70,REYE,24.026052474975586,110.82611083984375,-0.6926642060279846,False,False,sub-016,sub-016_ses-01_task-WorkingMemory_run-3_eeg.set,500.0
0,FP1,55.586978912353516,391.7431640625,2.083613872528076,False,False,sub-017,sub-017_ses-01_task-WorkingMemory_run-1_eeg.set,500.0
1,FPZ,38.04266357421875,235.9356689453125,0.0,False,False,sub-017,sub-017_ses-01_task-WorkingMemory_run-1_eeg.set,500.0
2,FP2,68.68277740478516,432.6171875,3.638909101486206,False,False,sub-017,sub-017_ses-01_task-WorkingMemory_run-1_eeg.set,500.0
3,AF7,39.947139739990234,240.5133056640625,0.22618113458156586,False,False,sub-017,sub-017_ses-01_task-WorkingMemory_run-1_eeg.set,500.0
4,AF3,45.917423248291016,290.85205078125,0.9352294206619263,False,False,sub-017,sub-017_ses-01_task-WorkingMemory_run-1_eeg.set,500.0
5,AFZ,41.80411911010742,264.3780517578125,0.4467214345932007,False,False,sub-017,sub-017_ses-01_task-WorkingMemory_run-1_eeg.set,500.0
6,AF4,44.09716796875,274.228515625,0.7190505862236023,False,False,sub-017,sub-017_ses-01_task-WorkingMemory_run-1_eeg.set,500.0
7,AF8,43.936370849609375,269.866943359375,0.6999538540840149,False,False,sub-017,sub-017_ses-01_task-WorkingMemory_run-1_eeg.set,500.0
8,F9,36.33956527709961,213.90625,-0.2022649198770523,False,False,sub-017,sub-017_ses-01_task-WorkingMemory_run-1_eeg.set,500.0
9,F7,38.57963943481445,221.282958984375,0.06377281993627548,False,False,sub-017,sub-017_ses-01_task-WorkingMemory_run-1_eeg.set,500.0
10,F5,30.9643611907959,190.8306884765625,-0.8406398296356201,False,False,sub-017,sub-017_ses-01_task-WorkingMemory_run-1_eeg.set,500.0
11,F3,28.065502166748047,172.0623779296875,-1.1849167346954346,False,False,sub-017,sub-017_ses-01_task-WorkingMemory_run-1_eeg.set,500.0
12,F1,48.13243865966797,277.2760009765625,1.1982910633087158,False,False,sub-017,sub-017_ses-01_task-WorkingMemory_run-1_eeg.set,500.0
13,FZ,38.31597137451172,233.6358642578125,0.0324588306248188,False,False,sub-017,sub-017_ses-01_task-WorkingMemory_run-1_eeg.set,500.0
14,F2,33.242408752441406,188.7054443359375,-0.5700922608375549,False,False,sub-017,sub-017_ses-01_task-WorkingMemory_run-1_eeg.set,500.0
15,F4,38.554054260253906,220.7421875,0.06073424592614174,False,False,sub-017,sub-017_ses-01_task-WorkingMemory_run-1_eeg.set,500.0
16,F6,31.95674705505371,184.2041015625,-0.7227811217308044,False,False,sub-017,sub-017_ses-01_task-WorkingMemory_run-1_eeg.set,500.0
17,F8,30.663923263549805,183.8531494140625,-0.8763206601142883,False,False,sub-017,sub-017_ses-01_task-WorkingMemory_run-1_eeg.set,500.0
18,F10,64.48802185058594,399.1259765625,3.140727996826172,False,False,sub-017,sub-017_ses-01_task-WorkingMemory_run-1_eeg.set,500.0
19,FT9,36.636314392089844,227.955322265625,-0.16702212393283844,False,False,sub-017,sub-017_ses-01_task-WorkingMemory_run-1_eeg.set,500.0
20,FT7,45.261783599853516,263.5040283203125,0.857363760471344,False,False,sub-017,sub-017_ses-01_task-WorkingMemory_run-1_eeg.set,500.0
21,FC5,37.407745361328125,207.933349609375,-0.07540474086999893,False,False,sub-017,sub-017_ses-01_task-WorkingMemory_run-1_eeg.set,500.0
22,FC3,36.65866470336914,207.3712158203125,-0.16436773538589478,False,False,sub-017,sub-017_ses-01_task-WorkingMemory_run-1_eeg.set,500.0
23,FC1,36.64830017089844,201.4202880859375,-0.16559866070747375,False,False,sub-017,sub-017_ses-01_task-WorkingMemory_run-1_eeg.set,500.0
24,FCZ,43.214908599853516,254.9847412109375,0.6142708659172058,False,False,sub-017,sub-017_ses-01_task-WorkingMemory_run-1_eeg.set,500.0
25,FC2,45.26472091674805,264.4891357421875,0.8577126264572144,False,False,sub-017,sub-017_ses-01_task-WorkingMemory_run-1_eeg.set,500.0
26,FC4,38.6713752746582,227.630615234375,0.07466763257980347,False,False,sub-017,sub-017_ses-01_task-WorkingMemory_run-1_eeg.set,500.0
27,FC6,38.72429275512695,213.2696533203125,0.08095226436853409,False,False,sub-017,sub-017_ses-01_task-WorkingMemory_run-1_eeg.set,500.0
28,FT8,45.51226043701172,261.67724609375,0.8871110677719116,False,False,sub-017,sub-017_ses-01_task-WorkingMemory_run-1_eeg.set,500.0
29,FT10,54.81907272338867,360.645751953125,1.9924153089523315,False,False,sub-017,sub-017_ses-01_task-WorkingMemory_run-1_eeg.set,500.0
30,T7,29.386396408081055,165.882568359375,-1.028043508529663,False,False,sub-017,sub-017_ses-01_task-WorkingMemory_run-1_eeg.set,500.0
31,C5,31.156387329101562,186.1962890625,-0.817834198474884,False,False,sub-017,sub-017_ses-01_task-WorkingMemory_run-1_eeg.set,500.0
32,C3,47.45343780517578,284.8504638671875,1.1176509857177734,False,False,sub-017,sub-017_ses-01_task-WorkingMemory_run-1_eeg.set,500.0
33,C1,38.67795181274414,225.6097412109375,0.07544868439435959,False,False,sub-017,sub-017_ses-01_task-WorkingMemory_run-1_eeg.set,500.0
34,CZ,43.05810546875,253.7884521484375,0.595648467540741,False,False,sub-017,sub-017_ses-01_task-WorkingMemory_run-1_eeg.set,500.0
35,C2,37.0849494934082,209.1650390625,-0.11374091356992722,False,False,sub-017,sub-017_ses-01_task-WorkingMemory_run-1_eeg.set,500.0
36,C4,39.0275993347168,237.3284912109375,0.11697384715080261,False,False,sub-017,sub-017_ses-01_task-WorkingMemory_run-1_eeg.set,500.0
37,C6,44.60968017578125,267.83935546875,0.7799179553985596,False,False,sub-017,sub-017_ses-01_task-WorkingMemory_run-1_eeg.set,500.0
38,T8,33.026222229003906,186.1810302734375,-0.5957671999931335,False,False,sub-017,sub-017_ses-01_task-WorkingMemory_run-1_eeg.set,500.0
39,TP9,35.57118606567383,203.57177734375,-0.29351985454559326,False,False,sub-017,sub-017_ses-01_task-WorkingMemory_run-1_eeg.set,500.0
40,TP7,53.53037643432617,335.355224609375,1.839365839958191,False,False,sub-017,sub-017_ses-01_task-WorkingMemory_run-1_eeg.set,500.0
41,CP5,35.52159118652344,206.6278076171875,-0.2994098961353302,False,False,sub-017,sub-017_ses-01_task-WorkingMemory_run-1_eeg.set,500.0
42,CP3,34.217529296875,201.566162109375,-0.45428410172462463,False,False,sub-017,sub-017_ses-01_task-WorkingMemory_run-1_eeg.set,500.0
43,CP1,50.92102813720703,323.2464599609375,1.5294721126556396,False,False,sub-017,sub-017_ses-01_task-WorkingMemory_run-1_eeg.set,500.0
44,CPZ,28.063581466674805,151.7352294921875,-1.1851449012756348,False,False,sub-017,sub-017_ses-01_task-WorkingMemory_run-1_eeg.set,500.0
45,CP2,32.36328125,190.693359375,-0.6744999885559082,False,False,sub-017,sub-017_ses-01_task-WorkingMemory_run-1_eeg.set,500.0
46,CP4,35.04661178588867,186.0150146484375,-0.35581982135772705,False,False,sub-017,sub-017_ses-01_task-WorkingMemory_run-1_eeg.set,500.0
47,CP6,24.17246437072754,128.39599609375,-1.6472653150558472,False,False,sub-017,sub-017_ses-01_task-WorkingMemory_run-1_eeg.set,500.0
48,TP8,41.67164611816406,250.1153564453125,0.43098852038383484,False,False,sub-017,sub-017_ses-01_task-WorkingMemory_run-1_eeg.set,500.0
49,TP10,32.63508605957031,182.8131103515625,-0.6422196626663208,False,False,sub-017,sub-017_ses-01_task-WorkingMemory_run-1_eeg.set,500.0
50,P7,45.21420669555664,277.5726318359375,0.8517133593559265,False,False,sub-017,sub-017_ses-01_task-WorkingMemory_run-1_eeg.set,500.0
51,P5,28.970741271972656,153.27880859375,-1.077407956123352,False,False,sub-017,sub-017_ses-01_task-WorkingMemory_run-1_eeg.set,500.0
52,P3,27.743152618408203,154.9114990234375,-1.2231999635696411,False,False,sub-017,sub-017_ses-01_task-WorkingMemory_run-1_eeg.set,500.0
53,P1,34.52268981933594,209.91943359375,-0.4180423319339752,False,False,sub-017,sub-017_ses-01_task-WorkingMemory_run-1_eeg.set,500.0
54,PZ,49.945430755615234,299.4207763671875,1.4136073589324951,False,False,sub-017,sub-017_ses-01_task-WorkingMemory_run-1_eeg.set,500.0
55,P2,34.61524963378906,213.8214111328125,-0.40704965591430664,False,False,sub-017,sub-017_ses-01_task-WorkingMemory_run-1_eeg.set,500.0
56,P4,38.78603744506836,232.0989990234375,0.08828524500131607,False,False,sub-017,sub-017_ses-01_task-WorkingMemory_run-1_eeg.set,500.0
57,P6,41.06311798095703,242.401123046875,0.35871797800064087,False,False,sub-017,sub-017_ses-01_task-WorkingMemory_run-1_eeg.set,500.0
58,P8,30.45567512512207,168.06884765625,-0.9010528326034546,False,False,sub-017,sub-017_ses-01_task-WorkingMemory_run-1_eeg.set,500.0
59,PO9,29.359928131103516,161.3507080078125,-1.0311869382858276,False,False,sub-017,sub-017_ses-01_task-WorkingMemory_run-1_eeg.set,500.0
60,PO7,37.960716247558594,227.020263671875,-0.009732303209602833,False,False,sub-017,sub-017_ses-01_task-WorkingMemory_run-1_eeg.set,500.0
61,PO3,41.99700927734375,250.22216796875,0.46962958574295044,False,False,sub-017,sub-017_ses-01_task-WorkingMemory_run-1_eeg.set,500.0
62,POZ,37.985511779785156,226.29638671875,-0.006787513382732868,False,False,sub-017,sub-017_ses-01_task-WorkingMemory_run-1_eeg.set,500.0
63,PO4,31.549331665039062,174.425048828125,-0.771166980266571,False,False,sub-017,sub-017_ses-01_task-WorkingMemory_run-1_eeg.set,500.0
64,PO8,43.18147277832031,259.815673828125,0.6102999448776245,False,False,sub-017,sub-017_ses-01_task-WorkingMemory_run-1_eeg.set,500.0
65,PO10,53.17333221435547,328.1640625,1.7969622611999512,False,False,sub-017,sub-017_ses-01_task-WorkingMemory_run-1_eeg.set,500.0
66,O1,30.045339584350586,168.1256103515625,-0.9497855305671692,False,False,sub-017,sub-017_ses-01_task-WorkingMemory_run-1_eeg.set,500.0
67,OZ,36.380645751953125,219.573974609375,-0.19738608598709106,False,False,sub-017,sub-017_ses-01_task-WorkingMemory_run-1_eeg.set,500.0
68,O2,59.803253173828125,368.7152099609375,2.584351062774658,False,False,sub-017,sub-017_ses-01_task-WorkingMemory_run-1_eeg.set,500.0
69,LEYE,31.55599594116211,180.9820556640625,-0.7703754901885986,False,False,sub-017,sub-017_ses-01_task-WorkingMemory_run-1_eeg.set,500.0
70,REYE,30.60300064086914,174.57763671875,-0.883556067943573,False,False,sub-017,sub-017_ses-01_task-WorkingMemory_run-1_eeg.set,500.0
0,FP1,45.469722747802734,298.29345703125,1.3993297815322876,False,False,sub-017,sub-017_ses-01_task-WorkingMemory_run-2_eeg.set,500.0
1,FPZ,30.843685150146484,200.88134765625,-0.7121103405952454,False,False,sub-017,sub-017_ses-01_task-WorkingMemory_run-2_eeg.set,500.0
2,FP2,28.84600257873535,176.070556640625,-1.0004992485046387,False,False,sub-017,sub-017_ses-01_task-WorkingMemory_run-2_eeg.set,500.0
3,AF7,39.3471565246582,245.650634765625,0.515465497970581,False,False,sub-017,sub-017_ses-01_task-WorkingMemory_run-2_eeg.set,500.0
4,AF3,35.82501983642578,216.9183349609375,0.007003755774348974,False,False,sub-017,sub-017_ses-01_task-WorkingMemory_run-2_eeg.set,500.0
5,AFZ,32.081241607666016,198.3331298828125,-0.5334545373916626,False,False,sub-017,sub-017_ses-01_task-WorkingMemory_run-2_eeg.set,500.0
6,AF4,45.86531066894531,291.151123046875,1.456437587738037,False,False,sub-017,sub-017_ses-01_task-WorkingMemory_run-2_eeg.set,500.0
7,AF8,24.41958999633789,132.308349609375,-1.639503836631775,False,False,sub-017,sub-017_ses-01_task-WorkingMemory_run-2_eeg.set,500.0
8,F9,32.08116149902344,180.4345703125,-0.533466100692749,False,False,sub-017,sub-017_ses-01_task-WorkingMemory_run-2_eeg.set,500.0
9,F7,36.34707260131836,208.663330078125,0.08236819505691528,False,False,sub-017,sub-017_ses-01_task-WorkingMemory_run-2_eeg.set,500.0
10,F5,26.188676834106445,142.08984375,-1.3841153383255005,False,False,sub-017,sub-017_ses-01_task-WorkingMemory_run-2_eeg.set,500.0
11,F3,27.860048294067383,145.994873046875,-1.1428333520889282,False,False,sub-017,sub-017_ses-01_task-WorkingMemory_run-2_eeg.set,500.0
12,F1,40.85439682006836,247.89306640625,0.7330533266067505,False,False,sub-017,sub-017_ses-01_task-WorkingMemory_run-2_eeg.set,500.0
13,FZ,28.72014045715332,152.9974365234375,-1.0186690092086792,False,False,sub-017,sub-017_ses-01_task-WorkingMemory_run-2_eeg.set,500.0
14,F2,32.534793853759766,175.6854248046875,-0.46797892451286316,False,False,sub-017,sub-017_ses-01_task-WorkingMemory_run-2_eeg.set,500.0
15,F4,35.514156341552734,205.8258056640625,-0.0378730371594429,False,False,sub-017,sub-017_ses-01_task-WorkingMemory_run-2_eeg.set,500.0
16,F6,39.598018646240234,237.060546875,0.5516803860664368,False,False,sub-017,sub-017_ses-01_task-WorkingMemory_run-2_eeg.set,500.0
17,F8,34.45219421386719,210.2655029296875,-0.19117973744869232,False,False,sub-017,sub-017_ses-01_task-WorkingMemory_run-2_eeg.set,500.0
18,F10,39.0724983215332,231.8719482421875,0.47581538558006287,False,False,sub-017,sub-017_ses-01_task-WorkingMemory_run-2_eeg.set,500.0
19,FT9,41.687015533447266,263.134765625,0.853251576423645,False,False,sub-017,sub-017_ses-01_task-WorkingMemory_run-2_eeg.set,500.0
20,FT7,37.0086555480957,223.0364990234375,0.17787545919418335,False,False,sub-017,sub-017_ses-01_task-WorkingMemory_run-2_eeg.set,500.0
21,FC5,29.36394691467285,170.2099609375,-0.9257279634475708,False,False,sub-017,sub-017_ses-01_task-WorkingMemory_run-2_eeg.set,500.0
22,FC3,31.10421371459961,173.06396484375,-0.6744999885559082,False,False,sub-017,sub-017_ses-01_task-WorkingMemory_run-2_eeg.set,500.0
23,FC1,35.82866668701172,203.475341796875,0.007530221715569496,False,False,sub-017,sub-017_ses-01_task-WorkingMemory_run-2_eeg.set,500.0
24,FCZ,26.51297950744629,149.8858642578125,-1.3372985124588013,False,False,sub-017,sub-017_ses-01_task-WorkingMemory_run-2_eeg.set,500.0
25,FC2,32.88876724243164,185.72998046875,-0.41687873005867004,False,False,sub-017,sub-017_ses-01_task-WorkingMemory_run-2_eeg.set,500.0
26,FC4,35.9731330871582,195.921630859375,0.028385641053318977,False,False,sub-017,sub-017_ses-01_task-WorkingMemory_run-2_eeg.set,500.0
27,FC6,35.98810958862305,218.1549072265625,0.030547672882676125,False,False,sub-017,sub-017_ses-01_task-WorkingMemory_run-2_eeg.set,500.0
28,FT8,29.928030014038086,159.4073486328125,-0.8442959189414978,False,False,sub-017,sub-017_ses-01_task-WorkingMemory_run-2_eeg.set,500.0
29,FT10,33.780799865722656,200.0579833984375,-0.2881033718585968,False,False,sub-017,sub-017_ses-01_task-WorkingMemory_run-2_eeg.set,500.0
30,T7,30.139890670776367,165.831298828125,-0.8137112855911255,False,False,sub-017,sub-017_ses-01_task-WorkingMemory_run-2_eeg.set,500.0
31,C5,40.8111457824707,243.59130859375,0.7268095016479492,False,False,sub-017,sub-017_ses-01_task-WorkingMemory_run-2_eeg.set,500.0
32,C3,38.478790283203125,204.024658203125,0.3901066482067108,False,False,sub-017,sub-017_ses-01_task-WorkingMemory_run-2_eeg.set,500.0
33,C1,38.14476013183594,228.6065673828125,0.3418854773044586,False,False,sub-017,sub-017_ses-01_task-WorkingMemory_run-2_eeg.set,500.0
34,CZ,41.04066848754883,268.55224609375,0.7599438428878784,False,False,sub-017,sub-017_ses-01_task-WorkingMemory_run-2_eeg.set,500.0
35,C2,33.90558624267578,199.307861328125,-0.2700890004634857,False,False,sub-017,sub-017_ses-01_task-WorkingMemory_run-2_eeg.set,500.0
36,C4,29.75206756591797,168.30078125,-0.869698166847229,False,False,sub-017,sub-017_ses-01_task-WorkingMemory_run-2_eeg.set,500.0
37,C6,35.1585693359375,191.1767578125,-0.08920619636774063,False,False,sub-017,sub-017_ses-01_task-WorkingMemory_run-2_eeg.set,500.0
38,T8,20.76191520690918,106.353759765625,-2.167532205581665,False,False,sub-017,sub-017_ses-01_task-WorkingMemory_run-2_eeg.set,500.0
39,TP9,25.908510208129883,136.80908203125,-1.424560785293579,False,False,sub-017,sub-017_ses-01_task-WorkingMemory_run-2_eeg.set,500.0
40,TP7,40.58982467651367,236.4654541015625,0.6948592066764832,False,False,sub-017,sub-017_ses-01_task-WorkingMemory_run-2_eeg.set,500.0
41,CP5,32.487091064453125,183.958740234375,-0.4748654067516327,False,False,sub-017,sub-017_ses-01_task-WorkingMemory_run-2_eeg.set,500.0
42,CP3,32.3321533203125,188.4912109375,-0.49723249673843384,False,False,sub-017,sub-017_ses-01_task-WorkingMemory_run-2_eeg.set,500.0
43,CP1,32.5970458984375,193.4796142578125,-0.4589921534061432,False,False,sub-017,sub-017_ses-01_task-WorkingMemory_run-2_eeg.set,500.0
44,CPZ,35.239871978759766,211.5313720703125,-0.07746920734643936,False,False,sub-017,sub-017_ses-01_task-WorkingMemory_run-2_eeg.set,500.0
45,CP2,31.763912200927734,173.18603515625,-0.579264760017395,False,False,sub-017,sub-017_ses-01_task-WorkingMemory_run-2_eeg.set,500.0
46,CP4,32.71126937866211,174.010009765625,-0.4425026476383209,False,False,sub-017,sub-017_ses-01_task-WorkingMemory_run-2_eeg.set,500.0
47,CP6,34.65886688232422,205.5206298828125,-0.16134411096572876,False,False,sub-017,sub-017_ses-01_task-WorkingMemory_run-2_eeg.set,500.0
48,TP8,43.8134765625,272.59765625,1.1602312326431274,False,False,sub-017,sub-017_ses-01_task-WorkingMemory_run-2_eeg.set,500.0
49,TP10,36.7409782409668,202.25341796875,0.13923309743404388,False,False,sub-017,sub-017_ses-01_task-WorkingMemory_run-2_eeg.set,500.0
50,P7,34.926387786865234,206.129150390625,-0.12272432446479797,False,False,sub-017,sub-017_ses-01_task-WorkingMemory_run-2_eeg.set,500.0
51,P5,26.178577423095703,138.88427734375,-1.385573387145996,False,False,sub-017,sub-017_ses-01_task-WorkingMemory_run-2_eeg.set,500.0
52,P3,37.45746994018555,223.5546875,0.2426670640707016,False,False,sub-017,sub-017_ses-01_task-WorkingMemory_run-2_eeg.set,500.0
53,P1,37.29047775268555,225.433349609375,0.21855978667736053,False,False,sub-017,sub-017_ses-01_task-WorkingMemory_run-2_eeg.set,500.0
54,PZ,49.49551773071289,318.6773681640625,1.9805004596710205,False,False,sub-017,sub-017_ses-01_task-WorkingMemory_run-2_eeg.set,500.0
55,P2,34.886104583740234,204.7412109375,-0.12853966653347015,False,False,sub-017,sub-017_ses-01_task-WorkingMemory_run-2_eeg.set,500.0
56,P4,49.90389633178711,334.5947265625,2.039454698562622,False,False,sub-017,sub-017_ses-01_task-WorkingMemory_run-2_eeg.set,500.0
57,P6,52.321346282958984,327.7093505859375,2.388442039489746,False,False,sub-017,sub-017_ses-01_task-WorkingMemory_run-2_eeg.set,500.0
58,P8,31.022151947021484,160.8880615234375,-0.6863465309143066,False,False,sub-017,sub-017_ses-01_task-WorkingMemory_run-2_eeg.set,500.0
59,PO9,61.713863372802734,384.8406982421875,3.7443621158599854,False,False,sub-017,sub-017_ses-01_task-WorkingMemory_run-2_eeg.set,500.0
60,PO7,43.673683166503906,254.83642578125,1.1400504112243652,False,False,sub-017,sub-017_ses-01_task-WorkingMemory_run-2_eeg.set,500.0
61,PO3,49.953041076660156,313.7957763671875,2.0465493202209473,False,False,sub-017,sub-017_ses-01_task-WorkingMemory_run-2_eeg.set,500.0
62,POZ,42.50696563720703,246.53564453125,0.9716209769248962,False,False,sub-017,sub-017_ses-01_task-WorkingMemory_run-2_eeg.set,500.0
63,PO4,28.6387939453125,162.55126953125,-1.0304123163223267,False,False,sub-017,sub-017_ses-01_task-WorkingMemory_run-2_eeg.set,500.0
64,PO8,47.327518463134766,300.352783203125,1.6675243377685547,False,False,sub-017,sub-017_ses-01_task-WorkingMemory_run-2_eeg.set,500.0
65,PO10,54.873291015625,365.5841064453125,2.756845235824585,False,False,sub-017,sub-017_ses-01_task-WorkingMemory_run-2_eeg.set,500.0
66,O1,40.53208541870117,249.5703125,0.6865238547325134,False,False,sub-017,sub-017_ses-01_task-WorkingMemory_run-2_eeg.set,500.0
67,OZ,46.485023498535156,270.6732177734375,1.5459003448486328,False,False,sub-017,sub-017_ses-01_task-WorkingMemory_run-2_eeg.set,500.0
68,O2,37.395263671875,207.2283935546875,0.2336868792772293,False,False,sub-017,sub-017_ses-01_task-WorkingMemory_run-2_eeg.set,500.0
69,LEYE,40.1749267578125,242.0489501953125,0.634963870048523,False,False,sub-017,sub-017_ses-01_task-WorkingMemory_run-2_eeg.set,500.0
70,REYE,35.77650451660156,214.6893310546875,0.0,False,False,sub-017,sub-017_ses-01_task-WorkingMemory_run-2_eeg.set,500.0
0,FP1,33.99449157714844,185.809326171875,-0.18934358656406403,False,False,sub-017,sub-017_ses-01_task-WorkingMemory_run-3_eeg.set,500.0
1,FPZ,41.802242279052734,236.44866943359375,0.6618556380271912,False,False,sub-017,sub-017_ses-01_task-WorkingMemory_run-3_eeg.set,500.0
2,FP2,20.644184112548828,109.466552734375,-1.6447911262512207,False,False,sub-017,sub-017_ses-01_task-WorkingMemory_run-3_eeg.set,500.0
3,AF7,29.847536087036133,166.2506103515625,-0.6414437890052795,False,False,sub-017,sub-017_ses-01_task-WorkingMemory_run-3_eeg.set,500.0
4,AF3,36.21581268310547,220.4010009765625,0.05282433703541756,False,False,sub-017,sub-017_ses-01_task-WorkingMemory_run-3_eeg.set,500.0
5,AFZ,23.685380935668945,127.46124267578125,-1.3132405281066895,False,False,sub-017,sub-017_ses-01_task-WorkingMemory_run-3_eeg.set,500.0
6,AF4,49.96185302734375,301.23443603515625,1.5514146089553833,False,False,sub-017,sub-017_ses-01_task-WorkingMemory_run-3_eeg.set,500.0
7,AF8,42.9757080078125,222.6593017578125,0.7897865772247314,False,False,sub-017,sub-017_ses-01_task-WorkingMemory_run-3_eeg.set,500.0
8,F9,36.722373962402344,200.762939453125,0.10804953426122665,False,False,sub-017,sub-017_ses-01_task-WorkingMemory_run-3_eeg.set,500.0
9,F7,39.8390007019043,242.4407958984375,0.44782349467277527,False,False,sub-017,sub-017_ses-01_task-WorkingMemory_run-3_eeg.set,500.0
10,F5,30.203489303588867,165.240478515625,-0.6026378273963928,False,False,sub-017,sub-017_ses-01_task-WorkingMemory_run-3_eeg.set,500.0
11,F3,26.90955352783203,152.801513671875,-0.9617419838905334,False,False,sub-017,sub-017_ses-01_task-WorkingMemory_run-3_eeg.set,500.0
12,F1,39.60394287109375,242.8619384765625,0.422197550535202,False,False,sub-017,sub-017_ses-01_task-WorkingMemory_run-3_eeg.set,500.0
13,FZ,47.68994140625,277.3345947265625,1.3037313222885132,False,False,sub-017,sub-017_ses-01_task-WorkingMemory_run-3_eeg.set,500.0
14,F2,40.40458679199219,236.5753173828125,0.5094835758209229,False,False,sub-017,sub-017_ses-01_task-WorkingMemory_run-3_eeg.set,500.0
15,F4,29.544322967529297,152.39105224609375,-0.6744999885559082,False,False,sub-017,sub-017_ses-01_task-WorkingMemory_run-3_eeg.set,500.0
16,F6,24.72075653076172,131.04400634765625,-1.200364112854004,False,False,sub-017,sub-017_ses-01_task-WorkingMemory_run-3_eeg.set,500.0
17,F8,44.8586311340332,268.5882568359375,0.9950624704360962,False,False,sub-017,sub-017_ses-01_task-WorkingMemory_run-3_eeg.set,500.0
18,F10,41.35896682739258,238.23089599609375,0.6135298609733582,False,False,sub-017,sub-017_ses-01_task-WorkingMemory_run-3_eeg.set,500.0
19,FT9,35.33989715576172,206.14776611328125,-0.042667776346206665,False,False,sub-017,sub-017_ses-01_task-WorkingMemory_run-3_eeg.set,500.0
20,FT7,33.44281768798828,180.97381591796875,-0.24948695302009583,False,False,sub-017,sub-017_ses-01_task-WorkingMemory_run-3_eeg.set,500.0
21,FC5,45.455448150634766,272.021484375,1.0601273775100708,False,False,sub-017,sub-017_ses-01_task-WorkingMemory_run-3_eeg.set,500.0
22,FC3,35.73127365112305,198.1048583984375,0.0,False,False,sub-017,sub-017_ses-01_task-WorkingMemory_run-3_eeg.set,500.0
23,FC1,20.036666870117188,96.9390869140625,-1.7110224962234497,False,False,sub-017,sub-017_ses-01_task-WorkingMemory_run-3_eeg.set,500.0
24,FCZ,40.54545974731445,254.59442138671875,0.5248414874076843,False,False,sub-017,sub-017_ses-01_task-WorkingMemory_run-3_eeg.set,500.0
25,FC2,38.60886764526367,234.65576171875,0.3137146532535553,False,False,sub-017,sub-017_ses-01_task-WorkingMemory_run-3_eeg.set,500.0
26,FC4,49.9039421081543,323.47564697265625,1.5451011657714844,False,False,sub-017,sub-017_ses-01_task-WorkingMemory_run-3_eeg.set,500.0
27,FC6,42.19758987426758,258.2275390625,0.7049563527107239,False,False,sub-017,sub-017_ses-01_task-WorkingMemory_run-3_eeg.set,500.0
28,FT8,40.78647994995117,239.813232421875,0.551117479801178,False,False,sub-017,sub-017_ses-01_task-WorkingMemory_run-3_eeg.set,500.0
29,FT10,26.278472900390625,136.49139404296875,-1.030542254447937,False,False,sub-017,sub-017_ses-01_task-WorkingMemory_run-3_eeg.set,500.0
30,T7,33.541595458984375,173.8006591796875,-0.23871822655200958,False,False,sub-017,sub-017_ses-01_task-WorkingMemory_run-3_eeg.set,500.0
31,C5,35.376827239990234,205.00946044921875,-0.03864166885614395,False,False,sub-017,sub-017_ses-01_task-WorkingMemory_run-3_eeg.set,500.0
32,C3,24.44134521484375,136.8865966796875,-1.230825424194336,False,False,sub-017,sub-017_ses-01_task-WorkingMemory_run-3_eeg.set,500.0
33,C1,48.07207489013672,289.70489501953125,1.3453915119171143,False,False,sub-017,sub-017_ses-01_task-WorkingMemory_run-3_eeg.set,500.0
34,CZ,60.1851806640625,339.43023681640625,2.665959358215332,False,False,sub-017,sub-017_ses-01_task-WorkingMemory_run-3_eeg.set,500.0
35,C2,26.923595428466797,141.0858154296875,-0.9602110981941223,False,False,sub-017,sub-017_ses-01_task-WorkingMemory_run-3_eeg.set,500.0
36,C4,27.186031341552734,159.76104736328125,-0.9316003918647766,False,False,sub-017,sub-017_ses-01_task-WorkingMemory_run-3_eeg.set,500.0
37,C6,37.864444732666016,223.7884521484375,0.23255783319473267,False,False,sub-017,sub-017_ses-01_task-WorkingMemory_run-3_eeg.set,500.0
38,T8,28.21562385559082,153.56903076171875,-0.8193544745445251,False,False,sub-017,sub-017_ses-01_task-WorkingMemory_run-3_eeg.set,500.0
39,TP9,33.520484924316406,184.649658203125,-0.24101969599723816,False,False,sub-017,sub-017_ses-01_task-WorkingMemory_run-3_eeg.set,500.0
40,TP7,31.040084838867188,183.58001708984375,-0.5114323496818542,False,False,sub-017,sub-017_ses-01_task-WorkingMemory_run-3_eeg.set,500.0
41,CP5,35.57740020751953,190.521240234375,-0.01677524857223034,False,False,sub-017,sub-017_ses-01_task-WorkingMemory_run-3_eeg.set,500.0
42,CP3,29.698753356933594,154.1595458984375,-0.6576640009880066,False,False,sub-017,sub-017_ses-01_task-WorkingMemory_run-3_eeg.set,500.0
43,CP1,46.86655044555664,267.059326171875,1.2139654159545898,False,False,sub-017,sub-017_ses-01_task-WorkingMemory_run-3_eeg.set,500.0
44,CPZ,40.17863464355469,243.85833740234375,0.48485028743743896,False,False,sub-017,sub-017_ses-01_task-WorkingMemory_run-3_eeg.set,500.0
45,CP2,32.345314025878906,180.37567138671875,-0.3691365718841553,False,False,sub-017,sub-017_ses-01_task-WorkingMemory_run-3_eeg.set,500.0
46,CP4,37.55427169799805,215.0360107421875,0.1987428367137909,False,False,sub-017,sub-017_ses-01_task-WorkingMemory_run-3_eeg.set,500.0
47,CP6,24.6749210357666,129.0313720703125,-1.2053611278533936,False,False,sub-017,sub-017_ses-01_task-WorkingMemory_run-3_eeg.set,500.0
48,TP8,27.243999481201172,150.8056640625,-0.9252806901931763,False,False,sub-017,sub-017_ses-01_task-WorkingMemory_run-3_eeg.set,500.0
49,TP10,46.31956100463867,273.5748291015625,1.1543327569961548,False,False,sub-017,sub-017_ses-01_task-WorkingMemory_run-3_eeg.set,500.0
50,P7,28.215904235839844,150.46844482421875,-0.8193238973617554,False,False,sub-017,sub-017_ses-01_task-WorkingMemory_run-3_eeg.set,500.0
51,P5,33.59239196777344,183.4564208984375,-0.23318041861057281,False,False,sub-017,sub-017_ses-01_task-WorkingMemory_run-3_eeg.set,500.0
52,P3,35.90961837768555,187.34893798828125,0.019443102180957794,False,False,sub-017,sub-017_ses-01_task-WorkingMemory_run-3_eeg.set,500.0
53,P1,24.150686264038086,118.98956298828125,-1.2625130414962769,False,False,sub-017,sub-017_ses-01_task-WorkingMemory_run-3_eeg.set,500.0
54,PZ,39.61157989501953,223.13385009765625,0.4230301082134247,False,False,sub-017,sub-017_ses-01_task-WorkingMemory_run-3_eeg.set,500.0
55,P2,33.04584503173828,173.956298828125,-0.2927648425102234,False,False,sub-017,sub-017_ses-01_task-WorkingMemory_run-3_eeg.set,500.0
56,P4,25.36866569519043,138.36822509765625,-1.129729151725769,False,False,sub-017,sub-017_ses-01_task-WorkingMemory_run-3_eeg.set,500.0
57,P6,52.09856414794922,333.819580078125,1.7843585014343262,False,False,sub-017,sub-017_ses-01_task-WorkingMemory_run-3_eeg.set,500.0
58,P8,27.044591903686523,146.1639404296875,-0.9470201134681702,False,False,sub-017,sub-017_ses-01_task-WorkingMemory_run-3_eeg.set,500.0
59,PO9,43.63993835449219,257.20672607421875,0.862200915813446,False,False,sub-017,sub-017_ses-01_task-WorkingMemory_run-3_eeg.set,500.0
60,PO7,36.97660827636719,205.8258056640625,0.13576610386371613,False,False,sub-017,sub-017_ses-01_task-WorkingMemory_run-3_eeg.set,500.0
61,PO3,44.80510711669922,268.255615234375,0.9892273545265198,False,False,sub-017,sub-017_ses-01_task-WorkingMemory_run-3_eeg.set,500.0
62,POZ,26.82777214050293,157.04498291015625,-0.9706577658653259,False,False,sub-017,sub-017_ses-01_task-WorkingMemory_run-3_eeg.set,500.0
63,PO4,27.091726303100586,142.9443359375,-0.941881537437439,False,False,sub-017,sub-017_ses-01_task-WorkingMemory_run-3_eeg.set,500.0
64,PO8,48.23855972290039,274.76806640625,1.3635414838790894,False,False,sub-017,sub-017_ses-01_task-WorkingMemory_run-3_eeg.set,500.0
65,PO10,30.30821418762207,165.484619140625,-0.5912207365036011,False,False,sub-017,sub-017_ses-01_task-WorkingMemory_run-3_eeg.set,500.0
66,O1,42.00777053833008,247.467041015625,0.6842623353004456,False,False,sub-017,sub-017_ses-01_task-WorkingMemory_run-3_eeg.set,500.0
67,OZ,41.2227897644043,244.09027099609375,0.5986838936805725,False,False,sub-017,sub-017_ses-01_task-WorkingMemory_run-3_eeg.set,500.0
68,O2,37.35670852661133,219.3023681640625,0.17720454931259155,False,False,sub-017,sub-017_ses-01_task-WorkingMemory_run-3_eeg.set,500.0
69,LEYE,37.9609260559082,231.61468505859375,0.24307620525360107,False,False,sub-017,sub-017_ses-01_task-WorkingMemory_run-3_eeg.set,500.0
70,REYE,28.027793884277344,141.1773681640625,-0.8398317098617554,False,False,sub-017,sub-017_ses-01_task-WorkingMemory_run-3_eeg.set,500.0
0,FP1,21.5078125,108.90472412109375,0.362331360578537,False,False,sub-018,sub-018_ses-01_task-WorkingMemory_run-1_eeg.set,500.0
1,FPZ,19.445058822631836,95.1995849609375,-0.048307154327631,False,False,sub-018,sub-018_ses-01_task-WorkingMemory_run-1_eeg.set,500.0
2,FP2,16.56732749938965,76.3092041015625,-0.6211857199668884,False,False,sub-018,sub-018_ses-01_task-WorkingMemory_run-1_eeg.set,500.0
3,AF7,19.696367263793945,97.58132934570312,0.0017215668922290206,False,False,sub-018,sub-018_ses-01_task-WorkingMemory_run-1_eeg.set,500.0
4,AF3,17.52819061279297,81.84951782226562,-0.4299038350582123,False,False,sub-018,sub-018_ses-01_task-WorkingMemory_run-1_eeg.set,500.0
5,AFZ,16.8353214263916,79.33319091796875,-0.5678353309631348,False,False,sub-018,sub-018_ses-01_task-WorkingMemory_run-1_eeg.set,500.0
6,AF4,20.469934463500977,103.25897216796875,0.1557178944349289,False,False,sub-018,sub-018_ses-01_task-WorkingMemory_run-1_eeg.set,500.0
7,AF8,18.592924118041992,87.066650390625,-0.2179441601037979,False,False,sub-018,sub-018_ses-01_task-WorkingMemory_run-1_eeg.set,500.0
8,F9,15.476982116699219,75.60867309570312,-0.8382440209388733,False,False,sub-018,sub-018_ses-01_task-WorkingMemory_run-1_eeg.set,500.0
9,F7,17.218229293823242,80.15579223632812,-0.49160873889923096,False,False,sub-018,sub-018_ses-01_task-WorkingMemory_run-1_eeg.set,500.0
10,F5,17.2487850189209,80.7647705078125,-0.485525906085968,False,False,sub-018,sub-018_ses-01_task-WorkingMemory_run-1_eeg.set,500.0
11,F3,14.784557342529297,68.87954711914062,-0.9760870933532715,False,False,sub-018,sub-018_ses-01_task-WorkingMemory_run-1_eeg.set,500.0
12,F1,16.709569931030273,76.8585205078125,-0.5928690433502197,False,False,sub-018,sub-018_ses-01_task-WorkingMemory_run-1_eeg.set,500.0
13,FZ,19.687719345092773,88.836669921875,0.0,False,False,sub-018,sub-018_ses-01_task-WorkingMemory_run-1_eeg.set,500.0
14,F2,34.476104736328125,149.04922485351562,2.9439680576324463,False,False,sub-018,sub-018_ses-01_task-WorkingMemory_run-1_eeg.set,500.0
15,F4,31.401548385620117,106.60202026367188,2.331906795501709,False,False,sub-018,sub-018_ses-01_task-WorkingMemory_run-1_eeg.set,500.0
16,F6,26.221969604492188,104.37149047851562,1.3007925748825073,False,False,sub-018,sub-018_ses-01_task-WorkingMemory_run-1_eeg.set,500.0
17,F8,15.737541198730469,76.32583618164062,-0.7863737344741821,False,False,sub-018,sub-018_ses-01_task-WorkingMemory_run-1_eeg.set,500.0
18,F10,15.761530876159668,73.54736328125,-0.7815980315208435,False,False,sub-018,sub-018_ses-01_task-WorkingMemory_run-1_eeg.set,500.0
19,FT9,16.592021942138672,79.0252685546875,-0.6162697672843933,False,False,sub-018,sub-018_ses-01_task-WorkingMemory_run-1_eeg.set,500.0
20,FT7,20.95510482788086,78.35662841796875,0.2523021996021271,False,False,sub-018,sub-018_ses-01_task-WorkingMemory_run-1_eeg.set,500.0
21,FC5,17.237104415893555,82.5042724609375,-0.48785123229026794,False,False,sub-018,sub-018_ses-01_task-WorkingMemory_run-1_eeg.set,500.0
22,FC3,32.46076965332031,108.01834106445312,2.542769193649292,False,False,sub-018,sub-018_ses-01_task-WorkingMemory_run-1_eeg.set,500.0
23,FC1,38.22493362426758,126.67984008789062,3.690258741378784,False,False,sub-018,sub-018_ses-01_task-WorkingMemory_run-1_eeg.set,500.0
24,FCZ,23.075923919677734,121.18804931640625,0.6744999885559082,False,False,sub-018,sub-018_ses-01_task-WorkingMemory_run-1_eeg.set,500.0
25,FC2,18.75809669494629,91.66229248046875,-0.18506276607513428,False,False,sub-018,sub-018_ses-01_task-WorkingMemory_run-1_eeg.set,500.0
26,FC4,18.640439987182617,76.751708984375,-0.20848502218723297,False,False,sub-018,sub-018_ses-01_task-WorkingMemory_run-1_eeg.set,500.0
27,FC6,20.265518188476562,102.66250610351562,0.1150241419672966,False,False,sub-018,sub-018_ses-01_task-WorkingMemory_run-1_eeg.set,500.0
28,FT8,19.550512313842773,87.2802734375,-0.027314214035868645,False,False,sub-018,sub-018_ses-01_task-WorkingMemory_run-1_eeg.set,500.0
29,FT10,40.42940139770508,132.35748291015625,4.129108428955078,False,False,sub-018,sub-018_ses-01_task-WorkingMemory_run-1_eeg.set,500.0
30,T7,18.322818756103516,92.5140380859375,-0.27171483635902405,False,False,sub-018,sub-018_ses-01_task-WorkingMemory_run-1_eeg.set,500.0
31,C5,17.161291122436523,85.84732055664062,-0.5029435753822327,False,False,sub-018,sub-018_ses-01_task-WorkingMemory_run-1_eeg.set,500.0
32,C3,16.23809242248535,76.6448974609375,-0.6867275238037109,False,False,sub-018,sub-018_ses-01_task-WorkingMemory_run-1_eeg.set,500.0
33,C1,43.37846755981445,130.79971313476562,4.716187953948975,False,False,sub-018,sub-018_ses-01_task-WorkingMemory_run-1_eeg.set,500.0
34,CZ,30.470388412475586,97.3663330078125,2.146538019180298,False,False,sub-018,sub-018_ses-01_task-WorkingMemory_run-1_eeg.set,500.0
35,C2,19.7600040435791,84.44351196289062,0.014389931224286556,False,False,sub-018,sub-018_ses-01_task-WorkingMemory_run-1_eeg.set,500.0
36,C4,40.25323486328125,106.62979125976562,4.094038486480713,False,False,sub-018,sub-018_ses-01_task-WorkingMemory_run-1_eeg.set,500.0
37,C6,19.094619750976562,84.19937133789062,-0.1180701032280922,False,False,sub-018,sub-018_ses-01_task-WorkingMemory_run-1_eeg.set,500.0
38,T8,17.900888442993164,89.69253540039062,-0.3557097613811493,False,False,sub-018,sub-018_ses-01_task-WorkingMemory_run-1_eeg.set,500.0
39,TP9,15.630986213684082,73.6846923828125,-0.8075859546661377,False,False,sub-018,sub-018_ses-01_task-WorkingMemory_run-1_eeg.set,500.0
40,TP7,16.236509323120117,77.0111083984375,-0.6870426535606384,False,False,sub-018,sub-018_ses-01_task-WorkingMemory_run-1_eeg.set,500.0
41,CP5,18.115224838256836,91.064453125,-0.31304115056991577,False,False,sub-018,sub-018_ses-01_task-WorkingMemory_run-1_eeg.set,500.0
42,CP3,16.18376350402832,77.48687744140625,-0.6975429058074951,False,False,sub-018,sub-018_ses-01_task-WorkingMemory_run-1_eeg.set,500.0
43,CP1,16.908687591552734,86.456298828125,-0.5532301664352417,False,False,sub-018,sub-018_ses-01_task-WorkingMemory_run-1_eeg.set,500.0
44,CPZ,19.077442169189453,94.75845336914062,-0.12148969620466232,False,False,sub-018,sub-018_ses-01_task-WorkingMemory_run-1_eeg.set,500.0
45,CP2,15.35663890838623,74.4476318359375,-0.8622010946273804,False,False,sub-018,sub-018_ses-01_task-WorkingMemory_run-1_eeg.set,500.0
46,CP4,19.929534912109375,113.86245727539062,0.048138946294784546,False,False,sub-018,sub-018_ses-01_task-WorkingMemory_run-1_eeg.set,500.0
47,CP6,17.502016067504883,91.1712646484375,-0.43511447310447693,False,False,sub-018,sub-018_ses-01_task-WorkingMemory_run-1_eeg.set,500.0
48,TP8,21.550752639770508,100.35842895507812,0.370879590511322,False,False,sub-018,sub-018_ses-01_task-WorkingMemory_run-1_eeg.set,500.0
49,TP10,20.278148651123047,104.95132446289062,0.11753851920366287,False,False,sub-018,sub-018_ses-01_task-WorkingMemory_run-1_eeg.set,500.0
50,P7,38.561798095703125,120.88287353515625,3.757319211959839,False,False,sub-018,sub-018_ses-01_task-WorkingMemory_run-1_eeg.set,500.0
51,P5,40.68667221069336,110.30715942382812,4.180324077606201,False,False,sub-018,sub-018_ses-01_task-WorkingMemory_run-1_eeg.set,500.0
52,P3,41.36090850830078,129.13650512695312,4.31454610824585,False,False,sub-018,sub-018_ses-01_task-WorkingMemory_run-1_eeg.set,500.0
53,P1,41.51759338378906,108.32351684570312,4.345737934112549,False,False,sub-018,sub-018_ses-01_task-WorkingMemory_run-1_eeg.set,500.0
54,PZ,42.60414505004883,179.47357177734375,4.562041282653809,False,False,sub-018,sub-018_ses-01_task-WorkingMemory_run-1_eeg.set,500.0
55,P2,40.694061279296875,158.35708618164062,4.181795120239258,False,False,sub-018,sub-018_ses-01_task-WorkingMemory_run-1_eeg.set,500.0
56,P4,16.460241317749023,77.4383544921875,-0.6425036787986755,False,False,sub-018,sub-018_ses-01_task-WorkingMemory_run-1_eeg.set,500.0
57,P6,51.44663619995117,162.2161865234375,6.322342395782471,False,True,sub-018,sub-018_ses-01_task-WorkingMemory_run-1_eeg.set,500.0
58,P8,55.37357711791992,195.74508666992188,7.104090690612793,False,True,sub-018,sub-018_ses-01_task-WorkingMemory_run-1_eeg.set,500.0
59,PO9,48.6290283203125,136.9476318359375,5.761432647705078,False,False,sub-018,sub-018_ses-01_task-WorkingMemory_run-1_eeg.set,500.0
60,PO7,33.53840255737305,117.86849975585938,2.7572970390319824,False,False,sub-018,sub-018_ses-01_task-WorkingMemory_run-1_eeg.set,500.0
61,PO3,17.286582946777344,80.4901123046875,-0.4780013859272003,False,False,sub-018,sub-018_ses-01_task-WorkingMemory_run-1_eeg.set,500.0
62,POZ,36.084964752197266,110.79681396484375,3.2642486095428467,False,False,sub-018,sub-018_ses-01_task-WorkingMemory_run-1_eeg.set,500.0
63,PO4,34.19741439819336,108.70361328125,2.888488292694092,False,False,sub-018,sub-018_ses-01_task-WorkingMemory_run-1_eeg.set,500.0
64,PO8,45.02470397949219,161.28677368164062,5.043909072875977,False,False,sub-018,sub-018_ses-01_task-WorkingMemory_run-1_eeg.set,500.0
65,PO10,40.28841781616211,134.20379638671875,4.101042747497559,False,False,sub-018,sub-018_ses-01_task-WorkingMemory_run-1_eeg.set,500.0
66,O1,48.758174896240234,146.92825317382812,5.787142276763916,False,False,sub-018,sub-018_ses-01_task-WorkingMemory_run-1_eeg.set,500.0
67,OZ,16.20671272277832,78.78250122070312,-0.6929743885993958,False,False,sub-018,sub-018_ses-01_task-WorkingMemory_run-1_eeg.set,500.0
68,O2,16.415813446044922,78.82827758789062,-0.6513481140136719,False,False,sub-018,sub-018_ses-01_task-WorkingMemory_run-1_eeg.set,500.0
69,LEYE,15.673015594482422,74.6307373046875,-0.7992190718650818,False,False,sub-018,sub-018_ses-01_task-WorkingMemory_run-1_eeg.set,500.0
70,REYE,21.593324661254883,92.193603515625,0.3793545365333557,False,False,sub-018,sub-018_ses-01_task-WorkingMemory_run-1_eeg.set,500.0
0,FP1,20.446931838989258,109.97894287109375,1.7357072830200195,False,False,sub-018,sub-018_ses-01_task-WorkingMemory_run-2_eeg.set,500.0
1,FPZ,24.43522071838379,135.33462524414062,3.7937254905700684,False,False,sub-018,sub-018_ses-01_task-WorkingMemory_run-2_eeg.set,500.0
2,FP2,14.422674179077148,67.68798828125,-1.3729017972946167,False,False,sub-018,sub-018_ses-01_task-WorkingMemory_run-2_eeg.set,500.0
3,AF7,15.078798294067383,74.11636352539062,-1.0343316793441772,False,False,sub-018,sub-018_ses-01_task-WorkingMemory_run-2_eeg.set,500.0
4,AF3,17.28061866760254,86.83135986328125,0.10184129327535629,False,False,sub-018,sub-018_ses-01_task-WorkingMemory_run-2_eeg.set,500.0
5,AFZ,19.01129913330078,92.9107666015625,0.9948988556861877,False,False,sub-018,sub-018_ses-01_task-WorkingMemory_run-2_eeg.set,500.0
6,AF4,14.665305137634277,70.2056884765625,-1.2477004528045654,False,False,sub-018,sub-018_ses-01_task-WorkingMemory_run-2_eeg.set,500.0
7,AF8,15.233384132385254,74.2034912109375,-0.9545630216598511,False,False,sub-018,sub-018_ses-01_task-WorkingMemory_run-2_eeg.set,500.0
8,F9,15.280455589294434,71.929931640625,-0.9302734136581421,False,False,sub-018,sub-018_ses-01_task-WorkingMemory_run-2_eeg.set,500.0
9,F7,15.468347549438477,75.0732421875,-0.8333183526992798,False,False,sub-018,sub-018_ses-01_task-WorkingMemory_run-2_eeg.set,500.0
10,F5,15.537345886230469,76.8890380859375,-0.797714114189148,False,False,sub-018,sub-018_ses-01_task-WorkingMemory_run-2_eeg.set,500.0
11,F3,16.636167526245117,79.6966552734375,-0.2307053655385971,False,False,sub-018,sub-018_ses-01_task-WorkingMemory_run-2_eeg.set,500.0
12,F1,15.77612590789795,79.09072875976562,-0.6744999885559082,False,False,sub-018,sub-018_ses-01_task-WorkingMemory_run-2_eeg.set,500.0
13,FZ,16.792930603027344,79.345703125,-0.1498132050037384,False,False,sub-018,sub-018_ses-01_task-WorkingMemory_run-2_eeg.set,500.0
14,F2,14.755688667297363,68.6798095703125,-1.2010611295700073,False,False,sub-018,sub-018_ses-01_task-WorkingMemory_run-2_eeg.set,500.0
15,F4,15.803670883178711,77.64114379882812,-0.6602863669395447,False,False,sub-018,sub-018_ses-01_task-WorkingMemory_run-2_eeg.set,500.0
16,F6,19.647140502929688,97.8240966796875,1.3230026960372925,False,False,sub-018,sub-018_ses-01_task-WorkingMemory_run-2_eeg.set,500.0
17,F8,14.502742767333984,68.90869140625,-1.331585168838501,False,False,sub-018,sub-018_ses-01_task-WorkingMemory_run-2_eeg.set,500.0
18,F10,15.330533027648926,71.5179443359375,-0.9044327139854431,False,False,sub-018,sub-018_ses-01_task-WorkingMemory_run-2_eeg.set,500.0
19,FT9,17.48337745666504,84.3353271484375,0.20646794140338898,False,False,sub-018,sub-018_ses-01_task-WorkingMemory_run-2_eeg.set,500.0
20,FT7,14.95238971710205,71.0906982421875,-1.0995604991912842,False,False,sub-018,sub-018_ses-01_task-WorkingMemory_run-2_eeg.set,500.0
21,FC5,17.391111373901367,84.3658447265625,0.15885722637176514,False,False,sub-018,sub-018_ses-01_task-WorkingMemory_run-2_eeg.set,500.0
22,FC3,18.616641998291016,88.82583618164062,0.7912497520446777,False,False,sub-018,sub-018_ses-01_task-WorkingMemory_run-2_eeg.set,500.0
23,FC1,22.733409881591797,126.10305786132812,2.915565013885498,False,False,sub-018,sub-018_ses-01_task-WorkingMemory_run-2_eeg.set,500.0
24,FCZ,17.665802001953125,86.2274169921875,0.3006018102169037,False,False,sub-018,sub-018_ses-01_task-WorkingMemory_run-2_eeg.set,500.0
25,FC2,18.47728729248047,98.14895629882812,0.7193406224250793,False,False,sub-018,sub-018_ses-01_task-WorkingMemory_run-2_eeg.set,500.0
26,FC4,16.52483367919922,79.73159790039062,-0.28815531730651855,False,False,sub-018,sub-018_ses-01_task-WorkingMemory_run-2_eeg.set,500.0
27,FC6,52.72626876831055,343.231201171875,18.3923397064209,False,True,sub-018,sub-018_ses-01_task-WorkingMemory_run-2_eeg.set,500.0
28,FT8,31.750730514526367,181.5643310546875,7.56864070892334,False,True,sub-018,sub-018_ses-01_task-WorkingMemory_run-2_eeg.set,500.0
29,FT10,15.811856269836426,77.606201171875,-0.6560625433921814,False,False,sub-018,sub-018_ses-01_task-WorkingMemory_run-2_eeg.set,500.0
30,T7,17.22332191467285,84.98504638671875,0.07227528840303421,False,False,sub-018,sub-018_ses-01_task-WorkingMemory_run-2_eeg.set,500.0
31,C5,15.575034141540527,74.03564453125,-0.778266429901123,False,False,sub-018,sub-018_ses-01_task-WorkingMemory_run-2_eeg.set,500.0
32,C3,15.41098690032959,74.0966796875,-0.8629173040390015,False,False,sub-018,sub-018_ses-01_task-WorkingMemory_run-2_eeg.set,500.0
33,C1,16.107772827148438,78.6895751953125,-0.5033650994300842,False,False,sub-018,sub-018_ses-01_task-WorkingMemory_run-2_eeg.set,500.0
34,CZ,15.212156295776367,72.04116821289062,-0.965516984462738,False,False,sub-018,sub-018_ses-01_task-WorkingMemory_run-2_eeg.set,500.0
35,C2,16.250152587890625,77.82424926757812,-0.42989495396614075,False,False,sub-018,sub-018_ses-01_task-WorkingMemory_run-2_eeg.set,500.0
36,C4,17.0832576751709,85.4034423828125,0.0,False,False,sub-018,sub-018_ses-01_task-WorkingMemory_run-2_eeg.set,500.0
37,C6,17.37063217163086,87.60513305664062,0.14828963577747345,False,False,sub-018,sub-018_ses-01_task-WorkingMemory_run-2_eeg.set,500.0
38,T8,18.028654098510742,88.76480102539062,0.487839013338089,False,False,sub-018,sub-018_ses-01_task-WorkingMemory_run-2_eeg.set,500.0
39,TP9,22.026935577392578,109.84161376953125,2.551013469696045,False,False,sub-018,sub-018_ses-01_task-WorkingMemory_run-2_eeg.set,500.0
40,TP7,15.879891395568848,75.1953125,-0.6209554076194763,False,False,sub-018,sub-018_ses-01_task-WorkingMemory_run-2_eeg.set,500.0
41,CP5,16.518142700195312,79.986572265625,-0.29160797595977783,False,False,sub-018,sub-018_ses-01_task-WorkingMemory_run-2_eeg.set,500.0
42,CP3,17.028905868530273,83.43505859375,-0.028046362102031708,False,False,sub-018,sub-018_ses-01_task-WorkingMemory_run-2_eeg.set,500.0
43,CP1,15.672826766967773,76.0955810546875,-0.7278038859367371,False,False,sub-018,sub-018_ses-01_task-WorkingMemory_run-2_eeg.set,500.0
44,CPZ,16.549007415771484,78.44985961914062,-0.2756813168525696,False,False,sub-018,sub-018_ses-01_task-WorkingMemory_run-2_eeg.set,500.0
45,CP2,16.860700607299805,81.4361572265625,-0.11484285444021225,False,False,sub-018,sub-018_ses-01_task-WorkingMemory_run-2_eeg.set,500.0
46,CP4,15.01443862915039,72.6165771484375,-1.067542314529419,False,False,sub-018,sub-018_ses-01_task-WorkingMemory_run-2_eeg.set,500.0
47,CP6,14.688694953918457,69.6868896484375,-1.235630989074707,False,False,sub-018,sub-018_ses-01_task-WorkingMemory_run-2_eeg.set,500.0
48,TP8,15.985305786132812,76.5380859375,-0.5665599703788757,False,False,sub-018,sub-018_ses-01_task-WorkingMemory_run-2_eeg.set,500.0
49,TP10,31.854530334472656,141.4056396484375,7.6222028732299805,False,True,sub-018,sub-018_ses-01_task-WorkingMemory_run-2_eeg.set,500.0
50,P7,17.459604263305664,89.599609375,0.19420060515403748,False,False,sub-018,sub-018_ses-01_task-WorkingMemory_run-2_eeg.set,500.0
51,P5,36.41279220581055,157.3486328125,9.974335670471191,False,True,sub-018,sub-018_ses-01_task-WorkingMemory_run-2_eeg.set,500.0
52,P3,17.15924835205078,91.583251953125,0.03921234980225563,False,False,sub-018,sub-018_ses-01_task-WorkingMemory_run-2_eeg.set,500.0
53,P1,17.959205627441406,85.69778442382812,0.45200252532958984,False,False,sub-018,sub-018_ses-01_task-WorkingMemory_run-2_eeg.set,500.0
54,PZ,17.150150299072266,81.53213500976562,0.03451761603355408,False,False,sub-018,sub-018_ses-01_task-WorkingMemory_run-2_eeg.set,500.0
55,P2,18.996328353881836,97.46231079101562,0.9871737360954285,False,False,sub-018,sub-018_ses-01_task-WorkingMemory_run-2_eeg.set,500.0
56,P4,17.120622634887695,80.13916015625,0.019280891865491867,False,False,sub-018,sub-018_ses-01_task-WorkingMemory_run-2_eeg.set,500.0
57,P6,17.79986000061035,87.22366333007812,0.36977776885032654,False,False,sub-018,sub-018_ses-01_task-WorkingMemory_run-2_eeg.set,500.0
58,P8,20.471256256103516,103.70758056640625,1.7482590675354004,False,False,sub-018,sub-018_ses-01_task-WorkingMemory_run-2_eeg.set,500.0
59,PO9,18.48849105834961,88.5467529296875,0.7251219153404236,False,False,sub-018,sub-018_ses-01_task-WorkingMemory_run-2_eeg.set,500.0
60,PO7,18.69590187072754,86.9903564453125,0.832149088382721,False,False,sub-018,sub-018_ses-01_task-WorkingMemory_run-2_eeg.set,500.0
61,PO3,29.732511520385742,176.12579345703125,6.52720832824707,False,True,sub-018,sub-018_ses-01_task-WorkingMemory_run-2_eeg.set,500.0
62,POZ,18.169170379638672,87.52883911132812,0.5603475570678711,False,False,sub-018,sub-018_ses-01_task-WorkingMemory_run-2_eeg.set,500.0
63,PO4,17.3501033782959,83.4808349609375,0.13769647479057312,False,False,sub-018,sub-018_ses-01_task-WorkingMemory_run-2_eeg.set,500.0
64,PO8,16.225971221923828,77.25967407226562,-0.4423729181289673,False,False,sub-018,sub-018_ses-01_task-WorkingMemory_run-2_eeg.set,500.0
65,PO10,16.561677932739258,80.38330078125,-0.26914313435554504,False,False,sub-018,sub-018_ses-01_task-WorkingMemory_run-2_eeg.set,500.0
66,O1,20.809843063354492,101.18545532226562,1.9229750633239746,False,False,sub-018,sub-018_ses-01_task-WorkingMemory_run-2_eeg.set,500.0
67,OZ,15.837575912475586,74.86404418945312,-0.6427908539772034,False,False,sub-018,sub-018_ses-01_task-WorkingMemory_run-2_eeg.set,500.0
68,O2,16.798307418823242,80.7952880859375,-0.14703869819641113,False,False,sub-018,sub-018_ses-01_task-WorkingMemory_run-2_eeg.set,500.0
69,LEYE,17.50172996520996,85.0677490234375,0.21593810617923737,False,False,sub-018,sub-018_ses-01_task-WorkingMemory_run-2_eeg.set,500.0
70,REYE,18.29088592529297,85.0372314453125,0.6231546401977539,False,False,sub-018,sub-018_ses-01_task-WorkingMemory_run-2_eeg.set,500.0
0,FP1,23.07558822631836,110.0006103515625,3.4212465286254883,False,False,sub-018,sub-018_ses-01_task-WorkingMemory_run-3_eeg.set,500.0
1,FPZ,17.96872901916504,84.3963623046875,0.35638687014579773,False,False,sub-018,sub-018_ses-01_task-WorkingMemory_run-3_eeg.set,500.0
2,FP2,16.55710792541504,79.681396484375,-0.4907914400100708,False,False,sub-018,sub-018_ses-01_task-WorkingMemory_run-3_eeg.set,500.0
3,AF7,17.27119255065918,83.1146240234375,-0.06223663315176964,False,False,sub-018,sub-018_ses-01_task-WorkingMemory_run-3_eeg.set,500.0
4,AF3,21.26592254638672,126.173095703125,2.3351833820343018,False,False,sub-018,sub-018_ses-01_task-WorkingMemory_run-3_eeg.set,500.0
5,AFZ,18.71221351623535,89.752197265625,0.8025858998298645,False,False,sub-018,sub-018_ses-01_task-WorkingMemory_run-3_eeg.set,500.0
6,AF4,18.708316802978516,90.71258544921875,0.8002472519874573,False,False,sub-018,sub-018_ses-01_task-WorkingMemory_run-3_eeg.set,500.0
7,AF8,17.04338264465332,80.71807861328125,-0.19895577430725098,False,False,sub-018,sub-018_ses-01_task-WorkingMemory_run-3_eeg.set,500.0
8,F9,20.587600708007812,105.84930419921875,1.9280915260314941,False,False,sub-018,sub-018_ses-01_task-WorkingMemory_run-3_eeg.set,500.0
9,F7,19.806241989135742,99.63897705078125,1.4591623544692993,False,False,sub-018,sub-018_ses-01_task-WorkingMemory_run-3_eeg.set,500.0
10,F5,16.882526397705078,81.1614990234375,-0.295492947101593,False,False,sub-018,sub-018_ses-01_task-WorkingMemory_run-3_eeg.set,500.0
11,F3,16.876535415649414,82.45849609375,-0.29908841848373413,False,False,sub-018,sub-018_ses-01_task-WorkingMemory_run-3_eeg.set,500.0
12,F1,16.224397659301758,76.8890380859375,-0.6904661059379578,False,False,sub-018,sub-018_ses-01_task-WorkingMemory_run-3_eeg.set,500.0
13,FZ,16.940858840942383,83.95294189453125,-0.2604849934577942,False,False,sub-018,sub-018_ses-01_task-WorkingMemory_run-3_eeg.set,500.0
14,F2,18.392276763916016,91.888427734375,0.6105772256851196,False,False,sub-018,sub-018_ses-01_task-WorkingMemory_run-3_eeg.set,500.0
15,F4,18.14990997314453,85.6781005859375,0.4651218354701996,False,False,sub-018,sub-018_ses-01_task-WorkingMemory_run-3_eeg.set,500.0
16,F6,17.03612518310547,81.20635986328125,-0.20331130921840668,False,False,sub-018,sub-018_ses-01_task-WorkingMemory_run-3_eeg.set,500.0
17,F8,28.606616973876953,169.92095947265625,6.740669250488281,False,True,sub-018,sub-018_ses-01_task-WorkingMemory_run-3_eeg.set,500.0
18,F10,17.00383758544922,83.12896728515625,-0.22268857061862946,False,False,sub-018,sub-018_ses-01_task-WorkingMemory_run-3_eeg.set,500.0
19,FT9,19.5065975189209,96.58721923828125,1.2793320417404175,False,False,sub-018,sub-018_ses-01_task-WorkingMemory_run-3_eeg.set,500.0
20,FT7,18.91305160522461,89.5843505859375,0.923117995262146,False,False,sub-018,sub-018_ses-01_task-WorkingMemory_run-3_eeg.set,500.0
21,FC5,16.882144927978516,80.4730224609375,-0.2957218885421753,False,False,sub-018,sub-018_ses-01_task-WorkingMemory_run-3_eeg.set,500.0
22,FC3,18.196054458618164,90.55999755859375,0.4928152561187744,False,False,sub-018,sub-018_ses-01_task-WorkingMemory_run-3_eeg.set,500.0
23,FC1,28.33380126953125,153.7591552734375,6.576940536499023,False,True,sub-018,sub-018_ses-01_task-WorkingMemory_run-3_eeg.set,500.0
24,FCZ,15.255419731140137,72.4639892578125,-1.2719939947128296,False,False,sub-018,sub-018_ses-01_task-WorkingMemory_run-3_eeg.set,500.0
25,FC2,17.141801834106445,82.04559326171875,-0.1398899257183075,False,False,sub-018,sub-018_ses-01_task-WorkingMemory_run-3_eeg.set,500.0
26,FC4,34.16755676269531,229.871826171875,10.078042984008789,False,True,sub-018,sub-018_ses-01_task-WorkingMemory_run-3_eeg.set,500.0
27,FC6,16.809206008911133,81.48101806640625,-0.33949586749076843,False,False,sub-018,sub-018_ses-01_task-WorkingMemory_run-3_eeg.set,500.0
28,FT8,19.10995864868164,98.63189697265625,1.0412908792495728,False,False,sub-018,sub-018_ses-01_task-WorkingMemory_run-3_eeg.set,500.0
29,FT10,18.39580535888672,88.36273193359375,0.6126948595046997,False,False,sub-018,sub-018_ses-01_task-WorkingMemory_run-3_eeg.set,500.0
30,T7,19.280128479003906,93.68804931640625,1.1434175968170166,False,False,sub-018,sub-018_ses-01_task-WorkingMemory_run-3_eeg.set,500.0
31,C5,15.819873809814453,75.0274658203125,-0.9332393407821655,False,False,sub-018,sub-018_ses-01_task-WorkingMemory_run-3_eeg.set,500.0
32,C3,18.761213302612305,89.6148681640625,0.8319928646087646,False,False,sub-018,sub-018_ses-01_task-WorkingMemory_run-3_eeg.set,500.0
33,C1,17.4675235748291,82.5958251953125,0.05559058487415314,False,False,sub-018,sub-018_ses-01_task-WorkingMemory_run-3_eeg.set,500.0
34,CZ,17.838977813720703,84.686279296875,0.2785172462463379,False,False,sub-018,sub-018_ses-01_task-WorkingMemory_run-3_eeg.set,500.0
35,C2,17.374895095825195,83.20526123046875,0.0,False,False,sub-018,sub-018_ses-01_task-WorkingMemory_run-3_eeg.set,500.0
36,C4,17.353639602661133,84.28955078125,-0.012756392359733582,False,False,sub-018,sub-018_ses-01_task-WorkingMemory_run-3_eeg.set,500.0
37,C6,17.634092330932617,85.02197265625,0.1555560976266861,False,False,sub-018,sub-018_ses-01_task-WorkingMemory_run-3_eeg.set,500.0
38,T8,18.572019577026367,90.91094970703125,0.718449056148529,False,False,sub-018,sub-018_ses-01_task-WorkingMemory_run-3_eeg.set,500.0
39,TP9,19.501527786254883,94.93927001953125,1.276289463043213,False,False,sub-018,sub-018_ses-01_task-WorkingMemory_run-3_eeg.set,500.0
40,TP7,17.79477310180664,85.6781005859375,0.2519879937171936,False,False,sub-018,sub-018_ses-01_task-WorkingMemory_run-3_eeg.set,500.0
41,CP5,15.73039436340332,74.4781494140625,-0.9869400262832642,False,False,sub-018,sub-018_ses-01_task-WorkingMemory_run-3_eeg.set,500.0
42,CP3,17.21387481689453,84.41070556640625,-0.09663563221693039,False,False,sub-018,sub-018_ses-01_task-WorkingMemory_run-3_eeg.set,500.0
43,CP1,16.60822105407715,79.64996337890625,-0.46011611819267273,False,False,sub-018,sub-018_ses-01_task-WorkingMemory_run-3_eeg.set,500.0
44,CPZ,15.152668952941895,72.06634521484375,-1.3336594104766846,False,False,sub-018,sub-018_ses-01_task-WorkingMemory_run-3_eeg.set,500.0
45,CP2,16.779451370239258,82.4432373046875,-0.35735300183296204,False,False,sub-018,sub-018_ses-01_task-WorkingMemory_run-3_eeg.set,500.0
46,CP4,17.6466121673584,85.64666748046875,0.16306982934474945,False,False,sub-018,sub-018_ses-01_task-WorkingMemory_run-3_eeg.set,500.0
47,CP6,18.63261604309082,93.12255859375,0.7548158168792725,False,False,sub-018,sub-018_ses-01_task-WorkingMemory_run-3_eeg.set,500.0
48,TP8,25.932275772094727,144.20989990234375,5.135674953460693,False,False,sub-018,sub-018_ses-01_task-WorkingMemory_run-3_eeg.set,500.0
49,TP10,15.883008003234863,78.1402587890625,-0.8953496217727661,False,False,sub-018,sub-018_ses-01_task-WorkingMemory_run-3_eeg.set,500.0
50,P7,19.11727523803711,101.3470458984375,1.0456819534301758,False,False,sub-018,sub-018_ses-01_task-WorkingMemory_run-3_eeg.set,500.0
51,P5,17.383052825927734,90.1641845703125,0.004895826335996389,False,False,sub-018,sub-018_ses-01_task-WorkingMemory_run-3_eeg.set,500.0
52,P3,16.841808319091797,83.1451416015625,-0.31992971897125244,False,False,sub-018,sub-018_ses-01_task-WorkingMemory_run-3_eeg.set,500.0
53,P1,17.346912384033203,85.6781005859375,-0.01679370366036892,False,False,sub-018,sub-018_ses-01_task-WorkingMemory_run-3_eeg.set,500.0
54,PZ,14.980067253112793,71.82220458984375,-1.4372456073760986,False,False,sub-018,sub-018_ses-01_task-WorkingMemory_run-3_eeg.set,500.0
55,P2,14.922698974609375,72.2198486328125,-1.471674919128418,False,False,sub-018,sub-018_ses-01_task-WorkingMemory_run-3_eeg.set,500.0
56,P4,19.354093551635742,97.36541748046875,1.1878074407577515,False,False,sub-018,sub-018_ses-01_task-WorkingMemory_run-3_eeg.set,500.0
57,P6,20.755163192749023,108.428955078125,2.028653383255005,False,False,sub-018,sub-018_ses-01_task-WorkingMemory_run-3_eeg.set,500.0
58,P8,17.12950897216797,82.36602783203125,-0.1472674161195755,False,False,sub-018,sub-018_ses-01_task-WorkingMemory_run-3_eeg.set,500.0
59,PO9,33.70450210571289,199.24468994140625,9.800143241882324,False,True,sub-018,sub-018_ses-01_task-WorkingMemory_run-3_eeg.set,500.0
60,PO7,17.221826553344727,79.84832763671875,-0.09186342358589172,False,False,sub-018,sub-018_ses-01_task-WorkingMemory_run-3_eeg.set,500.0
61,PO3,17.199983596801758,84.3658447265625,-0.10497238487005234,False,False,sub-018,sub-018_ses-01_task-WorkingMemory_run-3_eeg.set,500.0
62,POZ,17.403892517089844,82.53387451171875,0.01740267686545849,False,False,sub-018,sub-018_ses-01_task-WorkingMemory_run-3_eeg.set,500.0
63,PO4,15.54680347442627,73.3489990234375,-1.097121238708496,False,False,sub-018,sub-018_ses-01_task-WorkingMemory_run-3_eeg.set,500.0
64,PO8,17.024389266967773,81.939697265625,-0.21035456657409668,False,False,sub-018,sub-018_ses-01_task-WorkingMemory_run-3_eeg.set,500.0
65,PO10,15.115043640136719,72.32574462890625,-1.356240153312683,False,False,sub-018,sub-018_ses-01_task-WorkingMemory_run-3_eeg.set,500.0
66,O1,15.727008819580078,75.82000732421875,-0.9889718890190125,False,False,sub-018,sub-018_ses-01_task-WorkingMemory_run-3_eeg.set,500.0
67,OZ,16.251001358032227,80.9783935546875,-0.6744999885559082,False,False,sub-018,sub-018_ses-01_task-WorkingMemory_run-3_eeg.set,500.0
68,O2,16.957847595214844,82.672119140625,-0.25028926134109497,False,False,sub-018,sub-018_ses-01_task-WorkingMemory_run-3_eeg.set,500.0
69,LEYE,15.165928840637207,72.021484375,-1.3257015943527222,False,False,sub-018,sub-018_ses-01_task-WorkingMemory_run-3_eeg.set,500.0
70,REYE,18.931978225708008,96.649169921875,0.9344767332077026,False,False,sub-018,sub-018_ses-01_task-WorkingMemory_run-3_eeg.set,500.0
0,FP1,18.937416076660156,92.0562744140625,2.297456741333008,False,False,sub-019,sub-019_ses-01_task-WorkingMemory_run-1_eeg.set,500.0
1,FPZ,15.065851211547852,72.0672607421875,-0.8982852697372437,False,False,sub-019,sub-019_ses-01_task-WorkingMemory_run-1_eeg.set,500.0
2,FP2,16.219423294067383,77.684326171875,0.0539184994995594,False,False,sub-019,sub-019_ses-01_task-WorkingMemory_run-1_eeg.set,500.0
3,AF7,14.542645454406738,70.12939453125,-1.3301599025726318,False,False,sub-019,sub-019_ses-01_task-WorkingMemory_run-1_eeg.set,500.0
4,AF3,15.189224243164062,73.0743408203125,-0.7964483499526978,False,False,sub-019,sub-019_ses-01_task-WorkingMemory_run-1_eeg.set,500.0
5,AFZ,14.788467407226562,70.3887939453125,-1.1272488832473755,False,False,sub-019,sub-019_ses-01_task-WorkingMemory_run-1_eeg.set,500.0
6,AF4,16.971242904663086,77.2418212890625,0.6744999885559082,False,False,sub-019,sub-019_ses-01_task-WorkingMemory_run-1_eeg.set,500.0
7,AF8,15.04067325592041,72.008056640625,-0.9190682172775269,False,False,sub-019,sub-019_ses-01_task-WorkingMemory_run-1_eeg.set,500.0
8,F9,15.075116157531738,72.8302001953125,-0.8906376361846924,False,False,sub-019,sub-019_ses-01_task-WorkingMemory_run-1_eeg.set,500.0
9,F7,16.36771011352539,77.484130859375,0.17632026970386505,False,False,sub-019,sub-019_ses-01_task-WorkingMemory_run-1_eeg.set,500.0
10,F5,15.072872161865234,72.1282958984375,-0.8924899101257324,False,False,sub-019,sub-019_ses-01_task-WorkingMemory_run-1_eeg.set,500.0
11,F3,16.105199813842773,75.5462646484375,-0.04036605730652809,False,False,sub-019,sub-019_ses-01_task-WorkingMemory_run-1_eeg.set,500.0
12,F1,15.610831260681152,73.8372802734375,-0.44843733310699463,False,False,sub-019,sub-019_ses-01_task-WorkingMemory_run-1_eeg.set,500.0
13,FZ,15.565900802612305,73.9593505859375,-0.4855246841907501,False,False,sub-019,sub-019_ses-01_task-WorkingMemory_run-1_eeg.set,500.0
14,F2,15.939414024353027,73.076171875,-0.1772121638059616,False,False,sub-019,sub-019_ses-01_task-WorkingMemory_run-1_eeg.set,500.0
15,F4,15.552069664001465,73.74755859375,-0.496941477060318,False,False,sub-019,sub-019_ses-01_task-WorkingMemory_run-1_eeg.set,500.0
16,F6,16.154102325439453,76.8145751953125,0.0,False,False,sub-019,sub-019_ses-01_task-WorkingMemory_run-1_eeg.set,500.0
17,F8,14.482647895812988,69.444580078125,-1.3796842098236084,False,False,sub-019,sub-019_ses-01_task-WorkingMemory_run-1_eeg.set,500.0
18,F10,16.55906867980957,79.803466796875,0.33427515625953674,False,False,sub-019,sub-019_ses-01_task-WorkingMemory_run-1_eeg.set,500.0
19,FT9,37.88228225708008,226.949462890625,17.93529510498047,False,True,sub-019,sub-019_ses-01_task-WorkingMemory_run-1_eeg.set,500.0
20,FT7,42.386226654052734,272.203369140625,21.653026580810547,False,True,sub-019,sub-019_ses-01_task-WorkingMemory_run-1_eeg.set,500.0
21,FC5,15.647274017333984,74.7528076171875,-0.4183560013771057,False,False,sub-019,sub-019_ses-01_task-WorkingMemory_run-1_eeg.set,500.0
22,FC3,15.53422737121582,74.737548828125,-0.5116692185401917,False,False,sub-019,sub-019_ses-01_task-WorkingMemory_run-1_eeg.set,500.0
23,FC1,14.486259460449219,69.88525390625,-1.3767030239105225,False,False,sub-019,sub-019_ses-01_task-WorkingMemory_run-1_eeg.set,500.0
24,FCZ,15.542986869812012,74.4781494140625,-0.5044387578964233,False,False,sub-019,sub-019_ses-01_task-WorkingMemory_run-1_eeg.set,500.0
25,FC2,17.821483612060547,86.1968994140625,1.3763221502304077,False,False,sub-019,sub-019_ses-01_task-WorkingMemory_run-1_eeg.set,500.0
26,FC4,14.85201358795166,71.885986328125,-1.0747952461242676,False,False,sub-019,sub-019_ses-01_task-WorkingMemory_run-1_eeg.set,500.0
27,FC6,15.16043758392334,73.486328125,-0.8202099800109863,False,False,sub-019,sub-019_ses-01_task-WorkingMemory_run-1_eeg.set,500.0
28,FT8,16.41815948486328,77.8045654296875,0.21796315908432007,False,False,sub-019,sub-019_ses-01_task-WorkingMemory_run-1_eeg.set,500.0
29,FT10,16.300064086914062,77.8045654296875,0.12048257887363434,False,False,sub-019,sub-019_ses-01_task-WorkingMemory_run-1_eeg.set,500.0
30,T7,16.006155014038086,75.6243896484375,-0.12212153524160385,False,False,sub-019,sub-019_ses-01_task-WorkingMemory_run-1_eeg.set,500.0
31,C5,17.53042221069336,82.90283203125,1.13606858253479,False,False,sub-019,sub-019_ses-01_task-WorkingMemory_run-1_eeg.set,500.0
32,C3,15.927181243896484,77.2857666015625,-0.18730957806110382,False,False,sub-019,sub-019_ses-01_task-WorkingMemory_run-1_eeg.set,500.0
33,C1,16.59501075744629,79.1778564453125,0.3639431595802307,False,False,sub-019,sub-019_ses-01_task-WorkingMemory_run-1_eeg.set,500.0
34,CZ,15.472110748291016,75.426025390625,-0.5629426836967468,False,False,sub-019,sub-019_ses-01_task-WorkingMemory_run-1_eeg.set,500.0
35,C2,16.06521987915039,76.7364501953125,-0.07336706668138504,False,False,sub-019,sub-019_ses-01_task-WorkingMemory_run-1_eeg.set,500.0
36,C4,16.690338134765625,80.0323486328125,0.4426301419734955,False,False,sub-019,sub-019_ses-01_task-WorkingMemory_run-1_eeg.set,500.0
37,C6,16.95020866394043,82.5347900390625,0.6571375131607056,False,False,sub-019,sub-019_ses-01_task-WorkingMemory_run-1_eeg.set,500.0
38,T8,15.729775428771973,75.653076171875,-0.3502561151981354,False,False,sub-019,sub-019_ses-01_task-WorkingMemory_run-1_eeg.set,500.0
39,TP9,16.878746032714844,79.3017578125,0.5981494188308716,False,False,sub-019,sub-019_ses-01_task-WorkingMemory_run-1_eeg.set,500.0
40,TP7,16.740407943725586,79.4219970703125,0.48395973443984985,False,False,sub-019,sub-019_ses-01_task-WorkingMemory_run-1_eeg.set,500.0
41,CP5,22.079830169677734,107.56103515625,4.891328811645508,False,False,sub-019,sub-019_ses-01_task-WorkingMemory_run-1_eeg.set,500.0
42,CP3,18.029232025146484,84.0777587890625,1.5478057861328125,False,False,sub-019,sub-019_ses-01_task-WorkingMemory_run-1_eeg.set,500.0
43,CP1,14.707428932189941,72.1435546875,-1.194141149520874,False,False,sub-019,sub-019_ses-01_task-WorkingMemory_run-1_eeg.set,500.0
44,CPZ,15.771042823791504,76.9366455078125,-0.3161923587322235,False,False,sub-019,sub-019_ses-01_task-WorkingMemory_run-1_eeg.set,500.0
45,CP2,15.048600196838379,72.75390625,-0.9125249981880188,False,False,sub-019,sub-019_ses-01_task-WorkingMemory_run-1_eeg.set,500.0
46,CP4,18.793725967407227,96.8475341796875,2.178849220275879,False,False,sub-019,sub-019_ses-01_task-WorkingMemory_run-1_eeg.set,500.0
47,CP6,15.222230911254883,72.7996826171875,-0.7692033052444458,False,False,sub-019,sub-019_ses-01_task-WorkingMemory_run-1_eeg.set,500.0
48,TP8,16.46599769592285,80.7952880859375,0.2574506998062134,False,False,sub-019,sub-019_ses-01_task-WorkingMemory_run-1_eeg.set,500.0
49,TP10,13.698101043701172,66.4215087890625,-2.02728009223938,False,False,sub-019,sub-019_ses-01_task-WorkingMemory_run-1_eeg.set,500.0
50,P7,14.077770233154297,67.1539306640625,-1.7138862609863281,False,False,sub-019,sub-019_ses-01_task-WorkingMemory_run-1_eeg.set,500.0
51,P5,21.68788719177246,107.19482421875,4.567803859710693,False,False,sub-019,sub-019_ses-01_task-WorkingMemory_run-1_eeg.set,500.0
52,P3,18.363130569458008,94.4232177734375,1.8234188556671143,False,False,sub-019,sub-019_ses-01_task-WorkingMemory_run-1_eeg.set,500.0
53,P1,18.997159957885742,98.358154296875,2.346771717071533,False,False,sub-019,sub-019_ses-01_task-WorkingMemory_run-1_eeg.set,500.0
54,PZ,16.475404739379883,80.56640625,0.265215665102005,False,False,sub-019,sub-019_ses-01_task-WorkingMemory_run-1_eeg.set,500.0
55,P2,16.615190505981445,84.1064453125,0.38060033321380615,False,False,sub-019,sub-019_ses-01_task-WorkingMemory_run-1_eeg.set,500.0
56,P4,17.932891845703125,89.05029296875,1.4682828187942505,False,False,sub-019,sub-019_ses-01_task-WorkingMemory_run-1_eeg.set,500.0
57,P6,16.487489700317383,80.4443359375,0.275191068649292,False,False,sub-019,sub-019_ses-01_task-WorkingMemory_run-1_eeg.set,500.0
58,P8,16.77066421508789,79.9102783203125,0.5089344382286072,False,False,sub-019,sub-019_ses-01_task-WorkingMemory_run-1_eeg.set,500.0
59,PO9,15.682658195495605,75.670166015625,-0.3891485333442688,False,False,sub-019,sub-019_ses-01_task-WorkingMemory_run-1_eeg.set,500.0
60,PO7,15.50361442565918,73.778076171875,-0.5369383096694946,False,False,sub-019,sub-019_ses-01_task-WorkingMemory_run-1_eeg.set,500.0
61,PO3,15.068300247192383,72.3419189453125,-0.8962637186050415,False,False,sub-019,sub-019_ses-01_task-WorkingMemory_run-1_eeg.set,500.0
62,POZ,16.470436096191406,80.657958984375,0.26111432909965515,False,False,sub-019,sub-019_ses-01_task-WorkingMemory_run-1_eeg.set,500.0
63,PO4,15.299388885498047,74.0966796875,-0.705514132976532,False,False,sub-019,sub-019_ses-01_task-WorkingMemory_run-1_eeg.set,500.0
64,PO8,15.408785820007324,75.975341796875,-0.6152135133743286,False,False,sub-019,sub-019_ses-01_task-WorkingMemory_run-1_eeg.set,500.0
65,PO10,16.418869018554688,82.21435546875,0.21854883432388306,False,False,sub-019,sub-019_ses-01_task-WorkingMemory_run-1_eeg.set,500.0
66,O1,21.376102447509766,118.05908203125,4.310444355010986,False,False,sub-019,sub-019_ses-01_task-WorkingMemory_run-1_eeg.set,500.0
67,OZ,24.325586318969727,127.5958251953125,6.7450642585754395,False,True,sub-019,sub-019_ses-01_task-WorkingMemory_run-1_eeg.set,500.0
68,O2,27.404693603515625,145.8203125,9.286681175231934,False,True,sub-019,sub-019_ses-01_task-WorkingMemory_run-1_eeg.set,500.0
69,LEYE,57.49666213989258,328.582763671875,34.12577438354492,False,True,sub-019,sub-019_ses-01_task-WorkingMemory_run-1_eeg.set,500.0
70,REYE,61.54655075073242,333.587646484375,37.46871566772461,False,True,sub-019,sub-019_ses-01_task-WorkingMemory_run-1_eeg.set,500.0
0,FP1,18.123197555541992,96.79336547851562,0.42003700137138367,False,False,sub-019,sub-019_ses-01_task-WorkingMemory_run-2_eeg.set,500.0
1,FPZ,16.811290740966797,82.0770263671875,-0.24798446893692017,False,False,sub-019,sub-019_ses-01_task-WorkingMemory_run-2_eeg.set,500.0
2,FP2,16.252418518066406,80.10025024414062,-0.5325615406036377,False,False,sub-019,sub-019_ses-01_task-WorkingMemory_run-2_eeg.set,500.0
3,AF7,14.990382194519043,73.2574462890625,-1.1751890182495117,False,False,sub-019,sub-019_ses-01_task-WorkingMemory_run-2_eeg.set,500.0
4,AF3,16.10017967224121,80.5511474609375,-0.6100813746452332,False,False,sub-019,sub-019_ses-01_task-WorkingMemory_run-2_eeg.set,500.0
5,AFZ,15.846487998962402,77.61306762695312,-0.7392609119415283,False,False,sub-019,sub-019_ses-01_task-WorkingMemory_run-2_eeg.set,500.0
6,AF4,15.992533683776855,76.4617919921875,-0.6648946404457092,False,False,sub-019,sub-019_ses-01_task-WorkingMemory_run-2_eeg.set,500.0
7,AF8,16.15363883972168,78.1707763671875,-0.5828600525856018,False,False,sub-019,sub-019_ses-01_task-WorkingMemory_run-2_eeg.set,500.0
8,F9,16.1541805267334,78.17764282226562,-0.5825842618942261,False,False,sub-019,sub-019_ses-01_task-WorkingMemory_run-2_eeg.set,500.0
9,F7,15.783947944641113,76.507568359375,-0.7711061835289001,False,False,sub-019,sub-019_ses-01_task-WorkingMemory_run-2_eeg.set,500.0
10,F5,18.501867294311523,89.48440551757812,0.6128551959991455,False,False,sub-019,sub-019_ses-01_task-WorkingMemory_run-2_eeg.set,500.0
11,F3,16.79021453857422,80.77163696289062,-0.2587164342403412,False,False,sub-019,sub-019_ses-01_task-WorkingMemory_run-2_eeg.set,500.0
12,F1,16.683021545410156,81.23779296875,-0.3132990002632141,False,False,sub-019,sub-019_ses-01_task-WorkingMemory_run-2_eeg.set,500.0
13,FZ,16.111404418945312,79.7882080078125,-0.6043657660484314,False,False,sub-019,sub-019_ses-01_task-WorkingMemory_run-2_eeg.set,500.0
14,F2,16.570308685302734,81.085205078125,-0.3706922233104706,False,False,sub-019,sub-019_ses-01_task-WorkingMemory_run-2_eeg.set,500.0
15,F4,17.5346622467041,87.860107421875,0.1203555017709732,False,False,sub-019,sub-019_ses-01_task-WorkingMemory_run-2_eeg.set,500.0
16,F6,15.19450855255127,77.6824951171875,-1.071248173713684,False,False,sub-019,sub-019_ses-01_task-WorkingMemory_run-2_eeg.set,500.0
17,F8,14.485708236694336,68.4814453125,-1.4321683645248413,False,False,sub-019,sub-019_ses-01_task-WorkingMemory_run-2_eeg.set,500.0
18,F10,20.648143768310547,108.45108032226562,1.705736756324768,False,False,sub-019,sub-019_ses-01_task-WorkingMemory_run-2_eeg.set,500.0
19,FT9,19.003999710083008,94.9554443359375,0.8685404658317566,False,False,sub-019,sub-019_ses-01_task-WorkingMemory_run-2_eeg.set,500.0
20,FT7,16.679353713989258,81.1920166015625,-0.3151666522026062,False,False,sub-019,sub-019_ses-01_task-WorkingMemory_run-2_eeg.set,500.0
21,FC5,16.635051727294922,79.986572265625,-0.3377251625061035,False,False,sub-019,sub-019_ses-01_task-WorkingMemory_run-2_eeg.set,500.0
22,FC3,15.08051872253418,71.5789794921875,-1.1292916536331177,False,False,sub-019,sub-019_ses-01_task-WorkingMemory_run-2_eeg.set,500.0
23,FC1,19.99006462097168,103.50723266601562,1.3706436157226562,False,False,sub-019,sub-019_ses-01_task-WorkingMemory_run-2_eeg.set,500.0
24,FCZ,17.34241485595703,84.0911865234375,0.022463342174887657,False,False,sub-019,sub-019_ses-01_task-WorkingMemory_run-2_eeg.set,500.0
25,FC2,15.827747344970703,77.6519775390625,-0.7488036751747131,False,False,sub-019,sub-019_ses-01_task-WorkingMemory_run-2_eeg.set,500.0
26,FC4,16.552337646484375,80.43594360351562,-0.3798430860042572,False,False,sub-019,sub-019_ses-01_task-WorkingMemory_run-2_eeg.set,500.0
27,FC6,15.718977928161621,76.4312744140625,-0.8041889071464539,False,False,sub-019,sub-019_ses-01_task-WorkingMemory_run-2_eeg.set,500.0
28,FT8,16.918081283569336,83.7249755859375,-0.19360683858394623,False,False,sub-019,sub-019_ses-01_task-WorkingMemory_run-2_eeg.set,500.0
29,FT10,17.367204666137695,86.36474609375,0.03508628532290459,False,False,sub-019,sub-019_ses-01_task-WorkingMemory_run-2_eeg.set,500.0
30,T7,23.42500114440918,128.07388305664062,3.1197094917297363,False,False,sub-019,sub-019_ses-01_task-WorkingMemory_run-2_eeg.set,500.0
31,C5,31.06636619567871,161.59744262695312,7.010684013366699,False,True,sub-019,sub-019_ses-01_task-WorkingMemory_run-2_eeg.set,500.0
32,C3,18.53761863708496,91.9647216796875,0.6310597658157349,False,False,sub-019,sub-019_ses-01_task-WorkingMemory_run-2_eeg.set,500.0
33,C1,15.878996849060059,80.71060180664062,-0.7227074503898621,False,False,sub-019,sub-019_ses-01_task-WorkingMemory_run-2_eeg.set,500.0
34,CZ,15.97367000579834,76.66015625,-0.6744999885559082,False,False,sub-019,sub-019_ses-01_task-WorkingMemory_run-2_eeg.set,500.0
35,C2,16.493824005126953,80.54962158203125,-0.4096381664276123,False,False,sub-019,sub-019_ses-01_task-WorkingMemory_run-2_eeg.set,500.0
36,C4,16.318086624145508,81.22100830078125,-0.4991234540939331,False,False,sub-019,sub-019_ses-01_task-WorkingMemory_run-2_eeg.set,500.0
37,C6,33.148380279541016,192.08450317382812,8.070842742919922,False,True,sub-019,sub-019_ses-01_task-WorkingMemory_run-2_eeg.set,500.0
38,T8,17.070297241210938,84.075927734375,-0.11609864234924316,False,False,sub-019,sub-019_ses-01_task-WorkingMemory_run-2_eeg.set,500.0
39,TP9,17.29829978942871,84.90676879882812,0.0,False,False,sub-019,sub-019_ses-01_task-WorkingMemory_run-2_eeg.set,500.0
40,TP7,15.777307510375977,81.11572265625,-0.7744875550270081,False,False,sub-019,sub-019_ses-01_task-WorkingMemory_run-2_eeg.set,500.0
41,CP5,19.358415603637695,101.93557739257812,1.0490086078643799,False,False,sub-019,sub-019_ses-01_task-WorkingMemory_run-2_eeg.set,500.0
42,CP3,42.77125930786133,277.9457092285156,12.970802307128906,False,True,sub-019,sub-019_ses-01_task-WorkingMemory_run-2_eeg.set,500.0
43,CP1,24.845096588134766,133.1939697265625,3.842820405960083,False,False,sub-019,sub-019_ses-01_task-WorkingMemory_run-2_eeg.set,500.0
44,CPZ,18.1180419921875,89.3402099609375,0.41741180419921875,False,False,sub-019,sub-019_ses-01_task-WorkingMemory_run-2_eeg.set,500.0
45,CP2,16.895244598388672,84.0911865234375,-0.20523524284362793,False,False,sub-019,sub-019_ses-01_task-WorkingMemory_run-2_eeg.set,500.0
46,CP4,16.62993621826172,81.00051879882812,-0.34032997488975525,False,False,sub-019,sub-019_ses-01_task-WorkingMemory_run-2_eeg.set,500.0
47,CP6,15.99341106414795,80.26123046875,-0.6644479036331177,False,False,sub-019,sub-019_ses-01_task-WorkingMemory_run-2_eeg.set,500.0
48,TP8,19.381723403930664,95.794677734375,1.0608768463134766,False,False,sub-019,sub-019_ses-01_task-WorkingMemory_run-2_eeg.set,500.0
49,TP10,20.874006271362305,111.63330078125,1.8207457065582275,False,False,sub-019,sub-019_ses-01_task-WorkingMemory_run-2_eeg.set,500.0
50,P7,22.59954261779785,128.753662109375,2.6993868350982666,False,False,sub-019,sub-019_ses-01_task-WorkingMemory_run-2_eeg.set,500.0
51,P5,21.65694236755371,142.7154541015625,2.2194159030914307,False,False,sub-019,sub-019_ses-01_task-WorkingMemory_run-2_eeg.set,500.0
52,P3,19.027891159057617,107.44247436523438,0.8807060122489929,False,False,sub-019,sub-019_ses-01_task-WorkingMemory_run-2_eeg.set,500.0
53,P1,18.179000854492188,92.7734375,0.4484519958496094,False,False,sub-019,sub-019_ses-01_task-WorkingMemory_run-2_eeg.set,500.0
54,PZ,21.470605850219727,119.92568969726562,2.1245336532592773,False,False,sub-019,sub-019_ses-01_task-WorkingMemory_run-2_eeg.set,500.0
55,P2,32.134857177734375,180.6488037109375,7.554758071899414,False,True,sub-019,sub-019_ses-01_task-WorkingMemory_run-2_eeg.set,500.0
56,P4,41.77973937988281,250.84991455078125,12.465922355651855,False,True,sub-019,sub-019_ses-01_task-WorkingMemory_run-2_eeg.set,500.0
57,P6,17.479862213134766,87.80593872070312,0.09245137870311737,False,False,sub-019,sub-019_ses-01_task-WorkingMemory_run-2_eeg.set,500.0
58,P8,16.784656524658203,82.03125,-0.2615465819835663,False,False,sub-019,sub-019_ses-01_task-WorkingMemory_run-2_eeg.set,500.0
59,PO9,22.294946670532227,113.9373779296875,2.5442869663238525,False,False,sub-019,sub-019_ses-01_task-WorkingMemory_run-2_eeg.set,500.0
60,PO7,17.80257797241211,91.33071899414062,0.25677788257598877,False,False,sub-019,sub-019_ses-01_task-WorkingMemory_run-2_eeg.set,500.0
61,PO3,42.25692367553711,295.6611633300781,12.708902359008789,False,True,sub-019,sub-019_ses-01_task-WorkingMemory_run-2_eeg.set,500.0
62,POZ,38.155189514160156,223.02627563476562,10.620305061340332,False,True,sub-019,sub-019_ses-01_task-WorkingMemory_run-2_eeg.set,500.0
63,PO4,52.887290954589844,350.6919860839844,18.121871948242188,False,True,sub-019,sub-019_ses-01_task-WorkingMemory_run-2_eeg.set,500.0
64,PO8,19.03191375732422,93.475341796875,0.8827542662620544,False,False,sub-019,sub-019_ses-01_task-WorkingMemory_run-2_eeg.set,500.0
65,PO10,17.228519439697266,83.2977294921875,-0.03553207591176033,False,False,sub-019,sub-019_ses-01_task-WorkingMemory_run-2_eeg.set,500.0
66,O1,51.73992156982422,334.637451171875,17.537633895874023,False,True,sub-019,sub-019_ses-01_task-WorkingMemory_run-2_eeg.set,500.0
67,OZ,45.057655334472656,264.09912109375,14.135031700134277,False,True,sub-019,sub-019_ses-01_task-WorkingMemory_run-2_eeg.set,500.0
68,O2,16.313669204711914,79.33731079101562,-0.501372754573822,False,False,sub-019,sub-019_ses-01_task-WorkingMemory_run-2_eeg.set,500.0
69,LEYE,16.952547073364258,78.9794921875,-0.1760568916797638,False,False,sub-019,sub-019_ses-01_task-WorkingMemory_run-2_eeg.set,500.0
70,REYE,27.472272872924805,138.0767822265625,5.180575370788574,False,False,sub-019,sub-019_ses-01_task-WorkingMemory_run-2_eeg.set,500.0
0,FP1,19.495563507080078,103.2867431640625,0.9441009759902954,False,False,sub-019,sub-019_ses-01_task-WorkingMemory_run-3_eeg.set,500.0
1,FPZ,16.35147476196289,86.1968994140625,-0.8603337407112122,False,False,sub-019,sub-019_ses-01_task-WorkingMemory_run-3_eeg.set,500.0
2,FP2,17.721054077148438,90.576171875,-0.07431380450725555,False,False,sub-019,sub-019_ses-01_task-WorkingMemory_run-3_eeg.set,500.0
3,AF7,18.021045684814453,87.3870849609375,0.09785541146993637,False,False,sub-019,sub-019_ses-01_task-WorkingMemory_run-3_eeg.set,500.0
4,AF3,18.111919403076172,91.2322998046875,0.15000906586647034,False,False,sub-019,sub-019_ses-01_task-WorkingMemory_run-3_eeg.set,500.0
5,AFZ,16.675275802612305,83.2672119140625,-0.6744999885559082,False,False,sub-019,sub-019_ses-01_task-WorkingMemory_run-3_eeg.set,500.0
6,AF4,17.70149803161621,91.12548828125,-0.08553728461265564,False,False,sub-019,sub-019_ses-01_task-WorkingMemory_run-3_eeg.set,500.0
7,AF8,15.797224998474121,77.9571533203125,-1.1784250736236572,False,False,sub-019,sub-019_ses-01_task-WorkingMemory_run-3_eeg.set,500.0
8,F9,18.22806167602539,89.385986328125,0.216664656996727,False,False,sub-019,sub-019_ses-01_task-WorkingMemory_run-3_eeg.set,500.0
9,F7,18.95273208618164,91.24755859375,0.6325627565383911,False,False,sub-019,sub-019_ses-01_task-WorkingMemory_run-3_eeg.set,500.0
10,F5,29.502391815185547,165.75958251953125,6.6871538162231445,False,True,sub-019,sub-019_ses-01_task-WorkingMemory_run-3_eeg.set,500.0
11,F3,18.0328311920166,87.98553466796875,0.10461927205324173,False,False,sub-019,sub-019_ses-01_task-WorkingMemory_run-3_eeg.set,500.0
12,F1,17.589675903320312,87.11578369140625,-0.14971350133419037,False,False,sub-019,sub-019_ses-01_task-WorkingMemory_run-3_eeg.set,500.0
13,FZ,50.619956970214844,329.1082763671875,18.806808471679688,False,True,sub-019,sub-019_ses-01_task-WorkingMemory_run-3_eeg.set,500.0
14,F2,16.859601974487305,85.97137451171875,-0.5687127113342285,False,False,sub-019,sub-019_ses-01_task-WorkingMemory_run-3_eeg.set,500.0
15,F4,16.078664779663086,78.79974365234375,-1.016903042793274,False,False,sub-019,sub-019_ses-01_task-WorkingMemory_run-3_eeg.set,500.0
16,F6,21.413501739501953,119.95269775390625,2.0448315143585205,False,False,sub-019,sub-019_ses-01_task-WorkingMemory_run-3_eeg.set,500.0
17,F8,16.790246963500977,82.8857421875,-0.6085165143013,False,False,sub-019,sub-019_ses-01_task-WorkingMemory_run-3_eeg.set,500.0
18,F10,19.32151222229004,92.926025390625,0.8442106246948242,False,False,sub-019,sub-019_ses-01_task-WorkingMemory_run-3_eeg.set,500.0
19,FT9,19.44878387451172,106.109619140625,0.9172534942626953,False,False,sub-019,sub-019_ses-01_task-WorkingMemory_run-3_eeg.set,500.0
20,FT7,16.161178588867188,76.080322265625,-0.9695473313331604,False,False,sub-019,sub-019_ses-01_task-WorkingMemory_run-3_eeg.set,500.0
21,FC5,15.899364471435547,75.25634765625,-1.119805932044983,False,False,sub-019,sub-019_ses-01_task-WorkingMemory_run-3_eeg.set,500.0
22,FC3,19.88266372680664,101.9287109375,1.1662629842758179,False,False,sub-019,sub-019_ses-01_task-WorkingMemory_run-3_eeg.set,500.0
23,FC1,18.986774444580078,90.39306640625,0.652100145816803,False,False,sub-019,sub-019_ses-01_task-WorkingMemory_run-3_eeg.set,500.0
24,FCZ,17.001554489135742,82.73651123046875,-0.48724427819252014,False,False,sub-019,sub-019_ses-01_task-WorkingMemory_run-3_eeg.set,500.0
25,FC2,28.708309173583984,148.045654296875,6.231419086456299,False,True,sub-019,sub-019_ses-01_task-WorkingMemory_run-3_eeg.set,500.0
26,FC4,41.07120895385742,251.65802001953125,13.326653480529785,False,True,sub-019,sub-019_ses-01_task-WorkingMemory_run-3_eeg.set,500.0
27,FC6,17.842018127441406,88.3331298828125,-0.004890909418463707,False,False,sub-019,sub-019_ses-01_task-WorkingMemory_run-3_eeg.set,500.0
28,FT8,16.141868591308594,77.77740478515625,-0.980629563331604,False,False,sub-019,sub-019_ses-01_task-WorkingMemory_run-3_eeg.set,500.0
29,FT10,15.33016586303711,73.42529296875,-1.4464765787124634,False,False,sub-019,sub-019_ses-01_task-WorkingMemory_run-3_eeg.set,500.0
30,T7,16.17072868347168,76.019287109375,-0.9640663266181946,False,False,sub-019,sub-019_ses-01_task-WorkingMemory_run-3_eeg.set,500.0
31,C5,17.8756103515625,86.8988037109375,0.014388118870556355,False,False,sub-019,sub-019_ses-01_task-WorkingMemory_run-3_eeg.set,500.0
32,C3,16.7706356048584,80.73760986328125,-0.6197717189788818,False,False,sub-019,sub-019_ses-01_task-WorkingMemory_run-3_eeg.set,500.0
33,C1,17.391645431518555,82.5958251953125,-0.26336583495140076,False,False,sub-019,sub-019_ses-01_task-WorkingMemory_run-3_eeg.set,500.0
34,CZ,17.09646224975586,83.91143798828125,-0.43277546763420105,False,False,sub-019,sub-019_ses-01_task-WorkingMemory_run-3_eeg.set,500.0
35,C2,16.216556549072266,81.4056396484375,-0.9377651214599609,False,False,sub-019,sub-019_ses-01_task-WorkingMemory_run-3_eeg.set,500.0
36,C4,18.015933990478516,90.728759765625,0.09492173790931702,False,False,sub-019,sub-019_ses-01_task-WorkingMemory_run-3_eeg.set,500.0
37,C6,16.9901123046875,80.6121826171875,-0.49381107091903687,False,False,sub-019,sub-019_ses-01_task-WorkingMemory_run-3_eeg.set,500.0
38,T8,16.3346004486084,80.4595947265625,-0.8700181841850281,False,False,sub-019,sub-019_ses-01_task-WorkingMemory_run-3_eeg.set,500.0
39,TP9,28.464067459106445,166.78863525390625,6.091245651245117,False,True,sub-019,sub-019_ses-01_task-WorkingMemory_run-3_eeg.set,500.0
40,TP7,34.400421142578125,179.617919921875,9.498198509216309,False,True,sub-019,sub-019_ses-01_task-WorkingMemory_run-3_eeg.set,500.0
41,CP5,49.45913314819336,312.32025146484375,18.140596389770508,False,True,sub-019,sub-019_ses-01_task-WorkingMemory_run-3_eeg.set,500.0
42,CP3,17.638940811157227,89.09942626953125,-0.12143970280885696,False,False,sub-019,sub-019_ses-01_task-WorkingMemory_run-3_eeg.set,500.0
43,CP1,17.71051025390625,82.09564208984375,-0.08036503940820694,False,False,sub-019,sub-019_ses-01_task-WorkingMemory_run-3_eeg.set,500.0
44,CPZ,26.608901977539062,129.9810791015625,5.026541709899902,False,False,sub-019,sub-019_ses-01_task-WorkingMemory_run-3_eeg.set,500.0
45,CP2,14.40794849395752,68.42041015625,-1.9757494926452637,False,False,sub-019,sub-019_ses-01_task-WorkingMemory_run-3_eeg.set,500.0
46,CP4,14.668991088867188,70.6854248046875,-1.8259336948394775,False,False,sub-019,sub-019_ses-01_task-WorkingMemory_run-3_eeg.set,500.0
47,CP6,17.850540161132812,82.489013671875,0.0,False,False,sub-019,sub-019_ses-01_task-WorkingMemory_run-3_eeg.set,500.0
48,TP8,18.27991485595703,86.06292724609375,0.2464238852262497,False,False,sub-019,sub-019_ses-01_task-WorkingMemory_run-3_eeg.set,500.0
49,TP10,31.658655166625977,185.02960205078125,7.924663066864014,False,True,sub-019,sub-019_ses-01_task-WorkingMemory_run-3_eeg.set,500.0
50,P7,24.27930450439453,123.49609375,3.689554214477539,False,False,sub-019,sub-019_ses-01_task-WorkingMemory_run-3_eeg.set,500.0
51,P5,16.93535804748535,84.28955078125,-0.5252352952957153,False,False,sub-019,sub-019_ses-01_task-WorkingMemory_run-3_eeg.set,500.0
52,P3,15.796236038208008,80.4290771484375,-1.178992748260498,False,False,sub-019,sub-019_ses-01_task-WorkingMemory_run-3_eeg.set,500.0
53,P1,54.52775955200195,312.48809814453125,21.049549102783203,False,True,sub-019,sub-019_ses-01_task-WorkingMemory_run-3_eeg.set,500.0
54,PZ,59.41230392456055,405.30548095703125,23.852853775024414,False,True,sub-019,sub-019_ses-01_task-WorkingMemory_run-3_eeg.set,500.0
55,P2,50.14141082763672,333.86566162109375,18.532163619995117,False,True,sub-019,sub-019_ses-01_task-WorkingMemory_run-3_eeg.set,500.0
56,P4,18.949630737304688,92.2393798828125,0.6307828426361084,False,False,sub-019,sub-019_ses-01_task-WorkingMemory_run-3_eeg.set,500.0
57,P6,17.477460861206055,84.564208984375,-0.2141152173280716,False,False,sub-019,sub-019_ses-01_task-WorkingMemory_run-3_eeg.set,500.0
58,P8,20.4379940032959,97.9681396484375,1.4849745035171509,False,False,sub-019,sub-019_ses-01_task-WorkingMemory_run-3_eeg.set,500.0
59,PO9,18.9379940032959,89.0655517578125,0.624104380607605,False,False,sub-019,sub-019_ses-01_task-WorkingMemory_run-3_eeg.set,500.0
60,PO7,16.22122573852539,78.67431640625,-0.9350854158401489,False,False,sub-019,sub-019_ses-01_task-WorkingMemory_run-3_eeg.set,500.0
61,PO3,18.192047119140625,88.134765625,0.19599543511867523,False,False,sub-019,sub-019_ses-01_task-WorkingMemory_run-3_eeg.set,500.0
62,POZ,17.498945236206055,88.09234619140625,-0.20178504288196564,False,False,sub-019,sub-019_ses-01_task-WorkingMemory_run-3_eeg.set,500.0
63,PO4,17.54198455810547,86.334228515625,-0.17708419263362885,False,False,sub-019,sub-019_ses-01_task-WorkingMemory_run-3_eeg.set,500.0
64,PO8,18.87557601928711,97.49176025390625,0.5882818698883057,False,False,sub-019,sub-019_ses-01_task-WorkingMemory_run-3_eeg.set,500.0
65,PO10,50.0870475769043,347.81219482421875,18.500965118408203,False,True,sub-019,sub-019_ses-01_task-WorkingMemory_run-3_eeg.set,500.0
66,O1,18.277503967285156,89.4317626953125,0.24504025280475616,False,False,sub-019,sub-019_ses-01_task-WorkingMemory_run-3_eeg.set,500.0
67,OZ,16.53235626220703,81.97021484375,-0.7565234303474426,False,False,sub-019,sub-019_ses-01_task-WorkingMemory_run-3_eeg.set,500.0
68,O2,17.10526466369629,82.672119140625,-0.42772358655929565,False,False,sub-019,sub-019_ses-01_task-WorkingMemory_run-3_eeg.set,500.0
69,LEYE,18.52754020690918,89.3402099609375,0.3885394036769867,False,False,sub-019,sub-019_ses-01_task-WorkingMemory_run-3_eeg.set,500.0
70,REYE,17.224212646484375,87.677001953125,-0.35945776104927063,False,False,sub-019,sub-019_ses-01_task-WorkingMemory_run-3_eeg.set,500.0
0,FP1,25.588214874267578,143.6309814453125,2.5003631114959717,False,False,sub-020,sub-020_ses-01_task-WorkingMemory_run-1_eeg.set,500.0
1,FPZ,21.540851593017578,141.177978515625,0.8438659906387329,False,False,sub-020,sub-020_ses-01_task-WorkingMemory_run-1_eeg.set,500.0
2,FP2,22.183462142944336,119.2474365234375,1.1068724393844604,False,False,sub-020,sub-020_ses-01_task-WorkingMemory_run-1_eeg.set,500.0
3,AF7,30.71190071105957,166.2445068359375,4.597375392913818,False,False,sub-020,sub-020_ses-01_task-WorkingMemory_run-1_eeg.set,500.0
4,AF3,21.50004768371582,136.844482421875,0.8271658420562744,False,False,sub-020,sub-020_ses-01_task-WorkingMemory_run-1_eeg.set,500.0
5,AFZ,22.931745529174805,125.2362060546875,1.4131284952163696,False,False,sub-020,sub-020_ses-01_task-WorkingMemory_run-1_eeg.set,500.0
6,AF4,22.79690933227539,136.932373046875,1.3579429388046265,False,False,sub-020,sub-020_ses-01_task-WorkingMemory_run-1_eeg.set,500.0
7,AF8,19.000146865844727,108.1390380859375,-0.19598881900310516,False,False,sub-020,sub-020_ses-01_task-WorkingMemory_run-1_eeg.set,500.0
8,F9,20.36701011657715,113.006591796875,0.3634383976459503,False,False,sub-020,sub-020_ses-01_task-WorkingMemory_run-1_eeg.set,500.0
9,F7,17.870586395263672,91.03759765625,-0.6582931876182556,False,False,sub-020,sub-020_ses-01_task-WorkingMemory_run-1_eeg.set,500.0
10,F5,20.371891021728516,102.0355224609375,0.36543601751327515,False,False,sub-020,sub-020_ses-01_task-WorkingMemory_run-1_eeg.set,500.0
11,F3,20.35363006591797,96.7559814453125,0.3579622209072113,False,False,sub-020,sub-020_ses-01_task-WorkingMemory_run-1_eeg.set,500.0
12,F1,19.332500457763672,91.739501953125,-0.05996377766132355,False,False,sub-020,sub-020_ses-01_task-WorkingMemory_run-1_eeg.set,500.0
13,FZ,20.138717651367188,98.2891845703125,0.2700032889842987,False,False,sub-020,sub-020_ses-01_task-WorkingMemory_run-1_eeg.set,500.0
14,F2,22.08071517944336,112.0867919921875,1.064820408821106,False,False,sub-020,sub-020_ses-01_task-WorkingMemory_run-1_eeg.set,500.0
15,F4,20.534955978393555,111.575927734375,0.432174950838089,False,False,sub-020,sub-020_ses-01_task-WorkingMemory_run-1_eeg.set,500.0
16,F6,22.585874557495117,123.50830078125,1.2715710401535034,False,False,sub-020,sub-020_ses-01_task-WorkingMemory_run-1_eeg.set,500.0
17,F8,18.488536834716797,103.031005859375,-0.40537962317466736,False,False,sub-020,sub-020_ses-01_task-WorkingMemory_run-1_eeg.set,500.0
18,F10,20.845985412597656,99.1058349609375,0.5594725012779236,False,False,sub-020,sub-020_ses-01_task-WorkingMemory_run-1_eeg.set,500.0
19,FT9,21.229999542236328,104.739990234375,0.7166410684585571,False,False,sub-020,sub-020_ses-01_task-WorkingMemory_run-1_eeg.set,500.0
20,FT7,23.335548400878906,125.4461669921875,1.5783960819244385,False,False,sub-020,sub-020_ses-01_task-WorkingMemory_run-1_eeg.set,500.0
21,FC5,20.495742797851562,99.0447998046875,0.4161258637905121,False,False,sub-020,sub-020_ses-01_task-WorkingMemory_run-1_eeg.set,500.0
22,FC3,20.366348266601562,98.876953125,0.36316749453544617,False,False,sub-020,sub-020_ses-01_task-WorkingMemory_run-1_eeg.set,500.0
23,FC1,19.618473052978516,92.34619140625,0.05707854777574539,False,False,sub-020,sub-020_ses-01_task-WorkingMemory_run-1_eeg.set,500.0
24,FCZ,18.78256607055664,89.4622802734375,-0.28503987193107605,False,False,sub-020,sub-020_ses-01_task-WorkingMemory_run-1_eeg.set,500.0
25,FC2,18.24456787109375,91.12548828125,-0.5052307844161987,False,False,sub-020,sub-020_ses-01_task-WorkingMemory_run-1_eeg.set,500.0
26,FC4,17.83098793029785,88.3367919921875,-0.6744999885559082,False,False,sub-020,sub-020_ses-01_task-WorkingMemory_run-1_eeg.set,500.0
27,FC6,20.442907333374023,97.564697265625,0.3945014476776123,False,False,sub-020,sub-020_ses-01_task-WorkingMemory_run-1_eeg.set,500.0
28,FT8,18.197437286376953,89.298095703125,-0.5245202779769897,False,False,sub-020,sub-020_ses-01_task-WorkingMemory_run-1_eeg.set,500.0
29,FT10,19.47901153564453,90.9271240234375,0.0,False,False,sub-020,sub-020_ses-01_task-WorkingMemory_run-1_eeg.set,500.0
30,T7,18.302406311035156,85.5596923828125,-0.48155876994132996,False,False,sub-020,sub-020_ses-01_task-WorkingMemory_run-1_eeg.set,500.0
31,C5,17.03666877746582,81.9281005859375,-0.999597430229187,False,False,sub-020,sub-020_ses-01_task-WorkingMemory_run-1_eeg.set,500.0
32,C3,18.30220603942871,84.4305419921875,-0.4816407263278961,False,False,sub-020,sub-020_ses-01_task-WorkingMemory_run-1_eeg.set,500.0
33,C1,15.853999137878418,73.978271484375,-1.4836381673812866,False,False,sub-020,sub-020_ses-01_task-WorkingMemory_run-1_eeg.set,500.0
34,CZ,19.116870880126953,89.3475341796875,-0.14821624755859375,False,False,sub-020,sub-020_ses-01_task-WorkingMemory_run-1_eeg.set,500.0
35,C2,27.70647621154785,144.256591796875,3.367321014404297,False,False,sub-020,sub-020_ses-01_task-WorkingMemory_run-1_eeg.set,500.0
36,C4,15.443269729614258,71.1517333984375,-1.6517407894134521,False,False,sub-020,sub-020_ses-01_task-WorkingMemory_run-1_eeg.set,500.0
37,C6,17.851898193359375,81.817626953125,-0.6659418940544128,False,False,sub-020,sub-020_ses-01_task-WorkingMemory_run-1_eeg.set,500.0
38,T8,17.635581970214844,82.916259765625,-0.7544753551483154,False,False,sub-020,sub-020_ses-01_task-WorkingMemory_run-1_eeg.set,500.0
39,TP9,16.373558044433594,76.446533203125,-1.2709941864013672,False,False,sub-020,sub-020_ses-01_task-WorkingMemory_run-1_eeg.set,500.0
40,TP7,20.083555221557617,92.8497314453125,0.24742649495601654,False,False,sub-020,sub-020_ses-01_task-WorkingMemory_run-1_eeg.set,500.0
41,CP5,19.34346580505371,86.5325927734375,-0.05547589808702469,False,False,sub-020,sub-020_ses-01_task-WorkingMemory_run-1_eeg.set,500.0
42,CP3,16.02210807800293,73.5015869140625,-1.4148348569869995,False,False,sub-020,sub-020_ses-01_task-WorkingMemory_run-1_eeg.set,500.0
43,CP1,16.969411849975586,78.3270263671875,-1.0271241664886475,False,False,sub-020,sub-020_ses-01_task-WorkingMemory_run-1_eeg.set,500.0
44,CPZ,17.54619789123535,84.903564453125,-0.791058361530304,False,False,sub-020,sub-020_ses-01_task-WorkingMemory_run-1_eeg.set,500.0
45,CP2,16.807405471801758,78.2928466796875,-1.0934299230575562,False,False,sub-020,sub-020_ses-01_task-WorkingMemory_run-1_eeg.set,500.0
46,CP4,18.457530975341797,83.5113525390625,-0.41806963086128235,False,False,sub-020,sub-020_ses-01_task-WorkingMemory_run-1_eeg.set,500.0
47,CP6,18.071491241455078,81.0430908203125,-0.5760672688484192,False,False,sub-020,sub-020_ses-01_task-WorkingMemory_run-1_eeg.set,500.0
48,TP8,17.359207153320312,78.5369873046875,-0.86758953332901,False,False,sub-020,sub-020_ses-01_task-WorkingMemory_run-1_eeg.set,500.0
49,TP10,19.132753372192383,87.0513916015625,-0.1417158842086792,False,False,sub-020,sub-020_ses-01_task-WorkingMemory_run-1_eeg.set,500.0
50,P7,18.410717010498047,84.1217041015625,-0.43722957372665405,False,False,sub-020,sub-020_ses-01_task-WorkingMemory_run-1_eeg.set,500.0
51,P5,19.304899215698242,88.043212890625,-0.07126036286354065,False,False,sub-020,sub-020_ses-01_task-WorkingMemory_run-1_eeg.set,500.0
52,P3,24.942594528198242,128.692626953125,2.2361249923706055,False,False,sub-020,sub-020_ses-01_task-WorkingMemory_run-1_eeg.set,500.0
53,P1,22.682064056396484,163.6236572265625,1.3109391927719116,False,False,sub-020,sub-020_ses-01_task-WorkingMemory_run-1_eeg.set,500.0
54,PZ,20.599794387817383,128.0517578125,0.4587118923664093,False,False,sub-020,sub-020_ses-01_task-WorkingMemory_run-1_eeg.set,500.0
55,P2,24.289928436279297,137.3748779296875,1.9690029621124268,False,False,sub-020,sub-020_ses-01_task-WorkingMemory_run-1_eeg.set,500.0
56,P4,17.309537887573242,85.4644775390625,-0.8879181146621704,False,False,sub-020,sub-020_ses-01_task-WorkingMemory_run-1_eeg.set,500.0
57,P6,21.840795516967773,101.409912109375,0.9666265249252319,False,False,sub-020,sub-020_ses-01_task-WorkingMemory_run-1_eeg.set,500.0
58,P8,28.004968643188477,158.8934326171875,3.489487648010254,False,False,sub-020,sub-020_ses-01_task-WorkingMemory_run-1_eeg.set,500.0
59,PO9,19.619508743286133,95.977783203125,0.05750243365764618,False,False,sub-020,sub-020_ses-01_task-WorkingMemory_run-1_eeg.set,500.0
60,PO7,17.523963928222656,81.5277099609375,-0.8001582026481628,False,False,sub-020,sub-020_ses-01_task-WorkingMemory_run-1_eeg.set,500.0
61,PO3,17.97746467590332,81.9091796875,-0.6145502328872681,False,False,sub-020,sub-020_ses-01_task-WorkingMemory_run-1_eeg.set,500.0
62,POZ,17.27318572998047,78.125,-0.90279620885849,False,False,sub-020,sub-020_ses-01_task-WorkingMemory_run-1_eeg.set,500.0
63,PO4,19.732561111450195,91.033935546875,0.10377229005098343,False,False,sub-020,sub-020_ses-01_task-WorkingMemory_run-1_eeg.set,500.0
64,PO8,19.10279655456543,86.73095703125,-0.15397655963897705,False,False,sub-020,sub-020_ses-01_task-WorkingMemory_run-1_eeg.set,500.0
65,PO10,17.194599151611328,80.0665283203125,-0.9349599480628967,False,False,sub-020,sub-020_ses-01_task-WorkingMemory_run-1_eeg.set,500.0
66,O1,26.77578353881836,142.8717041015625,2.9864091873168945,False,False,sub-020,sub-020_ses-01_task-WorkingMemory_run-1_eeg.set,500.0
67,OZ,28.13187026977539,160.224609375,3.5414257049560547,False,False,sub-020,sub-020_ses-01_task-WorkingMemory_run-1_eeg.set,500.0
68,O2,19.20517349243164,85.8306884765625,-0.11207591742277145,False,False,sub-020,sub-020_ses-01_task-WorkingMemory_run-1_eeg.set,500.0
69,LEYE,33.909149169921875,200.0537109375,5.90593957901001,False,False,sub-020,sub-020_ses-01_task-WorkingMemory_run-1_eeg.set,500.0
70,REYE,21.978404998779297,111.78955078125,1.022947072982788,False,False,sub-020,sub-020_ses-01_task-WorkingMemory_run-1_eeg.set,500.0
0,FP1,27.227825164794922,161.36474609375,1.894840955734253,False,False,sub-020,sub-020_ses-01_task-WorkingMemory_run-2_eeg.set,500.0
1,FPZ,16.591957092285156,76.0040283203125,-1.0169471502304077,False,False,sub-020,sub-020_ses-01_task-WorkingMemory_run-2_eeg.set,500.0
2,FP2,19.71282196044922,92.5140380859375,-0.1625460833311081,False,False,sub-020,sub-020_ses-01_task-WorkingMemory_run-2_eeg.set,500.0
3,AF7,17.985511779785156,83.6181640625,-0.6354328989982605,False,False,sub-020,sub-020_ses-01_task-WorkingMemory_run-2_eeg.set,500.0
4,AF3,19.024721145629883,85.540771484375,-0.35092785954475403,False,False,sub-020,sub-020_ses-01_task-WorkingMemory_run-2_eeg.set,500.0
5,AFZ,20.58978843688965,100.360107421875,0.07754157483577728,False,False,sub-020,sub-020_ses-01_task-WorkingMemory_run-2_eeg.set,500.0
6,AF4,16.02599334716797,73.7152099609375,-1.171891450881958,False,False,sub-020,sub-020_ses-01_task-WorkingMemory_run-2_eeg.set,500.0
7,AF8,20.264930725097656,97.0489501953125,-0.011394924484193325,False,False,sub-020,sub-020_ses-01_task-WorkingMemory_run-2_eeg.set,500.0
8,F9,17.20806121826172,78.582763671875,-0.8482760190963745,False,False,sub-020,sub-020_ses-01_task-WorkingMemory_run-2_eeg.set,500.0
9,F7,17.786937713623047,83.0413818359375,-0.6897966265678406,False,False,sub-020,sub-020_ses-01_task-WorkingMemory_run-2_eeg.set,500.0
10,F5,21.922441482543945,105.3009033203125,0.4423828125,False,False,sub-020,sub-020_ses-01_task-WorkingMemory_run-2_eeg.set,500.0
11,F3,17.36195945739746,82.110595703125,-0.8061431646347046,False,False,sub-020,sub-020_ses-01_task-WorkingMemory_run-2_eeg.set,500.0
12,F1,18.742013931274414,85.7086181640625,-0.428324818611145,False,False,sub-020,sub-020_ses-01_task-WorkingMemory_run-2_eeg.set,500.0
13,FZ,25.16577911376953,120.806884765625,1.3303134441375732,False,False,sub-020,sub-020_ses-01_task-WorkingMemory_run-2_eeg.set,500.0
14,F2,20.44675064086914,101.37939453125,0.03838202357292175,False,False,sub-020,sub-020_ses-01_task-WorkingMemory_run-2_eeg.set,500.0
15,F4,17.771509170532227,80.7647705078125,-0.6940204501152039,False,False,sub-020,sub-020_ses-01_task-WorkingMemory_run-2_eeg.set,500.0
16,F6,20.30655288696289,97.4273681640625,0.0,False,False,sub-020,sub-020_ses-01_task-WorkingMemory_run-2_eeg.set,500.0
17,F8,19.123376846313477,87.310791015625,-0.3239188492298126,False,False,sub-020,sub-020_ses-01_task-WorkingMemory_run-2_eeg.set,500.0
18,F10,23.671566009521484,113.238525390625,0.9212417006492615,False,False,sub-020,sub-020_ses-01_task-WorkingMemory_run-2_eeg.set,500.0
19,FT9,19.605602264404297,96.86279296875,-0.19189968705177307,False,False,sub-020,sub-020_ses-01_task-WorkingMemory_run-2_eeg.set,500.0
20,FT7,19.934534072875977,92.620849609375,-0.1018478199839592,False,False,sub-020,sub-020_ses-01_task-WorkingMemory_run-2_eeg.set,500.0
21,FC5,26.92673683166504,140.4052734375,1.8124117851257324,False,False,sub-020,sub-020_ses-01_task-WorkingMemory_run-2_eeg.set,500.0
22,FC3,24.48200225830078,131.5338134765625,1.1431152820587158,False,False,sub-020,sub-020_ses-01_task-WorkingMemory_run-2_eeg.set,500.0
23,FC1,19.977277755737305,90.2130126953125,-0.09014585614204407,False,False,sub-020,sub-020_ses-01_task-WorkingMemory_run-2_eeg.set,500.0
24,FCZ,21.40961265563965,102.8289794921875,0.30198535323143005,False,False,sub-020,sub-020_ses-01_task-WorkingMemory_run-2_eeg.set,500.0
25,FC2,18.19717788696289,84.3994140625,-0.5774849057197571,False,False,sub-020,sub-020_ses-01_task-WorkingMemory_run-2_eeg.set,500.0
26,FC4,23.096921920776367,113.0828857421875,0.7639210820198059,False,False,sub-020,sub-020_ses-01_task-WorkingMemory_run-2_eeg.set,500.0
27,FC6,26.555376052856445,142.0654296875,1.7107442617416382,False,False,sub-020,sub-020_ses-01_task-WorkingMemory_run-2_eeg.set,500.0
28,FT8,19.109756469726562,86.65771484375,-0.32764771580696106,False,False,sub-020,sub-020_ses-01_task-WorkingMemory_run-2_eeg.set,500.0
29,FT10,20.889558792114258,98.4832763671875,0.15960988402366638,False,False,sub-020,sub-020_ses-01_task-WorkingMemory_run-2_eeg.set,500.0
30,T7,21.921899795532227,105.0567626953125,0.44223451614379883,False,False,sub-020,sub-020_ses-01_task-WorkingMemory_run-2_eeg.set,500.0
31,C5,21.102685928344727,100.0213623046875,0.21795783936977386,False,False,sub-020,sub-020_ses-01_task-WorkingMemory_run-2_eeg.set,500.0
32,C3,37.202701568603516,234.7930908203125,4.625669002532959,False,False,sub-020,sub-020_ses-01_task-WorkingMemory_run-2_eeg.set,500.0
33,C1,18.664491653442383,83.0841064453125,-0.4495481252670288,False,False,sub-020,sub-020_ses-01_task-WorkingMemory_run-2_eeg.set,500.0
34,CZ,21.064542770385742,102.496337890625,0.20751535892486572,False,False,sub-020,sub-020_ses-01_task-WorkingMemory_run-2_eeg.set,500.0
35,C2,36.01572799682617,215.3106689453125,4.300710678100586,False,False,sub-020,sub-020_ses-01_task-WorkingMemory_run-2_eeg.set,500.0
36,C4,17.746917724609375,84.65576171875,-0.7007529139518738,False,False,sub-020,sub-020_ses-01_task-WorkingMemory_run-2_eeg.set,500.0
37,C6,19.92699432373047,92.0867919921875,-0.10391198843717575,False,False,sub-020,sub-020_ses-01_task-WorkingMemory_run-2_eeg.set,500.0
38,T8,26.346107482910156,140.093994140625,1.6534526348114014,False,False,sub-020,sub-020_ses-01_task-WorkingMemory_run-2_eeg.set,500.0
39,TP9,20.368572235107422,93.658447265625,0.016979074105620384,False,False,sub-020,sub-020_ses-01_task-WorkingMemory_run-2_eeg.set,500.0
40,TP7,18.02082633972168,81.97021484375,-0.625764787197113,False,False,sub-020,sub-020_ses-01_task-WorkingMemory_run-2_eeg.set,500.0
41,CP5,23.43360710144043,114.7796630859375,0.8560956120491028,False,False,sub-020,sub-020_ses-01_task-WorkingMemory_run-2_eeg.set,500.0
42,CP3,18.83010482788086,86.3372802734375,-0.40420812368392944,False,False,sub-020,sub-020_ses-01_task-WorkingMemory_run-2_eeg.set,500.0
43,CP1,20.713346481323242,97.137451171875,0.11136812716722488,False,False,sub-020,sub-020_ses-01_task-WorkingMemory_run-2_eeg.set,500.0
44,CPZ,35.160648345947266,207.9376220703125,4.066614627838135,False,False,sub-020,sub-020_ses-01_task-WorkingMemory_run-2_eeg.set,500.0
45,CP2,20.0439395904541,94.635009765625,-0.07189580798149109,False,False,sub-020,sub-020_ses-01_task-WorkingMemory_run-2_eeg.set,500.0
46,CP4,24.39022445678711,119.488525390625,1.1179893016815186,False,False,sub-020,sub-020_ses-01_task-WorkingMemory_run-2_eeg.set,500.0
47,CP6,46.857269287109375,323.47412109375,7.268806457519531,False,True,sub-020,sub-020_ses-01_task-WorkingMemory_run-2_eeg.set,500.0
48,TP8,19.88856315612793,93.798828125,-0.11443331092596054,False,False,sub-020,sub-020_ses-01_task-WorkingMemory_run-2_eeg.set,500.0
49,TP10,25.708559036254883,132.666015625,1.4789105653762817,False,False,sub-020,sub-020_ses-01_task-WorkingMemory_run-2_eeg.set,500.0
50,P7,16.331462860107422,76.77001953125,-1.0882627964019775,False,False,sub-020,sub-020_ses-01_task-WorkingMemory_run-2_eeg.set,500.0
51,P5,17.714208602905273,81.4666748046875,-0.7097077369689941,False,False,sub-020,sub-020_ses-01_task-WorkingMemory_run-2_eeg.set,500.0
52,P3,45.390281677246094,284.9884033203125,6.8671875,False,True,sub-020,sub-020_ses-01_task-WorkingMemory_run-2_eeg.set,500.0
53,P1,18.946029663085938,90.167236328125,-0.37247127294540405,False,False,sub-020,sub-020_ses-01_task-WorkingMemory_run-2_eeg.set,500.0
54,PZ,22.48155975341797,109.161376953125,0.5954529643058777,False,False,sub-020,sub-020_ses-01_task-WorkingMemory_run-2_eeg.set,500.0
55,P2,38.42583465576172,234.19189453125,4.960526943206787,False,False,sub-020,sub-020_ses-01_task-WorkingMemory_run-2_eeg.set,500.0
56,P4,41.62277603149414,269.0887451171875,5.835755825042725,False,False,sub-020,sub-020_ses-01_task-WorkingMemory_run-2_eeg.set,500.0
57,P6,17.61085319519043,79.9163818359375,-0.7380033731460571,False,False,sub-020,sub-020_ses-01_task-WorkingMemory_run-2_eeg.set,500.0
58,P8,24.299423217773438,111.8072509765625,1.0931305885314941,False,False,sub-020,sub-020_ses-01_task-WorkingMemory_run-2_eeg.set,500.0
59,PO9,26.856416702270508,143.5150146484375,1.7931602001190186,False,False,sub-020,sub-020_ses-01_task-WorkingMemory_run-2_eeg.set,500.0
60,PO7,17.842811584472656,83.2366943359375,-0.6744999885559082,False,False,sub-020,sub-020_ses-01_task-WorkingMemory_run-2_eeg.set,500.0
61,PO3,30.946447372436523,168.07861328125,2.9128904342651367,False,False,sub-020,sub-020_ses-01_task-WorkingMemory_run-2_eeg.set,500.0
62,POZ,23.984222412109375,124.13330078125,1.0068378448486328,False,False,sub-020,sub-020_ses-01_task-WorkingMemory_run-2_eeg.set,500.0
63,PO4,18.865917205810547,91.815185546875,-0.39440372586250305,False,False,sub-020,sub-020_ses-01_task-WorkingMemory_run-2_eeg.set,500.0
64,PO8,20.11629295349121,90.9881591796875,-0.05208757892251015,False,False,sub-020,sub-020_ses-01_task-WorkingMemory_run-2_eeg.set,500.0
65,PO10,20.023456573486328,103.8818359375,-0.07750345021486282,False,False,sub-020,sub-020_ses-01_task-WorkingMemory_run-2_eeg.set,500.0
66,O1,18.765207290649414,86.6851806640625,-0.42197513580322266,False,False,sub-020,sub-020_ses-01_task-WorkingMemory_run-2_eeg.set,500.0
67,OZ,30.267637252807617,161.761474609375,2.7270522117614746,False,False,sub-020,sub-020_ses-01_task-WorkingMemory_run-2_eeg.set,500.0
68,O2,17.018949508666992,78.6895751953125,-0.9000492691993713,False,False,sub-020,sub-020_ses-01_task-WorkingMemory_run-2_eeg.set,500.0
69,LEYE,17.971267700195312,82.1868896484375,-0.6393324732780457,False,False,sub-020,sub-020_ses-01_task-WorkingMemory_run-2_eeg.set,500.0
70,REYE,28.399690628051758,167.7581787109375,2.215663433074951,False,False,sub-020,sub-020_ses-01_task-WorkingMemory_run-2_eeg.set,500.0
0,FP1,17.105667114257812,81.83197021484375,-0.5750080347061157,False,False,sub-020,sub-020_ses-01_task-WorkingMemory_run-3_eeg.set,500.0
1,FPZ,16.865612030029297,82.3822021484375,-0.6744999289512634,False,False,sub-020,sub-020_ses-01_task-WorkingMemory_run-3_eeg.set,500.0
2,FP2,18.451114654541016,94.7418212890625,-0.017380936071276665,False,False,sub-020,sub-020_ses-01_task-WorkingMemory_run-3_eeg.set,500.0
3,AF7,17.809995651245117,84.99053955078125,-0.28309574723243713,False,False,sub-020,sub-020_ses-01_task-WorkingMemory_run-3_eeg.set,500.0
4,AF3,16.3245906829834,77.19329833984375,-0.8987288475036621,False,False,sub-020,sub-020_ses-01_task-WorkingMemory_run-3_eeg.set,500.0
5,AFZ,18.482173919677734,86.7919921875,-0.004508276470005512,False,False,sub-020,sub-020_ses-01_task-WorkingMemory_run-3_eeg.set,500.0
6,AF4,16.597610473632812,78.00201416015625,-0.7855744957923889,False,False,sub-020,sub-020_ses-01_task-WorkingMemory_run-3_eeg.set,500.0
7,AF8,15.619871139526367,73.5321044921875,-1.1908031702041626,False,False,sub-020,sub-020_ses-01_task-WorkingMemory_run-3_eeg.set,500.0
8,F9,17.288524627685547,80.70281982421875,-0.4992218613624573,False,False,sub-020,sub-020_ses-01_task-WorkingMemory_run-3_eeg.set,500.0
9,F7,16.274494171142578,75.5157470703125,-0.9194915890693665,False,False,sub-020,sub-020_ses-01_task-WorkingMemory_run-3_eeg.set,500.0
10,F5,17.525938034057617,80.1849365234375,-0.40082475543022156,False,False,sub-020,sub-020_ses-01_task-WorkingMemory_run-3_eeg.set,500.0
11,F3,15.85300064086914,73.8067626953125,-1.0941815376281738,False,False,sub-020,sub-020_ses-01_task-WorkingMemory_run-3_eeg.set,500.0
12,F1,17.113157272338867,80.9173583984375,-0.5719037055969238,False,False,sub-020,sub-020_ses-01_task-WorkingMemory_run-3_eeg.set,500.0
13,FZ,17.609106063842773,85.46356201171875,-0.36635538935661316,False,False,sub-020,sub-020_ses-01_task-WorkingMemory_run-3_eeg.set,500.0
14,F2,17.272872924804688,79.52789306640625,-0.5057087540626526,False,False,sub-020,sub-020_ses-01_task-WorkingMemory_run-3_eeg.set,500.0
15,F4,16.90793228149414,78.4454345703125,-0.6569601893424988,False,False,sub-020,sub-020_ses-01_task-WorkingMemory_run-3_eeg.set,500.0
16,F6,17.923357009887695,82.09228515625,-0.2361125946044922,False,False,sub-020,sub-020_ses-01_task-WorkingMemory_run-3_eeg.set,500.0
17,F8,15.10069465637207,69.7174072265625,-1.4059783220291138,False,False,sub-020,sub-020_ses-01_task-WorkingMemory_run-3_eeg.set,500.0
18,F10,15.716151237487793,74.0509033203125,-1.1508994102478027,False,False,sub-020,sub-020_ses-01_task-WorkingMemory_run-3_eeg.set,500.0
19,FT9,22.535505294799805,108.39569091796875,1.6754140853881836,False,False,sub-020,sub-020_ses-01_task-WorkingMemory_run-3_eeg.set,500.0
20,FT7,16.52143669128418,76.568603515625,-0.817145049571991,False,False,sub-020,sub-020_ses-01_task-WorkingMemory_run-3_eeg.set,500.0
21,FC5,18.493051528930664,84.30389404296875,0.0,False,False,sub-020,sub-020_ses-01_task-WorkingMemory_run-3_eeg.set,500.0
22,FC3,15.975964546203613,75.1629638671875,-1.0432186126708984,False,False,sub-020,sub-020_ses-01_task-WorkingMemory_run-3_eeg.set,500.0
23,FC1,17.119762420654297,80.74951171875,-0.5691661238670349,False,False,sub-020,sub-020_ses-01_task-WorkingMemory_run-3_eeg.set,500.0
24,FCZ,38.51129150390625,246.748046875,8.296653747558594,False,True,sub-020,sub-020_ses-01_task-WorkingMemory_run-3_eeg.set,500.0
25,FC2,18.309297561645508,84.3048095703125,-0.07615769654512405,False,False,sub-020,sub-020_ses-01_task-WorkingMemory_run-3_eeg.set,500.0
26,FC4,19.271896362304688,87.005615234375,0.32279592752456665,False,False,sub-020,sub-020_ses-01_task-WorkingMemory_run-3_eeg.set,500.0
27,FC6,31.851146697998047,186.8896484375,5.536325931549072,False,False,sub-020,sub-020_ses-01_task-WorkingMemory_run-3_eeg.set,500.0
28,FT8,18.189847946166992,83.83087158203125,-0.12566415965557098,False,False,sub-020,sub-020_ses-01_task-WorkingMemory_run-3_eeg.set,500.0
29,FT10,19.645517349243164,91.4306640625,0.4776449203491211,False,False,sub-020,sub-020_ses-01_task-WorkingMemory_run-3_eeg.set,500.0
30,T7,18.739757537841797,89.41650390625,0.10224847495555878,False,False,sub-020,sub-020_ses-01_task-WorkingMemory_run-3_eeg.set,500.0
31,C5,17.121660232543945,79.28466796875,-0.5683795809745789,False,False,sub-020,sub-020_ses-01_task-WorkingMemory_run-3_eeg.set,500.0
32,C3,19.147226333618164,89.66064453125,0.271125853061676,False,False,sub-020,sub-020_ses-01_task-WorkingMemory_run-3_eeg.set,500.0
33,C1,16.26540756225586,77.2552490234375,-0.92325758934021,False,False,sub-020,sub-020_ses-01_task-WorkingMemory_run-3_eeg.set,500.0
34,CZ,18.318485260009766,84.8541259765625,-0.07234981656074524,False,False,sub-020,sub-020_ses-01_task-WorkingMemory_run-3_eeg.set,500.0
35,C2,20.83549690246582,96.70928955078125,0.9708375930786133,False,False,sub-020,sub-020_ses-01_task-WorkingMemory_run-3_eeg.set,500.0
36,C4,16.843881607055664,80.67230224609375,-0.6835063099861145,False,False,sub-020,sub-020_ses-01_task-WorkingMemory_run-3_eeg.set,500.0
37,C6,16.906213760375977,79.60418701171875,-0.6576724052429199,False,False,sub-020,sub-020_ses-01_task-WorkingMemory_run-3_eeg.set,500.0
38,T8,20.446413040161133,97.8240966796875,0.8095799088478088,False,False,sub-020,sub-020_ses-01_task-WorkingMemory_run-3_eeg.set,500.0
39,TP9,22.890663146972656,114.715576171875,1.822610855102539,False,False,sub-020,sub-020_ses-01_task-WorkingMemory_run-3_eeg.set,500.0
40,TP7,16.989484786987305,78.2928466796875,-0.6231603622436523,False,False,sub-020,sub-020_ses-01_task-WorkingMemory_run-3_eeg.set,500.0
41,CP5,39.561676025390625,233.93157958984375,8.731990814208984,False,True,sub-020,sub-020_ses-01_task-WorkingMemory_run-3_eeg.set,500.0
42,CP3,19.413955688476562,88.775634765625,0.38167306780815125,False,False,sub-020,sub-020_ses-01_task-WorkingMemory_run-3_eeg.set,500.0
43,CP1,19.025400161743164,86.7462158203125,0.22063440084457397,False,False,sub-020,sub-020_ses-01_task-WorkingMemory_run-3_eeg.set,500.0
44,CPZ,19.174915313720703,88.714599609375,0.2826016843318939,False,False,sub-020,sub-020_ses-01_task-WorkingMemory_run-3_eeg.set,500.0
45,CP2,16.82033920288086,79.437255859375,-0.6932634711265564,False,False,sub-020,sub-020_ses-01_task-WorkingMemory_run-3_eeg.set,500.0
46,CP4,20.72909927368164,98.57177734375,0.9267405867576599,False,False,sub-020,sub-020_ses-01_task-WorkingMemory_run-3_eeg.set,500.0
47,CP6,24.824560165405273,121.13861083984375,2.6241238117218018,False,False,sub-020,sub-020_ses-01_task-WorkingMemory_run-3_eeg.set,500.0
48,TP8,17.358749389648438,82.39654541015625,-0.47011688351631165,False,False,sub-020,sub-020_ses-01_task-WorkingMemory_run-3_eeg.set,500.0
49,TP10,20.387653350830078,96.527099609375,0.7852267026901245,False,False,sub-020,sub-020_ses-01_task-WorkingMemory_run-3_eeg.set,500.0
50,P7,17.824169158935547,85.44921875,-0.2772214412689209,False,False,sub-020,sub-020_ses-01_task-WorkingMemory_run-3_eeg.set,500.0
51,P5,21.800262451171875,125.71624755859375,1.3706892728805542,False,False,sub-020,sub-020_ses-01_task-WorkingMemory_run-3_eeg.set,500.0
52,P3,33.272525787353516,191.986083984375,6.125422477722168,False,True,sub-020,sub-020_ses-01_task-WorkingMemory_run-3_eeg.set,500.0
53,P1,22.79336166381836,110.5633544921875,1.782283902168274,False,False,sub-020,sub-020_ses-01_task-WorkingMemory_run-3_eeg.set,500.0
54,PZ,18.52008819580078,84.82269287109375,0.01120547391474247,False,False,sub-020,sub-020_ses-01_task-WorkingMemory_run-3_eeg.set,500.0
55,P2,26.621597290039062,149.9615478515625,3.3689143657684326,False,False,sub-020,sub-020_ses-01_task-WorkingMemory_run-3_eeg.set,500.0
56,P4,19.354188919067383,94.20684814453125,0.35690245032310486,False,False,sub-020,sub-020_ses-01_task-WorkingMemory_run-3_eeg.set,500.0
57,P6,17.98004913330078,84.4268798828125,-0.21261626482009888,False,False,sub-020,sub-020_ses-01_task-WorkingMemory_run-3_eeg.set,500.0
58,P8,24.51372718811035,123.0621337890625,2.495297431945801,False,False,sub-020,sub-020_ses-01_task-WorkingMemory_run-3_eeg.set,500.0
59,PO9,25.169809341430664,147.003173828125,2.767214059829712,False,False,sub-020,sub-020_ses-01_task-WorkingMemory_run-3_eeg.set,500.0
60,PO7,18.452131271362305,83.2977294921875,-0.016959594562649727,False,False,sub-020,sub-020_ses-01_task-WorkingMemory_run-3_eeg.set,500.0
61,PO3,23.216541290283203,122.510986328125,1.9576725959777832,False,False,sub-020,sub-020_ses-01_task-WorkingMemory_run-3_eeg.set,500.0
62,POZ,19.24199867248535,90.0726318359375,0.3104046881198883,False,False,sub-020,sub-020_ses-01_task-WorkingMemory_run-3_eeg.set,500.0
63,PO4,21.199106216430664,99.609375,1.1215370893478394,False,False,sub-020,sub-020_ses-01_task-WorkingMemory_run-3_eeg.set,500.0
64,PO8,45.71437454223633,274.07745361328125,11.28200626373291,False,True,sub-020,sub-020_ses-01_task-WorkingMemory_run-3_eeg.set,500.0
65,PO10,21.141952514648438,100.38665771484375,1.0978494882583618,False,False,sub-020,sub-020_ses-01_task-WorkingMemory_run-3_eeg.set,500.0
66,O1,19.861343383789062,91.3067626953125,0.5670950412750244,False,False,sub-020,sub-020_ses-01_task-WorkingMemory_run-3_eeg.set,500.0
67,OZ,27.025121688842773,148.65020751953125,3.5361568927764893,False,False,sub-020,sub-020_ses-01_task-WorkingMemory_run-3_eeg.set,500.0
68,O2,19.89268684387207,92.6361083984375,0.5800854563713074,False,False,sub-020,sub-020_ses-01_task-WorkingMemory_run-3_eeg.set,500.0
69,LEYE,26.362321853637695,144.53033447265625,3.261456251144409,False,False,sub-020,sub-020_ses-01_task-WorkingMemory_run-3_eeg.set,500.0
70,REYE,29.257808685302734,161.2225341796875,4.4615044593811035,False,False,sub-020,sub-020_ses-01_task-WorkingMemory_run-3_eeg.set,500.0
0,FP1,16.35407066345215,84.85107421875,-0.9392017126083374,False,False,sub-021,sub-021_ses-01_task-WorkingMemory_run-1_eeg.set,500.0
1,FPZ,16.976028442382812,86.285400390625,-0.8604435324668884,False,False,sub-021,sub-021_ses-01_task-WorkingMemory_run-1_eeg.set,500.0
2,FP2,17.553659439086914,87.3870849609375,-0.7872983813285828,False,False,sub-021,sub-021_ses-01_task-WorkingMemory_run-1_eeg.set,500.0
3,AF7,15.329577445983887,75.1495361328125,-1.0689327716827393,False,False,sub-021,sub-021_ses-01_task-WorkingMemory_run-1_eeg.set,500.0
4,AF3,18.894317626953125,102.593994140625,-0.6175315976142883,False,False,sub-021,sub-021_ses-01_task-WorkingMemory_run-1_eeg.set,500.0
5,AFZ,26.924535751342773,163.568115234375,0.3993305265903473,False,False,sub-021,sub-021_ses-01_task-WorkingMemory_run-1_eeg.set,500.0
6,AF4,26.173181533813477,136.5814208984375,0.30418694019317627,False,False,sub-021,sub-021_ses-01_task-WorkingMemory_run-1_eeg.set,500.0
7,AF8,32.28581619262695,194.8822021484375,1.0782265663146973,False,False,sub-021,sub-021_ses-01_task-WorkingMemory_run-1_eeg.set,500.0
8,F9,19.402441024780273,102.0172119140625,-0.5531882047653198,False,False,sub-021,sub-021_ses-01_task-WorkingMemory_run-1_eeg.set,500.0
9,F7,16.011999130249023,78.8421630859375,-0.9825180768966675,False,False,sub-021,sub-021_ses-01_task-WorkingMemory_run-1_eeg.set,500.0
10,F5,75.65752410888672,400.2166748046875,6.570362091064453,False,True,sub-021,sub-021_ses-01_task-WorkingMemory_run-1_eeg.set,500.0
11,F3,19.338855743408203,90.2374267578125,-0.561240017414093,False,False,sub-021,sub-021_ses-01_task-WorkingMemory_run-1_eeg.set,500.0
12,F1,25.884031295776367,145.5841064453125,0.2675720155239105,False,False,sub-021,sub-021_ses-01_task-WorkingMemory_run-1_eeg.set,500.0
13,FZ,33.98635482788086,202.86865234375,1.293564796447754,False,False,sub-021,sub-021_ses-01_task-WorkingMemory_run-1_eeg.set,500.0
14,F2,17.900419235229492,93.0633544921875,-0.7433884143829346,False,False,sub-021,sub-021_ses-01_task-WorkingMemory_run-1_eeg.set,500.0
15,F4,23.10020637512207,136.334228515625,-0.08494221419095993,False,False,sub-021,sub-021_ses-01_task-WorkingMemory_run-1_eeg.set,500.0
16,F6,42.618587493896484,245.0592041015625,2.386659860610962,False,False,sub-021,sub-021_ses-01_task-WorkingMemory_run-1_eeg.set,500.0
17,F8,19.875709533691406,133.1756591796875,-0.4932584762573242,False,False,sub-021,sub-021_ses-01_task-WorkingMemory_run-1_eeg.set,500.0
18,F10,21.697999954223633,139.3829345703125,-0.26250284910202026,False,False,sub-021,sub-021_ses-01_task-WorkingMemory_run-1_eeg.set,500.0
19,FT9,27.721542358398438,152.3223876953125,0.5002550482749939,False,False,sub-021,sub-021_ses-01_task-WorkingMemory_run-1_eeg.set,500.0
20,FT7,18.444435119628906,96.56982421875,-0.6744999885559082,False,False,sub-021,sub-021_ses-01_task-WorkingMemory_run-1_eeg.set,500.0
21,FC5,26.003009796142578,146.649169921875,0.28263819217681885,False,False,sub-021,sub-021_ses-01_task-WorkingMemory_run-1_eeg.set,500.0
22,FC3,18.853551864624023,96.25244140625,-0.6226937770843506,False,False,sub-021,sub-021_ses-01_task-WorkingMemory_run-1_eeg.set,500.0
23,FC1,18.165346145629883,96.783447265625,-0.7098408937454224,False,False,sub-021,sub-021_ses-01_task-WorkingMemory_run-1_eeg.set,500.0
24,FCZ,47.61306381225586,278.7139892578125,3.0191075801849365,False,False,sub-021,sub-021_ses-01_task-WorkingMemory_run-1_eeg.set,500.0
25,FC2,19.17869758605957,103.070068359375,-0.5815207362174988,False,False,sub-021,sub-021_ses-01_task-WorkingMemory_run-1_eeg.set,500.0
26,FC4,20.617013931274414,112.8204345703125,-0.39938750863075256,False,False,sub-021,sub-021_ses-01_task-WorkingMemory_run-1_eeg.set,500.0
27,FC6,18.992605209350586,88.543701171875,-0.6050854921340942,False,False,sub-021,sub-021_ses-01_task-WorkingMemory_run-1_eeg.set,500.0
28,FT8,23.112380981445312,137.3291015625,-0.08340055495500565,False,False,sub-021,sub-021_ses-01_task-WorkingMemory_run-1_eeg.set,500.0
29,FT10,24.7283935546875,137.2772216796875,0.1212342381477356,False,False,sub-021,sub-021_ses-01_task-WorkingMemory_run-1_eeg.set,500.0
30,T7,19.107372283935547,97.320556640625,-0.5905526280403137,False,False,sub-021,sub-021_ses-01_task-WorkingMemory_run-1_eeg.set,500.0
31,C5,16.240575790405273,91.0491943359375,-0.95357346534729,False,False,sub-021,sub-021_ses-01_task-WorkingMemory_run-1_eeg.set,500.0
32,C3,78.21125793457031,652.28271484375,6.893739700317383,False,True,sub-021,sub-021_ses-01_task-WorkingMemory_run-1_eeg.set,500.0
33,C1,40.478271484375,245.6573486328125,2.1156327724456787,False,False,sub-021,sub-021_ses-01_task-WorkingMemory_run-1_eeg.set,500.0
34,CZ,19.047164916992188,98.876953125,-0.5981766581535339,False,False,sub-021,sub-021_ses-01_task-WorkingMemory_run-1_eeg.set,500.0
35,C2,32.728981018066406,202.801513671875,1.134344220161438,False,False,sub-021,sub-021_ses-01_task-WorkingMemory_run-1_eeg.set,500.0
36,C4,23.23170280456543,142.6666259765625,-0.06829089671373367,False,False,sub-021,sub-021_ses-01_task-WorkingMemory_run-1_eeg.set,500.0
37,C6,25.017358779907227,153.2745361328125,0.15782573819160461,False,False,sub-021,sub-021_ses-01_task-WorkingMemory_run-1_eeg.set,500.0
38,T8,27.778615951538086,159.3505859375,0.5074822306632996,False,False,sub-021,sub-021_ses-01_task-WorkingMemory_run-1_eeg.set,500.0
39,TP9,16.866455078125,97.637939453125,-0.8743187189102173,False,False,sub-021,sub-021_ses-01_task-WorkingMemory_run-1_eeg.set,500.0
40,TP7,20.574060440063477,117.9351806640625,-0.40482670068740845,False,False,sub-021,sub-021_ses-01_task-WorkingMemory_run-1_eeg.set,500.0
41,CP5,20.438169479370117,113.96484375,-0.42203450202941895,False,False,sub-021,sub-021_ses-01_task-WorkingMemory_run-1_eeg.set,500.0
42,CP3,20.196596145629883,109.3109130859375,-0.4526248276233673,False,False,sub-021,sub-021_ses-01_task-WorkingMemory_run-1_eeg.set,500.0
43,CP1,34.83119583129883,203.4423828125,1.4005465507507324,False,False,sub-021,sub-021_ses-01_task-WorkingMemory_run-1_eeg.set,500.0
44,CPZ,25.591833114624023,160.6719970703125,0.23057110607624054,False,False,sub-021,sub-021_ses-01_task-WorkingMemory_run-1_eeg.set,500.0
45,CP2,53.74408721923828,376.4190673828125,3.795475482940674,False,False,sub-021,sub-021_ses-01_task-WorkingMemory_run-1_eeg.set,500.0
46,CP4,35.0445671081543,232.281494140625,1.4275656938552856,False,False,sub-021,sub-021_ses-01_task-WorkingMemory_run-1_eeg.set,500.0
47,CP6,24.699260711669922,144.744873046875,0.11754516512155533,False,False,sub-021,sub-021_ses-01_task-WorkingMemory_run-1_eeg.set,500.0
48,TP8,20.576332092285156,112.8814697265625,-0.4045390486717224,False,False,sub-021,sub-021_ses-01_task-WorkingMemory_run-1_eeg.set,500.0
49,TP10,18.11689567565918,93.658447265625,-0.7159761190414429,False,False,sub-021,sub-021_ses-01_task-WorkingMemory_run-1_eeg.set,500.0
50,P7,21.380910873413086,118.707275390625,-0.3026556670665741,False,False,sub-021,sub-021_ses-01_task-WorkingMemory_run-1_eeg.set,500.0
51,P5,31.73813819885254,199.0875244140625,1.0088742971420288,False,False,sub-021,sub-021_ses-01_task-WorkingMemory_run-1_eeg.set,500.0
52,P3,31.451053619384766,188.6260986328125,0.9725210070610046,False,False,sub-021,sub-021_ses-01_task-WorkingMemory_run-1_eeg.set,500.0
53,P1,23.770999908447266,133.5296630859375,0.0,False,False,sub-021,sub-021_ses-01_task-WorkingMemory_run-1_eeg.set,500.0
54,PZ,35.518795013427734,228.985595703125,1.4876168966293335,False,False,sub-021,sub-021_ses-01_task-WorkingMemory_run-1_eeg.set,500.0
55,P2,42.6091423034668,250.8941650390625,2.3854637145996094,False,False,sub-021,sub-021_ses-01_task-WorkingMemory_run-1_eeg.set,500.0
56,P4,28.835617065429688,193.1060791015625,0.6413297057151794,False,False,sub-021,sub-021_ses-01_task-WorkingMemory_run-1_eeg.set,500.0
57,P6,31.495412826538086,201.885986328125,0.9781382083892822,False,False,sub-021,sub-021_ses-01_task-WorkingMemory_run-1_eeg.set,500.0
58,P8,36.24203109741211,243.9727783203125,1.5791999101638794,False,False,sub-021,sub-021_ses-01_task-WorkingMemory_run-1_eeg.set,500.0
59,PO9,21.310876846313477,140.88134765625,-0.31152403354644775,False,False,sub-021,sub-021_ses-01_task-WorkingMemory_run-1_eeg.set,500.0
60,PO7,44.77232360839844,268.26171875,2.659386157989502,False,False,sub-021,sub-021_ses-01_task-WorkingMemory_run-1_eeg.set,500.0
61,PO3,34.17688751220703,196.661376953125,1.3176919221878052,False,False,sub-021,sub-021_ses-01_task-WorkingMemory_run-1_eeg.set,500.0
62,POZ,17.68562126159668,91.6595458984375,-0.770588219165802,False,False,sub-021,sub-021_ses-01_task-WorkingMemory_run-1_eeg.set,500.0
63,PO4,39.18134307861328,255.99365234375,1.9514033794403076,False,False,sub-021,sub-021_ses-01_task-WorkingMemory_run-1_eeg.set,500.0
64,PO8,22.40940284729004,130.13916015625,-0.17241829633712769,False,False,sub-021,sub-021_ses-01_task-WorkingMemory_run-1_eeg.set,500.0
65,PO10,21.924137115478516,106.378173828125,-0.23386722803115845,False,False,sub-021,sub-021_ses-01_task-WorkingMemory_run-1_eeg.set,500.0
66,O1,61.4920654296875,388.12255859375,4.77659797668457,False,False,sub-021,sub-021_ses-01_task-WorkingMemory_run-1_eeg.set,500.0
67,OZ,73.51630401611328,439.2242431640625,6.299220561981201,False,True,sub-021,sub-021_ses-01_task-WorkingMemory_run-1_eeg.set,500.0
68,O2,32.72474670410156,203.228759765625,1.1338081359863281,False,False,sub-021,sub-021_ses-01_task-WorkingMemory_run-1_eeg.set,500.0
69,LEYE,19.386690139770508,98.052978515625,-0.5551827549934387,False,False,sub-021,sub-021_ses-01_task-WorkingMemory_run-1_eeg.set,500.0
70,REYE,32.059722900390625,204.8797607421875,1.0495964288711548,False,False,sub-021,sub-021_ses-01_task-WorkingMemory_run-1_eeg.set,500.0
0,FP1,15.510187149047852,81.219482421875,-0.7136686444282532,False,False,sub-021,sub-021_ses-01_task-WorkingMemory_run-2_eeg.set,500.0
1,FPZ,14.474884986877441,70.892333984375,-0.8919160962104797,False,False,sub-021,sub-021_ses-01_task-WorkingMemory_run-2_eeg.set,500.0
2,FP2,41.410099029541016,255.029296875,3.745504856109619,False,False,sub-021,sub-021_ses-01_task-WorkingMemory_run-2_eeg.set,500.0
3,AF7,24.072511672973633,144.268798828125,0.7605019211769104,False,False,sub-021,sub-021_ses-01_task-WorkingMemory_run-2_eeg.set,500.0
4,AF3,16.69203758239746,76.2939453125,-0.5101901888847351,False,False,sub-021,sub-021_ses-01_task-WorkingMemory_run-2_eeg.set,500.0
5,AFZ,38.78728485107422,239.63623046875,3.293936252593994,False,False,sub-021,sub-021_ses-01_task-WorkingMemory_run-2_eeg.set,500.0
6,AF4,50.580772399902344,312.2650146484375,5.324414253234863,False,False,sub-021,sub-021_ses-01_task-WorkingMemory_run-2_eeg.set,500.0
7,AF8,17.34967613220215,93.3807373046875,-0.3969649076461792,False,False,sub-021,sub-021_ses-01_task-WorkingMemory_run-2_eeg.set,500.0
8,F9,25.037548065185547,165.8477783203125,0.9266517162322998,False,False,sub-021,sub-021_ses-01_task-WorkingMemory_run-2_eeg.set,500.0
9,F7,15.809572219848633,80.1544189453125,-0.6621237397193909,False,False,sub-021,sub-021_ses-01_task-WorkingMemory_run-2_eeg.set,500.0
10,F5,19.259183883666992,105.682373046875,-0.06820600479841232,False,False,sub-021,sub-021_ses-01_task-WorkingMemory_run-2_eeg.set,500.0
11,F3,26.660686492919922,151.86767578125,1.2061065435409546,False,False,sub-021,sub-021_ses-01_task-WorkingMemory_run-2_eeg.set,500.0
12,F1,15.488615989685059,78.216552734375,-0.717382550239563,False,False,sub-021,sub-021_ses-01_task-WorkingMemory_run-2_eeg.set,500.0
13,FZ,23.524093627929688,137.7655029296875,0.6660811305046082,False,False,sub-021,sub-021_ses-01_task-WorkingMemory_run-2_eeg.set,500.0
14,F2,18.778106689453125,97.833251953125,-0.15103280544281006,False,False,sub-021,sub-021_ses-01_task-WorkingMemory_run-2_eeg.set,500.0
15,F4,15.10951042175293,73.2696533203125,-0.7826529741287231,False,False,sub-021,sub-021_ses-01_task-WorkingMemory_run-2_eeg.set,500.0
16,F6,31.438961029052734,178.0517578125,2.0287795066833496,False,False,sub-021,sub-021_ses-01_task-WorkingMemory_run-2_eeg.set,500.0
17,F8,18.126657485961914,102.5848388671875,-0.26319244503974915,False,False,sub-021,sub-021_ses-01_task-WorkingMemory_run-2_eeg.set,500.0
18,F10,15.124993324279785,73.42529296875,-0.7799872756004333,False,False,sub-021,sub-021_ses-01_task-WorkingMemory_run-2_eeg.set,500.0
19,FT9,30.984413146972656,177.1087646484375,1.9505201578140259,False,False,sub-021,sub-021_ses-01_task-WorkingMemory_run-2_eeg.set,500.0
20,FT7,19.65534019470215,112.786865234375,0.0,False,False,sub-021,sub-021_ses-01_task-WorkingMemory_run-2_eeg.set,500.0
21,FC5,43.05779266357422,267.4285888671875,4.029187202453613,False,False,sub-021,sub-021_ses-01_task-WorkingMemory_run-2_eeg.set,500.0
22,FC3,25.118335723876953,135.4461669921875,0.9405608773231506,False,False,sub-021,sub-021_ses-01_task-WorkingMemory_run-2_eeg.set,500.0
23,FC1,17.090829849243164,82.275390625,-0.4415303170681,False,False,sub-021,sub-021_ses-01_task-WorkingMemory_run-2_eeg.set,500.0
24,FCZ,28.29315185546875,170.2392578125,1.487167239189148,False,False,sub-021,sub-021_ses-01_task-WorkingMemory_run-2_eeg.set,500.0
25,FC2,14.445272445678711,71.71630859375,-0.8970144987106323,False,False,sub-021,sub-021_ses-01_task-WorkingMemory_run-2_eeg.set,500.0
26,FC4,20.618762969970703,103.1158447265625,0.16587196290493011,False,False,sub-021,sub-021_ses-01_task-WorkingMemory_run-2_eeg.set,500.0
27,FC6,16.8106689453125,86.12060546875,-0.489765465259552,False,False,sub-021,sub-021_ses-01_task-WorkingMemory_run-2_eeg.set,500.0
28,FT8,26.432588577270508,159.5245361328125,1.166835069656372,False,False,sub-021,sub-021_ses-01_task-WorkingMemory_run-2_eeg.set,500.0
29,FT10,18.078933715820312,94.8638916015625,-0.2714090347290039,False,False,sub-021,sub-021_ses-01_task-WorkingMemory_run-2_eeg.set,500.0
30,T7,21.39150619506836,111.181640625,0.29891476035118103,False,False,sub-021,sub-021_ses-01_task-WorkingMemory_run-2_eeg.set,500.0
31,C5,16.88949966430664,87.9058837890625,-0.47619324922561646,False,False,sub-021,sub-021_ses-01_task-WorkingMemory_run-2_eeg.set,500.0
32,C3,16.90723991394043,85.3271484375,-0.4731388986110687,False,False,sub-021,sub-021_ses-01_task-WorkingMemory_run-2_eeg.set,500.0
33,C1,32.601566314697266,201.9744873046875,2.2289445400238037,False,False,sub-021,sub-021_ses-01_task-WorkingMemory_run-2_eeg.set,500.0
34,CZ,17.251201629638672,83.6944580078125,-0.41391921043395996,False,False,sub-021,sub-021_ses-01_task-WorkingMemory_run-2_eeg.set,500.0
35,C2,31.00636863708496,185.2325439453125,1.9543002843856812,False,False,sub-021,sub-021_ses-01_task-WorkingMemory_run-2_eeg.set,500.0
36,C4,39.96123123168945,241.22314453125,3.49605393409729,False,False,sub-021,sub-021_ses-01_task-WorkingMemory_run-2_eeg.set,500.0
37,C6,17.21383285522461,87.7197265625,-0.420352965593338,False,False,sub-021,sub-021_ses-01_task-WorkingMemory_run-2_eeg.set,500.0
38,T8,15.499645233154297,71.35009765625,-0.7154836654663086,False,False,sub-021,sub-021_ses-01_task-WorkingMemory_run-2_eeg.set,500.0
39,TP9,28.82210922241211,172.6959228515625,1.578237533569336,False,False,sub-021,sub-021_ses-01_task-WorkingMemory_run-2_eeg.set,500.0
40,TP7,15.790934562683105,77.618408203125,-0.6653326153755188,False,False,sub-021,sub-021_ses-01_task-WorkingMemory_run-2_eeg.set,500.0
41,CP5,35.12580871582031,219.097900390625,2.6635420322418213,False,False,sub-021,sub-021_ses-01_task-WorkingMemory_run-2_eeg.set,500.0
42,CP3,20.410961151123047,109.3292236328125,0.13009484112262726,False,False,sub-021,sub-021_ses-01_task-WorkingMemory_run-2_eeg.set,500.0
43,CP1,15.737688064575195,81.4666748046875,-0.6744999885559082,False,False,sub-021,sub-021_ses-01_task-WorkingMemory_run-2_eeg.set,500.0
44,CPZ,19.37190818786621,98.93798828125,-0.0487983301281929,False,False,sub-021,sub-021_ses-01_task-WorkingMemory_run-2_eeg.set,500.0
45,CP2,16.170391082763672,75.5279541015625,-0.6000017523765564,False,False,sub-021,sub-021_ses-01_task-WorkingMemory_run-2_eeg.set,500.0
46,CP4,17.338367462158203,89.7369384765625,-0.39891189336776733,False,False,sub-021,sub-021_ses-01_task-WorkingMemory_run-2_eeg.set,500.0
47,CP6,16.176891326904297,85.6292724609375,-0.5988826155662537,False,False,sub-021,sub-021_ses-01_task-WorkingMemory_run-2_eeg.set,500.0
48,TP8,37.672149658203125,244.2138671875,3.1019442081451416,False,False,sub-021,sub-021_ses-01_task-WorkingMemory_run-2_eeg.set,500.0
49,TP10,20.270870208740234,118.1182861328125,0.10597546398639679,False,False,sub-021,sub-021_ses-01_task-WorkingMemory_run-2_eeg.set,500.0
50,P7,17.381330490112305,85.0494384765625,-0.39151498675346375,False,False,sub-021,sub-021_ses-01_task-WorkingMemory_run-2_eeg.set,500.0
51,P5,28.228012084960938,176.8768310546875,1.4759521484375,False,False,sub-021,sub-021_ses-01_task-WorkingMemory_run-2_eeg.set,500.0
52,P3,14.46939468383789,68.17626953125,-0.8928613662719727,False,False,sub-021,sub-021_ses-01_task-WorkingMemory_run-2_eeg.set,500.0
53,P1,28.835554122924805,184.783935546875,1.580552339553833,False,False,sub-021,sub-021_ses-01_task-WorkingMemory_run-2_eeg.set,500.0
54,PZ,51.80352020263672,304.730224609375,5.534934043884277,False,False,sub-021,sub-021_ses-01_task-WorkingMemory_run-2_eeg.set,500.0
55,P2,18.72457504272461,95.916748046875,-0.16024930775165558,False,False,sub-021,sub-021_ses-01_task-WorkingMemory_run-2_eeg.set,500.0
56,P4,24.08016014099121,139.1754150390625,0.7618187665939331,False,False,sub-021,sub-021_ses-01_task-WorkingMemory_run-2_eeg.set,500.0
57,P6,17.78856086730957,90.618896484375,-0.321402370929718,False,False,sub-021,sub-021_ses-01_task-WorkingMemory_run-2_eeg.set,500.0
58,P8,19.086294174194336,100.433349609375,-0.0979723408818245,False,False,sub-021,sub-021_ses-01_task-WorkingMemory_run-2_eeg.set,500.0
59,PO9,23.889299392700195,136.1663818359375,0.7289583683013916,False,False,sub-021,sub-021_ses-01_task-WorkingMemory_run-2_eeg.set,500.0
60,PO7,17.301794052124023,87.921142578125,-0.4052087366580963,False,False,sub-021,sub-021_ses-01_task-WorkingMemory_run-2_eeg.set,500.0
61,PO3,18.93756675720215,96.0052490234375,-0.12357865273952484,False,False,sub-021,sub-021_ses-01_task-WorkingMemory_run-2_eeg.set,500.0
62,POZ,17.083805084228516,86.517333984375,-0.4427397847175598,False,False,sub-021,sub-021_ses-01_task-WorkingMemory_run-2_eeg.set,500.0
63,PO4,23.46758270263672,114.8529052734375,0.6563516855239868,False,False,sub-021,sub-021_ses-01_task-WorkingMemory_run-2_eeg.set,500.0
64,PO8,47.024810791015625,265.7684326171875,4.712186336517334,False,False,sub-021,sub-021_ses-01_task-WorkingMemory_run-2_eeg.set,500.0
65,PO10,40.56013870239258,222.332763671875,3.599167585372925,False,False,sub-021,sub-021_ses-01_task-WorkingMemory_run-2_eeg.set,500.0
66,O1,19.02569580078125,101.1322021484375,-0.10840552300214767,False,False,sub-021,sub-021_ses-01_task-WorkingMemory_run-2_eeg.set,500.0
67,OZ,21.28639030456543,114.0869140625,0.2808170020580292,False,False,sub-021,sub-021_ses-01_task-WorkingMemory_run-2_eeg.set,500.0
68,O2,21.415616989135742,116.363525390625,0.30306586623191833,False,False,sub-021,sub-021_ses-01_task-WorkingMemory_run-2_eeg.set,500.0
69,LEYE,40.65005874633789,186.9384765625,3.6146490573883057,False,False,sub-021,sub-021_ses-01_task-WorkingMemory_run-2_eeg.set,500.0
70,REYE,34.69577407836914,194.927978515625,2.589503049850464,False,False,sub-021,sub-021_ses-01_task-WorkingMemory_run-2_eeg.set,500.0
0,FP1,24.470367431640625,138.43109130859375,0.9312556385993958,False,False,sub-021,sub-021_ses-01_task-WorkingMemory_run-3_eeg.set,500.0
1,FPZ,16.895444869995117,86.50543212890625,-0.41082653403282166,False,False,sub-021,sub-021_ses-01_task-WorkingMemory_run-3_eeg.set,500.0
2,FP2,19.214214324951172,106.78436279296875,0.0,False,False,sub-021,sub-021_ses-01_task-WorkingMemory_run-3_eeg.set,500.0
3,AF7,28.27921485900879,163.260498046875,1.6060857772827148,False,False,sub-021,sub-021_ses-01_task-WorkingMemory_run-3_eeg.set,500.0
4,AF3,17.733470916748047,108.123779296875,-0.26234978437423706,False,False,sub-021,sub-021_ses-01_task-WorkingMemory_run-3_eeg.set,500.0
5,AFZ,18.316150665283203,104.8583984375,-0.15911386907100677,False,False,sub-021,sub-021_ses-01_task-WorkingMemory_run-3_eeg.set,500.0
6,AF4,28.157365798950195,166.8157958984375,1.5844972133636475,False,False,sub-021,sub-021_ses-01_task-WorkingMemory_run-3_eeg.set,500.0
7,AF8,23.085676193237305,146.6741943359375,0.6859238147735596,False,False,sub-021,sub-021_ses-01_task-WorkingMemory_run-3_eeg.set,500.0
8,F9,17.38880157470703,93.06671142578125,-0.3234163522720337,False,False,sub-021,sub-021_ses-01_task-WorkingMemory_run-3_eeg.set,500.0
9,F7,15.407230377197266,76.0498046875,-0.6744999885559082,False,False,sub-021,sub-021_ses-01_task-WorkingMemory_run-3_eeg.set,500.0
10,F5,43.921730041503906,272.3150634765625,4.377538204193115,False,False,sub-021,sub-021_ses-01_task-WorkingMemory_run-3_eeg.set,500.0
11,F3,68.60213470458984,414.08782958984375,8.750273704528809,False,True,sub-021,sub-021_ses-01_task-WorkingMemory_run-3_eeg.set,500.0
12,F1,31.376113891601562,171.85455322265625,2.1547770500183105,False,False,sub-021,sub-021_ses-01_task-WorkingMemory_run-3_eeg.set,500.0
13,FZ,19.12306022644043,90.0421142578125,-0.01615017093718052,False,False,sub-021,sub-021_ses-01_task-WorkingMemory_run-3_eeg.set,500.0
14,F2,43.93145751953125,240.00030517578125,4.3792619705200195,False,False,sub-021,sub-021_ses-01_task-WorkingMemory_run-3_eeg.set,500.0
15,F4,23.385520935058594,156.68060302734375,0.7390486001968384,False,False,sub-021,sub-021_ses-01_task-WorkingMemory_run-3_eeg.set,500.0
16,F6,20.288578033447266,98.65142822265625,0.19034971296787262,False,False,sub-021,sub-021_ses-01_task-WorkingMemory_run-3_eeg.set,500.0
17,F8,30.82210350036621,187.086181640625,2.0566205978393555,False,False,sub-021,sub-021_ses-01_task-WorkingMemory_run-3_eeg.set,500.0
18,F10,20.33466148376465,101.2335205078125,0.19851452112197876,False,False,sub-021,sub-021_ses-01_task-WorkingMemory_run-3_eeg.set,500.0
19,FT9,19.485740661621094,85.51025390625,0.048107508569955826,False,False,sub-021,sub-021_ses-01_task-WorkingMemory_run-3_eeg.set,500.0
20,FT7,16.174184799194336,81.4208984375,-0.538615345954895,False,False,sub-021,sub-021_ses-01_task-WorkingMemory_run-3_eeg.set,500.0
21,FC5,14.992770195007324,68.10333251953125,-0.747931718826294,False,False,sub-021,sub-021_ses-01_task-WorkingMemory_run-3_eeg.set,500.0
22,FC3,60.9788932800293,380.8050537109375,7.399630546569824,False,True,sub-021,sub-021_ses-01_task-WorkingMemory_run-3_eeg.set,500.0
23,FC1,35.38950729370117,218.09722900390625,2.86584734916687,False,False,sub-021,sub-021_ses-01_task-WorkingMemory_run-3_eeg.set,500.0
24,FCZ,19.68678855895996,100.2655029296875,0.08372803777456284,False,False,sub-021,sub-021_ses-01_task-WorkingMemory_run-3_eeg.set,500.0
25,FC2,22.29478645324707,113.861083984375,0.5457984209060669,False,False,sub-021,sub-021_ses-01_task-WorkingMemory_run-3_eeg.set,500.0
26,FC4,33.000240325927734,189.19708251953125,2.442530632019043,False,False,sub-021,sub-021_ses-01_task-WorkingMemory_run-3_eeg.set,500.0
27,FC6,18.347023010253906,81.94305419921875,-0.15364407002925873,False,False,sub-021,sub-021_ses-01_task-WorkingMemory_run-3_eeg.set,500.0
28,FT8,17.54543685913086,78.0181884765625,-0.29566457867622375,False,False,sub-021,sub-021_ses-01_task-WorkingMemory_run-3_eeg.set,500.0
29,FT10,18.611568450927734,89.1265869140625,-0.10677340626716614,False,False,sub-021,sub-021_ses-01_task-WorkingMemory_run-3_eeg.set,500.0
30,T7,19.883840560913086,104.51080322265625,0.11864060908555984,False,False,sub-021,sub-021_ses-01_task-WorkingMemory_run-3_eeg.set,500.0
31,C5,16.42513656616211,83.0230712890625,-0.49415308237075806,False,False,sub-021,sub-021_ses-01_task-WorkingMemory_run-3_eeg.set,500.0
32,C3,17.619686126708984,86.73431396484375,-0.28250953555107117,False,False,sub-021,sub-021_ses-01_task-WorkingMemory_run-3_eeg.set,500.0
33,C1,26.75935173034668,160.7275390625,1.336804986000061,False,False,sub-021,sub-021_ses-01_task-WorkingMemory_run-3_eeg.set,500.0
34,CZ,23.35743522644043,137.72064208984375,0.7340725660324097,False,False,sub-021,sub-021_ses-01_task-WorkingMemory_run-3_eeg.set,500.0
35,C2,18.597576141357422,97.3663330078125,-0.10925247520208359,False,False,sub-021,sub-021_ses-01_task-WorkingMemory_run-3_eeg.set,500.0
36,C4,23.70510482788086,123.7335205078125,0.795670747756958,False,False,sub-021,sub-021_ses-01_task-WorkingMemory_run-3_eeg.set,500.0
37,C6,24.9608211517334,138.66668701171875,1.0181514024734497,False,False,sub-021,sub-021_ses-01_task-WorkingMemory_run-3_eeg.set,500.0
38,T8,16.308029174804688,78.094482421875,-0.5149015188217163,False,False,sub-021,sub-021_ses-01_task-WorkingMemory_run-3_eeg.set,500.0
39,TP9,17.705730438232422,86.6546630859375,-0.2672646939754486,False,False,sub-021,sub-021_ses-01_task-WorkingMemory_run-3_eeg.set,500.0
40,TP7,16.136964797973633,76.37359619140625,-0.5452097058296204,False,False,sub-021,sub-021_ses-01_task-WorkingMemory_run-3_eeg.set,500.0
41,CP5,14.859474182128906,68.359375,-0.771548330783844,False,False,sub-021,sub-021_ses-01_task-WorkingMemory_run-3_eeg.set,500.0
42,CP3,13.40122127532959,63.29345703125,-1.029913306236267,False,False,sub-021,sub-021_ses-01_task-WorkingMemory_run-3_eeg.set,500.0
43,CP1,14.433782577514648,67.19970703125,-0.8469700217247009,False,False,sub-021,sub-021_ses-01_task-WorkingMemory_run-3_eeg.set,500.0
44,CPZ,17.662960052490234,92.1783447265625,-0.2748425006866455,False,False,sub-021,sub-021_ses-01_task-WorkingMemory_run-3_eeg.set,500.0
45,CP2,18.232900619506836,93.28033447265625,-0.17386364936828613,False,False,sub-021,sub-021_ses-01_task-WorkingMemory_run-3_eeg.set,500.0
46,CP4,27.624515533447266,165.3814697265625,1.4900898933410645,False,False,sub-021,sub-021_ses-01_task-WorkingMemory_run-3_eeg.set,500.0
47,CP6,13.95428466796875,66.070556640625,-0.9319247007369995,False,False,sub-021,sub-021_ses-01_task-WorkingMemory_run-3_eeg.set,500.0
48,TP8,19.148584365844727,97.65625,-0.01162794604897499,False,False,sub-021,sub-021_ses-01_task-WorkingMemory_run-3_eeg.set,500.0
49,TP10,42.48247528076172,232.230224609375,4.122539520263672,False,False,sub-021,sub-021_ses-01_task-WorkingMemory_run-3_eeg.set,500.0
50,P7,55.62356948852539,365.347900390625,6.450804710388184,False,True,sub-021,sub-021_ses-01_task-WorkingMemory_run-3_eeg.set,500.0
51,P5,16.39689826965332,73.8067626953125,-0.4991562068462372,False,False,sub-021,sub-021_ses-01_task-WorkingMemory_run-3_eeg.set,500.0
52,P3,18.305395126342773,95.53863525390625,-0.1610194742679596,False,False,sub-021,sub-021_ses-01_task-WorkingMemory_run-3_eeg.set,500.0
53,P1,14.254512786865234,63.9495849609375,-0.8787319660186768,False,False,sub-021,sub-021_ses-01_task-WorkingMemory_run-3_eeg.set,500.0
54,PZ,17.98758888244629,81.9244384765625,-0.2173265963792801,False,False,sub-021,sub-021_ses-01_task-WorkingMemory_run-3_eeg.set,500.0
55,P2,64.09236907958984,372.33978271484375,7.951259136199951,False,True,sub-021,sub-021_ses-01_task-WorkingMemory_run-3_eeg.set,500.0
56,P4,52.86069107055664,296.57958984375,5.9612932205200195,False,False,sub-021,sub-021_ses-01_task-WorkingMemory_run-3_eeg.set,500.0
57,P6,25.518898010253906,72.31475830078125,1.1170283555984497,False,False,sub-021,sub-021_ses-01_task-WorkingMemory_run-3_eeg.set,500.0
58,P8,41.74657440185547,144.83978271484375,3.992156744003296,False,False,sub-021,sub-021_ses-01_task-WorkingMemory_run-3_eeg.set,500.0
59,PO9,37.5150032043457,216.03729248046875,3.2424306869506836,False,False,sub-021,sub-021_ses-01_task-WorkingMemory_run-3_eeg.set,500.0
60,PO7,16.070045471191406,81.1004638671875,-0.5570661425590515,False,False,sub-021,sub-021_ses-01_task-WorkingMemory_run-3_eeg.set,500.0
61,PO3,17.538923263549805,88.31787109375,-0.29681864380836487,False,False,sub-021,sub-021_ses-01_task-WorkingMemory_run-3_eeg.set,500.0
62,POZ,17.50377082824707,88.348388671875,-0.3030467629432678,False,False,sub-021,sub-021_ses-01_task-WorkingMemory_run-3_eeg.set,500.0
63,PO4,17.377885818481445,85.968017578125,-0.3253503441810608,False,False,sub-021,sub-021_ses-01_task-WorkingMemory_run-3_eeg.set,500.0
64,PO8,24.45656967163086,140.21636962890625,0.9288110136985779,False,False,sub-021,sub-021_ses-01_task-WorkingMemory_run-3_eeg.set,500.0
65,PO10,17.842750549316406,97.06451416015625,-0.2429882287979126,False,False,sub-021,sub-021_ses-01_task-WorkingMemory_run-3_eeg.set,500.0
66,O1,17.398109436035156,89.83184814453125,-0.32176724076271057,False,False,sub-021,sub-021_ses-01_task-WorkingMemory_run-3_eeg.set,500.0
67,OZ,16.096315383911133,77.94189453125,-0.5524117946624756,False,False,sub-021,sub-021_ses-01_task-WorkingMemory_run-3_eeg.set,500.0
68,O2,24.98442840576172,132.965087890625,1.0223339796066284,False,False,sub-021,sub-021_ses-01_task-WorkingMemory_run-3_eeg.set,500.0
69,LEYE,29.949325561523438,135.5743408203125,1.9019865989685059,False,False,sub-021,sub-021_ses-01_task-WorkingMemory_run-3_eeg.set,500.0
70,REYE,33.46229553222656,184.7991943359375,2.5243947505950928,False,False,sub-021,sub-021_ses-01_task-WorkingMemory_run-3_eeg.set,500.0
0,FP1,0.7884267568588257,4.280488967895508,2.916489839553833,False,False,sub-022,sub-022_ses-01_task-WorkingMemory_run-1_eeg.set,500.0586756077117
1,FPZ,0.48127052187919617,2.5187058448791504,-0.2646653652191162,False,False,sub-022,sub-022_ses-01_task-WorkingMemory_run-1_eeg.set,500.0586756077117
2,FP2,0.5719515681266785,4.182923793792725,0.6744999885559082,False,False,sub-022,sub-022_ses-01_task-WorkingMemory_run-1_eeg.set,500.0586756077117
3,AF7,0.43039843440055847,2.338029384613037,-0.791537344455719,False,False,sub-022,sub-022_ses-01_task-WorkingMemory_run-1_eeg.set,500.0586756077117
4,AF3,0.9044090509414673,6.400412082672119,4.117695331573486,False,False,sub-022,sub-022_ses-01_task-WorkingMemory_run-1_eeg.set,500.0586756077117
5,AFZ,0.47006553411483765,2.9890799522399902,-0.38071319460868835,False,False,sub-022,sub-022_ses-01_task-WorkingMemory_run-1_eeg.set,500.0586756077117
6,AF4,0.38658595085144043,2.0558385848999023,-1.245294451713562,False,False,sub-022,sub-022_ses-01_task-WorkingMemory_run-1_eeg.set,500.0586756077117
7,AF8,0.5460640788078308,3.846306324005127,0.40638846158981323,False,False,sub-022,sub-022_ses-01_task-WorkingMemory_run-1_eeg.set,500.0586756077117
8,F9,0.5780879855155945,3.930358409881592,0.7380536198616028,False,False,sub-022,sub-022_ses-01_task-WorkingMemory_run-1_eeg.set,500.0586756077117
9,F7,0.7150281071662903,4.420475959777832,2.1563150882720947,False,False,sub-022,sub-022_ses-01_task-WorkingMemory_run-1_eeg.set,500.0586756077117
10,F5,0.5332059264183044,3.5170278549194336,0.27321916818618774,False,False,sub-022,sub-022_ses-01_task-WorkingMemory_run-1_eeg.set,500.0586756077117
11,F3,0.667441725730896,4.753414630889893,1.6634724140167236,False,False,sub-022,sub-022_ses-01_task-WorkingMemory_run-1_eeg.set,500.0586756077117
12,F1,0.6443116068840027,4.573613166809082,1.4239182472229004,False,False,sub-022,sub-022_ses-01_task-WorkingMemory_run-1_eeg.set,500.0586756077117
13,FZ,0.8879226446151733,5.7199506759643555,3.946949005126953,False,False,sub-022,sub-022_ses-01_task-WorkingMemory_run-1_eeg.set,500.0586756077117
14,F2,0.5569890737533569,2.2980384826660156,0.5195364356040955,False,False,sub-022,sub-022_ses-01_task-WorkingMemory_run-1_eeg.set,500.0586756077117
15,F4,0.4781337380409241,3.1222028732299805,-0.29715240001678467,False,False,sub-022,sub-022_ses-01_task-WorkingMemory_run-1_eeg.set,500.0586756077117
16,F6,1.0693984031677246,7.660481929779053,5.826456546783447,False,False,sub-022,sub-022_ses-01_task-WorkingMemory_run-1_eeg.set,500.0586756077117
17,F8,0.3204268217086792,1.6321427822113037,-1.9304912090301514,False,False,sub-022,sub-022_ses-01_task-WorkingMemory_run-1_eeg.set,500.0586756077117
18,F10,0.35034018754959106,1.6175955533981323,-1.6206845045089722,False,False,sub-022,sub-022_ses-01_task-WorkingMemory_run-1_eeg.set,500.0586756077117
19,FT9,0.4224517345428467,2.658581256866455,-0.8738397359848022,False,False,sub-022,sub-022_ses-01_task-WorkingMemory_run-1_eeg.set,500.0586756077117
20,FT7,0.3341432511806488,1.5641562938690186,-1.7884329557418823,False,False,sub-022,sub-022_ses-01_task-WorkingMemory_run-1_eeg.set,500.0586756077117
21,FC5,0.3775710165500641,2.1694042682647705,-1.3386603593826294,False,False,sub-022,sub-022_ses-01_task-WorkingMemory_run-1_eeg.set,500.0586756077117
22,FC3,0.4940609335899353,2.62185001373291,-0.13219764828681946,False,False,sub-022,sub-022_ses-01_task-WorkingMemory_run-1_eeg.set,500.0586756077117
23,FC1,0.6145539283752441,2.2564828395843506,1.1157240867614746,False,False,sub-022,sub-022_ses-01_task-WorkingMemory_run-1_eeg.set,500.0586756077117
24,FCZ,0.5159450173377991,3.1103286743164062,0.094451405107975,False,False,sub-022,sub-022_ses-01_task-WorkingMemory_run-1_eeg.set,500.0586756077117
25,FC2,0.47428926825523376,2.7761049270629883,-0.3369688093662262,False,False,sub-022,sub-022_ses-01_task-WorkingMemory_run-1_eeg.set,500.0586756077117
26,FC4,0.5301133394241333,3.089373826980591,0.2411898672580719,False,False,sub-022,sub-022_ses-01_task-WorkingMemory_run-1_eeg.set,500.0586756077117
27,FC6,0.5298354029655457,3.4658050537109375,0.23831133544445038,False,False,sub-022,sub-022_ses-01_task-WorkingMemory_run-1_eeg.set,500.0586756077117
28,FT8,0.766804039478302,4.706150054931641,2.6925477981567383,False,False,sub-022,sub-022_ses-01_task-WorkingMemory_run-1_eeg.set,500.0586756077117
29,FT10,0.7443950772285461,4.973681449890137,2.4604625701904297,False,False,sub-022,sub-022_ses-01_task-WorkingMemory_run-1_eeg.set,500.0586756077117
30,T7,0.53998863697052,2.932799816131592,0.3434663414955139,False,False,sub-022,sub-022_ses-01_task-WorkingMemory_run-1_eeg.set,500.0586756077117
31,C5,0.48256099224090576,2.196002721786499,-0.25130024552345276,False,False,sub-022,sub-022_ses-01_task-WorkingMemory_run-1_eeg.set,500.0586756077117
32,C3,0.5372704267501831,2.960041046142578,0.315314382314682,False,False,sub-022,sub-022_ses-01_task-WorkingMemory_run-1_eeg.set,500.0586756077117
33,C1,0.4843260645866394,2.577202320098877,-0.23301972448825836,False,False,sub-022,sub-022_ses-01_task-WorkingMemory_run-1_eeg.set,500.0586756077117
34,CZ,0.6407580971717834,3.510974407196045,1.3871153593063354,False,False,sub-022,sub-022_ses-01_task-WorkingMemory_run-1_eeg.set,500.0586756077117
35,C2,0.4523782730102539,2.2479798793792725,-0.5638965368270874,False,False,sub-022,sub-022_ses-01_task-WorkingMemory_run-1_eeg.set,500.0586756077117
36,C4,0.43494167923927307,2.1326727867126465,-0.7444838881492615,False,False,sub-022,sub-022_ses-01_task-WorkingMemory_run-1_eeg.set,500.0586756077117
37,C6,0.48076918721199036,2.407534122467041,-0.26985758543014526,False,False,sub-022,sub-022_ses-01_task-WorkingMemory_run-1_eeg.set,500.0586756077117
38,T8,0.7411561012268066,4.4194793701171875,2.426917314529419,False,False,sub-022,sub-022_ses-01_task-WorkingMemory_run-1_eeg.set,500.0586756077117
39,TP9,0.5381737351417542,2.786694049835205,0.3246697783470154,False,False,sub-022,sub-022_ses-01_task-WorkingMemory_run-1_eeg.set,500.0586756077117
40,TP7,0.4402756094932556,1.9114837646484375,-0.6892414093017578,False,False,sub-022,sub-022_ses-01_task-WorkingMemory_run-1_eeg.set,500.0586756077117
41,CP5,0.5068252682685852,2.775294780731201,0.0,False,False,sub-022,sub-022_ses-01_task-WorkingMemory_run-1_eeg.set,500.0586756077117
42,CP3,1.022009253501892,6.860895156860352,5.335657119750977,False,False,sub-022,sub-022_ses-01_task-WorkingMemory_run-1_eeg.set,500.0586756077117
43,CP1,0.5301336646080017,2.74804425239563,0.24140037596225739,False,False,sub-022,sub-022_ses-01_task-WorkingMemory_run-1_eeg.set,500.0586756077117
44,CPZ,0.48090600967407227,2.2912864685058594,-0.2684405446052551,False,False,sub-022,sub-022_ses-01_task-WorkingMemory_run-1_eeg.set,500.0586756077117
45,CP2,0.5872256755828857,3.2982230186462402,0.8326908946037292,False,False,sub-022,sub-022_ses-01_task-WorkingMemory_run-1_eeg.set,500.0586756077117
46,CP4,0.44466152787208557,1.9885506629943848,-0.6438173651695251,False,False,sub-022,sub-022_ses-01_task-WorkingMemory_run-1_eeg.set,500.0586756077117
47,CP6,0.4392576217651367,1.9504222869873047,-0.699784517288208,False,False,sub-022,sub-022_ses-01_task-WorkingMemory_run-1_eeg.set,500.0586756077117
48,TP8,0.4938335120677948,2.685878276824951,-0.13455301523208618,False,False,sub-022,sub-022_ses-01_task-WorkingMemory_run-1_eeg.set,500.0586756077117
49,TP10,0.5642879605293274,2.8454325199127197,0.5951295495033264,False,False,sub-022,sub-022_ses-01_task-WorkingMemory_run-1_eeg.set,500.0586756077117
50,P7,0.5077028274536133,2.819523334503174,0.00908870343118906,False,False,sub-022,sub-022_ses-01_task-WorkingMemory_run-1_eeg.set,500.0586756077117
51,P5,0.4538596272468567,2.149026870727539,-0.5485544800758362,False,False,sub-022,sub-022_ses-01_task-WorkingMemory_run-1_eeg.set,500.0586756077117
52,P3,0.4195833206176758,1.868642807006836,-0.9035472869873047,False,False,sub-022,sub-022_ses-01_task-WorkingMemory_run-1_eeg.set,500.0586756077117
53,P1,0.4232964813709259,1.8453598022460938,-0.8650908470153809,False,False,sub-022,sub-022_ses-01_task-WorkingMemory_run-1_eeg.set,500.0586756077117
54,PZ,0.47264283895492554,2.1124725341796875,-0.3540205657482147,False,False,sub-022,sub-022_ses-01_task-WorkingMemory_run-1_eeg.set,500.0586756077117
55,P2,0.7123752236366272,4.534730911254883,2.1288394927978516,False,False,sub-022,sub-022_ses-01_task-WorkingMemory_run-1_eeg.set,500.0586756077117
56,P4,0.4198307991027832,1.8479208946228027,-0.9009842276573181,False,False,sub-022,sub-022_ses-01_task-WorkingMemory_run-1_eeg.set,500.0586756077117
57,P6,0.4788565933704376,2.1955928802490234,-0.28966593742370605,False,False,sub-022,sub-022_ses-01_task-WorkingMemory_run-1_eeg.set,500.0586756077117
58,P8,0.45166295766830444,2.0097382068634033,-0.571304976940155,False,False,sub-022,sub-022_ses-01_task-WorkingMemory_run-1_eeg.set,500.0586756077117
59,PO9,0.4364880621433258,1.833895206451416,-0.7284682989120483,False,False,sub-022,sub-022_ses-01_task-WorkingMemory_run-1_eeg.set,500.0586756077117
60,PO7,0.712033212184906,4.106964588165283,2.1252975463867188,False,False,sub-022,sub-022_ses-01_task-WorkingMemory_run-1_eeg.set,500.0586756077117
61,PO3,0.49570587277412415,2.586580753326416,-0.11516133695840836,False,False,sub-022,sub-022_ses-01_task-WorkingMemory_run-1_eeg.set,500.0586756077117
62,POZ,0.5280582308769226,2.5893096923828125,0.21990551054477692,False,False,sub-022,sub-022_ses-01_task-WorkingMemory_run-1_eeg.set,500.0586756077117
63,PO4,0.4949895441532135,2.3174843788146973,-0.12258020788431168,False,False,sub-022,sub-022_ses-01_task-WorkingMemory_run-1_eeg.set,500.0586756077117
64,PO8,0.4397781789302826,1.9513535499572754,-0.6943932175636292,False,False,sub-022,sub-022_ses-01_task-WorkingMemory_run-1_eeg.set,500.0586756077117
65,PO10,0.4203469157218933,2.418644666671753,-0.8956389427185059,False,False,sub-022,sub-022_ses-01_task-WorkingMemory_run-1_eeg.set,500.0586756077117
66,O1,0.6668497323989868,3.7379841804504395,1.6573412418365479,False,False,sub-022,sub-022_ses-01_task-WorkingMemory_run-1_eeg.set,500.0586756077117
67,OZ,0.6115981936454773,3.364058017730713,1.0851120948791504,False,False,sub-022,sub-022_ses-01_task-WorkingMemory_run-1_eeg.set,500.0586756077117
68,O2,0.5376371741294861,2.9930379390716553,0.31911271810531616,False,False,sub-022,sub-022_ses-01_task-WorkingMemory_run-1_eeg.set,500.0586756077117
69,LEYE,0.49848681688308716,2.7540977001190186,-0.0863596647977829,False,False,sub-022,sub-022_ses-01_task-WorkingMemory_run-1_eeg.set,500.0586756077117
70,REYE,0.5254503488540649,2.6877410411834717,0.19289621710777283,False,False,sub-022,sub-022_ses-01_task-WorkingMemory_run-1_eeg.set,500.0586756077117
0,FP1,0.743864119052887,4.472676753997803,0.19790606200695038,False,False,sub-022,sub-022_ses-01_task-WorkingMemory_run-2_eeg.set,500.0586756077117
1,FPZ,0.3558397889137268,2.1444308757781982,-0.8359215259552002,False,False,sub-022,sub-022_ses-01_task-WorkingMemory_run-2_eeg.set,500.0586756077117
2,FP2,0.41642579436302185,2.2662315368652344,-0.6744999885559082,False,False,sub-022,sub-022_ses-01_task-WorkingMemory_run-2_eeg.set,500.0586756077117
3,AF7,0.328084796667099,1.8055201768875122,-0.9098701477050781,False,False,sub-022,sub-022_ses-01_task-WorkingMemory_run-2_eeg.set,500.0586756077117
4,AF3,2.133549213409424,12.890323638916016,3.9004952907562256,False,False,sub-022,sub-022_ses-01_task-WorkingMemory_run-2_eeg.set,500.0586756077117
5,AFZ,1.327348232269287,11.012221336364746,1.7525043487548828,False,False,sub-022,sub-022_ses-01_task-WorkingMemory_run-2_eeg.set,500.0586756077117
6,AF4,0.620478093624115,3.627096176147461,-0.1308358907699585,False,False,sub-022,sub-022_ses-01_task-WorkingMemory_run-2_eeg.set,500.0586756077117
7,AF8,0.32537224888801575,1.7618294954299927,-0.9170973300933838,False,False,sub-022,sub-022_ses-01_task-WorkingMemory_run-2_eeg.set,500.0586756077117
8,F9,0.6747806668281555,4.040340423583984,0.013844463974237442,False,False,sub-022,sub-022_ses-01_task-WorkingMemory_run-2_eeg.set,500.0586756077117
9,F7,0.6869645714759827,4.011266708374023,0.04630649462342262,False,False,sub-022,sub-022_ses-01_task-WorkingMemory_run-2_eeg.set,500.0586756077117
10,F5,0.34504836797714233,1.7874711751937866,-0.8646735548973083,False,False,sub-022,sub-022_ses-01_task-WorkingMemory_run-2_eeg.set,500.0586756077117
11,F3,0.33754488825798035,1.748092532157898,-0.884665310382843,False,False,sub-022,sub-022_ses-01_task-WorkingMemory_run-2_eeg.set,500.0586756077117
12,F1,0.36369940638542175,1.8545565605163574,-0.8149808645248413,False,False,sub-022,sub-022_ses-01_task-WorkingMemory_run-2_eeg.set,500.0586756077117
13,FZ,0.53695148229599,2.990304470062256,-0.35337895154953003,False,False,sub-022,sub-022_ses-01_task-WorkingMemory_run-2_eeg.set,500.0586756077117
14,F2,0.34279364347457886,1.6726856231689453,-0.8706808090209961,False,False,sub-022,sub-022_ses-01_task-WorkingMemory_run-2_eeg.set,500.0586756077117
15,F4,0.2810407280921936,1.42026686668396,-1.035211443901062,False,False,sub-022,sub-022_ses-01_task-WorkingMemory_run-2_eeg.set,500.0586756077117
16,F6,0.4404688775539398,2.703031063079834,-0.6104410886764526,False,False,sub-022,sub-022_ses-01_task-WorkingMemory_run-2_eeg.set,500.0586756077117
17,F8,0.9888544678688049,6.456575393676758,0.8506429195404053,False,False,sub-022,sub-022_ses-01_task-WorkingMemory_run-2_eeg.set,500.0586756077117
18,F10,0.741791844367981,4.114006042480469,0.19238482415676117,False,False,sub-022,sub-022_ses-01_task-WorkingMemory_run-2_eeg.set,500.0586756077117
19,FT9,0.35888439416885376,2.0128512382507324,-0.8278096914291382,False,False,sub-022,sub-022_ses-01_task-WorkingMemory_run-2_eeg.set,500.0586756077117
20,FT7,0.3572065830230713,2.005866289138794,-0.8322799205780029,False,False,sub-022,sub-022_ses-01_task-WorkingMemory_run-2_eeg.set,500.0586756077117
21,FC5,0.38418713212013245,1.8652366399765015,-0.7603946328163147,False,False,sub-022,sub-022_ses-01_task-WorkingMemory_run-2_eeg.set,500.0586756077117
22,FC3,0.5238859057426453,2.820075035095215,-0.38819006085395813,False,False,sub-022,sub-022_ses-01_task-WorkingMemory_run-2_eeg.set,500.0586756077117
23,FC1,0.4125705063343048,2.1013269424438477,-0.6847717761993408,False,False,sub-022,sub-022_ses-01_task-WorkingMemory_run-2_eeg.set,500.0586756077117
24,FCZ,0.3870254456996918,1.9879080057144165,-0.7528324127197266,False,False,sub-022,sub-022_ses-01_task-WorkingMemory_run-2_eeg.set,500.0586756077117
25,FC2,0.33204713463783264,1.5628198385238647,-0.8993131518363953,False,False,sub-022,sub-022_ses-01_task-WorkingMemory_run-2_eeg.set,500.0586756077117
26,FC4,0.8320925235748291,5.739801406860352,0.43297627568244934,False,False,sub-022,sub-022_ses-01_task-WorkingMemory_run-2_eeg.set,500.0586756077117
27,FC6,0.5081008076667786,2.9892706871032715,-0.43024685978889465,False,False,sub-022,sub-022_ses-01_task-WorkingMemory_run-2_eeg.set,500.0586756077117
28,FT8,0.8702633380889893,7.214783668518066,0.534676194190979,False,False,sub-022,sub-022_ses-01_task-WorkingMemory_run-2_eeg.set,500.0586756077117
29,FT10,1.0335043668746948,9.303010940551758,0.9696053266525269,False,False,sub-022,sub-022_ses-01_task-WorkingMemory_run-2_eeg.set,500.0586756077117
30,T7,0.990693986415863,6.965918064117432,0.8555440306663513,False,False,sub-022,sub-022_ses-01_task-WorkingMemory_run-2_eeg.set,500.0586756077117
31,C5,0.761831521987915,6.4529619216918945,0.24577727913856506,False,False,sub-022,sub-022_ses-01_task-WorkingMemory_run-2_eeg.set,500.0586756077117
32,C3,0.7658214569091797,6.130987167358398,0.25640779733657837,False,False,sub-022,sub-022_ses-01_task-WorkingMemory_run-2_eeg.set,500.0586756077117
33,C1,0.6208317875862122,4.38792610168457,-0.12989354133605957,False,False,sub-022,sub-022_ses-01_task-WorkingMemory_run-2_eeg.set,500.0586756077117
34,CZ,0.9318138957023621,6.247432708740234,0.6986676454544067,False,False,sub-022,sub-022_ses-01_task-WorkingMemory_run-2_eeg.set,500.0586756077117
35,C2,0.5231205224990845,2.8349761962890625,-0.3902292847633362,False,False,sub-022,sub-022_ses-01_task-WorkingMemory_run-2_eeg.set,500.0586756077117
36,C4,1.4103987216949463,10.518651008605957,1.9737788438796997,False,False,sub-022,sub-022_ses-01_task-WorkingMemory_run-2_eeg.set,500.0586756077117
37,C6,1.1696090698242188,6.708316802978516,1.3322341442108154,False,False,sub-022,sub-022_ses-01_task-WorkingMemory_run-2_eeg.set,500.0586756077117
38,T8,1.9475630521774292,13.774998664855957,3.404965877532959,False,False,sub-022,sub-022_ses-01_task-WorkingMemory_run-2_eeg.set,500.0586756077117
39,TP9,2.131547212600708,15.258556365966797,3.8951613903045654,False,False,sub-022,sub-022_ses-01_task-WorkingMemory_run-2_eeg.set,500.0586756077117
40,TP7,0.8704416155815125,4.259857654571533,0.5351511836051941,False,False,sub-022,sub-022_ses-01_task-WorkingMemory_run-2_eeg.set,500.0586756077117
41,CP5,0.5752863883972168,2.800344944000244,-0.2512418329715729,False,False,sub-022,sub-022_ses-01_task-WorkingMemory_run-2_eeg.set,500.0586756077117
42,CP3,0.5478932857513428,2.5073018074035645,-0.3242262899875641,False,False,sub-022,sub-022_ses-01_task-WorkingMemory_run-2_eeg.set,500.0586756077117
43,CP1,0.5225271582603455,2.1015899181365967,-0.39181020855903625,False,False,sub-022,sub-022_ses-01_task-WorkingMemory_run-2_eeg.set,500.0586756077117
44,CPZ,0.538702130317688,2.6841323375701904,-0.3487146198749542,False,False,sub-022,sub-022_ses-01_task-WorkingMemory_run-2_eeg.set,500.0586756077117
45,CP2,0.5166374444961548,1.7373822927474976,-0.4075023829936981,False,False,sub-022,sub-022_ses-01_task-WorkingMemory_run-2_eeg.set,500.0586756077117
46,CP4,0.5982243418693542,2.668562889099121,-0.1901273876428604,False,False,sub-022,sub-022_ses-01_task-WorkingMemory_run-2_eeg.set,500.0586756077117
47,CP6,0.6278359293937683,2.7902517318725586,-0.11123213171958923,False,False,sub-022,sub-022_ses-01_task-WorkingMemory_run-2_eeg.set,500.0586756077117
48,TP8,0.6776235103607178,3.519244432449341,0.021418757736682892,False,False,sub-022,sub-022_ses-01_task-WorkingMemory_run-2_eeg.set,500.0586756077117
49,TP10,0.7532121539115906,5.578156471252441,0.22281236946582794,False,False,sub-022,sub-022_ses-01_task-WorkingMemory_run-2_eeg.set,500.0586756077117
50,P7,0.6064497232437134,3.0629477500915527,-0.16821220517158508,False,False,sub-022,sub-022_ses-01_task-WorkingMemory_run-2_eeg.set,500.0586756077117
51,P5,0.5995645523071289,3.148599147796631,-0.1865566074848175,False,False,sub-022,sub-022_ses-01_task-WorkingMemory_run-2_eeg.set,500.0586756077117
52,P3,0.7194129824638367,5.332317352294922,0.13275998830795288,False,False,sub-022,sub-022_ses-01_task-WorkingMemory_run-2_eeg.set,500.0586756077117
53,P1,0.6613233089447021,4.35050106048584,-0.022010471671819687,False,False,sub-022,sub-022_ses-01_task-WorkingMemory_run-2_eeg.set,500.0586756077117
54,PZ,0.6685769557952881,4.121132850646973,-0.002684312406927347,False,False,sub-022,sub-022_ses-01_task-WorkingMemory_run-2_eeg.set,500.0586756077117
55,P2,0.6778987050056458,4.26099157333374,0.022151967510581017,False,False,sub-022,sub-022_ses-01_task-WorkingMemory_run-2_eeg.set,500.0586756077117
56,P4,0.6584674119949341,4.094629287719727,-0.029619544744491577,False,False,sub-022,sub-022_ses-01_task-WorkingMemory_run-2_eeg.set,500.0586756077117
57,P6,0.6349128484725952,2.8210971355438232,-0.09237683564424515,False,False,sub-022,sub-022_ses-01_task-WorkingMemory_run-2_eeg.set,500.0586756077117
58,P8,1.0240647792816162,6.4028730392456055,0.9444550275802612,False,False,sub-022,sub-022_ses-01_task-WorkingMemory_run-2_eeg.set,500.0586756077117
59,PO9,1.4231173992156982,9.032937049865723,2.0076658725738525,False,False,sub-022,sub-022_ses-01_task-WorkingMemory_run-2_eeg.set,500.0586756077117
60,PO7,0.9249961972236633,4.471340179443359,0.6805029511451721,False,False,sub-022,sub-022_ses-01_task-WorkingMemory_run-2_eeg.set,500.0586756077117
61,PO3,1.4251598119735718,6.1233625411987305,2.0131072998046875,False,False,sub-022,sub-022_ses-01_task-WorkingMemory_run-2_eeg.set,500.0586756077117
62,POZ,1.0376547574996948,5.992755889892578,0.9806633591651917,False,False,sub-022,sub-022_ses-01_task-WorkingMemory_run-2_eeg.set,500.0586756077117
63,PO4,1.1534723043441772,9.469897270202637,1.2892402410507202,False,False,sub-022,sub-022_ses-01_task-WorkingMemory_run-2_eeg.set,500.0586756077117
64,PO8,1.0815818309783936,7.305384635925293,1.0976998805999756,False,False,sub-022,sub-022_ses-01_task-WorkingMemory_run-2_eeg.set,500.0586756077117
65,PO10,1.0244264602661133,8.212635040283203,0.9454187154769897,False,False,sub-022,sub-022_ses-01_task-WorkingMemory_run-2_eeg.set,500.0586756077117
66,O1,0.7440019845962524,4.521368503570557,0.19827339053153992,False,False,sub-022,sub-022_ses-01_task-WorkingMemory_run-2_eeg.set,500.0586756077117
67,OZ,0.9879317283630371,6.399561882019043,0.8481844067573547,False,False,sub-022,sub-022_ses-01_task-WorkingMemory_run-2_eeg.set,500.0586756077117
68,O2,0.6695844531059265,3.62965726852417,0.0,False,False,sub-022,sub-022_ses-01_task-WorkingMemory_run-2_eeg.set,500.0586756077117
69,LEYE,1.0899628400802612,9.87865924835205,1.1200296878814697,False,False,sub-022,sub-022_ses-01_task-WorkingMemory_run-2_eeg.set,500.0586756077117
70,REYE,1.3543654680252075,7.807661056518555,1.8244874477386475,False,False,sub-022,sub-022_ses-01_task-WorkingMemory_run-2_eeg.set,500.0586756077117
0,FP1,0.42812585830688477,2.3862812519073486,-0.195969358086586,False,False,sub-022,sub-022_ses-01_task-WorkingMemory_run-3_eeg.set,500.0586756077117
1,FPZ,0.3817521929740906,2.045417070388794,-0.4765322804450989,False,False,sub-022,sub-022_ses-01_task-WorkingMemory_run-3_eeg.set,500.0586756077117
2,FP2,0.510102391242981,2.361056327819824,0.2999926507472992,False,False,sub-022,sub-022_ses-01_task-WorkingMemory_run-3_eeg.set,500.0586756077117
3,AF7,0.6792937517166138,2.9371538162231445,1.323608636856079,False,False,sub-022,sub-022_ses-01_task-WorkingMemory_run-3_eeg.set,500.0586756077117
4,AF3,0.5158408284187317,3.1157398223876953,0.3347104787826538,False,False,sub-022,sub-022_ses-01_task-WorkingMemory_run-3_eeg.set,500.0586756077117
5,AFZ,0.7564891576766968,4.304261207580566,1.790644645690918,False,False,sub-022,sub-022_ses-01_task-WorkingMemory_run-3_eeg.set,500.0586756077117
6,AF4,1.3187315464019775,9.498866081237793,5.1922383308410645,False,False,sub-022,sub-022_ses-01_task-WorkingMemory_run-3_eeg.set,500.0586756077117
7,AF8,0.7419147491455078,2.597379446029663,1.702468752861023,False,False,sub-022,sub-022_ses-01_task-WorkingMemory_run-3_eeg.set,500.0586756077117
8,F9,0.8690454959869385,6.720616817474365,2.471615791320801,False,False,sub-022,sub-022_ses-01_task-WorkingMemory_run-3_eeg.set,500.0586756077117
9,F7,0.500859260559082,3.4418561458587646,0.24407127499580383,False,False,sub-022,sub-022_ses-01_task-WorkingMemory_run-3_eeg.set,500.0586756077117
10,F5,0.6537960767745972,3.8076729774475098,1.1693464517593384,False,False,sub-022,sub-022_ses-01_task-WorkingMemory_run-3_eeg.set,500.0586756077117
11,F3,1.0239360332489014,5.553977012634277,3.4087111949920654,False,False,sub-022,sub-022_ses-01_task-WorkingMemory_run-3_eeg.set,500.0586756077117
12,F1,0.5614282488822937,3.4777913093566895,0.6105166077613831,False,False,sub-022,sub-022_ses-01_task-WorkingMemory_run-3_eeg.set,500.0586756077117
13,FZ,0.43118104338645935,2.8565595149993896,-0.17748534679412842,False,False,sub-022,sub-022_ses-01_task-WorkingMemory_run-3_eeg.set,500.0586756077117
14,F2,0.38581016659736633,2.5534536838531494,-0.4519813656806946,False,False,sub-022,sub-022_ses-01_task-WorkingMemory_run-3_eeg.set,500.0586756077117
15,F4,0.330241322517395,1.9480940103530884,-0.7881755828857422,False,False,sub-022,sub-022_ses-01_task-WorkingMemory_run-3_eeg.set,500.0586756077117
16,F6,0.5191206336021423,2.9890007972717285,0.3545534610748291,False,False,sub-022,sub-022_ses-01_task-WorkingMemory_run-3_eeg.set,500.0586756077117
17,F8,0.8128852844238281,5.022969722747803,2.1318440437316895,False,False,sub-022,sub-022_ses-01_task-WorkingMemory_run-3_eeg.set,500.0586756077117
18,F10,0.3320748209953308,1.6555795669555664,-0.7770828604698181,False,False,sub-022,sub-022_ses-01_task-WorkingMemory_run-3_eeg.set,500.0586756077117
19,FT9,0.343317449092865,1.7447537183761597,-0.7090643644332886,False,False,sub-022,sub-022_ses-01_task-WorkingMemory_run-3_eeg.set,500.0586756077117
20,FT7,1.388994812965393,10.190254211425781,5.617334842681885,False,False,sub-022,sub-022_ses-01_task-WorkingMemory_run-3_eeg.set,500.0586756077117
21,FC5,0.38926956057548523,2.1785566806793213,-0.4310518503189087,False,False,sub-022,sub-022_ses-01_task-WorkingMemory_run-3_eeg.set,500.0586756077117
22,FC3,0.3598286509513855,1.9485200643539429,-0.6091707944869995,False,False,sub-022,sub-022_ses-01_task-WorkingMemory_run-3_eeg.set,500.0586756077117
23,FC1,0.3228110074996948,1.596480131149292,-0.833129346370697,False,False,sub-022,sub-022_ses-01_task-WorkingMemory_run-3_eeg.set,500.0586756077117
24,FCZ,0.4604390263557434,2.658613920211792,-0.0004731216176878661,False,False,sub-022,sub-022_ses-01_task-WorkingMemory_run-3_eeg.set,500.0586756077117
25,FC2,0.5663933753967285,2.8905527591705322,0.6405557990074158,False,False,sub-022,sub-022_ses-01_task-WorkingMemory_run-3_eeg.set,500.0586756077117
26,FC4,0.34760841727256775,1.6437842845916748,-0.6831037998199463,False,False,sub-022,sub-022_ses-01_task-WorkingMemory_run-3_eeg.set,500.0586756077117
27,FC6,0.5691096186637878,3.319000720977783,0.6569892764091492,False,False,sub-022,sub-022_ses-01_task-WorkingMemory_run-3_eeg.set,500.0586756077117
28,FT8,0.358363538980484,1.9377702474594116,-0.618034839630127,False,False,sub-022,sub-022_ses-01_task-WorkingMemory_run-3_eeg.set,500.0586756077117
29,FT10,0.3194335699081421,1.6806856393814087,-0.8535630106925964,False,False,sub-022,sub-022_ses-01_task-WorkingMemory_run-3_eeg.set,500.0586756077117
30,T7,0.5649331212043762,3.140845775604248,0.6317212581634521,False,False,sub-022,sub-022_ses-01_task-WorkingMemory_run-3_eeg.set,500.0586756077117
31,C5,0.3789192736148834,1.9091321229934692,-0.49367159605026245,False,False,sub-022,sub-022_ses-01_task-WorkingMemory_run-3_eeg.set,500.0586756077117
32,C3,0.31991487741470337,1.5930273532867432,-0.8506510853767395,False,False,sub-022,sub-022_ses-01_task-WorkingMemory_run-3_eeg.set,500.0586756077117
33,C1,0.37046653032302856,2.080109119415283,-0.5448110699653625,False,False,sub-022,sub-022_ses-01_task-WorkingMemory_run-3_eeg.set,500.0586756077117
34,CZ,0.28424590826034546,1.4067628383636475,-1.0664501190185547,False,False,sub-022,sub-022_ses-01_task-WorkingMemory_run-3_eeg.set,500.0586756077117
35,C2,0.4594731330871582,2.128498077392578,-0.006316822953522205,False,False,sub-022,sub-022_ses-01_task-WorkingMemory_run-3_eeg.set,500.0586756077117
36,C4,0.5182023048400879,2.782479763031006,0.3489975035190582,False,False,sub-022,sub-022_ses-01_task-WorkingMemory_run-3_eeg.set,500.0586756077117
37,C6,0.29630956053733826,1.4898831844329834,-0.9934643507003784,False,False,sub-022,sub-022_ses-01_task-WorkingMemory_run-3_eeg.set,500.0586756077117
38,T8,0.33323338627815247,1.7373427152633667,-0.7700734734535217,False,False,sub-022,sub-022_ses-01_task-WorkingMemory_run-3_eeg.set,500.0586756077117
39,TP9,0.9639317989349365,6.222820281982422,3.045682668685913,False,False,sub-022,sub-022_ses-01_task-WorkingMemory_run-3_eeg.set,500.0586756077117
40,TP7,0.4402110278606415,2.253528118133545,-0.12285350263118744,False,False,sub-022,sub-022_ses-01_task-WorkingMemory_run-3_eeg.set,500.0586756077117
41,CP5,0.38192829489707947,2.165052652359009,-0.47546687722206116,False,False,sub-022,sub-022_ses-01_task-WorkingMemory_run-3_eeg.set,500.0586756077117
42,CP3,0.32413509488105774,1.6659033298492432,-0.8251185417175293,False,False,sub-022,sub-022_ses-01_task-WorkingMemory_run-3_eeg.set,500.0586756077117
43,CP1,0.4657793641090393,2.586243152618408,0.03183618187904358,False,False,sub-022,sub-022_ses-01_task-WorkingMemory_run-3_eeg.set,500.0586756077117
44,CPZ,0.3068816661834717,1.5564332008361816,-0.9295026063919067,False,False,sub-022,sub-022_ses-01_task-WorkingMemory_run-3_eeg.set,500.0586756077117
45,CP2,0.3130362331867218,1.6309785842895508,-0.8922671675682068,False,False,sub-022,sub-022_ses-01_task-WorkingMemory_run-3_eeg.set,500.0586756077117
46,CP4,0.9126734733581543,4.849822998046875,2.735567331314087,False,False,sub-022,sub-022_ses-01_task-WorkingMemory_run-3_eeg.set,500.0586756077117
47,CP6,0.7067463994026184,4.306123733520508,1.4896985292434692,False,False,sub-022,sub-022_ses-01_task-WorkingMemory_run-3_eeg.set,500.0586756077117
48,TP8,0.30655813217163086,1.53225839138031,-0.9314600229263306,False,False,sub-022,sub-022_ses-01_task-WorkingMemory_run-3_eeg.set,500.0586756077117
49,TP10,0.36074844002723694,1.922715425491333,-0.6036060452461243,False,False,sub-022,sub-022_ses-01_task-WorkingMemory_run-3_eeg.set,500.0586756077117
50,P7,0.47074106335639954,2.6197707653045654,0.06185470521450043,False,False,sub-022,sub-022_ses-01_task-WorkingMemory_run-3_eeg.set,500.0586756077117
51,P5,0.729110836982727,4.576905250549316,1.6250044107437134,False,False,sub-022,sub-022_ses-01_task-WorkingMemory_run-3_eeg.set,500.0586756077117
52,P3,0.3985961079597473,2.5571393966674805,-0.3746258020401001,False,False,sub-022,sub-022_ses-01_task-WorkingMemory_run-3_eeg.set,500.0586756077117
53,P1,0.4019486606121063,2.3415777683258057,-0.3543426990509033,False,False,sub-022,sub-022_ses-01_task-WorkingMemory_run-3_eeg.set,500.0586756077117
54,PZ,0.5196071267127991,3.6742608547210693,0.3574967682361603,False,False,sub-022,sub-022_ses-01_task-WorkingMemory_run-3_eeg.set,500.0586756077117
55,P2,0.3490305244922638,1.8451433181762695,-0.6744999885559082,False,False,sub-022,sub-022_ses-01_task-WorkingMemory_run-3_eeg.set,500.0586756077117
56,P4,0.4230077564716339,2.327568531036377,-0.22693412005901337,False,False,sub-022,sub-022_ses-01_task-WorkingMemory_run-3_eeg.set,500.0586756077117
57,P6,0.953175961971283,6.4782795906066895,2.98060941696167,False,False,sub-022,sub-022_ses-01_task-WorkingMemory_run-3_eeg.set,500.0586756077117
58,P8,0.3538981080055237,1.770171880722046,-0.6450508832931519,False,False,sub-022,sub-022_ses-01_task-WorkingMemory_run-3_eeg.set,500.0586756077117
59,PO9,1.1905242204666138,8.355395317077637,4.4165778160095215,False,False,sub-022,sub-022_ses-01_task-WorkingMemory_run-3_eeg.set,500.0586756077117
60,PO7,1.9914875030517578,15.258556365966797,9.262445449829102,False,True,sub-022,sub-022_ses-01_task-WorkingMemory_run-3_eeg.set,500.0586756077117
61,PO3,0.8683888912200928,5.835315704345703,2.4676434993743896,False,False,sub-022,sub-022_ses-01_task-WorkingMemory_run-3_eeg.set,500.0586756077117
62,POZ,0.47411996126174927,3.677753210067749,0.0822971984744072,False,False,sub-022,sub-022_ses-01_task-WorkingMemory_run-3_eeg.set,500.0586756077117
63,PO4,0.4605172276496887,2.957181930541992,0.0,False,False,sub-022,sub-022_ses-01_task-WorkingMemory_run-3_eeg.set,500.0586756077117
64,PO8,0.6558130383491516,4.011667251586914,1.1815491914749146,False,False,sub-022,sub-022_ses-01_task-WorkingMemory_run-3_eeg.set,500.0586756077117
65,PO10,0.3173803687095642,1.631909966468811,-0.8659849762916565,False,False,sub-022,sub-022_ses-01_task-WorkingMemory_run-3_eeg.set,500.0586756077117
66,O1,0.5077597498893738,2.860517740249634,0.28581956028938293,False,False,sub-022,sub-022_ses-01_task-WorkingMemory_run-3_eeg.set,500.0586756077117
67,OZ,0.6459131240844727,3.832392454147339,1.1216542720794678,False,False,sub-022,sub-022_ses-01_task-WorkingMemory_run-3_eeg.set,500.0586756077117
68,O2,0.3030150532722473,1.5001277923583984,-0.9528958201408386,False,False,sub-022,sub-022_ses-01_task-WorkingMemory_run-3_eeg.set,500.0586756077117
69,LEYE,0.5204365849494934,3.090787410736084,0.36251503229141235,False,False,sub-022,sub-022_ses-01_task-WorkingMemory_run-3_eeg.set,500.0586756077117
70,REYE,0.512230634689331,2.7578790187835693,0.3128686547279358,False,False,sub-022,sub-022_ses-01_task-WorkingMemory_run-3_eeg.set,500.0586756077117
0,FP1,0.5085158348083496,2.898380756378174,0.6787204742431641,False,False,sub-022,sub-022_ses-01_task-WorkingMemory_run-4_eeg.set,500.0586756077117
1,FPZ,0.750248908996582,3.5137054920196533,2.376023292541504,False,False,sub-022,sub-022_ses-01_task-WorkingMemory_run-4_eeg.set,500.0586756077117
2,FP2,0.61738121509552,3.388593912124634,1.443107008934021,False,False,sub-022,sub-022_ses-01_task-WorkingMemory_run-4_eeg.set,500.0586756077117
3,AF7,0.6780278086662292,3.5819714069366455,1.8689305782318115,False,False,sub-022,sub-022_ses-01_task-WorkingMemory_run-4_eeg.set,500.0586756077117
4,AF3,1.0748041868209839,6.8569440841674805,4.654853820800781,False,False,sub-022,sub-022_ses-01_task-WorkingMemory_run-4_eeg.set,500.0586756077117
5,AFZ,0.6908443570137024,4.120636940002441,1.9589205980300903,False,False,sub-022,sub-022_ses-01_task-WorkingMemory_run-4_eeg.set,500.0586756077117
6,AF4,0.3157876431941986,1.636648178100586,-0.6744999885559082,False,False,sub-022,sub-022_ses-01_task-WorkingMemory_run-4_eeg.set,500.0586756077117
7,AF8,0.46112531423568726,2.5455374717712402,0.3459729254245758,False,False,sub-022,sub-022_ses-01_task-WorkingMemory_run-4_eeg.set,500.0586756077117
8,F9,0.5245909094810486,3.056344509124756,0.7915898561477661,False,False,sub-022,sub-022_ses-01_task-WorkingMemory_run-4_eeg.set,500.0586756077117
9,F7,0.32700785994529724,1.608731746673584,-0.5957184433937073,False,False,sub-022,sub-022_ses-01_task-WorkingMemory_run-4_eeg.set,500.0586756077117
10,F5,0.41328567266464233,2.324453115463257,0.010072014294564724,False,False,sub-022,sub-022_ses-01_task-WorkingMemory_run-4_eeg.set,500.0586756077117
11,F3,0.3102026879787445,1.5852158069610596,-0.7137141823768616,False,False,sub-022,sub-022_ses-01_task-WorkingMemory_run-4_eeg.set,500.0586756077117
12,F1,0.2575591802597046,1.237494945526123,-1.0833449363708496,False,False,sub-022,sub-022_ses-01_task-WorkingMemory_run-4_eeg.set,500.0586756077117
13,FZ,0.49571719765663147,2.731801986694336,0.5888561606407166,False,False,sub-022,sub-022_ses-01_task-WorkingMemory_run-4_eeg.set,500.0586756077117
14,F2,0.25833937525749207,1.2752134799957275,-1.0778669118881226,False,False,sub-022,sub-022_ses-01_task-WorkingMemory_run-4_eeg.set,500.0586756077117
15,F4,0.34732675552368164,1.66823148727417,-0.45305147767066956,False,False,sub-022,sub-022_ses-01_task-WorkingMemory_run-4_eeg.set,500.0586756077117
16,F6,0.3482419550418854,1.695810317993164,-0.4466255009174347,False,False,sub-022,sub-022_ses-01_task-WorkingMemory_run-4_eeg.set,500.0586756077117
17,F8,0.27376696467399597,1.333420991897583,-0.9695436954498291,False,False,sub-022,sub-022_ses-01_task-WorkingMemory_run-4_eeg.set,500.0586756077117
18,F10,0.3014954924583435,1.5251455307006836,-0.7748507857322693,False,False,sub-022,sub-022_ses-01_task-WorkingMemory_run-4_eeg.set,500.0586756077117
19,FT9,0.23921959102153778,1.1495896577835083,-1.2121143341064453,False,False,sub-022,sub-022_ses-01_task-WorkingMemory_run-4_eeg.set,500.0586756077117
20,FT7,0.3013215661048889,1.5221186876296997,-0.7760720252990723,False,False,sub-022,sub-022_ses-01_task-WorkingMemory_run-4_eeg.set,500.0586756077117
21,FC5,0.2656254172325134,1.3201496601104736,-1.026708722114563,False,False,sub-022,sub-022_ses-01_task-WorkingMemory_run-4_eeg.set,500.0586756077117
22,FC3,0.46912914514541626,3.0657858848571777,0.4021710157394409,False,False,sub-022,sub-022_ses-01_task-WorkingMemory_run-4_eeg.set,500.0586756077117
23,FC1,0.3809223473072052,2.029456615447998,-0.21716360747814178,False,False,sub-022,sub-022_ses-01_task-WorkingMemory_run-4_eeg.set,500.0586756077117
24,FCZ,0.31584787368774414,1.4888238906860352,-0.6740770936012268,False,False,sub-022,sub-022_ses-01_task-WorkingMemory_run-4_eeg.set,500.0586756077117
25,FC2,0.2890131175518036,1.4393589496612549,-0.8624944686889648,False,False,sub-022,sub-022_ses-01_task-WorkingMemory_run-4_eeg.set,500.0586756077117
26,FC4,0.2493729442358017,1.2400559186935425,-1.1408237218856812,False,False,sub-022,sub-022_ses-01_task-WorkingMemory_run-4_eeg.set,500.0586756077117
27,FC6,0.3079466223716736,1.5996512174606323,-0.7295548319816589,False,False,sub-022,sub-022_ses-01_task-WorkingMemory_run-4_eeg.set,500.0586756077117
28,FT8,0.8062993288040161,4.83595085144043,2.769575357437134,False,False,sub-022,sub-022_ses-01_task-WorkingMemory_run-4_eeg.set,500.0586756077117
29,FT10,0.3364544212818146,1.7441343069076538,-0.5293904542922974,False,False,sub-022,sub-022_ses-01_task-WorkingMemory_run-4_eeg.set,500.0586756077117
30,T7,0.3867323398590088,2.220738649368286,-0.17636936902999878,False,False,sub-022,sub-022_ses-01_task-WorkingMemory_run-4_eeg.set,500.0586756077117
31,C5,0.7018765211105347,4.531582832336426,2.036381721496582,False,False,sub-022,sub-022_ses-01_task-WorkingMemory_run-4_eeg.set,500.0586756077117
32,C3,0.3455830514431,1.7795246839523315,-0.4652946889400482,False,False,sub-022,sub-022_ses-01_task-WorkingMemory_run-4_eeg.set,500.0586756077117
33,C1,0.408286452293396,2.348097085952759,-0.02502947859466076,False,False,sub-022,sub-022_ses-01_task-WorkingMemory_run-4_eeg.set,500.0586756077117
34,CZ,0.29300740361213684,1.4326069355010986,-0.834449052810669,False,False,sub-022,sub-022_ses-01_task-WorkingMemory_run-4_eeg.set,500.0586756077117
35,C2,0.3310752511024475,1.6418983936309814,-0.5671597123146057,False,False,sub-022,sub-022_ses-01_task-WorkingMemory_run-4_eeg.set,500.0586756077117
36,C4,0.7749515175819397,4.478835105895996,2.5494701862335205,False,False,sub-022,sub-022_ses-01_task-WorkingMemory_run-4_eeg.set,500.0586756077117
37,C6,0.3049294054508209,1.5068799257278442,-0.7507399320602417,False,False,sub-022,sub-022_ses-01_task-WorkingMemory_run-4_eeg.set,500.0586756077117
38,T8,0.4830731153488159,3.1364617347717285,0.5000770688056946,False,False,sub-022,sub-022_ses-01_task-WorkingMemory_run-4_eeg.set,500.0586756077117
39,TP9,0.3795863389968872,2.0683393478393555,-0.22654426097869873,False,False,sub-022,sub-022_ses-01_task-WorkingMemory_run-4_eeg.set,500.0586756077117
40,TP7,0.3725169897079468,1.9840548038482666,-0.2761809527873993,False,False,sub-022,sub-022_ses-01_task-WorkingMemory_run-4_eeg.set,500.0586756077117
41,CP5,0.5733270645141602,3.6317739486694336,1.133785605430603,False,False,sub-022,sub-022_ses-01_task-WorkingMemory_run-4_eeg.set,500.0586756077117
42,CP3,0.36937281489372253,1.8710271120071411,-0.29825741052627563,False,False,sub-022,sub-022_ses-01_task-WorkingMemory_run-4_eeg.set,500.0586756077117
43,CP1,0.3688472509384155,1.915602445602417,-0.30194762349128723,False,False,sub-022,sub-022_ses-01_task-WorkingMemory_run-4_eeg.set,500.0586756077117
44,CPZ,0.7926639914512634,4.743365287780762,2.6738364696502686,False,False,sub-022,sub-022_ses-01_task-WorkingMemory_run-4_eeg.set,500.0586756077117
45,CP2,0.43829667568206787,2.341810703277588,0.18568409979343414,False,False,sub-022,sub-022_ses-01_task-WorkingMemory_run-4_eeg.set,500.0586756077117
46,CP4,0.43575820326805115,2.519984245300293,0.1678604781627655,False,False,sub-022,sub-022_ses-01_task-WorkingMemory_run-4_eeg.set,500.0586756077117
47,CP6,0.4028538465499878,2.147397041320801,-0.06317393481731415,False,False,sub-022,sub-022_ses-01_task-WorkingMemory_run-4_eeg.set,500.0586756077117
48,TP8,0.39362478256225586,1.912470817565918,-0.12797482311725616,False,False,sub-022,sub-022_ses-01_task-WorkingMemory_run-4_eeg.set,500.0586756077117
49,TP10,0.4451528489589691,2.376269578933716,0.2338239997625351,False,False,sub-022,sub-022_ses-01_task-WorkingMemory_run-4_eeg.set,500.0586756077117
50,P7,0.42938122153282166,2.3600761890411377,0.12308518588542938,False,False,sub-022,sub-022_ses-01_task-WorkingMemory_run-4_eeg.set,500.0586756077117
51,P5,0.4118511974811554,2.1588058471679688,0.0,False,False,sub-022,sub-022_ses-01_task-WorkingMemory_run-4_eeg.set,500.0586756077117
52,P3,0.3900899589061737,2.063682794570923,-0.15279421210289001,False,False,sub-022,sub-022_ses-01_task-WorkingMemory_run-4_eeg.set,500.0586756077117
53,P1,0.46045592427253723,2.450519323348999,0.34127289056777954,False,False,sub-022,sub-022_ses-01_task-WorkingMemory_run-4_eeg.set,500.0586756077117
54,PZ,0.6563298106193542,3.9195756912231445,1.7165805101394653,False,False,sub-022,sub-022_ses-01_task-WorkingMemory_run-4_eeg.set,500.0586756077117
55,P2,1.1634926795959473,6.646150588989258,5.277570724487305,False,False,sub-022,sub-022_ses-01_task-WorkingMemory_run-4_eeg.set,500.0586756077117
56,P4,0.3542594611644745,1.8013874292373657,-0.40437421202659607,False,False,sub-022,sub-022_ses-01_task-WorkingMemory_run-4_eeg.set,500.0586756077117
57,P6,0.6513040661811829,4.066131114959717,1.6812927722930908,False,False,sub-022,sub-022_ses-01_task-WorkingMemory_run-4_eeg.set,500.0586756077117
58,P8,0.34505096077919006,1.7935993671417236,-0.4690307378768921,False,False,sub-022,sub-022_ses-01_task-WorkingMemory_run-4_eeg.set,500.0586756077117
59,PO9,0.4392686188220978,2.450752019882202,0.1925085037946701,False,False,sub-022,sub-022_ses-01_task-WorkingMemory_run-4_eeg.set,500.0586756077117
60,PO7,1.4689176082611084,8.706340789794922,7.422079086303711,False,True,sub-022,sub-022_ses-01_task-WorkingMemory_run-4_eeg.set,500.0586756077117
61,PO3,0.9888039827346802,5.374301433563232,4.0510125160217285,False,False,sub-022,sub-022_ses-01_task-WorkingMemory_run-4_eeg.set,500.0586756077117
62,POZ,1.1093724966049194,5.917961120605469,4.897571563720703,False,False,sub-022,sub-022_ses-01_task-WorkingMemory_run-4_eeg.set,500.0586756077117
63,PO4,0.7813707590103149,4.615273952484131,2.5945420265197754,False,False,sub-022,sub-022_ses-01_task-WorkingMemory_run-4_eeg.set,500.0586756077117
64,PO8,0.3323955237865448,1.7074519395828247,-0.5578895211219788,False,False,sub-022,sub-022_ses-01_task-WorkingMemory_run-4_eeg.set,500.0586756077117
65,PO10,0.4434632956981659,2.493849039077759,0.22196097671985626,False,False,sub-022,sub-022_ses-01_task-WorkingMemory_run-4_eeg.set,500.0586756077117
66,O1,0.3926581144332886,2.0079314708709717,-0.13476218283176422,False,False,sub-022,sub-022_ses-01_task-WorkingMemory_run-4_eeg.set,500.0586756077117
67,OZ,0.7770472764968872,4.952855110168457,2.56418514251709,False,False,sub-022,sub-022_ses-01_task-WorkingMemory_run-4_eeg.set,500.0586756077117
68,O2,0.9201880097389221,5.501532077789307,3.56923246383667,False,False,sub-022,sub-022_ses-01_task-WorkingMemory_run-4_eeg.set,500.0586756077117
69,LEYE,0.507542073726654,2.4297971725463867,0.671883225440979,False,False,sub-022,sub-022_ses-01_task-WorkingMemory_run-4_eeg.set,500.0586756077117
70,REYE,0.5855412483215332,2.7561211585998535,1.2195460796356201,False,False,sub-022,sub-022_ses-01_task-WorkingMemory_run-4_eeg.set,500.0586756077117
0,FP1,0.7803572416305542,4.459591865539551,2.351341485977173,False,False,sub-022,sub-022_ses-01_task-WorkingMemory_run-5_eeg.set,500.0586756077117
1,FPZ,0.5494534373283386,2.984889030456543,0.4891153872013092,False,False,sub-022,sub-022_ses-01_task-WorkingMemory_run-5_eeg.set,500.0586756077117
2,FP2,0.4710425138473511,2.6286580562591553,-0.14326421916484833,False,False,sub-022,sub-022_ses-01_task-WorkingMemory_run-5_eeg.set,500.0586756077117
3,AF7,0.9547274112701416,5.292473316192627,3.757627010345459,False,False,sub-022,sub-022_ses-01_task-WorkingMemory_run-5_eeg.set,500.0586756077117
4,AF3,0.8510385751724243,4.392303466796875,2.921382427215576,False,False,sub-022,sub-022_ses-01_task-WorkingMemory_run-5_eeg.set,500.0586756077117
5,AFZ,0.42816004157066345,2.215383529663086,-0.4891089200973511,False,False,sub-022,sub-022_ses-01_task-WorkingMemory_run-5_eeg.set,500.0586756077117
6,AF4,0.38690096139907837,2.028048038482666,-0.8218610286712646,False,False,sub-022,sub-022_ses-01_task-WorkingMemory_run-5_eeg.set,500.0586756077117
7,AF8,0.8552879691123962,4.806881904602051,2.955653429031372,False,False,sub-022,sub-022_ses-01_task-WorkingMemory_run-5_eeg.set,500.0586756077117
8,F9,0.4298885762691498,2.238992691040039,-0.475168377161026,False,False,sub-022,sub-022_ses-01_task-WorkingMemory_run-5_eeg.set,500.0586756077117
9,F7,0.3387632966041565,1.7347745895385742,-1.2100886106491089,False,False,sub-022,sub-022_ses-01_task-WorkingMemory_run-5_eeg.set,500.0586756077117
10,F5,0.7678990960121155,4.618056297302246,2.2508673667907715,False,False,sub-022,sub-022_ses-01_task-WorkingMemory_run-5_eeg.set,500.0586756077117
11,F3,0.3638547360897064,1.846440076828003,-1.0077275037765503,False,False,sub-022,sub-022_ses-01_task-WorkingMemory_run-5_eeg.set,500.0586756077117
12,F1,0.6303569078445435,2.7051196098327637,1.1415972709655762,False,False,sub-022,sub-022_ses-01_task-WorkingMemory_run-5_eeg.set,500.0586756077117
13,FZ,1.1351054906845093,6.293691635131836,5.212365627288818,False,False,sub-022,sub-022_ses-01_task-WorkingMemory_run-5_eeg.set,500.0586756077117
14,F2,0.5783570408821106,2.6885886192321777,0.722221314907074,False,False,sub-022,sub-022_ses-01_task-WorkingMemory_run-5_eeg.set,500.0586756077117
15,F4,0.4007375240325928,2.219574451446533,-0.7102699875831604,False,False,sub-022,sub-022_ses-01_task-WorkingMemory_run-5_eeg.set,500.0586756077117
16,F6,0.797741174697876,4.72618293762207,2.491541862487793,False,False,sub-022,sub-022_ses-01_task-WorkingMemory_run-5_eeg.set,500.0586756077117
17,F8,1.7068809270858765,10.758871078491211,9.823701858520508,False,True,sub-022,sub-022_ses-01_task-WorkingMemory_run-5_eeg.set,500.0586756077117
18,F10,0.6095742583274841,3.1831674575805664,0.9739864468574524,False,False,sub-022,sub-022_ses-01_task-WorkingMemory_run-5_eeg.set,500.0586756077117
19,FT9,0.40707170963287354,2.1189451217651367,-0.6591851115226746,False,False,sub-022,sub-022_ses-01_task-WorkingMemory_run-5_eeg.set,500.0586756077117
20,FT7,0.631538450717926,3.2221431732177734,1.1511263847351074,False,False,sub-022,sub-022_ses-01_task-WorkingMemory_run-5_eeg.set,500.0586756077117
21,FC5,0.4127216637134552,2.2494699954986572,-0.6136185526847839,False,False,sub-022,sub-022_ses-01_task-WorkingMemory_run-5_eeg.set,500.0586756077117
22,FC3,0.36431410908699036,1.8601771593093872,-1.0040227174758911,False,False,sub-022,sub-022_ses-01_task-WorkingMemory_run-5_eeg.set,500.0586756077117
23,FC1,0.32703033089637756,1.624086856842041,-1.304714322090149,False,False,sub-022,sub-022_ses-01_task-WorkingMemory_run-5_eeg.set,500.0586756077117
24,FCZ,0.5724399089813232,3.593135356903076,0.6744999885559082,False,False,sub-022,sub-022_ses-01_task-WorkingMemory_run-5_eeg.set,500.0586756077117
25,FC2,0.41231200098991394,2.294266700744629,-0.6169224381446838,False,False,sub-022,sub-022_ses-01_task-WorkingMemory_run-5_eeg.set,500.0586756077117
26,FC4,0.4154417812824249,2.29170560836792,-0.5916809439659119,False,False,sub-022,sub-022_ses-01_task-WorkingMemory_run-5_eeg.set,500.0586756077117
27,FC6,1.2742688655853271,9.95513916015625,6.334710597991943,False,True,sub-022,sub-022_ses-01_task-WorkingMemory_run-5_eeg.set,500.0586756077117
28,FT8,0.644277811050415,2.852175235748291,1.253868579864502,False,False,sub-022,sub-022_ses-01_task-WorkingMemory_run-5_eeg.set,500.0586756077117
29,FT10,0.4220464527606964,2.3686792850494385,-0.5384146571159363,False,False,sub-022,sub-022_ses-01_task-WorkingMemory_run-5_eeg.set,500.0586756077117
30,T7,0.5233099460601807,2.717319965362549,0.2782696485519409,False,False,sub-022,sub-022_ses-01_task-WorkingMemory_run-5_eeg.set,500.0586756077117
31,C5,0.34015896916389465,1.7016193866729736,-1.1988325119018555,False,False,sub-022,sub-022_ses-01_task-WorkingMemory_run-5_eeg.set,500.0586756077117
32,C3,0.4952327609062195,2.8426291942596436,0.05182874575257301,False,False,sub-022,sub-022_ses-01_task-WorkingMemory_run-5_eeg.set,500.0586756077117
33,C1,0.4353916645050049,2.509681463241577,-0.43078628182411194,False,False,sub-022,sub-022_ses-01_task-WorkingMemory_run-5_eeg.set,500.0586756077117
34,CZ,0.40647438168525696,2.1955928802490234,-0.664002537727356,False,False,sub-022,sub-022_ses-01_task-WorkingMemory_run-5_eeg.set,500.0586756077117
35,C2,0.3811022937297821,2.1041836738586426,-0.8686270117759705,False,False,sub-022,sub-022_ses-01_task-WorkingMemory_run-5_eeg.set,500.0586756077117
36,C4,0.3522608280181885,1.811981201171875,-1.1012316942214966,False,False,sub-022,sub-022_ses-01_task-WorkingMemory_run-5_eeg.set,500.0586756077117
37,C6,0.40799373388290405,2.3080036640167236,-0.6517490744590759,False,False,sub-022,sub-022_ses-01_task-WorkingMemory_run-5_eeg.set,500.0586756077117
38,T8,0.3112393021583557,1.5639233589172363,-1.4320679903030396,False,False,sub-022,sub-022_ses-01_task-WorkingMemory_run-5_eeg.set,500.0586756077117
39,TP9,0.3824857473373413,2.214172840118408,-0.8574694991111755,False,False,sub-022,sub-022_ses-01_task-WorkingMemory_run-5_eeg.set,500.0586756077117
40,TP7,0.322722464799881,1.7038546800613403,-1.3394569158554077,False,False,sub-022,sub-022_ses-01_task-WorkingMemory_run-5_eeg.set,500.0586756077117
41,CP5,0.47467151284217834,2.7661211490631104,-0.11399655044078827,False,False,sub-022,sub-022_ses-01_task-WorkingMemory_run-5_eeg.set,500.0586756077117
42,CP3,0.5520740151405334,3.407336711883545,0.5102502107620239,False,False,sub-022,sub-022_ses-01_task-WorkingMemory_run-5_eeg.set,500.0586756077117
43,CP1,0.36746200919151306,1.8593854904174805,-0.9786351323127747,False,False,sub-022,sub-022_ses-01_task-WorkingMemory_run-5_eeg.set,500.0586756077117
44,CPZ,0.5173268914222717,3.048032522201538,0.23001664876937866,False,False,sub-022,sub-022_ses-01_task-WorkingMemory_run-5_eeg.set,500.0586756077117
45,CP2,0.38220590353012085,1.930259108543396,-0.8597264289855957,False,False,sub-022,sub-022_ses-01_task-WorkingMemory_run-5_eeg.set,500.0586756077117
46,CP4,0.4779317080974579,2.6251654624938965,-0.08770326524972916,False,False,sub-022,sub-022_ses-01_task-WorkingMemory_run-5_eeg.set,500.0586756077117
47,CP6,0.4371461272239685,2.3214147090911865,-0.4166366457939148,False,False,sub-022,sub-022_ses-01_task-WorkingMemory_run-5_eeg.set,500.0586756077117
48,TP8,0.518619179725647,3.033270835876465,0.24043886363506317,False,False,sub-022,sub-022_ses-01_task-WorkingMemory_run-5_eeg.set,500.0586756077117
49,TP10,0.5278846621513367,3.143446445465088,0.3151644766330719,False,False,sub-022,sub-022_ses-01_task-WorkingMemory_run-5_eeg.set,500.0586756077117
50,P7,0.4753858149051666,2.6781110763549805,-0.10823575407266617,False,False,sub-022,sub-022_ses-01_task-WorkingMemory_run-5_eeg.set,500.0586756077117
51,P5,0.4099186956882477,2.1506099700927734,-0.6362243294715881,False,False,sub-022,sub-022_ses-01_task-WorkingMemory_run-5_eeg.set,500.0586756077117
52,P3,0.5368798971176147,3.1617937088012695,0.3877105116844177,False,False,sub-022,sub-022_ses-01_task-WorkingMemory_run-5_eeg.set,500.0586756077117
53,P1,0.4308811128139496,2.2214372158050537,-0.467163622379303,False,False,sub-022,sub-022_ses-01_task-WorkingMemory_run-5_eeg.set,500.0586756077117
54,PZ,0.4768586754798889,2.7393457889556885,-0.09635721147060394,False,False,sub-022,sub-022_ses-01_task-WorkingMemory_run-5_eeg.set,500.0586756077117
55,P2,1.1001489162445068,6.863661289215088,4.930442810058594,False,False,sub-022,sub-022_ses-01_task-WorkingMemory_run-5_eeg.set,500.0586756077117
56,P4,0.5667223334312439,3.3482909202575684,0.6283880472183228,False,False,sub-022,sub-022_ses-01_task-WorkingMemory_run-5_eeg.set,500.0586756077117
57,P6,0.5386480689048767,2.849614143371582,0.4019707441329956,False,False,sub-022,sub-022_ses-01_task-WorkingMemory_run-5_eeg.set,500.0586756077117
58,P8,0.4888063371181488,2.648029327392578,0.0,False,False,sub-022,sub-022_ses-01_task-WorkingMemory_run-5_eeg.set,500.0586756077117
59,PO9,0.460457444190979,2.427492380142212,-0.22863221168518066,False,False,sub-022,sub-022_ses-01_task-WorkingMemory_run-5_eeg.set,500.0586756077117
60,PO7,1.4362108707427979,11.821603775024414,7.640763282775879,False,True,sub-022,sub-022_ses-01_task-WorkingMemory_run-5_eeg.set,500.0586756077117
61,PO3,1.567529559135437,10.96609115600586,8.699841499328613,False,True,sub-022,sub-022_ses-01_task-WorkingMemory_run-5_eeg.set,500.0586756077117
62,POZ,1.0836650133132935,8.784933090209961,4.797501087188721,False,False,sub-022,sub-022_ses-01_task-WorkingMemory_run-5_eeg.set,500.0586756077117
63,PO4,0.501349687576294,3.018742561340332,0.1011614128947258,False,False,sub-022,sub-022_ses-01_task-WorkingMemory_run-5_eeg.set,500.0586756077117
64,PO8,0.7066119909286499,4.052743434906006,1.7565901279449463,False,False,sub-022,sub-022_ses-01_task-WorkingMemory_run-5_eeg.set,500.0586756077117
65,PO10,0.43520471453666687,2.211425304412842,-0.43229401111602783,False,False,sub-022,sub-022_ses-01_task-WorkingMemory_run-5_eeg.set,500.0586756077117
66,O1,0.523158609867096,2.8241891860961914,0.27704912424087524,False,False,sub-022,sub-022_ses-01_task-WorkingMemory_run-5_eeg.set,500.0586756077117
67,OZ,0.4526863098144531,2.5343151092529297,-0.2913059592247009,False,False,sub-022,sub-022_ses-01_task-WorkingMemory_run-5_eeg.set,500.0586756077117
68,O2,0.5160699486732483,2.4608802795410156,0.21987946331501007,False,False,sub-022,sub-022_ses-01_task-WorkingMemory_run-5_eeg.set,500.0586756077117
69,LEYE,0.9226468801498413,5.499040603637695,3.498898983001709,False,False,sub-022,sub-022_ses-01_task-WorkingMemory_run-5_eeg.set,500.0586756077117
70,REYE,2.281721830368042,15.258556365966797,14.459761619567871,False,True,sub-022,sub-022_ses-01_task-WorkingMemory_run-5_eeg.set,500.0586756077117
0,FP1,0.47824254631996155,2.647461414337158,0.06354284286499023,False,False,sub-022,sub-022_ses-01_task-WorkingMemory_run-6_eeg.set,500.0586756077117
1,FPZ,0.7682938575744629,3.718137741088867,2.5345888137817383,False,False,sub-022,sub-022_ses-01_task-WorkingMemory_run-6_eeg.set,500.0586756077117
2,FP2,1.2522690296173096,8.673872947692871,6.657738208770752,False,True,sub-022,sub-022_ses-01_task-WorkingMemory_run-6_eeg.set,500.0586756077117
3,AF7,1.3151953220367432,11.394182205200195,7.19382905960083,False,True,sub-022,sub-022_ses-01_task-WorkingMemory_run-6_eeg.set,500.0586756077117
4,AF3,1.2100038528442383,7.543024063110352,6.297667026519775,False,True,sub-022,sub-022_ses-01_task-WorkingMemory_run-6_eeg.set,500.0586756077117
5,AFZ,0.9601595401763916,5.65196418762207,4.169157981872559,False,False,sub-022,sub-022_ses-01_task-WorkingMemory_run-6_eeg.set,500.0586756077117
6,AF4,0.7420402765274048,3.6139414310455322,2.3109257221221924,False,False,sub-022,sub-022_ses-01_task-WorkingMemory_run-6_eeg.set,500.0586756077117
7,AF8,0.47078388929367065,3.3878068923950195,0.0,False,False,sub-022,sub-022_ses-01_task-WorkingMemory_run-6_eeg.set,500.0586756077117
8,F9,0.8148791790008545,4.2279157638549805,2.9314651489257812,False,False,sub-022,sub-022_ses-01_task-WorkingMemory_run-6_eeg.set,500.0586756077117
9,F7,0.5217898488044739,4.220288276672363,0.4345371425151825,False,False,sub-022,sub-022_ses-01_task-WorkingMemory_run-6_eeg.set,500.0586756077117
10,F5,0.507759690284729,4.118485450744629,0.3150094449520111,False,False,sub-022,sub-022_ses-01_task-WorkingMemory_run-6_eeg.set,500.0586756077117
11,F3,0.4341857135295868,3.34898042678833,-0.3117923140525818,False,False,sub-022,sub-022_ses-01_task-WorkingMemory_run-6_eeg.set,500.0586756077117
12,F1,0.5293369293212891,3.375411033630371,0.4988333284854889,False,False,sub-022,sub-022_ses-01_task-WorkingMemory_run-6_eeg.set,500.0586756077117
13,FZ,0.4550879895687103,2.970574378967285,-0.13371871411800385,False,False,sub-022,sub-022_ses-01_task-WorkingMemory_run-6_eeg.set,500.0586756077117
14,F2,0.7710612416267395,4.64648962020874,2.5581650733947754,False,False,sub-022,sub-022_ses-01_task-WorkingMemory_run-6_eeg.set,500.0586756077117
15,F4,1.0142312049865723,5.904538631439209,4.629813194274902,False,False,sub-022,sub-022_ses-01_task-WorkingMemory_run-6_eeg.set,500.0586756077117
16,F6,0.4437479078769684,3.0029940605163574,-0.2303287386894226,False,False,sub-022,sub-022_ses-01_task-WorkingMemory_run-6_eeg.set,500.0586756077117
17,F8,0.42976114153862,2.524582624435425,-0.349486768245697,False,False,sub-022,sub-022_ses-01_task-WorkingMemory_run-6_eeg.set,500.0586756077117
18,F10,0.47356995940208435,2.6018266677856445,0.02373548224568367,False,False,sub-022,sub-022_ses-01_task-WorkingMemory_run-6_eeg.set,500.0586756077117
19,FT9,0.367683082818985,2.078944683074951,-0.8783509135246277,False,False,sub-022,sub-022_ses-01_task-WorkingMemory_run-6_eeg.set,500.0586756077117
20,FT7,0.4121219217777252,2.2975728511810303,-0.49976131319999695,False,False,sub-022,sub-022_ses-01_task-WorkingMemory_run-6_eeg.set,500.0586756077117
21,FC5,0.3998154401779175,2.2220239639282227,-0.6046044230461121,False,False,sub-022,sub-022_ses-01_task-WorkingMemory_run-6_eeg.set,500.0586756077117
22,FC3,0.5483129620552063,3.259051561355591,0.6604965925216675,False,False,sub-022,sub-022_ses-01_task-WorkingMemory_run-6_eeg.set,500.0586756077117
23,FC1,0.41429978609085083,2.2388436794281006,-0.48120731115341187,False,False,sub-022,sub-022_ses-01_task-WorkingMemory_run-6_eeg.set,500.0586756077117
24,FCZ,0.4756769835948944,2.7554945945739746,0.04168593883514404,False,False,sub-022,sub-022_ses-01_task-WorkingMemory_run-6_eeg.set,500.0586756077117
25,FC2,0.42335671186447144,2.378541946411133,-0.40404829382896423,False,False,sub-022,sub-022_ses-01_task-WorkingMemory_run-6_eeg.set,500.0586756077117
26,FC4,0.534522533416748,3.19752836227417,0.5430112481117249,False,False,sub-022,sub-022_ses-01_task-WorkingMemory_run-6_eeg.set,500.0586756077117
27,FC6,0.47457608580589294,2.6071815490722656,0.032307013869285583,False,False,sub-022,sub-022_ses-01_task-WorkingMemory_run-6_eeg.set,500.0586756077117
28,FT8,0.38737332820892334,2.050250768661499,-0.7106029987335205,False,False,sub-022,sub-022_ses-01_task-WorkingMemory_run-6_eeg.set,500.0586756077117
29,FT10,0.3656572103500366,1.894542932510376,-0.8956100344657898,False,False,sub-022,sub-022_ses-01_task-WorkingMemory_run-6_eeg.set,500.0586756077117
30,T7,0.3635569214820862,1.8698629140853882,-0.913503110408783,False,False,sub-022,sub-022_ses-01_task-WorkingMemory_run-6_eeg.set,500.0586756077117
31,C5,0.36844170093536377,1.8267892599105835,-0.8718880414962769,False,False,sub-022,sub-022_ses-01_task-WorkingMemory_run-6_eeg.set,500.0586756077117
32,C3,0.3783964216709137,1.9350554943084717,-0.7870803475379944,False,False,sub-022,sub-022_ses-01_task-WorkingMemory_run-6_eeg.set,500.0586756077117
33,C1,0.39961427450180054,2.1552574634552,-0.6063182353973389,False,False,sub-022,sub-022_ses-01_task-WorkingMemory_run-6_eeg.set,500.0586756077117
34,CZ,0.4791548550128937,2.7410035133361816,0.07131510972976685,False,False,sub-022,sub-022_ses-01_task-WorkingMemory_run-6_eeg.set,500.0586756077117
35,C2,0.4312417209148407,2.2926275730133057,-0.33687320351600647,False,False,sub-022,sub-022_ses-01_task-WorkingMemory_run-6_eeg.set,500.0586756077117
36,C4,0.518805980682373,3.104796886444092,0.40911656618118286,False,False,sub-022,sub-022_ses-01_task-WorkingMemory_run-6_eeg.set,500.0586756077117
37,C6,0.42536571621894836,2.262592315673828,-0.386932909488678,False,False,sub-022,sub-022_ses-01_task-WorkingMemory_run-6_eeg.set,500.0586756077117
38,T8,0.519620418548584,3.105849266052246,0.4160550534725189,False,False,sub-022,sub-022_ses-01_task-WorkingMemory_run-6_eeg.set,500.0586756077117
39,TP9,0.39161109924316406,1.9811558723449707,-0.6744999885559082,False,False,sub-022,sub-022_ses-01_task-WorkingMemory_run-6_eeg.set,500.0586756077117
40,TP7,0.5854893326759338,3.510629653930664,0.9772147536277771,False,False,sub-022,sub-022_ses-01_task-WorkingMemory_run-6_eeg.set,500.0586756077117
41,CP5,0.4072049856185913,2.1797046661376953,-0.5416503548622131,False,False,sub-022,sub-022_ses-01_task-WorkingMemory_run-6_eeg.set,500.0586756077117
42,CP3,0.4587811827659607,2.5263335704803467,-0.10225514322519302,False,False,sub-022,sub-022_ses-01_task-WorkingMemory_run-6_eeg.set,500.0586756077117
43,CP1,0.44725754857063293,2.4028122425079346,-0.20042891800403595,False,False,sub-022,sub-022_ses-01_task-WorkingMemory_run-6_eeg.set,500.0586756077117
44,CPZ,0.9724434614181519,5.918154716491699,4.27380895614624,False,False,sub-022,sub-022_ses-01_task-WorkingMemory_run-6_eeg.set,500.0586756077117
45,CP2,0.4719308018684387,2.6092772483825684,0.009770939126610756,False,False,sub-022,sub-022_ses-01_task-WorkingMemory_run-6_eeg.set,500.0586756077117
46,CP4,0.5121523141860962,3.0157995223999023,0.3524317145347595,False,False,sub-022,sub-022_ses-01_task-WorkingMemory_run-6_eeg.set,500.0586756077117
47,CP6,0.42340120673179626,2.2687017917633057,-0.40366923809051514,False,False,sub-022,sub-022_ses-01_task-WorkingMemory_run-6_eeg.set,500.0586756077117
48,TP8,0.4254447817802429,2.45560884475708,-0.3862592875957489,False,False,sub-022,sub-022_ses-01_task-WorkingMemory_run-6_eeg.set,500.0586756077117
49,TP10,0.38332539796829224,2.0278990268707275,-0.7450886964797974,False,False,sub-022,sub-022_ses-01_task-WorkingMemory_run-6_eeg.set,500.0586756077117
50,P7,0.5623639822006226,3.422153949737549,0.7802020311355591,False,False,sub-022,sub-022_ses-01_task-WorkingMemory_run-6_eeg.set,500.0586756077117
51,P5,0.4412297308444977,2.4404749870300293,-0.2517819404602051,False,False,sub-022,sub-022_ses-01_task-WorkingMemory_run-6_eeg.set,500.0586756077117
52,P3,0.42621278762817383,2.473304033279419,-0.3797164261341095,False,False,sub-022,sub-022_ses-01_task-WorkingMemory_run-6_eeg.set,500.0586756077117
53,P1,0.5627179741859436,3.2563695907592773,0.7832177877426147,False,False,sub-022,sub-022_ses-01_task-WorkingMemory_run-6_eeg.set,500.0586756077117
54,PZ,0.3831780254840851,2.097282648086548,-0.7463442087173462,False,False,sub-022,sub-022_ses-01_task-WorkingMemory_run-6_eeg.set,500.0586756077117
55,P2,0.4207678735256195,2.348916530609131,-0.42610347270965576,False,False,sub-022,sub-022_ses-01_task-WorkingMemory_run-6_eeg.set,500.0586756077117
56,P4,0.42752885818481445,2.497751235961914,-0.3685043454170227,False,False,sub-022,sub-022_ses-01_task-WorkingMemory_run-6_eeg.set,500.0586756077117
57,P6,0.6638315320014954,3.6333870887756348,1.6446387767791748,False,False,sub-022,sub-022_ses-01_task-WorkingMemory_run-6_eeg.set,500.0586756077117
58,P8,2.9784157276153564,15.258556365966797,21.36336898803711,False,True,sub-022,sub-022_ses-01_task-WorkingMemory_run-6_eeg.set,500.0586756077117
59,PO9,3.687299966812134,15.258556365966797,27.40259552001953,False,True,sub-022,sub-022_ses-01_task-WorkingMemory_run-6_eeg.set,500.0586756077117
60,PO7,5.359138488769531,15.258556365966797,41.64556121826172,False,True,sub-022,sub-022_ses-01_task-WorkingMemory_run-6_eeg.set,500.0586756077117
61,PO3,5.024392127990723,15.258556365966797,38.79374313354492,False,True,sub-022,sub-022_ses-01_task-WorkingMemory_run-6_eeg.set,500.0586756077117
62,POZ,3.459226369857788,15.258556365966797,25.45956039428711,False,True,sub-022,sub-022_ses-01_task-WorkingMemory_run-6_eeg.set,500.0586756077117
63,PO4,4.543905735015869,15.258556365966797,34.700313568115234,False,True,sub-022,sub-022_ses-01_task-WorkingMemory_run-6_eeg.set,500.0586756077117
64,PO8,0.7568860054016113,3.840904712677002,2.437401533126831,False,False,sub-022,sub-022_ses-01_task-WorkingMemory_run-6_eeg.set,500.0586756077117
65,PO10,0.24077363312244415,1.2493133544921875,-1.959535837173462,False,False,sub-022,sub-022_ses-01_task-WorkingMemory_run-6_eeg.set,500.0586756077117
66,O1,0.22786740958690643,1.2046656608581543,-2.069488286972046,False,False,sub-022,sub-022_ses-01_task-WorkingMemory_run-6_eeg.set,500.0586756077117
67,OZ,0.22460685670375824,1.1851080656051636,-2.09726619720459,False,False,sub-022,sub-022_ses-01_task-WorkingMemory_run-6_eeg.set,500.0586756077117
68,O2,0.22254756093025208,1.1937226057052612,-2.114809989929199,False,False,sub-022,sub-022_ses-01_task-WorkingMemory_run-6_eeg.set,500.0586756077117
69,LEYE,0.22166892886161804,1.1766703128814697,-2.122295379638672,False,False,sub-022,sub-022_ses-01_task-WorkingMemory_run-6_eeg.set,500.0586756077117
70,REYE,0.22184495627880096,1.1879019737243652,-2.120795726776123,False,False,sub-022,sub-022_ses-01_task-WorkingMemory_run-6_eeg.set,500.0586756077117
0,FP1,0.596435546875,3.4704337120056152,2.986354351043701,False,False,sub-023,sub-023_ses-01_task-WorkingMemory_run-1_eeg.set,500.0586756077117
1,FPZ,0.4129815101623535,2.2599472999572754,0.32980969548225403,False,False,sub-023,sub-023_ses-01_task-WorkingMemory_run-1_eeg.set,500.0586756077117
2,FP2,0.5630193948745728,3.1618399620056152,2.502464532852173,False,False,sub-023,sub-023_ses-01_task-WorkingMemory_run-1_eeg.set,500.0586756077117
3,AF7,0.39388468861579895,1.9696075916290283,0.05327420309185982,False,False,sub-023,sub-023_ses-01_task-WorkingMemory_run-1_eeg.set,500.0586756077117
4,AF3,0.37986138463020325,1.9390136003494263,-0.14979317784309387,False,False,sub-023,sub-023_ses-01_task-WorkingMemory_run-1_eeg.set,500.0586756077117
5,AFZ,0.5126015543937683,2.812594175338745,1.7723785638809204,False,False,sub-023,sub-023_ses-01_task-WorkingMemory_run-1_eeg.set,500.0586756077117
6,AF4,0.4772002398967743,2.3871660232543945,1.2597423791885376,False,False,sub-023,sub-023_ses-01_task-WorkingMemory_run-1_eeg.set,500.0586756077117
7,AF8,0.3614565134048462,1.9741710424423218,-0.41630876064300537,False,False,sub-023,sub-023_ses-01_task-WorkingMemory_run-1_eeg.set,500.0586756077117
8,F9,0.5329359173774719,2.86297869682312,2.0668344497680664,False,False,sub-023,sub-023_ses-01_task-WorkingMemory_run-1_eeg.set,500.0586756077117
9,F7,0.47277727723121643,2.433732032775879,1.1956948041915894,False,False,sub-023,sub-023_ses-01_task-WorkingMemory_run-1_eeg.set,500.0586756077117
10,F5,0.3902057111263275,2.2345688343048096,0.0,False,False,sub-023,sub-023_ses-01_task-WorkingMemory_run-1_eeg.set,500.0586756077117
11,F3,0.3871491551399231,2.1313316822052,-0.04426109418272972,False,False,sub-023,sub-023_ses-01_task-WorkingMemory_run-1_eeg.set,500.0586756077117
12,F1,0.40130335092544556,2.3054890632629395,0.1607016921043396,False,False,sub-023,sub-023_ses-01_task-WorkingMemory_run-1_eeg.set,500.0586756077117
13,FZ,0.3643465042114258,1.8703285455703735,-0.3744596242904663,False,False,sub-023,sub-023_ses-01_task-WorkingMemory_run-1_eeg.set,500.0586756077117
14,F2,0.47920116782188416,2.7315690517425537,1.288717269897461,False,False,sub-023,sub-023_ses-01_task-WorkingMemory_run-1_eeg.set,500.0586756077117
15,F4,0.5399144291877747,3.0584633350372314,2.1678884029388428,False,False,sub-023,sub-023_ses-01_task-WorkingMemory_run-1_eeg.set,500.0586756077117
16,F6,0.36173519492149353,1.9308645725250244,-0.41227325797080994,False,False,sub-023,sub-023_ses-01_task-WorkingMemory_run-1_eeg.set,500.0586756077117
17,F8,0.46033063530921936,2.491474151611328,1.015458583831787,False,False,sub-023,sub-023_ses-01_task-WorkingMemory_run-1_eeg.set,500.0586756077117
18,F10,0.5291822552680969,2.8045382499694824,2.012478828430176,False,False,sub-023,sub-023_ses-01_task-WorkingMemory_run-1_eeg.set,500.0586756077117
19,FT9,0.3770659565925598,1.973938226699829,-0.1902729570865631,False,False,sub-023,sub-023_ses-01_task-WorkingMemory_run-1_eeg.set,500.0586756077117
20,FT7,0.36656221747398376,1.7566605806350708,-0.3423745334148407,False,False,sub-023,sub-023_ses-01_task-WorkingMemory_run-1_eeg.set,500.0586756077117
21,FC5,0.5465399026870728,2.9796266555786133,2.2638299465179443,False,False,sub-023,sub-023_ses-01_task-WorkingMemory_run-1_eeg.set,500.0586756077117
22,FC3,0.3766689598560333,1.9222497940063477,-0.19602175056934357,False,False,sub-023,sub-023_ses-01_task-WorkingMemory_run-1_eeg.set,500.0586756077117
23,FC1,0.5680129528045654,3.2905490398406982,2.574774742126465,False,False,sub-023,sub-023_ses-01_task-WorkingMemory_run-1_eeg.set,500.0586756077117
24,FCZ,0.381022185087204,1.9680708646774292,-0.1329839676618576,False,False,sub-023,sub-023_ses-01_task-WorkingMemory_run-1_eeg.set,500.0586756077117
25,FC2,0.3636893332004547,1.8473714590072632,-0.38397595286369324,False,False,sub-023,sub-023_ses-01_task-WorkingMemory_run-1_eeg.set,500.0586756077117
26,FC4,0.5134885311126709,2.854503631591797,1.7852225303649902,False,False,sub-023,sub-023_ses-01_task-WorkingMemory_run-1_eeg.set,500.0586756077117
27,FC6,0.80412757396698,5.282880783081055,5.993882179260254,False,False,sub-023,sub-023_ses-01_task-WorkingMemory_run-1_eeg.set,500.0586756077117
28,FT8,0.37479230761528015,1.8496997356414795,-0.22319701313972473,False,False,sub-023,sub-023_ses-01_task-WorkingMemory_run-1_eeg.set,500.0586756077117
29,FT10,0.5409108400344849,3.134552478790283,2.182317018508911,False,False,sub-023,sub-023_ses-01_task-WorkingMemory_run-1_eeg.set,500.0586756077117
30,T7,0.7067393064498901,4.443432807922363,4.583630561828613,False,False,sub-023,sub-023_ses-01_task-WorkingMemory_run-1_eeg.set,500.0586756077117
31,C5,0.38934633135795593,1.9132624864578247,-0.012444427236914635,False,False,sub-023,sub-023_ses-01_task-WorkingMemory_run-1_eeg.set,500.0586756077117
32,C3,0.37884020805358887,1.9567087888717651,-0.1645805388689041,False,False,sub-023,sub-023_ses-01_task-WorkingMemory_run-1_eeg.set,500.0586756077117
33,C1,0.40209874510765076,2.050865411758423,0.17221955955028534,False,False,sub-023,sub-023_ses-01_task-WorkingMemory_run-1_eeg.set,500.0586756077117
34,CZ,0.37748000025749207,1.874752402305603,-0.18427731096744537,False,False,sub-023,sub-023_ses-01_task-WorkingMemory_run-1_eeg.set,500.0586756077117
35,C2,0.5805039405822754,3.466010093688965,2.7556533813476562,False,False,sub-023,sub-023_ses-01_task-WorkingMemory_run-1_eeg.set,500.0586756077117
36,C4,0.36496955156326294,1.9045547246932983,-0.36543747782707214,False,False,sub-023,sub-023_ses-01_task-WorkingMemory_run-1_eeg.set,500.0586756077117
37,C6,0.43542471528053284,2.32011079788208,0.6548032164573669,False,False,sub-023,sub-023_ses-01_task-WorkingMemory_run-1_eeg.set,500.0586756077117
38,T8,0.7744864225387573,4.666484832763672,5.564656734466553,False,False,sub-023,sub-023_ses-01_task-WorkingMemory_run-1_eeg.set,500.0586756077117
39,TP9,0.38979214429855347,1.8992927074432373,-0.005988740362226963,False,False,sub-023,sub-023_ses-01_task-WorkingMemory_run-1_eeg.set,500.0586756077117
40,TP7,0.5294016003608704,2.9790680408477783,2.015655040740967,False,False,sub-023,sub-023_ses-01_task-WorkingMemory_run-1_eeg.set,500.0586756077117
41,CP5,0.6664040684700012,3.7023329734802246,3.9995479583740234,False,False,sub-023,sub-023_ses-01_task-WorkingMemory_run-1_eeg.set,500.0586756077117
42,CP3,0.3759787082672119,1.8742866516113281,-0.20601707696914673,False,False,sub-023,sub-023_ses-01_task-WorkingMemory_run-1_eeg.set,500.0586756077117
43,CP1,0.36101967096328735,1.7747282981872559,-0.4226345419883728,False,False,sub-023,sub-023_ses-01_task-WorkingMemory_run-1_eeg.set,500.0586756077117
44,CPZ,0.3642038106918335,1.7494895458221436,-0.3765259385108948,False,False,sub-023,sub-023_ses-01_task-WorkingMemory_run-1_eeg.set,500.0586756077117
45,CP2,0.3997925817966461,2.045975923538208,0.1388246715068817,False,False,sub-023,sub-023_ses-01_task-WorkingMemory_run-1_eeg.set,500.0586756077117
46,CP4,0.6944555640220642,4.052184581756592,4.4057536125183105,False,False,sub-023,sub-023_ses-01_task-WorkingMemory_run-1_eeg.set,500.0586756077117
47,CP6,1.3473286628723145,9.097904205322266,13.859817504882812,False,True,sub-023,sub-023_ses-01_task-WorkingMemory_run-1_eeg.set,500.0586756077117
48,TP8,0.43789929151535034,2.183253049850464,0.6906368136405945,False,False,sub-023,sub-023_ses-01_task-WorkingMemory_run-1_eeg.set,500.0586756077117
49,TP10,0.4455067217350006,2.279737949371338,0.8007978200912476,False,False,sub-023,sub-023_ses-01_task-WorkingMemory_run-1_eeg.set,500.0586756077117
50,P7,0.33324775099754333,1.5881378650665283,-0.8247916102409363,False,False,sub-023,sub-023_ses-01_task-WorkingMemory_run-1_eeg.set,500.0586756077117
51,P5,0.366765558719635,1.7839484214782715,-0.3394300043582916,False,False,sub-023,sub-023_ses-01_task-WorkingMemory_run-1_eeg.set,500.0586756077117
52,P3,0.38154006004333496,1.8618069887161255,-0.12548476457595825,False,False,sub-023,sub-023_ses-01_task-WorkingMemory_run-1_eeg.set,500.0586756077117
53,P1,0.3692564070224762,1.8387566804885864,-0.3033607602119446,False,False,sub-023,sub-023_ses-01_task-WorkingMemory_run-1_eeg.set,500.0586756077117
54,PZ,0.38870611786842346,2.0606443881988525,-0.02171517349779606,False,False,sub-023,sub-023_ses-01_task-WorkingMemory_run-1_eeg.set,500.0586756077117
55,P2,0.47302278876304626,2.5429296493530273,1.1992499828338623,False,False,sub-023,sub-023_ses-01_task-WorkingMemory_run-1_eeg.set,500.0586756077117
56,P4,0.33882397413253784,1.8308405876159668,-0.7440440058708191,False,False,sub-023,sub-023_ses-01_task-WorkingMemory_run-1_eeg.set,500.0586756077117
57,P6,0.3183096945285797,1.5866011381149292,-1.0411052703857422,False,False,sub-023,sub-023_ses-01_task-WorkingMemory_run-1_eeg.set,500.0586756077117
58,P8,0.41227391362190247,2.7352943420410156,0.31956321001052856,False,False,sub-023,sub-023_ses-01_task-WorkingMemory_run-1_eeg.set,500.0586756077117
59,PO9,0.39808011054992676,2.6021153926849365,0.11402688175439835,False,False,sub-023,sub-023_ses-01_task-WorkingMemory_run-1_eeg.set,500.0586756077117
60,PO7,0.3436264991760254,1.7449259757995605,-0.6744999885559082,False,False,sub-023,sub-023_ses-01_task-WorkingMemory_run-1_eeg.set,500.0586756077117
61,PO3,0.3119373619556427,1.546228289604187,-1.1333811283111572,False,False,sub-023,sub-023_ses-01_task-WorkingMemory_run-1_eeg.set,500.0586756077117
62,POZ,0.4165996313095093,2.6365275382995605,0.3822026550769806,False,False,sub-023,sub-023_ses-01_task-WorkingMemory_run-1_eeg.set,500.0586756077117
63,PO4,0.320699006319046,1.6139819622039795,-1.006506323814392,False,False,sub-023,sub-023_ses-01_task-WorkingMemory_run-1_eeg.set,500.0586756077117
64,PO8,0.2794281542301178,1.3987067937850952,-1.6041374206542969,False,False,sub-023,sub-023_ses-01_task-WorkingMemory_run-1_eeg.set,500.0586756077117
65,PO10,0.3520618677139282,1.7096754312515259,-0.552349865436554,False,False,sub-023,sub-023_ses-01_task-WorkingMemory_run-1_eeg.set,500.0586756077117
66,O1,0.33998388051986694,1.695565938949585,-0.7272476553916931,False,False,sub-023,sub-023_ses-01_task-WorkingMemory_run-1_eeg.set,500.0586756077117
67,OZ,0.3900110721588135,2.001645088195801,-0.00281851040199399,False,False,sub-023,sub-023_ses-01_task-WorkingMemory_run-1_eeg.set,500.0586756077117
68,O2,0.6366800665855408,4.0283427238464355,3.5691232681274414,False,False,sub-023,sub-023_ses-01_task-WorkingMemory_run-1_eeg.set,500.0586756077117
69,LEYE,0.3009597957134247,1.4693942070007324,-1.292344093322754,False,False,sub-023,sub-023_ses-01_task-WorkingMemory_run-1_eeg.set,500.0586756077117
70,REYE,0.31720665097236633,1.5594996213912964,-1.0570781230926514,False,False,sub-023,sub-023_ses-01_task-WorkingMemory_run-1_eeg.set,500.0586756077117
0,FP1,0.3849819302558899,1.8004792928695679,1.053910493850708,False,False,sub-023,sub-023_ses-01_task-WorkingMemory_run-2_eeg.set,500.0586756077117
1,FPZ,0.320203572511673,1.4961696863174438,0.0203087255358696,False,False,sub-023,sub-023_ses-01_task-WorkingMemory_run-2_eeg.set,500.0586756077117
2,FP2,0.3891114592552185,2.0470376014709473,1.1198011636734009,False,False,sub-023,sub-023_ses-01_task-WorkingMemory_run-2_eeg.set,500.0586756077117
3,AF7,0.6471811532974243,3.8894171714782715,5.237554550170898,False,False,sub-023,sub-023_ses-01_task-WorkingMemory_run-2_eeg.set,500.0586756077117
4,AF3,0.30273520946502686,1.442152976989746,-0.2584160268306732,False,False,sub-023,sub-023_ses-01_task-WorkingMemory_run-2_eeg.set,500.0586756077117
5,AFZ,0.2969682514667511,1.3974401950836182,-0.35043346881866455,False,False,sub-023,sub-023_ses-01_task-WorkingMemory_run-2_eeg.set,500.0586756077117
6,AF4,0.2939470708370209,1.371139645576477,-0.39863935112953186,False,False,sub-023,sub-023_ses-01_task-WorkingMemory_run-2_eeg.set,500.0586756077117
7,AF8,0.29858875274658203,1.3832281827926636,-0.32457679510116577,False,False,sub-023,sub-023_ses-01_task-WorkingMemory_run-2_eeg.set,500.0586756077117
8,F9,0.7389504313468933,5.026543617248535,6.701822757720947,False,True,sub-023,sub-023_ses-01_task-WorkingMemory_run-2_eeg.set,500.0586756077117
9,F7,0.281645804643631,1.3061798810958862,-0.5949180126190186,False,False,sub-023,sub-023_ses-01_task-WorkingMemory_run-2_eeg.set,500.0586756077117
10,F5,0.2680717706680298,1.2796279191970825,-0.8115049600601196,False,False,sub-023,sub-023_ses-01_task-WorkingMemory_run-2_eeg.set,500.0586756077117
11,F3,0.2569376528263092,1.2130476236343384,-0.9891606569290161,False,False,sub-023,sub-023_ses-01_task-WorkingMemory_run-2_eeg.set,500.0586756077117
12,F1,0.29075536131858826,1.3397074937820435,-0.44956618547439575,False,False,sub-023,sub-023_ses-01_task-WorkingMemory_run-2_eeg.set,500.0586756077117
13,FZ,0.26662304997444153,1.2696255445480347,-0.8346207141876221,False,False,sub-023,sub-023_ses-01_task-WorkingMemory_run-2_eeg.set,500.0586756077117
14,F2,0.26263999938964844,1.2509897947311401,-0.8981741666793823,False,False,sub-023,sub-023_ses-01_task-WorkingMemory_run-2_eeg.set,500.0586756077117
15,F4,0.24367836117744446,1.2270175218582153,-1.2007255554199219,False,False,sub-023,sub-023_ses-01_task-WorkingMemory_run-2_eeg.set,500.0586756077117
16,F6,0.9970647096633911,6.0088653564453125,10.820287704467773,False,True,sub-023,sub-023_ses-01_task-WorkingMemory_run-2_eeg.set,500.0586756077117
17,F8,0.4746128022670746,2.5434420108795166,2.484058380126953,False,False,sub-023,sub-023_ses-01_task-WorkingMemory_run-2_eeg.set,500.0586756077117
18,F10,0.3274456560611725,1.491038203239441,0.13586321473121643,False,False,sub-023,sub-023_ses-01_task-WorkingMemory_run-2_eeg.set,500.0586756077117
19,FT9,0.3469051718711853,1.6575212478637695,0.4463587701320648,False,False,sub-023,sub-023_ses-01_task-WorkingMemory_run-2_eeg.set,500.0586756077117
20,FT7,0.3984796404838562,2.1965150833129883,1.2692795991897583,False,False,sub-023,sub-023_ses-01_task-WorkingMemory_run-2_eeg.set,500.0586756077117
21,FC5,0.6867584586143494,4.457487106323242,5.869049072265625,False,False,sub-023,sub-023_ses-01_task-WorkingMemory_run-2_eeg.set,500.0586756077117
22,FC3,0.4365796148777008,2.294285297393799,1.8772019147872925,False,False,sub-023,sub-023_ses-01_task-WorkingMemory_run-2_eeg.set,500.0586756077117
23,FC1,0.27729669213294983,1.330627202987671,-0.6643123626708984,False,False,sub-023,sub-023_ses-01_task-WorkingMemory_run-2_eeg.set,500.0586756077117
24,FCZ,0.3037097156047821,1.5094410181045532,-0.24286681413650513,False,False,sub-023,sub-023_ses-01_task-WorkingMemory_run-2_eeg.set,500.0586756077117
25,FC2,0.621483325958252,4.171607971191406,4.827520370483398,False,False,sub-023,sub-023_ses-01_task-WorkingMemory_run-2_eeg.set,500.0586756077117
26,FC4,0.29849785566329956,1.3655517101287842,-0.32602712512016296,False,False,sub-023,sub-023_ses-01_task-WorkingMemory_run-2_eeg.set,500.0586756077117
27,FC6,0.3624037504196167,1.6896426677703857,0.6936536431312561,False,False,sub-023,sub-023_ses-01_task-WorkingMemory_run-2_eeg.set,500.0586756077117
28,FT8,0.3124905526638031,1.501515507698059,-0.10276001691818237,False,False,sub-023,sub-023_ses-01_task-WorkingMemory_run-2_eeg.set,500.0586756077117
29,FT10,0.29081425070762634,1.3273582458496094,-0.4486265480518341,False,False,sub-023,sub-023_ses-01_task-WorkingMemory_run-2_eeg.set,500.0586756077117
30,T7,0.37694260478019714,1.8542633056640625,0.9256352186203003,False,False,sub-023,sub-023_ses-01_task-WorkingMemory_run-2_eeg.set,500.0586756077117
31,C5,0.31446075439453125,1.439591884613037,-0.07132352888584137,False,False,sub-023,sub-023_ses-01_task-WorkingMemory_run-2_eeg.set,500.0586756077117
32,C3,0.2940727174282074,1.3906974792480469,-0.3966344892978668,False,False,sub-023,sub-023_ses-01_task-WorkingMemory_run-2_eeg.set,500.0586756077117
33,C1,0.48184439539909363,2.5304033756256104,2.5994455814361572,False,False,sub-023,sub-023_ses-01_task-WorkingMemory_run-2_eeg.set,500.0586756077117
34,CZ,0.49008846282958984,2.785334348678589,2.730987548828125,False,False,sub-023,sub-023_ses-01_task-WorkingMemory_run-2_eeg.set,500.0586756077117
35,C2,0.2896748483181,1.5303864479064941,-0.4668067991733551,False,False,sub-023,sub-023_ses-01_task-WorkingMemory_run-2_eeg.set,500.0586756077117
36,C4,0.26429232954978943,1.374157190322876,-0.8718096017837524,False,False,sub-023,sub-023_ses-01_task-WorkingMemory_run-2_eeg.set,500.0586756077117
37,C6,0.2595321536064148,1.3087409734725952,-0.9477628469467163,False,False,sub-023,sub-023_ses-01_task-WorkingMemory_run-2_eeg.set,500.0586756077117
38,T8,0.26103389263153076,1.266365885734558,-0.9238011837005615,False,False,sub-023,sub-023_ses-01_task-WorkingMemory_run-2_eeg.set,500.0586756077117
39,TP9,0.2762841582298279,1.3182871341705322,-0.6804683208465576,False,False,sub-023,sub-023_ses-01_task-WorkingMemory_run-2_eeg.set,500.0586756077117
40,TP7,0.24696695804595947,1.2363306283950806,-1.1482528448104858,False,False,sub-023,sub-023_ses-01_task-WorkingMemory_run-2_eeg.set,500.0586756077117
41,CP5,0.2745562493801117,1.3126991987228394,-0.7080388069152832,False,False,sub-023,sub-023_ses-01_task-WorkingMemory_run-2_eeg.set,500.0586756077117
42,CP3,0.27094653248786926,1.2484378814697266,-0.7656353116035461,False,False,sub-023,sub-023_ses-01_task-WorkingMemory_run-2_eeg.set,500.0586756077117
43,CP1,0.2943020164966583,1.3795123100280762,-0.3929758369922638,False,False,sub-023,sub-023_ses-01_task-WorkingMemory_run-2_eeg.set,500.0586756077117
44,CPZ,0.3100016117095947,1.4775339365005493,-0.142473503947258,False,False,sub-023,sub-023_ses-01_task-WorkingMemory_run-2_eeg.set,500.0586756077117
45,CP2,0.27665820717811584,1.3068690299987793,-0.6744999885559082,False,False,sub-023,sub-023_ses-01_task-WorkingMemory_run-2_eeg.set,500.0586756077117
46,CP4,0.4667947590351105,2.7378368377685547,2.359313726425171,False,False,sub-023,sub-023_ses-01_task-WorkingMemory_run-2_eeg.set,500.0586756077117
47,CP6,0.9816092848777771,5.898987770080566,10.573680877685547,False,True,sub-023,sub-023_ses-01_task-WorkingMemory_run-2_eeg.set,500.0586756077117
48,TP8,0.34031566977500916,1.6519334316253662,0.3412168323993683,False,False,sub-023,sub-023_ses-01_task-WorkingMemory_run-2_eeg.set,500.0586756077117
49,TP10,0.3293026387691498,1.5613529682159424,0.1654931902885437,False,False,sub-023,sub-023_ses-01_task-WorkingMemory_run-2_eeg.set,500.0586756077117
50,P7,0.6256727576255798,3.783022880554199,4.894367218017578,False,False,sub-023,sub-023_ses-01_task-WorkingMemory_run-2_eeg.set,500.0586756077117
51,P5,0.4974128007888794,2.7734694480895996,2.8478546142578125,False,False,sub-023,sub-023_ses-01_task-WorkingMemory_run-2_eeg.set,500.0586756077117
52,P3,0.3280608057975769,1.542502999305725,0.1456785351037979,False,False,sub-023,sub-023_ses-01_task-WorkingMemory_run-2_eeg.set,500.0586756077117
53,P1,0.33076587319374084,1.5888363122940063,0.18884052336215973,False,False,sub-023,sub-023_ses-01_task-WorkingMemory_run-2_eeg.set,500.0586756077117
54,PZ,0.3517496585845947,1.9203685522079468,0.5236572623252869,False,False,sub-023,sub-023_ses-01_task-WorkingMemory_run-2_eeg.set,500.0586756077117
55,P2,0.3729156255722046,1.9252393245697021,0.861380934715271,False,False,sub-023,sub-023_ses-01_task-WorkingMemory_run-2_eeg.set,500.0586756077117
56,P4,0.3336248993873596,1.6470346450805664,0.2344590723514557,False,False,sub-023,sub-023_ses-01_task-WorkingMemory_run-2_eeg.set,500.0586756077117
57,P6,0.3491133451461792,1.6835983991622925,0.4815922975540161,False,False,sub-023,sub-023_ses-01_task-WorkingMemory_run-2_eeg.set,500.0586756077117
58,P8,0.42839568853378296,2.331538200378418,1.7466193437576294,False,False,sub-023,sub-023_ses-01_task-WorkingMemory_run-2_eeg.set,500.0586756077117
59,PO9,0.3189307749271393,1.4493706226348877,0.0,False,False,sub-023,sub-023_ses-01_task-WorkingMemory_run-2_eeg.set,500.0586756077117
60,PO7,0.29987847805023193,1.369277000427246,-0.3039979636669159,False,False,sub-023,sub-023_ses-01_task-WorkingMemory_run-2_eeg.set,500.0586756077117
61,PO3,0.33203402161598206,1.5250314474105835,0.20907506346702576,False,False,sub-023,sub-023_ses-01_task-WorkingMemory_run-2_eeg.set,500.0586756077117
62,POZ,0.31491586565971375,1.4570448398590088,-0.06406179070472717,False,False,sub-023,sub-023_ses-01_task-WorkingMemory_run-2_eeg.set,500.0586756077117
63,PO4,0.31250858306884766,1.4398152828216553,-0.10247232764959335,False,False,sub-023,sub-023_ses-01_task-WorkingMemory_run-2_eeg.set,500.0586756077117
64,PO8,0.3171745240688324,1.4791638851165771,-0.02802269347012043,False,False,sub-023,sub-023_ses-01_task-WorkingMemory_run-2_eeg.set,500.0586756077117
65,PO10,0.29155802726745605,1.3879034519195557,-0.4367588758468628,False,False,sub-023,sub-023_ses-01_task-WorkingMemory_run-2_eeg.set,500.0586756077117
66,O1,0.2880845069885254,1.3671815395355225,-0.49218225479125977,False,False,sub-023,sub-023_ses-01_task-WorkingMemory_run-2_eeg.set,500.0586756077117
67,OZ,0.3216705620288849,1.518046498298645,0.04371597245335579,False,False,sub-023,sub-023_ses-01_task-WorkingMemory_run-2_eeg.set,500.0586756077117
68,O2,0.3728976547718048,1.8109567165374756,0.8610941767692566,False,False,sub-023,sub-023_ses-01_task-WorkingMemory_run-2_eeg.set,500.0586756077117
69,LEYE,0.5990336537361145,3.6836042404174805,4.4693145751953125,False,False,sub-023,sub-023_ses-01_task-WorkingMemory_run-2_eeg.set,500.0586756077117
70,REYE,0.662039577960968,3.8279500007629395,5.474635124206543,False,False,sub-023,sub-023_ses-01_task-WorkingMemory_run-2_eeg.set,500.0586756077117
0,FP1,0.514792799949646,2.6360480785369873,0.021973516792058945,False,False,sub-023,sub-023_ses-01_task-WorkingMemory_run-3_eeg.set,500.0586756077117
1,FPZ,0.8579904437065125,8.276663780212402,1.781633973121643,False,False,sub-023,sub-023_ses-01_task-WorkingMemory_run-3_eeg.set,500.0586756077117
2,FP2,0.8388937711715698,5.995759010314941,1.6837204694747925,False,False,sub-023,sub-023_ses-01_task-WorkingMemory_run-3_eeg.set,500.0586756077117
3,AF7,0.8405255675315857,5.288834095001221,1.6920870542526245,False,False,sub-023,sub-023_ses-01_task-WorkingMemory_run-3_eeg.set,500.0586756077117
4,AF3,0.33369773626327515,1.8050754070281982,-0.9065462350845337,False,False,sub-023,sub-023_ses-01_task-WorkingMemory_run-3_eeg.set,500.0586756077117
5,AFZ,0.35787805914878845,1.9475678205490112,-0.7825676798820496,False,False,sub-023,sub-023_ses-01_task-WorkingMemory_run-3_eeg.set,500.0586756077117
6,AF4,0.5818761587142944,3.8022103309631348,0.36592671275138855,False,False,sub-023,sub-023_ses-01_task-WorkingMemory_run-3_eeg.set,500.0586756077117
7,AF8,0.3983970284461975,2.563232660293579,-0.5748168230056763,False,False,sub-023,sub-023_ses-01_task-WorkingMemory_run-3_eeg.set,500.0586756077117
8,F9,0.3485812842845917,1.8466659784317017,-0.8302345871925354,False,False,sub-023,sub-023_ses-01_task-WorkingMemory_run-3_eeg.set,500.0586756077117
9,F7,0.4920937716960907,2.9838969707489014,-0.09441009163856506,False,False,sub-023,sub-023_ses-01_task-WorkingMemory_run-3_eeg.set,500.0586756077117
10,F5,0.4483954608440399,1.5898537635803223,-0.3184623122215271,False,False,sub-023,sub-023_ses-01_task-WorkingMemory_run-3_eeg.set,500.0586756077117
11,F3,0.6731830835342407,4.733213901519775,0.8340802192687988,False,False,sub-023,sub-023_ses-01_task-WorkingMemory_run-3_eeg.set,500.0586756077117
12,F1,0.4689803421497345,2.9947540760040283,-0.2129184454679489,False,False,sub-023,sub-023_ses-01_task-WorkingMemory_run-3_eeg.set,500.0586756077117
13,FZ,0.3514017164707184,1.8861005306243896,-0.8157734870910645,False,False,sub-023,sub-023_ses-01_task-WorkingMemory_run-3_eeg.set,500.0586756077117
14,F2,0.42334750294685364,2.8745784759521484,-0.4468894600868225,False,False,sub-023,sub-023_ses-01_task-WorkingMemory_run-3_eeg.set,500.0586756077117
15,F4,0.40858444571495056,2.2961153984069824,-0.5225833058357239,False,False,sub-023,sub-023_ses-01_task-WorkingMemory_run-3_eeg.set,500.0586756077117
16,F6,0.32210126519203186,1.5816441774368286,-0.9660043716430664,False,False,sub-023,sub-023_ses-01_task-WorkingMemory_run-3_eeg.set,500.0586756077117
17,F8,0.3262306749820709,1.5478579998016357,-0.9448317885398865,False,False,sub-023,sub-023_ses-01_task-WorkingMemory_run-3_eeg.set,500.0586756077117
18,F10,0.32244640588760376,1.6599358320236206,-0.9642347097396851,False,False,sub-023,sub-023_ses-01_task-WorkingMemory_run-3_eeg.set,500.0586756077117
19,FT9,0.33762824535369873,1.5776604413986206,-0.8863936066627502,False,False,sub-023,sub-023_ses-01_task-WorkingMemory_run-3_eeg.set,500.0586756077117
20,FT7,0.3789551854133606,2.080195188522339,-0.6744999885559082,False,False,sub-023,sub-023_ses-01_task-WorkingMemory_run-3_eeg.set,500.0586756077117
21,FC5,0.45087364315986633,1.8401117324829102,-0.3057560324668884,False,False,sub-023,sub-023_ses-01_task-WorkingMemory_run-3_eeg.set,500.0586756077117
22,FC3,0.5138697028160095,3.0442862510681152,0.01724056713283062,False,False,sub-023,sub-023_ses-01_task-WorkingMemory_run-3_eeg.set,500.0586756077117
23,FC1,0.4059310853481293,2.1699466705322266,-0.5361878275871277,False,False,sub-023,sub-023_ses-01_task-WorkingMemory_run-3_eeg.set,500.0586756077117
24,FCZ,0.46623891592025757,3.0920770168304443,-0.22697441279888153,False,False,sub-023,sub-023_ses-01_task-WorkingMemory_run-3_eeg.set,500.0586756077117
25,FC2,0.6297556757926941,4.036084175109863,0.6114169955253601,False,False,sub-023,sub-023_ses-01_task-WorkingMemory_run-3_eeg.set,500.0586756077117
26,FC4,0.3921780288219452,2.391256809234619,-0.6067031621932983,False,False,sub-023,sub-023_ses-01_task-WorkingMemory_run-3_eeg.set,500.0586756077117
27,FC6,0.39114242792129517,2.176146984100342,-0.6120129823684692,False,False,sub-023,sub-023_ses-01_task-WorkingMemory_run-3_eeg.set,500.0586756077117
28,FT8,0.5505059957504272,2.8728973865509033,0.20508402585983276,False,False,sub-023,sub-023_ses-01_task-WorkingMemory_run-3_eeg.set,500.0586756077117
29,FT10,0.4068520963191986,1.787208080291748,-0.5314655303955078,False,False,sub-023,sub-023_ses-01_task-WorkingMemory_run-3_eeg.set,500.0586756077117
30,T7,0.6602757573127747,2.2168922424316406,0.7679011225700378,False,False,sub-023,sub-023_ses-01_task-WorkingMemory_run-3_eeg.set,500.0586756077117
31,C5,0.6446951627731323,1.9600545167922974,0.6880155205726624,False,False,sub-023,sub-023_ses-01_task-WorkingMemory_run-3_eeg.set,500.0586756077117
32,C3,0.5172331929206848,3.456310272216797,0.03448602184653282,False,False,sub-023,sub-023_ses-01_task-WorkingMemory_run-3_eeg.set,500.0586756077117
33,C1,0.7217261791229248,4.511817932128906,1.082972764968872,False,False,sub-023,sub-023_ses-01_task-WorkingMemory_run-3_eeg.set,500.0586756077117
34,CZ,1.0593699216842651,6.882706642150879,2.814157009124756,False,False,sub-023,sub-023_ses-01_task-WorkingMemory_run-3_eeg.set,500.0586756077117
35,C2,0.66408771276474,3.926015853881836,0.7874459624290466,False,False,sub-023,sub-023_ses-01_task-WorkingMemory_run-3_eeg.set,500.0586756077117
36,C4,0.4077560603618622,2.390204429626465,-0.5268306732177734,False,False,sub-023,sub-023_ses-01_task-WorkingMemory_run-3_eeg.set,500.0586756077117
37,C6,0.4758683443069458,2.913177013397217,-0.1776019185781479,False,False,sub-023,sub-023_ses-01_task-WorkingMemory_run-3_eeg.set,500.0586756077117
38,T8,0.6281804442405701,3.91521954536438,0.6033403873443604,False,False,sub-023,sub-023_ses-01_task-WorkingMemory_run-3_eeg.set,500.0586756077117
39,TP9,0.4178515672683716,1.7736433744430542,-0.47506847977638245,False,False,sub-023,sub-023_ses-01_task-WorkingMemory_run-3_eeg.set,500.0586756077117
40,TP7,0.4188464283943176,2.2571463584899902,-0.4699676036834717,False,False,sub-023,sub-023_ses-01_task-WorkingMemory_run-3_eeg.set,500.0586756077117
41,CP5,0.43759122490882874,1.993349313735962,-0.3738583028316498,False,False,sub-023,sub-023_ses-01_task-WorkingMemory_run-3_eeg.set,500.0586756077117
42,CP3,0.5105071663856506,2.052807331085205,0.0,False,False,sub-023,sub-023_ses-01_task-WorkingMemory_run-3_eeg.set,500.0586756077117
43,CP1,0.40960395336151123,2.113955497741699,-0.5173560380935669,False,False,sub-023,sub-023_ses-01_task-WorkingMemory_run-3_eeg.set,500.0586756077117
44,CPZ,0.4044514000415802,2.3805465698242188,-0.5437744855880737,False,False,sub-023,sub-023_ses-01_task-WorkingMemory_run-3_eeg.set,500.0586756077117
45,CP2,0.8886537551879883,5.821516036987305,1.938852310180664,False,False,sub-023,sub-023_ses-01_task-WorkingMemory_run-3_eeg.set,500.0586756077117
46,CP4,0.6729193925857544,3.437148332595825,0.8327282071113586,False,False,sub-023,sub-023_ses-01_task-WorkingMemory_run-3_eeg.set,500.0586756077117
47,CP6,0.6648478507995605,3.659217357635498,0.7913433909416199,False,False,sub-023,sub-023_ses-01_task-WorkingMemory_run-3_eeg.set,500.0586756077117
48,TP8,0.7039186954498291,5.040343284606934,0.9916694164276123,False,False,sub-023,sub-023_ses-01_task-WorkingMemory_run-3_eeg.set,500.0586756077117
49,TP10,0.6670568585395813,4.727712154388428,0.8026695251464844,False,False,sub-023,sub-023_ses-01_task-WorkingMemory_run-3_eeg.set,500.0586756077117
50,P7,0.5810406804084778,4.4012837409973145,0.3616430163383484,False,False,sub-023,sub-023_ses-01_task-WorkingMemory_run-3_eeg.set,500.0586756077117
51,P5,0.5453366041183472,3.952153444290161,0.17857925593852997,False,False,sub-023,sub-023_ses-01_task-WorkingMemory_run-3_eeg.set,500.0586756077117
52,P3,0.44127288460731506,3.2016544342041016,-0.35498151183128357,False,False,sub-023,sub-023_ses-01_task-WorkingMemory_run-3_eeg.set,500.0586756077117
53,P1,0.35458245873451233,2.428277015686035,-0.7994650602340698,False,False,sub-023,sub-023_ses-01_task-WorkingMemory_run-3_eeg.set,500.0586756077117
54,PZ,0.3249834179878235,1.5351386070251465,-0.9512267708778381,False,False,sub-023,sub-023_ses-01_task-WorkingMemory_run-3_eeg.set,500.0586756077117
55,P2,0.46585813164711,1.7551636695861816,-0.22892679274082184,False,False,sub-023,sub-023_ses-01_task-WorkingMemory_run-3_eeg.set,500.0586756077117
56,P4,0.545120120048523,2.565267562866211,0.17746929824352264,False,False,sub-023,sub-023_ses-01_task-WorkingMemory_run-3_eeg.set,500.0586756077117
57,P6,0.34049350023269653,1.42524254322052,-0.8717027306556702,False,False,sub-023,sub-023_ses-01_task-WorkingMemory_run-3_eeg.set,500.0586756077117
58,P8,0.3259069323539734,1.509673833847046,-0.9464917182922363,False,False,sub-023,sub-023_ses-01_task-WorkingMemory_run-3_eeg.set,500.0586756077117
59,PO9,0.4441210627555847,2.207932949066162,-0.34037819504737854,False,False,sub-023,sub-023_ses-01_task-WorkingMemory_run-3_eeg.set,500.0586756077117
60,PO7,0.5121553540229797,2.1440768241882324,0.008450671099126339,False,False,sub-023,sub-023_ses-01_task-WorkingMemory_run-3_eeg.set,500.0586756077117
61,PO3,0.558541476726532,2.176906108856201,0.24628393352031708,False,False,sub-023,sub-023_ses-01_task-WorkingMemory_run-3_eeg.set,500.0586756077117
62,POZ,1.0900721549987793,9.693204879760742,2.9715750217437744,False,False,sub-023,sub-023_ses-01_task-WorkingMemory_run-3_eeg.set,500.0586756077117
63,PO4,0.840875506401062,6.847488880157471,1.6938812732696533,False,False,sub-023,sub-023_ses-01_task-WorkingMemory_run-3_eeg.set,500.0586756077117
64,PO8,0.9833299517631531,8.021739959716797,2.424281120300293,False,False,sub-023,sub-023_ses-01_task-WorkingMemory_run-3_eeg.set,500.0586756077117
65,PO10,0.864656925201416,7.170105934143066,1.8158146142959595,False,False,sub-023,sub-023_ses-01_task-WorkingMemory_run-3_eeg.set,500.0586756077117
66,O1,0.7316411137580872,5.696839809417725,1.133809208869934,False,False,sub-023,sub-023_ses-01_task-WorkingMemory_run-3_eeg.set,500.0586756077117
67,OZ,0.7032474875450134,5.784531116485596,0.9882279634475708,False,False,sub-023,sub-023_ses-01_task-WorkingMemory_run-3_eeg.set,500.0586756077117
68,O2,0.8048143982887268,6.803250789642334,1.5089869499206543,False,False,sub-023,sub-023_ses-01_task-WorkingMemory_run-3_eeg.set,500.0586756077117
69,LEYE,0.6761300563812256,5.5550713539123535,0.8491900563240051,False,False,sub-023,sub-023_ses-01_task-WorkingMemory_run-3_eeg.set,500.0586756077117
70,REYE,0.8924155235290527,6.833665370941162,1.9581398963928223,False,False,sub-023,sub-023_ses-01_task-WorkingMemory_run-3_eeg.set,500.0586756077117
0,FP1,0.7631964683532715,4.620291233062744,2.606318473815918,False,False,sub-023,sub-023_ses-01_task-WorkingMemory_run-4_eeg.set,500.0586756077117
1,FPZ,0.49567893147468567,3.021908760070801,0.41782495379447937,False,False,sub-023,sub-023_ses-01_task-WorkingMemory_run-4_eeg.set,500.0586756077117
2,FP2,0.4185921549797058,2.3697502613067627,-0.21280252933502197,False,False,sub-023,sub-023_ses-01_task-WorkingMemory_run-4_eeg.set,500.0586756077117
3,AF7,0.6941987872123718,4.003057479858398,2.041865825653076,False,False,sub-023,sub-023_ses-01_task-WorkingMemory_run-4_eeg.set,500.0586756077117
4,AF3,0.38545387983322144,2.6547350883483887,-0.4838983714580536,False,False,sub-023,sub-023_ses-01_task-WorkingMemory_run-4_eeg.set,500.0586756077117
5,AFZ,0.37716707587242126,2.3550820350646973,-0.5516906380653381,False,False,sub-023,sub-023_ses-01_task-WorkingMemory_run-4_eeg.set,500.0586756077117
6,AF4,0.3934936225414276,2.558110237121582,-0.41812729835510254,False,False,sub-023,sub-023_ses-01_task-WorkingMemory_run-4_eeg.set,500.0586756077117
7,AF8,0.33023539185523987,1.9490253925323486,-0.9356269240379333,False,False,sub-023,sub-023_ses-01_task-WorkingMemory_run-4_eeg.set,500.0586756077117
8,F9,0.5263841152191162,3.047753095626831,0.6690163612365723,False,False,sub-023,sub-023_ses-01_task-WorkingMemory_run-4_eeg.set,500.0586756077117
9,F7,0.5389594435691833,3.109220504760742,0.7718918919563293,False,False,sub-023,sub-023_ses-01_task-WorkingMemory_run-4_eeg.set,500.0586756077117
10,F5,0.33331719040870667,1.8477439880371094,-0.9104154706001282,False,False,sub-023,sub-023_ses-01_task-WorkingMemory_run-4_eeg.set,500.0586756077117
11,F3,0.3284718692302704,1.8225982189178467,-0.9500538110733032,False,False,sub-023,sub-023_ses-01_task-WorkingMemory_run-4_eeg.set,500.0586756077117
12,F1,0.3130134046077728,1.6216654777526855,-1.0765156745910645,False,False,sub-023,sub-023_ses-01_task-WorkingMemory_run-4_eeg.set,500.0586756077117
13,FZ,0.3043248951435089,1.5094410181045532,-1.1475940942764282,False,False,sub-023,sub-023_ses-01_task-WorkingMemory_run-4_eeg.set,500.0586756077117
14,F2,0.5383142232894897,3.183260440826416,0.7666135430335999,False,False,sub-023,sub-023_ses-01_task-WorkingMemory_run-4_eeg.set,500.0586756077117
15,F4,0.3280605375766754,1.7313287258148193,-0.9534188508987427,False,False,sub-023,sub-023_ses-01_task-WorkingMemory_run-4_eeg.set,500.0586756077117
16,F6,0.28894051909446716,1.417705774307251,-1.2734498977661133,False,False,sub-023,sub-023_ses-01_task-WorkingMemory_run-4_eeg.set,500.0586756077117
17,F8,0.7645600438117981,5.052890777587891,2.617473602294922,False,False,sub-023,sub-023_ses-01_task-WorkingMemory_run-4_eeg.set,500.0586756077117
18,F10,1.221118688583374,10.335119247436523,6.35246467590332,False,True,sub-023,sub-023_ses-01_task-WorkingMemory_run-4_eeg.set,500.0586756077117
19,FT9,0.9624836444854736,8.383533477783203,4.236636638641357,False,False,sub-023,sub-023_ses-01_task-WorkingMemory_run-4_eeg.set,500.0586756077117
20,FT7,0.9429987668991089,8.220086097717285,4.077235698699951,False,False,sub-023,sub-023_ses-01_task-WorkingMemory_run-4_eeg.set,500.0586756077117
21,FC5,0.9845938682556152,8.504605293273926,4.417514801025391,False,False,sub-023,sub-023_ses-01_task-WorkingMemory_run-4_eeg.set,500.0586756077117
22,FC3,0.6670879125595093,5.248933792114258,1.8200786113739014,False,False,sub-023,sub-023_ses-01_task-WorkingMemory_run-4_eeg.set,500.0586756077117
23,FC1,0.4133126735687256,3.226567029953003,-0.2559926211833954,False,False,sub-023,sub-023_ses-01_task-WorkingMemory_run-4_eeg.set,500.0586756077117
24,FCZ,0.3723936378955841,2.6572961807250977,-0.5907409191131592,False,False,sub-023,sub-023_ses-01_task-WorkingMemory_run-4_eeg.set,500.0586756077117
25,FC2,0.42153269052505493,3.128079652786255,-0.18874673545360565,False,False,sub-023,sub-023_ses-01_task-WorkingMemory_run-4_eeg.set,500.0586756077117
26,FC4,0.5351244807243347,3.9432199001312256,0.7405190467834473,False,False,sub-023,sub-023_ses-01_task-WorkingMemory_run-4_eeg.set,500.0586756077117
27,FC6,0.5843598246574402,4.801433563232422,1.1433008909225464,False,False,sub-023,sub-023_ses-01_task-WorkingMemory_run-4_eeg.set,500.0586756077117
28,FT8,0.5561608076095581,3.910623550415039,0.9126119017601013,False,False,sub-023,sub-023_ses-01_task-WorkingMemory_run-4_eeg.set,500.0586756077117
29,FT10,0.512830376625061,4.68129301071167,0.5581366419792175,False,False,sub-023,sub-023_ses-01_task-WorkingMemory_run-4_eeg.set,500.0586756077117
30,T7,0.4913172125816345,4.519242763519287,0.3821428120136261,False,False,sub-023,sub-023_ses-01_task-WorkingMemory_run-4_eeg.set,500.0586756077117
31,C5,0.530505895614624,5.30877161026001,0.7027355432510376,False,False,sub-023,sub-023_ses-01_task-WorkingMemory_run-4_eeg.set,500.0586756077117
32,C3,0.43749555945396423,4.208414077758789,-0.05815852805972099,False,False,sub-023,sub-023_ses-01_task-WorkingMemory_run-4_eeg.set,500.0586756077117
33,C1,0.5037009119987488,4.363945007324219,0.4834507405757904,False,False,sub-023,sub-023_ses-01_task-WorkingMemory_run-4_eeg.set,500.0586756077117
34,CZ,0.46001553535461426,4.266156196594238,0.12607170641422272,False,False,sub-023,sub-023_ses-01_task-WorkingMemory_run-4_eeg.set,500.0586756077117
35,C2,0.41513416171073914,3.723893165588379,-0.24109148979187012,False,False,sub-023,sub-023_ses-01_task-WorkingMemory_run-4_eeg.set,500.0586756077117
36,C4,0.5074219703674316,4.45637845993042,0.5138918161392212,False,False,sub-023,sub-023_ses-01_task-WorkingMemory_run-4_eeg.set,500.0586756077117
37,C6,0.39049965143203735,3.252178430557251,-0.442620187997818,False,False,sub-023,sub-023_ses-01_task-WorkingMemory_run-4_eeg.set,500.0586756077117
38,T8,0.36103555560112,3.0484516620635986,-0.6836585402488708,False,False,sub-023,sub-023_ses-01_task-WorkingMemory_run-4_eeg.set,500.0586756077117
39,TP9,0.37117257714271545,2.941582441329956,-0.6007301211357117,False,False,sub-023,sub-023_ses-01_task-WorkingMemory_run-4_eeg.set,500.0586756077117
40,TP7,0.4265179932117462,3.703404188156128,-0.14796322584152222,False,False,sub-023,sub-023_ses-01_task-WorkingMemory_run-4_eeg.set,500.0586756077117
41,CP5,0.4841759502887726,4.1003804206848145,0.3237219750881195,False,False,sub-023,sub-023_ses-01_task-WorkingMemory_run-4_eeg.set,500.0586756077117
42,CP3,0.3626360297203064,2.7224886417388916,-0.6705654859542847,False,False,sub-023,sub-023_ses-01_task-WorkingMemory_run-4_eeg.set,500.0586756077117
43,CP1,0.36215507984161377,2.8335490226745605,-0.6744999885559082,False,False,sub-023,sub-023_ses-01_task-WorkingMemory_run-4_eeg.set,500.0586756077117
44,CPZ,0.3726155757904053,2.7683563232421875,-0.588925302028656,False,False,sub-023,sub-023_ses-01_task-WorkingMemory_run-4_eeg.set,500.0586756077117
45,CP2,0.44713306427001953,2.982560634613037,0.020683465525507927,False,False,sub-023,sub-023_ses-01_task-WorkingMemory_run-4_eeg.set,500.0586756077117
46,CP4,0.4889945983886719,3.283843517303467,0.36314213275909424,False,False,sub-023,sub-023_ses-01_task-WorkingMemory_run-4_eeg.set,500.0586756077117
47,CP6,0.42576080560684204,2.257758617401123,-0.1541575938463211,False,False,sub-023,sub-023_ses-01_task-WorkingMemory_run-4_eeg.set,500.0586756077117
48,TP8,1.3377937078475952,11.034076690673828,7.306953430175781,False,True,sub-023,sub-023_ses-01_task-WorkingMemory_run-4_eeg.set,500.0586756077117
49,TP10,1.3577178716659546,11.484371185302734,7.4699482917785645,False,True,sub-023,sub-023_ses-01_task-WorkingMemory_run-4_eeg.set,500.0586756077117
50,P7,1.1014398336410522,9.752111434936523,5.373402118682861,False,False,sub-023,sub-023_ses-01_task-WorkingMemory_run-4_eeg.set,500.0586756077117
51,P5,1.0356775522232056,9.113224029541016,4.835417747497559,False,False,sub-023,sub-023_ses-01_task-WorkingMemory_run-4_eeg.set,500.0586756077117
52,P3,0.9939039945602417,7.630791664123535,4.493678569793701,False,False,sub-023,sub-023_ses-01_task-WorkingMemory_run-4_eeg.set,500.0586756077117
53,P1,0.6347580552101135,4.992587566375732,1.555596113204956,False,False,sub-023,sub-023_ses-01_task-WorkingMemory_run-4_eeg.set,500.0586756077117
54,PZ,0.444604754447937,2.7427449226379395,0.0,False,False,sub-023,sub-023_ses-01_task-WorkingMemory_run-4_eeg.set,500.0586756077117
55,P2,0.5092539191246033,3.71248459815979,0.5288785099983215,False,False,sub-023,sub-023_ses-01_task-WorkingMemory_run-4_eeg.set,500.0586756077117
56,P4,0.49393707513809204,3.401655673980713,0.40357527136802673,False,False,sub-023,sub-023_ses-01_task-WorkingMemory_run-4_eeg.set,500.0586756077117
57,P6,0.46849915385246277,3.0735974311828613,0.1954740434885025,False,False,sub-023,sub-023_ses-01_task-WorkingMemory_run-4_eeg.set,500.0586756077117
58,P8,0.4068320095539093,2.7143397331237793,-0.309009313583374,False,False,sub-023,sub-023_ses-01_task-WorkingMemory_run-4_eeg.set,500.0586756077117
59,PO9,0.389757364988327,2.4132895469665527,-0.4486926794052124,False,False,sub-023,sub-023_ses-01_task-WorkingMemory_run-4_eeg.set,500.0586756077117
60,PO7,0.40000027418136597,2.5096817016601562,-0.3648979961872101,False,False,sub-023,sub-023_ses-01_task-WorkingMemory_run-4_eeg.set,500.0586756077117
61,PO3,0.36350661516189575,2.2938475608825684,-0.6634434461593628,False,False,sub-023,sub-023_ses-01_task-WorkingMemory_run-4_eeg.set,500.0586756077117
62,POZ,0.4192546308040619,2.702698230743408,-0.2073829621076584,False,False,sub-023,sub-023_ses-01_task-WorkingMemory_run-4_eeg.set,500.0586756077117
63,PO4,0.3506772816181183,2.1499581336975098,-0.7683969736099243,False,False,sub-023,sub-023_ses-01_task-WorkingMemory_run-4_eeg.set,500.0586756077117
64,PO8,0.31202343106269836,1.9550788402557373,-1.0846143960952759,False,False,sub-023,sub-023_ses-01_task-WorkingMemory_run-4_eeg.set,500.0586756077117
65,PO10,0.6087642312049866,3.759749412536621,1.342947244644165,False,False,sub-023,sub-023_ses-01_task-WorkingMemory_run-4_eeg.set,500.0586756077117
66,O1,0.3475761413574219,2.106884479522705,-0.7937665581703186,False,False,sub-023,sub-023_ses-01_task-WorkingMemory_run-4_eeg.set,500.0586756077117
67,OZ,0.3236526548862457,2.0319130420684814,-0.989478588104248,False,False,sub-023,sub-023_ses-01_task-WorkingMemory_run-4_eeg.set,500.0586756077117
68,O2,0.3083435297012329,1.7615966796875,-1.1147186756134033,False,False,sub-023,sub-023_ses-01_task-WorkingMemory_run-4_eeg.set,500.0586756077117
69,LEYE,0.29672765731811523,1.6633421182632446,-1.209745168685913,False,False,sub-023,sub-023_ses-01_task-WorkingMemory_run-4_eeg.set,500.0586756077117
70,REYE,0.4521328806877136,2.4656765460968018,0.06158570200204849,False,False,sub-023,sub-023_ses-01_task-WorkingMemory_run-4_eeg.set,500.0586756077117
0,FP1,0.8879514932632446,5.7620744705200195,11.773030281066895,False,True,sub-023,sub-023_ses-01_task-WorkingMemory_run-5_eeg.set,500.0586756077117
1,FPZ,0.46385106444358826,3.0188541412353516,3.204374074935913,False,False,sub-023,sub-023_ses-01_task-WorkingMemory_run-5_eeg.set,500.0586756077117
2,FP2,0.4081781804561615,2.6381945610046387,2.0795419216156006,False,False,sub-023,sub-023_ses-01_task-WorkingMemory_run-5_eeg.set,500.0586756077117
3,AF7,0.4410724639892578,2.702223300933838,2.7441482543945312,False,False,sub-023,sub-023_ses-01_task-WorkingMemory_run-5_eeg.set,500.0586756077117
4,AF3,0.3618883490562439,2.0458457469940186,1.1442877054214478,False,False,sub-023,sub-023_ses-01_task-WorkingMemory_run-5_eeg.set,500.0586756077117
5,AFZ,0.32000240683555603,1.7673802375793457,0.29801124334335327,False,False,sub-023,sub-023_ses-01_task-WorkingMemory_run-5_eeg.set,500.0586756077117
6,AF4,0.34521540999412537,1.9795074462890625,0.8074225783348083,False,False,sub-023,sub-023_ses-01_task-WorkingMemory_run-5_eeg.set,500.0586756077117
7,AF8,0.33394962549209595,2.046804904937744,0.5798051953315735,False,False,sub-023,sub-023_ses-01_task-WorkingMemory_run-5_eeg.set,500.0586756077117
8,F9,0.29570502042770386,1.6139633655548096,-0.19290068745613098,False,False,sub-023,sub-023_ses-01_task-WorkingMemory_run-5_eeg.set,500.0586756077117
9,F7,0.37768417596817017,2.0702929496765137,1.4634315967559814,False,False,sub-023,sub-023_ses-01_task-WorkingMemory_run-5_eeg.set,500.0586756077117
10,F5,0.3052525222301483,1.6128084659576416,0.0,False,False,sub-023,sub-023_ses-01_task-WorkingMemory_run-5_eeg.set,500.0586756077117
11,F3,0.290689617395401,1.5550758838653564,-0.29423344135284424,False,False,sub-023,sub-023_ses-01_task-WorkingMemory_run-5_eeg.set,500.0586756077117
12,F1,0.3153667449951172,1.6794073581695557,0.20435088872909546,False,False,sub-023,sub-023_ses-01_task-WorkingMemory_run-5_eeg.set,500.0586756077117
13,FZ,0.318835586309433,1.7126836776733398,0.27443644404411316,False,False,sub-023,sub-023_ses-01_task-WorkingMemory_run-5_eeg.set,500.0586756077117
14,F2,1.0013762712478638,3.017019271850586,14.064699172973633,False,True,sub-023,sub-023_ses-01_task-WorkingMemory_run-5_eeg.set,500.0586756077117
15,F4,1.2115157842636108,9.795650482177734,18.310422897338867,False,True,sub-023,sub-023_ses-01_task-WorkingMemory_run-5_eeg.set,500.0586756077117
16,F6,0.584906280040741,3.920625925064087,5.650211334228516,False,False,sub-023,sub-023_ses-01_task-WorkingMemory_run-5_eeg.set,500.0586756077117
17,F8,0.33018454909324646,1.8810293674468994,0.5037344098091125,False,False,sub-023,sub-023_ses-01_task-WorkingMemory_run-5_eeg.set,500.0586756077117
18,F10,0.28826287388801575,1.3087130784988403,-0.343264102935791,False,False,sub-023,sub-023_ses-01_task-WorkingMemory_run-5_eeg.set,500.0586756077117
19,FT9,0.3218163847923279,1.6163103580474854,0.33466142416000366,False,False,sub-023,sub-023_ses-01_task-WorkingMemory_run-5_eeg.set,500.0586756077117
20,FT7,0.3036230206489563,1.528300404548645,-0.032922957092523575,False,False,sub-023,sub-023_ses-01_task-WorkingMemory_run-5_eeg.set,500.0586756077117
21,FC5,0.30858975648880005,1.5087332725524902,0.06742651760578156,False,False,sub-023,sub-023_ses-01_task-WorkingMemory_run-5_eeg.set,500.0586756077117
22,FC3,0.3398791551589966,1.6875379085540771,0.6996071934700012,False,False,sub-023,sub-023_ses-01_task-WorkingMemory_run-5_eeg.set,500.0586756077117
23,FC1,0.2959548830986023,1.312233567237854,-0.1878523826599121,False,False,sub-023,sub-023_ses-01_task-WorkingMemory_run-5_eeg.set,500.0586756077117
24,FCZ,0.27744635939598083,1.2896397113800049,-0.5618043541908264,False,False,sub-023,sub-023_ses-01_task-WorkingMemory_run-5_eeg.set,500.0586756077117
25,FC2,0.2850208580493927,1.3592653274536133,-0.40876680612564087,False,False,sub-023,sub-023_ses-01_task-WorkingMemory_run-5_eeg.set,500.0586756077117
26,FC4,0.3413710296154022,1.865662693977356,0.7297495007514954,False,False,sub-023,sub-023_ses-01_task-WorkingMemory_run-5_eeg.set,500.0586756077117
27,FC6,0.2685791850090027,1.2735743522644043,-0.7409594655036926,False,False,sub-023,sub-023_ses-01_task-WorkingMemory_run-5_eeg.set,500.0586756077117
28,FT8,0.2628019154071808,1.2267752885818481,-0.8576852083206177,False,False,sub-023,sub-023_ses-01_task-WorkingMemory_run-5_eeg.set,500.0586756077117
29,FT10,0.26073357462882996,1.1310819387435913,-0.8994746208190918,False,False,sub-023,sub-023_ses-01_task-WorkingMemory_run-5_eeg.set,500.0586756077117
30,T7,0.360161691904068,1.952033519744873,1.109401822090149,False,False,sub-023,sub-023_ses-01_task-WorkingMemory_run-5_eeg.set,500.0586756077117
31,C5,0.3130989074707031,1.6179307699203491,0.1585308015346527,False,False,sub-023,sub-023_ses-01_task-WorkingMemory_run-5_eeg.set,500.0586756077117
32,C3,0.32822662591934204,1.6957056522369385,0.46417590975761414,False,False,sub-023,sub-023_ses-01_task-WorkingMemory_run-5_eeg.set,500.0586756077117
33,C1,0.2926996052265167,1.316648006439209,-0.25362300872802734,False,False,sub-023,sub-023_ses-01_task-WorkingMemory_run-5_eeg.set,500.0586756077117
34,CZ,0.33863648772239685,1.8337554931640625,0.6744999885559082,False,False,sub-023,sub-023_ses-01_task-WorkingMemory_run-5_eeg.set,500.0586756077117
35,C2,0.3258383274078369,1.690564751625061,0.41592198610305786,False,False,sub-023,sub-023_ses-01_task-WorkingMemory_run-5_eeg.set,500.0586756077117
36,C4,0.3555183410644531,1.8824357986450195,1.015586256980896,False,False,sub-023,sub-023_ses-01_task-WorkingMemory_run-5_eeg.set,500.0586756077117
37,C6,0.287502259016037,1.3578683137893677,-0.35863181948661804,False,False,sub-023,sub-023_ses-01_task-WorkingMemory_run-5_eeg.set,500.0586756077117
38,T8,0.28787633776664734,1.3802013397216797,-0.35107383131980896,False,False,sub-023,sub-023_ses-01_task-WorkingMemory_run-5_eeg.set,500.0586756077117
39,TP9,0.3234274387359619,1.6598496437072754,0.3672116696834564,False,False,sub-023,sub-023_ses-01_task-WorkingMemory_run-5_eeg.set,500.0586756077117
40,TP7,0.2831980586051941,1.2484378814697266,-0.4455952048301697,False,False,sub-023,sub-023_ses-01_task-WorkingMemory_run-5_eeg.set,500.0586756077117
41,CP5,0.26899218559265137,1.2225844860076904,-0.732615053653717,False,False,sub-023,sub-023_ses-01_task-WorkingMemory_run-5_eeg.set,500.0586756077117
42,CP3,0.24156931042671204,1.0996499061584473,-1.2866753339767456,False,False,sub-023,sub-023_ses-01_task-WorkingMemory_run-5_eeg.set,500.0586756077117
43,CP1,0.311710000038147,1.491736650466919,0.13046889007091522,False,False,sub-023,sub-023_ses-01_task-WorkingMemory_run-5_eeg.set,500.0586756077117
44,CPZ,0.24892884492874146,1.0363291501998901,-1.1379810571670532,False,False,sub-023,sub-023_ses-01_task-WorkingMemory_run-5_eeg.set,500.0586756077117
45,CP2,0.4098029136657715,2.2349040508270264,2.112368583679199,False,False,sub-023,sub-023_ses-01_task-WorkingMemory_run-5_eeg.set,500.0586756077117
46,CP4,1.0949074029922485,6.592348098754883,15.95443058013916,False,True,sub-023,sub-023_ses-01_task-WorkingMemory_run-5_eeg.set,500.0586756077117
47,CP6,0.9721581935882568,6.140861511230469,13.47436809539795,False,True,sub-023,sub-023_ses-01_task-WorkingMemory_run-5_eeg.set,500.0586756077117
48,TP8,0.2760778069496155,1.3045501708984375,-0.5894550085067749,False,False,sub-023,sub-023_ses-01_task-WorkingMemory_run-5_eeg.set,500.0586756077117
49,TP10,0.28697091341018677,1.3636797666549683,-0.3693672716617584,False,False,sub-023,sub-023_ses-01_task-WorkingMemory_run-5_eeg.set,500.0586756077117
50,P7,0.454668790102005,2.8037188053131104,3.018852472305298,False,False,sub-023,sub-023_ses-01_task-WorkingMemory_run-5_eeg.set,500.0586756077117
51,P5,0.2720023989677429,1.3024545907974243,-0.6717957854270935,False,False,sub-023,sub-023_ses-01_task-WorkingMemory_run-5_eeg.set,500.0586756077117
52,P3,0.2676823139190674,1.2174714803695679,-0.7590801119804382,False,False,sub-023,sub-023_ses-01_task-WorkingMemory_run-5_eeg.set,500.0586756077117
53,P1,0.3133997917175293,1.5674065351486206,0.16460995376110077,False,False,sub-023,sub-023_ses-01_task-WorkingMemory_run-5_eeg.set,500.0586756077117
54,PZ,0.2842854857444763,1.316648006439209,-0.4236244857311249,False,False,sub-023,sub-023_ses-01_task-WorkingMemory_run-5_eeg.set,500.0586756077117
55,P2,0.24239234626293182,1.089638113975525,-1.2700464725494385,False,False,sub-023,sub-023_ses-01_task-WorkingMemory_run-5_eeg.set,500.0586756077117
56,P4,0.28104954957962036,1.3217796087265015,-0.4890044033527374,False,False,sub-023,sub-023_ses-01_task-WorkingMemory_run-5_eeg.set,500.0586756077117
57,P6,0.2822395861148834,1.310370922088623,-0.4649604856967926,False,False,sub-023,sub-023_ses-01_task-WorkingMemory_run-5_eeg.set,500.0586756077117
58,P8,0.27604907751083374,1.2984778881072998,-0.5900354981422424,False,False,sub-023,sub-023_ses-01_task-WorkingMemory_run-5_eeg.set,500.0586756077117
59,PO9,0.267497718334198,1.2246798276901245,-0.7628097534179688,False,False,sub-023,sub-023_ses-01_task-WorkingMemory_run-5_eeg.set,500.0586756077117
60,PO7,0.220663920044899,1.0095536708831787,-1.7090543508529663,False,False,sub-023,sub-023_ses-01_task-WorkingMemory_run-5_eeg.set,500.0586756077117
61,PO3,0.2594467103481293,1.1909193992614746,-0.9254748225212097,False,False,sub-023,sub-023_ses-01_task-WorkingMemory_run-5_eeg.set,500.0586756077117
62,POZ,0.30471906065940857,1.5259535312652588,-0.010778223164379597,False,False,sub-023,sub-023_ses-01_task-WorkingMemory_run-5_eeg.set,500.0586756077117
63,PO4,0.24565303325653076,1.1026859283447266,-1.2041665315628052,False,False,sub-023,sub-023_ses-01_task-WorkingMemory_run-5_eeg.set,500.0586756077117
64,PO8,0.2539784908294678,1.1611264944076538,-1.0359563827514648,False,False,sub-023,sub-023_ses-01_task-WorkingMemory_run-5_eeg.set,500.0586756077117
65,PO10,0.25495240092277527,1.105004906654358,-1.0162792205810547,False,False,sub-023,sub-023_ses-01_task-WorkingMemory_run-5_eeg.set,500.0586756077117
66,O1,0.26862743496894836,1.272642970085144,-0.7399846315383911,False,False,sub-023,sub-023_ses-01_task-WorkingMemory_run-5_eeg.set,500.0586756077117
67,OZ,0.7094575762748718,4.798639297485352,8.1666841506958,False,True,sub-023,sub-023_ses-01_task-WorkingMemory_run-5_eeg.set,500.0586756077117
68,O2,0.2981458008289337,1.3988370895385742,-0.1435863971710205,False,False,sub-023,sub-023_ses-01_task-WorkingMemory_run-5_eeg.set,500.0586756077117
69,LEYE,0.3148213028907776,1.6128084659576416,0.19333060085773468,False,False,sub-023,sub-023_ses-01_task-WorkingMemory_run-5_eeg.set,500.0586756077117
70,REYE,0.39617717266082764,2.195117950439453,1.8370698690414429,False,False,sub-023,sub-023_ses-01_task-WorkingMemory_run-5_eeg.set,500.0586756077117
0,FP1,50.207332611083984,289.747314453125,2.340148687362671,False,False,sub-024,sub-024_ses-01_task-WorkingMemory_run-1_eeg.set,500.0
1,FPZ,42.694419860839844,239.066162109375,1.0960146188735962,False,False,sub-024,sub-024_ses-01_task-WorkingMemory_run-1_eeg.set,500.0
2,FP2,46.42476272583008,263.316650390625,1.7137572765350342,False,False,sub-024,sub-024_ses-01_task-WorkingMemory_run-1_eeg.set,500.0
3,AF7,36.65243148803711,197.4249267578125,0.09546489268541336,False,False,sub-024,sub-024_ses-01_task-WorkingMemory_run-1_eeg.set,500.0
4,AF3,44.05416488647461,243.0377197265625,1.3211876153945923,False,False,sub-024,sub-024_ses-01_task-WorkingMemory_run-1_eeg.set,500.0
5,AFZ,31.91845703125,186.9573974609375,-0.6884785294532776,False,False,sub-024,sub-024_ses-01_task-WorkingMemory_run-1_eeg.set,500.0
6,AF4,29.30498504638672,179.7943115234375,-1.1212679147720337,False,False,sub-024,sub-024_ses-01_task-WorkingMemory_run-1_eeg.set,500.0
7,AF8,40.60121154785156,242.67822265625,0.7493805885314941,False,False,sub-024,sub-024_ses-01_task-WorkingMemory_run-1_eeg.set,500.0
8,F9,35.40391540527344,194.5037841796875,-0.1112886369228363,False,False,sub-024,sub-024_ses-01_task-WorkingMemory_run-1_eeg.set,500.0
9,F7,39.85894012451172,219.6044921875,0.6264608502388,False,False,sub-024,sub-024_ses-01_task-WorkingMemory_run-1_eeg.set,500.0
10,F5,35.78460693359375,177.420654296875,-0.048246342688798904,False,False,sub-024,sub-024_ses-01_task-WorkingMemory_run-1_eeg.set,500.0
11,F3,29.75306510925293,159.6636962890625,-1.04706609249115,False,False,sub-024,sub-024_ses-01_task-WorkingMemory_run-1_eeg.set,500.0
12,F1,34.66230010986328,184.2303466796875,-0.23409970104694366,False,False,sub-024,sub-024_ses-01_task-WorkingMemory_run-1_eeg.set,500.0
13,FZ,29.394771575927734,139.4000244140625,-1.106399416923523,False,False,sub-024,sub-024_ses-01_task-WorkingMemory_run-1_eeg.set,500.0
14,F2,26.26689910888672,113.9678955078125,-1.624373197555542,False,False,sub-024,sub-024_ses-01_task-WorkingMemory_run-1_eeg.set,500.0
15,F4,29.03103256225586,135.9210205078125,-1.1666343212127686,False,False,sub-024,sub-024_ses-01_task-WorkingMemory_run-1_eeg.set,500.0
16,F6,27.418209075927734,118.9031982421875,-1.433716893196106,False,False,sub-024,sub-024_ses-01_task-WorkingMemory_run-1_eeg.set,500.0
17,F8,32.66653823852539,187.41943359375,-0.5645966529846191,False,False,sub-024,sub-024_ses-01_task-WorkingMemory_run-1_eeg.set,500.0
18,F10,32.50959777832031,192.8558349609375,-0.5905859470367432,False,False,sub-024,sub-024_ses-01_task-WorkingMemory_run-1_eeg.set,500.0
19,FT9,28.024303436279297,130.0811767578125,-1.333348035812378,False,False,sub-024,sub-024_ses-01_task-WorkingMemory_run-1_eeg.set,500.0
20,FT7,43.697509765625,284.068603515625,1.2621257305145264,False,False,sub-024,sub-024_ses-01_task-WorkingMemory_run-1_eeg.set,500.0
21,FC5,30.37215805053711,139.140625,-0.9445447325706482,False,False,sub-024,sub-024_ses-01_task-WorkingMemory_run-1_eeg.set,500.0
22,FC3,28.220808029174805,135.428466796875,-1.300806999206543,False,False,sub-024,sub-024_ses-01_task-WorkingMemory_run-1_eeg.set,500.0
23,FC1,32.29542541503906,177.886962890625,-0.626052737236023,False,False,sub-024,sub-024_ses-01_task-WorkingMemory_run-1_eeg.set,500.0
24,FCZ,32.70452117919922,182.4627685546875,-0.5583066940307617,False,False,sub-024,sub-024_ses-01_task-WorkingMemory_run-1_eeg.set,500.0
25,FC2,30.758827209472656,157.4249267578125,-0.880512535572052,False,False,sub-024,sub-024_ses-01_task-WorkingMemory_run-1_eeg.set,500.0
26,FC4,31.86284637451172,184.722900390625,-0.697687566280365,False,False,sub-024,sub-024_ses-01_task-WorkingMemory_run-1_eeg.set,500.0
27,FC6,35.329708099365234,206.84814453125,-0.12357733398675919,False,False,sub-024,sub-024_ses-01_task-WorkingMemory_run-1_eeg.set,500.0
28,FT8,44.95366668701172,256.402587890625,1.4701446294784546,False,False,sub-024,sub-024_ses-01_task-WorkingMemory_run-1_eeg.set,500.0
29,FT10,32.72905731201172,175.2734375,-0.5542435646057129,False,False,sub-024,sub-024_ses-01_task-WorkingMemory_run-1_eeg.set,500.0
30,T7,38.38995361328125,265.169677734375,0.38319751620292664,False,False,sub-024,sub-024_ses-01_task-WorkingMemory_run-1_eeg.set,500.0
31,C5,32.79273986816406,155.9820556640625,-0.5436977744102478,False,False,sub-024,sub-024_ses-01_task-WorkingMemory_run-1_eeg.set,500.0
32,C3,31.160112380981445,183.6810302734375,-0.8140599727630615,False,False,sub-024,sub-024_ses-01_task-WorkingMemory_run-1_eeg.set,500.0
33,C1,37.30908966064453,205.5908203125,0.20420709252357483,False,False,sub-024,sub-024_ses-01_task-WorkingMemory_run-1_eeg.set,500.0
34,CZ,39.148075103759766,224.10400390625,0.5087419748306274,False,False,sub-024,sub-024_ses-01_task-WorkingMemory_run-1_eeg.set,500.0
35,C2,29.26094627380371,148.31787109375,-1.1285606622695923,False,False,sub-024,sub-024_ses-01_task-WorkingMemory_run-1_eeg.set,500.0
36,C4,46.44169616699219,323.8372802734375,1.7165614366531372,False,False,sub-024,sub-024_ses-01_task-WorkingMemory_run-1_eeg.set,500.0
37,C6,44.064186096191406,252.393798828125,1.3228471279144287,False,False,sub-024,sub-024_ses-01_task-WorkingMemory_run-1_eeg.set,500.0
38,T8,36.30641555786133,210.49072265625,0.038164857774972916,False,False,sub-024,sub-024_ses-01_task-WorkingMemory_run-1_eeg.set,500.0
39,TP9,47.17548370361328,306.0064697265625,1.838076114654541,False,False,sub-024,sub-024_ses-01_task-WorkingMemory_run-1_eeg.set,500.0
40,TP7,29.874006271362305,147.88818359375,-1.027038335800171,False,False,sub-024,sub-024_ses-01_task-WorkingMemory_run-1_eeg.set,500.0
41,CP5,62.825443267822266,399.2376708984375,4.4297003746032715,False,False,sub-024,sub-024_ses-01_task-WorkingMemory_run-1_eeg.set,500.0
42,CP3,49.86082077026367,294.3597412109375,2.282766342163086,False,False,sub-024,sub-024_ses-01_task-WorkingMemory_run-1_eeg.set,500.0
43,CP1,32.00286865234375,158.916015625,-0.6744999885559082,False,False,sub-024,sub-024_ses-01_task-WorkingMemory_run-1_eeg.set,500.0
44,CPZ,56.196189880371094,332.7178955078125,3.331899881362915,False,False,sub-024,sub-024_ses-01_task-WorkingMemory_run-1_eeg.set,500.0
45,CP2,39.5538215637207,222.2747802734375,0.5759333968162537,False,False,sub-024,sub-024_ses-01_task-WorkingMemory_run-1_eeg.set,500.0
46,CP4,34.5594482421875,199.40185546875,-0.25113189220428467,False,False,sub-024,sub-024_ses-01_task-WorkingMemory_run-1_eeg.set,500.0
47,CP6,37.95949935913086,196.5704345703125,0.3119145631790161,False,False,sub-024,sub-024_ses-01_task-WorkingMemory_run-1_eeg.set,500.0
48,TP8,43.58293151855469,250.010986328125,1.2431516647338867,False,False,sub-024,sub-024_ses-01_task-WorkingMemory_run-1_eeg.set,500.0
49,TP10,33.19691848754883,174.33837890625,-0.47676604986190796,False,False,sub-024,sub-024_ses-01_task-WorkingMemory_run-1_eeg.set,500.0
50,P7,56.45426940917969,303.9947509765625,3.3746376037597656,False,False,sub-024,sub-024_ses-01_task-WorkingMemory_run-1_eeg.set,500.0
51,P5,33.40247344970703,172.7142333984375,-0.4427262544631958,False,False,sub-024,sub-024_ses-01_task-WorkingMemory_run-1_eeg.set,500.0
52,P3,31.140703201293945,167.430419921875,-0.8172740936279297,False,False,sub-024,sub-024_ses-01_task-WorkingMemory_run-1_eeg.set,500.0
53,P1,50.7886962890625,258.353271484375,2.436422109603882,False,False,sub-024,sub-024_ses-01_task-WorkingMemory_run-1_eeg.set,500.0
54,PZ,38.78068161010742,232.882080078125,0.4479018747806549,False,False,sub-024,sub-024_ses-01_task-WorkingMemory_run-1_eeg.set,500.0
55,P2,39.40044021606445,226.1834716796875,0.5505335330963135,False,False,sub-024,sub-024_ses-01_task-WorkingMemory_run-1_eeg.set,500.0
56,P4,33.89990997314453,158.9202880859375,-0.3603510558605194,False,False,sub-024,sub-024_ses-01_task-WorkingMemory_run-1_eeg.set,500.0
57,P6,36.89460372924805,189.647216796875,0.13556846976280212,False,False,sub-024,sub-024_ses-01_task-WorkingMemory_run-1_eeg.set,500.0
58,P8,32.607398986816406,198.131103515625,-0.5743901133537292,False,False,sub-024,sub-024_ses-01_task-WorkingMemory_run-1_eeg.set,500.0
59,PO9,38.11505126953125,205.863037109375,0.3376738727092743,False,False,sub-024,sub-024_ses-01_task-WorkingMemory_run-1_eeg.set,500.0
60,PO7,38.974483489990234,197.021484375,0.47999534010887146,False,False,sub-024,sub-024_ses-01_task-WorkingMemory_run-1_eeg.set,500.0
61,PO3,32.771060943603516,182.506103515625,-0.5472878217697144,False,False,sub-024,sub-024_ses-01_task-WorkingMemory_run-1_eeg.set,500.0
62,POZ,39.41778564453125,218.2904052734375,0.5534059405326843,False,False,sub-024,sub-024_ses-01_task-WorkingMemory_run-1_eeg.set,500.0
63,PO4,36.20309066772461,196.258544921875,0.02105431631207466,False,False,sub-024,sub-024_ses-01_task-WorkingMemory_run-1_eeg.set,500.0
64,PO8,29.08061981201172,141.2115478515625,-1.1584227085113525,False,False,sub-024,sub-024_ses-01_task-WorkingMemory_run-1_eeg.set,500.0
65,PO10,32.69538116455078,171.30615234375,-0.559820294380188,False,False,sub-024,sub-024_ses-01_task-WorkingMemory_run-1_eeg.set,500.0
66,O1,39.19496154785156,209.041748046875,0.5165063738822937,False,False,sub-024,sub-024_ses-01_task-WorkingMemory_run-1_eeg.set,500.0
67,OZ,49.195167541503906,260.875244140625,2.172534465789795,False,False,sub-024,sub-024_ses-01_task-WorkingMemory_run-1_eeg.set,500.0
68,O2,38.87128829956055,220.4571533203125,0.4629063010215759,False,False,sub-024,sub-024_ses-01_task-WorkingMemory_run-1_eeg.set,500.0
69,LEYE,36.075950622558594,196.5484619140625,0.0,False,False,sub-024,sub-024_ses-01_task-WorkingMemory_run-1_eeg.set,500.0
70,REYE,45.94179916381836,254.4427490234375,1.6337788105010986,False,False,sub-024,sub-024_ses-01_task-WorkingMemory_run-1_eeg.set,500.0
0,FP1,31.7812442779541,184.38720703125,-0.7252721190452576,False,False,sub-024,sub-024_ses-01_task-WorkingMemory_run-2_eeg.set,500.0
1,FPZ,39.23832321166992,227.6611328125,0.18148867785930634,False,False,sub-024,sub-024_ses-01_task-WorkingMemory_run-2_eeg.set,500.0
2,FP2,79.41023254394531,520.1873779296875,5.066285133361816,False,False,sub-024,sub-024_ses-01_task-WorkingMemory_run-2_eeg.set,500.0
3,AF7,50.99043273925781,311.8896484375,1.610513687133789,False,False,sub-024,sub-024_ses-01_task-WorkingMemory_run-2_eeg.set,500.0
4,AF3,44.76203536987305,318.3441162109375,0.8531572818756104,False,False,sub-024,sub-024_ses-01_task-WorkingMemory_run-2_eeg.set,500.0
5,AFZ,53.81887435913086,318.3746337890625,1.9544446468353271,False,False,sub-024,sub-024_ses-01_task-WorkingMemory_run-2_eeg.set,500.0
6,AF4,68.99812316894531,586.5478515625,3.8002007007598877,False,False,sub-024,sub-024_ses-01_task-WorkingMemory_run-2_eeg.set,500.0
7,AF8,45.83517837524414,198.8677978515625,0.9836485981941223,False,False,sub-024,sub-024_ses-01_task-WorkingMemory_run-2_eeg.set,500.0
8,F9,43.034950256347656,213.8519287109375,0.6431483626365662,False,False,sub-024,sub-024_ses-01_task-WorkingMemory_run-2_eeg.set,500.0
9,F7,43.66192626953125,228.8665771484375,0.7193869352340698,False,False,sub-024,sub-024_ses-01_task-WorkingMemory_run-2_eeg.set,500.0
10,F5,34.889827728271484,178.8177490234375,-0.3472767174243927,False,False,sub-024,sub-024_ses-01_task-WorkingMemory_run-2_eeg.set,500.0
11,F3,41.305335998535156,212.2955322265625,0.43283191323280334,False,False,sub-024,sub-024_ses-01_task-WorkingMemory_run-2_eeg.set,500.0
12,F1,56.52156066894531,300.811767578125,2.2830841541290283,False,False,sub-024,sub-024_ses-01_task-WorkingMemory_run-2_eeg.set,500.0
13,FZ,68.23408508300781,591.156005859375,3.7072956562042236,False,False,sub-024,sub-024_ses-01_task-WorkingMemory_run-2_eeg.set,500.0
14,F2,58.32381057739258,434.3719482421875,2.502232789993286,False,False,sub-024,sub-024_ses-01_task-WorkingMemory_run-2_eeg.set,500.0
15,F4,57.15324020385742,466.827392578125,2.3598945140838623,False,False,sub-024,sub-024_ses-01_task-WorkingMemory_run-2_eeg.set,500.0
16,F6,63.742156982421875,537.445068359375,3.1610894203186035,False,False,sub-024,sub-024_ses-01_task-WorkingMemory_run-2_eeg.set,500.0
17,F8,67.66650390625,569.091796875,3.6382791996002197,False,False,sub-024,sub-024_ses-01_task-WorkingMemory_run-2_eeg.set,500.0
18,F10,50.38703536987305,395.5078125,1.537142276763916,False,False,sub-024,sub-024_ses-01_task-WorkingMemory_run-2_eeg.set,500.0
19,FT9,43.13153839111328,257.9193115234375,0.6548932194709778,False,False,sub-024,sub-024_ses-01_task-WorkingMemory_run-2_eeg.set,500.0
20,FT7,44.733951568603516,241.607666015625,0.8497424125671387,False,False,sub-024,sub-024_ses-01_task-WorkingMemory_run-2_eeg.set,500.0
21,FC5,41.21498489379883,230.52978515625,0.4218454360961914,False,False,sub-024,sub-024_ses-01_task-WorkingMemory_run-2_eeg.set,500.0
22,FC3,26.293655395507812,136.566162109375,-1.3925482034683228,False,False,sub-024,sub-024_ses-01_task-WorkingMemory_run-2_eeg.set,500.0
23,FC1,55.91645812988281,324.52392578125,2.209505081176758,False,False,sub-024,sub-024_ses-01_task-WorkingMemory_run-2_eeg.set,500.0
24,FCZ,35.789825439453125,181.304931640625,-0.23783941566944122,False,False,sub-024,sub-024_ses-01_task-WorkingMemory_run-2_eeg.set,500.0
25,FC2,33.916141510009766,179.779052734375,-0.46567437052726746,False,False,sub-024,sub-024_ses-01_task-WorkingMemory_run-2_eeg.set,500.0
26,FC4,50.138465881347656,313.934326171875,1.5069167613983154,False,False,sub-024,sub-024_ses-01_task-WorkingMemory_run-2_eeg.set,500.0
27,FC6,44.31356430053711,238.1591796875,0.7986244559288025,False,False,sub-024,sub-024_ses-01_task-WorkingMemory_run-2_eeg.set,500.0
28,FT8,36.44081497192383,201.5228271484375,-0.15868082642555237,False,False,sub-024,sub-024_ses-01_task-WorkingMemory_run-2_eeg.set,500.0
29,FT10,28.031835556030273,134.521484375,-1.1811902523040771,False,False,sub-024,sub-024_ses-01_task-WorkingMemory_run-2_eeg.set,500.0
30,T7,29.0111083984375,139.09912109375,-1.0621132850646973,False,False,sub-024,sub-024_ses-01_task-WorkingMemory_run-2_eeg.set,500.0
31,C5,52.65993118286133,301.5289306640625,1.8135201930999756,False,False,sub-024,sub-024_ses-01_task-WorkingMemory_run-2_eeg.set,500.0
32,C3,40.94621658325195,219.8638916015625,0.38916394114494324,False,False,sub-024,sub-024_ses-01_task-WorkingMemory_run-2_eeg.set,500.0
33,C1,34.61454772949219,177.6885986328125,-0.38075003027915955,False,False,sub-024,sub-024_ses-01_task-WorkingMemory_run-2_eeg.set,500.0
34,CZ,38.137176513671875,198.3642578125,0.04759218916296959,False,False,sub-024,sub-024_ses-01_task-WorkingMemory_run-2_eeg.set,500.0
35,C2,36.14573669433594,187.68310546875,-0.19456157088279724,False,False,sub-024,sub-024_ses-01_task-WorkingMemory_run-2_eeg.set,500.0
36,C4,37.745784759521484,204.0557861328125,0.0,False,False,sub-024,sub-024_ses-01_task-WorkingMemory_run-2_eeg.set,500.0
37,C6,34.87701416015625,192.535400390625,-0.3488348126411438,False,False,sub-024,sub-024_ses-01_task-WorkingMemory_run-2_eeg.set,500.0
38,T8,26.836618423461914,127.410888671875,-1.3265254497528076,False,False,sub-024,sub-024_ses-01_task-WorkingMemory_run-2_eeg.set,500.0
39,TP9,40.07350158691406,225.128173828125,0.28304412961006165,False,False,sub-024,sub-024_ses-01_task-WorkingMemory_run-2_eeg.set,500.0
40,TP7,32.14914321899414,170.684814453125,-0.6805366277694702,False,False,sub-024,sub-024_ses-01_task-WorkingMemory_run-2_eeg.set,500.0
41,CP5,32.198787689208984,164.1387939453125,-0.6744999885559082,False,False,sub-024,sub-024_ses-01_task-WorkingMemory_run-2_eeg.set,500.0
42,CP3,42.530364990234375,231.0791015625,0.5817921161651611,False,False,sub-024,sub-024_ses-01_task-WorkingMemory_run-2_eeg.set,500.0
43,CP1,35.42155838012695,181.304931640625,-0.2826196849346161,False,False,sub-024,sub-024_ses-01_task-WorkingMemory_run-2_eeg.set,500.0
44,CPZ,27.37778663635254,134.8419189453125,-1.2607208490371704,False,False,sub-024,sub-024_ses-01_task-WorkingMemory_run-2_eeg.set,500.0
45,CP2,42.094573974609375,234.7869873046875,0.5288011431694031,False,False,sub-024,sub-024_ses-01_task-WorkingMemory_run-2_eeg.set,500.0
46,CP4,33.21709060668945,173.2635498046875,-0.5506770610809326,False,False,sub-024,sub-024_ses-01_task-WorkingMemory_run-2_eeg.set,500.0
47,CP6,34.85867691040039,193.3135986328125,-0.3510645925998688,False,False,sub-024,sub-024_ses-01_task-WorkingMemory_run-2_eeg.set,500.0
48,TP8,37.4377555847168,220.3521728515625,-0.037455521523952484,False,False,sub-024,sub-024_ses-01_task-WorkingMemory_run-2_eeg.set,500.0
49,TP10,39.508148193359375,204.5745849609375,0.21429868042469025,False,False,sub-024,sub-024_ses-01_task-WorkingMemory_run-2_eeg.set,500.0
50,P7,33.98959732055664,176.5289306640625,-0.4567423164844513,False,False,sub-024,sub-024_ses-01_task-WorkingMemory_run-2_eeg.set,500.0
51,P5,35.05787658691406,186.6455078125,-0.32684242725372314,False,False,sub-024,sub-024_ses-01_task-WorkingMemory_run-2_eeg.set,500.0
52,P3,33.781341552734375,177.7801513671875,-0.48206567764282227,False,False,sub-024,sub-024_ses-01_task-WorkingMemory_run-2_eeg.set,500.0
53,P1,31.851041793823242,174.774169921875,-0.7167849540710449,False,False,sub-024,sub-024_ses-01_task-WorkingMemory_run-2_eeg.set,500.0
54,PZ,22.225004196166992,102.1728515625,-1.8872853517532349,False,False,sub-024,sub-024_ses-01_task-WorkingMemory_run-2_eeg.set,500.0
55,P2,23.79936981201172,113.6627197265625,-1.695846676826477,False,False,sub-024,sub-024_ses-01_task-WorkingMemory_run-2_eeg.set,500.0
56,P4,46.429325103759766,265.655517578125,1.0558953285217285,False,False,sub-024,sub-024_ses-01_task-WorkingMemory_run-2_eeg.set,500.0
57,P6,28.285085678100586,140.7623291015625,-1.1503956317901611,False,False,sub-024,sub-024_ses-01_task-WorkingMemory_run-2_eeg.set,500.0
58,P8,27.26422882080078,139.434814453125,-1.2745290994644165,False,False,sub-024,sub-024_ses-01_task-WorkingMemory_run-2_eeg.set,500.0
59,PO9,36.05284881591797,205.7647705078125,-0.20585647225379944,False,False,sub-024,sub-024_ses-01_task-WorkingMemory_run-2_eeg.set,500.0
60,PO7,40.32744216918945,206.7108154296875,0.31392261385917664,False,False,sub-024,sub-024_ses-01_task-WorkingMemory_run-2_eeg.set,500.0
61,PO3,33.19233322143555,169.342041015625,-0.5536875128746033,False,False,sub-024,sub-024_ses-01_task-WorkingMemory_run-2_eeg.set,500.0
62,POZ,41.651458740234375,219.3756103515625,0.47491949796676636,False,False,sub-024,sub-024_ses-01_task-WorkingMemory_run-2_eeg.set,500.0
63,PO4,30.592315673828125,155.364990234375,-0.8698426485061646,False,False,sub-024,sub-024_ses-01_task-WorkingMemory_run-2_eeg.set,500.0
64,PO8,27.018192291259766,143.402099609375,-1.3044465780258179,False,False,sub-024,sub-024_ses-01_task-WorkingMemory_run-2_eeg.set,500.0
65,PO10,42.81415939331055,225.9979248046875,0.6163007616996765,False,False,sub-024,sub-024_ses-01_task-WorkingMemory_run-2_eeg.set,500.0
66,O1,29.41128158569336,154.1595458984375,-1.0134532451629639,False,False,sub-024,sub-024_ses-01_task-WorkingMemory_run-2_eeg.set,500.0
67,OZ,36.75326919555664,202.4078369140625,-0.12068723142147064,False,False,sub-024,sub-024_ses-01_task-WorkingMemory_run-2_eeg.set,500.0
68,O2,37.70663070678711,196.319580078125,-0.004761028103530407,False,False,sub-024,sub-024_ses-01_task-WorkingMemory_run-2_eeg.set,500.0
69,LEYE,36.37968444824219,175.933837890625,-0.16611413657665253,False,False,sub-024,sub-024_ses-01_task-WorkingMemory_run-2_eeg.set,500.0
70,REYE,40.00629806518555,217.254638671875,0.274872362613678,False,False,sub-024,sub-024_ses-01_task-WorkingMemory_run-2_eeg.set,500.0
0,FP1,41.87962341308594,285.08148193359375,0.5814263820648193,False,False,sub-024,sub-024_ses-01_task-WorkingMemory_run-3_eeg.set,500.0
1,FPZ,40.689144134521484,225.8453369140625,0.42743924260139465,False,False,sub-024,sub-024_ses-01_task-WorkingMemory_run-3_eeg.set,500.0
2,FP2,26.843629837036133,147.021484375,-1.3634620904922485,False,False,sub-024,sub-024_ses-01_task-WorkingMemory_run-3_eeg.set,500.0
3,AF7,35.32763671875,271.50115966796875,-0.2660655379295349,False,False,sub-024,sub-024_ses-01_task-WorkingMemory_run-3_eeg.set,500.0
4,AF3,43.890567779541016,257.65228271484375,0.8415396809577942,False,False,sub-024,sub-024_ses-01_task-WorkingMemory_run-3_eeg.set,500.0
5,AFZ,32.607032775878906,199.4476318359375,-0.6179724931716919,False,False,sub-024,sub-024_ses-01_task-WorkingMemory_run-3_eeg.set,500.0
6,AF4,30.157197952270508,173.76861572265625,-0.9348558783531189,False,False,sub-024,sub-024_ses-01_task-WorkingMemory_run-3_eeg.set,500.0
7,AF8,50.64937210083008,349.21722412109375,1.7157832384109497,False,False,sub-024,sub-024_ses-01_task-WorkingMemory_run-3_eeg.set,500.0
8,F9,34.4665412902832,183.563232421875,-0.377447247505188,False,False,sub-024,sub-024_ses-01_task-WorkingMemory_run-3_eeg.set,500.0
9,F7,37.38459777832031,224.53765869140625,0.0,False,False,sub-024,sub-024_ses-01_task-WorkingMemory_run-3_eeg.set,500.0
10,F5,35.63827896118164,228.448486328125,-0.2258843183517456,False,False,sub-024,sub-024_ses-01_task-WorkingMemory_run-3_eeg.set,500.0
11,F3,59.30080795288086,483.294677734375,2.834836483001709,False,False,sub-024,sub-024_ses-01_task-WorkingMemory_run-3_eeg.set,500.0
12,F1,69.37461853027344,591.2322998046875,4.137872219085693,False,False,sub-024,sub-024_ses-01_task-WorkingMemory_run-3_eeg.set,500.0
13,FZ,40.80662155151367,241.27349853515625,0.44263485074043274,False,False,sub-024,sub-024_ses-01_task-WorkingMemory_run-3_eeg.set,500.0
14,F2,33.493499755859375,210.7757568359375,-0.5033090710639954,False,False,sub-024,sub-024_ses-01_task-WorkingMemory_run-3_eeg.set,500.0
15,F4,70.16670989990234,599.70703125,4.240328311920166,False,False,sub-024,sub-024_ses-01_task-WorkingMemory_run-3_eeg.set,500.0
16,F6,66.80677795410156,603.4500122070312,3.80572509765625,False,False,sub-024,sub-024_ses-01_task-WorkingMemory_run-3_eeg.set,500.0
17,F8,71.51908111572266,660.357666015625,4.415256023406982,False,False,sub-024,sub-024_ses-01_task-WorkingMemory_run-3_eeg.set,500.0
18,F10,67.59880065917969,601.7166137695312,3.908172607421875,False,False,sub-024,sub-024_ses-01_task-WorkingMemory_run-3_eeg.set,500.0
19,FT9,65.77140045166016,575.103759765625,3.671800374984741,False,False,sub-024,sub-024_ses-01_task-WorkingMemory_run-3_eeg.set,500.0
20,FT7,64.26060485839844,521.7178344726562,3.4763805866241455,False,False,sub-024,sub-024_ses-01_task-WorkingMemory_run-3_eeg.set,500.0
21,FC5,55.968040466308594,423.4649658203125,2.4037468433380127,False,False,sub-024,sub-024_ses-01_task-WorkingMemory_run-3_eeg.set,500.0
22,FC3,47.47227096557617,353.2867431640625,1.3048288822174072,False,False,sub-024,sub-024_ses-01_task-WorkingMemory_run-3_eeg.set,500.0
23,FC1,47.54253005981445,313.22784423828125,1.3139169216156006,False,False,sub-024,sub-024_ses-01_task-WorkingMemory_run-3_eeg.set,500.0
24,FCZ,40.64570999145508,283.477783203125,0.42182111740112305,False,False,sub-024,sub-024_ses-01_task-WorkingMemory_run-3_eeg.set,500.0
25,FC2,36.36503219604492,214.61639404296875,-0.13187964260578156,False,False,sub-024,sub-024_ses-01_task-WorkingMemory_run-3_eeg.set,500.0
26,FC4,42.34755325317383,260.13336181640625,0.6419525742530823,False,False,sub-024,sub-024_ses-01_task-WorkingMemory_run-3_eeg.set,500.0
27,FC6,36.77937698364258,208.74176025390625,-0.0782846137881279,False,False,sub-024,sub-024_ses-01_task-WorkingMemory_run-3_eeg.set,500.0
28,FT8,34.909584045410156,178.74298095703125,-0.32014018297195435,False,False,sub-024,sub-024_ses-01_task-WorkingMemory_run-3_eeg.set,500.0
29,FT10,31.40862464904785,165.0115966796875,-0.7729852199554443,False,False,sub-024,sub-024_ses-01_task-WorkingMemory_run-3_eeg.set,500.0
30,T7,33.34889221191406,178.3447265625,-0.5220138430595398,False,False,sub-024,sub-024_ses-01_task-WorkingMemory_run-3_eeg.set,500.0
31,C5,32.70744705200195,171.051025390625,-0.6049841046333313,False,False,sub-024,sub-024_ses-01_task-WorkingMemory_run-3_eeg.set,500.0
32,C3,30.922948837280273,160.61859130859375,-0.8358068466186523,False,False,sub-024,sub-024_ses-01_task-WorkingMemory_run-3_eeg.set,500.0
33,C1,33.680728912353516,179.11224365234375,-0.47909116744995117,False,False,sub-024,sub-024_ses-01_task-WorkingMemory_run-3_eeg.set,500.0
34,CZ,35.368682861328125,197.09930419921875,-0.260756254196167,False,False,sub-024,sub-024_ses-01_task-WorkingMemory_run-3_eeg.set,500.0
35,C2,35.91914367675781,233.94012451171875,-0.18955481052398682,False,False,sub-024,sub-024_ses-01_task-WorkingMemory_run-3_eeg.set,500.0
36,C4,34.267181396484375,235.88714599609375,-0.40323424339294434,False,False,sub-024,sub-024_ses-01_task-WorkingMemory_run-3_eeg.set,500.0
37,C6,44.51715850830078,323.48175048828125,0.9225885272026062,False,False,sub-024,sub-024_ses-01_task-WorkingMemory_run-3_eeg.set,500.0
38,T8,33.07667541503906,210.6475830078125,-0.5572248101234436,False,False,sub-024,sub-024_ses-01_task-WorkingMemory_run-3_eeg.set,500.0
39,TP9,37.08186340332031,277.9754638671875,-0.03915834426879883,False,False,sub-024,sub-024_ses-01_task-WorkingMemory_run-3_eeg.set,500.0
40,TP7,48.37255859375,320.24383544921875,1.421280026435852,False,False,sub-024,sub-024_ses-01_task-WorkingMemory_run-3_eeg.set,500.0
41,CP5,35.22314453125,226.3336181640625,-0.2795814871788025,False,False,sub-024,sub-024_ses-01_task-WorkingMemory_run-3_eeg.set,500.0
42,CP3,38.250762939453125,281.01043701171875,0.11203746497631073,False,False,sub-024,sub-024_ses-01_task-WorkingMemory_run-3_eeg.set,500.0
43,CP1,41.63669967651367,272.613525390625,0.5500044822692871,False,False,sub-024,sub-024_ses-01_task-WorkingMemory_run-3_eeg.set,500.0
44,CPZ,37.609771728515625,255.83038330078125,0.029125992208719254,False,False,sub-024,sub-024_ses-01_task-WorkingMemory_run-3_eeg.set,500.0
45,CP2,35.37506866455078,235.8306884765625,-0.259930282831192,False,False,sub-024,sub-024_ses-01_task-WorkingMemory_run-3_eeg.set,500.0
46,CP4,39.61516189575195,282.3944091796875,0.2885209023952484,False,False,sub-024,sub-024_ses-01_task-WorkingMemory_run-3_eeg.set,500.0
47,CP6,36.85962677001953,286.59210205078125,-0.06790439039468765,False,False,sub-024,sub-024_ses-01_task-WorkingMemory_run-3_eeg.set,500.0
48,TP8,38.76459503173828,265.51971435546875,0.17850105464458466,False,False,sub-024,sub-024_ses-01_task-WorkingMemory_run-3_eeg.set,500.0
49,TP10,34.326473236083984,208.43658447265625,-0.3955649137496948,False,False,sub-024,sub-024_ses-01_task-WorkingMemory_run-3_eeg.set,500.0
50,P7,30.98918342590332,202.51922607421875,-0.827239453792572,False,False,sub-024,sub-024_ses-01_task-WorkingMemory_run-3_eeg.set,500.0
51,P5,37.035274505615234,229.57305908203125,-0.04518456384539604,False,False,sub-024,sub-024_ses-01_task-WorkingMemory_run-3_eeg.set,500.0
52,P3,31.339576721191406,178.40576171875,-0.7819165587425232,False,False,sub-024,sub-024_ses-01_task-WorkingMemory_run-3_eeg.set,500.0
53,P1,32.17001724243164,186.5997314453125,-0.6744999885559082,False,False,sub-024,sub-024_ses-01_task-WorkingMemory_run-3_eeg.set,500.0
54,PZ,35.069557189941406,176.0284423828125,-0.29944783449172974,False,False,sub-024,sub-024_ses-01_task-WorkingMemory_run-3_eeg.set,500.0
55,P2,29.515884399414062,164.1387939453125,-1.0178090333938599,False,False,sub-024,sub-024_ses-01_task-WorkingMemory_run-3_eeg.set,500.0
56,P4,48.09659194946289,314.19525146484375,1.3855841159820557,False,False,sub-024,sub-024_ses-01_task-WorkingMemory_run-3_eeg.set,500.0
57,P6,31.990745544433594,175.9185791015625,-0.6976885795593262,False,False,sub-024,sub-024_ses-01_task-WorkingMemory_run-3_eeg.set,500.0
58,P8,40.03069305419922,256.64520263671875,0.3422693908214569,False,False,sub-024,sub-024_ses-01_task-WorkingMemory_run-3_eeg.set,500.0
59,PO9,57.77039337158203,417.31109619140625,2.6368792057037354,False,False,sub-024,sub-024_ses-01_task-WorkingMemory_run-3_eeg.set,500.0
60,PO7,45.09989547729492,348.5870361328125,0.9979648590087891,False,False,sub-024,sub-024_ses-01_task-WorkingMemory_run-3_eeg.set,500.0
61,PO3,54.56940841674805,406.63299560546875,2.2228355407714844,False,False,sub-024,sub-024_ses-01_task-WorkingMemory_run-3_eeg.set,500.0
62,POZ,46.576839447021484,383.5296630859375,1.1890058517456055,False,False,sub-024,sub-024_ses-01_task-WorkingMemory_run-3_eeg.set,500.0
63,PO4,52.43196105957031,404.583740234375,1.9463591575622559,False,False,sub-024,sub-024_ses-01_task-WorkingMemory_run-3_eeg.set,500.0
64,PO8,29.372882843017578,170.24383544921875,-1.0363061428070068,False,False,sub-024,sub-024_ses-01_task-WorkingMemory_run-3_eeg.set,500.0
65,PO10,40.649173736572266,308.46710205078125,0.42226916551589966,False,False,sub-024,sub-024_ses-01_task-WorkingMemory_run-3_eeg.set,500.0
66,O1,27.800212860107422,134.6923828125,-1.2397291660308838,False,False,sub-024,sub-024_ses-01_task-WorkingMemory_run-3_eeg.set,500.0
67,OZ,43.16793441772461,245.5047607421875,0.7480679750442505,False,False,sub-024,sub-024_ses-01_task-WorkingMemory_run-3_eeg.set,500.0
68,O2,30.034414291381836,167.39044189453125,-0.9507377743721008,False,False,sub-024,sub-024_ses-01_task-WorkingMemory_run-3_eeg.set,500.0
69,LEYE,28.35190773010254,149.69482421875,-1.1683681011199951,False,False,sub-024,sub-024_ses-01_task-WorkingMemory_run-3_eeg.set,500.0
70,REYE,50.239501953125,329.46319580078125,1.662766933441162,False,False,sub-024,sub-024_ses-01_task-WorkingMemory_run-3_eeg.set,500.0
