subject_left_out,target,feature,n_subjects,mean_effect,median_effect,direction,full_n_subjects,full_mean_effect,full_median_effect,full_direction,direction_agrees_with_full,absolute_mean_change,relative_mean_change
sub-001,remember,alpha_abs,21,-0.007590491068447523,0.0213409031658623,-1.0,22,-0.004225080718999699,0.02401404754028395,-1.0,True,0.003365410349447824,0.7965316104646151
sub-001,remember,alpha_beta_central_ratio,21,-0.014352417574310888,-0.0025246841906916,-1.0,22,-0.006481369496393726,-0.0012023537617123499,-1.0,True,0.00787104807791716,1.2144112571111183
sub-001,remember,alpha_beta_frontal_ratio,21,0.006767074268891548,-0.0017436997569701,1.0,22,0.006868067233128458,-0.00017555386438575,1.0,True,0.0001009929642369102,0.014704713976847184
sub-001,remember,alpha_beta_occipital_ratio,21,-0.01242722641343873,0.002846169028417,-1.0,22,-0.010147514905164053,0.0075259452461013,-1.0,True,0.002279711508274678,0.22465712340215796
sub-001,remember,alpha_beta_parietal_ratio,21,-0.014332523252185566,-0.0100953967486679,-1.0,22,-0.00889987824774338,-0.007146879630928599,-1.0,True,0.005432645004442186,0.6104179015954142
sub-001,remember,alpha_beta_ratio,21,-0.007827880178941345,-0.0047562250314685,-1.0,22,-0.004946131824715725,1.643148696604986e-05,-1.0,True,0.00288174835422562,0.5826266780488096
sub-001,remember,alpha_beta_temporal_ratio,21,0.05591635565150939,0.0413157779111308,1.0,22,0.05233680591085687,0.0315087420271479,1.0,True,0.00357954974065252,0.06839450131422654
sub-001,remember,alpha_central,21,-0.019501059157378715,-0.0269006979629089,-1.0,22,-0.01501586222283353,-0.01501119428169965,-1.0,True,0.004485196934545185,0.2986972621342297
sub-001,remember,alpha_frontal,21,-0.005183320944486748,0.0208244421122482,-1.0,22,-0.0030707927750683456,0.031058370447483198,-1.0,True,0.0021125281694184027,0.6879422755484974
sub-001,remember,alpha_frontoparietal_diff,21,0.014739298760410807,0.0003508395007239,1.0,22,0.00974893749781017,0.0002832907681079,1.0,True,0.004990361262600636,0.5118877071190151
sub-001,remember,alpha_frontoparietal_ratio,21,0.01840852146360252,-0.0087302300649315,1.0,22,0.01227663886432328,-0.010858941748103399,1.0,True,0.006131882599279241,0.4994756844317458
sub-001,remember,alpha_occipital,21,-0.015990033735498226,-0.0018726791703318,-1.0,22,-0.013808574837919587,0.006018385239761,-1.0,True,0.002181458897578639,0.15797856934432922
sub-001,remember,alpha_rel,21,-0.008182241684448819,0.0001746590438893,-1.0,22,-0.003156714484513651,0.00273943482436755,-1.0,True,0.0050255271999351675,1.5920119556550394
sub-001,remember,alpha_temporal,21,0.014706040274222646,0.0188570018099933,1.0,22,0.01629686962287168,0.025018799178911,1.0,True,0.0015908293486490335,0.09761563941190275
sub-001,remember,beta_abs,21,0.01000377396288116,0.0015822985112636,1.0,22,0.011882839884920149,0.0064287775629291,1.0,True,0.0018790659220389878,0.15813273091591565
sub-001,remember,beta_central,21,-0.008326038462381306,0.0213291994335232,-1.0,22,-0.009108361260200665,0.017305056347534098,-1.0,True,0.0007823227978193594,0.08589062021922088
sub-001,remember,beta_frontal,21,0.005577010909792344,0.0272890012761169,1.0,22,0.006292755656684213,0.02676135788213745,1.0,True,0.0007157447468918686,0.11374106765636119
sub-001,remember,beta_frontoparietal_diff,21,0.016687667061527117,0.0118892291000058,1.0,22,0.015061675649799796,0.0103621489766398,1.0,True,0.0016259914117273209,0.10795554555372025
sub-001,remember,beta_frontoparietal_ratio,21,0.010429899248921775,0.0303288138071968,1.0,22,0.009995618660365795,0.0250422045529727,1.0,True,0.0004342805885559804,0.043447094503311884
sub-001,remember,beta_occipital,21,-0.014894422598295088,0.0042915554102766,-1.0,22,-0.011332306790655403,0.01008362228756505,-1.0,True,0.0035621158076396854,0.31433280738366515
sub-001,remember,beta_parietal,21,-0.010655234584092814,0.0014058908518956,-1.0,22,-0.005930338816362909,0.005094234456075399,-1.0,True,0.004724895767729905,0.7967328535585585
sub-001,remember,beta_rel,21,0.011631818560326112,0.0180197776350641,1.0,22,0.01053903365996976,0.0168174660327096,1.0,True,0.0010927849003563514,0.10368928837442264
sub-001,remember,beta_temporal,21,-0.06919315528857284,0.0120496579886667,-1.0,22,-0.06158071509031959,0.012371174100029601,-1.0,True,0.007612440198253245,0.12361727510127453
sub-001,remember,delta_abs,21,0.001630260474969734,-0.0065310986896701,1.0,22,0.007228722856415695,-0.0031531389258265497,1.0,True,0.005598462381445961,0.7744746191890823
sub-001,remember,delta_central,21,-0.0026451414107552104,-0.0094764678096541,-1.0,22,-0.002242849784410514,-0.0058486340347987,-1.0,True,0.00040229162634469653,0.17936628174607355
sub-001,remember,delta_frontoparietal_diff,21,-0.01354658177083932,-0.0056186456872859,-1.0,22,-0.008891798665416483,-0.0035818687385868,-1.0,True,0.004654783105422836,0.5234917344144353
sub-001,remember,delta_frontoparietal_ratio,21,-0.006955350132186473,0.0149154362677029,-1.0,22,-0.008555437293700145,0.00552592003253765,-1.0,True,0.0016000871615136723,0.18702575994472048
sub-001,remember,delta_occipital,21,0.0014514212270596131,0.0070640186658745,1.0,22,0.009659547749774438,0.0202226940751393,1.0,True,0.008208126522714824,0.8497423207941069
sub-001,remember,delta_parietal,21,0.0005755674370059305,-0.0136349380070306,1.0,22,0.007668092957052327,-0.0127862519011169,1.0,True,0.007092525520046396,0.9249399504897
sub-001,remember,delta_rel,21,0.015095799204047673,0.0187659652572542,1.0,22,0.012862226458615516,0.0100134032748007,1.0,True,0.0022335727454321566,0.1736536635098693
sub-001,remember,delta_temporal,21,-0.006332588645850416,0.0104766210105404,-1.0,22,-0.004455897646301734,0.010532915525169599,-1.0,True,0.001876690999548682,0.4211701319275772
sub-001,remember,delta_theta_ratio,21,-0.003574097445664553,-0.0103725893448459,-1.0,22,-0.00018999032316373288,-0.0103091462388365,-1.0,True,0.00338410712250082,17.811997296222348
sub-001,remember,gamma_abs,21,0.02801882717946365,0.0454704048008172,1.0,22,0.025495370910866674,0.027636058275061652,1.0,True,0.002523456268596975,0.0989770369460059
sub-001,remember,gamma_central,21,0.015879041335462234,0.0509209297011822,1.0,22,0.014558284246406573,0.0427861302894467,1.0,True,0.001320757089055661,0.09072202923786599
sub-001,remember,gamma_frontal,21,0.023500536641750114,0.0229120009761729,1.0,22,0.020143744628534934,0.0143858938803237,1.0,True,0.0033567920132151798,0.16664190671182674
sub-001,remember,gamma_frontoparietal_ratio,21,0.022431805870369716,-0.0471491685534784,1.0,22,0.026023240242854986,-0.03536198003882305,1.0,True,0.0035914343724852693,0.13800873138660524
sub-001,remember,gamma_occipital,21,0.027305735422017724,0.0160456150036585,1.0,22,0.023031090473266857,0.0133513575859867,1.0,True,0.004274644948750867,0.18560323722893735
sub-001,remember,gamma_parietal,21,0.019292626776129817,0.0252819675475891,1.0,22,0.018942058685776395,0.02026889488011765,1.0,True,0.0003505680903534217,0.018507391206461814
sub-001,remember,gamma_rel,21,0.028058554031937535,0.0313494293066601,1.0,22,0.02631386588803555,0.0210692636781099,1.0,True,0.0017446881439019853,0.06630299596895278
sub-001,remember,gamma_temporal,21,-0.06116378670758921,0.0128595278210104,-1.0,22,-0.05651817964866923,0.02027048990149495,-1.0,True,0.004645607058919976,0.0821966858769727
sub-001,remember,theta_abs,21,-0.005321845835991666,0.0253465952983008,-1.0,22,-0.0029891438300134214,0.0321264622211444,-1.0,True,0.0023327020059782447,0.7803913557307046
sub-001,remember,theta_alpha_central_ratio,21,0.02737375222911304,0.0022639975020207,1.0,22,0.024055814630122893,0.0018794202919669499,1.0,True,0.0033179375989901456,0.13792663644969214
sub-001,remember,theta_alpha_frontal_ratio,21,0.011529847099286334,0.012405460018272,1.0,22,0.010202402386540039,0.0102901272273364,1.0,True,0.0013274447127462948,0.13011099371042095
sub-001,remember,theta_alpha_occipital_ratio,21,0.024316615088911968,0.0022400203155615,1.0,22,0.019958592202797092,-0.00039517783826780004,1.0,True,0.0043580228861148755,0.21835322059960327
sub-001,remember,theta_alpha_parietal_ratio,21,0.02169819605728317,-0.0092970279075838,1.0,22,0.01811562122035374,-0.01519353624041025,1.0,True,0.00358257483692943,0.1977616330873733
sub-001,remember,theta_alpha_ratio,21,0.015499139254464833,0.0139125410978419,1.0,22,0.013720792059534921,0.0072135815711985,1.0,True,0.001778347194929912,0.12960966008475394
sub-001,remember,theta_alpha_temporal_ratio,21,-0.0005627416837037753,-0.0084465845946709,-1.0,22,0.0003842089452644267,-0.004374930220801349,1.0,False,0.000946950628968202,2.464676162905254
sub-001,remember,theta_beta_ratio,21,0.0041581216482769485,0.0058846005636505,1.0,22,0.004779497052755068,0.00875205737736785,1.0,True,0.0006213754044781198,0.13000853387281355
sub-001,remember,theta_central,21,-0.006309489545158659,0.0111190608577165,-1.0,22,-0.004115907282348823,0.011607086792101099,-1.0,True,0.002193582262809836,0.5329523024527474
sub-001,remember,theta_frontoparietal_diff,21,0.004807464690579701,0.0005638273318519,1.0,22,0.007216404476452345,0.0012829558183184,1.0,True,0.0024089397858726436,0.33381440767811593
sub-001,remember,theta_frontoparietal_ratio,21,0.006135480309347112,0.0112776709907839,1.0,22,0.007059147266353017,0.01235521432324275,1.0,True,0.0009236669570059051,0.13084681791645086
sub-001,remember,theta_occipital,21,0.0024541084422265674,0.0236953785632645,1.0,22,0.001496081143524913,0.0100555128668375,1.0,True,0.0009580272987016543,0.6403578461288861
sub-001,remember,theta_parietal,21,-0.010969813180190894,0.0152573544594434,-1.0,22,-0.010798479725520525,0.0151709516428865,-1.0,True,0.00017133345467036827,0.015866442223848264
sub-001,remember,theta_rel,21,-0.0071325235131067454,-0.0029168151123687,-1.0,22,-0.014536550484554562,-0.00514433645290715,-1.0,True,0.0074040269714478165,0.5093386480729919
sub-001,remember,theta_temporal,21,-0.005011105244599443,0.0003462722352739,-1.0,22,-0.0033958097139939105,0.00229113186847875,-1.0,True,0.0016152955306055327,0.4756731579949857
sub-001,correct,alpha_abs,16,0.006310039902677346,-0.0200319551720718,1.0,17,0.003977169084874701,-0.0314873277469293,1.0,True,0.002332870817802645,0.5865656621627242
sub-001,correct,alpha_beta_central_ratio,16,0.1496235727143035,0.1265473772648927,1.0,17,0.14402964758962156,0.0918357757863384,1.0,True,0.005593925124681931,0.03883870590741497
sub-001,correct,alpha_beta_frontal_ratio,16,0.031502377244488435,0.1289421023243036,1.0,17,0.011768877838233034,0.1052386511879747,1.0,True,0.0197334994062554,1.676752845725703
sub-001,correct,alpha_beta_occipital_ratio,16,-0.03654337870667704,0.02818276416586385,-1.0,17,-0.03671384250847402,0.0245095354919788,-1.0,True,0.00017046380179698561,0.004643038977945182
sub-001,correct,alpha_beta_parietal_ratio,16,0.04451628627911833,0.04223781894371415,1.0,17,0.037132833069950806,0.0382750490663845,1.0,True,0.007383453209167522,0.19883894114027276
sub-001,correct,alpha_beta_ratio,16,0.05862957653724203,0.059700692172852,1.0,17,0.046180390629905685,0.027962344081358,1.0,True,0.012449185907336346,0.2695773192371927
sub-001,correct,alpha_beta_temporal_ratio,16,0.061605053647453625,0.0599705395902789,1.0,17,0.06494299068767259,0.0617200039401055,1.0,True,0.003337937040218966,0.05139795696000446
sub-001,correct,alpha_central,16,0.04679570520981577,0.0216679967399595,1.0,17,0.04246795987509471,0.0177681990916285,1.0,True,0.004327745334721057,0.10190612752413046
sub-001,correct,alpha_frontal,16,-0.002462315223326794,-0.06081220452219705,-1.0,17,-0.0117935947338535,-0.0626760015310623,-1.0,True,0.009331279510526706,0.7912158863439048
sub-001,correct,alpha_frontoparietal_diff,16,-0.024146926333293656,-0.0152541787834251,-1.0,17,-0.030850199169255386,-0.0426794577245955,-1.0,True,0.00670327283596173,0.21728458864025943
sub-001,correct,alpha_frontoparietal_ratio,16,-0.06017841911851798,-0.0865774089019209,-1.0,17,-0.07059348720716957,-0.0935569508164402,-1.0,True,0.010415068088651593,0.14753582094742904
sub-001,correct,alpha_occipital,16,-0.03350562014542645,-0.0121144056513481,-1.0,17,-0.0353875819230478,-0.0226737443574212,-1.0,True,0.0018819617776213507,0.053181417755917254
sub-001,correct,alpha_rel,16,0.049028674025396776,0.042440655210347594,1.0,17,0.05097832355011286,0.0454504463368716,1.0,True,0.0019496495247160808,0.03824467712830005
sub-001,correct,alpha_temporal,16,0.027330747488414145,0.04145835231280655,1.0,17,0.027248635892917775,0.0259348503649758,1.0,True,8.211159549637026e-05,0.003013420408238197
sub-001,correct,beta_abs,16,0.00188864235457252,0.0286911864095237,1.0,17,0.0006445398145583712,0.022617076858297,1.0,True,0.0012441025400141488,1.9302182920485504
sub-001,correct,beta_central,16,-0.08878637035211326,-0.018250184339837203,-1.0,17,-0.08727746109283907,-0.0573648282093374,-1.0,True,0.0015089092592741882,0.017288647497079757
sub-001,correct,beta_frontal,16,0.014588847783861079,0.00850545332844495,1.0,17,0.010174146145588859,-0.0024640408308667,1.0,True,0.00441470163827222,0.4339137235792779
sub-001,correct,beta_frontoparietal_diff,16,-0.03389792621091248,-0.05809212024252395,-1.0,17,-0.03944986095015843,-0.0650358100322439,-1.0,True,0.005551934739245951,0.14073394951278415
sub-001,correct,beta_frontoparietal_ratio,16,-0.04321141441084925,-0.0703178846396379,-1.0,17,-0.04525945894883748,-0.0780281715566495,-1.0,True,0.002048044537988236,0.04525119357488124
sub-001,correct,beta_occipital,16,0.043011284955927605,0.07165946385599155,1.0,17,0.05622197652916972,0.075512730773342,1.0,True,0.013210691573242117,0.23497380186176836
sub-001,correct,beta_parietal,16,0.030309477162926816,0.0226575465476272,1.0,17,0.04568359299605848,0.0300598021055862,1.0,True,0.015374115833131665,0.33653473435108583
sub-001,correct,beta_rel,16,-0.021480531057255746,-0.0380592083096837,-1.0,17,0.004003613901954628,-0.0116664289571332,1.0,False,0.025484144959210375,6.365285360501074
sub-001,correct,beta_temporal,16,0.0019530899203502247,-0.03853522177348065,1.0,17,0.0020193839783318964,0.0030800889060386,1.0,True,6.629405798167171e-05,0.03282885211183741
sub-001,correct,delta_abs,16,0.05149173204396111,0.07880448481849155,1.0,17,0.0500998314822681,0.0751932060962368,1.0,True,0.001391900561693013,0.027782539791289522
sub-001,correct,delta_central,16,0.03392205603784353,0.056649244265719295,1.0,17,0.01594723148571994,0.053237904630791,1.0,True,0.017974824552123594,1.1271438912904272
sub-001,correct,delta_frontoparietal_diff,16,0.06748276628990925,0.1033047987150405,1.0,17,0.0627843531353025,0.0965889029100864,1.0,True,0.004698413154606743,0.07483414131035954
sub-001,correct,delta_frontoparietal_ratio,16,0.021282634373014656,0.0772956207045333,1.0,17,0.007618362637043261,0.0767235494216667,1.0,True,0.013664271735971394,1.793596916682689
sub-001,correct,delta_occipital,16,0.02772839655272502,0.026466660816486347,1.0,17,0.03884197513017873,0.0337134178161626,1.0,True,0.011113578577453709,0.2861229002955332
sub-001,correct,delta_parietal,16,0.03792858405374808,0.06603914374845984,1.0,17,0.042145890738078534,0.0816931621013528,1.0,True,0.004217306684330457,0.10006448103183993
sub-001,correct,delta_rel,16,-0.07790758915324474,-0.01386281798701235,-1.0,17,-0.07439446030727782,-0.0181843987718074,-1.0,True,0.003513128845966912,0.04722298987661627
sub-001,correct,delta_temporal,16,0.06914657995803339,0.103284213130238,1.0,17,0.05208933196612908,0.0902600490670809,1.0,True,0.017057247991904306,0.32746144648189623
sub-001,correct,delta_theta_ratio,16,-0.06868580162965751,-0.017553290673687702,-1.0,17,-0.055106454857458256,0.0119751868871558,-1.0,True,0.013579346772199255,0.24642025707014592
sub-001,correct,gamma_abs,16,-0.04632896020469699,-0.047640854842901,-1.0,17,-0.05686524273293527,-0.0685925280951577,-1.0,True,0.01053628252823828,0.1852851060132003
sub-001,correct,gamma_central,16,-0.1830559670813876,-0.0526622826991817,-1.0,17,-0.18547637333133052,-0.0566883528600988,-1.0,True,0.0024204062499429135,0.01304967423327368
sub-001,correct,gamma_frontal,16,-0.006760062501397386,-0.06609408315094994,-1.0,17,-0.018570855272571345,-0.0854695744567192,-1.0,True,0.011810792771173959,0.6359853974317587
sub-001,correct,gamma_frontoparietal_ratio,16,-0.014544810928308519,-0.15163306776803695,-1.0,17,0.0009702615712471755,-0.1482127749572843,1.0,False,0.015515072499555693,15.990608058002955
sub-001,correct,gamma_occipital,16,-0.10634871828718177,-0.07343477167019966,-1.0,17,-0.08945879593248873,-0.0548388597736076,-1.0,True,0.01688992235469304,0.18880113664216144
sub-001,correct,gamma_parietal,16,-0.05637404993149219,-0.07588649968283895,-1.0,17,-0.05958862522387283,-0.1006162409118598,-1.0,True,0.003214575292380638,0.053946122776009124
sub-001,correct,gamma_rel,16,-0.10870547174492061,-0.09918830401472925,-1.0,17,-0.10166472404316662,-0.0680082285851119,-1.0,True,0.007040747701753988,0.06925457938354804
sub-001,correct,gamma_temporal,16,-0.0052075537730602375,-0.06969518866795975,-1.0,17,-0.03680055328585214,-0.1385081681207297,-1.0,True,0.0315929995127919,0.8584925141584144
sub-001,correct,theta_abs,16,0.11137801925131524,0.1246222182217799,1.0,17,0.09306439261390705,0.1011817885579857,1.0,True,0.018313626637408195,0.19678446420840343
sub-001,correct,theta_alpha_central_ratio,16,0.02232794393462155,0.03004803630771425,1.0,17,0.019230682046213178,0.024672152042746,1.0,True,0.0030972618884083716,0.1610583483708666
sub-001,correct,theta_alpha_frontal_ratio,16,0.07712737922752609,0.08618891553809374,1.0,17,0.05565969462472302,0.0808250903691507,1.0,True,0.021467684602803072,0.38569533569211356
sub-001,correct,theta_alpha_occipital_ratio,16,0.09049294265661788,0.050266443260382,1.0,17,0.07878043065566702,0.0375691400620294,1.0,True,0.011712512000950859,0.1486728608040216
sub-001,correct,theta_alpha_parietal_ratio,16,0.07190599321751055,0.050567630543160144,1.0,17,0.057607059823141175,0.0484739848887195,1.0,True,0.014298933394369377,0.24821494862380378
sub-001,correct,theta_alpha_ratio,16,0.07499742981430198,0.06891508729876375,1.0,17,0.05985120385013264,0.0618279945127793,1.0,True,0.01514622596416934,0.2530646835792222
sub-001,correct,theta_alpha_temporal_ratio,16,0.06509643402340017,-0.00996148331026445,1.0,17,0.058508311526769,-0.019445121900486,1.0,True,0.0065881224966311686,0.11260148045149004
sub-001,correct,theta_beta_ratio,16,0.08495476882675077,0.0902319785252483,1.0,17,0.05244258158047268,0.0847662864916092,1.0,True,0.032512187246278086,0.6199577951056513
sub-001,correct,theta_central,16,0.1254698221145542,0.10896457906730744,1.0,17,0.11307711641494934,0.1026073676032386,1.0,True,0.012392705699604864,0.10959516914216684
sub-001,correct,theta_frontoparietal_diff,16,0.014481271170869817,-0.0199145723508928,1.0,17,0.006159832855024103,-0.0620817786206806,1.0,True,0.008321438315845715,1.350919499229359
sub-001,correct,theta_frontoparietal_ratio,16,-0.022843748221814224,0.0058357013589331996,-1.0,17,-0.03877004880421776,-0.0184003772783559,-1.0,True,0.01592630058240354,0.41078876796953967
sub-001,correct,theta_occipital,16,0.09290850468347549,0.07763336182403165,1.0,17,0.07227551076487133,0.0680261649250033,1.0,True,0.020632993918604153,0.28547697138700234
sub-001,correct,theta_parietal,16,0.09276212458018634,0.1228456127701279,1.0,17,0.08155791977439754,0.1098504300048916,1.0,True,0.011204204805788806,0.13737727539865482
sub-001,correct,theta_rel,16,0.11433435289644947,0.0452520519933618,1.0,17,0.08679106636054519,0.0267486725345396,1.0,True,0.02754328653590428,0.31735163180833237
sub-001,correct,theta_temporal,16,0.11236882127479086,0.07647775184921965,1.0,17,0.10826577717700087,0.0660816722314345,1.0,True,0.0041030440977899985,0.03789788615364613
sub-002,remember,alpha_abs,21,-0.005697093701557094,0.0213409031658623,-1.0,22,-0.004225080718999699,0.02401404754028395,-1.0,True,0.0014720129825573948,0.34839878346889863
sub-002,remember,alpha_beta_central_ratio,21,-0.005553704813295364,0.0001199766672669,-1.0,22,-0.006481369496393726,-0.0012023537617123499,-1.0,True,0.0009276646830983625,0.14312788116994732
sub-002,remember,alpha_beta_frontal_ratio,21,0.00712880414764893,-0.0017436997569701,1.0,22,0.006868067233128458,-0.00017555386438575,1.0,True,0.0002607369145204725,0.037963652024662085
sub-002,remember,alpha_beta_occipital_ratio,21,-0.011211954732256894,0.002846169028417,-1.0,22,-0.010147514905164053,0.0075259452461013,-1.0,True,0.0010644398270928408,0.10489660148724188
sub-002,remember,alpha_beta_parietal_ratio,21,-0.009381113659936333,-0.0100953967486679,-1.0,22,-0.00889987824774338,-0.007146879630928599,-1.0,True,0.0004812354121929534,0.05407213433677856
sub-002,remember,alpha_beta_ratio,21,-0.004955175005346545,0.0047890880054006,-1.0,22,-0.004946131824715725,1.643148696604986e-05,-1.0,True,9.043180630820442e-06,0.0018283339286736847
sub-002,remember,alpha_beta_temporal_ratio,21,0.05681400667371847,0.0413157779111308,1.0,22,0.05233680591085687,0.0315087420271479,1.0,True,0.004477200762861601,0.08554593053476425
sub-002,remember,alpha_central,21,-0.013257185498543819,-0.0031216906004904,-1.0,22,-0.01501586222283353,-0.01501119428169965,-1.0,True,0.0017586767242897122,0.1171212613828742
sub-002,remember,alpha_frontal,21,-0.006330946056315088,0.0208244421122482,-1.0,22,-0.0030707927750683456,0.031058370447483198,-1.0,True,0.003260153281246742,1.0616650226989615
sub-002,remember,alpha_frontoparietal_diff,21,0.00910347624436948,0.0002157420354919,1.0,22,0.00974893749781017,0.0002832907681079,1.0,True,0.0006454612534406903,0.06620836922851082
sub-002,remember,alpha_frontoparietal_ratio,21,0.01224719308413862,-0.0129876534312753,1.0,22,0.01227663886432328,-0.010858941748103399,1.0,True,2.944578018466114e-05,0.0023985213306414437
sub-002,remember,alpha_occipital,21,-0.015128480765908794,-0.0018726791703318,-1.0,22,-0.013808574837919587,0.006018385239761,-1.0,True,0.0013199059279892077,0.095585963322198
sub-002,remember,alpha_rel,21,-0.00368749717730076,0.0001746590438893,-1.0,22,-0.003156714484513651,0.00273943482436755,-1.0,True,0.000530782692787109,0.16814402930358321
sub-002,remember,alpha_temporal,21,0.017609540686073323,0.0311805965478287,1.0,22,0.01629686962287168,0.025018799178911,1.0,True,0.0013126710632016432,0.08054743601552705
sub-002,remember,beta_abs,21,0.009879141497029684,0.0015822985112636,1.0,22,0.011882839884920149,0.0064287775629291,1.0,True,0.0020036983878904645,0.16862117198374832
sub-002,remember,beta_central,21,-0.008566585276851954,0.0213291994335232,-1.0,22,-0.009108361260200665,0.017305056347534098,-1.0,True,0.000541775983348711,0.05948116986927407
sub-002,remember,beta_frontal,21,0.0027319849163054957,0.026233714488158,1.0,22,0.006292755656684213,0.02676135788213745,1.0,True,0.003560770740378717,0.5658523760725461
sub-002,remember,beta_frontoparietal_diff,21,0.016390729154177025,0.0118892291000058,1.0,22,0.015061675649799796,0.0103621489766398,1.0,True,0.0013290535043772294,0.08824074659945924
sub-002,remember,beta_frontoparietal_ratio,21,0.009530857868061852,0.0303288138071968,1.0,22,0.009995618660365795,0.0250422045529727,1.0,True,0.00046476079230394277,0.046496450904714146
sub-002,remember,beta_occipital,21,-0.011906750711225055,0.0158756891648535,-1.0,22,-0.011332306790655403,0.01008362228756505,-1.0,True,0.0005744439205696526,0.05069081972289507
sub-002,remember,beta_parietal,21,-0.009135192842509425,0.0014058908518956,-1.0,22,-0.005930338816362909,0.005094234456075399,-1.0,True,0.0032048540261465164,0.5404166819783934
sub-002,remember,beta_rel,21,0.0071943068005485096,0.0156151544303551,1.0,22,0.01053903365996976,0.0168174660327096,1.0,True,0.0033447268594212513,0.317365611244366
sub-002,remember,beta_temporal,21,-0.06523787184888927,0.0120496579886667,-1.0,22,-0.06158071509031959,0.012371174100029601,-1.0,True,0.003657156758569674,0.05938802031132266
sub-002,remember,delta_abs,21,0.007883952453848356,0.000224820838017,1.0,22,0.007228722856415695,-0.0031531389258265497,1.0,True,0.0006552295974326609,0.09064251188591718
sub-002,remember,delta_central,21,-0.005037946082103481,-0.0094764678096541,-1.0,22,-0.002242849784410514,-0.0058486340347987,-1.0,True,0.002795096297692967,1.2462253678873103
sub-002,remember,delta_frontoparietal_diff,21,-0.010670092311498878,-0.0056186456872859,-1.0,22,-0.008891798665416483,-0.0035818687385868,-1.0,True,0.0017782936460823944,0.19999256764537873
sub-002,remember,delta_frontoparietal_ratio,21,-0.011670045684425246,-0.0038635962026276,-1.0,22,-0.008555437293700145,0.00552592003253765,-1.0,True,0.003114608390725101,0.3640501687761261
sub-002,remember,delta_occipital,21,0.011993028667368,0.0333813694844041,1.0,22,0.009659547749774438,0.0202226940751393,1.0,True,0.0023334809175935625,0.2415724812425149
sub-002,remember,delta_parietal,21,0.00885165346296411,-0.0119375657952032,1.0,22,0.007668092957052327,-0.0127862519011169,1.0,True,0.001183560505911784,0.15434874258054818
sub-002,remember,delta_rel,21,0.01513122776354624,0.0187659652572542,1.0,22,0.012862226458615516,0.0100134032748007,1.0,True,0.0022690013049307244,0.17640812904603131
sub-002,remember,delta_temporal,21,-0.004993504793532153,0.0105892100397988,-1.0,22,-0.004455897646301734,0.010532915525169599,-1.0,True,0.0005376071472304195,0.12065069485530439
sub-002,remember,delta_theta_ratio,21,-0.0012955811166108248,-0.0103725893448459,-1.0,22,-0.00018999032316373288,-0.0103091462388365,-1.0,True,0.001105590793447092,5.8191952886689835
sub-002,remember,gamma_abs,21,0.02454417882086903,0.0098017117493061,1.0,22,0.025495370910866674,0.027636058275061652,1.0,True,0.0009511920899976448,0.03730842329468626
sub-002,remember,gamma_central,21,0.014719732487334259,0.0509209297011822,1.0,22,0.014558284246406573,0.0427861302894467,1.0,True,0.0001614482409276856,0.011089784908378603
sub-002,remember,gamma_frontal,21,0.018712919746900463,0.0058597867844745,1.0,22,0.020143744628534934,0.0143858938803237,1.0,True,0.001430824881634471,0.07103072978832416
sub-002,remember,gamma_frontoparietal_ratio,21,0.029913516593592093,-0.0235747915241677,1.0,22,0.026023240242854986,-0.03536198003882305,1.0,True,0.0038902763507371076,0.14949238889669908
sub-002,remember,gamma_occipital,21,0.023620328106835998,0.0160456150036585,1.0,22,0.023031090473266857,0.0133513575859867,1.0,True,0.000589237633569141,0.02558444352659261
sub-002,remember,gamma_parietal,21,0.017150667142671536,0.0152558222126462,1.0,22,0.018942058685776395,0.02026889488011765,1.0,True,0.0017913915431048595,0.09457216730354746
sub-002,remember,gamma_rel,21,0.023969737147038834,0.0107890980495597,1.0,22,0.02631386588803555,0.0210692636781099,1.0,True,0.0023441287409967163,0.08908340382104593
sub-002,remember,gamma_temporal,21,-0.05967295250659587,0.0276814519819795,-1.0,22,-0.05651817964866923,0.02027048990149495,-1.0,True,0.0031547728579266396,0.05581872731106125
sub-002,remember,theta_abs,21,-0.0021081836829166946,0.038906329143988,-1.0,22,-0.0029891438300134214,0.0321264622211444,-1.0,True,0.0008809601470967268,0.29471989211464983
sub-002,remember,theta_alpha_central_ratio,21,0.02523125836979775,0.0022639975020207,1.0,22,0.024055814630122893,0.0018794202919669499,1.0,True,0.0011754437396748578,0.04886318579304969
sub-002,remember,theta_alpha_frontal_ratio,21,0.013208420214632794,0.012405460018272,1.0,22,0.010202402386540039,0.0102901272273364,1.0,True,0.0030060178280927555,0.29463823462389355
sub-002,remember,theta_alpha_occipital_ratio,21,0.019267320410708673,-0.0030303759920971,1.0,22,0.019958592202797092,-0.00039517783826780004,1.0,True,0.0006912717920884194,0.0346352981745647
sub-002,remember,theta_alpha_parietal_ratio,21,0.022033305826623665,-0.0092970279075838,1.0,22,0.01811562122035374,-0.01519353624041025,1.0,True,0.003917684606269924,0.21626001993617663
sub-002,remember,theta_alpha_ratio,21,0.015313169634372029,0.0139125410978419,1.0,22,0.013720792059534921,0.0072135815711985,1.0,True,0.0015923775748371075,0.116055805519662
sub-002,remember,theta_alpha_temporal_ratio,21,-0.0040884834323579086,-0.0084465845946709,-1.0,22,0.0003842089452644267,-0.004374930220801349,1.0,False,0.004472692377622336,11.641302038254379
sub-002,remember,theta_beta_ratio,21,0.005908898424111185,0.0116195141910852,1.0,22,0.004779497052755068,0.00875205737736785,1.0,True,0.0011294013713561164,0.2363013009297893
sub-002,remember,theta_central,21,-0.003836237948115639,0.0120951127264857,-1.0,22,-0.004115907282348823,0.011607086792101099,-1.0,True,0.0002796693342331843,0.06794840482256576
sub-002,remember,theta_frontoparietal_diff,21,0.005333454810279329,0.0005638273318519,1.0,22,0.007216404476452345,0.0012829558183184,1.0,True,0.0018829496661730153,0.260926292631908
sub-002,remember,theta_frontoparietal_ratio,21,0.003923466386376692,0.0112776709907839,1.0,22,0.007059147266353017,0.01235521432324275,1.0,True,0.0031356808799763245,0.44420108572070044
sub-002,remember,theta_occipital,21,0.0017380065708160765,0.0236953785632645,1.0,22,0.001496081143524913,0.0100555128668375,1.0,True,0.00024192542729116343,0.1617060868243841
sub-002,remember,theta_parietal,21,-0.00815551664941987,0.0152573544594434,-1.0,22,-0.010798479725520525,0.0151709516428865,-1.0,True,0.002642963076100655,0.2447532563175929
sub-002,remember,theta_rel,21,-0.01508987121656341,-0.0073718577934456,-1.0,22,-0.014536550484554562,-0.00514433645290715,-1.0,True,0.0005533207320088489,0.03806410142466506
sub-002,remember,theta_temporal,21,-0.005330806251376248,0.0003462722352739,-1.0,22,-0.0033958097139939105,0.00229113186847875,-1.0,True,0.0019349965373823379,0.5698188945653648
sub-002,correct,alpha_abs,17,0.003977169084874701,-0.0314873277469293,1.0,17,0.003977169084874701,-0.0314873277469293,1.0,True,0.0,0.0
sub-002,correct,alpha_beta_central_ratio,17,0.14402964758962156,0.0918357757863384,1.0,17,0.14402964758962156,0.0918357757863384,1.0,True,0.0,0.0
sub-002,correct,alpha_beta_frontal_ratio,17,0.011768877838233034,0.1052386511879747,1.0,17,0.011768877838233034,0.1052386511879747,1.0,True,0.0,0.0
sub-002,correct,alpha_beta_occipital_ratio,17,-0.03671384250847402,0.0245095354919788,-1.0,17,-0.03671384250847402,0.0245095354919788,-1.0,True,0.0,0.0
sub-002,correct,alpha_beta_parietal_ratio,17,0.037132833069950806,0.0382750490663845,1.0,17,0.037132833069950806,0.0382750490663845,1.0,True,0.0,0.0
sub-002,correct,alpha_beta_ratio,17,0.046180390629905685,0.027962344081358,1.0,17,0.046180390629905685,0.027962344081358,1.0,True,0.0,0.0
sub-002,correct,alpha_beta_temporal_ratio,17,0.06494299068767259,0.0617200039401055,1.0,17,0.06494299068767259,0.0617200039401055,1.0,True,0.0,0.0
sub-002,correct,alpha_central,17,0.04246795987509471,0.0177681990916285,1.0,17,0.04246795987509471,0.0177681990916285,1.0,True,0.0,0.0
sub-002,correct,alpha_frontal,17,-0.0117935947338535,-0.0626760015310623,-1.0,17,-0.0117935947338535,-0.0626760015310623,-1.0,True,0.0,0.0
sub-002,correct,alpha_frontoparietal_diff,17,-0.030850199169255386,-0.0426794577245955,-1.0,17,-0.030850199169255386,-0.0426794577245955,-1.0,True,0.0,0.0
sub-002,correct,alpha_frontoparietal_ratio,17,-0.07059348720716957,-0.0935569508164402,-1.0,17,-0.07059348720716957,-0.0935569508164402,-1.0,True,0.0,0.0
sub-002,correct,alpha_occipital,17,-0.0353875819230478,-0.0226737443574212,-1.0,17,-0.0353875819230478,-0.0226737443574212,-1.0,True,0.0,0.0
sub-002,correct,alpha_rel,17,0.05097832355011286,0.0454504463368716,1.0,17,0.05097832355011286,0.0454504463368716,1.0,True,0.0,0.0
sub-002,correct,alpha_temporal,17,0.027248635892917775,0.0259348503649758,1.0,17,0.027248635892917775,0.0259348503649758,1.0,True,0.0,0.0
sub-002,correct,beta_abs,17,0.0006445398145583712,0.022617076858297,1.0,17,0.0006445398145583712,0.022617076858297,1.0,True,0.0,0.0
sub-002,correct,beta_central,17,-0.08727746109283907,-0.0573648282093374,-1.0,17,-0.08727746109283907,-0.0573648282093374,-1.0,True,0.0,0.0
sub-002,correct,beta_frontal,17,0.010174146145588859,-0.0024640408308667,1.0,17,0.010174146145588859,-0.0024640408308667,1.0,True,0.0,0.0
sub-002,correct,beta_frontoparietal_diff,17,-0.03944986095015843,-0.0650358100322439,-1.0,17,-0.03944986095015843,-0.0650358100322439,-1.0,True,0.0,0.0
sub-002,correct,beta_frontoparietal_ratio,17,-0.04525945894883748,-0.0780281715566495,-1.0,17,-0.04525945894883748,-0.0780281715566495,-1.0,True,0.0,0.0
sub-002,correct,beta_occipital,17,0.05622197652916972,0.075512730773342,1.0,17,0.05622197652916972,0.075512730773342,1.0,True,0.0,0.0
sub-002,correct,beta_parietal,17,0.04568359299605848,0.0300598021055862,1.0,17,0.04568359299605848,0.0300598021055862,1.0,True,0.0,0.0
sub-002,correct,beta_rel,17,0.004003613901954628,-0.0116664289571332,1.0,17,0.004003613901954628,-0.0116664289571332,1.0,True,0.0,0.0
sub-002,correct,beta_temporal,17,0.0020193839783318964,0.0030800889060386,1.0,17,0.0020193839783318964,0.0030800889060386,1.0,True,0.0,0.0
sub-002,correct,delta_abs,17,0.0500998314822681,0.0751932060962368,1.0,17,0.0500998314822681,0.0751932060962368,1.0,True,0.0,0.0
sub-002,correct,delta_central,17,0.01594723148571994,0.053237904630791,1.0,17,0.01594723148571994,0.053237904630791,1.0,True,0.0,0.0
sub-002,correct,delta_frontoparietal_diff,17,0.0627843531353025,0.0965889029100864,1.0,17,0.0627843531353025,0.0965889029100864,1.0,True,0.0,0.0
sub-002,correct,delta_frontoparietal_ratio,17,0.007618362637043261,0.0767235494216667,1.0,17,0.007618362637043261,0.0767235494216667,1.0,True,0.0,0.0
sub-002,correct,delta_occipital,17,0.03884197513017873,0.0337134178161626,1.0,17,0.03884197513017873,0.0337134178161626,1.0,True,0.0,0.0
sub-002,correct,delta_parietal,17,0.042145890738078534,0.0816931621013528,1.0,17,0.042145890738078534,0.0816931621013528,1.0,True,0.0,0.0
sub-002,correct,delta_rel,17,-0.07439446030727782,-0.0181843987718074,-1.0,17,-0.07439446030727782,-0.0181843987718074,-1.0,True,0.0,0.0
sub-002,correct,delta_temporal,17,0.05208933196612908,0.0902600490670809,1.0,17,0.05208933196612908,0.0902600490670809,1.0,True,0.0,0.0
sub-002,correct,delta_theta_ratio,17,-0.055106454857458256,0.0119751868871558,-1.0,17,-0.055106454857458256,0.0119751868871558,-1.0,True,0.0,0.0
sub-002,correct,gamma_abs,17,-0.05686524273293527,-0.0685925280951577,-1.0,17,-0.05686524273293527,-0.0685925280951577,-1.0,True,0.0,0.0
sub-002,correct,gamma_central,17,-0.18547637333133052,-0.0566883528600988,-1.0,17,-0.18547637333133052,-0.0566883528600988,-1.0,True,0.0,0.0
sub-002,correct,gamma_frontal,17,-0.018570855272571345,-0.0854695744567192,-1.0,17,-0.018570855272571345,-0.0854695744567192,-1.0,True,0.0,0.0
sub-002,correct,gamma_frontoparietal_ratio,17,0.0009702615712471755,-0.1482127749572843,1.0,17,0.0009702615712471755,-0.1482127749572843,1.0,True,0.0,0.0
sub-002,correct,gamma_occipital,17,-0.08945879593248873,-0.0548388597736076,-1.0,17,-0.08945879593248873,-0.0548388597736076,-1.0,True,0.0,0.0
sub-002,correct,gamma_parietal,17,-0.05958862522387283,-0.1006162409118598,-1.0,17,-0.05958862522387283,-0.1006162409118598,-1.0,True,0.0,0.0
sub-002,correct,gamma_rel,17,-0.10166472404316662,-0.0680082285851119,-1.0,17,-0.10166472404316662,-0.0680082285851119,-1.0,True,0.0,0.0
sub-002,correct,gamma_temporal,17,-0.03680055328585214,-0.1385081681207297,-1.0,17,-0.03680055328585214,-0.1385081681207297,-1.0,True,0.0,0.0
sub-002,correct,theta_abs,17,0.09306439261390705,0.1011817885579857,1.0,17,0.09306439261390705,0.1011817885579857,1.0,True,0.0,0.0
sub-002,correct,theta_alpha_central_ratio,17,0.019230682046213178,0.024672152042746,1.0,17,0.019230682046213178,0.024672152042746,1.0,True,0.0,0.0
sub-002,correct,theta_alpha_frontal_ratio,17,0.05565969462472302,0.0808250903691507,1.0,17,0.05565969462472302,0.0808250903691507,1.0,True,0.0,0.0
sub-002,correct,theta_alpha_occipital_ratio,17,0.07878043065566702,0.0375691400620294,1.0,17,0.07878043065566702,0.0375691400620294,1.0,True,0.0,0.0
sub-002,correct,theta_alpha_parietal_ratio,17,0.057607059823141175,0.0484739848887195,1.0,17,0.057607059823141175,0.0484739848887195,1.0,True,0.0,0.0
sub-002,correct,theta_alpha_ratio,17,0.05985120385013264,0.0618279945127793,1.0,17,0.05985120385013264,0.0618279945127793,1.0,True,0.0,0.0
sub-002,correct,theta_alpha_temporal_ratio,17,0.058508311526769,-0.019445121900486,1.0,17,0.058508311526769,-0.019445121900486,1.0,True,0.0,0.0
sub-002,correct,theta_beta_ratio,17,0.05244258158047268,0.0847662864916092,1.0,17,0.05244258158047268,0.0847662864916092,1.0,True,0.0,0.0
sub-002,correct,theta_central,17,0.11307711641494934,0.1026073676032386,1.0,17,0.11307711641494934,0.1026073676032386,1.0,True,0.0,0.0
sub-002,correct,theta_frontoparietal_diff,17,0.006159832855024103,-0.0620817786206806,1.0,17,0.006159832855024103,-0.0620817786206806,1.0,True,0.0,0.0
sub-002,correct,theta_frontoparietal_ratio,17,-0.03877004880421776,-0.0184003772783559,-1.0,17,-0.03877004880421776,-0.0184003772783559,-1.0,True,0.0,0.0
sub-002,correct,theta_occipital,17,0.07227551076487133,0.0680261649250033,1.0,17,0.07227551076487133,0.0680261649250033,1.0,True,0.0,0.0
sub-002,correct,theta_parietal,17,0.08155791977439754,0.1098504300048916,1.0,17,0.08155791977439754,0.1098504300048916,1.0,True,0.0,0.0
sub-002,correct,theta_rel,17,0.08679106636054519,0.0267486725345396,1.0,17,0.08679106636054519,0.0267486725345396,1.0,True,0.0,0.0
sub-002,correct,theta_temporal,17,0.10826577717700087,0.0660816722314345,1.0,17,0.10826577717700087,0.0660816722314345,1.0,True,0.0,0.0
sub-003,remember,alpha_abs,21,-0.008414398042479019,0.0213409031658623,-1.0,22,-0.004225080718999699,0.02401404754028395,-1.0,True,0.004189317323479319,0.99153545271702
sub-003,remember,alpha_beta_central_ratio,21,-0.01162733852936749,-0.0025246841906916,-1.0,22,-0.006481369496393726,-0.0012023537617123499,-1.0,True,0.005145969032973764,0.7939632258023575
sub-003,remember,alpha_beta_frontal_ratio,21,-0.005035302185826068,-0.0017436997569701,-1.0,22,0.006868067233128458,-0.00017555386438575,1.0,False,0.011903369418954526,1.7331468977965216
sub-003,remember,alpha_beta_occipital_ratio,21,-0.010627613761862666,0.0122057214637856,-1.0,22,-0.010147514905164053,0.0075259452461013,-1.0,True,0.0004800988566986131,0.047311963686231355
sub-003,remember,alpha_beta_parietal_ratio,21,-0.0088429487953184,-0.0041983625131893,-1.0,22,-0.00889987824774338,-0.007146879630928599,-1.0,True,5.6929452424980126e-05,0.006396655194627517
sub-003,remember,alpha_beta_ratio,21,-0.014366764706521143,-0.0047562250314685,-1.0,22,-0.004946131824715725,1.643148696604986e-05,-1.0,True,0.009420632881805419,1.9046465431290567
sub-003,remember,alpha_beta_temporal_ratio,21,0.05265944522870397,0.021701706143165,1.0,22,0.05233680591085687,0.0315087420271479,1.0,True,0.00032263931784710237,0.006164673449821158
sub-003,remember,alpha_central,21,-0.01970002196538107,-0.0269006979629089,-1.0,22,-0.01501586222283353,-0.01501119428169965,-1.0,True,0.004684159742547538,0.3119474375187511
sub-003,remember,alpha_frontal,21,-0.006878812202016685,0.0208244421122482,-1.0,22,-0.0030707927750683456,0.031058370447483198,-1.0,True,0.0038080194269483397,1.2400769787741819
sub-003,remember,alpha_frontoparietal_diff,21,0.012172654737308705,0.0003508395007239,1.0,22,0.00974893749781017,0.0002832907681079,1.0,True,0.0024237172394985344,0.2486134760883384
sub-003,remember,alpha_frontoparietal_ratio,21,0.01126584938604732,-0.0129876534312753,1.0,22,0.01227663886432328,-0.010858941748103399,1.0,True,0.0010107894782759603,0.08233438235390152
sub-003,remember,alpha_occipital,21,-0.018617719213922336,-0.0018726791703318,-1.0,22,-0.013808574837919587,0.006018385239761,-1.0,True,0.004809144376002749,0.34827231864626657
sub-003,remember,alpha_rel,21,-0.009375245405115867,0.0001746590438893,-1.0,22,-0.003156714484513651,0.00273943482436755,-1.0,True,0.006218530920602216,1.9699377156563758
sub-003,remember,alpha_temporal,21,0.013282812899208381,0.0188570018099933,1.0,22,0.01629686962287168,0.025018799178911,1.0,True,0.0030140567236632988,0.18494697407612876
sub-003,remember,beta_abs,21,0.02016935673480606,0.0112752566145946,1.0,22,0.011882839884920149,0.0064287775629291,1.0,True,0.00828651684988591,0.6973515531755896
sub-003,remember,beta_central,21,-0.013652934248566017,0.013280913261545,-1.0,22,-0.009108361260200665,0.017305056347534098,-1.0,True,0.0045445729883653516,0.498945184379438
sub-003,remember,beta_frontal,21,0.01989541001342968,0.0272890012761169,1.0,22,0.006292755656684213,0.02676135788213745,1.0,True,0.013602654356745467,2.1616371425921526
sub-003,remember,beta_frontoparietal_diff,21,0.03164404280844818,0.0118892291000058,1.0,22,0.015061675649799796,0.0103621489766398,1.0,True,0.016582367158648387,1.100964298010813
sub-003,remember,beta_frontoparietal_ratio,21,0.02224986644902781,0.0303288138071968,1.0,22,0.009995618660365795,0.0250422045529727,1.0,True,0.012254247788662017,1.2259619144187686
sub-003,remember,beta_occipital,21,-0.016047091337468813,0.0042915554102766,-1.0,22,-0.011332306790655403,0.01008362228756505,-1.0,True,0.00471478454681341,0.41604808569965757
sub-003,remember,beta_parietal,21,-0.011622068244671314,0.0014058908518956,-1.0,22,-0.005930338816362909,0.005094234456075399,-1.0,True,0.005691729428308405,0.959764628051919
sub-003,remember,beta_rel,21,0.01651759090262848,0.0180197776350641,1.0,22,0.01053903365996976,0.0168174660327096,1.0,True,0.00597855724265872,0.5672775546174577
sub-003,remember,beta_temporal,21,-0.06665709894288566,0.0120496579886667,-1.0,22,-0.06158071509031959,0.012371174100029601,-1.0,True,0.005076383852566063,0.08243463631626557
sub-003,remember,delta_abs,21,0.007562242000148969,-0.0065310986896701,1.0,22,0.007228722856415695,-0.0031531389258265497,1.0,True,0.00033351914373327355,0.04613804545532769
sub-003,remember,delta_central,21,-0.0037988269948468424,-0.0094764678096541,-1.0,22,-0.002242849784410514,-0.0058486340347987,-1.0,True,0.0015559772104363286,0.6937500769117646
sub-003,remember,delta_frontoparietal_diff,21,-0.009953498380998764,-0.0056186456872859,-1.0,22,-0.008891798665416483,-0.0035818687385868,-1.0,True,0.0010616997155822802,0.11940213173197745
sub-003,remember,delta_frontoparietal_ratio,21,-0.010897343887985125,-0.0038635962026276,-1.0,22,-0.008555437293700145,0.00552592003253765,-1.0,True,0.00234190659428498,0.2737331259513128
sub-003,remember,delta_occipital,21,0.006363240935570445,0.0070640186658745,1.0,22,0.009659547749774438,0.0202226940751393,1.0,True,0.003296306814203993,0.34124856562575256
sub-003,remember,delta_parietal,21,0.009013526910653966,-0.0119375657952032,1.0,22,0.007668092957052327,-0.0127862519011169,1.0,True,0.0013454339536016395,0.17545874328039374
sub-003,remember,delta_rel,21,0.01803553525524359,0.0187659652572542,1.0,22,0.012862226458615516,0.0100134032748007,1.0,True,0.005173308796628072,0.40220943187972175
sub-003,remember,delta_temporal,21,-0.005403079605827048,0.0104766210105404,-1.0,22,-0.004455897646301734,0.010532915525169599,-1.0,True,0.0009471819595253143,0.2125681590355757
sub-003,remember,delta_theta_ratio,21,0.0009420757460127884,-0.0102457031328271,1.0,22,-0.00018999032316373288,-0.0103091462388365,-1.0,False,0.0011320660691765214,5.958545942368399
sub-003,remember,gamma_abs,21,0.03931725775951602,0.0454704048008172,1.0,22,0.025495370910866674,0.027636058275061652,1.0,True,0.013821886848649347,0.5421331933930862
sub-003,remember,gamma_central,21,0.02271947431873627,0.0509209297011822,1.0,22,0.014558284246406573,0.0427861302894467,1.0,True,0.008161190072329697,0.5605873559134639
sub-003,remember,gamma_frontal,21,0.03580636167582082,0.0229120009761729,1.0,22,0.020143744628534934,0.0143858938803237,1.0,True,0.015662617047285884,0.7775424746548246
sub-003,remember,gamma_frontoparietal_ratio,21,0.038729655114697045,-0.0235747915241677,1.0,22,0.026023240242854986,-0.03536198003882305,1.0,True,0.01270641487184206,0.48827181985267065
sub-003,remember,gamma_occipital,21,0.024564648333839634,0.0160456150036585,1.0,22,0.023031090473266857,0.0133513575859867,1.0,True,0.0015335578605727776,0.06658641988110993
sub-003,remember,gamma_parietal,21,0.018640158263785307,0.0152558222126462,1.0,22,0.018942058685776395,0.02026889488011765,1.0,True,0.0003019004219910887,0.01593809981265584
sub-003,remember,gamma_rel,21,0.03514435248560204,0.0313494293066601,1.0,22,0.02631386588803555,0.0210692636781099,1.0,True,0.008830486597566491,0.3355830205694541
sub-003,remember,gamma_temporal,21,-0.06126530812036648,0.0128595278210104,-1.0,22,-0.05651817964866923,0.02027048990149495,-1.0,True,0.004747128471697247,0.0839929470695368
sub-003,remember,theta_abs,21,-0.006831453205394318,0.0253465952983008,-1.0,22,-0.0029891438300134214,0.0321264622211444,-1.0,True,0.003842309375380897,1.2854213761147937
sub-003,remember,theta_alpha_central_ratio,21,0.028545785989920667,0.0022639975020207,1.0,22,0.024055814630122893,0.0018794202919669499,1.0,True,0.004489971359797774,0.18664806945159088
sub-003,remember,theta_alpha_frontal_ratio,21,0.01185853531395867,0.012405460018272,1.0,22,0.010202402386540039,0.0102901272273364,1.0,True,0.0016561329274186309,0.1623277405333038
sub-003,remember,theta_alpha_occipital_ratio,21,0.019889434103148793,-0.0030303759920971,1.0,22,0.019958592202797092,-0.00039517783826780004,1.0,True,6.915809964829975e-05,0.003465079046938371
sub-003,remember,theta_alpha_parietal_ratio,21,0.022033173062043238,-0.0092970279075838,1.0,22,0.01811562122035374,-0.01519353624041025,1.0,True,0.003917551841689498,0.21625269120155519
sub-003,remember,theta_alpha_ratio,21,0.016046142997173024,0.0139125410978419,1.0,22,0.013720792059534921,0.0072135815711985,1.0,True,0.002325350937638103,0.16947643602121049
sub-003,remember,theta_alpha_temporal_ratio,21,-0.0012689018434166987,-0.0084465845946709,-1.0,22,0.0003842089452644267,-0.004374930220801349,1.0,False,0.0016531107886811254,4.302634826847651
sub-003,remember,theta_beta_ratio,21,-0.001151865094787568,0.0058846005636505,-1.0,22,0.004779497052755068,0.00875205737736785,1.0,False,0.005931362147542636,1.2410013191918579
sub-003,remember,theta_central,21,-0.0062610857903595595,0.0111190608577165,-1.0,22,-0.004115907282348823,0.011607086792101099,-1.0,True,0.002145178508010736,0.5211921359867339
sub-003,remember,theta_frontoparietal_diff,21,0.007464705437007938,0.0005638273318519,1.0,22,0.007216404476452345,0.0012829558183184,1.0,True,0.0002483009605555933,0.03440784969382155
sub-003,remember,theta_frontoparietal_ratio,21,0.006477945915844368,0.0112776709907839,1.0,22,0.007059147266353017,0.01235521432324275,1.0,True,0.000581201350508649,0.08233308196854155
sub-003,remember,theta_occipital,21,-0.004091381827373932,-0.0035843528295895,-1.0,22,0.001496081143524913,0.0100555128668375,1.0,False,0.005587462970898845,3.7347325678701075
sub-003,remember,theta_parietal,21,-0.013965345253598197,0.0150845488263296,-1.0,22,-0.010798479725520525,0.0151709516428865,-1.0,True,0.0031668655280776715,0.2932695720670085
sub-003,remember,theta_rel,21,-0.01926772940290123,-0.0073718577934456,-1.0,22,-0.014536550484554562,-0.00514433645290715,-1.0,True,0.004731178918346669,0.3254677871049023
sub-003,remember,theta_temporal,21,-0.005834585808833215,0.0003462722352739,-1.0,22,-0.0033958097139939105,0.00229113186847875,-1.0,True,0.002438776094839304,0.7181721887387467
sub-003,correct,alpha_abs,17,0.003977169084874701,-0.0314873277469293,1.0,17,0.003977169084874701,-0.0314873277469293,1.0,True,0.0,0.0
sub-003,correct,alpha_beta_central_ratio,17,0.14402964758962156,0.0918357757863384,1.0,17,0.14402964758962156,0.0918357757863384,1.0,True,0.0,0.0
sub-003,correct,alpha_beta_frontal_ratio,17,0.011768877838233034,0.1052386511879747,1.0,17,0.011768877838233034,0.1052386511879747,1.0,True,0.0,0.0
sub-003,correct,alpha_beta_occipital_ratio,17,-0.03671384250847402,0.0245095354919788,-1.0,17,-0.03671384250847402,0.0245095354919788,-1.0,True,0.0,0.0
sub-003,correct,alpha_beta_parietal_ratio,17,0.037132833069950806,0.0382750490663845,1.0,17,0.037132833069950806,0.0382750490663845,1.0,True,0.0,0.0
sub-003,correct,alpha_beta_ratio,17,0.046180390629905685,0.027962344081358,1.0,17,0.046180390629905685,0.027962344081358,1.0,True,0.0,0.0
sub-003,correct,alpha_beta_temporal_ratio,17,0.06494299068767259,0.0617200039401055,1.0,17,0.06494299068767259,0.0617200039401055,1.0,True,0.0,0.0
sub-003,correct,alpha_central,17,0.04246795987509471,0.0177681990916285,1.0,17,0.04246795987509471,0.0177681990916285,1.0,True,0.0,0.0
sub-003,correct,alpha_frontal,17,-0.0117935947338535,-0.0626760015310623,-1.0,17,-0.0117935947338535,-0.0626760015310623,-1.0,True,0.0,0.0
sub-003,correct,alpha_frontoparietal_diff,17,-0.030850199169255386,-0.0426794577245955,-1.0,17,-0.030850199169255386,-0.0426794577245955,-1.0,True,0.0,0.0
sub-003,correct,alpha_frontoparietal_ratio,17,-0.07059348720716957,-0.0935569508164402,-1.0,17,-0.07059348720716957,-0.0935569508164402,-1.0,True,0.0,0.0
sub-003,correct,alpha_occipital,17,-0.0353875819230478,-0.0226737443574212,-1.0,17,-0.0353875819230478,-0.0226737443574212,-1.0,True,0.0,0.0
sub-003,correct,alpha_rel,17,0.05097832355011286,0.0454504463368716,1.0,17,0.05097832355011286,0.0454504463368716,1.0,True,0.0,0.0
sub-003,correct,alpha_temporal,17,0.027248635892917775,0.0259348503649758,1.0,17,0.027248635892917775,0.0259348503649758,1.0,True,0.0,0.0
sub-003,correct,beta_abs,17,0.0006445398145583712,0.022617076858297,1.0,17,0.0006445398145583712,0.022617076858297,1.0,True,0.0,0.0
sub-003,correct,beta_central,17,-0.08727746109283907,-0.0573648282093374,-1.0,17,-0.08727746109283907,-0.0573648282093374,-1.0,True,0.0,0.0
sub-003,correct,beta_frontal,17,0.010174146145588859,-0.0024640408308667,1.0,17,0.010174146145588859,-0.0024640408308667,1.0,True,0.0,0.0
sub-003,correct,beta_frontoparietal_diff,17,-0.03944986095015843,-0.0650358100322439,-1.0,17,-0.03944986095015843,-0.0650358100322439,-1.0,True,0.0,0.0
sub-003,correct,beta_frontoparietal_ratio,17,-0.04525945894883748,-0.0780281715566495,-1.0,17,-0.04525945894883748,-0.0780281715566495,-1.0,True,0.0,0.0
sub-003,correct,beta_occipital,17,0.05622197652916972,0.075512730773342,1.0,17,0.05622197652916972,0.075512730773342,1.0,True,0.0,0.0
sub-003,correct,beta_parietal,17,0.04568359299605848,0.0300598021055862,1.0,17,0.04568359299605848,0.0300598021055862,1.0,True,0.0,0.0
sub-003,correct,beta_rel,17,0.004003613901954628,-0.0116664289571332,1.0,17,0.004003613901954628,-0.0116664289571332,1.0,True,0.0,0.0
sub-003,correct,beta_temporal,17,0.0020193839783318964,0.0030800889060386,1.0,17,0.0020193839783318964,0.0030800889060386,1.0,True,0.0,0.0
sub-003,correct,delta_abs,17,0.0500998314822681,0.0751932060962368,1.0,17,0.0500998314822681,0.0751932060962368,1.0,True,0.0,0.0
sub-003,correct,delta_central,17,0.01594723148571994,0.053237904630791,1.0,17,0.01594723148571994,0.053237904630791,1.0,True,0.0,0.0
sub-003,correct,delta_frontoparietal_diff,17,0.0627843531353025,0.0965889029100864,1.0,17,0.0627843531353025,0.0965889029100864,1.0,True,0.0,0.0
sub-003,correct,delta_frontoparietal_ratio,17,0.007618362637043261,0.0767235494216667,1.0,17,0.007618362637043261,0.0767235494216667,1.0,True,0.0,0.0
sub-003,correct,delta_occipital,17,0.03884197513017873,0.0337134178161626,1.0,17,0.03884197513017873,0.0337134178161626,1.0,True,0.0,0.0
sub-003,correct,delta_parietal,17,0.042145890738078534,0.0816931621013528,1.0,17,0.042145890738078534,0.0816931621013528,1.0,True,0.0,0.0
sub-003,correct,delta_rel,17,-0.07439446030727782,-0.0181843987718074,-1.0,17,-0.07439446030727782,-0.0181843987718074,-1.0,True,0.0,0.0
sub-003,correct,delta_temporal,17,0.05208933196612908,0.0902600490670809,1.0,17,0.05208933196612908,0.0902600490670809,1.0,True,0.0,0.0
sub-003,correct,delta_theta_ratio,17,-0.055106454857458256,0.0119751868871558,-1.0,17,-0.055106454857458256,0.0119751868871558,-1.0,True,0.0,0.0
sub-003,correct,gamma_abs,17,-0.05686524273293527,-0.0685925280951577,-1.0,17,-0.05686524273293527,-0.0685925280951577,-1.0,True,0.0,0.0
sub-003,correct,gamma_central,17,-0.18547637333133052,-0.0566883528600988,-1.0,17,-0.18547637333133052,-0.0566883528600988,-1.0,True,0.0,0.0
sub-003,correct,gamma_frontal,17,-0.018570855272571345,-0.0854695744567192,-1.0,17,-0.018570855272571345,-0.0854695744567192,-1.0,True,0.0,0.0
sub-003,correct,gamma_frontoparietal_ratio,17,0.0009702615712471755,-0.1482127749572843,1.0,17,0.0009702615712471755,-0.1482127749572843,1.0,True,0.0,0.0
sub-003,correct,gamma_occipital,17,-0.08945879593248873,-0.0548388597736076,-1.0,17,-0.08945879593248873,-0.0548388597736076,-1.0,True,0.0,0.0
sub-003,correct,gamma_parietal,17,-0.05958862522387283,-0.1006162409118598,-1.0,17,-0.05958862522387283,-0.1006162409118598,-1.0,True,0.0,0.0
sub-003,correct,gamma_rel,17,-0.10166472404316662,-0.0680082285851119,-1.0,17,-0.10166472404316662,-0.0680082285851119,-1.0,True,0.0,0.0
sub-003,correct,gamma_temporal,17,-0.03680055328585214,-0.1385081681207297,-1.0,17,-0.03680055328585214,-0.1385081681207297,-1.0,True,0.0,0.0
sub-003,correct,theta_abs,17,0.09306439261390705,0.1011817885579857,1.0,17,0.09306439261390705,0.1011817885579857,1.0,True,0.0,0.0
sub-003,correct,theta_alpha_central_ratio,17,0.019230682046213178,0.024672152042746,1.0,17,0.019230682046213178,0.024672152042746,1.0,True,0.0,0.0
sub-003,correct,theta_alpha_frontal_ratio,17,0.05565969462472302,0.0808250903691507,1.0,17,0.05565969462472302,0.0808250903691507,1.0,True,0.0,0.0
sub-003,correct,theta_alpha_occipital_ratio,17,0.07878043065566702,0.0375691400620294,1.0,17,0.07878043065566702,0.0375691400620294,1.0,True,0.0,0.0
sub-003,correct,theta_alpha_parietal_ratio,17,0.057607059823141175,0.0484739848887195,1.0,17,0.057607059823141175,0.0484739848887195,1.0,True,0.0,0.0
sub-003,correct,theta_alpha_ratio,17,0.05985120385013264,0.0618279945127793,1.0,17,0.05985120385013264,0.0618279945127793,1.0,True,0.0,0.0
sub-003,correct,theta_alpha_temporal_ratio,17,0.058508311526769,-0.019445121900486,1.0,17,0.058508311526769,-0.019445121900486,1.0,True,0.0,0.0
sub-003,correct,theta_beta_ratio,17,0.05244258158047268,0.0847662864916092,1.0,17,0.05244258158047268,0.0847662864916092,1.0,True,0.0,0.0
sub-003,correct,theta_central,17,0.11307711641494934,0.1026073676032386,1.0,17,0.11307711641494934,0.1026073676032386,1.0,True,0.0,0.0
sub-003,correct,theta_frontoparietal_diff,17,0.006159832855024103,-0.0620817786206806,1.0,17,0.006159832855024103,-0.0620817786206806,1.0,True,0.0,0.0
sub-003,correct,theta_frontoparietal_ratio,17,-0.03877004880421776,-0.0184003772783559,-1.0,17,-0.03877004880421776,-0.0184003772783559,-1.0,True,0.0,0.0
sub-003,correct,theta_occipital,17,0.07227551076487133,0.0680261649250033,1.0,17,0.07227551076487133,0.0680261649250033,1.0,True,0.0,0.0
sub-003,correct,theta_parietal,17,0.08155791977439754,0.1098504300048916,1.0,17,0.08155791977439754,0.1098504300048916,1.0,True,0.0,0.0
sub-003,correct,theta_rel,17,0.08679106636054519,0.0267486725345396,1.0,17,0.08679106636054519,0.0267486725345396,1.0,True,0.0,0.0
sub-003,correct,theta_temporal,17,0.10826577717700087,0.0660816722314345,1.0,17,0.10826577717700087,0.0660816722314345,1.0,True,0.0,0.0
sub-004,remember,alpha_abs,21,0.0040987223494917,0.0266871919147056,1.0,22,-0.004225080718999699,0.02401404754028395,-1.0,False,0.0083238030684914,1.970093264978399
sub-004,remember,alpha_beta_central_ratio,21,-0.00020108606536530226,0.0001199766672669,-1.0,22,-0.006481369496393726,-0.0012023537617123499,-1.0,True,0.006280283431028424,0.968974756727388
sub-004,remember,alpha_beta_frontal_ratio,21,0.015362807861665577,0.0013925920281986,1.0,22,0.006868067233128458,-0.00017555386438575,1.0,True,0.008494740628537119,1.2368458752940452
sub-004,remember,alpha_beta_occipital_ratio,21,-0.003580363901015542,0.0122057214637856,-1.0,22,-0.010147514905164053,0.0075259452461013,-1.0,True,0.006567151004148511,0.6471684018721173
sub-004,remember,alpha_beta_parietal_ratio,21,-0.0016286085468900102,-0.0041983625131893,-1.0,22,-0.00889987824774338,-0.007146879630928599,-1.0,True,0.00727126970085337,0.8170077722913845
sub-004,remember,alpha_beta_ratio,21,0.0034871479039791757,0.0047890880054006,1.0,22,-0.004946131824715725,1.643148696604986e-05,-1.0,False,0.008433279728694901,1.7050252657145057
sub-004,remember,alpha_beta_temporal_ratio,21,0.05739162336665245,0.0413157779111308,1.0,22,0.05233680591085687,0.0315087420271479,1.0,True,0.005054817455795578,0.09658245985445196
sub-004,remember,alpha_central,21,-0.005762066815919522,-0.0031216906004904,-1.0,22,-0.01501586222283353,-0.01501119428169965,-1.0,True,0.009253795406914008,0.6162680017696509
sub-004,remember,alpha_frontal,21,0.003187556252938207,0.0412922987827182,1.0,22,-0.0030707927750683456,0.031058370447483198,-1.0,False,0.006258349028006553,2.0380238871270833
sub-004,remember,alpha_frontoparietal_diff,21,0.0039593240820792915,0.0002157420354919,1.0,22,0.00974893749781017,0.0002832907681079,1.0,True,0.005789613415730879,0.5938712210465351
sub-004,remember,alpha_frontoparietal_ratio,21,0.009633870489638454,-0.0129876534312753,1.0,22,0.01227663886432328,-0.010858941748103399,1.0,True,0.0026427683746848268,0.2152680716515076
sub-004,remember,alpha_occipital,21,-0.0069481511964250165,0.0139094496498538,-1.0,22,-0.013808574837919587,0.006018385239761,-1.0,True,0.00686042364149457,0.49682343920498084
sub-004,remember,alpha_rel,21,0.00431337611511892,0.0053042106048458,1.0,22,-0.003156714484513651,0.00273943482436755,-1.0,False,0.0074700905996325714,2.3664131286752954
sub-004,remember,alpha_temporal,21,0.02237271464295063,0.0311805965478287,1.0,22,0.01629686962287168,0.025018799178911,1.0,True,0.006075845020078949,0.3728228279835941
sub-004,remember,beta_abs,21,0.01478695710166017,0.0112752566145946,1.0,22,0.011882839884920149,0.0064287775629291,1.0,True,0.0029041172167400212,0.2443958889343847
sub-004,remember,beta_central,21,-0.003028104659485113,0.0213291994335232,-1.0,22,-0.009108361260200665,0.017305056347534098,-1.0,True,0.006080256600715553,0.6675467108758046
sub-004,remember,beta_frontal,21,0.005719758904913881,0.0272890012761169,1.0,22,0.006292755656684213,0.02676135788213745,1.0,True,0.0005729967517703318,0.09105657092559924
sub-004,remember,beta_frontoparietal_diff,21,0.00952890063822925,0.0088350688532738,1.0,22,0.015061675649799796,0.0103621489766398,1.0,True,0.005532775011570545,0.3673412666833048
sub-004,remember,beta_frontoparietal_ratio,21,0.003851960404375674,0.0197555952987486,1.0,22,0.009995618660365795,0.0250422045529727,1.0,True,0.00614365825599012,0.6146351181193711
sub-004,remember,beta_occipital,21,-0.00608094913118138,0.0158756891648535,-1.0,22,-0.011332306790655403,0.01008362228756505,-1.0,True,0.005251357659474022,0.4633970608529837
sub-004,remember,beta_parietal,21,-0.000844017413141007,0.0087825780602552,-1.0,22,-0.005930338816362909,0.005094234456075399,-1.0,True,0.005086321403221902,0.8576780451713474
sub-004,remember,beta_rel,21,0.008627471380578436,0.0156151544303551,1.0,22,0.01053903365996976,0.0168174660327096,1.0,True,0.0019115622793913246,0.18137927452039368
sub-004,remember,beta_temporal,21,-0.060562027560687896,0.0126926902113925,-1.0,22,-0.06158071509031959,0.012371174100029601,-1.0,True,0.001018687529631697,0.01654231406922771
sub-004,remember,delta_abs,21,0.010423383861603476,0.000224820838017,1.0,22,0.007228722856415695,-0.0031531389258265497,1.0,True,0.0031946610051877804,0.44193989293038516
sub-004,remember,delta_central,21,-0.0008420583393295421,-0.0022208002599433,-1.0,22,-0.002242849784410514,-0.0058486340347987,-1.0,True,0.0014007914450809718,0.6245587443338924
sub-004,remember,delta_frontoparietal_diff,21,-0.005780547066779756,-0.0015450917898877,-1.0,22,-0.008891798665416483,-0.0035818687385868,-1.0,True,0.0031112515986367276,0.34990126471683886
sub-004,remember,delta_frontoparietal_ratio,21,-0.008002249874298015,0.0149154362677029,-1.0,22,-0.008555437293700145,0.00552592003253765,-1.0,True,0.0005531874194021295,0.06465916357185773
sub-004,remember,delta_occipital,21,0.012024353681638875,0.0333813694844041,1.0,22,0.009659547749774438,0.0202226940751393,1.0,True,0.0023648059318644374,0.24481538816552342
sub-004,remember,delta_parietal,21,0.009910337301850747,-0.0119375657952032,1.0,22,0.007668092957052327,-0.0127862519011169,1.0,True,0.0022422443447984207,0.2924122539146104
sub-004,remember,delta_rel,21,0.010472929679661822,0.0012608412923472,1.0,22,0.012862226458615516,0.0100134032748007,1.0,True,0.002389296778953694,0.1857607457496808
sub-004,remember,delta_temporal,21,-0.0020844184546307395,0.0105892100397988,-1.0,22,-0.004455897646301734,0.010532915525169599,-1.0,True,0.0023714791916709943,0.5322113252846491
sub-004,remember,delta_theta_ratio,21,0.005652058056038747,-0.0102457031328271,1.0,22,-0.00018999032316373288,-0.0103091462388365,-1.0,False,0.00584204837920248,30.749189126689505
sub-004,remember,gamma_abs,21,0.022579285363432757,0.0098017117493061,1.0,22,0.025495370910866674,0.027636058275061652,1.0,True,0.0029160855474339165,0.11437705917786896
sub-004,remember,gamma_central,21,0.012083862889045368,0.0346513308777112,1.0,22,0.014558284246406573,0.0427861302894467,1.0,True,0.002474421357361206,0.16996655069239824
sub-004,remember,gamma_frontal,21,0.01617066834542011,0.0058597867844745,1.0,22,0.020143744628534934,0.0143858938803237,1.0,True,0.003973076283114826,0.19723623171268279
sub-004,remember,gamma_frontoparietal_ratio,21,0.023937571435058147,-0.0471491685534784,1.0,22,0.026023240242854986,-0.03536198003882305,1.0,True,0.0020856688077968387,0.08014639177646166
sub-004,remember,gamma_occipital,21,0.026665582369561354,0.0160456150036585,1.0,22,0.023031090473266857,0.0133513575859867,1.0,True,0.003634491896294497,0.15780806820733057
sub-004,remember,gamma_parietal,21,0.01801115222171257,0.0152558222126462,1.0,22,0.018942058685776395,0.02026889488011765,1.0,True,0.0009309064640638243,0.04914494667693341
sub-004,remember,gamma_rel,21,0.022587091350126466,0.0107890980495597,1.0,22,0.02631386588803555,0.0210692636781099,1.0,True,0.003726774537909084,0.14162778490117572
sub-004,remember,gamma_temporal,21,-0.05422609436698876,0.0276814519819795,-1.0,22,-0.05651817964866923,0.02027048990149495,-1.0,True,0.00229208528168047,0.04055483201915968
sub-004,remember,theta_abs,21,-0.00028163450045807495,0.038906329143988,-1.0,22,-0.0029891438300134214,0.0321264622211444,-1.0,True,0.0027075093295553464,0.9057808802539922
sub-004,remember,theta_alpha_central_ratio,21,0.015776239235938825,0.0014948430819132,1.0,22,0.024055814630122893,0.0018794202919669499,1.0,True,0.008279575394184068,0.3441818754213509
sub-004,remember,theta_alpha_frontal_ratio,21,0.007810174004400118,0.0081747944364008,1.0,22,0.010202402386540039,0.0102901272273364,1.0,True,0.002392228382139921,0.23447696841441698
sub-004,remember,theta_alpha_occipital_ratio,21,0.014502949228629294,-0.0030303759920971,1.0,22,0.019958592202797092,-0.00039517783826780004,1.0,True,0.005455642974167799,0.27334808581354847
sub-004,remember,theta_alpha_parietal_ratio,21,0.011387176277966215,-0.0210900445732367,1.0,22,0.01811562122035374,-0.01519353624041025,1.0,True,0.006728444942387526,0.37141673810378667
sub-004,remember,theta_alpha_ratio,21,0.00819113816836331,0.0005146220445551,1.0,22,0.013720792059534921,0.0072135815711985,1.0,True,0.005529653891171611,0.4030127318582105
sub-004,remember,theta_alpha_temporal_ratio,21,-0.005734745045659272,-0.0084465845946709,-1.0,22,0.0003842089452644267,-0.004374930220801349,1.0,False,0.006118953990923699,15.926110170892585
sub-004,remember,theta_beta_ratio,21,0.003914118072189519,0.0058846005636505,1.0,22,0.004779497052755068,0.00875205737736785,1.0,True,0.0008653789805655489,0.18106067877303414
sub-004,remember,theta_central,21,-0.002901665033124216,0.0120951127264857,-1.0,22,-0.004115907282348823,0.011607086792101099,-1.0,True,0.0012142422492246075,0.2950120510323246
sub-004,remember,theta_frontoparietal_diff,21,0.011445674005349052,0.0020020843047849,1.0,22,0.007216404476452345,0.0012829558183184,1.0,True,0.004229269528896708,0.5860632594385643
sub-004,remember,theta_frontoparietal_ratio,21,0.009286615452698547,0.0134327576557016,1.0,22,0.007059147266353017,0.01235521432324275,1.0,True,0.00222746818634553,0.3155435213772374
sub-004,remember,theta_occipital,21,0.0039943901941412955,0.0236953785632645,1.0,22,0.001496081143524913,0.0100555128668375,1.0,True,0.0024983090506163824,1.6699021048618543
sub-004,remember,theta_parietal,21,-0.009530702172862756,0.0152573544594434,-1.0,22,-0.010798479725520525,0.0151709516428865,-1.0,True,0.0012677775526577697,0.1174033368476467
sub-004,remember,theta_rel,21,-0.021725792365566,-0.0073718577934456,-1.0,22,-0.014536550484554562,-0.00514433645290715,-1.0,True,0.007189241881011436,0.49456312820914294
sub-004,remember,theta_temporal,21,-0.0021692295488556093,0.0042359915016836,-1.0,22,-0.0033958097139939105,0.00229113186847875,-1.0,True,0.0012265801651383012,0.36120403333662787
sub-004,correct,alpha_abs,16,-0.014273472099228246,-0.032418045873448445,-1.0,17,0.003977169084874701,-0.0314873277469293,1.0,False,0.018250641184102946,4.588852219914589
sub-004,correct,alpha_beta_central_ratio,16,0.13380559948820994,0.0731813106905245,1.0,17,0.14402964758962156,0.0918357757863384,1.0,True,0.010224048101411615,0.07098571906905322
sub-004,correct,alpha_beta_frontal_ratio,16,-0.00880250507026046,0.0592428703998227,-1.0,17,0.011768877838233034,0.1052386511879747,1.0,False,0.020571382908493495,1.747947696564931
sub-004,correct,alpha_beta_occipital_ratio,16,-0.057793339211581155,-0.0017944057997032001,-1.0,17,-0.03671384250847402,0.0245095354919788,-1.0,True,0.02107949670310713,0.5741566467264143
sub-004,correct,alpha_beta_parietal_ratio,16,0.022378413248434075,0.0308184243304054,1.0,17,0.037132833069950806,0.0382750490663845,1.0,True,0.014754419821516731,0.39734161392216866
sub-004,correct,alpha_beta_ratio,16,0.028307017815909555,0.0206772974888908,1.0,17,0.046180390629905685,0.027962344081358,1.0,True,0.01787337281399613,0.38703381608949877
sub-004,correct,alpha_beta_temporal_ratio,16,0.06536311040312387,0.08911658952978654,1.0,17,0.06494299068767259,0.0617200039401055,1.0,True,0.00042011971545127813,0.006469054027273567
sub-004,correct,alpha_central,16,0.026174469982960157,-0.00014317429719555054,1.0,17,0.04246795987509471,0.0177681990916285,1.0,True,0.016293489892134555,0.3836654725128403
sub-004,correct,alpha_frontal,16,-0.0333550844053767,-0.0660759565515068,-1.0,17,-0.0117935947338535,-0.0626760015310623,-1.0,True,0.021561489671523198,1.8282372896561356
sub-004,correct,alpha_frontoparietal_diff,16,-0.021275375489043402,-0.0152541787834251,-1.0,17,-0.030850199169255386,-0.0426794577245955,-1.0,True,0.009574823680211984,0.3103650523512353
sub-004,correct,alpha_frontoparietal_ratio,16,-0.0725015511954646,-0.1129758669700513,-1.0,17,-0.07059348720716957,-0.0935569508164402,-1.0,True,0.0019080639882950307,0.02702889549421841
sub-004,correct,alpha_occipital,16,-0.04818065732044549,-0.041301851231255,-1.0,17,-0.0353875819230478,-0.0226737443574212,-1.0,True,0.012793075397397692,0.36151312698383636
sub-004,correct,alpha_rel,16,0.04247796348755567,0.042440655210347594,1.0,17,0.05097832355011286,0.0454504463368716,1.0,True,0.008500360062557187,0.1667445979113287
sub-004,correct,alpha_temporal,16,0.009900888510462683,0.02549389704777165,1.0,17,0.027248635892917775,0.0259348503649758,1.0,True,0.017347747382455092,0.6366464527115636
sub-004,correct,beta_abs,16,-0.01224411735725595,0.01770494626091995,-1.0,17,0.0006445398145583712,0.022617076858297,1.0,False,0.012888657171814321,19.996681168013538
sub-004,correct,beta_central,16,-0.11180453926739234,-0.06024987057689475,-1.0,17,-0.08727746109283907,-0.0573648282093374,-1.0,True,0.02452707817455327,0.281024194189875
sub-004,correct,beta_frontal,16,0.004473454045667329,-0.017724737272939103,1.0,17,0.010174146145588859,-0.0024640408308667,1.0,True,0.00570069209992153,0.5603115994547752
sub-004,correct,beta_frontoparietal_diff,16,-0.036180223240959423,-0.05809212024252395,-1.0,17,-0.03944986095015843,-0.0650358100322439,-1.0,True,0.003269637709199004,0.0828808424275542
sub-004,correct,beta_frontoparietal_ratio,16,-0.043109591676078515,-0.06950330276147204,-1.0,17,-0.04525945894883748,-0.0780281715566495,-1.0,True,0.002149867272758968,0.04750094947421347
sub-004,correct,beta_occipital,16,0.04922907571145974,0.07165946385599155,1.0,17,0.05622197652916972,0.075512730773342,1.0,True,0.006992900817709979,0.12438020235880258
sub-004,correct,beta_parietal,16,0.033153067107703965,0.0226575465476272,1.0,17,0.04568359299605848,0.0300598021055862,1.0,True,0.012530525888354516,0.27428941260017864
sub-004,correct,beta_rel,16,0.014354333146540468,-0.00773843599364925,1.0,17,0.004003613901954628,-0.0116664289571332,1.0,True,0.010350719244585839,2.585344016198079
sub-004,correct,beta_temporal,16,-0.016706895051340473,-0.0471285905376733,-1.0,17,0.0020193839783318964,0.0030800889060386,1.0,False,0.01872627902967237,9.273263148864405
sub-004,correct,delta_abs,16,0.037114984946642296,0.0686744600348379,1.0,17,0.0500998314822681,0.0751932060962368,1.0,True,0.012984846535625802,0.2591794453484648
sub-004,correct,delta_central,16,0.003033966388887234,0.0258696025617372,1.0,17,0.01594723148571994,0.053237904630791,1.0,True,0.012913265096832705,0.8097496489215685
sub-004,correct,delta_frontoparietal_diff,16,0.053055733924705015,0.0874525695713427,1.0,17,0.0627843531353025,0.0965889029100864,1.0,True,0.009728619210597492,0.15495292576530928
sub-004,correct,delta_frontoparietal_ratio,16,0.012708342071195098,0.0772956207045333,1.0,17,0.007618362637043261,0.0767235494216667,1.0,True,0.0050899794341518366,0.6681198673061975
sub-004,correct,delta_occipital,16,0.02486824885806342,0.026466660816486347,1.0,17,0.03884197513017873,0.0337134178161626,1.0,True,0.013973726272115308,0.35975838574846974
sub-004,correct,delta_parietal,16,0.029585297219053956,0.06603914374845984,1.0,17,0.042145890738078534,0.0816931621013528,1.0,True,0.012560593519024579,0.29802652878032937
sub-004,correct,delta_rel,16,-0.0749173094979253,-0.01212310918804465,-1.0,17,-0.07439446030727782,-0.0181843987718074,-1.0,True,0.0005228491906474758,0.007028066182453733
sub-004,correct,delta_temporal,16,0.041090163049278025,0.05555577461190425,1.0,17,0.05208933196612908,0.0902600490670809,1.0,True,0.010999168916851057,0.21115972314644446
sub-004,correct,delta_theta_ratio,16,-0.06471654704293181,-0.017553290673687702,-1.0,17,-0.055106454857458256,0.0119751868871558,-1.0,True,0.009610092185473554,0.17439140678404388
sub-004,correct,gamma_abs,16,-0.06393627848613179,-0.07896663970765305,-1.0,17,-0.05686524273293527,-0.0685925280951577,-1.0,True,0.007071035753196515,0.12434723591008441
sub-004,correct,gamma_central,16,-0.20639394907731076,-0.10132551739606299,-1.0,17,-0.18547637333133052,-0.0566883528600988,-1.0,True,0.020917575745980244,0.11277757576493902
sub-004,correct,gamma_frontal,16,-0.020105366637628873,-0.1213615444694541,-1.0,17,-0.018570855272571345,-0.0854695744567192,-1.0,True,0.0015345113650575282,0.08263008582722414
sub-004,correct,gamma_frontoparietal_ratio,16,0.010721737955624464,-0.11857816529243334,1.0,17,0.0009702615712471755,-0.1482127749572843,1.0,True,0.009751476384377289,10.050358247047473
sub-004,correct,gamma_occipital,16,-0.10462847115372097,-0.07343477167019966,-1.0,17,-0.08945879593248873,-0.0548388597736076,-1.0,True,0.015169675221232234,0.16957164539393343
sub-004,correct,gamma_parietal,16,-0.07400756118910266,-0.10581903540691145,-1.0,17,-0.05958862522387283,-0.1006162409118598,-1.0,True,0.014418935965229834,0.24197463712341555
sub-004,correct,gamma_rel,16,-0.10376825500929504,-0.0944958355554372,-1.0,17,-0.10166472404316662,-0.0680082285851119,-1.0,True,0.0021035309661284196,0.020690863875608072
sub-004,correct,gamma_temporal,16,-0.051190236997850705,-0.14279791708091755,-1.0,17,-0.03680055328585214,-0.1385081681207297,-1.0,True,0.014389683711998565,0.3910181349781671
sub-004,correct,theta_abs,16,0.08262787331689797,0.059712800635390646,1.0,17,0.09306439261390705,0.1011817885579857,1.0,True,0.010436519297009075,0.1121429905023578
sub-004,correct,theta_alpha_central_ratio,16,0.03132953517062767,0.03004803630771425,1.0,17,0.019230682046213178,0.024672152042746,1.0,True,0.012098853124414492,0.629143214751291
sub-004,correct,theta_alpha_frontal_ratio,16,0.07591950497793101,0.08618891553809374,1.0,17,0.05565969462472302,0.0808250903691507,1.0,True,0.020259810353207994,0.3639942779026487
sub-004,correct,theta_alpha_occipital_ratio,16,0.09428603312485326,0.050266443260382,1.0,17,0.07878043065566702,0.0375691400620294,1.0,True,0.015505602469186239,0.1968204837183237
sub-004,correct,theta_alpha_parietal_ratio,16,0.07100931288120418,0.050567630543160144,1.0,17,0.057607059823141175,0.0484739848887195,1.0,True,0.013402253058063009,0.2326494894759275
sub-004,correct,theta_alpha_ratio,16,0.07729738288873586,0.06891508729876375,1.0,17,0.05985120385013264,0.0618279945127793,1.0,True,0.017446179038603224,0.2914925334215238
sub-004,correct,theta_alpha_temporal_ratio,16,0.06809228188975161,-0.00996148331026445,1.0,17,0.058508311526769,-0.019445121900486,1.0,True,0.009583970362982613,0.1638052801882295
sub-004,correct,theta_beta_ratio,16,0.05361619336081644,0.0902319785252483,1.0,17,0.05244258158047268,0.0847662864916092,1.0,True,0.0011736117803437598,0.02237898564438257
sub-004,correct,theta_central,16,0.10697283409749195,0.0710715487026947,1.0,17,0.11307711641494934,0.1026073676032386,1.0,True,0.006104282317457396,0.0539833567656345
sub-004,correct,theta_frontoparietal_diff,16,-0.001970120654967416,-0.0638534352621255,-1.0,17,0.006159832855024103,-0.0620817786206806,1.0,False,0.00812995350999152,1.3198334599875612
sub-004,correct,theta_frontoparietal_ratio,16,-0.036157381383195714,0.0058357013589331996,-1.0,17,-0.03877004880421776,-0.0184003772783559,-1.0,True,0.0026126674210220496,0.0673888091865858
sub-004,correct,theta_occipital,16,0.056485646060515024,0.06444441068411275,1.0,17,0.07227551076487133,0.0680261649250033,1.0,True,0.01578986470435631,0.2184677014006076
sub-004,correct,theta_parietal,16,0.06725890195045504,0.0928027780251289,1.0,17,0.08155791977439754,0.1098504300048916,1.0,True,0.014299017823942495,0.1753234739617673
sub-004,correct,theta_rel,16,0.10122391161055738,0.0452520519933618,1.0,17,0.08679106636054519,0.0267486725345396,1.0,True,0.014432845250012191,0.1662941343531331
sub-004,correct,theta_temporal,16,0.10092666680124103,0.05434937192189765,1.0,17,0.10826577717700087,0.0660816722314345,1.0,True,0.007339110375759836,0.0677879064569159
sub-005,remember,alpha_abs,21,-0.006523091490766918,0.0213409031658623,-1.0,22,-0.004225080718999699,0.02401404754028395,-1.0,True,0.002298010771767219,0.5438974837648263
sub-005,remember,alpha_beta_central_ratio,21,-0.00666978308237954,0.0001199766672669,-1.0,22,-0.006481369496393726,-0.0012023537617123499,-1.0,True,0.00018841358598581381,0.02907002695813721
sub-005,remember,alpha_beta_frontal_ratio,21,-0.00011937885652493696,-0.0017436997569701,-1.0,22,0.006868067233128458,-0.00017555386438575,1.0,False,0.0069874460896533945,1.0173817250869512
sub-005,remember,alpha_beta_occipital_ratio,21,-0.009890260821042801,0.0122057214637856,-1.0,22,-0.010147514905164053,0.0075259452461013,-1.0,True,0.0002572540841212518,0.025351436930665223
sub-005,remember,alpha_beta_parietal_ratio,21,-0.007338711704220983,-0.0041983625131893,-1.0,22,-0.00889987824774338,-0.007146879630928599,-1.0,True,0.0015611665435223965,0.1754143708559429
sub-005,remember,alpha_beta_ratio,21,-0.008788559231510798,-0.0047562250314685,-1.0,22,-0.004946131824715725,1.643148696604986e-05,-1.0,True,0.003842427406795073,0.7768550339872742
sub-005,remember,alpha_beta_temporal_ratio,21,0.054465506591426065,0.0413157779111308,1.0,22,0.05233680591085687,0.0315087420271479,1.0,True,0.0021287006805691955,0.040673110319245004
sub-005,remember,alpha_central,21,-0.019061190320924893,-0.0269006979629089,-1.0,22,-0.01501586222283353,-0.01501119428169965,-1.0,True,0.004045328098091362,0.2694036504903412
sub-005,remember,alpha_frontal,21,-0.006513515303565566,0.0208244421122482,-1.0,22,-0.0030707927750683456,0.031058370447483198,-1.0,True,0.0034427225284972204,1.1211184800383012
sub-005,remember,alpha_frontoparietal_diff,21,0.010202899186491993,0.0003508395007239,1.0,22,0.00974893749781017,0.0002832907681079,1.0,True,0.00045396168868182263,0.0465652476266047
sub-005,remember,alpha_frontoparietal_ratio,21,0.009385172744274525,-0.0129876534312753,1.0,22,0.01227663886432328,-0.010858941748103399,1.0,True,0.002891466120048756,0.2355258757713845
sub-005,remember,alpha_occipital,21,-0.014376950822090432,0.0139094496498538,-1.0,22,-0.013808574837919587,0.006018385239761,-1.0,True,0.000568375984170845,0.04116108945653345
sub-005,remember,alpha_rel,21,-0.002806503053213609,0.0053042106048458,-1.0,22,-0.003156714484513651,0.00273943482436755,-1.0,True,0.00035021143130004213,0.1109417506772072
sub-005,remember,alpha_temporal,21,0.01617495856634208,0.0311805965478287,1.0,22,0.01629686962287168,0.025018799178911,1.0,True,0.0001219110565295993,0.007480642562084711
sub-005,remember,beta_abs,21,0.014775190460911207,0.0112752566145946,1.0,22,0.011882839884920149,0.0064287775629291,1.0,True,0.002892350575991059,0.24340566766885247
sub-005,remember,beta_central,21,-0.013039103312481159,0.013280913261545,-1.0,22,-0.009108361260200665,0.017305056347534098,-1.0,True,0.003930742052280493,0.431553156488865
sub-005,remember,beta_frontal,21,0.010210070226894479,0.0272890012761169,1.0,22,0.006292755656684213,0.02676135788213745,1.0,True,0.003917314570210266,0.6225117871928278
sub-005,remember,beta_frontoparietal_diff,21,0.020602914410214095,0.0118892291000058,1.0,22,0.015061675649799796,0.0103621489766398,1.0,True,0.0055412387604143,0.36790320607441546
sub-005,remember,beta_frontoparietal_ratio,21,0.016892209504697428,0.0303288138071968,1.0,22,0.009995618660365795,0.0250422045529727,1.0,True,0.0068965908443316334,0.6899613799471667
sub-005,remember,beta_occipital,21,-0.014660541842437666,0.0042915554102766,-1.0,22,-0.011332306790655403,0.01008362228756505,-1.0,True,0.003328235051782263,0.2936944007310779
sub-005,remember,beta_parietal,21,-0.012893695168682832,0.0014058908518956,-1.0,22,-0.005930338816362909,0.005094234456075399,-1.0,True,0.006963356352319923,1.1741919927250575
sub-005,remember,beta_rel,21,0.015239875828706406,0.0180197776350641,1.0,22,0.01053903365996976,0.0168174660327096,1.0,True,0.004700842168736645,0.4460411001998956
sub-005,remember,beta_temporal,21,-0.06511754391421064,0.0120496579886667,-1.0,22,-0.06158071509031959,0.012371174100029601,-1.0,True,0.0035368288238910445,0.05743403301997429
sub-005,remember,delta_abs,21,0.0059689682462070225,-0.0065310986896701,1.0,22,0.007228722856415695,-0.0031531389258265497,1.0,True,0.0012597546102086727,0.174270702478323
sub-005,remember,delta_central,21,-0.004150038701022518,-0.0094764678096541,-1.0,22,-0.002242849784410514,-0.0058486340347987,-1.0,True,0.001907188916612004,0.8503417972386718
sub-005,remember,delta_frontoparietal_diff,21,-0.01043992160088503,-0.0056186456872859,-1.0,22,-0.008891798665416483,-0.0035818687385868,-1.0,True,0.0015481229354685471,0.17410683639180605
sub-005,remember,delta_frontoparietal_ratio,21,-0.009673097939481241,-0.0038635962026276,-1.0,22,-0.008555437293700145,0.00552592003253765,-1.0,True,0.0011176606457810965,0.13063746567391635
sub-005,remember,delta_occipital,21,0.007137671728733643,0.0070640186658745,1.0,22,0.009659547749774438,0.0202226940751393,1.0,True,0.002521876021040795,0.2610759930349414
sub-005,remember,delta_parietal,21,0.005072323650434184,-0.0136349380070306,1.0,22,0.007668092957052327,-0.0127862519011169,1.0,True,0.0025957693066181427,0.33851562848241423
sub-005,remember,delta_rel,21,0.010641571577748381,0.0012608412923472,1.0,22,0.012862226458615516,0.0100134032748007,1.0,True,0.002220654880867135,0.17264933781193628
sub-005,remember,delta_temporal,21,-0.005172331345639854,0.0104766210105404,-1.0,22,-0.004455897646301734,0.010532915525169599,-1.0,True,0.0007164336993381202,0.16078324867554789
sub-005,remember,delta_theta_ratio,21,-0.0030380767655595535,-0.0103725893448459,-1.0,22,-0.00018999032316373288,-0.0103091462388365,-1.0,True,0.0028480864423958206,14.990692130890011
sub-005,remember,gamma_abs,21,0.028482047116220526,0.0454704048008172,1.0,22,0.025495370910866674,0.027636058275061652,1.0,True,0.0029866762053538526,0.11714582289449522
sub-005,remember,gamma_central,21,0.01096668816196699,0.0346513308777112,1.0,22,0.014558284246406573,0.0427861302894467,1.0,True,0.0035915960844395828,0.24670462697732376
sub-005,remember,gamma_frontal,21,0.0240116548943233,0.0229120009761729,1.0,22,0.020143744628534934,0.0143858938803237,1.0,True,0.0038679102657883657,0.19201545378554977
sub-005,remember,gamma_frontoparietal_ratio,21,0.031209104721087594,-0.0235747915241677,1.0,22,0.026023240242854986,-0.03536198003882305,1.0,True,0.005185864478232608,0.19927820017172743
sub-005,remember,gamma_occipital,21,0.019140396715059082,0.0106571001683149,1.0,22,0.023031090473266857,0.0133513575859867,1.0,True,0.003890693758207775,0.16893224238443527
sub-005,remember,gamma_parietal,21,0.009559537954500933,0.0152558222126462,1.0,22,0.018942058685776395,0.02026889488011765,1.0,True,0.009382520731275462,0.49532740273478315
sub-005,remember,gamma_rel,21,0.030203348046868476,0.0313494293066601,1.0,22,0.02631386588803555,0.0210692636781099,1.0,True,0.0038894821588329256,0.147811126475392
sub-005,remember,gamma_temporal,21,-0.05838744771487109,0.0276814519819795,-1.0,22,-0.05651817964866923,0.02027048990149495,-1.0,True,0.0018692680662018568,0.033073748620739064
sub-005,remember,theta_abs,21,-0.00582601220868287,0.0253465952983008,-1.0,22,-0.0029891438300134214,0.0321264622211444,-1.0,True,0.0028368683786694484,0.9490571682048203
sub-005,remember,theta_alpha_central_ratio,21,0.024912696203206037,0.0014948430819132,1.0,22,0.024055814630122893,0.0018794202919669499,1.0,True,0.0008568815730831437,0.03562055936406117
sub-005,remember,theta_alpha_frontal_ratio,21,0.01009749488026709,0.0081747944364008,1.0,22,0.010202402386540039,0.0102901272273364,1.0,True,0.00010490750627294848,0.010282627786897746
sub-005,remember,theta_alpha_occipital_ratio,21,0.022074905470831074,0.0022400203155615,1.0,22,0.019958592202797092,-0.00039517783826780004,1.0,True,0.002116313268033982,0.10603519759962789
sub-005,remember,theta_alpha_parietal_ratio,21,0.02032153937843651,-0.0092970279075838,1.0,22,0.01811562122035374,-0.01519353624041025,1.0,True,0.0022059181580827703,0.12176883868626702
sub-005,remember,theta_alpha_ratio,21,0.013594610087934503,0.0005146220445551,1.0,22,0.013720792059534921,0.0072135815711985,1.0,True,0.0001261819716004177,0.009196405794425745
sub-005,remember,theta_alpha_temporal_ratio,21,0.0025677010832656035,-0.0003032758469318,1.0,22,0.0003842089452644267,-0.004374930220801349,1.0,True,0.002183492138001177,5.683085115309893
sub-005,remember,theta_beta_ratio,21,0.0005906107039752599,0.0058846005636505,1.0,22,0.004779497052755068,0.00875205737736785,1.0,True,0.004188886348779808,0.8764282732144774
sub-005,remember,theta_central,21,-0.007044795397100449,0.0111190608577165,-1.0,22,-0.004115907282348823,0.011607086792101099,-1.0,True,0.002928888114751626,0.7116020633682006
sub-005,remember,theta_frontoparietal_diff,21,0.007126769740780444,0.0005638273318519,1.0,22,0.007216404476452345,0.0012829558183184,1.0,True,8.96347356719009e-05,0.012420968913866398
sub-005,remember,theta_frontoparietal_ratio,21,0.00498533421814632,0.0112776709907839,1.0,22,0.007059147266353017,0.01235521432324275,1.0,True,0.002073813048206697,0.2937767084264408
sub-005,remember,theta_occipital,21,-0.0005139691072419234,-0.0035843528295895,-1.0,22,0.001496081143524913,0.0100555128668375,1.0,False,0.0020100502507668363,1.343543603544766
sub-005,remember,theta_parietal,21,-0.01309270332438419,0.0150845488263296,-1.0,22,-0.010798479725520525,0.0151709516428865,-1.0,True,0.002294223598863665,0.21245801790428193
sub-005,remember,theta_rel,21,-0.015486109043711878,-0.0073718577934456,-1.0,22,-0.014536550484554562,-0.00514433645290715,-1.0,True,0.0009495585591573156,0.06532213816243714
sub-005,remember,theta_temporal,21,-0.0022275834390206905,0.0042359915016836,-1.0,22,-0.0033958097139939105,0.00229113186847875,-1.0,True,0.00116822627497322,0.3440199461586542
sub-005,correct,alpha_abs,16,0.004761778565005266,-0.032418045873448445,1.0,17,0.003977169084874701,-0.0314873277469293,1.0,True,0.000784609480130565,0.19727838152882649
sub-005,correct,alpha_beta_central_ratio,16,0.15105363621522438,0.1265473772648927,1.0,17,0.14402964758962156,0.0918357757863384,1.0,True,0.007023988625602828,0.04876765820892671
sub-005,correct,alpha_beta_frontal_ratio,16,0.04478689844145765,0.1289421023243036,1.0,17,0.011768877838233034,0.1052386511879747,1.0,True,0.03301802060322461,2.805536862313281
sub-005,correct,alpha_beta_occipital_ratio,16,-0.030045158808627983,0.02818276416586385,-1.0,17,-0.03671384250847402,0.0245095354919788,-1.0,True,0.00666868369984604,0.18163949192479167
sub-005,correct,alpha_beta_parietal_ratio,16,0.0379935226621711,0.04223781894371415,1.0,17,0.037132833069950806,0.0382750490663845,1.0,True,0.0008606895922202915,0.02317866753120951
sub-005,correct,alpha_beta_ratio,16,0.07136089908753909,0.059700692172852,1.0,17,0.046180390629905685,0.027962344081358,1.0,True,0.025180508457633408,0.5452640853437674
sub-005,correct,alpha_beta_temporal_ratio,16,0.07740315542054624,0.08911658952978654,1.0,17,0.06494299068767259,0.0617200039401055,1.0,True,0.012460164732873646,0.19186311872820513
sub-005,correct,alpha_central,16,0.03819603949999913,-0.00014317429719555054,1.0,17,0.04246795987509471,0.0177681990916285,1.0,True,0.004271920375095578,0.1005916080654687
sub-005,correct,alpha_frontal,16,-0.008846418935136102,-0.0660759565515068,-1.0,17,-0.0117935947338535,-0.0626760015310623,-1.0,True,0.0029471757987173976,0.24989630941425628
sub-005,correct,alpha_frontoparietal_diff,16,-0.028463100366063532,-0.0152541787834251,-1.0,17,-0.030850199169255386,-0.0426794577245955,-1.0,True,0.002387098803191854,0.07737709536639825
sub-005,correct,alpha_frontoparietal_ratio,16,-0.07097520536079685,-0.1129758669700513,-1.0,17,-0.07059348720716957,-0.0935569508164402,-1.0,True,0.0003817181536272807,0.005407271530687506
sub-005,correct,alpha_occipital,16,-0.03349294394007762,-0.0121144056513481,-1.0,17,-0.0353875819230478,-0.0226737443574212,-1.0,True,0.001894637982970182,0.05353962831058009
sub-005,correct,alpha_rel,16,0.06701603643343897,0.06350018877161565,1.0,17,0.05097832355011286,0.0454504463368716,1.0,True,0.01603771288332611,0.3145986718759135
sub-005,correct,alpha_temporal,16,0.03660570128312573,0.0418993056300107,1.0,17,0.027248635892917775,0.0259348503649758,1.0,True,0.009357065390207954,0.3433957364684065
sub-005,correct,beta_abs,16,-0.006347154361797058,0.01770494626091995,-1.0,17,0.0006445398145583712,0.022617076858297,1.0,False,0.00699169417635543,10.847575306338571
sub-005,correct,beta_central,16,-0.09674165899767048,-0.06024987057689475,-1.0,17,-0.08727746109283907,-0.0573648282093374,-1.0,True,0.009464197904831412,0.10843805246309954
sub-005,correct,beta_frontal,16,0.0024173558228721345,-0.017724737272939103,1.0,17,0.010174146145588859,-0.0024640408308667,1.0,True,0.007756790322716724,0.7624020936714957
sub-005,correct,beta_frontoparietal_diff,16,-0.05008383860341675,-0.07839993716479321,-1.0,17,-0.03944986095015843,-0.0650358100322439,-1.0,True,0.010633977653258325,0.2695567841593525
sub-005,correct,beta_frontoparietal_ratio,16,-0.06566272662101988,-0.07884275343481535,-1.0,17,-0.04525945894883748,-0.0780281715566495,-1.0,True,0.020403267672182396,0.4508067075049837
sub-005,correct,beta_occipital,16,0.05549796275357776,0.1042774420209617,1.0,17,0.05622197652916972,0.075512730773342,1.0,True,0.0007240137755919612,0.012877771652448402
sub-005,correct,beta_parietal,16,0.04543721186280217,0.0226575465476272,1.0,17,0.04568359299605848,0.0300598021055862,1.0,True,0.0002463811332563126,0.005393208307358181
sub-005,correct,beta_rel,16,-0.014586733941458364,-0.0380592083096837,-1.0,17,0.004003613901954628,-0.0116664289571332,1.0,False,0.018590347843412992,4.643391770204637
sub-005,correct,beta_temporal,16,0.00822917485081421,0.01167345767023125,1.0,17,0.0020193839783318964,0.0030800889060386,1.0,True,0.006209790872482314,3.0750916809847553
sub-005,correct,delta_abs,16,0.04772255650261795,0.0686744600348379,1.0,17,0.0500998314822681,0.0751932060962368,1.0,True,0.0023772749796501513,0.04745075800287958
sub-005,correct,delta_central,16,0.013616564414152996,0.0292809421966655,1.0,17,0.01594723148571994,0.053237904630791,1.0,True,0.002330667071566943,0.1461486950668494
sub-005,correct,delta_frontoparietal_diff,16,0.060671568774378515,0.0941684653762968,1.0,17,0.0627843531353025,0.0965889029100864,1.0,True,0.0021127843609239916,0.033651447461294476
sub-005,correct,delta_frontoparietal_ratio,16,0.0007700294897235536,0.06785178037447856,1.0,17,0.007618362637043261,0.0767235494216667,1.0,True,0.0068483331473197075,0.8989245423971565
sub-005,correct,delta_occipital,16,0.04009443705788929,0.0657871225506737,1.0,17,0.03884197513017873,0.0337134178161626,1.0,True,0.0012524619277105575,0.0322450628093174
sub-005,correct,delta_parietal,16,0.042885329704301964,0.0867303975994412,1.0,17,0.042145890738078534,0.0816931621013528,1.0,True,0.0007394389662234296,0.017544746433733608
sub-005,correct,delta_rel,16,-0.07866525035121508,-0.0199241075707751,-1.0,17,-0.07439446030727782,-0.0181843987718074,-1.0,True,0.004270790043937253,0.05740736643961449
sub-005,correct,delta_temporal,16,0.0497036621473196,0.06857993867506135,1.0,17,0.05208933196612908,0.0902600490670809,1.0,True,0.0023856698188094855,0.04579958561113357
sub-005,correct,delta_theta_ratio,16,-0.053711319523214604,0.02377919417748675,-1.0,17,-0.055106454857458256,0.0119751868871558,-1.0,True,0.0013951353342436523,0.025317094664361828
sub-005,correct,gamma_abs,16,-0.06338935716569856,-0.07896663970765305,-1.0,17,-0.05686524273293527,-0.0685925280951577,-1.0,True,0.006524114432763288,0.11472938686648118
sub-005,correct,gamma_central,16,-0.19651051505861744,-0.10132551739606299,-1.0,17,-0.18547637333133052,-0.0566883528600988,-1.0,True,0.011034141727286922,0.059490821009184805
sub-005,correct,gamma_frontal,16,-0.023911109218662893,-0.1213615444694541,-1.0,17,-0.018570855272571345,-0.0854695744567192,-1.0,True,0.0053402539460915485,0.2875610125495383
sub-005,correct,gamma_frontoparietal_ratio,16,-0.018047667756147107,-0.15163306776803695,-1.0,17,0.0009702615712471755,-0.1482127749572843,1.0,False,0.01901792932739428,19.600827128450124
sub-005,correct,gamma_occipital,16,-0.09162254194241878,-0.05299468105701345,-1.0,17,-0.08945879593248873,-0.0548388597736076,-1.0,True,0.002163746009930051,0.02418706832990409
sub-005,correct,gamma_parietal,16,-0.06011561689700125,-0.10581903540691145,-1.0,17,-0.05958862522387283,-0.1006162409118598,-1.0,True,0.0005269916731284185,0.00884383002877689
sub-005,correct,gamma_rel,16,-0.11675797906498525,-0.09918830401472925,-1.0,17,-0.10166472404316662,-0.0680082285851119,-1.0,True,0.01509325502181863,0.14846108287679083
sub-005,correct,gamma_temporal,16,-0.03904544979026854,-0.14279791708091755,-1.0,17,-0.03680055328585214,-0.1385081681207297,-1.0,True,0.0022448965044164007,0.061001705245541625
sub-005,correct,theta_abs,16,0.0977406788577265,0.1246222182217799,1.0,17,0.09306439261390705,0.1011817885579857,1.0,True,0.0046762862438194525,0.050247856483841204
sub-005,correct,theta_alpha_central_ratio,16,0.01889059017142988,0.026457723915469203,1.0,17,0.019230682046213178,0.024672152042746,1.0,True,0.0003400918747832986,0.017684857664747672
sub-005,correct,theta_alpha_frontal_ratio,16,0.05916187968649618,0.08618891553809374,1.0,17,0.05565969462472302,0.0808250903691507,1.0,True,0.003502185061773161,0.06292138477198102
sub-005,correct,theta_alpha_occipital_ratio,16,0.07260956739377339,0.023075126020425753,1.0,17,0.07878043065566702,0.0375691400620294,1.0,True,0.0061708632618936304,0.07832990008477103
sub-005,correct,theta_alpha_parietal_ratio,16,0.050488083403416546,0.0394963432333881,1.0,17,0.057607059823141175,0.0484739848887195,1.0,True,0.007118976419724629,0.12357819408906692
sub-005,correct,theta_alpha_ratio,16,0.05884176783546916,0.055257888173760206,1.0,17,0.05985120385013264,0.0618279945127793,1.0,True,0.0010094360146634743,0.01686575957922419
sub-005,correct,theta_alpha_temporal_ratio,16,0.0463903738111857,-0.02188579863810495,1.0,17,0.058508311526769,-0.019445121900486,1.0,True,0.012117937715583296,0.20711480812497965
sub-005,correct,theta_beta_ratio,16,0.06731382549983694,0.0902319785252483,1.0,17,0.05244258158047268,0.0847662864916092,1.0,True,0.014871243919364265,0.28357192707121925
sub-005,correct,theta_central,16,0.11233015047550408,0.0710715487026947,1.0,17,0.11307711641494934,0.1026073676032386,1.0,True,0.0007469659394452599,0.00660580993862793
sub-005,correct,theta_frontoparietal_diff,16,0.02059038655527533,-0.0199145723508928,1.0,17,0.006159832855024103,-0.0620817786206806,1.0,True,0.014430553700251227,2.342685920200145
sub-005,correct,theta_frontoparietal_ratio,16,-0.03624226883064996,0.0058357013589331996,-1.0,17,-0.03877004880421776,-0.0184003772783559,-1.0,True,0.0025277799735678036,0.06519929820910642
sub-005,correct,theta_occipital,16,0.07451666094899845,0.07763336182403165,1.0,17,0.07227551076487133,0.0680261649250033,1.0,True,0.0022411501841271136,0.03100843093891214
sub-005,correct,theta_parietal,16,0.07978963788499166,0.10579796079036521,1.0,17,0.08155791977439754,0.1098504300048916,1.0,True,0.0017682818894058788,0.02168130200349928
sub-005,correct,theta_rel,16,0.08823079354231778,0.011895462140166601,1.0,17,0.08679106636054519,0.0267486725345396,1.0,True,0.0014397271817725849,0.016588425999880075
sub-005,correct,theta_temporal,16,0.11559639790227859,0.07647775184921965,1.0,17,0.10826577717700087,0.0660816722314345,1.0,True,0.007330620725277723,0.06770949155330114
sub-006,remember,alpha_abs,21,0.01489269714396691,0.0266871919147056,1.0,22,-0.004225080718999699,0.02401404754028395,-1.0,False,0.01911777786296661,4.524831390083549
sub-006,remember,alpha_beta_central_ratio,21,0.012019241867640675,0.0001199766672669,1.0,22,-0.006481369496393726,-0.0012023537617123499,-1.0,False,0.0185006113640344,2.8544293569944212
sub-006,remember,alpha_beta_frontal_ratio,21,0.024195635871407002,0.0013925920281986,1.0,22,0.006868067233128458,-0.00017555386438575,1.0,True,0.017327568638278543,2.522917736550127
sub-006,remember,alpha_beta_occipital_ratio,21,0.0011554352391201696,0.0122057214637856,1.0,22,-0.010147514905164053,0.0075259452461013,-1.0,False,0.011302950144284223,1.1138638622281964
sub-006,remember,alpha_beta_parietal_ratio,21,0.013339448625467683,-0.0041983625131893,1.0,22,-0.00889987824774338,-0.007146879630928599,-1.0,False,0.022239326873211063,2.4988349564051604
sub-006,remember,alpha_beta_ratio,21,0.01623507748306446,0.0047890880054006,1.0,22,-0.004946131824715725,1.643148696604986e-05,-1.0,False,0.021181209307780186,4.282378646266178
sub-006,remember,alpha_beta_temporal_ratio,21,0.05053705767674145,0.021701706143165,1.0,22,0.05233680591085687,0.0315087420271479,1.0,True,0.0017997482341154183,0.03438781184279483
sub-006,remember,alpha_central,21,-0.001462135762919688,-0.0031216906004904,-1.0,22,-0.01501586222283353,-0.01501119428169965,-1.0,True,0.013553726459913843,0.9026272523534263
sub-006,remember,alpha_frontal,21,0.011743433396524188,0.0412922987827182,1.0,22,-0.0030707927750683456,0.031058370447483198,-1.0,False,0.014814226171592533,4.824235061339435
sub-006,remember,alpha_frontoparietal_diff,21,0.0005170595775205294,0.0002157420354919,1.0,22,0.00974893749781017,0.0002832907681079,1.0,True,0.00923187792028964,0.9469624687165475
sub-006,remember,alpha_frontoparietal_ratio,21,0.007068848977408411,-0.0129876534312753,1.0,22,0.01227663886432328,-0.010858941748103399,1.0,True,0.00520778988691487,0.4242032322095137
sub-006,remember,alpha_occipital,21,0.003100990390768827,0.0139094496498538,1.0,22,-0.013808574837919587,0.006018385239761,-1.0,False,0.016909565228688413,1.2245699087101465
sub-006,remember,alpha_rel,21,0.005256379933268755,0.0053042106048458,1.0,22,-0.003156714484513651,0.00273943482436755,-1.0,False,0.008413094417782405,2.665142653558228
sub-006,remember,alpha_temporal,21,0.017051693245518394,0.0311805965478287,1.0,22,0.01629686962287168,0.025018799178911,1.0,True,0.0007548236226467137,0.04631709279844541
sub-006,remember,beta_abs,21,0.01476149519082695,0.0112752566145946,1.0,22,0.011882839884920149,0.0064287775629291,1.0,True,0.0028786553059068007,0.24225314266499057
sub-006,remember,beta_central,21,-0.003478342287067989,0.0213291994335232,-1.0,22,-0.009108361260200665,0.017305056347534098,-1.0,True,0.0056300189731326765,0.6181154669098667
sub-006,remember,beta_frontal,21,0.005292934436711228,0.026233714488158,1.0,22,0.006292755656684213,0.02676135788213745,1.0,True,0.0009998212199729848,0.15888448154044676
sub-006,remember,beta_frontoparietal_diff,21,0.015358180735348649,0.0118892291000058,1.0,22,0.015061675649799796,0.0103621489766398,1.0,True,0.00029650508554885345,0.019686062324200608
sub-006,remember,beta_frontoparietal_ratio,21,0.005309982292364358,0.0197555952987486,1.0,22,0.009995618660365795,0.0250422045529727,1.0,True,0.004685636368001437,0.468769020428993
sub-006,remember,beta_occipital,21,-0.004402110380029829,0.0158756891648535,-1.0,22,-0.011332306790655403,0.01008362228756505,-1.0,True,0.006930196410625574,0.6115433105235203
sub-006,remember,beta_parietal,21,-0.0062796830862799765,0.0087825780602552,-1.0,22,-0.005930338816362909,0.005094234456075399,-1.0,True,0.00034934426991706756,0.05890797823442426
sub-006,remember,beta_rel,21,0.0034263886608904242,0.0156151544303551,1.0,22,0.01053903365996976,0.0168174660327096,1.0,True,0.007112644999079336,0.6748858793472858
sub-006,remember,beta_temporal,21,-0.05828493074714873,0.0126926902113925,-1.0,22,-0.06158071509031959,0.012371174100029601,-1.0,True,0.0032957843431708628,0.053519747835616735
sub-006,remember,delta_abs,21,0.01956962156903123,0.000224820838017,1.0,22,0.007228722856415695,-0.0031531389258265497,1.0,True,0.012340898712615535,1.7072031889647892
sub-006,remember,delta_central,21,0.007367990812279963,-0.0022208002599433,1.0,22,-0.002242849784410514,-0.0058486340347987,-1.0,False,0.009610840596690477,4.285102222847477
sub-006,remember,delta_frontoparietal_diff,21,0.0021550784621178756,-0.0015450917898877,1.0,22,-0.008891798665416483,-0.0035818687385868,-1.0,False,0.011046877127534358,1.2423669881887651
sub-006,remember,delta_frontoparietal_ratio,21,-0.01392277996353482,-0.0038635962026276,-1.0,22,-0.008555437293700145,0.00552592003253765,-1.0,True,0.0053673426698346745,0.6273604125164887
sub-006,remember,delta_occipital,21,0.02305672403080068,0.0333813694844041,1.0,22,0.009659547749774438,0.0202226940751393,1.0,True,0.01339717628102624,1.38693618252874
sub-006,remember,delta_parietal,21,0.021278608768049767,-0.0119375657952032,1.0,22,0.007668092957052327,-0.0127862519011169,1.0,True,0.01361051581099744,1.774954462240821
sub-006,remember,delta_rel,21,0.01077592775170059,0.0012608412923472,1.0,22,0.012862226458615516,0.0100134032748007,1.0,True,0.0020862987069149262,0.16220354334668544
sub-006,remember,delta_temporal,21,0.008903025887690215,0.0105892100397988,1.0,22,-0.004455897646301734,0.010532915525169599,-1.0,False,0.01335892353399195,2.998031955487009
sub-006,remember,delta_theta_ratio,21,-0.004067864785175635,-0.0103725893448459,-1.0,22,-0.00018999032316373288,-0.0103091462388365,-1.0,True,0.0038778744620119017,20.410905131573283
sub-006,remember,gamma_abs,21,0.010971523564209246,0.0098017117493061,1.0,22,0.025495370910866674,0.027636058275061652,1.0,True,0.014523847346657428,0.5696660541803317
sub-006,remember,gamma_central,21,0.005657949765836645,0.0346513308777112,1.0,22,0.014558284246406573,0.0427861302894467,1.0,True,0.008900334480569929,0.6113587514797152
sub-006,remember,gamma_frontal,21,-0.009495212188743742,0.0058597867844745,-1.0,22,0.020143744628534934,0.0143858938803237,1.0,False,0.029638956817278676,1.4713727444346745
sub-006,remember,gamma_frontoparietal_ratio,21,-0.015005310463392655,-0.0471491685534784,-1.0,22,0.026023240242854986,-0.03536198003882305,1.0,False,0.04102855070624764,1.5766119177842413
sub-006,remember,gamma_occipital,21,0.017728892349494416,0.0106571001683149,1.0,22,0.023031090473266857,0.0133513575859867,1.0,True,0.005302198123772441,0.23021915223366965
sub-006,remember,gamma_parietal,21,0.0291797554568945,0.0252819675475891,1.0,22,0.018942058685776395,0.02026889488011765,1.0,True,0.010237696771118104,0.5404743455264236
sub-006,remember,gamma_rel,21,0.006549398972144407,0.0107890980495597,1.0,22,0.02631386588803555,0.0210692636781099,1.0,True,0.019764466915891142,0.7511046457403165
sub-006,remember,gamma_temporal,21,-0.048792183745107354,0.0276814519819795,-1.0,22,-0.05651817964866923,0.02027048990149495,-1.0,True,0.0077259959035618775,0.1366993054551394
sub-006,remember,theta_abs,21,0.011440055004529262,0.038906329143988,1.0,22,-0.0029891438300134214,0.0321264622211444,-1.0,False,0.014429198834542682,4.8272012506263025
sub-006,remember,theta_alpha_central_ratio,21,0.013419565686602356,0.0014948430819132,1.0,22,0.024055814630122893,0.0018794202919669499,1.0,True,0.010636248943520537,0.44214877388528495
sub-006,remember,theta_alpha_frontal_ratio,21,0.017731610441979805,0.012405460018272,1.0,22,0.010202402386540039,0.0102901272273364,1.0,True,0.007529208055439766,0.7379838365690222
sub-006,remember,theta_alpha_occipital_ratio,21,0.0078480269672005,-0.0030303759920971,1.0,22,0.019958592202797092,-0.00039517783826780004,1.0,True,0.012110565235596593,0.6067845423435908
sub-006,remember,theta_alpha_parietal_ratio,21,-0.004544308271343242,-0.0210900445732367,-1.0,22,0.01811562122035374,-0.01519353624041025,1.0,False,0.022659929491696984,1.2508502587941892
sub-006,remember,theta_alpha_ratio,21,0.008133640855459168,0.0005146220445551,1.0,22,0.013720792059534921,0.0072135815711985,1.0,True,0.005587151204075753,0.4072032561846969
sub-006,remember,theta_alpha_temporal_ratio,21,0.01339577485748013,-0.0003032758469318,1.0,22,0.0003842089452644267,-0.004374930220801349,1.0,True,0.013011565912215703,33.865858857764664
sub-006,remember,theta_beta_ratio,21,0.019467218591076106,0.0116195141910852,1.0,22,0.004779497052755068,0.00875205737736785,1.0,True,0.014687721538321038,3.0730684371600407
sub-006,remember,theta_central,21,0.006758327952954557,0.0120951127264857,1.0,22,-0.004115907282348823,0.011607086792101099,-1.0,False,0.01087423523530338,2.64200199113761
sub-006,remember,theta_frontoparietal_diff,21,0.020868676698224602,0.0020020843047849,1.0,22,0.007216404476452345,0.0012829558183184,1.0,True,0.013652272221772257,1.8918385556575466
sub-006,remember,theta_frontoparietal_ratio,21,0.021844476262729656,0.0134327576557016,1.0,22,0.007059147266353017,0.01235521432324275,1.0,True,0.014785328996376638,2.0944922153487266
sub-006,remember,theta_occipital,21,0.008740535832257323,0.0236953785632645,1.0,22,0.001496081143524913,0.0100555128668375,1.0,True,0.00724445468873241,4.84228727839171
sub-006,remember,theta_parietal,21,0.0009937599146107748,0.0152573544594434,1.0,22,-0.010798479725520525,0.0151709516428865,-1.0,False,0.0117922396401313,1.0920277613025635
sub-006,remember,theta_rel,21,-0.016580036216112377,-0.0073718577934456,-1.0,22,-0.014536550484554562,-0.00514433645290715,-1.0,True,0.0020434857315578155,0.14057569804673184
sub-006,remember,theta_temporal,21,0.009263688589381272,0.0042359915016836,1.0,22,-0.0033958097139939105,0.00229113186847875,-1.0,False,0.012659498303375183,3.727976350148895
sub-006,correct,alpha_abs,17,0.003977169084874701,-0.0314873277469293,1.0,17,0.003977169084874701,-0.0314873277469293,1.0,True,0.0,0.0
sub-006,correct,alpha_beta_central_ratio,17,0.14402964758962156,0.0918357757863384,1.0,17,0.14402964758962156,0.0918357757863384,1.0,True,0.0,0.0
sub-006,correct,alpha_beta_frontal_ratio,17,0.011768877838233034,0.1052386511879747,1.0,17,0.011768877838233034,0.1052386511879747,1.0,True,0.0,0.0
sub-006,correct,alpha_beta_occipital_ratio,17,-0.03671384250847402,0.0245095354919788,-1.0,17,-0.03671384250847402,0.0245095354919788,-1.0,True,0.0,0.0
sub-006,correct,alpha_beta_parietal_ratio,17,0.037132833069950806,0.0382750490663845,1.0,17,0.037132833069950806,0.0382750490663845,1.0,True,0.0,0.0
sub-006,correct,alpha_beta_ratio,17,0.046180390629905685,0.027962344081358,1.0,17,0.046180390629905685,0.027962344081358,1.0,True,0.0,0.0
sub-006,correct,alpha_beta_temporal_ratio,17,0.06494299068767259,0.0617200039401055,1.0,17,0.06494299068767259,0.0617200039401055,1.0,True,0.0,0.0
sub-006,correct,alpha_central,17,0.04246795987509471,0.0177681990916285,1.0,17,0.04246795987509471,0.0177681990916285,1.0,True,0.0,0.0
sub-006,correct,alpha_frontal,17,-0.0117935947338535,-0.0626760015310623,-1.0,17,-0.0117935947338535,-0.0626760015310623,-1.0,True,0.0,0.0
sub-006,correct,alpha_frontoparietal_diff,17,-0.030850199169255386,-0.0426794577245955,-1.0,17,-0.030850199169255386,-0.0426794577245955,-1.0,True,0.0,0.0
sub-006,correct,alpha_frontoparietal_ratio,17,-0.07059348720716957,-0.0935569508164402,-1.0,17,-0.07059348720716957,-0.0935569508164402,-1.0,True,0.0,0.0
sub-006,correct,alpha_occipital,17,-0.0353875819230478,-0.0226737443574212,-1.0,17,-0.0353875819230478,-0.0226737443574212,-1.0,True,0.0,0.0
sub-006,correct,alpha_rel,17,0.05097832355011286,0.0454504463368716,1.0,17,0.05097832355011286,0.0454504463368716,1.0,True,0.0,0.0
sub-006,correct,alpha_temporal,17,0.027248635892917775,0.0259348503649758,1.0,17,0.027248635892917775,0.0259348503649758,1.0,True,0.0,0.0
sub-006,correct,beta_abs,17,0.0006445398145583712,0.022617076858297,1.0,17,0.0006445398145583712,0.022617076858297,1.0,True,0.0,0.0
sub-006,correct,beta_central,17,-0.08727746109283907,-0.0573648282093374,-1.0,17,-0.08727746109283907,-0.0573648282093374,-1.0,True,0.0,0.0
sub-006,correct,beta_frontal,17,0.010174146145588859,-0.0024640408308667,1.0,17,0.010174146145588859,-0.0024640408308667,1.0,True,0.0,0.0
sub-006,correct,beta_frontoparietal_diff,17,-0.03944986095015843,-0.0650358100322439,-1.0,17,-0.03944986095015843,-0.0650358100322439,-1.0,True,0.0,0.0
sub-006,correct,beta_frontoparietal_ratio,17,-0.04525945894883748,-0.0780281715566495,-1.0,17,-0.04525945894883748,-0.0780281715566495,-1.0,True,0.0,0.0
sub-006,correct,beta_occipital,17,0.05622197652916972,0.075512730773342,1.0,17,0.05622197652916972,0.075512730773342,1.0,True,0.0,0.0
sub-006,correct,beta_parietal,17,0.04568359299605848,0.0300598021055862,1.0,17,0.04568359299605848,0.0300598021055862,1.0,True,0.0,0.0
sub-006,correct,beta_rel,17,0.004003613901954628,-0.0116664289571332,1.0,17,0.004003613901954628,-0.0116664289571332,1.0,True,0.0,0.0
sub-006,correct,beta_temporal,17,0.0020193839783318964,0.0030800889060386,1.0,17,0.0020193839783318964,0.0030800889060386,1.0,True,0.0,0.0
sub-006,correct,delta_abs,17,0.0500998314822681,0.0751932060962368,1.0,17,0.0500998314822681,0.0751932060962368,1.0,True,0.0,0.0
sub-006,correct,delta_central,17,0.01594723148571994,0.053237904630791,1.0,17,0.01594723148571994,0.053237904630791,1.0,True,0.0,0.0
sub-006,correct,delta_frontoparietal_diff,17,0.0627843531353025,0.0965889029100864,1.0,17,0.0627843531353025,0.0965889029100864,1.0,True,0.0,0.0
sub-006,correct,delta_frontoparietal_ratio,17,0.007618362637043261,0.0767235494216667,1.0,17,0.007618362637043261,0.0767235494216667,1.0,True,0.0,0.0
sub-006,correct,delta_occipital,17,0.03884197513017873,0.0337134178161626,1.0,17,0.03884197513017873,0.0337134178161626,1.0,True,0.0,0.0
sub-006,correct,delta_parietal,17,0.042145890738078534,0.0816931621013528,1.0,17,0.042145890738078534,0.0816931621013528,1.0,True,0.0,0.0
sub-006,correct,delta_rel,17,-0.07439446030727782,-0.0181843987718074,-1.0,17,-0.07439446030727782,-0.0181843987718074,-1.0,True,0.0,0.0
sub-006,correct,delta_temporal,17,0.05208933196612908,0.0902600490670809,1.0,17,0.05208933196612908,0.0902600490670809,1.0,True,0.0,0.0
sub-006,correct,delta_theta_ratio,17,-0.055106454857458256,0.0119751868871558,-1.0,17,-0.055106454857458256,0.0119751868871558,-1.0,True,0.0,0.0
sub-006,correct,gamma_abs,17,-0.05686524273293527,-0.0685925280951577,-1.0,17,-0.05686524273293527,-0.0685925280951577,-1.0,True,0.0,0.0
sub-006,correct,gamma_central,17,-0.18547637333133052,-0.0566883528600988,-1.0,17,-0.18547637333133052,-0.0566883528600988,-1.0,True,0.0,0.0
sub-006,correct,gamma_frontal,17,-0.018570855272571345,-0.0854695744567192,-1.0,17,-0.018570855272571345,-0.0854695744567192,-1.0,True,0.0,0.0
sub-006,correct,gamma_frontoparietal_ratio,17,0.0009702615712471755,-0.1482127749572843,1.0,17,0.0009702615712471755,-0.1482127749572843,1.0,True,0.0,0.0
sub-006,correct,gamma_occipital,17,-0.08945879593248873,-0.0548388597736076,-1.0,17,-0.08945879593248873,-0.0548388597736076,-1.0,True,0.0,0.0
sub-006,correct,gamma_parietal,17,-0.05958862522387283,-0.1006162409118598,-1.0,17,-0.05958862522387283,-0.1006162409118598,-1.0,True,0.0,0.0
sub-006,correct,gamma_rel,17,-0.10166472404316662,-0.0680082285851119,-1.0,17,-0.10166472404316662,-0.0680082285851119,-1.0,True,0.0,0.0
sub-006,correct,gamma_temporal,17,-0.03680055328585214,-0.1385081681207297,-1.0,17,-0.03680055328585214,-0.1385081681207297,-1.0,True,0.0,0.0
sub-006,correct,theta_abs,17,0.09306439261390705,0.1011817885579857,1.0,17,0.09306439261390705,0.1011817885579857,1.0,True,0.0,0.0
sub-006,correct,theta_alpha_central_ratio,17,0.019230682046213178,0.024672152042746,1.0,17,0.019230682046213178,0.024672152042746,1.0,True,0.0,0.0
sub-006,correct,theta_alpha_frontal_ratio,17,0.05565969462472302,0.0808250903691507,1.0,17,0.05565969462472302,0.0808250903691507,1.0,True,0.0,0.0
sub-006,correct,theta_alpha_occipital_ratio,17,0.07878043065566702,0.0375691400620294,1.0,17,0.07878043065566702,0.0375691400620294,1.0,True,0.0,0.0
sub-006,correct,theta_alpha_parietal_ratio,17,0.057607059823141175,0.0484739848887195,1.0,17,0.057607059823141175,0.0484739848887195,1.0,True,0.0,0.0
sub-006,correct,theta_alpha_ratio,17,0.05985120385013264,0.0618279945127793,1.0,17,0.05985120385013264,0.0618279945127793,1.0,True,0.0,0.0
sub-006,correct,theta_alpha_temporal_ratio,17,0.058508311526769,-0.019445121900486,1.0,17,0.058508311526769,-0.019445121900486,1.0,True,0.0,0.0
sub-006,correct,theta_beta_ratio,17,0.05244258158047268,0.0847662864916092,1.0,17,0.05244258158047268,0.0847662864916092,1.0,True,0.0,0.0
sub-006,correct,theta_central,17,0.11307711641494934,0.1026073676032386,1.0,17,0.11307711641494934,0.1026073676032386,1.0,True,0.0,0.0
sub-006,correct,theta_frontoparietal_diff,17,0.006159832855024103,-0.0620817786206806,1.0,17,0.006159832855024103,-0.0620817786206806,1.0,True,0.0,0.0
sub-006,correct,theta_frontoparietal_ratio,17,-0.03877004880421776,-0.0184003772783559,-1.0,17,-0.03877004880421776,-0.0184003772783559,-1.0,True,0.0,0.0
sub-006,correct,theta_occipital,17,0.07227551076487133,0.0680261649250033,1.0,17,0.07227551076487133,0.0680261649250033,1.0,True,0.0,0.0
sub-006,correct,theta_parietal,17,0.08155791977439754,0.1098504300048916,1.0,17,0.08155791977439754,0.1098504300048916,1.0,True,0.0,0.0
sub-006,correct,theta_rel,17,0.08679106636054519,0.0267486725345396,1.0,17,0.08679106636054519,0.0267486725345396,1.0,True,0.0,0.0
sub-006,correct,theta_temporal,17,0.10826577717700087,0.0660816722314345,1.0,17,0.10826577717700087,0.0660816722314345,1.0,True,0.0,0.0
sub-007,remember,alpha_abs,21,-0.0044932224028889954,0.0266871919147056,-1.0,22,-0.004225080718999699,0.02401404754028395,-1.0,True,0.0002681416838892963,0.06346427482047719
sub-007,remember,alpha_beta_central_ratio,21,-0.0013785887773933984,0.0001199766672669,-1.0,22,-0.006481369496393726,-0.0012023537617123499,-1.0,True,0.0051027807190003275,0.7872997708029986
sub-007,remember,alpha_beta_frontal_ratio,21,0.009585697162953691,0.0013925920281986,1.0,22,0.006868067233128458,-0.00017555386438575,1.0,True,0.0027176299298252334,0.39569064157039885
sub-007,remember,alpha_beta_occipital_ratio,21,-0.007128563594654211,0.0122057214637856,-1.0,22,-0.010147514905164053,0.0075259452461013,-1.0,True,0.0030189513105098415,0.2975064672212014
sub-007,remember,alpha_beta_parietal_ratio,21,-0.007761051021043387,-0.0041983625131893,-1.0,22,-0.00889987824774338,-0.007146879630928599,-1.0,True,0.0011388272266999924,0.12795986585420416
sub-007,remember,alpha_beta_ratio,21,0.001068888060496535,0.0047890880054006,1.0,22,-0.004946131824715725,1.643148696604986e-05,-1.0,False,0.006015019885212259,1.2161058577442925
sub-007,remember,alpha_beta_temporal_ratio,21,0.05698393787829971,0.0413157779111308,1.0,22,0.05233680591085687,0.0315087420271479,1.0,True,0.00464713196744284,0.08879280816941922
sub-007,remember,alpha_central,21,-0.013134099301877094,-0.0031216906004904,-1.0,22,-0.01501586222283353,-0.01501119428169965,-1.0,True,0.0018817629209564365,0.12531833956860475
sub-007,remember,alpha_frontal,21,-0.004208661103035795,0.0412922987827182,-1.0,22,-0.0030707927750683456,0.031058370447483198,-1.0,True,0.0011378683279674494,0.3705454621379081
sub-007,remember,alpha_frontoparietal_diff,21,0.004070824924519726,0.0002157420354919,1.0,22,0.00974893749781017,0.0002832907681079,1.0,True,0.0056781125732904445,0.5824339908390915
sub-007,remember,alpha_frontoparietal_ratio,21,0.0047834733868626095,-0.0129876534312753,1.0,22,0.01227663886432328,-0.010858941748103399,1.0,True,0.007493165477460671,0.6103596888588376
sub-007,remember,alpha_occipital,21,-0.012151025637557766,0.0139094496498538,-1.0,22,-0.013808574837919587,0.006018385239761,-1.0,True,0.0016575492003618204,0.12003767367867982
sub-007,remember,alpha_rel,21,0.003426067409453997,0.0053042106048458,1.0,22,-0.003156714484513651,0.00273943482436755,-1.0,False,0.0065827818939676475,2.08532698356527
sub-007,remember,alpha_temporal,21,0.0149976687965725,0.0188570018099933,1.0,22,0.01629686962287168,0.025018799178911,1.0,True,0.0012992008262991805,0.0797208823758294
sub-007,remember,beta_abs,21,0.0021627748758067575,0.0015822985112636,1.0,22,0.011882839884920149,0.0064287775629291,1.0,True,0.00972006500911339,0.8179917514035163
sub-007,remember,beta_central,21,-0.011714630839499227,0.013280913261545,-1.0,22,-0.009108361260200665,0.017305056347534098,-1.0,True,0.002606269579298562,0.2861403390626102
sub-007,remember,beta_frontal,21,0.0033979008458288416,0.026233714488158,1.0,22,0.006292755656684213,0.02676135788213745,1.0,True,0.0028948548108553712,0.4600297498887367
sub-007,remember,beta_frontoparietal_diff,21,0.0067182670669622664,0.0088350688532738,1.0,22,0.015061675649799796,0.0103621489766398,1.0,True,0.008343408582837528,0.5539495589223123
sub-007,remember,beta_frontoparietal_ratio,21,0.0026475439815147593,0.0197555952987486,1.0,22,0.009995618660365795,0.0250422045529727,1.0,True,0.007348074678851036,0.7351295531098352
sub-007,remember,beta_occipital,21,-0.009730783873162351,0.0158756891648535,-1.0,22,-0.011332306790655403,0.01008362228756505,-1.0,True,0.0016015229174930513,0.1413236463747755
sub-007,remember,beta_parietal,21,-0.00012732027672136527,0.0087825780602552,-1.0,22,-0.005930338816362909,0.005094234456075399,-1.0,True,0.005803018539641543,0.9785306909665826
sub-007,remember,beta_rel,21,0.011516119798160442,0.0180197776350641,1.0,22,0.01053903365996976,0.0168174660327096,1.0,True,0.0009770861381906814,0.09271116970637751
sub-007,remember,beta_temporal,21,-0.06783188835995943,0.0120496579886667,-1.0,22,-0.06158071509031959,0.012371174100029601,-1.0,True,0.006251173269639837,0.101511865532437
sub-007,remember,delta_abs,21,-0.0001703966934833107,-0.0065310986896701,-1.0,22,0.007228722856415695,-0.0031531389258265497,1.0,False,0.007399119549899006,1.023572171304379
sub-007,remember,delta_central,21,-0.007258035222090349,-0.0094764678096541,-1.0,22,-0.002242849784410514,-0.0058486340347987,-1.0,True,0.005015185437679835,2.2360772765698047
sub-007,remember,delta_frontoparietal_diff,21,-0.01197708691589864,-0.0056186456872859,-1.0,22,-0.008891798665416483,-0.0035818687385868,-1.0,True,0.003085288250482156,0.3469813438851232
sub-007,remember,delta_frontoparietal_ratio,21,-0.01137786333342015,-0.0038635962026276,-1.0,22,-0.008555437293700145,0.00552592003253765,-1.0,True,0.0028224260397200045,0.32989851282041627
sub-007,remember,delta_occipital,21,0.0021610292996531995,0.0070640186658745,1.0,22,0.009659547749774438,0.0202226940751393,1.0,True,0.007498518450121238,0.7762804889386604
sub-007,remember,delta_parietal,21,0.0007896662188098126,-0.0136349380070306,1.0,22,0.007668092957052327,-0.0127862519011169,1.0,True,0.006878426738242514,0.8970192167423376
sub-007,remember,delta_rel,21,0.0006283882528635286,0.0012608412923472,1.0,22,0.012862226458615516,0.0100134032748007,1.0,True,0.012233838205751987,0.9511446750774151
sub-007,remember,delta_temporal,21,-0.005166969963294217,0.0105892100397988,-1.0,22,-0.004455897646301734,0.010532915525169599,-1.0,True,0.0007110723169924836,0.15958003828536166
sub-007,remember,delta_theta_ratio,21,-0.0074469190337118,-0.0103725893448459,-1.0,22,-0.00018999032316373288,-0.0103091462388365,-1.0,True,0.007256928710548067,38.19630699977322
sub-007,remember,gamma_abs,21,0.014449556128101445,0.0098017117493061,1.0,22,0.025495370910866674,0.027636058275061652,1.0,True,0.011045814782765229,0.43324785591008075
sub-007,remember,gamma_central,21,0.012826729700941068,0.0346513308777112,1.0,22,0.014558284246406573,0.0427861302894467,1.0,True,0.0017315545454655058,0.11893946540389236
sub-007,remember,gamma_frontal,21,0.01640184664586696,0.0058597867844745,1.0,22,0.020143744628534934,0.0143858938803237,1.0,True,0.0037418979826679757,0.18575980045772283
sub-007,remember,gamma_frontoparietal_ratio,21,0.019742762836331463,-0.0471491685534784,1.0,22,0.026023240242854986,-0.03536198003882305,1.0,True,0.006280477406523523,0.24134109926022407
sub-007,remember,gamma_occipital,21,0.02666752210072234,0.0160456150036585,1.0,22,0.023031090473266857,0.0133513575859867,1.0,True,0.0036364316274554824,0.1578922904964678
sub-007,remember,gamma_parietal,21,0.01912288667363311,0.0252819675475891,1.0,22,0.018942058685776395,0.02026889488011765,1.0,True,0.00018082798785671456,0.00954637459720777
sub-007,remember,gamma_rel,21,0.020563728331372506,0.0107890980495597,1.0,22,0.02631386588803555,0.0210692636781099,1.0,True,0.0057501375566630444,0.21852120023449426
sub-007,remember,gamma_temporal,21,-0.06259565999890189,0.0128595278210104,-1.0,22,-0.05651817964866923,0.02027048990149495,-1.0,True,0.0060774803502326585,0.10753142418973428
sub-007,remember,theta_abs,21,-0.005096535817015165,0.0253465952983008,-1.0,22,-0.0029891438300134214,0.0321264622211444,-1.0,True,0.0021073919870017435,0.7050152508025287
sub-007,remember,theta_alpha_central_ratio,21,0.025093520207651564,0.0014948430819132,1.0,22,0.024055814630122893,0.0018794202919669499,1.0,True,0.0010377055775286706,0.04313741161894584
sub-007,remember,theta_alpha_frontal_ratio,21,0.006875915230844371,0.0081747944364008,1.0,22,0.010202402386540039,0.0102901272273364,1.0,True,0.0033264871556956677,0.32604939794222193
sub-007,remember,theta_alpha_occipital_ratio,21,0.01477849745439552,-0.0030303759920971,1.0,22,0.019958592202797092,-0.00039517783826780004,1.0,True,0.005180094748401573,0.2595420907330132
sub-007,remember,theta_alpha_parietal_ratio,21,0.01340290324119602,-0.0210900445732367,1.0,22,0.01811562122035374,-0.01519353624041025,1.0,True,0.00471271797915772,0.2601466392917712
sub-007,remember,theta_alpha_ratio,21,0.011378400814856101,0.0005146220445551,1.0,22,0.013720792059534921,0.0072135815711985,1.0,True,0.00234239124467882,0.17071836921040093
sub-007,remember,theta_alpha_temporal_ratio,21,0.005070163986201738,-0.0003032758469318,1.0,22,0.0003842089452644267,-0.004374930220801349,1.0,True,0.004685955040937311,12.196371528289808
sub-007,remember,theta_beta_ratio,21,0.0077764827743941715,0.0116195141910852,1.0,22,0.004779497052755068,0.00875205737736785,1.0,True,0.0029969857216391033,0.6270504382697624
sub-007,remember,theta_central,21,-0.002592537296006411,0.0120951127264857,-1.0,22,-0.004115907282348823,0.011607086792101099,-1.0,True,0.0015233699863424124,0.3701176634554973
sub-007,remember,theta_frontoparietal_diff,21,-0.0008031071333616425,0.0005638273318519,-1.0,22,0.007216404476452345,0.0012829558183184,1.0,False,0.008019511609813988,1.1112890963889621
sub-007,remember,theta_frontoparietal_ratio,21,0.0045596237244908844,0.0112776709907839,1.0,22,0.007059147266353017,0.01235521432324275,1.0,True,0.0024995235418621324,0.3540829292195043
sub-007,remember,theta_occipital,21,0.000438971742584931,-0.0035843528295895,1.0,22,0.001496081143524913,0.0100555128668375,1.0,True,0.001057109400939982,0.7065856056773292
sub-007,remember,theta_parietal,21,-0.008265348062638227,0.0152573544594434,-1.0,22,-0.010798479725520525,0.0151709516428865,-1.0,True,0.0025331316628822986,0.23458224928603943
sub-007,remember,theta_rel,21,-0.0053016088034220235,-0.0029168151123687,-1.0,22,-0.014536550484554562,-0.00514433645290715,-1.0,True,0.00923494168113254,0.6352911367070811
sub-007,remember,theta_temporal,21,-0.0035322662577252826,0.0042359915016836,-1.0,22,-0.0033958097139939105,0.00229113186847875,-1.0,True,0.00013645654373137207,0.040183801574347214
sub-007,correct,alpha_abs,16,-0.03833001037518485,-0.032418045873448445,-1.0,17,0.003977169084874701,-0.0314873277469293,1.0,False,0.04230717946005955,10.637510892095356
sub-007,correct,alpha_beta_central_ratio,16,0.10430694245933272,0.0731813106905245,1.0,17,0.14402964758962156,0.0918357757863384,1.0,True,0.03972270513028883,0.2757953365509113
sub-007,correct,alpha_beta_frontal_ratio,16,-0.026546543984906794,0.0592428703998227,-1.0,17,0.011768877838233034,0.1052386511879747,1.0,False,0.03831542182313983,3.2556563463226893
sub-007,correct,alpha_beta_occipital_ratio,16,-0.01576650693416748,0.02818276416586385,-1.0,17,-0.03671384250847402,0.0245095354919788,-1.0,True,0.020947335574306544,0.5705568838094687
sub-007,correct,alpha_beta_parietal_ratio,16,0.016166683265470716,0.0308184243304054,1.0,17,0.037132833069950806,0.0382750490663845,1.0,True,0.02096614980448009,0.5646256445066842
sub-007,correct,alpha_beta_ratio,16,-0.0031449401205094867,0.0206772974888908,-1.0,17,0.046180390629905685,0.027962344081358,1.0,False,0.049325330750415175,1.0681012022118512
sub-007,correct,alpha_beta_temporal_ratio,16,0.053669243857441734,0.0599705395902789,1.0,17,0.06494299068767259,0.0617200039401055,1.0,True,0.011273746830230857,0.1735945128312489
sub-007,correct,alpha_central,16,0.018015670587357348,-0.00014317429719555054,1.0,17,0.04246795987509471,0.0177681990916285,1.0,True,0.024452289287737364,0.5757820568648833
sub-007,correct,alpha_frontal,16,-0.04251004278407216,-0.0660759565515068,-1.0,17,-0.0117935947338535,-0.0626760015310623,-1.0,True,0.03071644805021866,2.604502591737117
sub-007,correct,alpha_frontoparietal_diff,16,0.009413946480114548,-0.0152541787834251,1.0,17,-0.030850199169255386,-0.0426794577245955,-1.0,False,0.040264145649369934,1.3051502659177732
sub-007,correct,alpha_frontoparietal_ratio,16,-0.04646418199843219,-0.0865774089019209,-1.0,17,-0.07059348720716957,-0.0935569508164402,-1.0,True,0.02412930520873738,0.34180639267650137
sub-007,correct,alpha_occipital,16,-0.05996876084392794,-0.041301851231255,-1.0,17,-0.0353875819230478,-0.0226737443574212,-1.0,True,0.024581178920880138,0.6946272558077925
sub-007,correct,alpha_rel,16,0.023637570047457482,0.042440655210347594,1.0,17,0.05097832355011286,0.0454504463368716,1.0,True,0.027340753502655375,0.5363211576735902
sub-007,correct,alpha_temporal,16,0.01755659363868794,0.02549389704777165,1.0,17,0.027248635892917775,0.0259348503649758,1.0,True,0.009692042254229833,0.3556890808155612
sub-007,correct,beta_abs,16,0.016288644747415267,0.0286911864095237,1.0,17,0.0006445398145583712,0.022617076858297,1.0,True,0.015644104932856895,24.271743311273944
sub-007,correct,beta_central,16,-0.0698775793653935,-0.018250184339837203,-1.0,17,-0.08727746109283907,-0.0573648282093374,-1.0,True,0.017399881727445568,0.1993628310170126
sub-007,correct,beta_frontal,16,0.03393445686360502,0.00850545332844495,1.0,17,0.010174146145588859,-0.0024640408308667,1.0,True,0.023760310718016164,2.3353616488316096
sub-007,correct,beta_frontoparietal_diff,16,0.00961256269255091,-0.05809212024252395,1.0,17,-0.03944986095015843,-0.0650358100322439,-1.0,False,0.04906242364270934,1.2436653123998478
sub-007,correct,beta_frontoparietal_ratio,16,0.006142034946590512,-0.06950330276147204,1.0,17,-0.04525945894883748,-0.0780281715566495,-1.0,False,0.051401493895427995,1.135707211028166
sub-007,correct,beta_occipital,16,0.009220073585632475,0.07165946385599155,1.0,17,0.05622197652916972,0.075512730773342,1.0,True,0.047001902943537247,0.8360058796430109
sub-007,correct,beta_parietal,16,0.013379796026706643,0.0226575465476272,1.0,17,0.04568359299605848,0.0300598021055862,1.0,True,0.03230379696935184,0.7071203215591857
sub-007,correct,beta_rel,16,0.03645081233412631,-0.00773843599364925,1.0,17,0.004003613901954628,-0.0116664289571332,1.0,True,0.032447198432171684,8.10447741135339
sub-007,correct,beta_temporal,16,0.01735984860948347,0.01167345767023125,1.0,17,0.0020193839783318964,0.0030800889060386,1.0,True,0.015340464631151575,7.59660609163766
sub-007,correct,delta_abs,16,0.07032514995918984,0.07880448481849155,1.0,17,0.0500998314822681,0.0751932060962368,1.0,True,0.020225318476921744,0.40370032949272733
sub-007,correct,delta_central,16,0.028903453971993044,0.056649244265719295,1.0,17,0.01594723148571994,0.053237904630791,1.0,True,0.012956222486273105,0.8124433697394338
sub-007,correct,delta_frontoparietal_diff,16,0.08760292679618856,0.1033047987150405,1.0,17,0.0627843531353025,0.0965889029100864,1.0,True,0.02481857366088605,0.3952987077433313
sub-007,correct,delta_frontoparietal_ratio,16,0.032128935601717985,0.0772956207045333,1.0,17,0.007618362637043261,0.0767235494216667,1.0,True,0.024510572964674723,3.217301949567925
sub-007,correct,delta_occipital,16,0.055406872667206564,0.0657871225506737,1.0,17,0.03884197513017873,0.0337134178161626,1.0,True,0.016564897537027834,0.42646898056833216
sub-007,correct,delta_parietal,16,0.054514620267001865,0.0867303975994412,1.0,17,0.042145890738078534,0.0816931621013528,1.0,True,0.01236872952892333,0.2934741516270355
sub-007,correct,delta_rel,16,-0.023326001375029888,-0.01212310918804465,-1.0,17,-0.07439446030727782,-0.0181843987718074,-1.0,True,0.051068458932247936,0.6864551301443077
sub-007,correct,delta_temporal,16,0.06860988680868724,0.103284213130238,1.0,17,0.05208933196612908,0.0902600490670809,1.0,True,0.016520554842558155,0.31715812468665544
sub-007,correct,delta_theta_ratio,16,-0.0232167379274205,0.02377919417748675,-1.0,17,-0.055106454857458256,0.0119751868871558,-1.0,True,0.031889716930037754,0.5786929500822663
sub-007,correct,gamma_abs,16,-0.028921848600987815,-0.047640854842901,-1.0,17,-0.05686524273293527,-0.0685925280951577,-1.0,True,0.027943394131947456,0.49139672652383093
sub-007,correct,gamma_central,16,-0.16400967654306298,-0.0526622826991817,-1.0,17,-0.18547637333133052,-0.0566883528600988,-1.0,True,0.021466696788267542,0.11573817410112906
sub-007,correct,gamma_frontal,16,0.010515272819247239,-0.06609408315094994,1.0,17,-0.018570855272571345,-0.0854695744567192,-1.0,False,0.029086128091818583,1.5662244772742382
sub-007,correct,gamma_frontoparietal_ratio,16,0.033030907932821166,-0.11857816529243334,1.0,17,0.0009702615712471755,-0.1482127749572843,1.0,True,0.03206064636157399,33.043302251333316
sub-007,correct,gamma_occipital,16,-0.08182931797997214,-0.0343987691604214,-1.0,17,-0.08945879593248873,-0.0548388597736076,-1.0,True,0.007629477952516589,0.08528482719881761
sub-007,correct,gamma_parietal,16,-0.03440535045621048,-0.07588649968283895,-1.0,17,-0.05958862522387283,-0.1006162409118598,-1.0,True,0.02518327476766235,0.42261882486883157
sub-007,correct,gamma_rel,16,-0.06462681894553661,-0.06331576012581985,-1.0,17,-0.10166472404316662,-0.0680082285851119,-1.0,True,0.03703790509763001,0.364314224488563
sub-007,correct,gamma_temporal,16,-0.010965939546444115,-0.06969518866795975,-1.0,17,-0.03680055328585214,-0.1385081681207297,-1.0,True,0.025834613739408027,0.7020169924820142
sub-007,correct,theta_abs,16,0.049114107278446145,0.059712800635390646,1.0,17,0.09306439261390705,0.1011817885579857,1.0,True,0.0439502853354609,0.4722567257038457
sub-007,correct,theta_alpha_central_ratio,16,0.002072583793252772,0.02108183965050095,1.0,17,0.019230682046213178,0.024672152042746,1.0,True,0.017158098252960406,0.8922251541431472
sub-007,correct,theta_alpha_frontal_ratio,16,0.01815996456007392,0.0674558256649708,1.0,17,0.05565969462472302,0.0808250903691507,1.0,True,0.0374997300646491,0.6737322279161841
sub-007,correct,theta_alpha_occipital_ratio,16,0.07088169303295039,0.023075126020425753,1.0,17,0.07878043065566702,0.0375691400620294,1.0,True,0.007898737622716631,0.10026268651970666
sub-007,correct,theta_alpha_parietal_ratio,16,0.037143403110535204,0.0394963432333881,1.0,17,0.057607059823141175,0.0484739848887195,1.0,True,0.02046365671260597,0.3552282788851093
sub-007,correct,theta_alpha_ratio,16,0.027388253981964476,0.055257888173760206,1.0,17,0.05985120385013264,0.0618279945127793,1.0,True,0.03246294986816816,0.542394267447909
sub-007,correct,theta_alpha_temporal_ratio,16,0.029981446602085477,-0.02188579863810495,1.0,17,0.058508311526769,-0.019445121900486,1.0,True,0.02852686492468352,0.48756944407174996
sub-007,correct,theta_beta_ratio,16,0.0020500585202836083,0.0592155397932908,1.0,17,0.05244258158047268,0.0847662864916092,1.0,True,0.05039252306018907,0.9609085125388457
sub-007,correct,theta_central,16,0.050149623871074675,0.0710715487026947,1.0,17,0.11307711641494934,0.1026073676032386,1.0,True,0.06292749254387467,0.5565006832412942
sub-007,correct,theta_frontoparietal_diff,16,0.020358658149394068,-0.0199145723508928,1.0,17,0.006159832855024103,-0.0620817786206806,1.0,True,0.014198825294369964,2.3050666517337515
sub-007,correct,theta_frontoparietal_ratio,16,-0.039622969162811904,0.0058357013589331996,-1.0,17,-0.03877004880421776,-0.0184003772783559,-1.0,True,0.0008529203585941406,0.02199946569325319
sub-007,correct,theta_occipital,16,0.045722044190012724,0.06444441068411275,1.0,17,0.07227551076487133,0.0680261649250033,1.0,True,0.02655346657485861,0.367392306105495
sub-007,correct,theta_parietal,16,0.049663136626324655,0.0928027780251289,1.0,17,0.08155791977439754,0.1098504300048916,1.0,True,0.03189478314807288,0.3910691105940298
sub-007,correct,theta_rel,16,0.03178921220886075,0.011895462140166601,1.0,17,0.08679106636054519,0.0267486725345396,1.0,True,0.05500185415168444,0.6337271387264349
sub-007,correct,theta_temporal,16,0.07854302383618308,0.05434937192189765,1.0,17,0.10826577717700087,0.0660816722314345,1.0,True,0.02972275334081778,0.27453507577214203
sub-008,remember,alpha_abs,21,-0.01447194754411269,0.0213409031658623,-1.0,22,-0.004225080718999699,0.02401404754028395,-1.0,True,0.01024686682511299,2.4252475885334013
sub-008,remember,alpha_beta_central_ratio,21,-0.015047489511565518,-0.0025246841906916,-1.0,22,-0.006481369496393726,-0.0012023537617123499,-1.0,True,0.008566120015171791,1.3216527803171896
sub-008,remember,alpha_beta_frontal_ratio,21,0.003867983082214658,-0.0017436997569701,1.0,22,0.006868067233128458,-0.00017555386438575,1.0,True,0.0030000841509137998,0.43681636318915856
sub-008,remember,alpha_beta_occipital_ratio,21,-0.01694350410969004,0.002846169028417,-1.0,22,-0.010147514905164053,0.0075259452461013,-1.0,True,0.006795989204525987,0.6697195587332934
sub-008,remember,alpha_beta_parietal_ratio,21,-0.01827005700874948,-0.0100953967486679,-1.0,22,-0.00889987824774338,-0.007146879630928599,-1.0,True,0.0093701787610061,1.052843477199474
sub-008,remember,alpha_beta_ratio,21,-0.01209105769241924,-0.0047562250314685,-1.0,22,-0.004946131824715725,1.643148696604986e-05,-1.0,True,0.007144925867703516,1.4445482087639596
sub-008,remember,alpha_beta_temporal_ratio,21,0.05081403163425115,0.021701706143165,1.0,22,0.05233680591085687,0.0315087420271479,1.0,True,0.001522774276605722,0.029095666999614016
sub-008,remember,alpha_central,21,-0.022212756056125355,-0.0269006979629089,-1.0,22,-0.01501586222283353,-0.01501119428169965,-1.0,True,0.007196893833291824,0.47928608603960354
sub-008,remember,alpha_frontal,21,-0.006960457309118355,0.0208244421122482,-1.0,22,-0.0030707927750683456,0.031058370447483198,-1.0,True,0.0038896645340500092,1.266664610399651
sub-008,remember,alpha_frontoparietal_diff,21,0.01522706873488365,0.0003508395007239,1.0,22,0.00974893749781017,0.0002832907681079,1.0,True,0.00547813123707348,0.561920849149355
sub-008,remember,alpha_frontoparietal_ratio,21,0.014961733412971124,-0.0087302300649315,1.0,22,0.01227663886432328,-0.010858941748103399,1.0,True,0.002685094548647843,0.21871577215249888
sub-008,remember,alpha_occipital,21,-0.016914580087232428,-0.0018726791703318,-1.0,22,-0.013808574837919587,0.006018385239761,-1.0,True,0.0031060052493128414,0.224933078595734
sub-008,remember,alpha_rel,21,-0.007664628791968896,0.0001746590438893,-1.0,22,-0.003156714484513651,0.00273943482436755,-1.0,True,0.004507914307455245,1.428039922384609
sub-008,remember,alpha_temporal,21,0.014208160983122312,0.0188570018099933,1.0,22,0.01629686962287168,0.025018799178911,1.0,True,0.002088708639749368,0.1281662483706681
sub-008,remember,beta_abs,21,0.0038705309198642764,0.0015822985112636,1.0,22,0.011882839884920149,0.0064287775629291,1.0,True,0.008012308965055871,0.674275597639235
sub-008,remember,beta_central,21,-0.01062845720772714,0.013280913261545,-1.0,22,-0.009108361260200665,0.017305056347534098,-1.0,True,0.0015200959475264748,0.16689016872536583
sub-008,remember,beta_frontal,21,0.005283339599100055,0.026233714488158,1.0,22,0.006292755656684213,0.02676135788213745,1.0,True,0.0010094160575841579,0.16040922493342777
sub-008,remember,beta_frontoparietal_diff,21,0.01337730094466579,0.0088350688532738,1.0,22,0.015061675649799796,0.0103621489766398,1.0,True,0.0016843747051340056,0.11183182696915896
sub-008,remember,beta_frontoparietal_ratio,21,0.007281269673780734,0.0197555952987486,1.0,22,0.009995618660365795,0.0250422045529727,1.0,True,0.0027143489865850603,0.27155387563431993
sub-008,remember,beta_occipital,21,-0.010991899780728866,0.0158756891648535,-1.0,22,-0.011332306790655403,0.01008362228756505,-1.0,True,0.0003404070099265362,0.030038633458744263
sub-008,remember,beta_parietal,21,-0.0052793007734948955,0.0087825780602552,-1.0,22,-0.005930338816362909,0.005094234456075399,-1.0,True,0.0006510380428680134,0.10978091859973975
sub-008,remember,beta_rel,21,0.012181673965032933,0.0180197776350641,1.0,22,0.01053903365996976,0.0168174660327096,1.0,True,0.0016426403050631717,0.15586251624780226
sub-008,remember,beta_temporal,21,-0.05923104996397638,0.0126926902113925,-1.0,22,-0.06158071509031959,0.012371174100029601,-1.0,True,0.0023496651263432144,0.03815585971837113
sub-008,remember,delta_abs,21,0.00659763272326678,-0.0065310986896701,1.0,22,0.007228722856415695,-0.0031531389258265497,1.0,True,0.0006310901331489155,0.08730313026025133
sub-008,remember,delta_central,21,-0.001837588129754136,-0.0022208002599433,-1.0,22,-0.002242849784410514,-0.0058486340347987,-1.0,True,0.0004052616546563778,0.18069050253532354
sub-008,remember,delta_frontoparietal_diff,21,-0.008965766014982142,-0.0015450917898877,-1.0,22,-0.008891798665416483,-0.0035818687385868,-1.0,True,7.396734956565884e-05,0.008318603732374802
sub-008,remember,delta_frontoparietal_ratio,21,-0.0050757554990829915,0.0149154362677029,-1.0,22,-0.008555437293700145,0.00552592003253765,-1.0,True,0.0034796817946171534,0.40672167595447645
sub-008,remember,delta_occipital,21,0.0084161942701209,0.0070640186658745,1.0,22,0.009659547749774438,0.0202226940751393,1.0,True,0.0012433534796535382,0.12871756648053964
sub-008,remember,delta_parietal,21,0.00746127799523187,-0.0136349380070306,1.0,22,0.007668092957052327,-0.0127862519011169,1.0,True,0.0002068149618204571,0.026970846986179253
sub-008,remember,delta_rel,21,0.014384294096974995,0.0187659652572542,1.0,22,0.012862226458615516,0.0100134032748007,1.0,True,0.0015220676383594783,0.11833624942437167
sub-008,remember,delta_temporal,21,-0.005228978956069711,0.0104766210105404,-1.0,22,-0.004455897646301734,0.010532915525169599,-1.0,True,0.000773081309767977,0.1734962001224629
sub-008,remember,delta_theta_ratio,21,0.0017209080054855271,-0.0102457031328271,1.0,22,-0.00018999032316373288,-0.0103091462388365,-1.0,False,0.00191089832864926,10.057871879098052
sub-008,remember,gamma_abs,21,0.02298070799542489,0.0098017117493061,1.0,22,0.025495370910866674,0.027636058275061652,1.0,True,0.0025146629154417822,0.09863213695667314
sub-008,remember,gamma_central,21,0.01928777045440843,0.0509209297011822,1.0,22,0.014558284246406573,0.0427861302894467,1.0,True,0.004729486208001857,0.32486563168796745
sub-008,remember,gamma_frontal,21,0.024209221691588394,0.0229120009761729,1.0,22,0.020143744628534934,0.0143858938803237,1.0,True,0.00406547706305346,0.20182330237122073
sub-008,remember,gamma_frontoparietal_ratio,21,0.02384553758163261,-0.0471491685534784,1.0,22,0.026023240242854986,-0.03536198003882305,1.0,True,0.0021777026612223756,0.08368299415828095
sub-008,remember,gamma_occipital,21,0.025302834048934922,0.0160456150036585,1.0,22,0.023031090473266857,0.0133513575859867,1.0,True,0.002271743575668065,0.09863812476899311
sub-008,remember,gamma_parietal,21,0.02404389536211067,0.0252819675475891,1.0,22,0.018942058685776395,0.02026889488011765,1.0,True,0.005101836676334275,0.2693390808764228
sub-008,remember,gamma_rel,21,0.03153356245547906,0.0313494293066601,1.0,22,0.02631386588803555,0.0210692636781099,1.0,True,0.005219696567443508,0.19836296915295948
sub-008,remember,gamma_temporal,21,-0.054552386403944095,0.0276814519819795,-1.0,22,-0.05651817964866923,0.02027048990149495,-1.0,True,0.0019657932447251364,0.03478160933251895
sub-008,remember,theta_abs,21,-0.007086679657338731,0.0253465952983008,-1.0,22,-0.0029891438300134214,0.0321264622211444,-1.0,True,0.00409753582732531,1.3708058428579906
sub-008,remember,theta_alpha_central_ratio,21,0.030654276161483203,0.0022639975020207,1.0,22,0.024055814630122893,0.0018794202919669499,1.0,True,0.00659846153136031,0.27429798711109377
sub-008,remember,theta_alpha_frontal_ratio,21,0.014169461922420286,0.012405460018272,1.0,22,0.010202402386540039,0.0102901272273364,1.0,True,0.003967059535880247,0.3888358237187314
sub-008,remember,theta_alpha_occipital_ratio,21,0.02080233372123688,-0.0030303759920971,1.0,22,0.019958592202797092,-0.00039517783826780004,1.0,True,0.0008437415184397862,0.04227460082688298
sub-008,remember,theta_alpha_parietal_ratio,21,0.022195453278720703,-0.0092970279075838,1.0,22,0.01811562122035374,-0.01519353624041025,1.0,True,0.0040798320583669626,0.22521071779658774
sub-008,remember,theta_alpha_ratio,21,0.01894053271191006,0.0139125410978419,1.0,22,0.013720792059534921,0.0072135815711985,1.0,True,0.0052197406523751405,0.3804256073356794
sub-008,remember,theta_alpha_temporal_ratio,21,0.003985283831898649,-0.0003032758469318,1.0,22,0.0003842089452644267,-0.004374930220801349,1.0,True,0.0036010748866342223,9.372699233110854
sub-008,remember,theta_beta_ratio,21,0.0038885287708230708,0.0058846005636505,1.0,22,0.004779497052755068,0.00875205737736785,1.0,True,0.0008909682819319975,0.18641465244097438
sub-008,remember,theta_central,21,-0.005007802318207587,0.0111190608577165,-1.0,22,-0.004115907282348823,0.011607086792101099,-1.0,True,0.0008918950358587632,0.21669463733638475
sub-008,remember,theta_frontoparietal_diff,21,0.007901131413839513,0.0020020843047849,1.0,22,0.007216404476452345,0.0012829558183184,1.0,True,0.0006847269373871688,0.0948847780943381
sub-008,remember,theta_frontoparietal_ratio,21,0.009258832634410956,0.0134327576557016,1.0,22,0.007059147266353017,0.01235521432324275,1.0,True,0.002199685368057939,0.3116078026226484
sub-008,remember,theta_occipital,21,-0.00014400690490767336,-0.0035843528295895,-1.0,22,0.001496081143524913,0.0100555128668375,1.0,False,0.0016400880484325865,1.0962560791110427
sub-008,remember,theta_parietal,21,-0.013893787247395867,0.0150845488263296,-1.0,22,-0.010798479725520525,0.0151709516428865,-1.0,True,0.003095307521875342,0.2866428979405374
sub-008,remember,theta_rel,21,-0.013664285719768613,-0.0029168151123687,-1.0,22,-0.014536550484554562,-0.00514433645290715,-1.0,True,0.0008722647647859492,0.06000493485113622
sub-008,remember,theta_temporal,21,-0.0007203378255864631,0.0042359915016836,-1.0,22,-0.0033958097139939105,0.00229113186847875,-1.0,True,0.0026754718884074474,0.7878745023262058
sub-008,correct,alpha_abs,16,-0.0077561113963679,-0.032418045873448445,-1.0,17,0.003977169084874701,-0.0314873277469293,1.0,False,0.0117332804812426,2.9501588267556023
sub-008,correct,alpha_beta_central_ratio,16,0.14295281439250748,0.0731813106905245,1.0,17,0.14402964758962156,0.0918357757863384,1.0,True,0.0010768331971140743,0.007476469012701163
sub-008,correct,alpha_beta_frontal_ratio,16,0.0059270170038741785,0.0829463215361516,1.0,17,0.011768877838233034,0.1052386511879747,1.0,True,0.005841860834358855,0.4963821457455069
sub-008,correct,alpha_beta_occipital_ratio,16,-0.03307122510616938,0.02818276416586385,-1.0,17,-0.03671384250847402,0.0245095354919788,-1.0,True,0.0036426174023046418,0.09921645770158433
sub-008,correct,alpha_beta_parietal_ratio,16,0.03193094165662565,0.0308184243304054,1.0,17,0.037132833069950806,0.0382750490663845,1.0,True,0.005201891413325159,0.14008872965673907
sub-008,correct,alpha_beta_ratio,16,0.0398583408183074,0.0206772974888908,1.0,17,0.046180390629905685,0.027962344081358,1.0,True,0.006322049811598285,0.1368990111466105
sub-008,correct,alpha_beta_temporal_ratio,16,0.05703745055602,0.0599705395902789,1.0,17,0.06494299068767259,0.0617200039401055,1.0,True,0.007905540131652594,0.12173046002258124
sub-008,correct,alpha_central,16,0.03325484438321498,-0.00014317429719555054,1.0,17,0.04246795987509471,0.0177681990916285,1.0,True,0.009213115491879732,0.21694273798357697
sub-008,correct,alpha_frontal,16,-0.021432451374510296,-0.0660759565515068,-1.0,17,-0.0117935947338535,-0.0626760015310623,-1.0,True,0.009638856640656796,0.8172959015615883
sub-008,correct,alpha_frontoparietal_diff,16,-0.033539030377192934,-0.044718786885953446,-1.0,17,-0.030850199169255386,-0.0426794577245955,-1.0,True,0.0026888312079375483,0.08715766122564217
sub-008,correct,alpha_frontoparietal_ratio,16,-0.09010049281866211,-0.1129758669700513,-1.0,17,-0.07059348720716957,-0.0935569508164402,-1.0,True,0.019507005611492545,0.2763286867277947
sub-008,correct,alpha_occipital,16,-0.03618219677089947,-0.030742512525181898,-1.0,17,-0.0353875819230478,-0.0226737443574212,-1.0,True,0.0007946148478516699,0.02245462404240003
sub-008,correct,alpha_rel,16,0.04906759807159744,0.042440655210347594,1.0,17,0.05097832355011286,0.0454504463368716,1.0,True,0.0019107254785154168,0.03748113600944782
sub-008,correct,alpha_temporal,16,0.02223295245338335,0.02549389704777165,1.0,17,0.027248635892917775,0.0259348503649758,1.0,True,0.005015683439534426,0.18407099200287155
sub-008,correct,beta_abs,16,-0.004864161262739121,0.01770494626091995,-1.0,17,0.0006445398145583712,0.022617076858297,1.0,False,0.005508701077297493,8.546719617424984
sub-008,correct,beta_central,16,-0.09403633113174546,-0.06024987057689475,-1.0,17,-0.08727746109283907,-0.0573648282093374,-1.0,True,0.006758870038906392,0.07744118532179602
sub-008,correct,beta_frontal,16,0.01419650106727494,0.00850545332844495,1.0,17,0.010174146145588859,-0.0024640408308667,1.0,True,0.0040223549216860804,0.39535061361685153
sub-008,correct,beta_frontoparietal_diff,16,-0.03871870035624308,-0.07839993716479321,-1.0,17,-0.03944986095015843,-0.0650358100322439,-1.0,True,0.000731160593915349,0.018533920685781597
sub-008,correct,beta_frontoparietal_ratio,16,-0.04427702301024643,-0.07884275343481535,-1.0,17,-0.04525945894883748,-0.0780281715566495,-1.0,True,0.0009824359385910558,0.021706753934058912
sub-008,correct,beta_occipital,16,0.05142071548295648,0.07165946385599155,1.0,17,0.05622197652916972,0.075512730773342,1.0,True,0.004801261046213243,0.08539829694038234
sub-008,correct,beta_parietal,16,0.04837289030144078,0.0330676030882919,1.0,17,0.04568359299605848,0.0300598021055862,1.0,True,0.002689297305382296,0.05886790265411753
sub-008,correct,beta_rel,16,0.008391520971116753,-0.00773843599364925,1.0,17,0.004003613901954628,-0.0116664289571332,1.0,True,0.004387907069162125,1.0959865702883784
sub-008,correct,beta_temporal,16,0.010213206175380029,0.01167345767023125,1.0,17,0.0020193839783318964,0.0030800889060386,1.0,True,0.008193822197048133,4.057585028389006
sub-008,correct,delta_abs,16,0.04045167682982714,0.0686744600348379,1.0,17,0.0500998314822681,0.0751932060962368,1.0,True,0.009648154652440954,0.1925785849370719
sub-008,correct,delta_central,16,0.0053012463874755646,0.0258696025617372,1.0,17,0.01594723148571994,0.053237904630791,1.0,True,0.010645985098244375,0.6675757549376139
sub-008,correct,delta_frontoparietal_diff,16,0.05401874661197993,0.0874525695713427,1.0,17,0.0627843531353025,0.0965889029100864,1.0,True,0.008765606523322575,0.13961450720743085
sub-008,correct,delta_frontoparietal_ratio,16,0.0009214344143116445,0.06785178037447856,1.0,17,0.007618362637043261,0.0767235494216667,1.0,True,0.0066969282227316166,0.8790508593235908
sub-008,correct,delta_occipital,16,0.02867474525325653,0.026466660816486347,1.0,17,0.03884197513017873,0.0337134178161626,1.0,True,0.010167229876922201,0.2617588277333161
sub-008,correct,delta_parietal,16,0.03466005012101487,0.06603914374845984,1.0,17,0.042145890738078534,0.0816931621013528,1.0,True,0.007485840617063665,0.1776173307994712
sub-008,correct,delta_rel,16,-0.08518101941123953,-0.0199241075707751,-1.0,17,-0.07439446030727782,-0.0181843987718074,-1.0,True,0.010786559103961701,0.144991428923727
sub-008,correct,delta_temporal,16,0.04807564163942496,0.05555577461190425,1.0,17,0.05208933196612908,0.0902600490670809,1.0,True,0.004013690326704122,0.07705397967695211
sub-008,correct,delta_theta_ratio,16,-0.05411573621783205,0.02377919417748675,-1.0,17,-0.055106454857458256,0.0119751868871558,-1.0,True,0.0009907186396262077,0.017978268465806073
sub-008,correct,gamma_abs,16,-0.054835523446234456,-0.047640854842901,-1.0,17,-0.05686524273293527,-0.0685925280951577,-1.0,True,0.002029719286700815,0.03569349551945621
sub-008,correct,gamma_central,16,-0.18794597904378701,-0.0526622826991817,-1.0,17,-0.18547637333133052,-0.0566883528600988,-1.0,True,0.0024696057124564963,0.013314934231784079
sub-008,correct,gamma_frontal,16,-0.009903189071970235,-0.06609408315094994,-1.0,17,-0.018570855272571345,-0.0854695744567192,-1.0,True,0.00866766620060111,0.4667348958021885
sub-008,correct,gamma_frontoparietal_ratio,16,0.010900216932258192,-0.11857816529243334,1.0,17,0.0009702615712471755,-0.1482127749572843,1.0,True,0.009929955361011017,10.234307588052816
sub-008,correct,gamma_occipital,16,-0.09417755326906706,-0.07343477167019966,-1.0,17,-0.08945879593248873,-0.0548388597736076,-1.0,True,0.004718757336578325,0.05274782973984356
sub-008,correct,gamma_parietal,16,-0.057024399243373644,-0.0810892941778906,-1.0,17,-0.05958862522387283,-0.1006162409118598,-1.0,True,0.002564225980499185,0.04303213861480205
sub-008,correct,gamma_rel,16,-0.09625021837459447,-0.06331576012581985,-1.0,17,-0.10166472404316662,-0.0680082285851119,-1.0,True,0.005414505668572156,0.053258450455963155
sub-008,correct,gamma_temporal,16,-0.028133898912154256,-0.06969518866795975,-1.0,17,-0.03680055328585214,-0.1385081681207297,-1.0,True,0.008666654373697884,0.23550337154930095
sub-008,correct,theta_abs,16,0.08535241812819314,0.059712800635390646,1.0,17,0.09306439261390705,0.1011817885579857,1.0,True,0.00771197448571391,0.08286708019154335
sub-008,correct,theta_alpha_central_ratio,16,0.0268457667280902,0.03004803630771425,1.0,17,0.019230682046213178,0.024672152042746,1.0,True,0.007615084681877021,0.3959861986994138
sub-008,correct,theta_alpha_frontal_ratio,16,0.06607052902355108,0.08618891553809374,1.0,17,0.05565969462472302,0.0808250903691507,1.0,True,0.010410834398828062,0.18704440383695098
sub-008,correct,theta_alpha_occipital_ratio,16,0.07344226677624927,0.023075126020425753,1.0,17,0.07878043065566702,0.0375691400620294,1.0,True,0.005338163879417754,0.06776002409468622
sub-008,correct,theta_alpha_parietal_ratio,16,0.06473013086812807,0.050567630543160144,1.0,17,0.057607059823141175,0.0484739848887195,1.0,True,0.007123071044986891,0.12364927262136544
sub-008,correct,theta_alpha_ratio,16,0.06540966873084894,0.06891508729876375,1.0,17,0.05985120385013264,0.0618279945127793,1.0,True,0.0055584648807163045,0.09287139644901204
sub-008,correct,theta_alpha_temporal_ratio,16,0.06368548570817478,-0.00996148331026445,1.0,17,0.058508311526769,-0.019445121900486,1.0,True,0.005177174181405786,0.08848613207778352
sub-008,correct,theta_beta_ratio,16,0.04973913851932175,0.0592155397932908,1.0,17,0.05244258158047268,0.0847662864916092,1.0,True,0.0027034430611509314,0.05155053354882085
sub-008,correct,theta_central,16,0.11767345307824924,0.10896457906730744,1.0,17,0.11307711641494934,0.1026073676032386,1.0,True,0.004596336663299894,0.040647805754376626
sub-008,correct,theta_frontoparietal_diff,16,-0.0075950754287365425,-0.0638534352621255,-1.0,17,0.006159832855024103,-0.0620817786206806,1.0,False,0.013754908283760647,2.2330002465151018
sub-008,correct,theta_frontoparietal_ratio,16,-0.04690110286535035,-0.021761850172533702,-1.0,17,-0.03877004880421776,-0.0184003772783559,-1.0,True,0.008131054061132584,0.2097251438137992
sub-008,correct,theta_occipital,16,0.07773187890698326,0.07763336182403165,1.0,17,0.07227551076487133,0.0680261649250033,1.0,True,0.0054563681421119226,0.07549401013384366
sub-008,correct,theta_parietal,16,0.09006618252521631,0.1228456127701279,1.0,17,0.08155791977439754,0.1098504300048916,1.0,True,0.00850826275081877,0.1043217234372089
sub-008,correct,theta_rel,16,0.1025278754843622,0.0452520519933618,1.0,17,0.08679106636054519,0.0267486725345396,1.0,True,0.015736809123817003,0.1813183059468766
sub-008,correct,theta_temporal,16,0.11090228373609877,0.0647454515396828,1.0,17,0.10826577717700087,0.0660816722314345,1.0,True,0.0026365065590979037,0.024352169520637613
sub-009,remember,alpha_abs,21,0.0008024911424557692,0.0266871919147056,1.0,22,-0.004225080718999699,0.02401404754028395,-1.0,False,0.005027571861455468,1.1899351032152023
sub-009,remember,alpha_beta_central_ratio,21,-0.002402622389281027,0.0001199766672669,-1.0,22,-0.006481369496393726,-0.0012023537617123499,-1.0,True,0.0040787471071126995,0.6293032837245491
sub-009,remember,alpha_beta_frontal_ratio,21,0.011408831884003896,0.0013925920281986,1.0,22,0.006868067233128458,-0.00017555386438575,1.0,True,0.004540764650875438,0.6611415550757624
sub-009,remember,alpha_beta_occipital_ratio,21,-0.004506216586345311,0.0122057214637856,-1.0,22,-0.010147514905164053,0.0075259452461013,-1.0,True,0.005641298318818742,0.5559290497763048
sub-009,remember,alpha_beta_parietal_ratio,21,-0.003634493637325114,-0.0041983625131893,-1.0,22,-0.00889987824774338,-0.007146879630928599,-1.0,True,0.005265384610418266,0.5916243417996575
sub-009,remember,alpha_beta_ratio,21,0.00021575242570925118,0.0047890880054006,1.0,22,-0.004946131824715725,1.643148696604986e-05,-1.0,False,0.005161884250424976,1.0436204357981607
sub-009,remember,alpha_beta_temporal_ratio,21,0.057461594532615776,0.0413157779111308,1.0,22,0.05233680591085687,0.0315087420271479,1.0,True,0.005124788621758906,0.09791939979080398
sub-009,remember,alpha_central,21,-0.011207867929480557,-0.0031216906004904,-1.0,22,-0.01501586222283353,-0.01501119428169965,-1.0,True,0.003807994293352974,0.2535981109071735
sub-009,remember,alpha_frontal,21,0.0011245498561660804,0.0412922987827182,1.0,22,-0.0030707927750683456,0.031058370447483198,-1.0,False,0.004195342631234426,1.3662083177009727
sub-009,remember,alpha_frontoparietal_diff,21,0.00458760619326233,0.0002157420354919,1.0,22,0.00974893749781017,0.0002832907681079,1.0,True,0.005161331304547841,0.5294250071566456
sub-009,remember,alpha_frontoparietal_ratio,21,0.006178183631822558,-0.0129876534312753,1.0,22,0.01227663886432328,-0.010858941748103399,1.0,True,0.006098455232500723,0.4967528408955023
sub-009,remember,alpha_occipital,21,-0.009580684280255856,0.0139094496498538,-1.0,22,-0.013808574837919587,0.006018385239761,-1.0,True,0.004227890557663731,0.3061786322838736
sub-009,remember,alpha_rel,21,0.005590385332816634,0.0053042106048458,1.0,22,-0.003156714484513651,0.00273943482436755,-1.0,False,0.008747099817330285,2.770950575429673
sub-009,remember,alpha_temporal,21,0.021436486069437363,0.0311805965478287,1.0,22,0.01629686962287168,0.025018799178911,1.0,True,0.005139616446565683,0.31537445935951647
sub-009,remember,beta_abs,21,0.009779638980408152,0.0015822985112636,1.0,22,0.011882839884920149,0.0064287775629291,1.0,True,0.002103200904511996,0.17699480300000098
sub-009,remember,beta_central,21,-0.010557768912282757,0.013280913261545,-1.0,22,-0.009108361260200665,0.017305056347534098,-1.0,True,0.0014494076520820912,0.15912935496040695
sub-009,remember,beta_frontal,21,0.003745994808475283,0.026233714488158,1.0,22,0.006292755656684213,0.02676135788213745,1.0,True,0.0025467608482089297,0.40471313159978506
sub-009,remember,beta_frontoparietal_diff,21,0.01331276831880515,0.0088350688532738,1.0,22,0.015061675649799796,0.0103621489766398,1.0,True,0.0017489073309946458,0.11611638516580941
sub-009,remember,beta_frontoparietal_ratio,21,0.008625923332641419,0.0197555952987486,1.0,22,0.009995618660365795,0.0250422045529727,1.0,True,0.001369695327724376,0.13702957008108305
sub-009,remember,beta_occipital,21,-0.01329519152425179,0.0042915554102766,-1.0,22,-0.011332306790655403,0.01008362228756505,-1.0,True,0.0019628847335963866,0.17321140080808414
sub-009,remember,beta_parietal,21,-0.006630953905725672,0.0014058908518956,-1.0,22,-0.005930338816362909,0.005094234456075399,-1.0,True,0.0007006150893627628,0.11814081978413025
sub-009,remember,beta_rel,21,0.007164326673886534,0.0156151544303551,1.0,22,0.01053903365996976,0.0168174660327096,1.0,True,0.003374706986083227,0.3202102863473452
sub-009,remember,beta_temporal,21,-0.06445245462556996,0.0126926902113925,-1.0,22,-0.06158071509031959,0.012371174100029601,-1.0,True,0.00287173953525037,0.046633747773770225
sub-009,remember,delta_abs,21,0.002858605623469356,-0.0065310986896701,1.0,22,0.007228722856415695,-0.0031531389258265497,1.0,True,0.004370117232946339,0.6045490081374107
sub-009,remember,delta_central,21,-0.00594424739332797,-0.0094764678096541,-1.0,22,-0.002242849784410514,-0.0058486340347987,-1.0,True,0.003701397608917456,1.6503100807931685
sub-009,remember,delta_frontoparietal_diff,21,-0.01219321481307313,-0.0056186456872859,-1.0,22,-0.008891798665416483,-0.0035818687385868,-1.0,True,0.003301416147656647,0.3712877756102468
sub-009,remember,delta_frontoparietal_ratio,21,-0.011337409252587324,-0.0038635962026276,-1.0,22,-0.008555437293700145,0.00552592003253765,-1.0,True,0.002781971958887179,0.3251700484013486
sub-009,remember,delta_occipital,21,0.007222076271594672,0.0070640186658745,1.0,22,0.009659547749774438,0.0202226940751393,1.0,True,0.002437471478179766,0.2523380536357599
sub-009,remember,delta_parietal,21,0.0029795589712943485,-0.0136349380070306,1.0,22,0.007668092957052327,-0.0127862519011169,1.0,True,0.004688533985757979,0.6114341612729075
sub-009,remember,delta_rel,21,0.0067585031015349566,0.0012608412923472,1.0,22,0.012862226458615516,0.0100134032748007,1.0,True,0.00610372335708056,0.4745464073983939
sub-009,remember,delta_temporal,21,-0.006064919102910101,0.0104766210105404,-1.0,22,-0.004455897646301734,0.010532915525169599,-1.0,True,0.001609021456608367,0.36109928556007304
sub-009,remember,delta_theta_ratio,21,-0.002986954131274605,-0.0103725893448459,-1.0,22,-0.00018999032316373288,-0.0103091462388365,-1.0,True,0.002796963808110872,14.721611930205835
sub-009,remember,gamma_abs,21,0.02370163665413074,0.0098017117493061,1.0,22,0.025495370910866674,0.027636058275061652,1.0,True,0.0017937342567359328,0.07035529167263084
sub-009,remember,gamma_central,21,0.012484655537449865,0.0346513308777112,1.0,22,0.014558284246406573,0.0427861302894467,1.0,True,0.0020736287089567085,0.14243633891600538
sub-009,remember,gamma_frontal,21,0.018054140630403618,0.0058597867844745,1.0,22,0.020143744628534934,0.0143858938803237,1.0,True,0.002089603998131316,0.10373463507729616
sub-009,remember,gamma_frontoparietal_ratio,21,0.028075021444568176,-0.0471491685534784,1.0,22,0.026023240242854986,-0.03536198003882305,1.0,True,0.0020517812017131903,0.07884418629523021
sub-009,remember,gamma_occipital,21,0.026572559736258373,0.0160456150036585,1.0,22,0.023031090473266857,0.0133513575859867,1.0,True,0.003541469262991516,0.15376906565072315
sub-009,remember,gamma_parietal,21,0.019117593755925453,0.0252819675475891,1.0,22,0.018942058685776395,0.02026889488011765,1.0,True,0.00017553507014905767,0.00926694785719712
sub-009,remember,gamma_rel,21,0.024877291655062743,0.0107890980495597,1.0,22,0.02631386588803555,0.0210692636781099,1.0,True,0.0014365742329728072,0.054593811456111134
sub-009,remember,gamma_temporal,21,-0.06059654511636721,0.0128595278210104,-1.0,22,-0.05651817964866923,0.02027048990149495,-1.0,True,0.004078365467697978,0.07216024105960403
sub-009,remember,theta_abs,21,-0.0034199503420364965,0.038906329143988,-1.0,22,-0.0029891438300134214,0.0321264622211444,-1.0,True,0.00043080651202307514,0.14412371452234227
sub-009,remember,theta_alpha_central_ratio,21,0.022259164096652958,0.0014948430819132,1.0,22,0.024055814630122893,0.0018794202919669499,1.0,True,0.0017966505334699352,0.07468674668037034
sub-009,remember,theta_alpha_frontal_ratio,21,0.007310910547094762,0.0081747944364008,1.0,22,0.010202402386540039,0.0102901272273364,1.0,True,0.0028914918394452767,0.28341284041688086
sub-009,remember,theta_alpha_occipital_ratio,21,0.015641989148570325,-0.0030303759920971,1.0,22,0.019958592202797092,-0.00039517783826780004,1.0,True,0.004316603054226768,0.2162779323494479
sub-009,remember,theta_alpha_parietal_ratio,21,0.012915818630500358,-0.0210900445732367,1.0,22,0.01811562122035374,-0.01519353624041025,1.0,True,0.005199802589853383,0.2870341859439611
sub-009,remember,theta_alpha_ratio,21,0.009661241968828498,0.0005146220445551,1.0,22,0.013720792059534921,0.0072135815711985,1.0,True,0.004059550090706424,0.2958684945513288
sub-009,remember,theta_alpha_temporal_ratio,21,0.0004169463163213922,-0.0084465845946709,1.0,22,0.0003842089452644267,-0.004374930220801349,1.0,True,3.2737371056965503e-05,0.08520720680887438
sub-009,remember,theta_beta_ratio,21,0.004453781950929821,0.0058846005636505,1.0,22,0.004779497052755068,0.00875205737736785,1.0,True,0.0003257151018252469,0.06814840520457971
sub-009,remember,theta_central,21,-0.004887860616102842,0.0111190608577165,-1.0,22,-0.004115907282348823,0.011607086792101099,-1.0,True,0.0007719533337540189,0.18755362567678846
sub-009,remember,theta_frontoparietal_diff,21,0.007323742452210859,0.0005638273318519,1.0,22,0.007216404476452345,0.0012829558183184,1.0,True,0.00010733797575851467,0.014874162903252768
sub-009,remember,theta_frontoparietal_ratio,21,0.005675530521080541,0.0112776709907839,1.0,22,0.007059147266353017,0.01235521432324275,1.0,True,0.0013836167452724755,0.19600338299604514
sub-009,remember,theta_occipital,21,-0.00019893384585168797,-0.0035843528295895,-1.0,22,0.001496081143524913,0.0100555128668375,1.0,False,0.0016950149893766012,1.1329699573533696
sub-009,remember,theta_parietal,21,-0.011360443133814723,0.0152573544594434,-1.0,22,-0.010798479725520525,0.0151709516428865,-1.0,True,0.0005619634082941975,0.05204097452404197
sub-009,remember,theta_rel,21,-0.01608649317378789,-0.0073718577934456,-1.0,22,-0.014536550484554562,-0.00514433645290715,-1.0,True,0.0015499426892333287,0.10662383010881299
sub-009,remember,theta_temporal,21,-0.001620941003052288,0.0042359915016836,-1.0,22,-0.0033958097139939105,0.00229113186847875,-1.0,True,0.0017748687109416226,0.5226643600280382
sub-009,correct,alpha_abs,16,0.00687143668893523,-0.0200319551720718,1.0,17,0.003977169084874701,-0.0314873277469293,1.0,True,0.002894267604060529,0.7277205324429177
sub-009,correct,alpha_beta_central_ratio,16,0.15243633000827397,0.1265473772648927,1.0,17,0.14402964758962156,0.0918357757863384,1.0,True,0.008406682418652417,0.05836772191934588
sub-009,correct,alpha_beta_frontal_ratio,16,0.011676489602393175,0.1289421023243036,1.0,17,0.011768877838233034,0.1052386511879747,1.0,True,9.23882358398586e-05,0.007850216232147557
sub-009,correct,alpha_beta_occipital_ratio,16,-0.04670900173568787,-0.0017944057997032001,-1.0,17,-0.03671384250847402,0.0245095354919788,-1.0,True,0.009995159227213848,0.2722449774879009
sub-009,correct,alpha_beta_parietal_ratio,16,0.035205314847493306,0.0308184243304054,1.0,17,0.037132833069950806,0.0382750490663845,1.0,True,0.0019275182224575,0.0519087304441986
sub-009,correct,alpha_beta_ratio,16,0.04822964936324832,0.059700692172852,1.0,17,0.046180390629905685,0.027962344081358,1.0,True,0.002049258733342635,0.044375084432819144
sub-009,correct,alpha_beta_temporal_ratio,16,0.07986127556519704,0.08911658952978654,1.0,17,0.06494299068767259,0.0617200039401055,1.0,True,0.014918284877524446,0.22971354906136496
sub-009,correct,alpha_central,16,0.043524220218019966,-0.00014317429719555054,1.0,17,0.04246795987509471,0.0177681990916285,1.0,True,0.001056260342925254,0.02487193512548967
sub-009,correct,alpha_frontal,16,-0.00891805596507652,-0.0660759565515068,-1.0,17,-0.0117935947338535,-0.0626760015310623,-1.0,True,0.00287553876877698,0.24382207746402793
sub-009,correct,alpha_frontoparietal_diff,16,-0.030110870509546632,-0.01729350794478305,-1.0,17,-0.030850199169255386,-0.0426794577245955,-1.0,True,0.0007393286597087538,0.023965117879872624
sub-009,correct,alpha_frontoparietal_ratio,16,-0.08294808998314375,-0.1129758669700513,-1.0,17,-0.07059348720716957,-0.0935569508164402,-1.0,True,0.01235460277597418,0.17501051817595192
sub-009,correct,alpha_occipital,16,-0.03833446526778676,-0.041301851231255,-1.0,17,-0.0353875819230478,-0.0226737443574212,-1.0,True,0.002946883344738964,0.08327450434864751
sub-009,correct,alpha_rel,16,0.05132381587594044,0.06049039764509165,1.0,17,0.05097832355011286,0.0454504463368716,1.0,True,0.000345492325827583,0.006777239849559904
sub-009,correct,alpha_temporal,16,0.04753153146491941,0.0418993056300107,1.0,17,0.027248635892917775,0.0259348503649758,1.0,True,0.020282895572001636,0.7443637050937066
sub-009,correct,beta_abs,16,-0.0007287437506752828,0.02377905581214665,-1.0,17,0.0006445398145583712,0.022617076858297,1.0,False,0.001373283565233654,2.1306419467269166
sub-009,correct,beta_central,16,-0.09721086282109241,-0.06024987057689475,-1.0,17,-0.08727746109283907,-0.0573648282093374,-1.0,True,0.009933401728253341,0.1138140546697039
sub-009,correct,beta_frontal,16,0.009592846061703374,-0.017724737272939103,1.0,17,0.010174146145588859,-0.0024640408308667,1.0,True,0.0005813000838854852,0.0571350239683274
sub-009,correct,beta_frontoparietal_diff,16,-0.04232991368297733,-0.07839993716479321,-1.0,17,-0.03944986095015843,-0.0650358100322439,-1.0,True,0.0028800527328189038,0.07300539630437754
sub-009,correct,beta_frontoparietal_ratio,16,-0.04726540543033482,-0.07884275343481535,-1.0,17,-0.04525945894883748,-0.0780281715566495,-1.0,True,0.0020059464814973366,0.04432104422116298
sub-009,correct,beta_occipital,16,0.06577271457363353,0.1042774420209617,1.0,17,0.05622197652916972,0.075512730773342,1.0,True,0.009550738044463804,0.16987552971405376
sub-009,correct,beta_parietal,16,0.04758536187145787,0.0330676030882919,1.0,17,0.04568359299605848,0.0300598021055862,1.0,True,0.00190176887539939,0.04162914409038431
sub-009,correct,beta_rel,16,0.004491992460212129,-0.0380592083096837,1.0,17,0.004003613901954628,-0.0116664289571332,1.0,True,0.0004883785582575012,0.12198442962221384
sub-009,correct,beta_temporal,16,0.010871243486034078,0.01167345767023125,1.0,17,0.0020193839783318964,0.0030800889060386,1.0,True,0.008851859507702182,4.383445448058978
sub-009,correct,delta_abs,16,0.04853149556889506,0.07228573875709265,1.0,17,0.0500998314822681,0.0751932060962368,1.0,True,0.001568335913373041,0.031304215343082024
sub-009,correct,delta_central,16,0.011325877231760716,0.0258696025617372,1.0,17,0.01594723148571994,0.053237904630791,1.0,True,0.004621354253959223,0.28979037885650855
sub-009,correct,delta_frontoparietal_diff,16,0.06364436366085371,0.1033047987150405,1.0,17,0.0627843531353025,0.0965889029100864,1.0,True,0.000860010525551208,0.013697847992442558
sub-009,correct,delta_frontoparietal_ratio,16,0.0015069561241346265,0.06785178037447856,1.0,17,0.007618362637043261,0.0767235494216667,1.0,True,0.006111406512908635,0.8021942251990926
sub-009,correct,delta_occipital,16,0.03916250996230474,0.05854036555099745,1.0,17,0.03884197513017873,0.0337134178161626,1.0,True,0.00032053483212601125,0.00825227942327186
sub-009,correct,delta_parietal,16,0.0396741862778739,0.07107637924654825,1.0,17,0.042145890738078534,0.0816931621013528,1.0,True,0.0024717044602046365,0.05864639273056027
sub-009,correct,delta_rel,16,-0.08105190654401001,-0.0199241075707751,-1.0,17,-0.07439446030727782,-0.0181843987718074,-1.0,True,0.006657446236732187,0.0894884674105352
sub-009,correct,delta_temporal,16,0.05767405510773931,0.103284213130238,1.0,17,0.05208933196612908,0.0902600490670809,1.0,True,0.00558472314161023,0.10721433604181521
sub-009,correct,delta_theta_ratio,16,-0.059299057466496635,-0.00574928338335675,-1.0,17,-0.055106454857458256,0.0119751868871558,-1.0,True,0.004192602609038379,0.07608187860901636
sub-009,correct,gamma_abs,16,-0.05875124655432846,-0.07896663970765305,-1.0,17,-0.05686524273293527,-0.0685925280951577,-1.0,True,0.0018860038213931868,0.03316619662120688
sub-009,correct,gamma_central,16,-0.19785210623857774,-0.10132551739606299,-1.0,17,-0.18547637333133052,-0.0566883528600988,-1.0,True,0.012375732907247222,0.06672403975216569
sub-009,correct,gamma_frontal,16,-0.016811621736783258,-0.1213615444694541,-1.0,17,-0.018570855272571345,-0.0854695744567192,-1.0,True,0.0017592335357880864,0.09473088395591706
sub-009,correct,gamma_frontoparietal_ratio,16,0.01853678390381984,-0.11857816529243334,1.0,17,0.0009702615712471755,-0.1482127749572843,1.0,True,0.017566522332572665,18.10493464148295
sub-009,correct,gamma_occipital,16,-0.08929805295534478,-0.0343987691604214,-1.0,17,-0.08945879593248873,-0.0548388597736076,-1.0,True,0.00016074297714395447,0.0017968381473104254
sub-009,correct,gamma_parietal,16,-0.0720871289544051,-0.10581903540691145,-1.0,17,-0.05958862522387283,-0.1006162409118598,-1.0,True,0.012498503730532268,0.20974646895402826
sub-009,correct,gamma_rel,16,-0.09987074558059286,-0.06331576012581985,-1.0,17,-0.10166472404316662,-0.0680082285851119,-1.0,True,0.0017939784625737587,0.017646026972069875
sub-009,correct,gamma_temporal,16,-0.02990760873864882,-0.06969518866795975,-1.0,17,-0.03680055328585214,-0.1385081681207297,-1.0,True,0.006892944547203319,0.18730545961256756
sub-009,correct,theta_abs,16,0.10614237640153273,0.1246222182217799,1.0,17,0.09306439261390705,0.1011817885579857,1.0,True,0.013077983787625688,0.14052618214446266
sub-009,correct,theta_alpha_central_ratio,16,0.01709240140643608,0.02108183965050095,1.0,17,0.019230682046213178,0.024672152042746,1.0,True,0.0021382806397770987,0.11119109736402509
sub-009,correct,theta_alpha_frontal_ratio,16,0.06897185815866655,0.08618891553809374,1.0,17,0.05565969462472302,0.0808250903691507,1.0,True,0.01331216353394353,0.23917061751234456
sub-009,correct,theta_alpha_occipital_ratio,16,0.08980051699162528,0.050266443260382,1.0,17,0.07878043065566702,0.0375691400620294,1.0,True,0.01102008633595826,0.1398835503213327
sub-009,correct,theta_alpha_parietal_ratio,16,0.06543866283173431,0.050567630543160144,1.0,17,0.057607059823141175,0.0484739848887195,1.0,True,0.00783160300859314,0.1359486672751024
sub-009,correct,theta_alpha_ratio,16,0.06988880745494849,0.06891508729876375,1.0,17,0.05985120385013264,0.0618279945127793,1.0,True,0.010037603604815856,0.16770930172014598
sub-009,correct,theta_alpha_temporal_ratio,16,0.0669349972600649,-0.00996148331026445,1.0,17,0.058508311526769,-0.019445121900486,1.0,True,0.0084266857332959,0.1440254472125808
sub-009,correct,theta_beta_ratio,16,0.06054324421007165,0.0902319785252483,1.0,17,0.05244258158047268,0.0847662864916092,1.0,True,0.008100662629598972,0.1544672742162507
sub-009,correct,theta_central,16,0.11373147571568126,0.07742876016676355,1.0,17,0.11307711641494934,0.1026073676032386,1.0,True,0.0006543593007319187,0.005786841064558746
sub-009,correct,theta_frontoparietal_diff,16,0.001936361397625836,-0.0638534352621255,1.0,17,0.006159832855024103,-0.0620817786206806,1.0,True,0.004223471457398267,0.6856470876402929
sub-009,correct,theta_frontoparietal_ratio,16,-0.045707681592169314,-0.021761850172533702,-1.0,17,-0.03877004880421776,-0.0184003772783559,-1.0,True,0.00693763278795155,0.1789431017480899
sub-009,correct,theta_occipital,16,0.08749044308535087,0.07763336182403165,1.0,17,0.07227551076487133,0.0680261649250033,1.0,True,0.015214932320479532,0.2105129684932586
sub-009,correct,theta_parietal,16,0.09362453796326611,0.1228456127701279,1.0,17,0.08155791977439754,0.1098504300048916,1.0,True,0.012066618188868575,0.147951519879943
sub-009,correct,theta_rel,16,0.09834199717310241,0.0452520519933618,1.0,17,0.08679106636054519,0.0267486725345396,1.0,True,0.011550930812557217,0.13308893757074766
sub-009,correct,theta_temporal,16,0.12545790329374815,0.07647775184921965,1.0,17,0.10826577717700087,0.0660816722314345,1.0,True,0.01719212611674728,0.15879557294121047
sub-010,remember,alpha_abs,21,-0.0018900306272668637,0.0266871919147056,-1.0,22,-0.004225080718999699,0.02401404754028395,-1.0,True,0.0023350500917328357,0.5526640192298304
sub-010,remember,alpha_beta_central_ratio,21,-0.005260374239678496,0.0001199766672669,-1.0,22,-0.006481369496393726,-0.0012023537617123499,-1.0,True,0.0012209952567152306,0.1883853801877211
sub-010,remember,alpha_beta_frontal_ratio,21,0.005872551474245114,-0.0017436997569701,1.0,22,0.006868067233128458,-0.00017555386438575,1.0,True,0.000995515758883344,0.144948458582558
sub-010,remember,alpha_beta_occipital_ratio,21,-0.012693108227269016,0.002846169028417,-1.0,22,-0.010147514905164053,0.0075259452461013,-1.0,True,0.002545593322104963,0.2508587911321534
sub-010,remember,alpha_beta_parietal_ratio,21,-0.007908712014269847,-0.0041983625131893,-1.0,22,-0.00889987824774338,-0.007146879630928599,-1.0,True,0.000991166233473532,0.11136851604962669
sub-010,remember,alpha_beta_ratio,21,-0.005409713721387927,-0.0047562250314685,-1.0,22,-0.004946131824715725,1.643148696604986e-05,-1.0,True,0.000463581896672202,0.0937261506771195
sub-010,remember,alpha_beta_temporal_ratio,21,0.05708235970917798,0.0413157779111308,1.0,22,0.05233680591085687,0.0315087420271479,1.0,True,0.00474555379832111,0.09067335531335284
sub-010,remember,alpha_central,21,-0.01133749017541111,-0.0031216906004904,-1.0,22,-0.01501586222283353,-0.01501119428169965,-1.0,True,0.003678372047422421,0.24496575640052076
sub-010,remember,alpha_frontal,21,-0.0010033989397440434,0.0412922987827182,-1.0,22,-0.0030707927750683456,0.031058370447483198,-1.0,True,0.002067393835324302,0.6732443335510613
sub-010,remember,alpha_frontoparietal_diff,21,0.01003645173391152,0.0002157420354919,1.0,22,0.00974893749781017,0.0002832907681079,1.0,True,0.0002875142361013494,0.02949185346258826
sub-010,remember,alpha_frontoparietal_ratio,21,0.016652349210037762,-0.0087302300649315,1.0,22,0.01227663886432328,-0.010858941748103399,1.0,True,0.004375710345714481,0.3564257606722132
sub-010,remember,alpha_occipital,21,-0.01531857701884655,-0.0018726791703318,-1.0,22,-0.013808574837919587,0.006018385239761,-1.0,True,0.0015100021809269625,0.10935250006976541
sub-010,remember,alpha_rel,21,-0.0007017963173552798,0.0053042106048458,-1.0,22,-0.003156714484513651,0.00273943482436755,-1.0,True,0.0024549181671583713,0.7776814086930627
sub-010,remember,alpha_temporal,21,0.018083009199544305,0.0311805965478287,1.0,22,0.01629686962287168,0.025018799178911,1.0,True,0.0017861395766726254,0.10960016359006061
sub-010,remember,beta_abs,21,0.014144836255483573,0.0112752566145946,1.0,22,0.011882839884920149,0.0064287775629291,1.0,True,0.002261996370563424,0.19035823022693404
sub-010,remember,beta_central,21,-0.006846551616669522,0.0213291994335232,-1.0,22,-0.009108361260200665,0.017305056347534098,-1.0,True,0.0022618096435311433,0.2483223467885719
sub-010,remember,beta_frontal,21,0.00786073619470628,0.0272890012761169,1.0,22,0.006292755656684213,0.02676135788213745,1.0,True,0.001567980538022068,0.24917232188358485
sub-010,remember,beta_frontoparietal_diff,21,0.01521274453312332,0.0088350688532738,1.0,22,0.015061675649799796,0.0103621489766398,1.0,True,0.00015106888332352443,0.010030018361571375
sub-010,remember,beta_frontoparietal_ratio,21,0.013767457562398801,0.0303288138071968,1.0,22,0.009995618660365795,0.0250422045529727,1.0,True,0.003771838902033007,0.377349219712527
sub-010,remember,beta_occipital,21,-0.01157408496688401,0.0158756891648535,-1.0,22,-0.011332306790655403,0.01008362228756505,-1.0,True,0.00024177817622860788,0.021335300984613094
sub-010,remember,beta_parietal,21,-0.004042031422802342,0.0087825780602552,-1.0,22,-0.005930338816362909,0.005094234456075399,-1.0,True,0.0018883073935605666,0.31841475707094086
sub-010,remember,beta_rel,21,0.014150952355760167,0.0180197776350641,1.0,22,0.01053903365996976,0.0168174660327096,1.0,True,0.0036119186957904066,0.34271820475434084
sub-010,remember,beta_temporal,21,-0.0650869233321761,0.0126926902113925,-1.0,22,-0.06158071509031959,0.012371174100029601,-1.0,True,0.003506208241856504,0.05693678997903802
sub-010,remember,delta_abs,21,0.008383586123164316,0.000224820838017,1.0,22,0.007228722856415695,-0.0031531389258265497,1.0,True,0.0011548632667486205,0.1597603462862941
sub-010,remember,delta_central,21,-0.0018790745071212557,-0.0022208002599433,-1.0,22,-0.002242849784410514,-0.0058486340347987,-1.0,True,0.00036377527728925817,0.16219333092112045
sub-010,remember,delta_frontoparietal_diff,21,-0.00805200328932193,-0.0015450917898877,-1.0,22,-0.008891798665416483,-0.0035818687385868,-1.0,True,0.0008397953760945539,0.09444606290522871
sub-010,remember,delta_frontoparietal_ratio,21,-0.00384925973454001,0.0149154362677029,-1.0,22,-0.008555437293700145,0.00552592003253765,-1.0,True,0.0047061775591601355,0.55008030537791
sub-010,remember,delta_occipital,21,0.010911444709947668,0.0333813694844041,1.0,22,0.009659547749774438,0.0202226940751393,1.0,True,0.0012518969601732297,0.1296020261613659
sub-010,remember,delta_parietal,21,0.00832724060099135,-0.0136349380070306,1.0,22,0.007668092957052327,-0.0127862519011169,1.0,True,0.0006591476439390233,0.08595978786783053
sub-010,remember,delta_rel,21,0.013414673371294957,0.0187659652572542,1.0,22,0.012862226458615516,0.0100134032748007,1.0,True,0.0005524469126794405,0.04295111071609181
sub-010,remember,delta_temporal,21,-0.004454731832156843,0.0105892100397988,-1.0,22,-0.004455897646301734,0.010532915525169599,-1.0,True,1.1658141448904133e-06,0.00026163395962607115
sub-010,remember,delta_theta_ratio,21,0.0011169933336901952,-0.0102457031328271,1.0,22,-0.00018999032316373288,-0.0103091462388365,-1.0,False,0.001306983656853928,6.879211715049165
sub-010,remember,gamma_abs,21,0.02643434323258746,0.0454704048008172,1.0,22,0.025495370910866674,0.027636058275061652,1.0,True,0.0009389723217207852,0.03682912968803192
sub-010,remember,gamma_central,21,0.01670692423722452,0.0509209297011822,1.0,22,0.014558284246406573,0.0427861302894467,1.0,True,0.002148639990817946,0.14758881983969335
sub-010,remember,gamma_frontal,21,0.021976078228488044,0.0229120009761729,1.0,22,0.020143744628534934,0.0143858938803237,1.0,True,0.00183233359995311,0.09096290852285177
sub-010,remember,gamma_frontoparietal_ratio,21,0.030267278739042953,-0.0235747915241677,1.0,22,0.026023240242854986,-0.03536198003882305,1.0,True,0.004244038496187968,0.163086474112432
sub-010,remember,gamma_occipital,21,0.02855591073299252,0.0160456150036585,1.0,22,0.023031090473266857,0.0133513575859867,1.0,True,0.005524820259725664,0.23988530921445309
sub-010,remember,gamma_parietal,21,0.020976175896816447,0.0252819675475891,1.0,22,0.018942058685776395,0.02026889488011765,1.0,True,0.002034117211040052,0.10738627964274401
sub-010,remember,gamma_rel,21,0.03138392712360146,0.0313494293066601,1.0,22,0.02631386588803555,0.0210692636781099,1.0,True,0.005070061235565911,0.19267641087549886
sub-010,remember,gamma_temporal,21,-0.06252997238876576,0.0128595278210104,-1.0,22,-0.05651817964866923,0.02027048990149495,-1.0,True,0.006011792740096528,0.10636918558713843
sub-010,remember,theta_abs,21,-0.0018665058254385496,0.038906329143988,-1.0,22,-0.0029891438300134214,0.0321264622211444,-1.0,True,0.0011226380045748718,0.37557175847568064
sub-010,remember,theta_alpha_central_ratio,21,0.02465805271621173,0.0014948430819132,1.0,22,0.024055814630122893,0.0018794202919669499,1.0,True,0.0006022380860888354,0.025035031876854748
sub-010,remember,theta_alpha_frontal_ratio,21,0.010357263831196213,0.012405460018272,1.0,22,0.010202402386540039,0.0102901272273364,1.0,True,0.00015486144465617392,0.015178919512180934
sub-010,remember,theta_alpha_occipital_ratio,21,0.02175514158700937,0.0022400203155615,1.0,22,0.019958592202797092,-0.00039517783826780004,1.0,True,0.001796549384212278,0.09001383293760074
sub-010,remember,theta_alpha_parietal_ratio,21,0.01888487249900865,-0.0210900445732367,1.0,22,0.01811562122035374,-0.01519353624041025,1.0,True,0.0007692512786549102,0.042463422551064424
sub-010,remember,theta_alpha_ratio,21,0.014471108006483555,0.0139125410978419,1.0,22,0.013720792059534921,0.0072135815711985,1.0,True,0.0007503159469486338,0.054684594278011846
sub-010,remember,theta_alpha_temporal_ratio,21,0.0016480333012105206,-0.0003032758469318,1.0,22,0.0003842089452644267,-0.004374930220801349,1.0,True,0.001263824355946094,3.289419394117135
sub-010,remember,theta_beta_ratio,21,0.004767006380384004,0.0116195141910852,1.0,22,0.004779497052755068,0.00875205737736785,1.0,True,1.2490672371064625e-05,0.0026133863528306953
sub-010,remember,theta_central,21,-0.00310479535283737,0.0120951127264857,-1.0,22,-0.004115907282348823,0.011607086792101099,-1.0,True,0.0010111119295114534,0.24565954968121692
sub-010,remember,theta_frontoparietal_diff,21,0.011852448319632135,0.0020020843047849,1.0,22,0.007216404476452345,0.0012829558183184,1.0,True,0.00463604384317979,0.6424312631460085
sub-010,remember,theta_frontoparietal_ratio,21,0.008943654880715374,0.0134327576557016,1.0,22,0.007059147266353017,0.01235521432324275,1.0,True,0.0018845076143623575,0.2669596685345757
sub-010,remember,theta_occipital,21,0.002721162476561027,0.0236953785632645,1.0,22,0.001496081143524913,0.0100555128668375,1.0,True,0.0012250813330361137,0.8188602191387176
sub-010,remember,theta_parietal,21,-0.014564244882684506,0.0150845488263296,-1.0,22,-0.010798479725520525,0.0151709516428865,-1.0,True,0.0037657651571639805,0.3487310485256717
sub-010,remember,theta_rel,21,-0.020400350769002772,-0.0073718577934456,-1.0,22,-0.014536550484554562,-0.00514433645290715,-1.0,True,0.00586380028444821,0.40338320227199986
sub-010,remember,theta_temporal,21,-0.004144961940180083,0.0003462722352739,-1.0,22,-0.0033958097139939105,0.00229113186847875,-1.0,True,0.0007491522261861725,0.22061077895471146
sub-010,correct,alpha_abs,16,0.0219971612103095,-0.0200319551720718,1.0,17,0.003977169084874701,-0.0314873277469293,1.0,True,0.0180199921254348,4.530858945365284
sub-010,correct,alpha_beta_central_ratio,16,0.12161701989807096,0.0731813106905245,1.0,17,0.14402964758962156,0.0918357757863384,1.0,True,0.0224126276915506,0.15561120968239875
sub-010,correct,alpha_beta_frontal_ratio,16,0.0009767557929318185,0.0592428703998227,1.0,17,0.011768877838233034,0.1052386511879747,1.0,True,0.010792122045301215,0.9170051889094579
sub-010,correct,alpha_beta_occipital_ratio,16,-0.05027554209624917,-0.0017944057997032001,-1.0,17,-0.03671384250847402,0.0245095354919788,-1.0,True,0.013561699587775145,0.3693892728511033
sub-010,correct,alpha_beta_parietal_ratio,16,0.039916450679951046,0.04223781894371415,1.0,17,0.037132833069950806,0.0382750490663845,1.0,True,0.00278361761000024,0.0749637821804887
sub-010,correct,alpha_beta_ratio,16,0.03257634754754041,0.0206772974888908,1.0,17,0.046180390629905685,0.027962344081358,1.0,True,0.013604043082365277,0.29458484211165414
sub-010,correct,alpha_beta_temporal_ratio,16,0.04786823294104259,0.0599705395902789,1.0,17,0.06494299068767259,0.0617200039401055,1.0,True,0.017074757746630004,0.2629191782797141
sub-010,correct,alpha_central,16,0.055516080054641856,0.0216679967399595,1.0,17,0.04246795987509471,0.0177681990916285,1.0,True,0.013048120179547144,0.30724622086683284
sub-010,correct,alpha_frontal,16,0.008643011391496522,-0.06081220452219705,1.0,17,-0.0117935947338535,-0.0626760015310623,-1.0,False,0.02043660612535002,1.7328564009993295
sub-010,correct,alpha_frontoparietal_diff,16,-0.041003566783791565,-0.044718786885953446,-1.0,17,-0.030850199169255386,-0.0426794577245955,-1.0,True,0.010153367614536179,0.3291183813378682
sub-010,correct,alpha_frontoparietal_ratio,16,-0.06414716049594532,-0.0865774089019209,-1.0,17,-0.07059348720716957,-0.0935569508164402,-1.0,True,0.006446326711224248,0.09131616762756481
sub-010,correct,alpha_occipital,16,-0.022897743891417664,-0.0121144056513481,-1.0,17,-0.0353875819230478,-0.0226737443574212,-1.0,True,0.012489838031630136,0.35294409374423946
sub-010,correct,alpha_rel,16,0.06268537739337376,0.06350018877161565,1.0,17,0.05097832355011286,0.0454504463368716,1.0,True,0.011707053843260908,0.2296476821516621
sub-010,correct,alpha_temporal,16,0.03311606299064557,0.0418993056300107,1.0,17,0.027248635892917775,0.0259348503649758,1.0,True,0.005867427097727793,0.21532920476407416
sub-010,correct,beta_abs,16,0.04267763172526434,0.0286911864095237,1.0,17,0.0006445398145583712,0.022617076858297,1.0,True,0.04203309191070597,65.2141123966196
sub-010,correct,beta_central,16,-0.03404037101125225,-0.018250184339837203,-1.0,17,-0.08727746109283907,-0.0573648282093374,-1.0,True,0.05323709008158682,0.6099752377645047
sub-010,correct,beta_frontal,16,0.052368239360102625,0.00850545332844495,1.0,17,0.010174146145588859,-0.0024640408308667,1.0,True,0.04219409321451377,4.147187647074206
sub-010,correct,beta_frontoparietal_diff,16,-0.01376245818021794,-0.05809212024252395,-1.0,17,-0.03944986095015843,-0.0650358100322439,-1.0,True,0.025687402769940488,0.651140514852368
sub-010,correct,beta_frontoparietal_ratio,16,-0.028404827595277855,-0.06950330276147204,-1.0,17,-0.04525945894883748,-0.0780281715566495,-1.0,True,0.016854631353559628,0.37240019534065927
sub-010,correct,beta_occipital,16,0.09841402009604175,0.1042774420209617,1.0,17,0.05622197652916972,0.075512730773342,1.0,True,0.04219204356687203,0.7504546473029363
sub-010,correct,beta_parietal,16,0.06838228345978584,0.0330676030882919,1.0,17,0.04568359299605848,0.0300598021055862,1.0,True,0.022698690463727356,0.4968674522970592
sub-010,correct,beta_rel,16,0.03281691167012818,-0.00773843599364925,1.0,17,0.004003613901954628,-0.0116664289571332,1.0,True,0.02881329776817355,7.196822289508597
sub-010,correct,beta_temporal,16,0.01071250783212166,0.01167345767023125,1.0,17,0.0020193839783318964,0.0030800889060386,1.0,True,0.008693123853789763,4.304839469396346
sub-010,correct,delta_abs,16,0.04322700078859609,0.0686744600348379,1.0,17,0.0500998314822681,0.0751932060962368,1.0,True,0.006872830693672005,0.1371827108062133
sub-010,correct,delta_central,16,0.008791071115288668,0.0258696025617372,1.0,17,0.01594723148571994,0.053237904630791,1.0,True,0.007156160370431271,0.44873998203633686
sub-010,correct,delta_frontoparietal_diff,16,0.056307082243587145,0.0874525695713427,1.0,17,0.0627843531353025,0.0965889029100864,1.0,True,0.0064772708917153615,0.10316696068774672
sub-010,correct,delta_frontoparietal_ratio,16,0.005186289683947208,0.0772956207045333,1.0,17,0.007618362637043261,0.0767235494216667,1.0,True,0.002432072953096053,0.31923827585607784
sub-010,correct,delta_occipital,16,0.031446977293864385,0.026466660816486347,1.0,17,0.03884197513017873,0.0337134178161626,1.0,True,0.0073949978363143445,0.19038676101125232
sub-010,correct,delta_parietal,16,0.035954620367634756,0.06603914374845984,1.0,17,0.042145890738078534,0.0816931621013528,1.0,True,0.0061912703704437785,0.146900925855863
sub-010,correct,delta_rel,16,-0.09141056352233874,-0.0199241075707751,-1.0,17,-0.07439446030727782,-0.0181843987718074,-1.0,True,0.017016103215060918,0.22872809540895717
sub-010,correct,delta_temporal,16,0.04703947011681335,0.05555577461190425,1.0,17,0.05208933196612908,0.0902600490670809,1.0,True,0.0050498618493157316,0.0969461818515812
sub-010,correct,delta_theta_ratio,16,-0.06380087717343266,-0.017553290673687702,-1.0,17,-0.055106454857458256,0.0119751868871558,-1.0,True,0.008694422315974407,0.15777502542059607
sub-010,correct,gamma_abs,16,-0.03226547640554555,-0.047640854842901,-1.0,17,-0.05686524273293527,-0.0685925280951577,-1.0,True,0.02459976632738972,0.432597578857111
sub-010,correct,gamma_central,16,-0.14946740350359808,-0.0526622826991817,-1.0,17,-0.18547637333133052,-0.0566883528600988,-1.0,True,0.03600896982773244,0.19414316325566106
sub-010,correct,gamma_frontal,16,0.01176863830227265,-0.06609408315094994,1.0,17,-0.018570855272571345,-0.0854695744567192,-1.0,False,0.030339493574843994,1.6337154713415172
sub-010,correct,gamma_frontoparietal_ratio,16,0.030757607177058666,-0.11857816529243334,1.0,17,0.0009702615712471755,-0.1482127749572843,1.0,True,0.02978734560581149,30.700325034539706
sub-010,correct,gamma_occipital,16,-0.05213133716924169,-0.0343987691604214,-1.0,17,-0.08945879593248873,-0.0548388597736076,-1.0,True,0.03732745876324704,0.41725867617776463
sub-010,correct,gamma_parietal,16,-0.05328452178149627,-0.07588649968283895,-1.0,17,-0.05958862522387283,-0.1006162409118598,-1.0,True,0.006304103442376557,0.10579373863203277
sub-010,correct,gamma_rel,16,-0.08149281350150037,-0.06331576012581985,-1.0,17,-0.10166472404316662,-0.0680082285851119,-1.0,True,0.020171910541666255,0.19841602612427597
sub-010,correct,gamma_temporal,16,-0.04171821012629863,-0.14279791708091755,-1.0,17,-0.03680055328585214,-0.1385081681207297,-1.0,True,0.00491765684044649,0.1336299702411558
sub-010,correct,theta_abs,16,0.09255705536740212,0.08315323029918485,1.0,17,0.09306439261390705,0.1011817885579857,1.0,True,0.0005073372465049242,0.005451464649962271
sub-010,correct,theta_alpha_central_ratio,16,0.015780235515531135,0.02108183965050095,1.0,17,0.019230682046213178,0.024672152042746,1.0,True,0.003450446530682043,0.1794240330317088
sub-010,correct,theta_alpha_frontal_ratio,16,0.04919231278196612,0.0674558256649708,1.0,17,0.05565969462472302,0.0808250903691507,1.0,True,0.0064673818427569,0.11619506514295908
sub-010,correct,theta_alpha_occipital_ratio,16,0.07449627796845876,0.023075126020425753,1.0,17,0.07878043065566702,0.0375691400620294,1.0,True,0.004284152687208262,0.05438092495245942
sub-010,correct,theta_alpha_parietal_ratio,16,0.05025330743873603,0.0394963432333881,1.0,17,0.057607059823141175,0.0484739848887195,1.0,True,0.007353752384405145,0.12765366618226692
sub-010,correct,theta_alpha_ratio,16,0.051579294912610346,0.055257888173760206,1.0,17,0.05985120385013264,0.0618279945127793,1.0,True,0.00827190893752229,0.13820789567132422
sub-010,correct,theta_alpha_temporal_ratio,16,0.06219494629219473,-0.02188579863810495,1.0,17,0.058508311526769,-0.019445121900486,1.0,True,0.003686634765425731,0.06301044534055653
sub-010,correct,theta_beta_ratio,16,0.03835076190707508,0.0592155397932908,1.0,17,0.05244258158047268,0.0847662864916092,1.0,True,0.0140918196733976,0.26870949615197387
sub-010,correct,theta_central,16,0.12489461536816826,0.10896457906730744,1.0,17,0.11307711641494934,0.1026073676032386,1.0,True,0.011817498953218916,0.10450831545662395
sub-010,correct,theta_frontoparietal_diff,16,0.01064639065243625,-0.0199145723508928,1.0,17,0.006159832855024103,-0.0620817786206806,1.0,True,0.004486557797412146,0.7283570679605056
sub-010,correct,theta_frontoparietal_ratio,16,-0.01962142094567494,0.0058357013589331996,-1.0,17,-0.03877004880421776,-0.0184003772783559,-1.0,True,0.01914862785854282,0.49390259876226045
sub-010,correct,theta_occipital,16,0.06814468202054555,0.06444441068411275,1.0,17,0.07227551076487133,0.0680261649250033,1.0,True,0.004130828744325785,0.05715391978016329
sub-010,correct,theta_parietal,16,0.07816524003933711,0.0928027780251289,1.0,17,0.08155791977439754,0.1098504300048916,1.0,True,0.003392679735060425,0.04159840938127319
sub-010,correct,theta_rel,16,0.08218449964839925,0.011895462140166601,1.0,17,0.08679106636054519,0.0267486725345396,1.0,True,0.004606566712145946,0.05307650781716941
sub-010,correct,theta_temporal,16,0.10960277378387562,0.05434937192189765,1.0,17,0.10826577717700087,0.0660816722314345,1.0,True,0.0013369966068747519,0.012349208048346907
sub-011,remember,alpha_abs,21,-0.011330299757337096,0.0213409031658623,-1.0,22,-0.004225080718999699,0.02401404754028395,-1.0,True,0.007105219038337397,1.6816765195481471
sub-011,remember,alpha_beta_central_ratio,21,-0.009062531977816129,-0.0025246841906916,-1.0,22,-0.006481369496393726,-0.0012023537617123499,-1.0,True,0.0025811624814224025,0.3982433778630546
sub-011,remember,alpha_beta_frontal_ratio,21,0.003279095160046014,-0.0017436997569701,1.0,22,0.006868067233128458,-0.00017555386438575,1.0,True,0.003588972073082444,0.5225592515709313
sub-011,remember,alpha_beta_occipital_ratio,21,-0.013153359688207099,0.002846169028417,-1.0,22,-0.010147514905164053,0.0075259452461013,-1.0,True,0.003005844783043046,0.29621486749562465
sub-011,remember,alpha_beta_parietal_ratio,21,-0.015566736191069162,-0.0100953967486679,-1.0,22,-0.00889987824774338,-0.007146879630928599,-1.0,True,0.006666857943325782,0.7490954098182417
sub-011,remember,alpha_beta_ratio,21,-0.010400888509376448,-0.0047562250314685,-1.0,22,-0.004946131824715725,1.643148696604986e-05,-1.0,True,0.005454756684660723,1.102832855647601
sub-011,remember,alpha_beta_temporal_ratio,21,0.04895505428109949,0.021701706143165,1.0,22,0.05233680591085687,0.0315087420271479,1.0,True,0.0033817516297573805,0.06461517035482409
sub-011,remember,alpha_central,21,-0.020369187440910715,-0.0269006979629089,-1.0,22,-0.01501586222283353,-0.01501119428169965,-1.0,True,0.005353325218077184,0.35651134371336807
sub-011,remember,alpha_frontal,21,-0.008753011539919168,0.0208244421122482,-1.0,22,-0.0030707927750683456,0.031058370447483198,-1.0,True,0.005682218764850823,1.8504077549564886
sub-011,remember,alpha_frontoparietal_diff,21,0.015757551080835024,0.0003508395007239,1.0,22,0.00974893749781017,0.0002832907681079,1.0,True,0.0060086135830248535,0.6163352246718704
sub-011,remember,alpha_frontoparietal_ratio,21,0.013641447302745897,-0.0087302300649315,1.0,22,0.01227663886432328,-0.010858941748103399,1.0,True,0.0013648084384226163,0.1111711807690979
sub-011,remember,alpha_occipital,21,-0.01922302325983503,-0.0018726791703318,-1.0,22,-0.013808574837919587,0.006018385239761,-1.0,True,0.005414448421915444,0.39210769289868225
sub-011,remember,alpha_rel,21,-0.012281178282023079,0.0001746590438893,-1.0,22,-0.003156714484513651,0.00273943482436755,-1.0,True,0.009124463797509428,2.8904938480412543
sub-011,remember,alpha_temporal,21,0.011206500287062113,0.0188570018099933,1.0,22,0.01629686962287168,0.025018799178911,1.0,True,0.005090369335809567,0.3123525838769391
sub-011,remember,beta_abs,21,0.006881151877907306,0.0015822985112636,1.0,22,0.011882839884920149,0.0064287775629291,1.0,True,0.005001688007012842,0.42091688985561493
sub-011,remember,beta_central,21,-0.015317932219930039,0.013280913261545,-1.0,22,-0.009108361260200665,0.017305056347534098,-1.0,True,0.006209570959729373,0.6817440352154599
sub-011,remember,beta_frontal,21,0.0014073162450063885,0.026233714488158,1.0,22,0.006292755656684213,0.02676135788213745,1.0,True,0.004885439411677824,0.7763593055593178
sub-011,remember,beta_frontoparietal_diff,21,0.014447493737587622,0.0088350688532738,1.0,22,0.015061675649799796,0.0103621489766398,1.0,True,0.000614181912212174,0.04077779434988283
sub-011,remember,beta_frontoparietal_ratio,21,0.007006634331857747,0.0197555952987486,1.0,22,0.009995618660365795,0.0250422045529727,1.0,True,0.0029889843285080472,0.29902944780795226
sub-011,remember,beta_occipital,21,-0.01282696606508498,0.0042915554102766,-1.0,22,-0.011332306790655403,0.01008362228756505,-1.0,True,0.001494659274429577,0.1318936472547734
sub-011,remember,beta_parietal,21,-0.009437747131158955,0.0014058908518956,-1.0,22,-0.005930338816362909,0.005094234456075399,-1.0,True,0.003507408314796046,0.591434726312509
sub-011,remember,beta_rel,21,0.01029731362328474,0.0180197776350641,1.0,22,0.01053903365996976,0.0168174660327096,1.0,True,0.00024172003668502043,0.022935692634054455
sub-011,remember,beta_temporal,21,-0.06607984417105246,0.0120496579886667,-1.0,22,-0.06158071509031959,0.012371174100029601,-1.0,True,0.004499129080732869,0.07306068262010368
sub-011,remember,delta_abs,21,0.008370655826679325,0.000224820838017,1.0,22,0.007228722856415695,-0.0031531389258265497,1.0,True,0.0011419329702636299,0.15797160756414008
sub-011,remember,delta_central,21,-0.004402771195666023,-0.0094764678096541,-1.0,22,-0.002242849784410514,-0.0058486340347987,-1.0,True,0.0021599214112555092,0.963025444801779
sub-011,remember,delta_frontoparietal_diff,21,-0.009241641849965473,-0.0056186456872859,-1.0,22,-0.008891798665416483,-0.0035818687385868,-1.0,True,0.00034984318454898966,0.03934447885214272
sub-011,remember,delta_frontoparietal_ratio,21,-0.011169572718814868,-0.0038635962026276,-1.0,22,-0.008555437293700145,0.00552592003253765,-1.0,True,0.002614135425114723,0.30555252003771444
sub-011,remember,delta_occipital,21,0.010283329884758798,0.0333813694844041,1.0,22,0.009659547749774438,0.0202226940751393,1.0,True,0.0006237821349843603,0.06457674325373322
sub-011,remember,delta_parietal,21,0.009247133528381211,-0.0119375657952032,1.0,22,0.007668092957052327,-0.0127862519011169,1.0,True,0.0015790405713288847,0.2059235040801957
sub-011,remember,delta_rel,21,0.019499252523227855,0.0187659652572542,1.0,22,0.012862226458615516,0.0100134032748007,1.0,True,0.006637026064612339,0.5160091128831473
sub-011,remember,delta_temporal,21,-0.004035834879295987,0.0105892100397988,-1.0,22,-0.004455897646301734,0.010532915525169599,-1.0,True,0.0004200627670057468,0.09427118851223765
sub-011,remember,delta_theta_ratio,21,0.0007000009435448715,-0.0102457031328271,1.0,22,-0.00018999032316373288,-0.0103091462388365,-1.0,False,0.0008899912667086043,4.684403141635869
sub-011,remember,gamma_abs,21,0.022053838588111264,0.0098017117493061,1.0,22,0.025495370910866674,0.027636058275061652,1.0,True,0.00344153232275541,0.13498655637477136
sub-011,remember,gamma_central,21,0.01416351364382766,0.0509209297011822,1.0,22,0.014558284246406573,0.0427861302894467,1.0,True,0.000394770602578913,0.027116560983232237
sub-011,remember,gamma_frontal,21,0.013604155036001547,0.0058597867844745,1.0,22,0.020143744628534934,0.0143858938803237,1.0,True,0.006539589592533387,0.32464617245343896
sub-011,remember,gamma_frontoparietal_ratio,21,0.019053970162270378,-0.0471491685534784,1.0,22,0.026023240242854986,-0.03536198003882305,1.0,True,0.006969270080584608,0.2678094662903522
sub-011,remember,gamma_occipital,21,0.019688532867733206,0.0106571001683149,1.0,22,0.023031090473266857,0.0133513575859867,1.0,True,0.0033425576055336505,0.1451324074043952
sub-011,remember,gamma_parietal,21,0.020757308097411394,0.0252819675475891,1.0,22,0.018942058685776395,0.02026889488011765,1.0,True,0.0018152494116349983,0.09583168554947358
sub-011,remember,gamma_rel,21,0.02830984669039347,0.0313494293066601,1.0,22,0.02631386588803555,0.0210692636781099,1.0,True,0.001995980802357921,0.07585281504628548
sub-011,remember,gamma_temporal,21,-0.061141994383068096,0.0128595278210104,-1.0,22,-0.05651817964866923,0.02027048990149495,-1.0,True,0.004623814734398865,0.08181110508409194
sub-011,remember,theta_abs,21,-0.00266320192982873,0.038906329143988,-1.0,22,-0.0029891438300134214,0.0321264622211444,-1.0,True,0.0003259419001846913,0.10904189250178295
sub-011,remember,theta_alpha_central_ratio,21,0.030623851379324087,0.0022639975020207,1.0,22,0.024055814630122893,0.0018794202919669499,1.0,True,0.0065680367492011935,0.2730332291876178
sub-011,remember,theta_alpha_frontal_ratio,21,0.01676712005768608,0.012405460018272,1.0,22,0.010202402386540039,0.0102901272273364,1.0,True,0.006564717671146043,0.643448221548959
sub-011,remember,theta_alpha_occipital_ratio,21,0.02249286727322896,0.0022400203155615,1.0,22,0.019958592202797092,-0.00039517783826780004,1.0,True,0.0025342750704318677,0.12697664467921252
sub-011,remember,theta_alpha_parietal_ratio,21,0.023089839601408695,-0.0092970279075838,1.0,22,0.01811562122035374,-0.01519353624041025,1.0,True,0.004974218381054954,0.2745817171020439
sub-011,remember,theta_alpha_ratio,21,0.021049720151030536,0.0139125410978419,1.0,22,0.013720792059534921,0.0072135815711985,1.0,True,0.007328928091495615,0.5341475958308515
sub-011,remember,theta_alpha_temporal_ratio,21,0.0051809398444849575,-0.0003032758469318,1.0,22,0.0003842089452644267,-0.004374930220801349,1.0,True,0.00479673089922053,12.484693441791794
sub-011,remember,theta_beta_ratio,21,0.007625902378944805,0.0116195141910852,1.0,22,0.004779497052755068,0.00875205737736785,1.0,True,0.0028464053261897364,0.5955449485106324
sub-011,remember,theta_central,21,-0.004104799598125561,0.0120951127264857,-1.0,22,-0.004115907282348823,0.011607086792101099,-1.0,True,1.1107684223262033e-05,0.0026987207099872317
sub-011,remember,theta_frontoparietal_diff,21,0.010587643670131494,0.0020020843047849,1.0,22,0.007216404476452345,0.0012829558183184,1.0,True,0.00337123919367915,0.4671632811990722
sub-011,remember,theta_frontoparietal_ratio,21,0.00685826518423726,0.0134327576557016,1.0,22,0.007059147266353017,0.01235521432324275,1.0,True,0.00020088208211575722,0.028456989851061626
sub-011,remember,theta_occipital,21,0.001988156812395097,0.0236953785632645,1.0,22,0.001496081143524913,0.0100555128668375,1.0,True,0.0004920756688701839,0.3289097459719368
sub-011,remember,theta_parietal,21,-0.012563130556821133,0.0150845488263296,-1.0,22,-0.010798479725520525,0.0151709516428865,-1.0,True,0.0017646508313006078,0.1634165990171867
sub-011,remember,theta_rel,21,-0.01314407196214075,-0.0029168151123687,-1.0,22,-0.014536550484554562,-0.00514433645290715,-1.0,True,0.0013924785224138127,0.09579153760676269
sub-011,remember,theta_temporal,21,-0.0035740040925304737,0.0042359915016836,-1.0,22,-0.0033958097139939105,0.00229113186847875,-1.0,True,0.00017819437853656321,0.05247478320184897
sub-011,correct,alpha_abs,16,0.01313847145822343,-0.0200319551720718,1.0,17,0.003977169084874701,-0.0314873277469293,1.0,True,0.00916130237334873,2.303473193581196
sub-011,correct,alpha_beta_central_ratio,16,0.15995149478060774,0.1265473772648927,1.0,17,0.14402964758962156,0.0918357757863384,1.0,True,0.015921847190986188,0.11054562347018809
sub-011,correct,alpha_beta_frontal_ratio,16,0.031794758097658755,0.1289421023243036,1.0,17,0.011768877838233034,0.1052386511879747,1.0,True,0.02002588025942572,1.7015964083141832
sub-011,correct,alpha_beta_occipital_ratio,16,-0.02527388994561726,0.02818276416586385,-1.0,17,-0.03671384250847402,0.0245095354919788,-1.0,True,0.011439952562856764,0.311597800208907
sub-011,correct,alpha_beta_parietal_ratio,16,0.05359583515063518,0.04223781894371415,1.0,17,0.037132833069950806,0.0382750490663845,1.0,True,0.016463002080684373,0.44335432337390956
sub-011,correct,alpha_beta_ratio,16,0.06789675847594258,0.059700692172852,1.0,17,0.046180390629905685,0.027962344081358,1.0,True,0.021716367846036894,0.470250847812745
sub-011,correct,alpha_beta_temporal_ratio,16,0.07912393512025087,0.08911658952978654,1.0,17,0.06494299068767259,0.0617200039401055,1.0,True,0.01418094443257828,0.218359891997861
sub-011,correct,alpha_central,16,0.044011694924061345,0.0037566233511354494,1.0,17,0.04246795987509471,0.0177681990916285,1.0,True,0.0015437350489666338,0.036350581791708705
sub-011,correct,alpha_frontal,16,-0.006497267006217354,-0.06081220452219705,-1.0,17,-0.0117935947338535,-0.0626760015310623,-1.0,True,0.005296327727636146,0.4490851048521316
sub-011,correct,alpha_frontoparietal_diff,16,-0.046297627023673765,-0.044718786885953446,-1.0,17,-0.030850199169255386,-0.0426794577245955,-1.0,True,0.01544742785441838,0.5007237642022402
sub-011,correct,alpha_frontoparietal_ratio,16,-0.0768319851731195,-0.1129758669700513,-1.0,17,-0.07059348720716957,-0.0935569508164402,-1.0,True,0.006238497965949927,0.08837214611089983
sub-011,correct,alpha_occipital,16,-0.028773103061203727,-0.0121144056513481,-1.0,17,-0.0353875819230478,-0.0226737443574212,-1.0,True,0.006614478861844072,0.18691525395059805
sub-011,correct,alpha_rel,16,0.05944273417251075,0.06350018877161565,1.0,17,0.05097832355011286,0.0454504463368716,1.0,True,0.008464410622397896,0.16603940720171362
sub-011,correct,alpha_temporal,16,0.02459845623431714,0.02549389704777165,1.0,17,0.027248635892917775,0.0259348503649758,1.0,True,0.002650179658600635,0.0972591680925006
sub-011,correct,beta_abs,16,-0.022290790531489607,0.01770494626091995,-1.0,17,0.0006445398145583712,0.022617076858297,1.0,False,0.02293533034604798,35.58403969468188
sub-011,correct,beta_central,16,-0.11438767538046105,-0.06024987057689475,-1.0,17,-0.08727746109283907,-0.0573648282093374,-1.0,True,0.027110214287621975,0.3106210234367864
sub-011,correct,beta_frontal,16,-0.010069300530771805,-0.017724737272939103,-1.0,17,0.010174146145588859,-0.0024640408308667,1.0,False,0.020243446676360664,1.9896948978993672
sub-011,correct,beta_frontoparietal_diff,16,-0.05723381782453687,-0.07839993716479321,-1.0,17,-0.03944986095015843,-0.0650358100322439,-1.0,True,0.01778395687437844,0.45079897485182446
sub-011,correct,beta_frontoparietal_ratio,16,-0.05815828398814033,-0.07884275343481535,-1.0,17,-0.04525945894883748,-0.0780281715566495,-1.0,True,0.012898825039302848,0.2849973318038121
sub-011,correct,beta_occipital,16,0.03674987871429593,0.07165946385599155,1.0,17,0.05622197652916972,0.075512730773342,1.0,True,0.019472097814873794,0.34634317427049294
sub-011,correct,beta_parietal,16,0.046660079926713,0.0256653475303329,1.0,17,0.04568359299605848,0.0300598021055862,1.0,True,0.0009764869306545174,0.021375002853623343
sub-011,correct,beta_rel,16,-0.01979115739358188,-0.0380592083096837,-1.0,17,0.004003613901954628,-0.0116664289571332,1.0,False,0.023794771295536508,5.943323177072475
sub-011,correct,beta_temporal,16,-0.01915475690568614,-0.0471285905376733,-1.0,17,0.0020193839783318964,0.0030800889060386,1.0,False,0.021174140884018037,10.485445616691901
sub-011,correct,delta_abs,16,0.05947209373711156,0.07880448481849155,1.0,17,0.0500998314822681,0.0751932060962368,1.0,True,0.009372262254843465,0.18707173213068795
sub-011,correct,delta_central,16,0.013190146959786962,0.0258696025617372,1.0,17,0.01594723148571994,0.053237904630791,1.0,True,0.0027570845259329776,0.1728879729626944
sub-011,correct,delta_frontoparietal_diff,16,0.06325880813847828,0.1033047987150405,1.0,17,0.0627843531353025,0.0965889029100864,1.0,True,0.0004744550031757777,0.007556898804918964
sub-011,correct,delta_frontoparietal_ratio,16,0.0044082595939028135,0.0772956207045333,1.0,17,0.007618362637043261,0.0767235494216667,1.0,True,0.0032101030431404476,0.4213639066656862
sub-011,correct,delta_occipital,16,0.04712597724545034,0.0657871225506737,1.0,17,0.03884197513017873,0.0337134178161626,1.0,True,0.00828400211527161,0.21327448173033964
sub-011,correct,delta_parietal,16,0.05158640702355738,0.0867303975994412,1.0,17,0.042145890738078534,0.0816931621013528,1.0,True,0.009440516285478845,0.22399612679082379
sub-011,correct,delta_rel,16,-0.07769012555337376,-0.01212310918804465,-1.0,17,-0.07439446030727782,-0.0181843987718074,-1.0,True,0.0032956652460959385,0.044299874378865976
sub-011,correct,delta_temporal,16,0.056682257002633935,0.103284213130238,1.0,17,0.05208933196612908,0.0902600490670809,1.0,True,0.004592925036504852,0.08817400537007053
sub-011,correct,delta_theta_ratio,16,-0.060774558377788,-0.017553290673687702,-1.0,17,-0.055106454857458256,0.0119751868871558,-1.0,True,0.005668103520329745,0.1028573428465179
sub-011,correct,gamma_abs,16,-0.10426456308734411,-0.07896663970765305,-1.0,17,-0.05686524273293527,-0.0685925280951577,-1.0,True,0.04739932035440884,0.8335376422644908
sub-011,correct,gamma_central,16,-0.21716566590627612,-0.10132551739606299,-1.0,17,-0.18547637333133052,-0.0566883528600988,-1.0,True,0.0316892925749456,0.17085352708690615
sub-011,correct,gamma_frontal,16,-0.056877548282210505,-0.1213615444694541,-1.0,17,-0.018570855272571345,-0.0854695744567192,-1.0,True,0.03830669300963916,2.062731761536967
sub-011,correct,gamma_frontoparietal_ratio,16,0.006589875146174019,-0.15163306776803695,1.0,17,0.0009702615712471755,-0.1482127749572843,1.0,True,0.005619613574926844,5.791854218964259
sub-011,correct,gamma_occipital,16,-0.13322320408381644,-0.07343477167019966,-1.0,17,-0.08945879593248873,-0.0548388597736076,-1.0,True,0.043764408151327705,0.4892130247802027
sub-011,correct,gamma_parietal,16,-0.0977299603157955,-0.10581903540691145,-1.0,17,-0.05958862522387283,-0.1006162409118598,-1.0,True,0.038141335091922676,0.6400774468051029
sub-011,correct,gamma_rel,16,-0.13693392955571296,-0.09918830401472925,-1.0,17,-0.10166472404316662,-0.0680082285851119,-1.0,True,0.03526920551254634,0.3469168469642539
sub-011,correct,gamma_temporal,16,-0.06043004285733011,-0.14279791708091755,-1.0,17,-0.03680055328585214,-0.1385081681207297,-1.0,True,0.023629489571477973,0.6420960410006188
sub-011,correct,theta_abs,16,0.10492313804235297,0.1246222182217799,1.0,17,0.09306439261390705,0.1011817885579857,1.0,True,0.011858745428445921,0.12742516332367718
sub-011,correct,theta_alpha_central_ratio,16,0.020155122438970004,0.03004803630771425,1.0,17,0.019230682046213178,0.024672152042746,1.0,True,0.0009244403927568257,0.04807111835842881
sub-011,correct,theta_alpha_frontal_ratio,16,0.05077560292052019,0.0674558256649708,1.0,17,0.05565969462472302,0.0808250903691507,1.0,True,0.004884091704202828,0.08774916458189484
sub-011,correct,theta_alpha_occipital_ratio,16,0.08685142968480394,0.050266443260382,1.0,17,0.07878043065566702,0.0375691400620294,1.0,True,0.008070999029136924,0.10244928800165606
sub-011,correct,theta_alpha_parietal_ratio,16,0.05817787700654253,0.04158998888782875,1.0,17,0.057607059823141175,0.0484739848887195,1.0,True,0.0005708171834013578,0.009908806058733385
sub-011,correct,theta_alpha_ratio,16,0.058651594957264526,0.055257888173760206,1.0,17,0.05985120385013264,0.0618279945127793,1.0,True,0.0011996088928681106,0.02004318736632149
sub-011,correct,theta_alpha_temporal_ratio,16,0.058686209471757456,-0.02188579863810495,1.0,17,0.058508311526769,-0.019445121900486,1.0,True,0.0001778979449884588,0.0030405585180332214
sub-011,correct,theta_beta_ratio,16,0.07143454628478806,0.0902319785252483,1.0,17,0.05244258158047268,0.0847662864916092,1.0,True,0.018991964704315377,0.36214778395629466
sub-011,correct,theta_central,16,0.12371257903764449,0.10896457906730744,1.0,17,0.11307711641494934,0.1026073676032386,1.0,True,0.010635462622695144,0.09405495081486782
sub-011,correct,theta_frontoparietal_diff,16,-0.004393570994426638,-0.0638534352621255,-1.0,17,0.006159832855024103,-0.0620817786206806,1.0,False,0.010553403849450742,1.7132613981308178
sub-011,correct,theta_frontoparietal_ratio,16,-0.04307266310424527,-0.021761850172533702,-1.0,17,-0.03877004880421776,-0.0184003772783559,-1.0,True,0.004302614300027506,0.11097778911125404
sub-011,correct,theta_occipital,16,0.0770212915914786,0.07763336182403165,1.0,17,0.07227551076487133,0.0680261649250033,1.0,True,0.00474578082660726,0.0656623630381024
sub-011,correct,theta_parietal,16,0.09830459229385785,0.1228456127701279,1.0,17,0.08155791977439754,0.1098504300048916,1.0,True,0.016746672519460312,0.2053347187591877
sub-011,correct,theta_rel,16,0.09558408684168948,0.0452520519933618,1.0,17,0.08679106636054519,0.0267486725345396,1.0,True,0.00879302048114429,0.10131250657315988
sub-011,correct,theta_temporal,16,0.11690169630325253,0.07647775184921965,1.0,17,0.10826577717700087,0.0660816722314345,1.0,True,0.008635919126251668,0.07976591820084597
sub-012,remember,alpha_abs,21,-0.010563291167076322,0.0213409031658623,-1.0,22,-0.004225080718999699,0.02401404754028395,-1.0,True,0.006338210448076623,1.5001394930928595
sub-012,remember,alpha_beta_central_ratio,21,-0.009846590038758323,-0.0025246841906916,-1.0,22,-0.006481369496393726,-0.0012023537617123499,-1.0,True,0.003365220542364597,0.5192144259383802
sub-012,remember,alpha_beta_frontal_ratio,21,-0.005981193742030241,-0.0017436997569701,-1.0,22,0.006868067233128458,-0.00017555386438575,1.0,False,0.012849260975158698,1.8708700044722422
sub-012,remember,alpha_beta_occipital_ratio,21,-0.019277342628681544,0.002846169028417,-1.0,22,-0.010147514905164053,0.0075259452461013,-1.0,True,0.00912982772351749,0.8997106985150952
sub-012,remember,alpha_beta_parietal_ratio,21,-0.016972131519296323,-0.0100953967486679,-1.0,22,-0.00889987824774338,-0.007146879630928599,-1.0,True,0.008072253271552943,0.9070071574967572
sub-012,remember,alpha_beta_ratio,21,-0.012647822585847915,-0.0047562250314685,-1.0,22,-0.004946131824715725,1.643148696604986e-05,-1.0,True,0.00770169076113219,1.5571139294442156
sub-012,remember,alpha_beta_temporal_ratio,21,0.04881864237743554,0.021701706143165,1.0,22,0.05233680591085687,0.0315087420271479,1.0,True,0.0035181635334213326,0.06722159429090258
sub-012,remember,alpha_central,21,-0.021205382381392263,-0.0269006979629089,-1.0,22,-0.01501586222283353,-0.01501119428169965,-1.0,True,0.0061895201585587326,0.4121987846390052
sub-012,remember,alpha_frontal,21,-0.007774910334311166,0.0208244421122482,-1.0,22,-0.0030707927750683456,0.031058370447483198,-1.0,True,0.00470411755924282,1.531890265417901
sub-012,remember,alpha_frontoparietal_diff,21,0.011525080213336095,0.0003508395007239,1.0,22,0.00974893749781017,0.0002832907681079,1.0,True,0.0017761427155259246,0.18218833754189992
sub-012,remember,alpha_frontoparietal_ratio,21,0.017480957318157162,-0.0087302300649315,1.0,22,0.01227663886432328,-0.010858941748103399,1.0,True,0.005204318453833881,0.42392046482347645
sub-012,remember,alpha_occipital,21,-0.018968660845564412,-0.0018726791703318,-1.0,22,-0.013808574837919587,0.006018385239761,-1.0,True,0.005160086007644825,0.37368707981903865
sub-012,remember,alpha_rel,21,-0.003315351319199506,0.0053042106048458,-1.0,22,-0.003156714484513651,0.00273943482436755,-1.0,True,0.00015863683468585492,0.05025377982839515
sub-012,remember,alpha_temporal,21,0.011140170525054631,0.0188570018099933,1.0,22,0.01629686962287168,0.025018799178911,1.0,True,0.0051566990978170486,0.31642267608129665
sub-012,remember,beta_abs,21,0.007164456680444224,0.0015822985112636,1.0,22,0.011882839884920149,0.0064287775629291,1.0,True,0.0047183832044759245,0.39707538350859733
sub-012,remember,beta_central,21,-0.015850873188186614,0.013280913261545,-1.0,22,-0.009108361260200665,0.017305056347534098,-1.0,True,0.006742511927985948,0.74025521555097
sub-012,remember,beta_frontal,21,0.005343186188518793,0.0272890012761169,1.0,22,0.006292755656684213,0.02676135788213745,1.0,True,0.0009495694681654196,0.15089883033306398
sub-012,remember,beta_frontoparietal_diff,21,0.018000364633734906,0.0118892291000058,1.0,22,0.015061675649799796,0.0103621489766398,1.0,True,0.0029386889839351105,0.19511036170628018
sub-012,remember,beta_frontoparietal_ratio,21,0.02023444131898727,0.0303288138071968,1.0,22,0.009995618660365795,0.0250422045529727,1.0,True,0.010238822658621475,1.0243310600893591
sub-012,remember,beta_occipital,21,-0.0037310072137148897,0.0158756891648535,-1.0,22,-0.011332306790655403,0.01008362228756505,-1.0,True,0.007601299576940513,0.6707636598056567
sub-012,remember,beta_parietal,21,-0.009414059171925615,0.0014058908518956,-1.0,22,-0.005930338816362909,0.005094234456075399,-1.0,True,0.003483720355562706,0.5874403576993734
sub-012,remember,beta_rel,21,0.013000343201852806,0.0180197776350641,1.0,22,0.01053903365996976,0.0168174660327096,1.0,True,0.0024613095418830454,0.23354224128079193
sub-012,remember,beta_temporal,21,-0.0703559591311784,0.0120496579886667,-1.0,22,-0.06158071509031959,0.012371174100029601,-1.0,True,0.008775244040858804,0.14249987237056722
sub-012,remember,delta_abs,21,0.0021510378996960505,-0.0065310986896701,1.0,22,0.007228722856415695,-0.0031531389258265497,1.0,True,0.005077684956719645,0.7024318206103387
sub-012,remember,delta_central,21,-0.00912802939202836,-0.0094764678096541,-1.0,22,-0.002242849784410514,-0.0058486340347987,-1.0,True,0.006885179607617847,3.0698353743861952
sub-012,remember,delta_frontoparietal_diff,21,-0.014378137231405772,-0.0056186456872859,-1.0,22,-0.008891798665416483,-0.0035818687385868,-1.0,True,0.005486338565989289,0.6170111101736595
sub-012,remember,delta_frontoparietal_ratio,21,-0.011917282309053251,-0.0038635962026276,-1.0,22,-0.008555437293700145,0.00552592003253765,-1.0,True,0.0033618450153531064,0.39294835552457663
sub-012,remember,delta_occipital,21,0.004925726486636878,0.0070640186658745,1.0,22,0.009659547749774438,0.0202226940751393,1.0,True,0.0047338212631375595,0.4900665523650525
sub-012,remember,delta_parietal,21,0.0030369312575591434,-0.0136349380070306,1.0,22,0.007668092957052327,-0.0127862519011169,1.0,True,0.004631161699493184,0.6039522115122399
sub-012,remember,delta_rel,21,0.00689196403432153,0.0012608412923472,1.0,22,0.012862226458615516,0.0100134032748007,1.0,True,0.005970262424293986,0.46417021528142355
sub-012,remember,delta_temporal,21,-0.008604475206185338,0.0104766210105404,-1.0,22,-0.004455897646301734,0.010532915525169599,-1.0,True,0.004148577559883604,0.9310307123698867
sub-012,remember,delta_theta_ratio,21,0.0004340143236215856,-0.0102457031328271,1.0,22,-0.00018999032316373288,-0.0103091462388365,-1.0,False,0.0006240046467853185,3.2844022600432856
sub-012,remember,gamma_abs,21,0.02032908986476435,0.0098017117493061,1.0,22,0.025495370910866674,0.027636058275061652,1.0,True,0.005166281046102325,0.20263604181966796
sub-012,remember,gamma_central,21,0.008153337750861656,0.0346513308777112,1.0,22,0.014558284246406573,0.0427861302894467,1.0,True,0.0064049464955449175,0.43995201543930923
sub-012,remember,gamma_frontal,21,0.01799793665305241,0.0058597867844745,1.0,22,0.020143744628534934,0.0143858938803237,1.0,True,0.002145807975482524,0.10652478052381813
sub-012,remember,gamma_frontoparietal_ratio,21,0.030604288193759592,-0.0235747915241677,1.0,22,0.026023240242854986,-0.03536198003882305,1.0,True,0.004581047950904606,0.1760368004965251
sub-012,remember,gamma_occipital,21,0.030920231970117788,0.0160456150036585,1.0,22,0.023031090473266857,0.0133513575859867,1.0,True,0.00788914149685093,0.34254311605471677
sub-012,remember,gamma_parietal,21,0.014466131129973026,0.0152558222126462,1.0,22,0.018942058685776395,0.02026889488011765,1.0,True,0.00447592755580337,0.2362957284661116
sub-012,remember,gamma_rel,21,0.02534263444735251,0.0107890980495597,1.0,22,0.02631386588803555,0.0210692636781099,1.0,True,0.0009712314406830416,0.03690949269163234
sub-012,remember,gamma_temporal,21,-0.06633136892259134,0.0128595278210104,-1.0,22,-0.05651817964866923,0.02027048990149495,-1.0,True,0.009813189273922107,0.1736288984345087
sub-012,remember,theta_abs,21,-0.009329898229826902,0.0253465952983008,-1.0,22,-0.0029891438300134214,0.0321264622211444,-1.0,True,0.006340754399813481,2.121261056810709
sub-012,remember,theta_alpha_central_ratio,21,0.018966745335322492,0.0014948430819132,1.0,22,0.024055814630122893,0.0018794202919669499,1.0,True,0.005089069294800401,0.21155256527574942
sub-012,remember,theta_alpha_frontal_ratio,21,0.006981687646832648,0.0081747944364008,1.0,22,0.010202402386540039,0.0102901272273364,1.0,True,0.003220714739707391,0.3156819950521123
sub-012,remember,theta_alpha_occipital_ratio,21,0.022268875480589718,0.0022400203155615,1.0,22,0.019958592202797092,-0.00039517783826780004,1.0,True,0.0023102832777926255,0.11575381942363908
sub-012,remember,theta_alpha_parietal_ratio,21,0.017757151979276083,-0.0210900445732367,1.0,22,0.01811562122035374,-0.01519353624041025,1.0,True,0.000358469241077658,0.019787852523373648
sub-012,remember,theta_alpha_ratio,21,0.011800204034664516,0.0005146220445551,1.0,22,0.013720792059534921,0.0072135815711985,1.0,True,0.0019205880248704052,0.13997646903596506
sub-012,remember,theta_alpha_temporal_ratio,21,-0.0009362284168230386,-0.0084465845946709,-1.0,22,0.0003842089452644267,-0.004374930220801349,1.0,False,0.0013204373620874653,3.436768920564022
sub-012,remember,theta_beta_ratio,21,-0.004475987854161661,0.0058846005636505,-1.0,22,0.004779497052755068,0.00875205737736785,1.0,False,0.00925548490691673,1.936497670101407
sub-012,remember,theta_central,21,-0.013014285803585487,0.0111190608577165,-1.0,22,-0.004115907282348823,0.011607086792101099,-1.0,True,0.008898378521236663,2.1619482439260946
sub-012,remember,theta_frontoparietal_diff,21,0.004346550325570023,0.0005638273318519,1.0,22,0.007216404476452345,0.0012829558183184,1.0,True,0.002869854150882322,0.39768476950631937
sub-012,remember,theta_frontoparietal_ratio,21,0.007450274875610083,0.0134327576557016,1.0,22,0.007059147266353017,0.01235521432324275,1.0,True,0.00039112760925706647,0.05540720351895075
sub-012,remember,theta_occipital,21,-0.006109241798914679,-0.0035843528295895,-1.0,22,0.001496081143524913,0.0100555128668375,1.0,False,0.007605322942439592,5.083496289860795
sub-012,remember,theta_parietal,21,-0.01518727824268761,0.0150845488263296,-1.0,22,-0.010798479725520525,0.0151709516428865,-1.0,True,0.0043887985171670845,0.40642744429985295
sub-012,remember,theta_rel,21,-0.0051824742769839005,-0.0029168151123687,-1.0,22,-0.014536550484554562,-0.00514433645290715,-1.0,True,0.009354076207570661,0.6434866523188975
sub-012,remember,theta_temporal,21,-0.0037592288195023634,0.0003462722352739,-1.0,22,-0.0033958097139939105,0.00229113186847875,-1.0,True,0.0003634191055084529,0.10701986745924734
sub-012,correct,alpha_abs,17,0.003977169084874701,-0.0314873277469293,1.0,17,0.003977169084874701,-0.0314873277469293,1.0,True,0.0,0.0
sub-012,correct,alpha_beta_central_ratio,17,0.14402964758962156,0.0918357757863384,1.0,17,0.14402964758962156,0.0918357757863384,1.0,True,0.0,0.0
sub-012,correct,alpha_beta_frontal_ratio,17,0.011768877838233034,0.1052386511879747,1.0,17,0.011768877838233034,0.1052386511879747,1.0,True,0.0,0.0
sub-012,correct,alpha_beta_occipital_ratio,17,-0.03671384250847402,0.0245095354919788,-1.0,17,-0.03671384250847402,0.0245095354919788,-1.0,True,0.0,0.0
sub-012,correct,alpha_beta_parietal_ratio,17,0.037132833069950806,0.0382750490663845,1.0,17,0.037132833069950806,0.0382750490663845,1.0,True,0.0,0.0
sub-012,correct,alpha_beta_ratio,17,0.046180390629905685,0.027962344081358,1.0,17,0.046180390629905685,0.027962344081358,1.0,True,0.0,0.0
sub-012,correct,alpha_beta_temporal_ratio,17,0.06494299068767259,0.0617200039401055,1.0,17,0.06494299068767259,0.0617200039401055,1.0,True,0.0,0.0
sub-012,correct,alpha_central,17,0.04246795987509471,0.0177681990916285,1.0,17,0.04246795987509471,0.0177681990916285,1.0,True,0.0,0.0
sub-012,correct,alpha_frontal,17,-0.0117935947338535,-0.0626760015310623,-1.0,17,-0.0117935947338535,-0.0626760015310623,-1.0,True,0.0,0.0
sub-012,correct,alpha_frontoparietal_diff,17,-0.030850199169255386,-0.0426794577245955,-1.0,17,-0.030850199169255386,-0.0426794577245955,-1.0,True,0.0,0.0
sub-012,correct,alpha_frontoparietal_ratio,17,-0.07059348720716957,-0.0935569508164402,-1.0,17,-0.07059348720716957,-0.0935569508164402,-1.0,True,0.0,0.0
sub-012,correct,alpha_occipital,17,-0.0353875819230478,-0.0226737443574212,-1.0,17,-0.0353875819230478,-0.0226737443574212,-1.0,True,0.0,0.0
sub-012,correct,alpha_rel,17,0.05097832355011286,0.0454504463368716,1.0,17,0.05097832355011286,0.0454504463368716,1.0,True,0.0,0.0
sub-012,correct,alpha_temporal,17,0.027248635892917775,0.0259348503649758,1.0,17,0.027248635892917775,0.0259348503649758,1.0,True,0.0,0.0
sub-012,correct,beta_abs,17,0.0006445398145583712,0.022617076858297,1.0,17,0.0006445398145583712,0.022617076858297,1.0,True,0.0,0.0
sub-012,correct,beta_central,17,-0.08727746109283907,-0.0573648282093374,-1.0,17,-0.08727746109283907,-0.0573648282093374,-1.0,True,0.0,0.0
sub-012,correct,beta_frontal,17,0.010174146145588859,-0.0024640408308667,1.0,17,0.010174146145588859,-0.0024640408308667,1.0,True,0.0,0.0
sub-012,correct,beta_frontoparietal_diff,17,-0.03944986095015843,-0.0650358100322439,-1.0,17,-0.03944986095015843,-0.0650358100322439,-1.0,True,0.0,0.0
sub-012,correct,beta_frontoparietal_ratio,17,-0.04525945894883748,-0.0780281715566495,-1.0,17,-0.04525945894883748,-0.0780281715566495,-1.0,True,0.0,0.0
sub-012,correct,beta_occipital,17,0.05622197652916972,0.075512730773342,1.0,17,0.05622197652916972,0.075512730773342,1.0,True,0.0,0.0
sub-012,correct,beta_parietal,17,0.04568359299605848,0.0300598021055862,1.0,17,0.04568359299605848,0.0300598021055862,1.0,True,0.0,0.0
sub-012,correct,beta_rel,17,0.004003613901954628,-0.0116664289571332,1.0,17,0.004003613901954628,-0.0116664289571332,1.0,True,0.0,0.0
sub-012,correct,beta_temporal,17,0.0020193839783318964,0.0030800889060386,1.0,17,0.0020193839783318964,0.0030800889060386,1.0,True,0.0,0.0
sub-012,correct,delta_abs,17,0.0500998314822681,0.0751932060962368,1.0,17,0.0500998314822681,0.0751932060962368,1.0,True,0.0,0.0
sub-012,correct,delta_central,17,0.01594723148571994,0.053237904630791,1.0,17,0.01594723148571994,0.053237904630791,1.0,True,0.0,0.0
sub-012,correct,delta_frontoparietal_diff,17,0.0627843531353025,0.0965889029100864,1.0,17,0.0627843531353025,0.0965889029100864,1.0,True,0.0,0.0
sub-012,correct,delta_frontoparietal_ratio,17,0.007618362637043261,0.0767235494216667,1.0,17,0.007618362637043261,0.0767235494216667,1.0,True,0.0,0.0
sub-012,correct,delta_occipital,17,0.03884197513017873,0.0337134178161626,1.0,17,0.03884197513017873,0.0337134178161626,1.0,True,0.0,0.0
sub-012,correct,delta_parietal,17,0.042145890738078534,0.0816931621013528,1.0,17,0.042145890738078534,0.0816931621013528,1.0,True,0.0,0.0
sub-012,correct,delta_rel,17,-0.07439446030727782,-0.0181843987718074,-1.0,17,-0.07439446030727782,-0.0181843987718074,-1.0,True,0.0,0.0
sub-012,correct,delta_temporal,17,0.05208933196612908,0.0902600490670809,1.0,17,0.05208933196612908,0.0902600490670809,1.0,True,0.0,0.0
sub-012,correct,delta_theta_ratio,17,-0.055106454857458256,0.0119751868871558,-1.0,17,-0.055106454857458256,0.0119751868871558,-1.0,True,0.0,0.0
sub-012,correct,gamma_abs,17,-0.05686524273293527,-0.0685925280951577,-1.0,17,-0.05686524273293527,-0.0685925280951577,-1.0,True,0.0,0.0
sub-012,correct,gamma_central,17,-0.18547637333133052,-0.0566883528600988,-1.0,17,-0.18547637333133052,-0.0566883528600988,-1.0,True,0.0,0.0
sub-012,correct,gamma_frontal,17,-0.018570855272571345,-0.0854695744567192,-1.0,17,-0.018570855272571345,-0.0854695744567192,-1.0,True,0.0,0.0
sub-012,correct,gamma_frontoparietal_ratio,17,0.0009702615712471755,-0.1482127749572843,1.0,17,0.0009702615712471755,-0.1482127749572843,1.0,True,0.0,0.0
sub-012,correct,gamma_occipital,17,-0.08945879593248873,-0.0548388597736076,-1.0,17,-0.08945879593248873,-0.0548388597736076,-1.0,True,0.0,0.0
sub-012,correct,gamma_parietal,17,-0.05958862522387283,-0.1006162409118598,-1.0,17,-0.05958862522387283,-0.1006162409118598,-1.0,True,0.0,0.0
sub-012,correct,gamma_rel,17,-0.10166472404316662,-0.0680082285851119,-1.0,17,-0.10166472404316662,-0.0680082285851119,-1.0,True,0.0,0.0
sub-012,correct,gamma_temporal,17,-0.03680055328585214,-0.1385081681207297,-1.0,17,-0.03680055328585214,-0.1385081681207297,-1.0,True,0.0,0.0
sub-012,correct,theta_abs,17,0.09306439261390705,0.1011817885579857,1.0,17,0.09306439261390705,0.1011817885579857,1.0,True,0.0,0.0
sub-012,correct,theta_alpha_central_ratio,17,0.019230682046213178,0.024672152042746,1.0,17,0.019230682046213178,0.024672152042746,1.0,True,0.0,0.0
sub-012,correct,theta_alpha_frontal_ratio,17,0.05565969462472302,0.0808250903691507,1.0,17,0.05565969462472302,0.0808250903691507,1.0,True,0.0,0.0
sub-012,correct,theta_alpha_occipital_ratio,17,0.07878043065566702,0.0375691400620294,1.0,17,0.07878043065566702,0.0375691400620294,1.0,True,0.0,0.0
sub-012,correct,theta_alpha_parietal_ratio,17,0.057607059823141175,0.0484739848887195,1.0,17,0.057607059823141175,0.0484739848887195,1.0,True,0.0,0.0
sub-012,correct,theta_alpha_ratio,17,0.05985120385013264,0.0618279945127793,1.0,17,0.05985120385013264,0.0618279945127793,1.0,True,0.0,0.0
sub-012,correct,theta_alpha_temporal_ratio,17,0.058508311526769,-0.019445121900486,1.0,17,0.058508311526769,-0.019445121900486,1.0,True,0.0,0.0
sub-012,correct,theta_beta_ratio,17,0.05244258158047268,0.0847662864916092,1.0,17,0.05244258158047268,0.0847662864916092,1.0,True,0.0,0.0
sub-012,correct,theta_central,17,0.11307711641494934,0.1026073676032386,1.0,17,0.11307711641494934,0.1026073676032386,1.0,True,0.0,0.0
sub-012,correct,theta_frontoparietal_diff,17,0.006159832855024103,-0.0620817786206806,1.0,17,0.006159832855024103,-0.0620817786206806,1.0,True,0.0,0.0
sub-012,correct,theta_frontoparietal_ratio,17,-0.03877004880421776,-0.0184003772783559,-1.0,17,-0.03877004880421776,-0.0184003772783559,-1.0,True,0.0,0.0
sub-012,correct,theta_occipital,17,0.07227551076487133,0.0680261649250033,1.0,17,0.07227551076487133,0.0680261649250033,1.0,True,0.0,0.0
sub-012,correct,theta_parietal,17,0.08155791977439754,0.1098504300048916,1.0,17,0.08155791977439754,0.1098504300048916,1.0,True,0.0,0.0
sub-012,correct,theta_rel,17,0.08679106636054519,0.0267486725345396,1.0,17,0.08679106636054519,0.0267486725345396,1.0,True,0.0,0.0
sub-012,correct,theta_temporal,17,0.10826577717700087,0.0660816722314345,1.0,17,0.10826577717700087,0.0660816722314345,1.0,True,0.0,0.0
sub-014,remember,alpha_abs,21,-0.004633140341283664,0.0266871919147056,-1.0,22,-0.004225080718999699,0.02401404754028395,-1.0,True,0.0004080596222839645,0.0965803139450017
sub-014,remember,alpha_beta_central_ratio,21,-0.0067957193137109006,-0.0025246841906916,-1.0,22,-0.006481369496393726,-0.0012023537617123499,-1.0,True,0.00031434981731717423,0.04850052407783269
sub-014,remember,alpha_beta_frontal_ratio,21,0.010598326426218666,0.0013925920281986,1.0,22,0.006868067233128458,-0.00017555386438575,1.0,True,0.0037302591930902084,0.543130849840421
sub-014,remember,alpha_beta_occipital_ratio,21,-0.0030404090019476773,0.0122057214637856,-1.0,22,-0.010147514905164053,0.0075259452461013,-1.0,True,0.007107105903216376,0.7003789567827667
sub-014,remember,alpha_beta_parietal_ratio,21,-0.003595841873461448,-0.0041983625131893,-1.0,22,-0.00889987824774338,-0.007146879630928599,-1.0,True,0.005304036374281932,0.5959672960275387
sub-014,remember,alpha_beta_ratio,21,-0.0016161508047870929,0.0047890880054006,-1.0,22,-0.004946131824715725,1.643148696604986e-05,-1.0,True,0.0033299810199286317,0.6732495489280697
sub-014,remember,alpha_beta_temporal_ratio,21,0.058365491662652896,0.0413157779111308,1.0,22,0.05233680591085687,0.0315087420271479,1.0,True,0.006028685751796027,0.11519017347112163
sub-014,remember,alpha_central,21,-0.019133147983354457,-0.0269006979629089,-1.0,22,-0.01501586222283353,-0.01501119428169965,-1.0,True,0.004117285760520926,0.27419576041794447
sub-014,remember,alpha_frontal,21,-0.0018419073940717113,0.0412922987827182,-1.0,22,-0.0030707927750683456,0.031058370447483198,-1.0,True,0.0012288853809966343,0.4001850567625109
sub-014,remember,alpha_frontoparietal_diff,21,0.01157931190511957,0.0003508395007239,1.0,22,0.00974893749781017,0.0002832907681079,1.0,True,0.001830374407309399,0.1877511685473973
sub-014,remember,alpha_frontoparietal_ratio,21,0.014460041197474481,-0.0087302300649315,1.0,22,0.01227663886432328,-0.010858941748103399,1.0,True,0.0021834023331512003,0.17785017196329778
sub-014,remember,alpha_occipital,21,-0.012856550790932543,0.0139094496498538,-1.0,22,-0.013808574837919587,0.006018385239761,-1.0,True,0.0009520240469870437,0.06894441013367289
sub-014,remember,alpha_rel,21,-0.0008217686625570015,0.0053042106048458,-1.0,22,-0.003156714484513651,0.00273943482436755,-1.0,True,0.0023349458219566496,0.7396759616403478
sub-014,remember,alpha_temporal,21,0.016786679701802778,0.0311805965478287,1.0,22,0.01629686962287168,0.025018799178911,1.0,True,0.000489810078931098,0.030055470177148557
sub-014,remember,beta_abs,21,0.008106084907408924,0.0015822985112636,1.0,22,0.011882839884920149,0.0064287775629291,1.0,True,0.003776754977511225,0.3178326910138792
sub-014,remember,beta_central,21,-0.01770674374598322,0.013280913261545,-1.0,22,-0.009108361260200665,0.017305056347534098,-1.0,True,0.008598382485782555,0.9440098213224718
sub-014,remember,beta_frontal,21,0.004697593116006922,0.026233714488158,1.0,22,0.006292755656684213,0.02676135788213745,1.0,True,0.001595162540677291,0.25349189253564886
sub-014,remember,beta_frontoparietal_diff,21,0.018977915840860345,0.0118892291000058,1.0,22,0.015061675649799796,0.0103621489766398,1.0,True,0.003916240191060549,0.2600135789747009
sub-014,remember,beta_frontoparietal_ratio,21,0.012659461511767504,0.0303288138071968,1.0,22,0.009995618660365795,0.0250422045529727,1.0,True,0.002663842851401709,0.26650104830071863
sub-014,remember,beta_occipital,21,-0.021650277371953415,0.0042915554102766,-1.0,22,-0.011332306790655403,0.01008362228756505,-1.0,True,0.010317970581298012,0.9104916388079248
sub-014,remember,beta_parietal,21,-0.01364927055198734,0.0014058908518956,-1.0,22,-0.005930338816362909,0.005094234456075399,-1.0,True,0.00771893173562443,1.301600460723502
sub-014,remember,beta_rel,21,0.005964983979095072,0.0156151544303551,1.0,22,0.01053903365996976,0.0168174660327096,1.0,True,0.004574049680874689,0.434010349378447
sub-014,remember,beta_temporal,21,-0.06431863348330828,0.0126926902113925,-1.0,22,-0.06158071509031959,0.012371174100029601,-1.0,True,0.002737918392988689,0.04446064630741981
sub-014,remember,delta_abs,21,0.0025419041565025065,-0.0065310986896701,1.0,22,0.007228722856415695,-0.0031531389258265497,1.0,True,0.004686818699913189,0.6483605462552081
sub-014,remember,delta_central,21,-0.01053795323316308,-0.0094764678096541,-1.0,22,-0.002242849784410514,-0.0058486340347987,-1.0,True,0.008295103448752566,3.698465901020099
sub-014,remember,delta_frontoparietal_diff,21,-0.01265341028169482,-0.0056186456872859,-1.0,22,-0.008891798665416483,-0.0035818687385868,-1.0,True,0.003761611616278337,0.4230428238224338
sub-014,remember,delta_frontoparietal_ratio,21,-0.004956616547482398,0.0149154362677029,-1.0,22,-0.008555437293700145,0.00552592003253765,-1.0,True,0.0035988207462177473,0.4206472004496794
sub-014,remember,delta_occipital,21,0.006140833626608015,0.0070640186658745,1.0,22,0.009659547749774438,0.0202226940751393,1.0,True,0.0035187141231664233,0.3642731745126048
sub-014,remember,delta_parietal,21,0.0036719050950716962,-0.0136349380070306,1.0,22,0.007668092957052327,-0.0127862519011169,1.0,True,0.003996187861980631,0.5211449423425868
sub-014,remember,delta_rel,21,0.012581096039632719,0.0012608412923472,1.0,22,0.012862226458615516,0.0100134032748007,1.0,True,0.00028113041898279734,0.021857057165595738
sub-014,remember,delta_temporal,21,-0.00822339284744698,0.0104766210105404,-1.0,22,-0.004455897646301734,0.010532915525169599,-1.0,True,0.0037674952011452463,0.8455075722558749
sub-014,remember,delta_theta_ratio,21,-0.001734804997156948,-0.0103725893448459,-1.0,22,-0.00018999032316373288,-0.0103091462388365,-1.0,True,0.0015448146739932152,8.131017665893964
sub-014,remember,gamma_abs,21,0.01997306119623931,0.0098017117493061,1.0,22,0.025495370910866674,0.027636058275061652,1.0,True,0.005522309714627364,0.21660048539531687
sub-014,remember,gamma_central,21,0.007475248815107864,0.0346513308777112,1.0,22,0.014558284246406573,0.0427861302894467,1.0,True,0.007083035431298709,0.48652954643656016
sub-014,remember,gamma_frontal,21,0.020011922897695034,0.0058597867844745,1.0,22,0.020143744628534934,0.0143858938803237,1.0,True,0.00013182173083989973,0.006544052919195849
sub-014,remember,gamma_frontoparietal_ratio,21,0.03535696320028072,-0.0235747915241677,1.0,22,0.026023240242854986,-0.03536198003882305,1.0,True,0.009333722957425735,0.3586687464866497
sub-014,remember,gamma_occipital,21,0.012882006573236687,0.0106571001683149,1.0,22,0.023031090473266857,0.0133513575859867,1.0,True,0.01014908390003017,0.44066883901179726
sub-014,remember,gamma_parietal,21,0.004832488530028921,0.0152558222126462,1.0,22,0.018942058685776395,0.02026889488011765,1.0,True,0.014109570155747474,0.7448805005731695
sub-014,remember,gamma_rel,21,0.019827326399857376,0.0107890980495597,1.0,22,0.02631386588803555,0.0210692636781099,1.0,True,0.0064865394881781745,0.24650651925407469
sub-014,remember,gamma_temporal,21,-0.05982188000436825,0.0276814519819795,-1.0,22,-0.05651817964866923,0.02027048990149495,-1.0,True,0.0033037003556990185,0.058453764368131184
sub-014,remember,theta_abs,21,-0.004984166352584916,0.0253465952983008,-1.0,22,-0.0029891438300134214,0.0321264622211444,-1.0,True,0.0019950225225714947,0.667422725711575
sub-014,remember,theta_alpha_central_ratio,21,0.02513014660860907,0.0022639975020207,1.0,22,0.024055814630122893,0.0018794202919669499,1.0,True,0.0010743319784861753,0.04465997078065641
sub-014,remember,theta_alpha_frontal_ratio,21,0.009610536170147161,0.0081747944364008,1.0,22,0.010202402386540039,0.0102901272273364,1.0,True,0.0005918662163928775,0.05801243608796715
sub-014,remember,theta_alpha_occipital_ratio,21,0.02173576470897355,0.0022400203155615,1.0,22,0.019958592202797092,-0.00039517783826780004,1.0,True,0.0017771725061764589,0.08904297898964023
sub-014,remember,theta_alpha_parietal_ratio,21,0.020965447458802355,-0.0092970279075838,1.0,22,0.01811562122035374,-0.01519353624041025,1.0,True,0.0028498262384486148,0.1573131941645315
sub-014,remember,theta_alpha_ratio,21,0.013711661152948876,0.0005146220445551,1.0,22,0.013720792059534921,0.0072135815711985,1.0,True,9.130906586045373e-06,0.0006654795544182945
sub-014,remember,theta_alpha_temporal_ratio,21,-0.007264862374501348,-0.0084465845946709,-1.0,22,0.0003842089452644267,-0.004374930220801349,1.0,False,0.007649071319765775,19.908623716455647
sub-014,remember,theta_beta_ratio,21,0.004726873076045761,0.0116195141910852,1.0,22,0.004779497052755068,0.00875205737736785,1.0,True,5.262397670930709e-05,0.011010358648296017
sub-014,remember,theta_central,21,-0.008679858460351861,0.0111190608577165,-1.0,22,-0.004115907282348823,0.011607086792101099,-1.0,True,0.004563951178003038,1.1088566541757785
sub-014,remember,theta_frontoparietal_diff,21,0.007039497405924784,0.0005638273318519,1.0,22,0.007216404476452345,0.0012829558183184,1.0,True,0.0001769070705275608,0.024514572472319356
sub-014,remember,theta_frontoparietal_ratio,21,0.00853343445819206,0.0134327576557016,1.0,22,0.007059147266353017,0.01235521432324275,1.0,True,0.0014742871918390433,0.20884777384743633
sub-014,remember,theta_occipital,21,0.002939559995362679,0.0236953785632645,1.0,22,0.001496081143524913,0.0100555128668375,1.0,True,0.001443478851837766,0.9648399474087274
sub-014,remember,theta_parietal,21,-0.012031004894656245,0.0152573544594434,-1.0,22,-0.010798479725520525,0.0151709516428865,-1.0,True,0.0012325251691357193,0.11413876772142638
sub-014,remember,theta_rel,21,-0.013851559328227929,-0.0029168151123687,-1.0,22,-0.014536550484554562,-0.00514433645290715,-1.0,True,0.0006849911563266333,0.04712198791965488
sub-014,remember,theta_temporal,21,-0.007257507703411156,0.0003462722352739,-1.0,22,-0.0033958097139939105,0.00229113186847875,-1.0,True,0.003861697989417246,1.1371950476210255
sub-014,correct,alpha_abs,16,-0.0025382958251676316,-0.032418045873448445,-1.0,17,0.003977169084874701,-0.0314873277469293,1.0,False,0.006515464910042333,1.6382167242576762
sub-014,correct,alpha_beta_central_ratio,16,0.1632832379575939,0.1265473772648927,1.0,17,0.14402964758962156,0.0918357757863384,1.0,True,0.019253590367972334,0.13367796623949876
sub-014,correct,alpha_beta_frontal_ratio,16,-0.000975954415630198,0.0592428703998227,-1.0,17,0.011768877838233034,0.1052386511879747,1.0,False,0.012744832253863232,1.0829267181667617
sub-014,correct,alpha_beta_occipital_ratio,16,-0.05185569884207637,-0.0017944057997032001,-1.0,17,-0.03671384250847402,0.0245095354919788,-1.0,True,0.01514185633360235,0.41242908121391586
sub-014,correct,alpha_beta_parietal_ratio,16,0.020606117339495043,0.0308184243304054,1.0,17,0.037132833069950806,0.0382750490663845,1.0,True,0.016526715730455763,0.44507015393419475
sub-014,correct,alpha_beta_ratio,16,0.037661823344288796,0.0206772974888908,1.0,17,0.046180390629905685,0.027962344081358,1.0,True,0.008518567285616889,0.18446286766791445
sub-014,correct,alpha_beta_temporal_ratio,16,0.061719854160685414,0.0599705395902789,1.0,17,0.06494299068767259,0.0617200039401055,1.0,True,0.0032231365269871776,0.04963024481715145
sub-014,correct,alpha_central,16,0.04625061659766435,0.0216679967399595,1.0,17,0.04246795987509471,0.0177681990916285,1.0,True,0.0037826567225696384,0.0890708367836613
sub-014,correct,alpha_frontal,16,-0.023740242436560907,-0.0660759565515068,-1.0,17,-0.0117935947338535,-0.0626760015310623,-1.0,True,0.011946647702707407,1.0129776350898823
sub-014,correct,alpha_frontoparietal_diff,16,-0.035522449801065184,-0.044718786885953446,-1.0,17,-0.030850199169255386,-0.0426794577245955,-1.0,True,0.004672250631809798,0.15144960997418966
sub-014,correct,alpha_frontoparietal_ratio,16,-0.09235315000604467,-0.1129758669700513,-1.0,17,-0.07059348720716957,-0.0935569508164402,-1.0,True,0.021759662798875104,0.308238956024617
sub-014,correct,alpha_occipital,16,-0.04934038543139224,-0.041301851231255,-1.0,17,-0.0353875819230478,-0.0226737443574212,-1.0,True,0.013952803508344443,0.3942853043388374
sub-014,correct,alpha_rel,16,0.053402577239479304,0.06350018877161565,1.0,17,0.05097832355011286,0.0454504463368716,1.0,True,0.002424253689366447,0.04755459812214794
sub-014,correct,alpha_temporal,16,0.02028658127641829,0.02549389704777165,1.0,17,0.027248635892917775,0.0259348503649758,1.0,True,0.006962054616499486,0.2555010329272667
sub-014,correct,beta_abs,16,0.0079839207614215,0.0286911864095237,1.0,17,0.0006445398145583712,0.022617076858297,1.0,True,0.007339380946863129,11.387009430739294
sub-014,correct,beta_central,16,-0.10635539650498162,-0.06024987057689475,-1.0,17,-0.08727746109283907,-0.0573648282093374,-1.0,True,0.019077935412142547,0.21858948660123032
sub-014,correct,beta_frontal,16,0.012871619886876375,0.00850545332844495,1.0,17,0.010174146145588859,-0.0024640408308667,1.0,True,0.0026974737412875163,0.265130233307789
sub-014,correct,beta_frontoparietal_diff,16,-0.05751152720510306,-0.07839993716479321,-1.0,17,-0.03944986095015843,-0.0650358100322439,-1.0,True,0.018061666254944632,0.457838527688704
sub-014,correct,beta_frontoparietal_ratio,16,-0.06719398677423499,-0.07884275343481535,-1.0,17,-0.04525945894883748,-0.0780281715566495,-1.0,True,0.02193452782539751,0.4846396385381649
sub-014,correct,beta_occipital,16,0.07780112079425903,0.1042774420209617,1.0,17,0.05622197652916972,0.075512730773342,1.0,True,0.021579144265089313,0.3838204488220612
sub-014,correct,beta_parietal,16,0.07146668424401657,0.0330676030882919,1.0,17,0.04568359299605848,0.0300598021055862,1.0,True,0.025783091247958093,0.5643840503128251
sub-014,correct,beta_rel,16,0.021285603272038878,-0.00773843599364925,1.0,17,0.004003613901954628,-0.0116664289571332,1.0,True,0.01728198937008425,4.316597402573437
sub-014,correct,beta_temporal,16,0.000878918824826139,-0.0471285905376733,1.0,17,0.0020193839783318964,0.0030800889060386,1.0,True,0.0011404651535057574,0.5647589392324652
sub-014,correct,delta_abs,16,0.04501085763240339,0.0686744600348379,1.0,17,0.0500998314822681,0.0751932060962368,1.0,True,0.00508897384986471,0.10157666601465232
sub-014,correct,delta_central,16,0.008947474390701097,0.0258696025617372,1.0,17,0.01594723148571994,0.053237904630791,1.0,True,0.006999757095018842,0.43893243170683416
sub-014,correct,delta_frontoparietal_diff,16,0.058281764270940985,0.0874525695713427,1.0,17,0.0627843531353025,0.0965889029100864,1.0,True,0.004502588864361522,0.0717151430175331
sub-014,correct,delta_frontoparietal_ratio,16,-0.0031024152960322446,0.06785178037447856,-1.0,17,0.007618362637043261,0.0767235494216667,1.0,False,0.010720777933075507,1.4072286190404182
sub-014,correct,delta_occipital,16,0.031350529213118664,0.026466660816486347,1.0,17,0.03884197513017873,0.0337134178161626,1.0,True,0.007491445917060066,0.19286984999996817
sub-014,correct,delta_parietal,16,0.03904453184061285,0.06603914374845984,1.0,17,0.042145890738078534,0.0816931621013528,1.0,True,0.0031013588974656836,0.07358627005274387
sub-014,correct,delta_rel,16,-0.07941178942434862,-0.0199241075707751,-1.0,17,-0.07439446030727782,-0.0181843987718074,-1.0,True,0.005017329117070798,0.0674422409457276
sub-014,correct,delta_temporal,16,0.047563981078331,0.05555577461190425,1.0,17,0.05208933196612908,0.0902600490670809,1.0,True,0.0045253508877980825,0.08687673112683951
sub-014,correct,delta_theta_ratio,16,-0.06096738177374556,-0.017553290673687702,-1.0,17,-0.055106454857458256,0.0119751868871558,-1.0,True,0.005860926916287305,0.10635645010094624
sub-014,correct,gamma_abs,16,-0.03168044063682563,-0.047640854842901,-1.0,17,-0.05686524273293527,-0.0685925280951577,-1.0,True,0.02518480209610964,0.44288568703362063
sub-014,correct,gamma_central,16,-0.1940288833808972,-0.10132551739606299,-1.0,17,-0.18547637333133052,-0.0566883528600988,-1.0,True,0.00855251004956667,0.04611104851769272
sub-014,correct,gamma_frontal,16,-0.007796835564633571,-0.06609408315094994,-1.0,17,-0.018570855272571345,-0.0854695744567192,-1.0,True,0.010774019707937774,0.5801574321593422
sub-014,correct,gamma_frontoparietal_ratio,16,-0.047577695877752665,-0.15163306776803695,-1.0,17,0.0009702615712471755,-0.1482127749572843,1.0,False,0.04854795744899984,50.035947921338604
sub-014,correct,gamma_occipital,16,-0.0549951633850921,-0.0343987691604214,-1.0,17,-0.08945879593248873,-0.0548388597736076,-1.0,True,0.034463632547396636,0.3852458798283522
sub-014,correct,gamma_parietal,16,-0.011497203514426466,-0.07588649968283895,-1.0,17,-0.05958862522387283,-0.1006162409118598,-1.0,True,0.048091421709446365,0.8070570772319081
sub-014,correct,gamma_rel,16,-0.0768015225761594,-0.06331576012581985,-1.0,17,-0.10166472404316662,-0.0680082285851119,-1.0,True,0.024863201467007226,0.2445607530144907
sub-014,correct,gamma_temporal,16,-0.030443827358672314,-0.0739849376281476,-1.0,17,-0.03680055328585214,-0.1385081681207297,-1.0,True,0.0063567259271798265,0.1727345205329739
sub-014,correct,theta_abs,16,0.08814591832291192,0.059712800635390646,1.0,17,0.09306439261390705,0.1011817885579857,1.0,True,0.004918474290995123,0.052850227169055124
sub-014,correct,theta_alpha_central_ratio,16,0.01821860463830885,0.02108183965050095,1.0,17,0.019230682046213178,0.024672152042746,1.0,True,0.0010120774079043285,0.0526282638063595
sub-014,correct,theta_alpha_frontal_ratio,16,0.05116512664255736,0.0674558256649708,1.0,17,0.05565969462472302,0.0808250903691507,1.0,True,0.004494567982165659,0.08075085593748936
sub-014,correct,theta_alpha_occipital_ratio,16,0.0837891434661035,0.050266443260382,1.0,17,0.07878043065566702,0.0375691400620294,1.0,True,0.00500871281043648,0.06357813442691788
sub-014,correct,theta_alpha_parietal_ratio,16,0.04478315101902332,0.0394963432333881,1.0,17,0.057607059823141175,0.0484739848887195,1.0,True,0.012823908804117858,0.22261002112394565
sub-014,correct,theta_alpha_ratio,16,0.05313312103225051,0.055257888173760206,1.0,17,0.05985120385013264,0.0618279945127793,1.0,True,0.006718082817882123,0.11224641086091096
sub-014,correct,theta_alpha_temporal_ratio,16,0.043858364573275396,-0.02188579863810495,1.0,17,0.058508311526769,-0.019445121900486,1.0,True,0.0146499469534936,0.2503908687706855
sub-014,correct,theta_beta_ratio,16,0.04304641544974877,0.0592155397932908,1.0,17,0.05244258158047268,0.0847662864916092,1.0,True,0.009396166130723908,0.1791705489613545
sub-014,correct,theta_central,16,0.11233646813375542,0.0710715487026947,1.0,17,0.11307711641494934,0.1026073676032386,1.0,True,0.0007406482811939258,0.006549939587033973
sub-014,correct,theta_frontoparietal_diff,16,0.010754224039452732,-0.0199145723508928,1.0,17,0.006159832855024103,-0.0620817786206806,1.0,True,0.004594391184428629,0.7458629629343492
sub-014,correct,theta_frontoparietal_ratio,16,-0.04660082891221066,-0.021761850172533702,-1.0,17,-0.03877004880421776,-0.0184003772783559,-1.0,True,0.007830780107992895,0.20198014574438686
sub-014,correct,theta_occipital,16,0.07082929834857493,0.06444441068411275,1.0,17,0.07227551076487133,0.0680261649250033,1.0,True,0.0014462124162964024,0.02000971561448054
sub-014,correct,theta_parietal,16,0.07600373636526556,0.0928027780251289,1.0,17,0.08155791977439754,0.1098504300048916,1.0,True,0.0055541834091319825,0.06810109213790343
sub-014,correct,theta_rel,16,0.08192499822189447,0.011895462140166601,1.0,17,0.08679106636054519,0.0267486725345396,1.0,True,0.004866068138650717,0.05606646332050148
sub-014,correct,theta_temporal,16,0.10016615894801928,0.05434937192189765,1.0,17,0.10826577717700087,0.0660816722314345,1.0,True,0.008099618228981587,0.0748123593639358
sub-015,remember,alpha_abs,21,-0.006338956468255719,0.0213409031658623,-1.0,22,-0.004225080718999699,0.02401404754028395,-1.0,True,0.0021138757492560195,0.500316062542939
sub-015,remember,alpha_beta_central_ratio,21,-0.004652778675751928,0.0001199766672669,-1.0,22,-0.006481369496393726,-0.0012023537617123499,-1.0,True,0.0018285908206417982,0.28213031546176115
sub-015,remember,alpha_beta_frontal_ratio,21,0.011013602117046493,0.0013925920281986,1.0,22,0.006868067233128458,-0.00017555386438575,1.0,True,0.004145534883918035,0.6035955594496579
sub-015,remember,alpha_beta_occipital_ratio,21,-0.01124543855955258,0.002846169028417,-1.0,22,-0.010147514905164053,0.0075259452461013,-1.0,True,0.0010979236543885267,0.10819630861835888
sub-015,remember,alpha_beta_parietal_ratio,21,-0.012232867973870833,-0.0100953967486679,-1.0,22,-0.00889987824774338,-0.007146879630928599,-1.0,True,0.003332989726127453,0.3744983508030072
sub-015,remember,alpha_beta_ratio,21,-0.004751041947967739,0.0047890880054006,-1.0,22,-0.004946131824715725,1.643148696604986e-05,-1.0,True,0.0001950898767479857,0.03944291896409339
sub-015,remember,alpha_beta_temporal_ratio,21,0.052479910743765214,0.021701706143165,1.0,22,0.05233680591085687,0.0315087420271479,1.0,True,0.00014310483290834453,0.0027343058182054346
sub-015,remember,alpha_central,21,-0.014312692581869362,-0.0031216906004904,-1.0,22,-0.01501586222283353,-0.01501119428169965,-1.0,True,0.0007031696409641689,0.04682845583751494
sub-015,remember,alpha_frontal,21,-0.0025349806240371935,0.0412922987827182,-1.0,22,-0.0030707927750683456,0.031058370447483198,-1.0,True,0.0005358121510311521,0.17448658710590678
sub-015,remember,alpha_frontoparietal_diff,21,0.02165870857897844,0.0003508395007239,1.0,22,0.00974893749781017,0.0002832907681079,1.0,True,0.01190977108116827,1.2216481112781234
sub-015,remember,alpha_frontoparietal_ratio,21,0.02379186266976121,-0.0087302300649315,1.0,22,0.01227663886432328,-0.010858941748103399,1.0,True,0.011515223805437928,0.9379785406005486
sub-015,remember,alpha_occipital,21,-0.01809703614202588,-0.0018726791703318,-1.0,22,-0.013808574837919587,0.006018385239761,-1.0,True,0.004288461304106294,0.3105650912163502
sub-015,remember,alpha_rel,21,-0.006498681364093888,0.0001746590438893,-1.0,22,-0.003156714484513651,0.00273943482436755,-1.0,True,0.003341966879580237,1.058685191826947
sub-015,remember,alpha_temporal,21,0.014842986260565698,0.0188570018099933,1.0,22,0.01629686962287168,0.025018799178911,1.0,True,0.0014538833623059817,0.08921243134114196
sub-015,remember,beta_abs,21,0.012540003412022013,0.0112752566145946,1.0,22,0.011882839884920149,0.0064287775629291,1.0,True,0.0006571635271018644,0.05530357502635663
sub-015,remember,beta_central,21,-0.01255229162201472,0.013280913261545,-1.0,22,-0.009108361260200665,0.017305056347534098,-1.0,True,0.003443930361814054,0.37810647419777255
sub-015,remember,beta_frontal,21,0.0029678088996655085,0.026233714488158,1.0,22,0.006292755656684213,0.02676135788213745,1.0,True,0.0033249467570187043,0.5283769048758346
sub-015,remember,beta_frontoparietal_diff,21,0.009544275773406932,0.0088350688532738,1.0,22,0.015061675649799796,0.0103621489766398,1.0,True,0.005517399876392864,0.3663204549532444
sub-015,remember,beta_frontoparietal_ratio,21,0.009027371272421467,0.0197555952987486,1.0,22,0.009995618660365795,0.0250422045529727,1.0,True,0.0009682473879443279,0.09686717959575444
sub-015,remember,beta_occipital,21,-0.007905258109707495,0.0158756891648535,-1.0,22,-0.011332306790655403,0.01008362228756505,-1.0,True,0.0034270486809479077,0.3024140401646949
sub-015,remember,beta_parietal,21,-0.0027971403818988724,0.0087825780602552,-1.0,22,-0.005930338816362909,0.005094234456075399,-1.0,True,0.0031331984344640366,0.5283337987062322
sub-015,remember,beta_rel,21,0.008712131026295804,0.0156151544303551,1.0,22,0.01053903365996976,0.0168174660327096,1.0,True,0.001826902633673957,0.17334631358215047
sub-015,remember,beta_temporal,21,-0.06481297501701519,0.0126926902113925,-1.0,22,-0.06158071509031959,0.012371174100029601,-1.0,True,0.0032322599266955965,0.05248818436023169
sub-015,remember,delta_abs,21,0.013689139981896702,0.000224820838017,1.0,22,0.007228722856415695,-0.0031531389258265497,1.0,True,0.006460417125481007,0.8937148724338221
sub-015,remember,delta_central,21,0.006624201216199696,-0.0022208002599433,1.0,22,-0.002242849784410514,-0.0058486340347987,-1.0,False,0.00886705100061021,3.9534752002754967
sub-015,remember,delta_frontoparietal_diff,21,-0.003012321886893229,-0.0015450917898877,-1.0,22,-0.008891798665416483,-0.0035818687385868,-1.0,True,0.005879476778523254,0.6612246857759757
sub-015,remember,delta_frontoparietal_ratio,21,0.0023741441795731605,0.0149154362677029,1.0,22,-0.008555437293700145,0.00552592003253765,-1.0,False,0.010929581473273305,1.2775012074860717
sub-015,remember,delta_occipital,21,0.015813237459539616,0.0333813694844041,1.0,22,0.009659547749774438,0.0202226940751393,1.0,True,0.006153689709765178,0.6370577452664773
sub-015,remember,delta_parietal,21,0.013438966594059939,-0.0119375657952032,1.0,22,0.007668092957052327,-0.0127862519011169,1.0,True,0.005770873637007612,0.7525826394292929
sub-015,remember,delta_rel,21,0.025495715606649833,0.0187659652572542,1.0,22,0.012862226458615516,0.0100134032748007,1.0,True,0.012633489148034317,0.9822163517865926
sub-015,remember,delta_temporal,21,-0.0011448277064520095,0.0105892100397988,-1.0,22,-0.004455897646301734,0.010532915525169599,-1.0,True,0.0033110699398497243,0.7430758519773938
sub-015,remember,delta_theta_ratio,21,0.0136369905541989,-0.0102457031328271,1.0,22,-0.00018999032316373288,-0.0103091462388365,-1.0,False,0.013826980877362633,72.77729016465011
sub-015,remember,gamma_abs,21,0.022577599157287957,0.0098017117493061,1.0,22,0.025495370910866674,0.027636058275061652,1.0,True,0.0029177717535787163,0.11444319691521332
sub-015,remember,gamma_central,21,0.009070381180762536,0.0346513308777112,1.0,22,0.014558284246406573,0.0427861302894467,1.0,True,0.005487903065644038,0.3769608404918058
sub-015,remember,gamma_frontal,21,0.01752251948291325,0.0058597867844745,1.0,22,0.020143744628534934,0.0143858938803237,1.0,True,0.0026212251456216827,0.1301260115216386
sub-015,remember,gamma_frontoparietal_ratio,21,0.029507640661728014,-0.0235747915241677,1.0,22,0.026023240242854986,-0.03536198003882305,1.0,True,0.0034844004188730286,0.13389571730329453
sub-015,remember,gamma_occipital,21,0.02122992983550473,0.0106571001683149,1.0,22,0.023031090473266857,0.0133513575859867,1.0,True,0.0018011606377621274,0.07820561687484183
sub-015,remember,gamma_parietal,21,0.015403341669695848,0.0152558222126462,1.0,22,0.018942058685776395,0.02026889488011765,1.0,True,0.003538717016080547,0.18681797342005765
sub-015,remember,gamma_rel,21,0.024766720094552136,0.0107890980495597,1.0,22,0.02631386588803555,0.0210692636781099,1.0,True,0.0015471457934834142,0.058795837907909765
sub-015,remember,gamma_temporal,21,-0.06473245501129775,0.0128595278210104,-1.0,22,-0.05651817964866923,0.02027048990149495,-1.0,True,0.008214275362628518,0.14533863995072832
sub-015,remember,theta_abs,21,-0.0060824221284265,0.0253465952983008,-1.0,22,-0.0029891438300134214,0.0321264622211444,-1.0,True,0.0030932782984130786,1.0348375569465955
sub-015,remember,theta_alpha_central_ratio,21,0.016959191662760834,0.0014948430819132,1.0,22,0.024055814630122893,0.0018794202919669499,1.0,True,0.007096622967362059,0.29500655357044564
sub-015,remember,theta_alpha_frontal_ratio,21,0.0027376662446839573,0.0081747944364008,1.0,22,0.010202402386540039,0.0102901272273364,1.0,True,0.007464736141856082,0.7316645490972066
sub-015,remember,theta_alpha_occipital_ratio,21,0.02293404004350367,0.0022400203155615,1.0,22,0.019958592202797092,-0.00039517783826780004,1.0,True,0.0029754478407065764,0.1490810479252932
sub-015,remember,theta_alpha_parietal_ratio,21,0.014721893500716874,-0.0210900445732367,1.0,22,0.01811562122035374,-0.01519353624041025,1.0,True,0.0033937277196368666,0.1873370876083375
sub-015,remember,theta_alpha_ratio,21,0.009878278634338187,0.0005146220445551,1.0,22,0.013720792059534921,0.0072135815711985,1.0,True,0.0038425134251967343,0.28005040879010157
sub-015,remember,theta_alpha_temporal_ratio,21,-0.008435275579430829,-0.0084465845946709,-1.0,22,0.0003842089452644267,-0.004374930220801349,1.0,False,0.008819484524695255,22.95491719648891
sub-015,remember,theta_beta_ratio,21,0.0020637930448870684,0.0058846005636505,1.0,22,0.004779497052755068,0.00875205737736785,1.0,True,0.002715704007868,0.5681986991293516
sub-015,remember,theta_central,21,-0.005095507397534289,0.0111190608577165,-1.0,22,-0.004115907282348823,0.011607086792101099,-1.0,True,0.000979600115185466,0.23800344565255557
sub-015,remember,theta_frontoparietal_diff,21,0.008045225269131333,0.0020020843047849,1.0,22,0.007216404476452345,0.0012829558183184,1.0,True,0.0008288207926789885,0.11485231951500104
sub-015,remember,theta_frontoparietal_ratio,21,0.01177293167035862,0.0134327576557016,1.0,22,0.007059147266353017,0.01235521432324275,1.0,True,0.004713784404005603,0.6677554988084129
sub-015,remember,theta_occipital,21,-0.003205173612920026,-0.0035843528295895,-1.0,22,0.001496081143524913,0.0100555128668375,1.0,False,0.004701254756444939,3.1423795272015287
sub-015,remember,theta_parietal,21,-0.019347683088658373,0.0150845488263296,-1.0,22,-0.010798479725520525,0.0151709516428865,-1.0,True,0.008549203363137848,0.7917043491717762
sub-015,remember,theta_rel,21,-0.029314468301799897,-0.0073718577934456,-1.0,22,-0.014536550484554562,-0.00514433645290715,-1.0,True,0.014777917817245335,1.016604168433717
sub-015,remember,theta_temporal,21,-0.011198422979272567,0.0003462722352739,-1.0,22,-0.0033958097139939105,0.00229113186847875,-1.0,True,0.007802613265278657,2.2977180473701444
sub-015,correct,alpha_abs,17,0.003977169084874701,-0.0314873277469293,1.0,17,0.003977169084874701,-0.0314873277469293,1.0,True,0.0,0.0
sub-015,correct,alpha_beta_central_ratio,17,0.14402964758962156,0.0918357757863384,1.0,17,0.14402964758962156,0.0918357757863384,1.0,True,0.0,0.0
sub-015,correct,alpha_beta_frontal_ratio,17,0.011768877838233034,0.1052386511879747,1.0,17,0.011768877838233034,0.1052386511879747,1.0,True,0.0,0.0
sub-015,correct,alpha_beta_occipital_ratio,17,-0.03671384250847402,0.0245095354919788,-1.0,17,-0.03671384250847402,0.0245095354919788,-1.0,True,0.0,0.0
sub-015,correct,alpha_beta_parietal_ratio,17,0.037132833069950806,0.0382750490663845,1.0,17,0.037132833069950806,0.0382750490663845,1.0,True,0.0,0.0
sub-015,correct,alpha_beta_ratio,17,0.046180390629905685,0.027962344081358,1.0,17,0.046180390629905685,0.027962344081358,1.0,True,0.0,0.0
sub-015,correct,alpha_beta_temporal_ratio,17,0.06494299068767259,0.0617200039401055,1.0,17,0.06494299068767259,0.0617200039401055,1.0,True,0.0,0.0
sub-015,correct,alpha_central,17,0.04246795987509471,0.0177681990916285,1.0,17,0.04246795987509471,0.0177681990916285,1.0,True,0.0,0.0
sub-015,correct,alpha_frontal,17,-0.0117935947338535,-0.0626760015310623,-1.0,17,-0.0117935947338535,-0.0626760015310623,-1.0,True,0.0,0.0
sub-015,correct,alpha_frontoparietal_diff,17,-0.030850199169255386,-0.0426794577245955,-1.0,17,-0.030850199169255386,-0.0426794577245955,-1.0,True,0.0,0.0
sub-015,correct,alpha_frontoparietal_ratio,17,-0.07059348720716957,-0.0935569508164402,-1.0,17,-0.07059348720716957,-0.0935569508164402,-1.0,True,0.0,0.0
sub-015,correct,alpha_occipital,17,-0.0353875819230478,-0.0226737443574212,-1.0,17,-0.0353875819230478,-0.0226737443574212,-1.0,True,0.0,0.0
sub-015,correct,alpha_rel,17,0.05097832355011286,0.0454504463368716,1.0,17,0.05097832355011286,0.0454504463368716,1.0,True,0.0,0.0
sub-015,correct,alpha_temporal,17,0.027248635892917775,0.0259348503649758,1.0,17,0.027248635892917775,0.0259348503649758,1.0,True,0.0,0.0
sub-015,correct,beta_abs,17,0.0006445398145583712,0.022617076858297,1.0,17,0.0006445398145583712,0.022617076858297,1.0,True,0.0,0.0
sub-015,correct,beta_central,17,-0.08727746109283907,-0.0573648282093374,-1.0,17,-0.08727746109283907,-0.0573648282093374,-1.0,True,0.0,0.0
sub-015,correct,beta_frontal,17,0.010174146145588859,-0.0024640408308667,1.0,17,0.010174146145588859,-0.0024640408308667,1.0,True,0.0,0.0
sub-015,correct,beta_frontoparietal_diff,17,-0.03944986095015843,-0.0650358100322439,-1.0,17,-0.03944986095015843,-0.0650358100322439,-1.0,True,0.0,0.0
sub-015,correct,beta_frontoparietal_ratio,17,-0.04525945894883748,-0.0780281715566495,-1.0,17,-0.04525945894883748,-0.0780281715566495,-1.0,True,0.0,0.0
sub-015,correct,beta_occipital,17,0.05622197652916972,0.075512730773342,1.0,17,0.05622197652916972,0.075512730773342,1.0,True,0.0,0.0
sub-015,correct,beta_parietal,17,0.04568359299605848,0.0300598021055862,1.0,17,0.04568359299605848,0.0300598021055862,1.0,True,0.0,0.0
sub-015,correct,beta_rel,17,0.004003613901954628,-0.0116664289571332,1.0,17,0.004003613901954628,-0.0116664289571332,1.0,True,0.0,0.0
sub-015,correct,beta_temporal,17,0.0020193839783318964,0.0030800889060386,1.0,17,0.0020193839783318964,0.0030800889060386,1.0,True,0.0,0.0
sub-015,correct,delta_abs,17,0.0500998314822681,0.0751932060962368,1.0,17,0.0500998314822681,0.0751932060962368,1.0,True,0.0,0.0
sub-015,correct,delta_central,17,0.01594723148571994,0.053237904630791,1.0,17,0.01594723148571994,0.053237904630791,1.0,True,0.0,0.0
sub-015,correct,delta_frontoparietal_diff,17,0.0627843531353025,0.0965889029100864,1.0,17,0.0627843531353025,0.0965889029100864,1.0,True,0.0,0.0
sub-015,correct,delta_frontoparietal_ratio,17,0.007618362637043261,0.0767235494216667,1.0,17,0.007618362637043261,0.0767235494216667,1.0,True,0.0,0.0
sub-015,correct,delta_occipital,17,0.03884197513017873,0.0337134178161626,1.0,17,0.03884197513017873,0.0337134178161626,1.0,True,0.0,0.0
sub-015,correct,delta_parietal,17,0.042145890738078534,0.0816931621013528,1.0,17,0.042145890738078534,0.0816931621013528,1.0,True,0.0,0.0
sub-015,correct,delta_rel,17,-0.07439446030727782,-0.0181843987718074,-1.0,17,-0.07439446030727782,-0.0181843987718074,-1.0,True,0.0,0.0
sub-015,correct,delta_temporal,17,0.05208933196612908,0.0902600490670809,1.0,17,0.05208933196612908,0.0902600490670809,1.0,True,0.0,0.0
sub-015,correct,delta_theta_ratio,17,-0.055106454857458256,0.0119751868871558,-1.0,17,-0.055106454857458256,0.0119751868871558,-1.0,True,0.0,0.0
sub-015,correct,gamma_abs,17,-0.05686524273293527,-0.0685925280951577,-1.0,17,-0.05686524273293527,-0.0685925280951577,-1.0,True,0.0,0.0
sub-015,correct,gamma_central,17,-0.18547637333133052,-0.0566883528600988,-1.0,17,-0.18547637333133052,-0.0566883528600988,-1.0,True,0.0,0.0
sub-015,correct,gamma_frontal,17,-0.018570855272571345,-0.0854695744567192,-1.0,17,-0.018570855272571345,-0.0854695744567192,-1.0,True,0.0,0.0
sub-015,correct,gamma_frontoparietal_ratio,17,0.0009702615712471755,-0.1482127749572843,1.0,17,0.0009702615712471755,-0.1482127749572843,1.0,True,0.0,0.0
sub-015,correct,gamma_occipital,17,-0.08945879593248873,-0.0548388597736076,-1.0,17,-0.08945879593248873,-0.0548388597736076,-1.0,True,0.0,0.0
sub-015,correct,gamma_parietal,17,-0.05958862522387283,-0.1006162409118598,-1.0,17,-0.05958862522387283,-0.1006162409118598,-1.0,True,0.0,0.0
sub-015,correct,gamma_rel,17,-0.10166472404316662,-0.0680082285851119,-1.0,17,-0.10166472404316662,-0.0680082285851119,-1.0,True,0.0,0.0
sub-015,correct,gamma_temporal,17,-0.03680055328585214,-0.1385081681207297,-1.0,17,-0.03680055328585214,-0.1385081681207297,-1.0,True,0.0,0.0
sub-015,correct,theta_abs,17,0.09306439261390705,0.1011817885579857,1.0,17,0.09306439261390705,0.1011817885579857,1.0,True,0.0,0.0
sub-015,correct,theta_alpha_central_ratio,17,0.019230682046213178,0.024672152042746,1.0,17,0.019230682046213178,0.024672152042746,1.0,True,0.0,0.0
sub-015,correct,theta_alpha_frontal_ratio,17,0.05565969462472302,0.0808250903691507,1.0,17,0.05565969462472302,0.0808250903691507,1.0,True,0.0,0.0
sub-015,correct,theta_alpha_occipital_ratio,17,0.07878043065566702,0.0375691400620294,1.0,17,0.07878043065566702,0.0375691400620294,1.0,True,0.0,0.0
sub-015,correct,theta_alpha_parietal_ratio,17,0.057607059823141175,0.0484739848887195,1.0,17,0.057607059823141175,0.0484739848887195,1.0,True,0.0,0.0
sub-015,correct,theta_alpha_ratio,17,0.05985120385013264,0.0618279945127793,1.0,17,0.05985120385013264,0.0618279945127793,1.0,True,0.0,0.0
sub-015,correct,theta_alpha_temporal_ratio,17,0.058508311526769,-0.019445121900486,1.0,17,0.058508311526769,-0.019445121900486,1.0,True,0.0,0.0
sub-015,correct,theta_beta_ratio,17,0.05244258158047268,0.0847662864916092,1.0,17,0.05244258158047268,0.0847662864916092,1.0,True,0.0,0.0
sub-015,correct,theta_central,17,0.11307711641494934,0.1026073676032386,1.0,17,0.11307711641494934,0.1026073676032386,1.0,True,0.0,0.0
sub-015,correct,theta_frontoparietal_diff,17,0.006159832855024103,-0.0620817786206806,1.0,17,0.006159832855024103,-0.0620817786206806,1.0,True,0.0,0.0
sub-015,correct,theta_frontoparietal_ratio,17,-0.03877004880421776,-0.0184003772783559,-1.0,17,-0.03877004880421776,-0.0184003772783559,-1.0,True,0.0,0.0
sub-015,correct,theta_occipital,17,0.07227551076487133,0.0680261649250033,1.0,17,0.07227551076487133,0.0680261649250033,1.0,True,0.0,0.0
sub-015,correct,theta_parietal,17,0.08155791977439754,0.1098504300048916,1.0,17,0.08155791977439754,0.1098504300048916,1.0,True,0.0,0.0
sub-015,correct,theta_rel,17,0.08679106636054519,0.0267486725345396,1.0,17,0.08679106636054519,0.0267486725345396,1.0,True,0.0,0.0
sub-015,correct,theta_temporal,17,0.10826577717700087,0.0660816722314345,1.0,17,0.10826577717700087,0.0660816722314345,1.0,True,0.0,0.0
sub-016,remember,alpha_abs,21,0.0074204898664763045,0.0266871919147056,1.0,22,-0.004225080718999699,0.02401404754028395,-1.0,False,0.011645570585476004,2.756295408300064
sub-016,remember,alpha_beta_central_ratio,21,-0.013282398628646,-0.0025246841906916,-1.0,22,-0.006481369496393726,-0.0012023537617123499,-1.0,True,0.006801029132252274,1.0493197673788555
sub-016,remember,alpha_beta_frontal_ratio,21,0.009855819777647795,0.0013925920281986,1.0,22,0.006868067233128458,-0.00017555386438575,1.0,True,0.0029877525445193374,0.4350208644009434
sub-016,remember,alpha_beta_occipital_ratio,21,-0.01766576500108935,0.002846169028417,-1.0,22,-0.010147514905164053,0.0075259452461013,-1.0,True,0.007518250095925298,0.7408956937919129
sub-016,remember,alpha_beta_parietal_ratio,21,-0.005632483690575063,-0.0041983625131893,-1.0,22,-0.00889987824774338,-0.007146879630928599,-1.0,True,0.0032673945571683165,0.36712800627320774
sub-016,remember,alpha_beta_ratio,21,-0.00481922046878086,0.0047890880054006,-1.0,22,-0.004946131824715725,1.643148696604986e-05,-1.0,True,0.00012691135593486443,0.025658708751087233
sub-016,remember,alpha_beta_temporal_ratio,21,0.023958586353686417,0.021701706143165,1.0,22,0.05233680591085687,0.0315087420271479,1.0,True,0.028378219557170452,0.542222993231683
sub-016,remember,alpha_central,21,-0.007241167584919563,-0.0031216906004904,-1.0,22,-0.01501586222283353,-0.01501119428169965,-1.0,True,0.007774694637913968,0.5177654484663261
sub-016,remember,alpha_frontal,21,0.0051851741625207155,0.0412922987827182,1.0,22,-0.0030707927750683456,0.031058370447483198,-1.0,False,0.008255966937589062,2.6885457737881095
sub-016,remember,alpha_frontoparietal_diff,21,-0.0052562738051810665,0.0002157420354919,-1.0,22,0.00974893749781017,0.0002832907681079,1.0,False,0.015005211302991237,1.5391637608059077
sub-016,remember,alpha_frontoparietal_ratio,21,0.000876551110599358,-0.0129876534312753,1.0,22,0.01227663886432328,-0.010858941748103399,1.0,True,0.011400087753723923,0.9286000736613119
sub-016,remember,alpha_occipital,21,-0.010739071026888147,0.0139094496498538,-1.0,22,-0.013808574837919587,0.006018385239761,-1.0,True,0.0030695038110314394,0.22228968934594948
sub-016,remember,alpha_rel,21,-0.004668334687955065,0.0001746590438893,-1.0,22,-0.003156714484513651,0.00273943482436755,-1.0,True,0.0015116202034414139,0.4788587028878243
sub-016,remember,alpha_temporal,21,0.028172810304285967,0.0311805965478287,1.0,22,0.01629686962287168,0.025018799178911,1.0,True,0.011875940681414288,0.7287252678727402
sub-016,remember,beta_abs,21,0.029346634116254003,0.0112752566145946,1.0,22,0.011882839884920149,0.0064287775629291,1.0,True,0.017463794231333853,1.4696650296109925
sub-016,remember,beta_central,21,0.014797621830270138,0.0213291994335232,1.0,22,-0.009108361260200665,0.017305056347534098,-1.0,False,0.023905983090470803,2.624619556421078
sub-016,remember,beta_frontal,21,0.001388670459719589,0.026233714488158,1.0,22,0.006292755656684213,0.02676135788213745,1.0,True,0.004904085196964624,0.779322361222697
sub-016,remember,beta_frontoparietal_diff,21,-0.006611091652658277,0.0088350688532738,-1.0,22,0.015061675649799796,0.0103621489766398,1.0,False,0.02167276730245807,1.4389346714385098
sub-016,remember,beta_frontoparietal_ratio,21,-0.011818732532279328,0.0197555952987486,-1.0,22,0.009995618660365795,0.0250422045529727,1.0,False,0.021814351192645125,2.182391299014084
sub-016,remember,beta_occipital,21,0.0036803677041476607,0.0158756891648535,1.0,22,-0.011332306790655403,0.01008362228756505,-1.0,False,0.015012674494803063,1.3247677434202967
sub-016,remember,beta_parietal,21,0.018270781859377333,0.0087825780602552,1.0,22,-0.005930338816362909,0.005094234456075399,-1.0,False,0.02420112067574024,4.080900168631992
sub-016,remember,beta_rel,21,0.0064987850328401915,0.0156151544303551,1.0,22,0.01053903365996976,0.0168174660327096,1.0,True,0.004040248627129569,0.38336044437125005
sub-016,remember,beta_temporal,21,0.01008455806718964,0.0126926902113925,1.0,22,-0.06158071509031959,0.012371174100029601,-1.0,False,0.07166527315750923,1.1637616265481612
sub-016,remember,delta_abs,21,0.005747114730222749,-0.0065310986896701,1.0,22,0.007228722856415695,-0.0031531389258265497,1.0,True,0.0014816081261929464,0.20496125742017865
sub-016,remember,delta_central,21,7.95389937724919e-05,-0.0022208002599433,1.0,22,-0.002242849784410514,-0.0058486340347987,-1.0,False,0.0023223887781830058,1.0354633619805247
sub-016,remember,delta_frontoparietal_diff,21,-0.01315421723465747,-0.0056186456872859,-1.0,22,-0.008891798665416483,-0.0035818687385868,-1.0,True,0.004262418569240986,0.47936516891898595
sub-016,remember,delta_frontoparietal_ratio,21,-0.01168764935549298,-0.0038635962026276,-1.0,22,-0.008555437293700145,0.00552592003253765,-1.0,True,0.0031322120617928353,0.36610776916093596
sub-016,remember,delta_occipital,21,0.011472623558174315,0.0333813694844041,1.0,22,0.009659547749774438,0.0202226940751393,1.0,True,0.0018130758083998774,0.1876977944896245
sub-016,remember,delta_parietal,21,0.008682523002961037,-0.0119375657952032,1.0,22,0.007668092957052327,-0.0127862519011169,1.0,True,0.0010144300459087102,0.13229235112176638
sub-016,remember,delta_rel,21,0.007731202406041065,0.0012608412923472,1.0,22,0.012862226458615516,0.0100134032748007,1.0,True,0.005131024052574451,0.39892191830734974
sub-016,remember,delta_temporal,21,-0.004204508664638935,0.0105892100397988,-1.0,22,-0.004455897646301734,0.010532915525169599,-1.0,True,0.00025138898166279875,0.05641713558466594
sub-016,remember,delta_theta_ratio,21,-0.007312774677640092,-0.0103725893448459,-1.0,22,-0.00018999032316373288,-0.0103091462388365,-1.0,True,0.007122784354476359,37.490248112994536
sub-016,remember,gamma_abs,21,0.03932204803715682,0.0454704048008172,1.0,22,0.025495370910866674,0.027636058275061652,1.0,True,0.013826677126290144,0.5423210815260945
sub-016,remember,gamma_central,21,0.041679041634878226,0.0509209297011822,1.0,22,0.014558284246406573,0.0427861302894467,1.0,True,0.027120757388471653,1.8629089066705014
sub-016,remember,gamma_frontal,21,0.013582348389601241,0.0058597867844745,1.0,22,0.020143744628534934,0.0143858938803237,1.0,True,0.006561396238933693,0.3257287242233525
sub-016,remember,gamma_frontoparietal_ratio,21,0.0048714668703778675,-0.0471491685534784,1.0,22,0.026023240242854986,-0.03536198003882305,1.0,True,0.021151773372477117,0.8128032164743438
sub-016,remember,gamma_occipital,21,0.02296963094384977,0.0106571001683149,1.0,22,0.023031090473266857,0.0133513575859867,1.0,True,6.145952941708638e-05,0.002668546219660116
sub-016,remember,gamma_parietal,21,0.037122831965336084,0.0252819675475891,1.0,22,0.018942058685776395,0.02026889488011765,1.0,True,0.01818077327955969,0.9598097852590671
sub-016,remember,gamma_rel,21,0.024745952004631408,0.0107890980495597,1.0,22,0.02631386588803555,0.0210692636781099,1.0,True,0.0015679138834041421,0.05958508301575881
sub-016,remember,gamma_temporal,21,0.015154617925296739,0.0276814519819795,1.0,22,-0.05651817964866923,0.02027048990149495,-1.0,False,0.07167279757396597,1.2681370493441497
sub-016,remember,theta_abs,21,0.008740096410829134,0.038906329143988,1.0,22,-0.0029891438300134214,0.0321264622211444,-1.0,False,0.011729240240842556,3.9239464234111114
sub-016,remember,theta_alpha_central_ratio,21,0.02554658366604183,0.0022639975020207,1.0,22,0.024055814630122893,0.0018794202919669499,1.0,True,0.0014907690359189374,0.06197125555050561
sub-016,remember,theta_alpha_frontal_ratio,21,0.0015085283064367144,0.0081747944364008,1.0,22,0.010202402386540039,0.0102901272273364,1.0,True,0.008693874080103324,0.8521398932052605
sub-016,remember,theta_alpha_occipital_ratio,21,0.01981095762956331,-0.0030303759920971,1.0,22,0.019958592202797092,-0.00039517783826780004,1.0,True,0.000147634573233784,0.0073970434253921875
sub-016,remember,theta_alpha_parietal_ratio,21,0.022986693063398025,-0.0092970279075838,1.0,22,0.01811562122035374,-0.01519353624041025,1.0,True,0.004871071843044285,0.26888792737460254
sub-016,remember,theta_alpha_ratio,21,0.010525197023528922,0.0005146220445551,1.0,22,0.013720792059534921,0.0072135815711985,1.0,True,0.0031955950360059993,0.2329016446091609
sub-016,remember,theta_alpha_temporal_ratio,21,-0.006474323152508273,-0.0084465845946709,-1.0,22,0.0003842089452644267,-0.004374930220801349,1.0,False,0.0068585320977727,17.85104741133085
sub-016,remember,theta_beta_ratio,21,0.009197516700720986,0.0116195141910852,1.0,22,0.004779497052755068,0.00875205737736785,1.0,True,0.0044180196479659175,0.924369154160105
sub-016,remember,theta_central,21,0.010617136777314441,0.0120951127264857,1.0,22,-0.004115907282348823,0.011607086792101099,-1.0,False,0.014733044059663265,3.579537401837576
sub-016,remember,theta_frontoparietal_diff,21,-0.011121136419279492,0.0005638273318519,-1.0,22,0.007216404476452345,0.0012829558183184,1.0,False,0.018337540895731835,2.5410910593452143
sub-016,remember,theta_frontoparietal_ratio,21,-0.009871913780011735,0.0112776709907839,-1.0,22,0.007059147266353017,0.01235521432324275,1.0,False,0.016931061046364753,2.3984569817753476
sub-016,remember,theta_occipital,21,0.014031600632487554,0.0236953785632645,1.0,22,0.001496081143524913,0.0100555128668375,1.0,True,0.01253551948896264,8.378903472727243
sub-016,remember,theta_parietal,21,0.004707075989483054,0.0152573544594434,1.0,22,-0.010798479725520525,0.0151709516428865,-1.0,False,0.01550555571500358,1.4359017296072347
sub-016,remember,theta_rel,21,-0.003715548870669638,-0.0029168151123687,-1.0,22,-0.014536550484554562,-0.00514433645290715,-1.0,True,0.010821001613884924,0.7443995482547597
sub-016,remember,theta_temporal,21,0.0020314648905480374,0.0042359915016836,1.0,22,-0.0033958097139939105,0.00229113186847875,-1.0,False,0.005427274604541948,1.5982269507553686
sub-016,correct,alpha_abs,17,0.003977169084874701,-0.0314873277469293,1.0,17,0.003977169084874701,-0.0314873277469293,1.0,True,0.0,0.0
sub-016,correct,alpha_beta_central_ratio,17,0.14402964758962156,0.0918357757863384,1.0,17,0.14402964758962156,0.0918357757863384,1.0,True,0.0,0.0
sub-016,correct,alpha_beta_frontal_ratio,17,0.011768877838233034,0.1052386511879747,1.0,17,0.011768877838233034,0.1052386511879747,1.0,True,0.0,0.0
sub-016,correct,alpha_beta_occipital_ratio,17,-0.03671384250847402,0.0245095354919788,-1.0,17,-0.03671384250847402,0.0245095354919788,-1.0,True,0.0,0.0
sub-016,correct,alpha_beta_parietal_ratio,17,0.037132833069950806,0.0382750490663845,1.0,17,0.037132833069950806,0.0382750490663845,1.0,True,0.0,0.0
sub-016,correct,alpha_beta_ratio,17,0.046180390629905685,0.027962344081358,1.0,17,0.046180390629905685,0.027962344081358,1.0,True,0.0,0.0
sub-016,correct,alpha_beta_temporal_ratio,17,0.06494299068767259,0.0617200039401055,1.0,17,0.06494299068767259,0.0617200039401055,1.0,True,0.0,0.0
sub-016,correct,alpha_central,17,0.04246795987509471,0.0177681990916285,1.0,17,0.04246795987509471,0.0177681990916285,1.0,True,0.0,0.0
sub-016,correct,alpha_frontal,17,-0.0117935947338535,-0.0626760015310623,-1.0,17,-0.0117935947338535,-0.0626760015310623,-1.0,True,0.0,0.0
sub-016,correct,alpha_frontoparietal_diff,17,-0.030850199169255386,-0.0426794577245955,-1.0,17,-0.030850199169255386,-0.0426794577245955,-1.0,True,0.0,0.0
sub-016,correct,alpha_frontoparietal_ratio,17,-0.07059348720716957,-0.0935569508164402,-1.0,17,-0.07059348720716957,-0.0935569508164402,-1.0,True,0.0,0.0
sub-016,correct,alpha_occipital,17,-0.0353875819230478,-0.0226737443574212,-1.0,17,-0.0353875819230478,-0.0226737443574212,-1.0,True,0.0,0.0
sub-016,correct,alpha_rel,17,0.05097832355011286,0.0454504463368716,1.0,17,0.05097832355011286,0.0454504463368716,1.0,True,0.0,0.0
sub-016,correct,alpha_temporal,17,0.027248635892917775,0.0259348503649758,1.0,17,0.027248635892917775,0.0259348503649758,1.0,True,0.0,0.0
sub-016,correct,beta_abs,17,0.0006445398145583712,0.022617076858297,1.0,17,0.0006445398145583712,0.022617076858297,1.0,True,0.0,0.0
sub-016,correct,beta_central,17,-0.08727746109283907,-0.0573648282093374,-1.0,17,-0.08727746109283907,-0.0573648282093374,-1.0,True,0.0,0.0
sub-016,correct,beta_frontal,17,0.010174146145588859,-0.0024640408308667,1.0,17,0.010174146145588859,-0.0024640408308667,1.0,True,0.0,0.0
sub-016,correct,beta_frontoparietal_diff,17,-0.03944986095015843,-0.0650358100322439,-1.0,17,-0.03944986095015843,-0.0650358100322439,-1.0,True,0.0,0.0
sub-016,correct,beta_frontoparietal_ratio,17,-0.04525945894883748,-0.0780281715566495,-1.0,17,-0.04525945894883748,-0.0780281715566495,-1.0,True,0.0,0.0
sub-016,correct,beta_occipital,17,0.05622197652916972,0.075512730773342,1.0,17,0.05622197652916972,0.075512730773342,1.0,True,0.0,0.0
sub-016,correct,beta_parietal,17,0.04568359299605848,0.0300598021055862,1.0,17,0.04568359299605848,0.0300598021055862,1.0,True,0.0,0.0
sub-016,correct,beta_rel,17,0.004003613901954628,-0.0116664289571332,1.0,17,0.004003613901954628,-0.0116664289571332,1.0,True,0.0,0.0
sub-016,correct,beta_temporal,17,0.0020193839783318964,0.0030800889060386,1.0,17,0.0020193839783318964,0.0030800889060386,1.0,True,0.0,0.0
sub-016,correct,delta_abs,17,0.0500998314822681,0.0751932060962368,1.0,17,0.0500998314822681,0.0751932060962368,1.0,True,0.0,0.0
sub-016,correct,delta_central,17,0.01594723148571994,0.053237904630791,1.0,17,0.01594723148571994,0.053237904630791,1.0,True,0.0,0.0
sub-016,correct,delta_frontoparietal_diff,17,0.0627843531353025,0.0965889029100864,1.0,17,0.0627843531353025,0.0965889029100864,1.0,True,0.0,0.0
sub-016,correct,delta_frontoparietal_ratio,17,0.007618362637043261,0.0767235494216667,1.0,17,0.007618362637043261,0.0767235494216667,1.0,True,0.0,0.0
sub-016,correct,delta_occipital,17,0.03884197513017873,0.0337134178161626,1.0,17,0.03884197513017873,0.0337134178161626,1.0,True,0.0,0.0
sub-016,correct,delta_parietal,17,0.042145890738078534,0.0816931621013528,1.0,17,0.042145890738078534,0.0816931621013528,1.0,True,0.0,0.0
sub-016,correct,delta_rel,17,-0.07439446030727782,-0.0181843987718074,-1.0,17,-0.07439446030727782,-0.0181843987718074,-1.0,True,0.0,0.0
sub-016,correct,delta_temporal,17,0.05208933196612908,0.0902600490670809,1.0,17,0.05208933196612908,0.0902600490670809,1.0,True,0.0,0.0
sub-016,correct,delta_theta_ratio,17,-0.055106454857458256,0.0119751868871558,-1.0,17,-0.055106454857458256,0.0119751868871558,-1.0,True,0.0,0.0
sub-016,correct,gamma_abs,17,-0.05686524273293527,-0.0685925280951577,-1.0,17,-0.05686524273293527,-0.0685925280951577,-1.0,True,0.0,0.0
sub-016,correct,gamma_central,17,-0.18547637333133052,-0.0566883528600988,-1.0,17,-0.18547637333133052,-0.0566883528600988,-1.0,True,0.0,0.0
sub-016,correct,gamma_frontal,17,-0.018570855272571345,-0.0854695744567192,-1.0,17,-0.018570855272571345,-0.0854695744567192,-1.0,True,0.0,0.0
sub-016,correct,gamma_frontoparietal_ratio,17,0.0009702615712471755,-0.1482127749572843,1.0,17,0.0009702615712471755,-0.1482127749572843,1.0,True,0.0,0.0
sub-016,correct,gamma_occipital,17,-0.08945879593248873,-0.0548388597736076,-1.0,17,-0.08945879593248873,-0.0548388597736076,-1.0,True,0.0,0.0
sub-016,correct,gamma_parietal,17,-0.05958862522387283,-0.1006162409118598,-1.0,17,-0.05958862522387283,-0.1006162409118598,-1.0,True,0.0,0.0
sub-016,correct,gamma_rel,17,-0.10166472404316662,-0.0680082285851119,-1.0,17,-0.10166472404316662,-0.0680082285851119,-1.0,True,0.0,0.0
sub-016,correct,gamma_temporal,17,-0.03680055328585214,-0.1385081681207297,-1.0,17,-0.03680055328585214,-0.1385081681207297,-1.0,True,0.0,0.0
sub-016,correct,theta_abs,17,0.09306439261390705,0.1011817885579857,1.0,17,0.09306439261390705,0.1011817885579857,1.0,True,0.0,0.0
sub-016,correct,theta_alpha_central_ratio,17,0.019230682046213178,0.024672152042746,1.0,17,0.019230682046213178,0.024672152042746,1.0,True,0.0,0.0
sub-016,correct,theta_alpha_frontal_ratio,17,0.05565969462472302,0.0808250903691507,1.0,17,0.05565969462472302,0.0808250903691507,1.0,True,0.0,0.0
sub-016,correct,theta_alpha_occipital_ratio,17,0.07878043065566702,0.0375691400620294,1.0,17,0.07878043065566702,0.0375691400620294,1.0,True,0.0,0.0
sub-016,correct,theta_alpha_parietal_ratio,17,0.057607059823141175,0.0484739848887195,1.0,17,0.057607059823141175,0.0484739848887195,1.0,True,0.0,0.0
sub-016,correct,theta_alpha_ratio,17,0.05985120385013264,0.0618279945127793,1.0,17,0.05985120385013264,0.0618279945127793,1.0,True,0.0,0.0
sub-016,correct,theta_alpha_temporal_ratio,17,0.058508311526769,-0.019445121900486,1.0,17,0.058508311526769,-0.019445121900486,1.0,True,0.0,0.0
sub-016,correct,theta_beta_ratio,17,0.05244258158047268,0.0847662864916092,1.0,17,0.05244258158047268,0.0847662864916092,1.0,True,0.0,0.0
sub-016,correct,theta_central,17,0.11307711641494934,0.1026073676032386,1.0,17,0.11307711641494934,0.1026073676032386,1.0,True,0.0,0.0
sub-016,correct,theta_frontoparietal_diff,17,0.006159832855024103,-0.0620817786206806,1.0,17,0.006159832855024103,-0.0620817786206806,1.0,True,0.0,0.0
sub-016,correct,theta_frontoparietal_ratio,17,-0.03877004880421776,-0.0184003772783559,-1.0,17,-0.03877004880421776,-0.0184003772783559,-1.0,True,0.0,0.0
sub-016,correct,theta_occipital,17,0.07227551076487133,0.0680261649250033,1.0,17,0.07227551076487133,0.0680261649250033,1.0,True,0.0,0.0
sub-016,correct,theta_parietal,17,0.08155791977439754,0.1098504300048916,1.0,17,0.08155791977439754,0.1098504300048916,1.0,True,0.0,0.0
sub-016,correct,theta_rel,17,0.08679106636054519,0.0267486725345396,1.0,17,0.08679106636054519,0.0267486725345396,1.0,True,0.0,0.0
sub-016,correct,theta_temporal,17,0.10826577717700087,0.0660816722314345,1.0,17,0.10826577717700087,0.0660816722314345,1.0,True,0.0,0.0
sub-017,remember,alpha_abs,21,-0.001130192595781415,0.0266871919147056,-1.0,22,-0.004225080718999699,0.02401404754028395,-1.0,True,0.003094888123218284,0.732503904434519
sub-017,remember,alpha_beta_central_ratio,21,-0.0016144085493366718,0.0001199766672669,-1.0,22,-0.006481369496393726,-0.0012023537617123499,-1.0,True,0.004866960947057054,0.7509155202098972
sub-017,remember,alpha_beta_frontal_ratio,21,0.007278151375514105,0.0013925920281986,1.0,22,0.006868067233128458,-0.00017555386438575,1.0,True,0.00041008414238564734,0.05970881304242137
sub-017,remember,alpha_beta_occipital_ratio,21,-0.008024472777540327,0.0122057214637856,-1.0,22,-0.010147514905164053,0.0075259452461013,-1.0,True,0.002123042127623726,0.20921793635832095
sub-017,remember,alpha_beta_parietal_ratio,21,-0.009123759949388808,-0.0100953967486679,-1.0,22,-0.00889987824774338,-0.007146879630928599,-1.0,True,0.00022388170164542795,0.0251555915051079
sub-017,remember,alpha_beta_ratio,21,-0.004157944832655487,0.0047890880054006,-1.0,22,-0.004946131824715725,1.643148696604986e-05,-1.0,True,0.0007881869920602375,0.15935422265166538
sub-017,remember,alpha_beta_temporal_ratio,21,0.05666991495773568,0.0413157779111308,1.0,22,0.05233680591085687,0.0315087420271479,1.0,True,0.004333109046878808,0.08279276832940884
sub-017,remember,alpha_central,21,-0.005742022739572398,-0.0031216906004904,-1.0,22,-0.01501586222283353,-0.01501119428169965,-1.0,True,0.009273839483261131,0.6176028619361649
sub-017,remember,alpha_frontal,21,0.0002707079773336614,0.0412922987827182,1.0,22,-0.0030707927750683456,0.031058370447483198,-1.0,False,0.003341500752402007,1.0881557295339268
sub-017,remember,alpha_frontoparietal_diff,21,0.00912958281216828,0.0002157420354919,1.0,22,0.00974893749781017,0.0002832907681079,1.0,True,0.0006193546856418913,0.06353048070941189
sub-017,remember,alpha_frontoparietal_ratio,21,0.018941327279531968,-0.0087302300649315,1.0,22,0.01227663886432328,-0.010858941748103399,1.0,True,0.006664688415208687,0.5428756591168215
sub-017,remember,alpha_occipital,21,-0.013137413662407242,0.0139094496498538,-1.0,22,-0.013808574837919587,0.006018385239761,-1.0,True,0.0006711611755123442,0.04860466654888058
sub-017,remember,alpha_rel,21,-0.00841822520063215,0.0001746590438893,-1.0,22,-0.003156714484513651,0.00273943482436755,-1.0,True,0.005261510716118498,1.6667680089316437
sub-017,remember,alpha_temporal,21,0.022844864125197057,0.0311805965478287,1.0,22,0.01629686962287168,0.025018799178911,1.0,True,0.006547994502325377,0.4017946178532139
sub-017,remember,beta_abs,21,0.016248367543335713,0.0112752566145946,1.0,22,0.011882839884920149,0.0064287775629291,1.0,True,0.004365527658415564,0.3673808366260672
sub-017,remember,beta_central,21,-0.0010425565479616576,0.0213291994335232,-1.0,22,-0.009108361260200665,0.017305056347534098,-1.0,True,0.008065804712239008,0.8855385158560687
sub-017,remember,beta_frontal,21,0.014344819625068542,0.0272890012761169,1.0,22,0.006292755656684213,0.02676135788213745,1.0,True,0.00805206396838433,1.279576771717072
sub-017,remember,beta_frontoparietal_diff,21,0.019844734546724165,0.0118892291000058,1.0,22,0.015061675649799796,0.0103621489766398,1.0,True,0.00478305889692437,0.31756485852807137
sub-017,remember,beta_frontoparietal_ratio,21,0.020157355082356318,0.0303288138071968,1.0,22,0.009995618660365795,0.0250422045529727,1.0,True,0.010161736421990523,1.0166190575360194
sub-017,remember,beta_occipital,21,-0.014460087066231777,0.0042915554102766,-1.0,22,-0.011332306790655403,0.01008362228756505,-1.0,True,0.0031277802755763744,0.2760056123926627
sub-017,remember,beta_parietal,21,-0.00593878313658845,0.0087825780602552,-1.0,22,-0.005930338816362909,0.005094234456075399,-1.0,True,8.444320225541209e-06,0.0014239186810442866
sub-017,remember,beta_rel,21,0.008498860358140745,0.0156151544303551,1.0,22,0.01053903365996976,0.0168174660327096,1.0,True,0.002040173301829016,0.19358257764923675
sub-017,remember,beta_temporal,21,-0.06047603733806322,0.0126926902113925,-1.0,22,-0.06158071509031959,0.012371174100029601,-1.0,True,0.0011046777522563736,0.017938696402537025
sub-017,remember,delta_abs,21,0.01369128756575115,0.000224820838017,1.0,22,0.007228722856415695,-0.0031531389258265497,1.0,True,0.0064625647093354555,0.8940119627908749
sub-017,remember,delta_central,21,0.00668402007120624,-0.0022208002599433,1.0,22,-0.002242849784410514,-0.0058486340347987,-1.0,False,0.008926869855616755,3.980146114851377
sub-017,remember,delta_frontoparietal_diff,21,-0.004150745047670816,-0.0015450917898877,-1.0,22,-0.008891798665416483,-0.0035818687385868,-1.0,True,0.004741053617745667,0.5331939910184191
sub-017,remember,delta_frontoparietal_ratio,21,-0.003560310067084053,0.0149154362677029,-1.0,22,-0.008555437293700145,0.00552592003253765,-1.0,True,0.0049951272266160925,0.5838541099815305
sub-017,remember,delta_occipital,21,0.01439138300081163,0.0333813694844041,1.0,22,0.009659547749774438,0.0202226940751393,1.0,True,0.004731835251037191,0.4898609514247378
sub-017,remember,delta_parietal,21,0.012830250710204938,-0.0119375657952032,1.0,22,0.007668092957052327,-0.0127862519011169,1.0,True,0.005162157753152611,0.6731996836847142
sub-017,remember,delta_rel,21,0.015251673764408027,0.0187659652572542,1.0,22,0.012862226458615516,0.0100134032748007,1.0,True,0.0023894473057925105,0.18577244876543011
sub-017,remember,delta_temporal,21,-0.0011262359844633498,0.0105892100397988,-1.0,22,-0.004455897646301734,0.010532915525169599,-1.0,True,0.003329661661838384,0.7472482373112647
sub-017,remember,delta_theta_ratio,21,0.0017613397614489852,-0.0102457031328271,1.0,22,-0.00018999032316373288,-0.0103091462388365,-1.0,False,0.0019513300846127181,10.270681433238417
sub-017,remember,gamma_abs,21,0.028032353469551907,0.0454704048008172,1.0,22,0.025495370910866674,0.027636058275061652,1.0,True,0.0025369825586852336,0.0995075760048628
sub-017,remember,gamma_central,21,0.00830660118069051,0.0346513308777112,1.0,22,0.014558284246406573,0.0427861302894467,1.0,True,0.006251683065716064,0.42942444040129035
sub-017,remember,gamma_frontal,21,0.027859412306931803,0.0229120009761729,1.0,22,0.020143744628534934,0.0143858938803237,1.0,True,0.007715667678396869,0.3830304553934386
sub-017,remember,gamma_frontoparietal_ratio,21,0.03508913891836693,-0.0235747915241677,1.0,22,0.026023240242854986,-0.03536198003882305,1.0,True,0.009065898675511944,0.3483770118904045
sub-017,remember,gamma_occipital,21,0.023363732162295824,0.0106571001683149,1.0,22,0.023031090473266857,0.0133513575859867,1.0,True,0.0003326416890289674,0.014443158452053255
sub-017,remember,gamma_parietal,21,0.014997844184127865,0.0152558222126462,1.0,22,0.018942058685776395,0.02026889488011765,1.0,True,0.00394421450164853,0.2082252286870087
sub-017,remember,gamma_rel,21,0.027053140547010596,0.0313494293066601,1.0,22,0.02631386588803555,0.0210692636781099,1.0,True,0.0007392746589750462,0.028094490643094043
sub-017,remember,gamma_temporal,21,-0.06511700224089492,0.0128595278210104,-1.0,22,-0.05651817964866923,0.02027048990149495,-1.0,True,0.008598822592225691,0.15214259634117847
sub-017,remember,theta_abs,21,0.004487231996098591,0.038906329143988,1.0,22,-0.0029891438300134214,0.0321264622211444,-1.0,False,0.0074763758261120125,2.5011763405437883
sub-017,remember,theta_alpha_central_ratio,21,0.0267814804494517,0.0022639975020207,1.0,22,0.024055814630122893,0.0018794202919669499,1.0,True,0.0027256658193288083,0.11330590384229627
sub-017,remember,theta_alpha_frontal_ratio,21,0.015300028344264718,0.012405460018272,1.0,22,0.010202402386540039,0.0102901272273364,1.0,True,0.005097625957724679,0.4996495692475277
sub-017,remember,theta_alpha_occipital_ratio,21,0.027607598787383097,0.0022400203155615,1.0,22,0.019958592202797092,-0.00039517783826780004,1.0,True,0.0076490065845860045,0.3832437932928975
sub-017,remember,theta_alpha_parietal_ratio,21,0.027192138960879977,-0.0092970279075838,1.0,22,0.01811562122035374,-0.01519353624041025,1.0,True,0.009076517740526237,0.5010326518821419
sub-017,remember,theta_alpha_ratio,21,0.02114383635727205,0.0139125410978419,1.0,22,0.013720792059534921,0.0072135815711985,1.0,True,0.00742304429773713,0.5410069816325707
sub-017,remember,theta_alpha_temporal_ratio,21,0.0037551298165524214,-0.0003032758469318,1.0,22,0.0003842089452644267,-0.004374930220801349,1.0,True,0.003370920871287995,8.773665769202752
sub-017,remember,theta_beta_ratio,21,0.011595848632986239,0.0116195141910852,1.0,22,0.004779497052755068,0.00875205737736785,1.0,True,0.00681635158023117,1.4261650347293318
sub-017,remember,theta_central,21,0.002680499368097923,0.0120951127264857,1.0,22,-0.004115907282348823,0.011607086792101099,-1.0,False,0.0067964066504467464,1.65125358377078
sub-017,remember,theta_frontoparietal_diff,21,0.003800184730752858,0.0005638273318519,1.0,22,0.007216404476452345,0.0012829558183184,1.0,True,0.003416219745699487,0.47339637860472783
sub-017,remember,theta_frontoparietal_ratio,21,0.011743376722084229,0.0134327576557016,1.0,22,0.007059147266353017,0.01235521432324275,1.0,True,0.004684229455731212,0.6635687398190853
sub-017,remember,theta_occipital,21,0.0057317128107415944,0.0236953785632645,1.0,22,0.001496081143524913,0.0100555128668375,1.0,True,0.004235631667216681,2.831151027836044
sub-017,remember,theta_parietal,21,-0.004524524721696978,0.0152573544594434,-1.0,22,-0.010798479725520525,0.0151709516428865,-1.0,True,0.006273955003823548,0.581003545248692
sub-017,remember,theta_rel,21,-0.010545906749151556,-0.0029168151123687,-1.0,22,-0.014536550484554562,-0.00514433645290715,-1.0,True,0.003990643735403006,0.2745248083197704
sub-017,remember,theta_temporal,21,0.0025365761726061998,0.0042359915016836,1.0,22,-0.0033958097139939105,0.00229113186847875,-1.0,False,0.00593238588660011,1.7469724119561632
sub-017,correct,alpha_abs,16,0.0180252479996639,-0.0200319551720718,1.0,17,0.003977169084874701,-0.0314873277469293,1.0,True,0.014048078914789201,3.5321804567511315
sub-017,correct,alpha_beta_central_ratio,16,0.16852651877298258,0.1265473772648927,1.0,17,0.14402964758962156,0.0918357757863384,1.0,True,0.024496871183361024,0.17008214345673517
sub-017,correct,alpha_beta_frontal_ratio,16,0.02784568283225306,0.1289421023243036,1.0,17,0.011768877838233034,0.1052386511879747,1.0,True,0.016076804994020026,1.3660440030902539
sub-017,correct,alpha_beta_occipital_ratio,16,-0.035032714013722696,0.02818276416586385,-1.0,17,-0.03671384250847402,0.0245095354919788,-1.0,True,0.0016811284947513272,0.04579004484107871
sub-017,correct,alpha_beta_parietal_ratio,16,0.048863741368253034,0.04223781894371415,1.0,17,0.037132833069950806,0.0382750490663845,1.0,True,0.011730908298302228,0.31591740593031375
sub-017,correct,alpha_beta_ratio,16,0.06188719315697408,0.059700692172852,1.0,17,0.046180390629905685,0.027962344081358,1.0,True,0.015706802527068395,0.3401184423264042
sub-017,correct,alpha_beta_temporal_ratio,16,0.08766403506007545,0.08911658952978654,1.0,17,0.06494299068767259,0.0617200039401055,1.0,True,0.022721044372402854,0.34986138044787857
sub-017,correct,alpha_central,16,0.06873168762997647,0.0216679967399595,1.0,17,0.04246795987509471,0.0177681990916285,1.0,True,0.026263727754881762,0.6184362948474033
sub-017,correct,alpha_frontal,16,0.005717155952953655,-0.06081220452219705,1.0,17,-0.0117935947338535,-0.0626760015310623,-1.0,False,0.017510750686807155,1.4847678830732216
sub-017,correct,alpha_frontoparietal_diff,16,-0.037915818054708984,-0.044718786885953446,-1.0,17,-0.030850199169255386,-0.0426794577245955,-1.0,True,0.0070656188854535985,0.22902992770610814
sub-017,correct,alpha_frontoparietal_ratio,16,-0.06276448434397214,-0.0865774089019209,-1.0,17,-0.07059348720716957,-0.0935569508164402,-1.0,True,0.007829002863197432,0.11090262250711291
sub-017,correct,alpha_occipital,16,-0.03118333317619741,-0.0121144056513481,-1.0,17,-0.0353875819230478,-0.0226737443574212,-1.0,True,0.004204248746850388,0.11880576514079863
sub-017,correct,alpha_rel,16,0.05814317017559187,0.06350018877161565,1.0,17,0.05097832355011286,0.0454504463368716,1.0,True,0.007164846625479011,0.14054692517371237
sub-017,correct,alpha_temporal,16,0.047290151982288704,0.0418993056300107,1.0,17,0.027248635892917775,0.0259348503649758,1.0,True,0.02004151608937093,0.7355052989856253
sub-017,correct,beta_abs,16,-0.00011472742600315833,0.0286911864095237,-1.0,17,0.0006445398145583712,0.022617076858297,1.0,False,0.0007592672405615296,1.1779989744803707
sub-017,correct,beta_central,16,-0.07543977080191498,-0.018250184339837203,-1.0,17,-0.08727746109283907,-0.0573648282093374,-1.0,True,0.011837690290924088,0.13563284429564307
sub-017,correct,beta_frontal,16,0.008572678644643169,-0.017724737272939103,1.0,17,0.010174146145588859,-0.0024640408308667,1.0,True,0.00160146750094569,0.15740559237396332
sub-017,correct,beta_frontoparietal_diff,16,-0.04029286297427535,-0.07839993716479321,-1.0,17,-0.03944986095015843,-0.0650358100322439,-1.0,True,0.0008430020241169192,0.02136894792055113
sub-017,correct,beta_frontoparietal_ratio,16,-0.048111263510745184,-0.07884275343481535,-1.0,17,-0.04525945894883748,-0.0780281715566495,-1.0,True,0.0028518045619077004,0.06301013375196238
sub-017,correct,beta_occipital,16,0.05501630438890894,0.10042417510361125,1.0,17,0.05622197652916972,0.075512730773342,1.0,True,0.00120567214026078,0.021444855102794893
sub-017,correct,beta_parietal,16,0.04628410480387478,0.0226575465476272,1.0,17,0.04568359299605848,0.0300598021055862,1.0,True,0.000600511807816298,0.01314502140556478
sub-017,correct,beta_rel,16,-0.006152105834123652,-0.0380592083096837,-1.0,17,0.004003613901954628,-0.0116664289571332,1.0,False,0.010155719736078279,2.536638143633205
sub-017,correct,beta_temporal,16,-0.0019343548380136941,-0.0471285905376733,-1.0,17,0.0020193839783318964,0.0030800889060386,1.0,False,0.00395373881634559,1.9578935253371472
sub-017,correct,delta_abs,16,0.05323524348766662,0.07880448481849155,1.0,17,0.0500998314822681,0.0751932060962368,1.0,True,0.003135412005398519,0.06258328446689965
sub-017,correct,delta_central,16,0.0219686750032686,0.056649244265719295,1.0,17,0.01594723148571994,0.053237904630791,1.0,True,0.0060214435175486615,0.37758550899199056
sub-017,correct,delta_frontoparietal_diff,16,0.06995749279917648,0.1033047987150405,1.0,17,0.0627843531353025,0.0965889029100864,1.0,True,0.007173139663873979,0.11425043511104763
sub-017,correct,delta_frontoparietal_ratio,16,0.003299288463004299,0.06842385165734516,1.0,17,0.007618362637043261,0.0767235494216667,1.0,True,0.004319074174038962,0.5669294545048363
sub-017,correct,delta_occipital,16,0.032577500512931845,0.026466660816486347,1.0,17,0.03884197513017873,0.0337134178161626,1.0,True,0.006264474617246885,0.1612810521671857
sub-017,correct,delta_parietal,16,0.04163093857198551,0.0867303975994412,1.0,17,0.042145890738078534,0.0816931621013528,1.0,True,0.0005149521660930273,0.012218324422024172
sub-017,correct,delta_rel,16,-0.09526289602132225,-0.0199241075707751,-1.0,17,-0.07439446030727782,-0.0181843987718074,-1.0,True,0.020868435714044425,0.28051061366464297
sub-017,correct,delta_temporal,16,0.05404169645421668,0.103284213130238,1.0,17,0.05208933196612908,0.0902600490670809,1.0,True,0.0019523644880875962,0.03748108133460254
sub-017,correct,delta_theta_ratio,16,-0.07317026406263592,-0.017553290673687702,-1.0,17,-0.055106454857458256,0.0119751868871558,-1.0,True,0.018063809205177667,0.327798426734266
sub-017,correct,gamma_abs,16,-0.09841542455238494,-0.07896663970765305,-1.0,17,-0.05686524273293527,-0.0685925280951577,-1.0,True,0.04155018181944967,0.7306779998212264
sub-017,correct,gamma_central,16,-0.2064396519013773,-0.10132551739606299,-1.0,17,-0.18547637333133052,-0.0566883528600988,-1.0,True,0.02096327857004679,0.1130239835593426
sub-017,correct,gamma_frontal,16,-0.05264509321470443,-0.1213615444694541,-1.0,17,-0.018570855272571345,-0.0854695744567192,-1.0,True,0.03407423794213309,1.8348232993048965
sub-017,correct,gamma_frontoparietal_ratio,16,-0.012608833721846277,-0.15163306776803695,-1.0,17,0.0009702615712471755,-0.1482127749572843,1.0,False,0.013579095293093452,13.995293326560244
sub-017,correct,gamma_occipital,16,-0.11508653479617692,-0.07343477167019966,-1.0,17,-0.08945879593248873,-0.0548388597736076,-1.0,True,0.025627738863688188,0.2864753386914407
sub-017,correct,gamma_parietal,16,-0.09616210988748009,-0.10581903540691145,-1.0,17,-0.05958862522387283,-0.1006162409118598,-1.0,True,0.036573484663607256,0.6137662100141038
sub-017,correct,gamma_rel,16,-0.12913828361748508,-0.09918830401472925,-1.0,17,-0.10166472404316662,-0.0680082285851119,-1.0,True,0.027473559574318462,0.2702368971429387
sub-017,correct,gamma_temporal,16,-0.07351606974488772,-0.14279791708091755,-1.0,17,-0.03680055328585214,-0.1385081681207297,-1.0,True,0.036715516459035584,0.9976892514045639
sub-017,correct,theta_abs,16,0.1192082751991533,0.1246222182217799,1.0,17,0.09306439261390705,0.1011817885579857,1.0,True,0.026143882585246248,0.28092250807146457
sub-017,correct,theta_alpha_central_ratio,16,0.015726348530248124,0.02108183965050095,1.0,17,0.019230682046213178,0.024672152042746,1.0,True,0.0035043335159650538,0.18222616897018024
sub-017,correct,theta_alpha_frontal_ratio,16,0.06637260040538456,0.08618891553809374,1.0,17,0.05565969462472302,0.0808250903691507,1.0,True,0.010712905780661544,0.19247151557139638
sub-017,correct,theta_alpha_occipital_ratio,16,0.07976897341797529,0.023075126020425753,1.0,17,0.07878043065566702,0.0375691400620294,1.0,True,0.000988542762308267,0.012548075125775628
sub-017,correct,theta_alpha_parietal_ratio,16,0.0663392454686898,0.050567630543160144,1.0,17,0.057607059823141175,0.0484739848887195,1.0,True,0.008732185645548625,0.15158186639549415
sub-017,correct,theta_alpha_ratio,16,0.06901477657374458,0.06891508729876375,1.0,17,0.05985120385013264,0.0618279945127793,1.0,True,0.009163572723611943,0.1531059048796666
sub-017,correct,theta_alpha_temporal_ratio,16,0.06446131936530781,-0.00996148331026445,1.0,17,0.058508311526769,-0.019445121900486,1.0,True,0.005953007838538818,0.10174636189620974
sub-017,correct,theta_beta_ratio,16,0.07717231299118608,0.0902319785252483,1.0,17,0.05244258158047268,0.0847662864916092,1.0,True,0.024729731410713406,0.4715582388476786
sub-017,correct,theta_central,16,0.14343606033802908,0.10896457906730744,1.0,17,0.11307711641494934,0.1026073676032386,1.0,True,0.030358943923079737,0.2684799974176396
sub-017,correct,theta_frontoparietal_diff,16,0.005154032788532166,-0.0638534352621255,1.0,17,0.006159832855024103,-0.0620817786206806,1.0,True,0.0010058000664919372,0.16328366209995182
sub-017,correct,theta_frontoparietal_ratio,16,-0.032308384230848294,0.0058357013589331996,-1.0,17,-0.03877004880421776,-0.0184003772783559,-1.0,True,0.006461664573369469,0.16666640287196413
sub-017,correct,theta_occipital,16,0.08576478731108343,0.07763336182403165,1.0,17,0.07227551076487133,0.0680261649250033,1.0,True,0.013489276546212098,0.18663688991553143
sub-017,correct,theta_parietal,16,0.10165122021736817,0.1228456127701279,1.0,17,0.08155791977439754,0.1098504300048916,1.0,True,0.020093300442970627,0.24636847652014618
sub-017,correct,theta_rel,16,0.11307758888620859,0.0452520519933618,1.0,17,0.08679106636054519,0.0267486725345396,1.0,True,0.026286522525663394,0.3028712934170506
sub-017,correct,theta_temporal,16,0.13181683225629637,0.07647775184921965,1.0,17,0.10826577717700087,0.0660816722314345,1.0,True,0.023551055079295502,0.21753000526466
sub-018,remember,alpha_abs,21,-0.009534849340071313,0.0213409031658623,-1.0,22,-0.004225080718999699,0.02401404754028395,-1.0,True,0.005309768621071614,1.2567259596234928
sub-018,remember,alpha_beta_central_ratio,21,-0.009747834305160862,-0.0025246841906916,-1.0,22,-0.006481369496393726,-0.0012023537617123499,-1.0,True,0.003266464808767136,0.5039775637825643
sub-018,remember,alpha_beta_frontal_ratio,21,0.006446080807441794,-0.0017436997569701,1.0,22,0.006868067233128458,-0.00017555386438575,1.0,True,0.00042198642568666393,0.061441801799957896
sub-018,remember,alpha_beta_occipital_ratio,21,-0.0107662617591441,0.0122057214637856,-1.0,22,-0.010147514905164053,0.0075259452461013,-1.0,True,0.0006187468539800463,0.06097521016354133
sub-018,remember,alpha_beta_parietal_ratio,21,-0.012980087825168978,-0.0100953967486679,-1.0,22,-0.00889987824774338,-0.007146879630928599,-1.0,True,0.004080209577425598,0.4584567860195347
sub-018,remember,alpha_beta_ratio,21,-0.0077943982904919015,-0.0047562250314685,-1.0,22,-0.004946131824715725,1.643148696604986e-05,-1.0,True,0.0028482664657761766,0.5758573703077311
sub-018,remember,alpha_beta_temporal_ratio,21,0.05066555791562828,0.021701706143165,1.0,22,0.05233680591085687,0.0315087420271479,1.0,True,0.0016712479952285877,0.031932556183790727
sub-018,remember,alpha_central,21,-0.020275721890987877,-0.0269006979629089,-1.0,22,-0.01501586222283353,-0.01501119428169965,-1.0,True,0.0052598596681543465,0.3502868892973765
sub-018,remember,alpha_frontal,21,-0.006839995984898632,0.0208244421122482,-1.0,22,-0.0030707927750683456,0.031058370447483198,-1.0,True,0.0037692032098302864,1.2274365240247762
sub-018,remember,alpha_frontoparietal_diff,21,0.015518519478900237,0.0003508395007239,1.0,22,0.00974893749781017,0.0002832907681079,1.0,True,0.005769581981090066,0.5918164910161793
sub-018,remember,alpha_frontoparietal_ratio,21,0.013276965956192554,-0.0129876534312753,1.0,22,0.01227663886432328,-0.010858941748103399,1.0,True,0.0010003270918692731,0.08148216323087334
sub-018,remember,alpha_occipital,21,-0.01615385501087712,-0.0018726791703318,-1.0,22,-0.013808574837919587,0.006018385239761,-1.0,True,0.0023452801729575336,0.16984230454522967
sub-018,remember,alpha_rel,21,-0.001373015544620692,0.0053042106048458,-1.0,22,-0.003156714484513651,0.00273943482436755,-1.0,True,0.001783698939892959,0.5650491828271159
sub-018,remember,alpha_temporal,21,0.00972330875649082,0.0188570018099933,1.0,22,0.01629686962287168,0.025018799178911,1.0,True,0.00657356086638086,0.40336340772802537
sub-018,remember,beta_abs,21,0.01191177242160232,0.0015822985112636,1.0,22,0.011882839884920149,0.0064287775629291,1.0,True,2.8932536682171536e-05,0.002434816673654604
sub-018,remember,beta_central,21,-0.00971720762638663,0.0213291994335232,-1.0,22,-0.009108361260200665,0.017305056347534098,-1.0,True,0.0006088463661859649,0.06684477578270226
sub-018,remember,beta_frontal,21,0.007792240923466894,0.0272890012761169,1.0,22,0.006292755656684213,0.02676135788213745,1.0,True,0.001499485266782681,0.23828754024318685
sub-018,remember,beta_frontoparietal_diff,21,0.019311771907566087,0.0118892291000058,1.0,22,0.015061675649799796,0.0103621489766398,1.0,True,0.004250096257766291,0.2821795102076033
sub-018,remember,beta_frontoparietal_ratio,21,0.011381048462799456,0.0303288138071968,1.0,22,0.009995618660365795,0.0250422045529727,1.0,True,0.0013854298024336617,0.1386037072349618
sub-018,remember,beta_occipital,21,-0.014252817088185663,0.0042915554102766,-1.0,22,-0.011332306790655403,0.01008362228756505,-1.0,True,0.0029205102975302603,0.2577154282425982
sub-018,remember,beta_parietal,21,-0.00946836704270996,0.0014058908518956,-1.0,22,-0.005930338816362909,0.005094234456075399,-1.0,True,0.0035380282263470517,0.5965979914309404
sub-018,remember,beta_rel,21,0.017882103922760868,0.0180197776350641,1.0,22,0.01053903365996976,0.0168174660327096,1.0,True,0.007343070262791107,0.69674986338474
sub-018,remember,beta_temporal,21,-0.06737826971231216,0.0120496579886667,-1.0,22,-0.06158071509031959,0.012371174100029601,-1.0,True,0.005797554621992565,0.09414562032105946
sub-018,remember,delta_abs,21,0.0009028584357609347,-0.0065310986896701,1.0,22,0.007228722856415695,-0.0031531389258265497,1.0,True,0.006325864420654761,0.8751012518124661
sub-018,remember,delta_central,21,-0.002243899761766095,-0.0094764678096541,-1.0,22,-0.002242849784410514,-0.0058486340347987,-1.0,True,1.0499773555809437e-06,0.00046814430590897034
sub-018,remember,delta_frontoparietal_diff,21,-0.005867080879493053,-0.0015450917898877,-1.0,22,-0.008891798665416483,-0.0035818687385868,-1.0,True,0.00302471778592343,0.34016939651228095
sub-018,remember,delta_frontoparietal_ratio,21,-0.00877885829803693,0.0149154362677029,-1.0,22,-0.008555437293700145,0.00552592003253765,-1.0,True,0.00022342100433678583,0.026114504339983115
sub-018,remember,delta_occipital,21,0.007458373912497986,0.0070640186658745,1.0,22,0.009659547749774438,0.0202226940751393,1.0,True,0.002201173837276452,0.22787545486566407
sub-018,remember,delta_parietal,21,0.00034537384525036775,-0.0136349380070306,1.0,22,0.007668092957052327,-0.0127862519011169,1.0,True,0.007322719111801959,0.9549596167932826
sub-018,remember,delta_rel,21,0.012167450186372643,0.0012608412923472,1.0,22,0.012862226458615516,0.0100134032748007,1.0,True,0.0006947762722428735,0.05401679674031014
sub-018,remember,delta_temporal,21,-0.010081425509193711,0.0104766210105404,-1.0,22,-0.004455897646301734,0.010532915525169599,-1.0,True,0.0056255278628919774,1.2624903688173814
sub-018,remember,delta_theta_ratio,21,-0.0027657850763326726,-0.0103725893448459,-1.0,22,-0.00018999032316373288,-0.0103091462388365,-1.0,True,0.0025757947531689397,13.557504983815047
sub-018,remember,gamma_abs,21,0.028357150110876445,0.0454704048008172,1.0,22,0.025495370910866674,0.027636058275061652,1.0,True,0.002861779200009771,0.11224701182087997
sub-018,remember,gamma_central,21,0.013601472502058735,0.0509209297011822,1.0,22,0.014558284246406573,0.0427861302894467,1.0,True,0.0009568117443478387,0.06572283712512406
sub-018,remember,gamma_frontal,21,0.023442415216768903,0.0229120009761729,1.0,22,0.020143744628534934,0.0143858938803237,1.0,True,0.0032986705882339686,0.16375657302372595
sub-018,remember,gamma_frontoparietal_ratio,21,0.02838505127937988,-0.0471491685534784,1.0,22,0.026023240242854986,-0.03536198003882305,1.0,True,0.0023618110365248926,0.0907577616962345
sub-018,remember,gamma_occipital,21,0.02122691399426996,0.0106571001683149,1.0,22,0.023031090473266857,0.0133513575859867,1.0,True,0.0018041764789968953,0.0783365633985537
sub-018,remember,gamma_parietal,21,0.014646519511017562,0.0152558222126462,1.0,22,0.018942058685776395,0.02026889488011765,1.0,True,0.004295539174758833,0.22677256184325711
sub-018,remember,gamma_rel,21,0.032588516386557013,0.0313494293066601,1.0,22,0.02631386588803555,0.0210692636781099,1.0,True,0.006274650498521463,0.23845414904901663
sub-018,remember,gamma_temporal,21,-0.05817465753265643,0.0276814519819795,-1.0,22,-0.05651817964866923,0.02027048990149495,-1.0,True,0.0016564778839871994,0.02930876214139007
sub-018,remember,theta_abs,21,-0.01117058904640961,0.0253465952983008,-1.0,22,-0.0029891438300134214,0.0321264622211444,-1.0,True,0.008181445216396188,2.7370530431650235
sub-018,remember,theta_alpha_central_ratio,21,0.020058217109977496,0.0014948430819132,1.0,22,0.024055814630122893,0.0018794202919669499,1.0,True,0.0039975975201453975,0.16618009332095418
sub-018,remember,theta_alpha_frontal_ratio,21,0.006653515127131637,0.0081747944364008,1.0,22,0.010202402386540039,0.0102901272273364,1.0,True,0.0035488872594084016,0.3478481954495761
sub-018,remember,theta_alpha_occipital_ratio,21,0.02105330497398253,0.0022400203155615,1.0,22,0.019958592202797092,-0.00039517783826780004,1.0,True,0.0010947127711854361,0.05484919778219718
sub-018,remember,theta_alpha_parietal_ratio,21,0.015981045905947375,-0.0210900445732367,1.0,22,0.01811562122035374,-0.01519353624041025,1.0,True,0.002134575314406365,0.11783064397527096
sub-018,remember,theta_alpha_ratio,21,0.010039161767131946,0.0005146220445551,1.0,22,0.013720792059534921,0.0072135815711985,1.0,True,0.003681630292402975,0.26832490984691504
sub-018,remember,theta_alpha_temporal_ratio,21,-0.0027796742475966058,-0.0084465845946709,-1.0,22,0.0003842089452644267,-0.004374930220801349,1.0,False,0.0031638831928610324,8.2347983613019
sub-018,remember,theta_beta_ratio,21,-0.0029119761031939713,0.0058846005636505,-1.0,22,0.004779497052755068,0.00875205737736785,1.0,False,0.007691473155949039,1.6092641278051227
sub-018,remember,theta_central,21,-0.012179383985039654,0.0111190608577165,-1.0,22,-0.004115907282348823,0.011607086792101099,-1.0,True,0.00806347670269083,1.9591006671290343
sub-018,remember,theta_frontoparietal_diff,21,0.012564547689286913,0.0020020843047849,1.0,22,0.007216404476452345,0.0012829558183184,1.0,True,0.005348143212834568,0.74110912578223
sub-018,remember,theta_frontoparietal_ratio,21,0.00481556194501297,0.0112776709907839,1.0,22,0.007059147266353017,0.01235521432324275,1.0,True,0.0022435853213400468,0.3178266774563488
sub-018,remember,theta_occipital,21,-0.002903616997057557,-0.0035843528295895,-1.0,22,0.001496081143524913,0.0100555128668375,1.0,False,0.00439969814058247,2.9408151821340063
sub-018,remember,theta_parietal,21,-0.01894950159054776,0.0150845488263296,-1.0,22,-0.010798479725520525,0.0151709516428865,-1.0,True,0.008151021865027235,0.7548305013495153
sub-018,remember,theta_rel,21,-0.017568068349712456,-0.0073718577934456,-1.0,22,-0.014536550484554562,-0.00514433645290715,-1.0,True,0.003031517865157894,0.20854451462738396
sub-018,remember,theta_temporal,21,-0.008707780182114483,0.0003462722352739,-1.0,22,-0.0033958097139939105,0.00229113186847875,-1.0,True,0.005311970468120573,1.564272122265947
sub-018,correct,alpha_abs,16,0.006193700136862448,-0.020962673298590948,1.0,17,0.003977169084874701,-0.0314873277469293,1.0,True,0.0022165310519877473,0.5573137587781432
sub-018,correct,alpha_beta_central_ratio,16,0.1472917645773268,0.1078929121690788,1.0,17,0.14402964758962156,0.0918357757863384,1.0,True,0.0032621169877052325,0.022648927094509486
sub-018,correct,alpha_beta_frontal_ratio,16,-0.002694569380455425,0.0592428703998227,-1.0,17,0.011768877838233034,0.1052386511879747,1.0,False,0.014463447218688459,1.228957205393168
sub-018,correct,alpha_beta_occipital_ratio,16,-0.04707730060149745,-0.0017944057997032001,-1.0,17,-0.03671384250847402,0.0245095354919788,-1.0,True,0.010363458093023428,0.28227658520437926
sub-018,correct,alpha_beta_parietal_ratio,16,0.02569265976059954,0.0308184243304054,1.0,17,0.037132833069950806,0.0382750490663845,1.0,True,0.011440173309351265,0.30808781241658223
sub-018,correct,alpha_beta_ratio,16,0.03672935350773207,0.0206772974888908,1.0,17,0.046180390629905685,0.027962344081358,1.0,True,0.009451037122173614,0.20465476781942318
sub-018,correct,alpha_beta_temporal_ratio,16,0.06094081848389223,0.0599705395902789,1.0,17,0.06494299068767259,0.0617200039401055,1.0,True,0.004002172203780359,0.06162593008732576
sub-018,correct,alpha_central,16,0.049594947312216864,0.0216679967399595,1.0,17,0.04246795987509471,0.0177681990916285,1.0,True,0.007126987437122152,0.16782033933543783
sub-018,correct,alpha_frontal,16,-0.008613444309027968,-0.06421215954264155,-1.0,17,-0.0117935947338535,-0.0626760015310623,-1.0,True,0.003180150424825532,0.26965064482815526
sub-018,correct,alpha_frontoparietal_diff,16,-0.025833673323669863,-0.0152541787834251,-1.0,17,-0.030850199169255386,-0.0426794577245955,-1.0,True,0.005016525845585523,0.16260918829285484
sub-018,correct,alpha_frontoparietal_ratio,16,-0.06673090621238877,-0.0865774089019209,-1.0,17,-0.07059348720716957,-0.0935569508164402,-1.0,True,0.0038625809947808037,0.05471582645358416
sub-018,correct,alpha_occipital,16,-0.041676958946991825,-0.041301851231255,-1.0,17,-0.0353875819230478,-0.0226737443574212,-1.0,True,0.006289377023944026,0.17772836351521884
sub-018,correct,alpha_rel,16,0.039028340186827826,0.042440655210347594,1.0,17,0.05097832355011286,0.0454504463368716,1.0,True,0.011949983363285031,0.23441303148264428
sub-018,correct,alpha_temporal,16,0.0360033905825156,0.0418993056300107,1.0,17,0.027248635892917775,0.0259348503649758,1.0,True,0.008754754689597827,0.32129148497570426
sub-018,correct,beta_abs,16,0.019099915541043434,0.0286911864095237,1.0,17,0.0006445398145583712,0.022617076858297,1.0,True,0.018455375726485063,28.633414584528655
sub-018,correct,beta_central,16,-0.07923011906060656,-0.018250184339837203,-1.0,17,-0.08727746109283907,-0.0573648282093374,-1.0,True,0.008047342032232507,0.09220412614514946
sub-018,correct,beta_frontal,16,0.027696836972454755,0.00850545332844495,1.0,17,0.010174146145588859,-0.0024640408308667,1.0,True,0.017522690826865896,1.7222763046767418
sub-018,correct,beta_frontoparietal_diff,16,-0.028735035985244357,-0.05809212024252395,-1.0,17,-0.03944986095015843,-0.0650358100322439,-1.0,True,0.01071482496491407,0.27160615289497086
sub-018,correct,beta_frontoparietal_ratio,16,-0.03495182469508776,-0.06950330276147204,-1.0,17,-0.04525945894883748,-0.0780281715566495,-1.0,True,0.010307634253749726,0.22774541484028243
sub-018,correct,beta_occipital,16,0.06589140662183855,0.1042774420209617,1.0,17,0.05622197652916972,0.075512730773342,1.0,True,0.00966943009266883,0.1719866623268221
sub-018,correct,beta_parietal,16,0.06223890273893114,0.0330676030882919,1.0,17,0.04568359299605848,0.0300598021055862,1.0,True,0.016555309742872656,0.36239071091236247
sub-018,correct,beta_rel,16,0.008282088999716428,-0.00773843599364925,1.0,17,0.004003613901954628,-0.0116664289571332,1.0,True,0.0042784750977618,1.068653272402961
sub-018,correct,beta_temporal,16,0.013844329448489278,0.01167345767023125,1.0,17,0.0020193839783318964,0.0030800889060386,1.0,True,0.011824945470157382,5.855719168340301
sub-018,correct,delta_abs,16,0.05883993241077339,0.07880448481849155,1.0,17,0.0500998314822681,0.0751932060962368,1.0,True,0.008740100928505294,0.1744536991426546
sub-018,correct,delta_central,16,0.03442008707724146,0.056649244265719295,1.0,17,0.01594723148571994,0.053237904630791,1.0,True,0.01847285559152152,1.1583738285898193
sub-018,correct,delta_frontoparietal_diff,16,0.057537880953299224,0.0874525695713427,1.0,17,0.0627843531353025,0.0965889029100864,1.0,True,0.0052464721820032825,0.08356337080828004
sub-018,correct,delta_frontoparietal_ratio,16,0.00032130074982453585,0.06785178037447856,1.0,17,0.007618362637043261,0.0767235494216667,1.0,True,0.007297061887218725,0.9578254849326475
sub-018,correct,delta_occipital,16,0.05544190778981308,0.0657871225506737,1.0,17,0.03884197513017873,0.0337134178161626,1.0,True,0.016599932659634352,0.4273709718416672
sub-018,correct,delta_parietal,16,0.053980705838304915,0.0867303975994412,1.0,17,0.042145890738078534,0.0816931621013528,1.0,True,0.011834815100226381,0.28080590759785995
sub-018,correct,delta_rel,16,-0.05526427798855339,-0.01212310918804465,-1.0,17,-0.07439446030727782,-0.0181843987718074,-1.0,True,0.01913018231872443,0.25714525301627833
sub-018,correct,delta_temporal,16,0.05421976279964161,0.103284213130238,1.0,17,0.05208933196612908,0.0902600490670809,1.0,True,0.0021304308335125255,0.04089956144758837
sub-018,correct,delta_theta_ratio,16,-0.04495414011483955,0.02377919417748675,-1.0,17,-0.055106454857458256,0.0119751868871558,-1.0,True,0.010152314742618705,0.18423095386700716
sub-018,correct,gamma_abs,16,-0.043470429364263624,-0.047640854842901,-1.0,17,-0.05686524273293527,-0.0685925280951577,-1.0,True,0.013394813368671647,0.23555361280316184
sub-018,correct,gamma_central,16,-0.18132821146709108,-0.0526622826991817,-1.0,17,-0.18547637333133052,-0.0566883528600988,-1.0,True,0.004148161864239441,0.0223649071293262
sub-018,correct,gamma_frontal,16,-0.003615645774048361,-0.06609408315094994,-1.0,17,-0.018570855272571345,-0.0854695744567192,-1.0,True,0.014955209498522984,0.8053053711861848
sub-018,correct,gamma_frontoparietal_ratio,16,0.017379730984762323,-0.11857816529243334,1.0,17,0.0009702615712471755,-0.1482127749572843,1.0,True,0.01640946941351515,16.912418155881817
sub-018,correct,gamma_occipital,16,-0.0944613869598601,-0.07343477167019966,-1.0,17,-0.08945879593248873,-0.0548388597736076,-1.0,True,0.00500259102737137,0.0559206165836017
sub-018,correct,gamma_parietal,16,-0.03987822423506346,-0.07588649968283895,-1.0,17,-0.05958862522387283,-0.1006162409118598,-1.0,True,0.01971040098880937,0.33077455495504277
sub-018,correct,gamma_rel,16,-0.089622558380925,-0.06331576012581985,-1.0,17,-0.10166472404316662,-0.0680082285851119,-1.0,True,0.012042165662241616,0.11844979441569663
sub-018,correct,gamma_temporal,16,-0.016484691622397407,-0.06969518866795975,-1.0,17,-0.03680055328585214,-0.1385081681207297,-1.0,True,0.020315861663454733,0.5520531581590407
sub-018,correct,theta_abs,16,0.08962700165942783,0.059712800635390646,1.0,17,0.09306439261390705,0.1011817885579857,1.0,True,0.0034373909544792164,0.03693561906904393
sub-018,correct,theta_alpha_central_ratio,16,0.014048520724591044,0.02108183965050095,1.0,17,0.019230682046213178,0.024672152042746,1.0,True,0.0051821613216221345,0.26947361040907974
sub-018,correct,theta_alpha_frontal_ratio,16,0.04712143463115024,0.0674558256649708,1.0,17,0.05565969462472302,0.0808250903691507,1.0,True,0.008538259993572779,0.1534011289702664
sub-018,correct,theta_alpha_occipital_ratio,16,0.07567313850724429,0.023075126020425753,1.0,17,0.07878043065566702,0.0375691400620294,1.0,True,0.00310729214842273,0.03944243668842154
sub-018,correct,theta_alpha_parietal_ratio,16,0.05930008221345896,0.050567630543160144,1.0,17,0.057607059823141175,0.0484739848887195,1.0,True,0.0016930223903177874,0.029389147710636814
sub-018,correct,theta_alpha_ratio,16,0.056461353467374645,0.055257888173760206,1.0,17,0.05985120385013264,0.0618279945127793,1.0,True,0.0033898503827579918,0.05663796489785192
sub-018,correct,theta_alpha_temporal_ratio,16,0.04934357658772444,-0.02188579863810495,1.0,17,0.058508311526769,-0.019445121900486,1.0,True,0.009164734939044558,0.15663988072620189
sub-018,correct,theta_beta_ratio,16,0.03167965292584861,0.0592155397932908,1.0,17,0.05244258158047268,0.0847662864916092,1.0,True,0.02076292865462407,0.39591736388422333
sub-018,correct,theta_central,16,0.10628070701406062,0.0710715487026947,1.0,17,0.11307711641494934,0.1026073676032386,1.0,True,0.006796409400888728,0.06010419805850488
sub-018,correct,theta_frontoparietal_diff,16,0.012810549083677118,-0.0199145723508928,1.0,17,0.006159832855024103,-0.0620817786206806,1.0,True,0.006650716228653015,1.0796910216855211
sub-018,correct,theta_frontoparietal_ratio,16,-0.04325636952471411,-0.021761850172533702,-1.0,17,-0.03877004880421776,-0.0184003772783559,-1.0,True,0.004486320720496345,0.1157161483894826
sub-018,correct,theta_occipital,16,0.07134019526748456,0.06444441068411275,1.0,17,0.07227551076487133,0.0680261649250033,1.0,True,0.0009353154973867767,0.01294097388574078
sub-018,correct,theta_parietal,16,0.07809315802760437,0.0928027780251289,1.0,17,0.08155791977439754,0.1098504300048916,1.0,True,0.0034647617467931657,0.0424822231412628
sub-018,correct,theta_rel,16,0.06757583353906862,0.011895462140166601,1.0,17,0.08679106636054519,0.0267486725345396,1.0,True,0.019215232821476566,0.22139643660619568
sub-018,correct,theta_temporal,16,0.11397388826870787,0.07647775184921965,1.0,17,0.10826577717700087,0.0660816722314345,1.0,True,0.005708111091707005,0.05272313412921763
sub-019,remember,alpha_abs,21,-0.007056635087005366,0.0213409031658623,-1.0,22,-0.004225080718999699,0.02401404754028395,-1.0,True,0.0028315543680056668,0.6701775791578358
sub-019,remember,alpha_beta_central_ratio,21,-0.008769910923093156,-0.0025246841906916,-1.0,22,-0.006481369496393726,-0.0012023537617123499,-1.0,True,0.00228854142669943,0.3530953493660234
sub-019,remember,alpha_beta_frontal_ratio,21,0.011741478439276302,0.0013925920281986,1.0,22,0.006868067233128458,-0.00017555386438575,1.0,True,0.004873411206147845,0.7095753493269122
sub-019,remember,alpha_beta_occipital_ratio,21,-0.012340918627635417,0.002846169028417,-1.0,22,-0.010147514905164053,0.0075259452461013,-1.0,True,0.002193403722471364,0.2161518108591439
sub-019,remember,alpha_beta_parietal_ratio,21,-0.009289956379653725,-0.0100953967486679,-1.0,22,-0.00889987824774338,-0.007146879630928599,-1.0,True,0.0003900781319103458,0.04382960317566733
sub-019,remember,alpha_beta_ratio,21,-0.0029641649915636875,0.0047890880054006,-1.0,22,-0.004946131824715725,1.643148696604986e-05,-1.0,True,0.0019819668331520373,0.4007104750520776
sub-019,remember,alpha_beta_temporal_ratio,21,0.052861616767986674,0.021701706143165,1.0,22,0.05233680591085687,0.0315087420271479,1.0,True,0.0005248108571298052,0.010027567559695827
sub-019,remember,alpha_central,21,-0.020368971569466942,-0.0269006979629089,-1.0,22,-0.01501586222283353,-0.01501119428169965,-1.0,True,0.005353109346633411,0.3564969674863776
sub-019,remember,alpha_frontal,21,-0.005510193174522305,0.0208244421122482,-1.0,22,-0.0030707927750683456,0.031058370447483198,-1.0,True,0.002439400399453959,0.7943878269023432
sub-019,remember,alpha_frontoparietal_diff,21,0.012218922187865952,0.0003508395007239,1.0,22,0.00974893749781017,0.0002832907681079,1.0,True,0.0024699846900557813,0.2533593728147909
sub-019,remember,alpha_frontoparietal_ratio,21,0.016903926788566486,-0.0087302300649315,1.0,22,0.01227663886432328,-0.010858941748103399,1.0,True,0.004627287924243205,0.3769181430994446
sub-019,remember,alpha_occipital,21,-0.014329987958900114,0.0139094496498538,-1.0,22,-0.013808574837919587,0.006018385239761,-1.0,True,0.0005214131209805278,0.03776009668634887
sub-019,remember,alpha_rel,21,-0.0010283383993013487,0.0053042106048458,-1.0,22,-0.003156714484513651,0.00273943482436755,-1.0,True,0.0021283760852123025,0.6742377543657444
sub-019,remember,alpha_temporal,21,0.012617768343057986,0.0188570018099933,1.0,22,0.01629686962287168,0.025018799178911,1.0,True,0.0036791012798136936,0.225755090698541
sub-019,remember,beta_abs,21,0.007528674118073746,0.0015822985112636,1.0,22,0.011882839884920149,0.0064287775629291,1.0,True,0.0043541657668464025,0.3664246770144595
sub-019,remember,beta_central,21,-0.01291547598320157,0.013280913261545,-1.0,22,-0.009108361260200665,0.017305056347534098,-1.0,True,0.0038071147230009043,0.4179802067838743
sub-019,remember,beta_frontal,21,0.0016556323692285652,0.026233714488158,1.0,22,0.006292755656684213,0.02676135788213745,1.0,True,0.004637123287455648,0.7368986721310338
sub-019,remember,beta_frontoparietal_diff,21,0.011533350910106939,0.0088350688532738,1.0,22,0.015061675649799796,0.0103621489766398,1.0,True,0.0035283247396928567,0.23425844651884772
sub-019,remember,beta_frontoparietal_ratio,21,0.0067829915194454905,0.0197555952987486,1.0,22,0.009995618660365795,0.0250422045529727,1.0,True,0.003212627140920304,0.32140353189531706
sub-019,remember,beta_occipital,21,-0.012076300228795023,0.0158756891648535,-1.0,22,-0.011332306790655403,0.01008362228756505,-1.0,True,0.0007439934381396202,0.06565242645505465
sub-019,remember,beta_parietal,21,-0.008500432465564593,0.0014058908518956,-1.0,22,-0.005930338816362909,0.005094234456075399,-1.0,True,0.0025700936492016836,0.4333805755094998
sub-019,remember,beta_rel,21,0.00923571883334275,0.0156151544303551,1.0,22,0.01053903365996976,0.0168174660327096,1.0,True,0.0013033148266270115,0.1236654961618892
sub-019,remember,beta_temporal,21,-0.06798623660043217,0.0120496579886667,-1.0,22,-0.06158071509031959,0.012371174100029601,-1.0,True,0.0064055215101125745,0.10401830346915725
sub-019,remember,delta_abs,21,0.008328469504337747,0.000224820838017,1.0,22,0.007228722856415695,-0.0031531389258265497,1.0,True,0.0010997466479220515,0.15213567732037137
sub-019,remember,delta_central,21,-0.0018983917832084381,-0.0022208002599433,-1.0,22,-0.002242849784410514,-0.0058486340347987,-1.0,True,0.0003444580012020757,0.15358050440841686
sub-019,remember,delta_frontoparietal_diff,21,-0.0063116997652571975,-0.0015450917898877,-1.0,22,-0.008891798665416483,-0.0035818687385868,-1.0,True,0.002580098900159286,0.2901661404226629
sub-019,remember,delta_frontoparietal_ratio,21,-0.005617714337308366,0.0149154362677029,-1.0,22,-0.008555437293700145,0.00552592003253765,-1.0,True,0.0029377229563917785,0.34337496209048146
sub-019,remember,delta_occipital,21,0.007413299154606966,0.0070640186658745,1.0,22,0.009659547749774438,0.0202226940751393,1.0,True,0.002246248595167472,0.23254179733413757
sub-019,remember,delta_parietal,21,0.005747751068371736,-0.0136349380070306,1.0,22,0.007668092957052327,-0.0127862519011169,1.0,True,0.0019203418886805908,0.25043278680058995
sub-019,remember,delta_rel,21,0.011706115598033928,0.0012608412923472,1.0,22,0.012862226458615516,0.0100134032748007,1.0,True,0.0011561108605815888,0.08988419417908709
sub-019,remember,delta_temporal,21,-0.0063096497949287214,0.0104766210105404,-1.0,22,-0.004455897646301734,0.010532915525169599,-1.0,True,0.0018537521486269876,0.4160221566501978
sub-019,remember,delta_theta_ratio,21,3.597503546970019e-06,-0.0103725893448459,1.0,22,-0.00018999032316373288,-0.0103091462388365,-1.0,False,0.0001935878267107029,1.0189351935775683
sub-019,remember,gamma_abs,21,0.026242688013798126,0.0454704048008172,1.0,22,0.025495370910866674,0.027636058275061652,1.0,True,0.0007473171029314524,0.029311874125860622
sub-019,remember,gamma_central,21,0.012725092750867247,0.0346513308777112,1.0,22,0.014558284246406573,0.0427861302894467,1.0,True,0.0018331914955393262,0.1259208478493483
sub-019,remember,gamma_frontal,21,0.020823933097299716,0.0229120009761729,1.0,22,0.020143744628534934,0.0143858938803237,1.0,True,0.0006801884687647822,0.03376673410569605
sub-019,remember,gamma_frontoparietal_ratio,21,0.030193211367966034,-0.0235747915241677,1.0,22,0.026023240242854986,-0.03536198003882305,1.0,True,0.004169971125111048,0.16024027316336853
sub-019,remember,gamma_occipital,21,0.020772869935243514,0.0106571001683149,1.0,22,0.023031090473266857,0.0133513575859867,1.0,True,0.002258220538023343,0.09805096031577633
sub-019,remember,gamma_parietal,21,0.016935137505752134,0.0152558222126462,1.0,22,0.018942058685776395,0.02026889488011765,1.0,True,0.002006921180024261,0.1059505312129172
sub-019,remember,gamma_rel,21,0.028131052318237575,0.0313494293066601,1.0,22,0.02631386588803555,0.0210692636781099,1.0,True,0.0018171864302020252,0.06905813223849665
sub-019,remember,gamma_temporal,21,-0.06052768591679536,0.0128595278210104,-1.0,22,-0.05651817964866923,0.02027048990149495,-1.0,True,0.004009506268126128,0.07094188618689058
sub-019,remember,theta_abs,21,-0.0056282631226589035,0.0253465952983008,-1.0,22,-0.0029891438300134214,0.0321264622211444,-1.0,True,0.002639119292645482,0.8829014067996963
sub-019,remember,theta_alpha_central_ratio,21,0.025143323773361842,0.0022639975020207,1.0,22,0.024055814630122893,0.0018794202919669499,1.0,True,0.0010875091432389489,0.045207745402110006
sub-019,remember,theta_alpha_frontal_ratio,21,0.010298955146070479,0.012405460018272,1.0,22,0.010202402386540039,0.0102901272273364,1.0,True,9.655275953044003e-05,0.00946372784294623
sub-019,remember,theta_alpha_occipital_ratio,21,0.021906434389384482,0.0022400203155615,1.0,22,0.019958592202797092,-0.00039517783826780004,1.0,True,0.0019478421865873896,0.09759416730376452
sub-019,remember,theta_alpha_parietal_ratio,21,0.020957971795002434,-0.0092970279075838,1.0,22,0.01811562122035374,-0.01519353624041025,1.0,True,0.0028423505746486936,0.15690053021505998
sub-019,remember,theta_alpha_ratio,21,0.015530287192632289,0.0139125410978419,1.0,22,0.013720792059534921,0.0072135815711985,1.0,True,0.0018094951330973677,0.13187978691360638
sub-019,remember,theta_alpha_temporal_ratio,21,0.00418982128477655,-0.0003032758469318,1.0,22,0.0003842089452644267,-0.004374930220801349,1.0,True,0.0038056123395121236,9.905059177872502
sub-019,remember,theta_beta_ratio,21,0.006770727264842723,0.0116195141910852,1.0,22,0.004779497052755068,0.00875205737736785,1.0,True,0.001991230212087655,0.41661919446939305
sub-019,remember,theta_central,21,-0.008436244692927919,0.0111190608577165,-1.0,22,-0.004115907282348823,0.011607086792101099,-1.0,True,0.0043203374105790955,1.0496683025652633
sub-019,remember,theta_frontoparietal_diff,21,0.010940151539797337,0.0020020843047849,1.0,22,0.007216404476452345,0.0012829558183184,1.0,True,0.003723747063344993,0.5160114119844379
sub-019,remember,theta_frontoparietal_ratio,21,0.00816458180373342,0.0134327576557016,1.0,22,0.007059147266353017,0.01235521432324275,1.0,True,0.0011054345373804038,0.15659604420627238
sub-019,remember,theta_occipital,21,-0.0008225999403628285,-0.0035843528295895,-1.0,22,0.001496081143524913,0.0100555128668375,1.0,False,0.0023186810838877418,1.5498364469888999
sub-019,remember,theta_parietal,21,-0.014278665716841443,0.0150845488263296,-1.0,22,-0.010798479725520525,0.0151709516428865,-1.0,True,0.003480185991320918,0.32228481043456886
sub-019,remember,theta_rel,21,-0.014877726326988321,-0.0029168151123687,-1.0,22,-0.014536550484554562,-0.00514433645290715,-1.0,True,0.000341175842433759,0.023470206552528856
sub-019,remember,theta_temporal,21,-0.006255286106252134,0.0003462722352739,-1.0,22,-0.0033958097139939105,0.00229113186847875,-1.0,True,0.002859476392258224,0.8420602545762527
sub-019,correct,alpha_abs,16,0.003674014840179346,-0.032418045873448445,1.0,17,0.003977169084874701,-0.0314873277469293,1.0,True,0.00030315424469535505,0.07622362495179301
sub-019,correct,alpha_beta_central_ratio,16,0.15711898157668652,0.1265473772648927,1.0,17,0.14402964758962156,0.0918357757863384,1.0,True,0.013089333987064966,0.09087944187963252
sub-019,correct,alpha_beta_frontal_ratio,16,0.024774390314889157,0.1289421023243036,1.0,17,0.011768877838233034,0.1052386511879747,1.0,True,0.013005512476656123,1.1050766823669194
sub-019,correct,alpha_beta_occipital_ratio,16,-0.04099945721773794,-0.0017944057997032001,-1.0,17,-0.03671384250847402,0.0245095354919788,-1.0,True,0.0042856147092639185,0.11673021444907991
sub-019,correct,alpha_beta_parietal_ratio,16,0.045151031546747857,0.04223781894371415,1.0,17,0.037132833069950806,0.0382750490663845,1.0,True,0.00801819847679705,0.21593285009232593
sub-019,correct,alpha_beta_ratio,16,0.06941379166152162,0.059700692172852,1.0,17,0.046180390629905685,0.027962344081358,1.0,True,0.023233401031615933,0.5031010070445431
sub-019,correct,alpha_beta_temporal_ratio,16,0.08179888478699979,0.08911658952978654,1.0,17,0.06494299068767259,0.0617200039401055,1.0,True,0.016855894099327196,0.2595490894528016
sub-019,correct,alpha_central,16,0.03506771081395578,-0.00014317429719555054,1.0,17,0.04246795987509471,0.0177681990916285,1.0,True,0.007400249061138932,0.17425487550860194
sub-019,correct,alpha_frontal,16,-0.02347375750554149,-0.0660759565515068,-1.0,17,-0.0117935947338535,-0.0626760015310623,-1.0,True,0.011680162771687989,0.990381900961892
sub-019,correct,alpha_frontoparietal_diff,16,-0.045414266867419666,-0.044718786885953446,-1.0,17,-0.030850199169255386,-0.0426794577245955,-1.0,True,0.01456406769816428,0.4720899083425854
sub-019,correct,alpha_frontoparietal_ratio,16,-0.09792064764657671,-0.1129758669700513,-1.0,17,-0.07059348720716957,-0.0935569508164402,-1.0,True,0.02732716043940714,0.38710597139379954
sub-019,correct,alpha_occipital,16,-0.029520356372043442,-0.0121144056513481,-1.0,17,-0.0353875819230478,-0.0226737443574212,-1.0,True,0.005867225551004357,0.16579899592356875
sub-019,correct,alpha_rel,16,0.06619137162385469,0.06350018877161565,1.0,17,0.05097832355011286,0.0454504463368716,1.0,True,0.015213048073741832,0.29842189806000696
sub-019,correct,alpha_temporal,16,0.029539645268171322,0.0418993056300107,1.0,17,0.027248635892917775,0.0259348503649758,1.0,True,0.002291009375253547,0.08407794739732297
sub-019,correct,beta_abs,16,-0.040482596546107884,0.01770494626091995,-1.0,17,0.0006445398145583712,0.022617076858297,1.0,False,0.041127136360666255,63.808527311607484
sub-019,correct,beta_central,16,-0.10751819127630578,-0.06024987057689475,-1.0,17,-0.08727746109283907,-0.0573648282093374,-1.0,True,0.020240730183466712,0.23191245402906685
sub-019,correct,beta_frontal,16,-0.03856160926406862,-0.017724737272939103,-1.0,17,0.010174146145588859,-0.0024640408308667,1.0,False,0.04873575540965748,4.79015680650386
sub-019,correct,beta_frontoparietal_diff,16,-0.0932524675657232,-0.07839993716479321,-1.0,17,-0.03944986095015843,-0.0650358100322439,-1.0,True,0.05380260661556477,1.3638224652690114
sub-019,correct,beta_frontoparietal_ratio,16,-0.09229666652787934,-0.07884275343481535,-1.0,17,-0.04525945894883748,-0.0780281715566495,-1.0,True,0.047037207579041854,1.0392790517494694
sub-019,correct,beta_occipital,16,0.06951632266718714,0.1042774420209617,1.0,17,0.05622197652916972,0.075512730773342,1.0,True,0.013294346138017422,0.23646173540554732
sub-019,correct,beta_parietal,16,0.044726521830081925,0.0226575465476272,1.0,17,0.04568359299605848,0.0300598021055862,1.0,True,0.0009570711659765557,0.020949997651435397
sub-019,correct,beta_rel,16,-0.019466032508837487,-0.0380592083096837,-1.0,17,0.004003613901954628,-0.0116664289571332,1.0,False,0.023469646410792116,5.8621153251900395
sub-019,correct,beta_temporal,16,-0.017425134650242168,-0.0471285905376733,-1.0,17,0.0020193839783318964,0.0030800889060386,1.0,False,0.019444518628574065,9.62893577309459
sub-019,correct,delta_abs,16,0.041749278758967015,0.0686744600348379,1.0,17,0.0500998314822681,0.0751932060962368,1.0,True,0.008350552723301083,0.16667825971144445
sub-019,correct,delta_central,16,0.005843039559882052,0.0258696025617372,1.0,17,0.01594723148571994,0.053237904630791,1.0,True,0.010104191925837887,0.633601633919076
sub-019,correct,delta_frontoparietal_diff,16,0.05606213897372435,0.0874525695713427,1.0,17,0.0627843531353025,0.0965889029100864,1.0,True,0.006722214161578158,0.10706830326166693
sub-019,correct,delta_frontoparietal_ratio,16,-0.007507401114431812,0.06785178037447856,-1.0,17,0.007618362637043261,0.0767235494216667,1.0,False,0.015125763751475074,1.985434990706282
sub-019,correct,delta_occipital,16,0.04006835458726427,0.0657871225506737,1.0,17,0.03884197513017873,0.0337134178161626,1.0,True,0.0012263794570855427,0.03157356063833872
sub-019,correct,delta_parietal,16,0.034465503972029014,0.06603914374845984,1.0,17,0.042145890738078534,0.0816931621013528,1.0,True,0.00768038676604952,0.18223334781984668
sub-019,correct,delta_rel,16,-0.07685974119637104,-0.01212310918804465,-1.0,17,-0.07439446030727782,-0.0181843987718074,-1.0,True,0.002465280889093216,0.033137963215414894
sub-019,correct,delta_temporal,16,0.04148711251120324,0.05555577461190425,1.0,17,0.05208933196612908,0.0902600490670809,1.0,True,0.010602219454925843,0.20353917116502668
sub-019,correct,delta_theta_ratio,16,-0.06180465631553436,-0.017553290673687702,-1.0,17,-0.055106454857458256,0.0119751868871558,-1.0,True,0.006698201458076106,0.12155021540402274
sub-019,correct,gamma_abs,16,-0.11082990639544478,-0.07896663970765305,-1.0,17,-0.05686524273293527,-0.0685925280951577,-1.0,True,0.05396466366250951,0.9489920568167064
sub-019,correct,gamma_central,16,-0.2275109078069826,-0.10132551739606299,-1.0,17,-0.18547637333133052,-0.0566883528600988,-1.0,True,0.042034534475652086,0.2266301293295325
sub-019,correct,gamma_frontal,16,-0.0689688204567993,-0.1213615444694541,-1.0,17,-0.018570855272571345,-0.0854695744567192,-1.0,True,0.05039796518422796,2.7138203623106367
sub-019,correct,gamma_frontoparietal_ratio,16,-0.026227983902326724,-0.15163306776803695,-1.0,17,0.0009702615712471755,-0.1482127749572843,1.0,False,0.027198245473573898,28.03186921915627
sub-019,correct,gamma_occipital,16,-0.12567947189435605,-0.07343477167019966,-1.0,17,-0.08945879593248873,-0.0548388597736076,-1.0,True,0.036220675961867316,0.4048866920721997
sub-019,correct,gamma_parietal,16,-0.09548116638406043,-0.10581903540691145,-1.0,17,-0.05958862522387283,-0.1006162409118598,-1.0,True,0.0358925411601876,0.6023388025036709
sub-019,correct,gamma_rel,16,-0.14006900948517398,-0.09918830401472925,-1.0,17,-0.10166472404316662,-0.0680082285851119,-1.0,True,0.03840428544200736,0.37775428796424
sub-019,correct,gamma_temporal,16,-0.07924925068225205,-0.14279791708091755,-1.0,17,-0.03680055328585214,-0.1385081681207297,-1.0,True,0.04244869739639991,1.1534798693561812
sub-019,correct,theta_abs,16,0.08409951631987565,0.059712800635390646,1.0,17,0.09306439261390705,0.1011817885579857,1.0,True,0.008964876294031393,0.09632982112958775
sub-019,correct,theta_alpha_central_ratio,16,0.01814354486362701,0.02108183965050095,1.0,17,0.019230682046213178,0.024672152042746,1.0,True,0.0010871371825861668,0.05653138978501499
sub-019,correct,theta_alpha_frontal_ratio,16,0.05575801547871877,0.08618891553809374,1.0,17,0.05565969462472302,0.0808250903691507,1.0,True,9.832085399574808e-05,0.001766464129181114
sub-019,correct,theta_alpha_occipital_ratio,16,0.06658058138579111,0.023075126020425753,1.0,17,0.07878043065566702,0.0375691400620294,1.0,True,0.012199849269875912,0.15485888016021304
sub-019,correct,theta_alpha_parietal_ratio,16,0.04692282921562026,0.0394963432333881,1.0,17,0.057607059823141175,0.0484739848887195,1.0,True,0.010684230607520918,0.18546738264932217
sub-019,correct,theta_alpha_ratio,16,0.0536372186244005,0.055257888173760206,1.0,17,0.05985120385013264,0.0618279945127793,1.0,True,0.00621398522573214,0.10382389703124358
sub-019,correct,theta_alpha_temporal_ratio,16,0.05231561200827042,-0.02188579863810495,1.0,17,0.058508311526769,-0.019445121900486,1.0,True,0.006192699518498573,0.10584307352067852
sub-019,correct,theta_beta_ratio,16,0.0629311432023375,0.0902319785252483,1.0,17,0.05244258158047268,0.0847662864916092,1.0,True,0.010488561621864824,0.2000008639118999
sub-019,correct,theta_central,16,0.1052193387655623,0.0710715487026947,1.0,17,0.11307711641494934,0.1026073676032386,1.0,True,0.00785777764938704,0.06949043182664856
sub-019,correct,theta_frontoparietal_diff,16,0.010827519650908904,-0.0199145723508928,1.0,17,0.006159832855024103,-0.0620817786206806,1.0,True,0.004667686795884801,0.7577619240232674
sub-019,correct,theta_frontoparietal_ratio,16,-0.048200992057711924,-0.021761850172533702,-1.0,17,-0.03877004880421776,-0.0184003772783559,-1.0,True,0.00943094325349416,0.2432533242637594
sub-019,correct,theta_occipital,16,0.07298881415997441,0.07763336182403165,1.0,17,0.07227551076487133,0.0680261649250033,1.0,True,0.0007133033951030737,0.009869226623989027
sub-019,correct,theta_parietal,16,0.07532170442005245,0.0928027780251289,1.0,17,0.08155791977439754,0.1098504300048916,1.0,True,0.006236215354345084,0.0764636392344909
sub-019,correct,theta_rel,16,0.09054371597467054,0.0303988415989888,1.0,17,0.08679106636054519,0.0267486725345396,1.0,True,0.0037526496141253446,0.043237740604962556
sub-019,correct,theta_temporal,16,0.10220763805186278,0.05434937192189765,1.0,17,0.10826577717700087,0.0660816722314345,1.0,True,0.0060581391251380845,0.05595617824119798
sub-020,remember,alpha_abs,21,-0.0042710708493970476,0.0266871919147056,-1.0,22,-0.004225080718999699,0.02401404754028395,-1.0,True,4.5990130397348394e-05,0.010885030004405856
sub-020,remember,alpha_beta_central_ratio,21,-0.005620136765739027,0.0001199766672669,-1.0,22,-0.006481369496393726,-0.0012023537617123499,-1.0,True,0.000861232730654699,0.13287820284492255
sub-020,remember,alpha_beta_frontal_ratio,21,-0.0005082678116256814,-0.0017436997569701,-1.0,22,0.006868067233128458,-0.00017555386438575,1.0,False,0.007376335044754139,1.074004489818333
sub-020,remember,alpha_beta_occipital_ratio,21,-0.003303021818512154,0.0122057214637856,-1.0,22,-0.010147514905164053,0.0075259452461013,-1.0,True,0.006844493086651899,0.674499436622532
sub-020,remember,alpha_beta_parietal_ratio,21,-0.007738535191944827,-0.0041983625131893,-1.0,22,-0.00889987824774338,-0.007146879630928599,-1.0,True,0.0011613430557985529,0.1304897689013913
sub-020,remember,alpha_beta_ratio,21,-0.007726287475996597,-0.0047562250314685,-1.0,22,-0.004946131824715725,1.643148696604986e-05,-1.0,True,0.0027801556512808724,0.562086848835789
sub-020,remember,alpha_beta_temporal_ratio,21,0.05092656459599733,0.021701706143165,1.0,22,0.05233680591085687,0.0315087420271479,1.0,True,0.0014102413148595408,0.026945498303078467
sub-020,remember,alpha_central,21,-0.014449917663782322,-0.0031216906004904,-1.0,22,-0.01501586222283353,-0.01501119428169965,-1.0,True,0.0005659445590512086,0.03768978102307158
sub-020,remember,alpha_frontal,21,-0.005292699361786557,0.0208244421122482,-1.0,22,-0.0030707927750683456,0.031058370447483198,-1.0,True,0.0022219065867182114,0.7235612265203272
sub-020,remember,alpha_frontoparietal_diff,21,0.006645470233253734,0.0002157420354919,1.0,22,0.00974893749781017,0.0002832907681079,1.0,True,0.003103467264556437,0.3183390256890605
sub-020,remember,alpha_frontoparietal_ratio,21,0.006278095616191813,-0.0129876534312753,1.0,22,0.01227663886432328,-0.010858941748103399,1.0,True,0.005998543248131468,0.48861445827519034
sub-020,remember,alpha_occipital,21,-0.01025660585972194,0.0139094496498538,-1.0,22,-0.013808574837919587,0.006018385239761,-1.0,True,0.003551968978197647,0.2572292231377579
sub-020,remember,alpha_rel,21,-0.0017016309732100245,0.0053042106048458,-1.0,22,-0.003156714484513651,0.00273943482436755,-1.0,True,0.0014550835113036266,0.4609487232507214
sub-020,remember,alpha_temporal,21,0.015588120721683252,0.0188570018099933,1.0,22,0.01629686962287168,0.025018799178911,1.0,True,0.0007087489011884281,0.043489879810644214
sub-020,remember,beta_abs,21,0.01352982976716971,0.0112752566145946,1.0,22,0.011882839884920149,0.0064287775629291,1.0,True,0.0016469898822495613,0.13860237941434056
sub-020,remember,beta_central,21,-0.010174517189807603,0.0213291994335232,-1.0,22,-0.009108361260200665,0.017305056347534098,-1.0,True,0.0010661559296069375,0.11705244216273533
sub-020,remember,beta_frontal,21,0.012159497330641958,0.0272890012761169,1.0,22,0.006292755656684213,0.02676135788213745,1.0,True,0.0058667416739577455,0.9323008859760903
sub-020,remember,beta_frontoparietal_diff,21,0.02379484789036377,0.0118892291000058,1.0,22,0.015061675649799796,0.0103621489766398,1.0,True,0.008733172240563974,0.579827400590721
sub-020,remember,beta_frontoparietal_ratio,21,0.017699441135415783,0.0303288138071968,1.0,22,0.009995618660365795,0.0250422045529727,1.0,True,0.007703822475049988,0.7707199260808998
sub-020,remember,beta_occipital,21,-0.015621781205034166,0.0042915554102766,-1.0,22,-0.011332306790655403,0.01008362228756505,-1.0,True,0.004289474414378764,0.3785173216379789
sub-020,remember,beta_parietal,21,-0.009004798402923519,0.0014058908518956,-1.0,22,-0.005930338816362909,0.005094234456075399,-1.0,True,0.00307445958656061,0.5184289939855719
sub-020,remember,beta_rel,21,0.011402287075131268,0.0180197776350641,1.0,22,0.01053903365996976,0.0168174660327096,1.0,True,0.0008632534151615072,0.08191011083306324
sub-020,remember,beta_temporal,21,-0.0662206383009451,0.0120496579886667,-1.0,22,-0.06158071509031959,0.012371174100029601,-1.0,True,0.004639923210625507,0.07534701738718355
sub-020,remember,delta_abs,21,0.00794668030887459,0.000224820838017,1.0,22,0.007228722856415695,-0.0031531389258265497,1.0,True,0.000717957452458895,0.09932009660900024
sub-020,remember,delta_central,21,-0.0018935960594128668,-0.0022208002599433,-1.0,22,-0.002242849784410514,-0.0058486340347987,-1.0,True,0.0003492537249976471,0.15571873222416505
sub-020,remember,delta_frontoparietal_diff,21,-0.009047663092946513,-0.0015450917898877,-1.0,22,-0.008891798665416483,-0.0035818687385868,-1.0,True,0.0001558644275300291,0.017529009978177294
sub-020,remember,delta_frontoparietal_ratio,21,-0.007026859737558591,0.0149154362677029,-1.0,22,-0.008555437293700145,0.00552592003253765,-1.0,True,0.0015285775561415535,0.17866737884539602
sub-020,remember,delta_occipital,21,0.009783144372817291,0.0333813694844041,1.0,22,0.009659547749774438,0.0202226940751393,1.0,True,0.00012359662304285354,0.012795280508421285
sub-020,remember,delta_parietal,21,0.00860169575477878,-0.0136349380070306,1.0,22,0.007668092957052327,-0.0127862519011169,1.0,True,0.0009336027977264539,0.12175162755008358
sub-020,remember,delta_rel,21,0.013772228059753037,0.0187659652572542,1.0,22,0.012862226458615516,0.0100134032748007,1.0,True,0.0009100016011375205,0.07074992840978736
sub-020,remember,delta_temporal,21,-0.0030578099226057733,0.0105892100397988,-1.0,22,-0.004455897646301734,0.010532915525169599,-1.0,True,0.0013980877236959605,0.3137611845407474
sub-020,remember,delta_theta_ratio,21,0.0002948953445354181,-0.0102457031328271,1.0,22,-0.00018999032316373288,-0.0103091462388365,-1.0,False,0.00048488566769915096,2.5521598133252215
sub-020,remember,gamma_abs,21,0.03529743390337624,0.0454704048008172,1.0,22,0.025495370910866674,0.027636058275061652,1.0,True,0.009802062992509564,0.38446442010112963
sub-020,remember,gamma_central,21,0.017408626417894462,0.0509209297011822,1.0,22,0.014558284246406573,0.0427861302894467,1.0,True,0.0028503421714878886,0.1957883307706016
sub-020,remember,gamma_frontal,21,0.03224599787010297,0.0229120009761729,1.0,22,0.020143744628534934,0.0143858938803237,1.0,True,0.012102253241568033,0.600794612160859
sub-020,remember,gamma_frontoparietal_ratio,21,0.04143223887606742,-0.0235747915241677,1.0,22,0.026023240242854986,-0.03536198003882305,1.0,True,0.015408998633212437,0.5921245198296617
sub-020,remember,gamma_occipital,21,0.029893641684499737,0.0160456150036585,1.0,22,0.023031090473266857,0.0133513575859867,1.0,True,0.00686255121123288,0.29796900929196246
sub-020,remember,gamma_parietal,21,0.022399223946173254,0.0252819675475891,1.0,22,0.018942058685776395,0.02026889488011765,1.0,True,0.0034571652603968585,0.18251264647347157
sub-020,remember,gamma_rel,21,0.03420786369893943,0.0313494293066601,1.0,22,0.02631386588803555,0.0210692636781099,1.0,True,0.007893997810903882,0.29999384524085243
sub-020,remember,gamma_temporal,21,-0.05810612223305197,0.0276814519819795,-1.0,22,-0.05651817964866923,0.02027048990149495,-1.0,True,0.0015879425843827386,0.028096138167467113
sub-020,remember,theta_abs,21,-0.004338464740885527,0.038906329143988,-1.0,22,-0.0029891438300134214,0.0321264622211444,-1.0,True,0.0013493209108721054,0.451407154558383
sub-020,remember,theta_alpha_central_ratio,21,0.02274528408007647,0.0014948430819132,1.0,22,0.024055814630122893,0.0018794202919669499,1.0,True,0.0013105305500464223,0.054478743297488044
sub-020,remember,theta_alpha_frontal_ratio,21,0.009978749618861305,0.0081747944364008,1.0,22,0.010202402386540039,0.0102901272273364,1.0,True,0.00022365276767873435,0.021921578781660088
sub-020,remember,theta_alpha_occipital_ratio,21,0.01679563884041085,-0.0030303759920971,1.0,22,0.019958592202797092,-0.00039517783826780004,1.0,True,0.003162953362386242,0.15847577475644653
sub-020,remember,theta_alpha_parietal_ratio,21,0.017396131947510943,-0.0210900445732367,1.0,22,0.01811562122035374,-0.01519353624041025,1.0,True,0.0007194892728427972,0.039716511186181
sub-020,remember,theta_alpha_ratio,21,0.012578080872637752,0.0005146220445551,1.0,22,0.013720792059534921,0.0072135815711985,1.0,True,0.001142711186897169,0.08328317942134182
sub-020,remember,theta_alpha_temporal_ratio,21,-0.0007664688630116343,-0.0084465845946709,-1.0,22,0.0003842089452644267,-0.004374930220801349,1.0,False,0.001150677808276061,2.994927167778778
sub-020,remember,theta_beta_ratio,21,0.00322561383879459,0.0058846005636505,1.0,22,0.004779497052755068,0.00875205737736785,1.0,True,0.001553883213960478,0.32511437852331465
sub-020,remember,theta_central,21,-0.004841381955685267,0.0120951127264857,-1.0,22,-0.004115907282348823,0.011607086792101099,-1.0,True,0.0007254746733364433,0.17626117975194935
sub-020,remember,theta_frontoparietal_diff,21,0.007533193864290461,0.0020020843047849,1.0,22,0.007216404476452345,0.0012829558183184,1.0,True,0.00031678938783811627,0.043898507750199316
sub-020,remember,theta_frontoparietal_ratio,21,0.006646230812311536,0.0112776709907839,1.0,22,0.007059147266353017,0.01235521432324275,1.0,True,0.0004129164540414808,0.058493814969638215
sub-020,remember,theta_occipital,21,0.002043163255201738,0.0236953785632645,1.0,22,0.001496081143524913,0.0100555128668375,1.0,True,0.0005470821116768249,0.36567676428822976
sub-020,remember,theta_parietal,21,-0.012282554725545826,0.0150845488263296,-1.0,22,-0.010798479725520525,0.0151709516428865,-1.0,True,0.0014840750000253006,0.13743369786748041
sub-020,remember,theta_rel,21,-0.016848976338328745,-0.0073718577934456,-1.0,22,-0.014536550484554562,-0.00514433645290715,-1.0,True,0.002312425853774183,0.1590766568885233
sub-020,remember,theta_temporal,21,-0.005228462487652431,0.0003462722352739,-1.0,22,-0.0033958097139939105,0.00229113186847875,-1.0,True,0.0018326527736585206,0.5396806440909447
sub-020,correct,alpha_abs,16,0.0030072903773012694,-0.032418045873448445,1.0,17,0.003977169084874701,-0.0314873277469293,1.0,True,0.0009698787075734317,0.24386157261000316
sub-020,correct,alpha_beta_central_ratio,16,0.13766258431417822,0.0731813106905245,1.0,17,0.14402964758962156,0.0918357757863384,1.0,True,0.006367063275443341,0.04420661566558007
sub-020,correct,alpha_beta_frontal_ratio,16,0.022398066875010243,0.1289421023243036,1.0,17,0.011768877838233034,0.1052386511879747,1.0,True,0.010629189036777209,0.9031607926328058
sub-020,correct,alpha_beta_occipital_ratio,16,-0.04182952903501065,-0.0017944057997032001,-1.0,17,-0.03671384250847402,0.0245095354919788,-1.0,True,0.005115686526536628,0.13933944738570642
sub-020,correct,alpha_beta_parietal_ratio,16,0.037061444570173706,0.03478119420773505,1.0,17,0.037132833069950806,0.0382750490663845,1.0,True,7.138849977710027e-05,0.001922516917645865
sub-020,correct,alpha_beta_ratio,16,0.048620042887325986,0.059700692172852,1.0,17,0.046180390629905685,0.027962344081358,1.0,True,0.002439652257420301,0.05282874882917125
sub-020,correct,alpha_beta_temporal_ratio,16,0.03685772161511656,0.0599705395902789,1.0,17,0.06494299068767259,0.0617200039401055,1.0,True,0.028085269072556034,0.4324603590805551
sub-020,correct,alpha_central,16,0.034996976372080525,-0.00014317429719555054,1.0,17,0.04246795987509471,0.0177681990916285,1.0,True,0.007470983503014186,0.17592047098536365
sub-020,correct,alpha_frontal,16,-0.0081884499314724,-0.06081220452219705,-1.0,17,-0.0117935947338535,-0.0626760015310623,-1.0,True,0.0036051448023811,0.30568667855209036
sub-020,correct,alpha_frontoparietal_diff,16,-0.029855954364376887,-0.0152541787834251,-1.0,17,-0.030850199169255386,-0.0426794577245955,-1.0,True,0.000994244804878499,0.0322281486554985
sub-020,correct,alpha_frontoparietal_ratio,16,-0.07003071347090506,-0.1129758669700513,-1.0,17,-0.07059348720716957,-0.0935569508164402,-1.0,True,0.0005627737362645102,0.00797203479427142
sub-020,correct,alpha_occipital,16,-0.04558525209865331,-0.041301851231255,-1.0,17,-0.0353875819230478,-0.0226737443574212,-1.0,True,0.010197670175605508,0.2881708673336565
sub-020,correct,alpha_rel,16,0.043367433369123805,0.042440655210347594,1.0,17,0.05097832355011286,0.0454504463368716,1.0,True,0.007610890180989052,0.1492965961014268
sub-020,correct,alpha_temporal,16,0.006506982564694112,0.02549389704777165,1.0,17,0.027248635892917775,0.0259348503649758,1.0,True,0.020741653328223662,0.76119969490343
sub-020,correct,beta_abs,16,-0.0074589535132215425,0.01770494626091995,-1.0,17,0.0006445398145583712,0.022617076858297,1.0,False,0.008103493327779914,12.572525614003075
sub-020,correct,beta_central,16,-0.08621812954200488,-0.018250184339837203,-1.0,17,-0.08727746109283907,-0.0573648282093374,-1.0,True,0.0010593315508341944,0.012137515660628106
sub-020,correct,beta_frontal,16,-0.007768287500139866,-0.017724737272939103,-1.0,17,0.010174146145588859,-0.0024640408308667,1.0,False,0.017942433645728725,1.7635321322279132
sub-020,correct,beta_frontoparietal_diff,16,-0.06452460048498367,-0.07839993716479321,-1.0,17,-0.03944986095015843,-0.0650358100322439,-1.0,True,0.02507473953482524,0.6356103400847232
sub-020,correct,beta_frontoparietal_ratio,16,-0.07305412166483091,-0.07884275343481535,-1.0,17,-0.04525945894883748,-0.0780281715566495,-1.0,True,0.02779466271599343,0.6141183160720782
sub-020,correct,beta_occipital,16,0.0477241916559016,0.07165946385599155,1.0,17,0.05622197652916972,0.075512730773342,1.0,True,0.008497784873268119,0.15114703178141028
sub-020,correct,beta_parietal,16,0.05243529222316594,0.0330676030882919,1.0,17,0.04568359299605848,0.0300598021055862,1.0,True,0.006751699227107458,0.14779264905214407
sub-020,correct,beta_rel,16,0.004982991580647621,-0.03413121534619975,1.0,17,0.004003613901954628,-0.0116664289571332,1.0,True,0.0009793776786929933,0.24462340841978933
sub-020,correct,beta_temporal,16,0.011843924088741622,0.01167345767023125,1.0,17,0.0020193839783318964,0.0030800889060386,1.0,True,0.009824540110409726,4.865117390168286
sub-020,correct,delta_abs,16,0.04934633882656991,0.07880448481849155,1.0,17,0.0500998314822681,0.0751932060962368,1.0,True,0.0007534926556981847,0.015039824155194401
sub-020,correct,delta_central,16,0.01703760217278472,0.056649244265719295,1.0,17,0.01594723148571994,0.053237904630791,1.0,True,0.0010903706870647803,0.06837366649133804
sub-020,correct,delta_frontoparietal_diff,16,0.05983208179875924,0.0874525695713427,1.0,17,0.0627843531353025,0.0965889029100864,1.0,True,0.002952271336543265,0.04702240588799275
sub-020,correct,delta_frontoparietal_ratio,16,-0.011424974616810394,0.06785178037447856,-1.0,17,0.007618362637043261,0.0767235494216667,1.0,False,0.019043337253853654,2.4996627439678436
sub-020,correct,delta_occipital,16,0.04382316291374685,0.0657871225506737,1.0,17,0.03884197513017873,0.0337134178161626,1.0,True,0.004981187783568118,0.12824239155896905
sub-020,correct,delta_parietal,16,0.046304401464158734,0.0867303975994412,1.0,17,0.042145890738078534,0.0816931621013528,1.0,True,0.0041585107260802,0.09866942312178997
sub-020,correct,delta_rel,16,-0.07897590829693871,-0.0199241075707751,-1.0,17,-0.07439446030727782,-0.0181843987718074,-1.0,True,0.004581447989660883,0.061583187387041126
sub-020,correct,delta_temporal,16,0.03991048817914891,0.05555577461190425,1.0,17,0.05208933196612908,0.0902600490670809,1.0,True,0.01217884378698017,0.23380687229583638
sub-020,correct,delta_theta_ratio,16,-0.05560799777139119,0.02377919417748675,-1.0,17,-0.055106454857458256,0.0119751868871558,-1.0,True,0.0005015429139329369,0.009101346026164425
sub-020,correct,gamma_abs,16,-0.07219101975425571,-0.07896663970765305,-1.0,17,-0.05686524273293527,-0.0685925280951577,-1.0,True,0.015325777021320437,0.269510447590933
sub-020,correct,gamma_central,16,-0.17542449425215886,-0.0526622826991817,-1.0,17,-0.18547637333133052,-0.0566883528600988,-1.0,True,0.010051879079171655,0.05419493005297888
sub-020,correct,gamma_frontal,16,-0.042904411980148674,-0.1213615444694541,-1.0,17,-0.018570855272571345,-0.0854695744567192,-1.0,True,0.02433355670757733,1.3103088872550388
sub-020,correct,gamma_frontoparietal_ratio,16,-0.03137154860992285,-0.15163306776803695,-1.0,17,0.0009702615712471755,-0.1482127749572843,1.0,False,0.03234181018117002,33.33308371638157
sub-020,correct,gamma_occipital,16,-0.08123934566854175,-0.0343987691604214,-1.0,17,-0.08945879593248873,-0.0548388597736076,-1.0,True,0.008219450263946979,0.0918797327671378
sub-020,correct,gamma_parietal,16,-0.055811762402143736,-0.07588649968283895,-1.0,17,-0.05958862522387283,-0.1006162409118598,-1.0,True,0.0037768628217290934,0.06338227820392774
sub-020,correct,gamma_rel,16,-0.10922961458796077,-0.09918830401472925,-1.0,17,-0.10166472404316662,-0.0680082285851119,-1.0,True,0.007564890544794145,0.07441018126977957
sub-020,correct,gamma_temporal,16,-0.01636114905074056,-0.06969518866795975,-1.0,17,-0.03680055328585214,-0.1385081681207297,-1.0,True,0.02043940423511158,0.5554102427848401
sub-020,correct,theta_abs,16,0.10367755199218917,0.1246222182217799,1.0,17,0.09306439261390705,0.1011817885579857,1.0,True,0.010613159378282125,0.11404103202298395
sub-020,correct,theta_alpha_central_ratio,16,0.033179993684883446,0.03004803630771425,1.0,17,0.019230682046213178,0.024672152042746,1.0,True,0.013949311638670268,0.7253674937346856
sub-020,correct,theta_alpha_frontal_ratio,16,0.0650966380442341,0.08618891553809374,1.0,17,0.05565969462472302,0.0808250903691507,1.0,True,0.009436943419511082,0.16954716484052293
sub-020,correct,theta_alpha_occipital_ratio,16,0.08502620115844946,0.050266443260382,1.0,17,0.07878043065566702,0.0375691400620294,1.0,True,0.006245770502782438,0.07928073572079608
sub-020,correct,theta_alpha_parietal_ratio,16,0.06961853127304556,0.050567630543160144,1.0,17,0.057607059823141175,0.0484739848887195,1.0,True,0.01201147144990438,0.20850693451081642
sub-020,correct,theta_alpha_ratio,16,0.07048704530477803,0.06891508729876375,1.0,17,0.05985120385013264,0.0618279945127793,1.0,True,0.010635841454645398,0.17770472054793643
sub-020,correct,theta_alpha_temporal_ratio,16,0.050761271428987814,-0.02188579863810495,1.0,17,0.058508311526769,-0.019445121900486,1.0,True,0.007747040097781183,0.13240922350385587
sub-020,correct,theta_beta_ratio,16,0.06712725357934407,0.0902319785252483,1.0,17,0.05244258158047268,0.0847662864916092,1.0,True,0.014684671998871392,0.28001428526812494
sub-020,correct,theta_central,16,0.12501004280772957,0.10896457906730744,1.0,17,0.11307711641494934,0.1026073676032386,1.0,True,0.011932926392780221,0.10552910059176775
sub-020,correct,theta_frontoparietal_diff,16,-0.002255612073965574,-0.0638534352621255,-1.0,17,0.006159832855024103,-0.0620817786206806,1.0,False,0.008415444928989678,1.3661807271484396
sub-020,correct,theta_frontoparietal_ratio,16,-0.04488781963255478,-0.021761850172533702,-1.0,17,-0.03877004880421776,-0.0184003772783559,-1.0,True,0.006117770828337019,0.1577963148622983
sub-020,correct,theta_occipital,16,0.07674805412302967,0.07763336182403165,1.0,17,0.07227551076487133,0.0680261649250033,1.0,True,0.004472543358158332,0.06188186442166465
sub-020,correct,theta_parietal,16,0.09437303123337476,0.1228456127701279,1.0,17,0.08155791977439754,0.1098504300048916,1.0,True,0.012815111458977221,0.1571289642308914
sub-020,correct,theta_rel,16,0.09672432391791283,0.0452520519933618,1.0,17,0.08679106636054519,0.0267486725345396,1.0,True,0.009933257557367639,0.11445023058137296
sub-020,correct,theta_temporal,16,0.09644126388002723,0.05434937192189765,1.0,17,0.10826577717700087,0.0660816722314345,1.0,True,0.011824513296973635,0.10921746100470928
sub-021,remember,alpha_abs,21,-0.010851255342937885,0.0213409031658623,-1.0,22,-0.004225080718999699,0.02401404754028395,-1.0,True,0.006626174623938186,1.5682953923557117
sub-021,remember,alpha_beta_central_ratio,21,-0.01127944634684288,-0.0025246841906916,-1.0,22,-0.006481369496393726,-0.0012023537617123499,-1.0,True,0.004798076850449153,0.7402875045341625
sub-021,remember,alpha_beta_frontal_ratio,21,0.002184697733486294,-0.0017436997569701,1.0,22,0.006868067233128458,-0.00017555386438575,1.0,True,0.004683369499642164,0.6819050164581533
sub-021,remember,alpha_beta_occipital_ratio,21,-0.016029529180153896,0.002846169028417,-1.0,22,-0.010147514905164053,0.0075259452461013,-1.0,True,0.005882014274989843,0.5796507154669461
sub-021,remember,alpha_beta_parietal_ratio,21,-0.017352748265658746,-0.0100953967486679,-1.0,22,-0.00889987824774338,-0.007146879630928599,-1.0,True,0.008452870017915367,0.9497736691014448
sub-021,remember,alpha_beta_ratio,21,-0.011430558731090116,-0.0047562250314685,-1.0,22,-0.004946131824715725,1.643148696604986e-05,-1.0,True,0.006484426906374391,1.311009721571074
sub-021,remember,alpha_beta_temporal_ratio,21,0.04865807748632016,0.021701706143165,1.0,22,0.05233680591085687,0.0315087420271479,1.0,True,0.0036787284245367105,0.07028950965793627
sub-021,remember,alpha_central,21,-0.023438343657128127,-0.0269006979629089,-1.0,22,-0.01501586222283353,-0.01501119428169965,-1.0,True,0.008422481434294596,0.5609056149627651
sub-021,remember,alpha_frontal,21,-0.009932951797521794,0.0208244421122482,-1.0,22,-0.0030707927750683456,0.031058370447483198,-1.0,True,0.0068621590224534484,2.2346538907369675
sub-021,remember,alpha_frontoparietal_diff,21,0.0101964659738619,0.0002157420354919,1.0,22,0.00974893749781017,0.0002832907681079,1.0,True,0.0004475284760517284,0.04590535903551062
sub-021,remember,alpha_frontoparietal_ratio,21,0.00631473338844485,-0.0129876534312753,1.0,22,0.01227663886432328,-0.010858941748103399,1.0,True,0.00596190547587843,0.48563010949227475
sub-021,remember,alpha_occipital,21,-0.021919403848071277,-0.0018726791703318,-1.0,22,-0.013808574837919587,0.006018385239761,-1.0,True,0.00811082901015169,0.5873762575322853
sub-021,remember,alpha_rel,21,-0.006981963494795407,0.0001746590438893,-1.0,22,-0.003156714484513651,0.00273943482436755,-1.0,True,0.0038252490102817557,1.2117817525303067
sub-021,remember,alpha_temporal,21,0.00903145167561901,0.0188570018099933,1.0,22,0.01629686962287168,0.025018799178911,1.0,True,0.00726541794725267,0.4458167804850136
sub-021,remember,beta_abs,21,0.007058583111600484,0.0015822985112636,1.0,22,0.011882839884920149,0.0064287775629291,1.0,True,0.004824256773319664,0.40598517021523284
sub-021,remember,beta_central,21,-0.0162580846060727,0.013280913261545,-1.0,22,-0.009108361260200665,0.017305056347534098,-1.0,True,0.007149723345872036,0.7849626449395488
sub-021,remember,beta_frontal,21,0.0003916066266213613,0.026233714488158,1.0,22,0.006292755656684213,0.02676135788213745,1.0,True,0.005901149030062851,0.9377686584405365
sub-021,remember,beta_frontoparietal_diff,21,0.009236075182680475,0.0088350688532738,1.0,22,0.015061675649799796,0.0103621489766398,1.0,True,0.005825600467119321,0.3867830248486832
sub-021,remember,beta_frontoparietal_ratio,21,0.0031573194903572292,0.0197555952987486,1.0,22,0.009995618660365795,0.0250422045529727,1.0,True,0.006838299170008565,0.6841296574391639
sub-021,remember,beta_occipital,21,-0.012627925645679636,0.0042915554102766,-1.0,22,-0.011332306790655403,0.01008362228756505,-1.0,True,0.0012956188550242338,0.11432966640936676
sub-021,remember,beta_parietal,21,-0.005076520990422319,0.0087825780602552,-1.0,22,-0.005930338816362909,0.005094234456075399,-1.0,True,0.00085381782594059,0.1439745438464237
sub-021,remember,beta_rel,21,0.013327042429834386,0.0180197776350641,1.0,22,0.01053903365996976,0.0168174660327096,1.0,True,0.002788008769864625,0.2645412150503203
sub-021,remember,beta_temporal,21,-0.07016071637068633,0.0120496579886667,-1.0,22,-0.06158071509031959,0.012371174100029601,-1.0,True,0.008580001280366734,0.13932935445427294
sub-021,remember,delta_abs,21,0.005969720363195414,-0.0065310986896701,1.0,22,0.007228722856415695,-0.0031531389258265497,1.0,True,0.001259002493220281,0.1741666568532062
sub-021,remember,delta_central,21,-0.005172421613956186,-0.0094764678096541,-1.0,22,-0.002242849784410514,-0.0058486340347987,-1.0,True,0.0029295718295456723,1.3061828080990494
sub-021,remember,delta_frontoparietal_diff,21,-0.012377380148535415,-0.0056186456872859,-1.0,22,-0.008891798665416483,-0.0035818687385868,-1.0,True,0.0034855814831189318,0.3919995958383152
sub-021,remember,delta_frontoparietal_ratio,21,-0.013477405421282819,-0.0038635962026276,-1.0,22,-0.008555437293700145,0.00552592003253765,-1.0,True,0.004921968127582674,0.5753029282567472
sub-021,remember,delta_occipital,21,0.008529937190982549,0.0070640186658745,1.0,22,0.009659547749774438,0.0202226940751393,1.0,True,0.0011296105587918891,0.11694238571554935
sub-021,remember,delta_parietal,21,0.008727974246345093,-0.0119375657952032,1.0,22,0.007668092957052327,-0.0127862519011169,1.0,True,0.0010598812892927663,0.13821967146577116
sub-021,remember,delta_rel,21,0.013721692061169775,0.0187659652572542,1.0,22,0.012862226458615516,0.0100134032748007,1.0,True,0.0008594656025542585,0.06682090424388087
sub-021,remember,delta_temporal,21,-0.005680610968012764,0.0104766210105404,-1.0,22,-0.004455897646301734,0.010532915525169599,-1.0,True,0.0012247133217110299,0.2748522113669973
sub-021,remember,delta_theta_ratio,21,0.00028885314396309437,-0.0103725893448459,1.0,22,-0.00018999032316373288,-0.0103091462388365,-1.0,False,0.00047884346712682725,2.5203571379483467
sub-021,remember,gamma_abs,21,0.0186783403521901,0.0098017117493061,1.0,22,0.025495370910866674,0.027636058275061652,1.0,True,0.006817030558676572,0.2673830705389349
sub-021,remember,gamma_central,21,0.006581849052352832,0.0346513308777112,1.0,22,0.014558284246406573,0.0427861302894467,1.0,True,0.007976435194053742,0.5478966517653046
sub-021,remember,gamma_frontal,21,0.016669228771321307,0.0058597867844745,1.0,22,0.020143744628534934,0.0143858938803237,1.0,True,0.0034745158572136274,0.17248609537532303
sub-021,remember,gamma_frontoparietal_ratio,21,0.02609679246190669,-0.0471491685534784,1.0,22,0.026023240242854986,-0.03536198003882305,1.0,True,7.355221905170489e-05,0.0028264051042567457
sub-021,remember,gamma_occipital,21,0.015700312774465368,0.0106571001683149,1.0,22,0.023031090473266857,0.0133513575859867,1.0,True,0.007330777698801489,0.31829920113034277
sub-021,remember,gamma_parietal,21,0.015315414072898069,0.0152558222126462,1.0,22,0.018942058685776395,0.02026889488011765,1.0,True,0.0036266446128783263,0.19145989741873073
sub-021,remember,gamma_rel,21,0.024145085080106495,0.0107890980495597,1.0,22,0.02631386588803555,0.0210692636781099,1.0,True,0.0021687808079290556,0.08241969527233785
sub-021,remember,gamma_temporal,21,-0.06918983807543529,0.0128595278210104,-1.0,22,-0.05651817964866923,0.02027048990149495,-1.0,True,0.012671658426766055,0.2242049992681323
sub-021,remember,theta_abs,21,-0.005331025721048498,0.0253465952983008,-1.0,22,-0.0029891438300134214,0.0321264622211444,-1.0,True,0.002341881891035077,0.7834624307872672
sub-021,remember,theta_alpha_central_ratio,21,0.02796572112521862,0.0022639975020207,1.0,22,0.024055814630122893,0.0018794202919669499,1.0,True,0.003909906495095726,0.16253477819037182
sub-021,remember,theta_alpha_frontal_ratio,21,0.010585222393799746,0.012405460018272,1.0,22,0.010202402386540039,0.0102901272273364,1.0,True,0.00038282000725970745,0.03752253564952107
sub-021,remember,theta_alpha_occipital_ratio,21,0.019958958722569732,-0.0030303759920971,1.0,22,0.019958592202797092,-0.00039517783826780004,1.0,True,3.665197726397673e-07,1.836400929061527e-05
sub-021,remember,theta_alpha_parietal_ratio,21,0.019420985464541244,-0.0210900445732367,1.0,22,0.01811562122035374,-0.01519353624041025,1.0,True,0.0013053642441875034,0.07205738231713887
sub-021,remember,theta_alpha_ratio,21,0.014389466099460938,0.0139125410978419,1.0,22,0.013720792059534921,0.0072135815711985,1.0,True,0.0006686740399260167,0.04873436147305639
sub-021,remember,theta_alpha_temporal_ratio,21,0.00480571968788577,-0.0003032758469318,1.0,22,0.0003842089452644267,-0.004374930220801349,1.0,True,0.004421510742621343,11.508089015413987
sub-021,remember,theta_beta_ratio,21,0.001817442645555981,0.0058846005636505,1.0,22,0.004779497052755068,0.00875205737736785,1.0,True,0.0029620544071990874,0.6197418628999167
sub-021,remember,theta_central,21,-0.008045328339406818,0.0111190608577165,-1.0,22,-0.004115907282348823,0.011607086792101099,-1.0,True,0.003929421057057994,0.954691344459925
sub-021,remember,theta_frontoparietal_diff,21,0.002454335578178166,0.0005638273318519,1.0,22,0.007216404476452345,0.0012829558183184,1.0,True,0.0047620688982741785,0.6598949537561479
sub-021,remember,theta_frontoparietal_ratio,21,7.343258131254168e-05,0.0112776709907839,1.0,22,0.007059147266353017,0.01235521432324275,1.0,True,0.006985714685040475,0.9895975280665197
sub-021,remember,theta_occipital,21,-0.0009527804642233284,-0.0035843528295895,-1.0,22,0.001496081143524913,0.0100555128668375,1.0,False,0.0024488616077482416,1.6368507940541812
sub-021,remember,theta_parietal,21,-0.010095035353431439,0.0152573544594434,-1.0,22,-0.010798479725520525,0.0151709516428865,-1.0,True,0.0007034443720890862,0.06514290807312487
sub-021,remember,theta_rel,21,-0.01264108985704875,-0.0029168151123687,-1.0,22,-0.014536550484554562,-0.00514433645290715,-1.0,True,0.001895460627505811,0.13039273860189762
sub-021,remember,theta_temporal,21,-0.00712638692597052,0.0003462722352739,-1.0,22,-0.0033958097139939105,0.00229113186847875,-1.0,True,0.0037305772119766096,1.0985825255764903
sub-021,correct,alpha_abs,16,0.0017819646079547252,-0.032418045873448445,1.0,17,0.003977169084874701,-0.0314873277469293,1.0,True,0.002195204476919976,0.5519515087423382
sub-021,correct,alpha_beta_central_ratio,16,0.13641361307498595,0.0731813106905245,1.0,17,0.14402964758962156,0.0918357757863384,1.0,True,0.007616034514635606,0.05287824168212711
sub-021,correct,alpha_beta_frontal_ratio,16,7.842367497397362e-05,0.0592428703998227,1.0,17,0.011768877838233034,0.1052386511879747,1.0,True,0.01169045416325906,0.9933363506655493
sub-021,correct,alpha_beta_occipital_ratio,16,-0.03725231097204207,0.02818276416586385,-1.0,17,-0.03671384250847402,0.0245095354919788,-1.0,True,0.0005384684635680453,0.014666633258116743
sub-021,correct,alpha_beta_parietal_ratio,16,0.049873613119284704,0.04223781894371415,1.0,17,0.037132833069950806,0.0382750490663845,1.0,True,0.012740780049333898,0.3431136004444591
sub-021,correct,alpha_beta_ratio,16,0.047319018539189905,0.0524156455803848,1.0,17,0.046180390629905685,0.027962344081358,1.0,True,0.0011386279092842205,0.02465609090250664
sub-021,correct,alpha_beta_temporal_ratio,16,0.06514442735939555,0.08736712517995995,1.0,17,0.06494299068767259,0.0617200039401055,1.0,True,0.00020143667172295432,0.003101746155974163
sub-021,correct,alpha_central,16,0.03511727956098728,-0.00014317429719555054,1.0,17,0.04246795987509471,0.0177681990916285,1.0,True,0.007350680314107433,0.1730876721115636
sub-021,correct,alpha_frontal,16,-0.029998444256231,-0.0660759565515068,-1.0,17,-0.0117935947338535,-0.0626760015310623,-1.0,True,0.0182048495223775,1.5436217653062558
sub-021,correct,alpha_frontoparietal_diff,16,-0.04430459917817327,-0.044718786885953446,-1.0,17,-0.030850199169255386,-0.0426794577245955,-1.0,True,0.013454400008917882,0.4361203613338819
sub-021,correct,alpha_frontoparietal_ratio,16,-0.05657069514229249,-0.0865774089019209,-1.0,17,-0.07059348720716957,-0.0935569508164402,-1.0,True,0.014022792064877082,0.1986414415783799
sub-021,correct,alpha_occipital,16,-0.037502114109158595,-0.041301851231255,-1.0,17,-0.0353875819230478,-0.0226737443574212,-1.0,True,0.0021145321861107957,0.0597535087508652
sub-021,correct,alpha_rel,16,0.044240844241341185,0.042440655210347594,1.0,17,0.05097832355011286,0.0454504463368716,1.0,True,0.0067374793087716725,0.1321636107187514
sub-021,correct,alpha_temporal,16,0.022224590745340226,0.02549389704777165,1.0,17,0.027248635892917775,0.0259348503649758,1.0,True,0.005024045147577549,0.18437785903562806
sub-021,correct,beta_abs,16,-0.011724316684350634,0.01770494626091995,-1.0,17,0.0006445398145583712,0.022617076858297,1.0,False,0.012368856498909005,19.190213264612606
sub-021,correct,beta_central,16,-0.06532263448773457,-0.018250184339837203,-1.0,17,-0.08727746109283907,-0.0573648282093374,-1.0,True,0.021954826605104505,0.25155207690735465
sub-021,correct,beta_frontal,16,-0.007931152521149159,-0.017724737272939103,-1.0,17,0.010174146145588859,-0.0024640408308667,1.0,False,0.018105298666738018,1.7795398658184027
sub-021,correct,beta_frontoparietal_diff,16,-0.02488789312029563,-0.05809212024252395,-1.0,17,-0.03944986095015843,-0.0650358100322439,-1.0,True,0.014561967829862799,0.369125960881348
sub-021,correct,beta_frontoparietal_ratio,16,-0.029603306177702106,-0.06950330276147204,-1.0,17,-0.04525945894883748,-0.0780281715566495,-1.0,True,0.015656152771135377,0.3459200161635497
sub-021,correct,beta_occipital,16,0.03979348547997047,0.07165946385599155,1.0,17,0.05622197652916972,0.075512730773342,1.0,True,0.016428491049199252,0.2922076394926393
sub-021,correct,beta_parietal,16,0.014197692020336588,0.0226575465476272,1.0,17,0.04568359299605848,0.0300598021055862,1.0,True,0.03148590097572189,0.6892168262342774
sub-021,correct,beta_rel,16,-0.0070665745726262285,-0.0380592083096837,-1.0,17,0.004003613901954628,-0.0116664289571332,1.0,False,0.011070188474580855,2.7650489646806884
sub-021,correct,beta_temporal,16,-0.006920752006484069,-0.0471285905376733,-1.0,17,0.0020193839783318964,0.0030800889060386,1.0,False,0.008940135984815965,4.427160005597809
sub-021,correct,delta_abs,16,0.037837772034402424,0.0686744600348379,1.0,17,0.0500998314822681,0.0751932060962368,1.0,True,0.012262059447865674,0.24475250884238206
sub-021,correct,delta_central,16,0.0002263781026147528,0.0258696025617372,1.0,17,0.01594723148571994,0.053237904630791,1.0,True,0.015720853383105186,0.9858045515412839
sub-021,correct,delta_frontoparietal_diff,16,0.05100115544622344,0.0874525695713427,1.0,17,0.0627843531353025,0.0965889029100864,1.0,True,0.011783197689079067,0.1876772969801227
sub-021,correct,delta_frontoparietal_ratio,16,0.014292866890557416,0.0772956207045333,1.0,17,0.007618362637043261,0.0767235494216667,1.0,True,0.0066745042535141545,0.8761074487397433
sub-021,correct,delta_occipital,16,0.0310579397063407,0.026466660816486347,1.0,17,0.03884197513017873,0.0337134178161626,1.0,True,0.007784035423838029,0.20040266741713994
sub-021,correct,delta_parietal,16,0.03336122392509955,0.06603914374845984,1.0,17,0.042145890738078534,0.0816931621013528,1.0,True,0.008784666812978986,0.20843471710142544
sub-021,correct,delta_rel,16,-0.06990672460986048,-0.01212310918804465,-1.0,17,-0.07439446030727782,-0.0181843987718074,-1.0,True,0.004487735697417339,0.060323519773935574
sub-021,correct,delta_temporal,16,0.04583098463413962,0.05555577461190425,1.0,17,0.05208933196612908,0.0902600490670809,1.0,True,0.006258347331989461,0.12014643105922208
sub-021,correct,delta_theta_ratio,16,-0.0663006410446449,-0.017553290673687702,-1.0,17,-0.055106454857458256,0.0119751868871558,-1.0,True,0.01119418618718665,0.20313747665572426
sub-021,correct,gamma_abs,16,-0.018589228961813326,-0.047640854842901,-1.0,17,-0.05686524273293527,-0.0685925280951577,-1.0,True,0.03827601377112194,0.6731003321463569
sub-021,correct,gamma_central,16,-0.1132341799377946,-0.0526622826991817,-1.0,17,-0.18547637333133052,-0.0566883528600988,-1.0,True,0.07224219339353592,0.38949539553743706
sub-021,correct,gamma_frontal,16,0.00029184232015888253,-0.06609408315094994,1.0,17,-0.018570855272571345,-0.0854695744567192,-1.0,False,0.018862697592730227,1.0157150715933867
sub-021,correct,gamma_frontoparietal_ratio,16,0.0342067804212009,-0.11857816529243334,1.0,17,0.0009702615712471755,-0.1482127749572843,1.0,True,0.033236518849953725,34.25521512434164
sub-021,correct,gamma_occipital,16,-0.05500804673762087,-0.0343987691604214,-1.0,17,-0.08945879593248873,-0.0548388597736076,-1.0,True,0.03445074919486786,0.3851018654539748
sub-021,correct,gamma_parietal,16,-0.06731988318340493,-0.10581903540691145,-1.0,17,-0.05958862522387283,-0.1006162409118598,-1.0,True,0.007731257959532098,0.1297438551482934
sub-021,correct,gamma_rel,16,-0.07346737585475946,-0.06331576012581985,-1.0,17,-0.10166472404316662,-0.0680082285851119,-1.0,True,0.028197348188407162,0.2773562654479309
sub-021,correct,gamma_temporal,16,-0.01316018887782235,-0.06969518866795975,-1.0,17,-0.03680055328585214,-0.1385081681207297,-1.0,True,0.02364036440802979,0.6423915484205032
sub-021,correct,theta_abs,16,0.08556710811482596,0.059712800635390646,1.0,17,0.09306439261390705,0.1011817885579857,1.0,True,0.007497284499081089,0.08056018299270279
sub-021,correct,theta_alpha_central_ratio,16,0.03871399585406235,0.03004803630771425,1.0,17,0.019230682046213178,0.024672152042746,1.0,True,0.01948331380784917,1.0131369111625317
sub-021,correct,theta_alpha_frontal_ratio,16,0.053416379244578406,0.0674558256649708,1.0,17,0.05565969462472302,0.0808250903691507,1.0,True,0.002243315380144613,0.04030412662645427
sub-021,correct,theta_alpha_occipital_ratio,16,0.08393553040978394,0.050266443260382,1.0,17,0.07878043065566702,0.0375691400620294,1.0,True,0.005155099754116918,0.06543629821787587
sub-021,correct,theta_alpha_parietal_ratio,16,0.0744926255256104,0.050567630543160144,1.0,17,0.057607059823141175,0.0484739848887195,1.0,True,0.01688556570246922,0.293116256137866
sub-021,correct,theta_alpha_ratio,16,0.06850947976144758,0.06891508729876375,1.0,17,0.05985120385013264,0.0618279945127793,1.0,True,0.008658275911314947,0.1446633543578382
sub-021,correct,theta_alpha_temporal_ratio,16,0.0769187623513545,-0.00996148331026445,1.0,17,0.058508311526769,-0.019445121900486,1.0,True,0.018410450824585506,0.31466385448778966
sub-021,correct,theta_beta_ratio,16,0.04484145976803251,0.0592155397932908,1.0,17,0.05244258158047268,0.0847662864916092,1.0,True,0.007601121812440166,0.14494179316432604
sub-021,correct,theta_central,16,0.11293682428267267,0.0710715487026947,1.0,17,0.11307711641494934,0.1026073676032386,1.0,True,0.00014029213227667592,0.0012406765995151307
sub-021,correct,theta_frontoparietal_diff,16,-0.0017160714424698034,-0.0638534352621255,-1.0,17,0.006159832855024103,-0.0620817786206806,1.0,False,0.007875904297493908,1.2785905856309294
sub-021,correct,theta_frontoparietal_ratio,16,-0.04004315327458413,0.0024742284647553993,-1.0,17,-0.03877004880421776,-0.0184003772783559,-1.0,True,0.001273104470366368,0.032837319261457006
sub-021,correct,theta_occipital,16,0.06050222695615706,0.06444441068411275,1.0,17,0.07227551076487133,0.0680261649250033,1.0,True,0.011773283808714272,0.16289450858417923
sub-021,correct,theta_parietal,16,0.0765593870376598,0.0928027780251289,1.0,17,0.08155791977439754,0.1098504300048916,1.0,True,0.00499853273673774,0.061288134255563335
sub-021,correct,theta_rel,16,0.08547246950308163,0.011895462140166601,1.0,17,0.08679106636054519,0.0267486725345396,1.0,True,0.0013185968574635637,0.015192771707469094
sub-021,correct,theta_temporal,16,0.10035119488782357,0.05434937192189765,1.0,17,0.10826577717700087,0.0660816722314345,1.0,True,0.007914582289177297,0.07310326952383074
sub-022,remember,alpha_abs,21,-0.0054425085230407465,0.0266871919147056,-1.0,22,-0.004225080718999699,0.02401404754028395,-1.0,True,0.0012174278040410474,0.28814308767319297
sub-022,remember,alpha_beta_central_ratio,21,-0.008010480415896007,-0.0025246841906916,-1.0,22,-0.006481369496393726,-0.0012023537617123499,-1.0,True,0.001529110919502281,0.2359240466622197
sub-022,remember,alpha_beta_frontal_ratio,21,0.007457667164757398,0.0013925920281986,1.0,22,0.006868067233128458,-0.00017555386438575,1.0,True,0.0005895999316289403,0.08584655793481116
sub-022,remember,alpha_beta_occipital_ratio,21,-0.012462458285328113,0.002846169028417,-1.0,22,-0.010147514905164053,0.0075259452461013,-1.0,True,0.00231494338016406,0.22812909385193306
sub-022,remember,alpha_beta_parietal_ratio,21,-0.013015412086259852,-0.0100953967486679,-1.0,22,-0.00889987824774338,-0.007146879630928599,-1.0,True,0.004115533838516473,0.4624258584166578
sub-022,remember,alpha_beta_ratio,21,-0.006138741038369969,-0.0047562250314685,-1.0,22,-0.004946131824715725,1.643148696604986e-05,-1.0,True,0.0011926092136542443,0.24111957705914736
sub-022,remember,alpha_beta_temporal_ratio,21,0.05379562018550886,0.0413157779111308,1.0,22,0.05233680591085687,0.0315087420271479,1.0,True,0.0014588142746519914,0.027873582448587515
sub-022,remember,alpha_central,21,-0.015582251347707013,-0.0269006979629089,-1.0,22,-0.01501586222283353,-0.01501119428169965,-1.0,True,0.0005663891248734818,0.03771938743632151
sub-022,remember,alpha_frontal,21,-0.003804725693744919,0.0412922987827182,-1.0,22,-0.0030707927750683456,0.031058370447483198,-1.0,True,0.0007339329186765733,0.23900437848992867
sub-022,remember,alpha_frontoparietal_diff,21,0.012284580186946448,0.0003508395007239,1.0,22,0.00974893749781017,0.0002832907681079,1.0,True,0.002535642689136277,0.26009426049821727
sub-022,remember,alpha_frontoparietal_ratio,21,0.01405525019843352,-0.0087302300649315,1.0,22,0.01227663886432328,-0.010858941748103399,1.0,True,0.0017786113341102389,0.14487771072903352
sub-022,remember,alpha_occipital,21,-0.015752144302734566,-0.0018726791703318,-1.0,22,-0.013808574837919587,0.006018385239761,-1.0,True,0.001943569464814979,0.14075090931743098
sub-022,remember,alpha_rel,21,-0.0035596156792450533,0.0001746590438893,-1.0,22,-0.003156714484513651,0.00273943482436755,-1.0,True,0.0004029011947314022,0.1276330807578489
sub-022,remember,alpha_temporal,21,0.016698890572011918,0.0311805965478287,1.0,22,0.01629686962287168,0.025018799178911,1.0,True,0.0004020209491402381,0.02466859945765448
sub-022,remember,beta_abs,21,0.01237334185509427,0.0112752566145946,1.0,22,0.011882839884920149,0.0064287775629291,1.0,True,0.0004905019701741207,0.04127817718023698
sub-022,remember,beta_central,21,-0.0075852854242836505,0.0213291994335232,-1.0,22,-0.009108361260200665,0.017305056347534098,-1.0,True,0.001523075835917015,0.16721732838728667
sub-022,remember,beta_frontal,21,0.006212086504466075,0.0272890012761169,1.0,22,0.006292755656684213,0.02676135788213745,1.0,True,8.066915221813763e-05,0.012819368273492431
sub-022,remember,beta_frontoparietal_diff,21,0.015082648922816697,0.0088350688532738,1.0,22,0.015061675649799796,0.0103621489766398,1.0,True,2.0973273016901273e-05,0.00139249267508825
sub-022,remember,beta_frontoparietal_ratio,21,0.007488656314084562,0.0197555952987486,1.0,22,0.009995618660365795,0.0250422045529727,1.0,True,0.0025069623462812326,0.2508061213081021
sub-022,remember,beta_occipital,21,-0.011436069783356774,0.0158756891648535,-1.0,22,-0.011332306790655403,0.01008362228756505,-1.0,True,0.00010376299270137106,0.009156387540349139
sub-022,remember,beta_parietal,21,-0.0040908134384433515,0.0087825780602552,-1.0,22,-0.005930338816362909,0.005094234456075399,-1.0,True,0.0018395253779195575,0.31018891751074396
sub-022,remember,beta_rel,21,0.010182807756393839,0.0156151544303551,1.0,22,0.01053903365996976,0.0168174660327096,1.0,True,0.00035622590357592236,0.033800623004836716
sub-022,remember,beta_temporal,21,-0.06418342384861729,0.0126926902113925,-1.0,22,-0.06158071509031959,0.012371174100029601,-1.0,True,0.0026027087582976977,0.042264997320676456
sub-022,remember,delta_abs,21,0.009567072897923357,0.000224820838017,1.0,22,0.007228722856415695,-0.0031531389258265497,1.0,True,0.0023383500415076613,0.32348038345837393
sub-022,remember,delta_central,21,-0.0013953279241341095,-0.0022208002599433,-1.0,22,-0.002242849784410514,-0.0058486340347987,-1.0,True,0.0008475218602764043,0.37787722841151294
sub-022,remember,delta_frontoparietal_diff,21,-0.008556382473507382,-0.0015450917898877,-1.0,22,-0.008891798665416483,-0.0035818687385868,-1.0,True,0.0003354161919091013,0.03772197330711724
sub-022,remember,delta_frontoparietal_ratio,21,-0.012734665613006695,-0.0038635962026276,-1.0,22,-0.008555437293700145,0.00552592003253765,-1.0,True,0.00417922831930655,0.48848798440542057
sub-022,remember,delta_occipital,21,0.01355178128131806,0.0333813694844041,1.0,22,0.009659547749774438,0.0202226940751393,1.0,True,0.0038922335315436218,0.4029415902659118
sub-022,remember,delta_parietal,21,0.010219212629354036,-0.0119375657952032,1.0,22,0.007668092957052327,-0.0127862519011169,1.0,True,0.0025511196723017092,0.33269284639480673
sub-022,remember,delta_rel,21,0.012027177182620937,0.0012608412923472,1.0,22,0.012862226458615516,0.0100134032748007,1.0,True,0.0008350492759945788,0.06492260719257023
sub-022,remember,delta_temporal,21,-0.006070308023789144,0.0104766210105404,-1.0,22,-0.004455897646301734,0.010532915525169599,-1.0,True,0.0016144103774874104,0.36230867619397056
sub-022,remember,delta_theta_ratio,21,0.000385648173039813,-0.0102457031328271,1.0,22,-0.00018999032316373288,-0.0103091462388365,-1.0,False,0.0005756384962035459,3.029830607253944
sub-022,remember,gamma_abs,21,0.028492177434459823,0.0454704048008172,1.0,22,0.025495370910866674,0.027636058275061652,1.0,True,0.002996806523593149,0.1175431624066252
sub-022,remember,gamma_central,21,0.018074884248237572,0.0509209297011822,1.0,22,0.014558284246406573,0.0427861302894467,1.0,True,0.003516600001830999,0.24155319008137943
sub-022,remember,gamma_frontal,21,0.022590553330340716,0.0229120009761729,1.0,22,0.020143744628534934,0.0143858938803237,1.0,True,0.002446808701805782,0.12146742062742977
sub-022,remember,gamma_frontoparietal_ratio,21,0.025114396587819138,-0.0471491685534784,1.0,22,0.026023240242854986,-0.03536198003882305,1.0,True,0.0009088436550358479,0.03492430790917294
sub-022,remember,gamma_occipital,21,0.024066058393208935,0.0160456150036585,1.0,22,0.023031090473266857,0.0133513575859867,1.0,True,0.0010349679199420786,0.0449378600263591
sub-022,remember,gamma_parietal,21,0.022188981529523477,0.0252819675475891,1.0,22,0.018942058685776395,0.02026889488011765,1.0,True,0.003246922843747082,0.17141340852170406
sub-022,remember,gamma_rel,21,0.028841843116095306,0.0313494293066601,1.0,22,0.02631386588803555,0.0210692636781099,1.0,True,0.002527977228059756,0.09607015703493353
sub-022,remember,gamma_temporal,21,-0.05740757337761438,0.0276814519819795,-1.0,22,-0.05651817964866923,0.02027048990149495,-1.0,True,0.0008893937289451495,0.015736418520091014
sub-022,remember,theta_abs,21,-0.0014057419481727606,0.038906329143988,-1.0,22,-0.0029891438300134214,0.0321264622211444,-1.0,True,0.0015834018818406607,0.5297175284581576
sub-022,remember,theta_alpha_central_ratio,21,0.02855233621537618,0.0022639975020207,1.0,22,0.024055814630122893,0.0018794202919669499,1.0,True,0.004496521585253287,0.18692036226545847
sub-022,remember,theta_alpha_frontal_ratio,21,0.01326106078696571,0.012405460018272,1.0,22,0.010202402386540039,0.0102901272273364,1.0,True,0.0030586584004256706,0.29979785981201235
sub-022,remember,theta_alpha_occipital_ratio,21,0.017275341949524865,-0.0030303759920971,1.0,22,0.019958592202797092,-0.00039517783826780004,1.0,True,0.0026832502532722277,0.1344408576520835
sub-022,remember,theta_alpha_parietal_ratio,21,0.01776367950314781,-0.0210900445732367,1.0,22,0.01811562122035374,-0.01519353624041025,1.0,True,0.0003519417172059315,0.01942752682477754
sub-022,remember,theta_alpha_ratio,21,0.015632750225933724,0.0139125410978419,1.0,22,0.013720792059534921,0.0072135815711985,1.0,True,0.0019119581663988028,0.13934750691525385
sub-022,remember,theta_alpha_temporal_ratio,21,0.0009440645013924612,-0.0003032758469318,1.0,22,0.0003842089452644267,-0.004374930220801349,1.0,True,0.0005598555561280344,1.457164293097656
sub-022,remember,theta_beta_ratio,21,0.006230146508297581,0.0116195141910852,1.0,22,0.004779497052755068,0.00875205737736785,1.0,True,0.0014506494555425126,0.30351508527582577
sub-022,remember,theta_central,21,-0.001741223952910643,0.0120951127264857,-1.0,22,-0.004115907282348823,0.011607086792101099,-1.0,True,0.0023746833294381806,0.5769525809344813
sub-022,remember,theta_frontoparietal_diff,21,0.011335800032415346,0.0020020843047849,1.0,22,0.007216404476452345,0.0012829558183184,1.0,True,0.004119395555963002,0.5708376753832037
sub-022,remember,theta_frontoparietal_ratio,21,0.01126846127136755,0.0134327576557016,1.0,22,0.007059147266353017,0.01235521432324275,1.0,True,0.0042093140050145335,0.5962921364564762
sub-022,remember,theta_occipital,21,-0.00011696012444595283,-0.0035843528295895,-1.0,22,0.001496081143524913,0.0100555128668375,1.0,False,0.001613041267970866,1.0781776609859433
sub-022,remember,theta_parietal,21,-0.012039233734328332,0.0150845488263296,-1.0,22,-0.010798479725520525,0.0151709516428865,-1.0,True,0.001240754008807807,0.11490080458969407
sub-022,remember,theta_rel,21,-0.013201457326164012,-0.0029168151123687,-1.0,22,-0.014536550484554562,-0.00514433645290715,-1.0,True,0.0013350931583905497,0.09184387725334965
sub-022,remember,theta_temporal,21,-0.0029341794432525066,0.0042359915016836,-1.0,22,-0.0033958097139939105,0.00229113186847875,-1.0,True,0.0004616302707414039,0.13594114795038592
sub-022,correct,alpha_abs,16,0.007763964792161265,-0.0200319551720718,1.0,17,0.003977169084874701,-0.0314873277469293,1.0,True,0.0037867957072865643,0.9521334462967308
sub-022,correct,alpha_beta_central_ratio,16,0.15144522528217616,0.1265473772648927,1.0,17,0.14402964758962156,0.0918357757863384,1.0,True,0.0074155776925546035,0.05148646696465953
sub-022,correct,alpha_beta_frontal_ratio,16,0.0029640856118330686,0.0592428703998227,1.0,17,0.011768877838233034,0.1052386511879747,1.0,True,0.008804792226399965,0.7481420359208951
sub-022,correct,alpha_beta_occipital_ratio,16,-0.04054030363350232,0.0018788228741818506,-1.0,17,-0.03671384250847402,0.0245095354919788,-1.0,True,0.0038264611250282965,0.10422393472285284
sub-022,correct,alpha_beta_parietal_ratio,16,0.0365660983355075,0.0308184243304054,1.0,17,0.037132833069950806,0.0382750490663845,1.0,True,0.0005667347344433041,0.015262361839606732
sub-022,correct,alpha_beta_ratio,16,0.04335172502775316,0.0206772974888908,1.0,17,0.046180390629905685,0.027962344081358,1.0,True,0.0028286656021525233,0.0612525265284509
sub-022,correct,alpha_beta_temporal_ratio,16,0.07004658298587288,0.08911658952978654,1.0,17,0.06494299068767259,0.0617200039401055,1.0,True,0.005103592298200288,0.07858572948610829
sub-022,correct,alpha_central,16,0.04964230126896978,0.0216679967399595,1.0,17,0.04246795987509471,0.0177681990916285,1.0,True,0.007174341393875065,0.1689353907033912
sub-022,correct,alpha_frontal,16,-0.006362917512084801,-0.06081220452219705,-1.0,17,-0.0117935947338535,-0.0626760015310623,-1.0,True,0.005430677221768699,0.4604768388538862
sub-022,correct,alpha_frontoparietal_diff,16,-0.025659940914090726,-0.0152541787834251,-1.0,17,-0.030850199169255386,-0.0426794577245955,-1.0,True,0.00519025825516466,0.16824067250551675
sub-022,correct,alpha_frontoparietal_ratio,16,-0.06915827073159016,-0.105996325055532,-1.0,17,-0.07059348720716957,-0.0935569508164402,-1.0,True,0.0014352164755794122,0.02033072075569104
sub-022,correct,alpha_occipital,16,-0.03813879672880969,-0.041301851231255,-1.0,17,-0.0353875819230478,-0.0226737443574212,-1.0,True,0.0027512148057618896,0.07774520485023685
sub-022,correct,alpha_rel,16,0.0611317797475974,0.06350018877161565,1.0,17,0.05097832355011286,0.0454504463368716,1.0,True,0.01015345619748454,0.19917203019639243
sub-022,correct,alpha_temporal,16,0.029781476462868495,0.0418993056300107,1.0,17,0.027248635892917775,0.0259348503649758,1.0,True,0.00253284056995072,0.092952930924848
sub-022,correct,beta_abs,16,0.008626715263379318,0.0286911864095237,1.0,17,0.0006445398145583712,0.022617076858297,1.0,True,0.007982175448820947,12.384301587777337
sub-022,correct,beta_central,16,-0.09427277431738404,-0.06024987057689475,-1.0,17,-0.08727746109283907,-0.0573648282093374,-1.0,True,0.006995313224544969,0.08015028321119345
sub-022,correct,beta_frontal,16,0.020196627580704247,0.00850545332844495,1.0,17,0.010174146145588859,-0.0024640408308667,1.0,True,0.010022481435115388,0.9850931264104922
sub-022,correct,beta_frontoparietal_diff,16,-0.031965911213204266,-0.05809212024252395,-1.0,17,-0.03944986095015843,-0.0650358100322439,-1.0,True,0.007483949736954161,0.18970788633221042
sub-022,correct,beta_frontoparietal_ratio,16,-0.04067309386389099,-0.06950330276147204,-1.0,17,-0.04525945894883748,-0.0780281715566495,-1.0,True,0.004586365084946496,0.10133495166460225
sub-022,correct,beta_occipital,16,0.07157582545452855,0.1042774420209617,1.0,17,0.05622197652916972,0.075512730773342,1.0,True,0.015353848925358828,0.2730933679891665
sub-022,correct,beta_parietal,16,0.04910391915917883,0.0330676030882919,1.0,17,0.04568359299605848,0.0300598021055862,1.0,True,0.003420326163120352,0.07486990271136189
sub-022,correct,beta_rel,16,0.015329832229377501,-0.00773843599364925,1.0,17,0.004003613901954628,-0.0116664289571332,1.0,True,0.011326218327422873,2.8289986509171707
sub-022,correct,beta_temporal,16,-0.001441612624653612,-0.0471285905376733,-1.0,17,0.0020193839783318964,0.0030800889060386,1.0,False,0.0034609966029855084,1.7138873241157682
sub-022,correct,delta_abs,16,0.059216696155960855,0.07880448481849155,1.0,17,0.0500998314822681,0.0751932060962368,1.0,True,0.009116864673692757,0.18197395887288564
sub-022,correct,delta_central,16,0.01882537656894499,0.056649244265719295,1.0,17,0.01594723148571994,0.053237904630791,1.0,True,0.0028781450832250505,0.18047929421494294
sub-022,correct,delta_frontoparietal_diff,16,0.0732005517222534,0.1033047987150405,1.0,17,0.0627843531353025,0.0965889029100864,1.0,True,0.010416198586950892,0.16590437054441917
sub-022,correct,delta_frontoparietal_ratio,16,0.0032277795526459725,0.06785178037447856,1.0,17,0.007618362637043261,0.0767235494216667,1.0,True,0.004390583084397289,0.576315842862175
sub-022,correct,delta_occipital,16,0.04917922794186642,0.0657871225506737,1.0,17,0.03884197513017873,0.0337134178161626,1.0,True,0.010337252811687687,0.26613612662699115
sub-022,correct,delta_parietal,16,0.05137879863503203,0.0867303975994412,1.0,17,0.042145890738078534,0.0816931621013528,1.0,True,0.009232907896953496,0.21907018063356826
sub-022,correct,delta_rel,16,-0.08727795029997026,-0.0199241075707751,-1.0,17,-0.07439446030727782,-0.0181843987718074,-1.0,True,0.01288348999269244,0.17317808260828368
sub-022,correct,delta_temporal,16,0.05739773032252085,0.103284213130238,1.0,17,0.05208933196612908,0.0902600490670809,1.0,True,0.005308398356391769,0.10190951114219583
sub-022,correct,delta_theta_ratio,16,-0.05365936164921079,0.02377919417748675,-1.0,17,-0.055106454857458256,0.0119751868871558,-1.0,True,0.0014470932082474644,0.026259958329575086
sub-022,correct,gamma_abs,16,-0.05613228739779637,-0.058014966455396354,-1.0,17,-0.05686524273293527,-0.0685925280951577,-1.0,True,0.0007329553351389032,0.012889338019380145
sub-022,correct,gamma_central,16,-0.20015837274530027,-0.10132551739606299,-1.0,17,-0.18547637333133052,-0.0566883528600988,-1.0,True,0.014681999413969749,0.079158327016359
sub-022,correct,gamma_frontal,16,-0.014389685323562103,-0.10198605316368485,-1.0,17,-0.018570855272571345,-0.0854695744567192,-1.0,True,0.004181169949009241,0.2251468706013081
sub-022,correct,gamma_frontoparietal_ratio,16,0.010294201354280393,-0.12199845810318599,1.0,17,0.0009702615712471755,-0.1482127749572843,1.0,True,0.009323939783033218,9.609717687827432
sub-022,correct,gamma_occipital,16,-0.0823481364933807,-0.0343987691604214,-1.0,17,-0.08945879593248873,-0.0548388597736076,-1.0,True,0.007110659439108033,0.07948530231140363
sub-022,correct,gamma_parietal,16,-0.07149666612693623,-0.10581903540691145,-1.0,17,-0.05958862522387283,-0.1006162409118598,-1.0,True,0.011908040903063397,0.19983748338420654
sub-022,correct,gamma_rel,16,-0.10435481356670655,-0.09918830401472925,-1.0,17,-0.10166472404316662,-0.0680082285851119,-1.0,True,0.0026900895235399264,0.02646040255219421
sub-022,correct,gamma_temporal,16,-0.04362328662192269,-0.14279791708091755,-1.0,17,-0.03680055328585214,-0.1385081681207297,-1.0,True,0.006822733336070551,0.18539757495150297
sub-022,correct,theta_abs,16,0.0992578240476461,0.1246222182217799,1.0,17,0.09306439261390705,0.1011817885579857,1.0,True,0.006193431433739058,0.0665499581503049
sub-022,correct,theta_alpha_central_ratio,16,0.02065875466384727,0.03004803630771425,1.0,17,0.019230682046213178,0.024672152042746,1.0,True,0.0014280726176340922,0.07426011278239099
sub-022,correct,theta_alpha_frontal_ratio,16,0.051942049215835964,0.0674558256649708,1.0,17,0.05565969462472302,0.0808250903691507,1.0,True,0.0037176454088870547,0.06679241476175374
sub-022,correct,theta_alpha_occipital_ratio,16,0.08135613631776936,0.03577242921877835,1.0,17,0.07878043065566702,0.0375691400620294,1.0,True,0.0025757056621023428,0.032694739552265456
sub-022,correct,theta_alpha_parietal_ratio,16,0.05555847862658997,0.0394963432333881,1.0,17,0.057607059823141175,0.0484739848887195,1.0,True,0.0020485811965512066,0.03556128715543779
sub-022,correct,theta_alpha_ratio,16,0.05972765443371722,0.06234498095974465,1.0,17,0.05985120385013264,0.0618279945127793,1.0,True,0.0001235494164154166,0.0020642762128024066
sub-022,correct,theta_alpha_temporal_ratio,16,0.06483987614336444,-0.00996148331026445,1.0,17,0.058508311526769,-0.019445121900486,1.0,True,0.006331564616595439,0.1082164986712801
sub-022,correct,theta_beta_ratio,16,0.050422350023526644,0.06468123182692989,1.0,17,0.05244258158047268,0.0847662864916092,1.0,True,0.0020202315569460352,0.038522732788163906
sub-022,correct,theta_central,16,0.12379779372308798,0.10896457906730744,1.0,17,0.11307711641494934,0.1026073676032386,1.0,True,0.010720677308138638,0.09480854878539609
sub-022,correct,theta_frontoparietal_diff,16,0.014335531886009757,-0.0199145723508928,1.0,17,0.006159832855024103,-0.0620817786206806,1.0,True,0.008175699030985653,1.3272598824361546
sub-022,correct,theta_frontoparietal_ratio,16,-0.03826710860935392,0.0058357013589331996,-1.0,17,-0.03877004880421776,-0.0184003772783559,-1.0,True,0.0005029401948638407,0.01297239003756751
sub-022,correct,theta_occipital,16,0.06982979632813935,0.06444441068411275,1.0,17,0.07227551076487133,0.0680261649250033,1.0,True,0.0024457144367319855,0.033838770710157284
sub-022,correct,theta_parietal,16,0.081920594382462,0.1228456127701279,1.0,17,0.08155791977439754,0.1098504300048916,1.0,True,0.00036267460806446716,0.0044468349495387334
sub-022,correct,theta_rel,16,0.09240036727396717,0.0452520519933618,1.0,17,0.08679106636054519,0.0267486725345396,1.0,True,0.0056093009134219746,0.06462993426212743
sub-022,correct,theta_temporal,16,0.12335638805494484,0.07647775184921965,1.0,17,0.10826577717700087,0.0660816722314345,1.0,True,0.015090610877943972,0.13938486631165756
sub-023,remember,alpha_abs,21,6.629802932162005e-05,0.0266871919147056,1.0,22,-0.004225080718999699,0.02401404754028395,-1.0,False,0.004291378748321319,1.0156915414712635
sub-023,remember,alpha_beta_central_ratio,21,-0.003433729864913746,0.0001199766672669,-1.0,22,-0.006481369496393726,-0.0012023537617123499,-1.0,True,0.0030476396314799803,0.47021538166828875
sub-023,remember,alpha_beta_frontal_ratio,21,0.008697316970367746,0.0013925920281986,1.0,22,0.006868067233128458,-0.00017555386438575,1.0,True,0.0018292497372392885,0.26634126824149496
sub-023,remember,alpha_beta_occipital_ratio,21,-0.008082973677361884,0.0122057214637856,-1.0,22,-0.010147514905164053,0.0075259452461013,-1.0,True,0.002064541227802169,0.2034528894115275
sub-023,remember,alpha_beta_parietal_ratio,21,-0.006537989489535091,-0.0041983625131893,-1.0,22,-0.00889987824774338,-0.007146879630928599,-1.0,True,0.002361888758208288,0.26538438981535056
sub-023,remember,alpha_beta_ratio,21,-0.0019353958039405594,0.0047890880054006,-1.0,22,-0.004946131824715725,1.643148696604986e-05,-1.0,True,0.0030107360207751654,0.6087051715303211
sub-023,remember,alpha_beta_temporal_ratio,21,0.05512877376793813,0.0413157779111308,1.0,22,0.05233680591085687,0.0315087420271479,1.0,True,0.0027919678570812595,0.053346164491518716
sub-023,remember,alpha_central,21,-0.011594289077284827,-0.0031216906004904,-1.0,22,-0.01501586222283353,-0.01501119428169965,-1.0,True,0.003421573145548704,0.2278639144907554
sub-023,remember,alpha_frontal,21,0.000295625066109343,0.0412922987827182,1.0,22,-0.0030707927750683456,0.031058370447483198,-1.0,False,0.0033664178411776887,1.096269949737251
sub-023,remember,alpha_frontoparietal_diff,21,0.008602041930981146,0.0002157420354919,1.0,22,0.00974893749781017,0.0002832907681079,1.0,True,0.001146895566829025,0.11764313465817616
sub-023,remember,alpha_frontoparietal_ratio,21,0.013479700402208927,-0.0087302300649315,1.0,22,0.01227663886432328,-0.010858941748103399,1.0,True,0.0012030615378856458,0.09799600291101025
sub-023,remember,alpha_occipital,21,-0.010429681359304058,0.0139094496498538,-1.0,22,-0.013808574837919587,0.006018385239761,-1.0,True,0.0033788934786155283,0.24469530840625084
sub-023,remember,alpha_rel,21,-0.0049679114129222105,0.0001746590438893,-1.0,22,-0.003156714484513651,0.00273943482436755,-1.0,True,0.0018111969284085594,0.573760134878846
sub-023,remember,alpha_temporal,21,0.01995449506735381,0.0311805965478287,1.0,22,0.01629686962287168,0.025018799178911,1.0,True,0.0036576254444821293,0.22443730171031565
sub-023,remember,beta_abs,21,0.01439988167765258,0.0112752566145946,1.0,22,0.011882839884920149,0.0064287775629291,1.0,True,0.002517041792732431,0.2118215693478012
sub-023,remember,beta_central,21,-0.006222084577844213,0.0213291994335232,-1.0,22,-0.009108361260200665,0.017305056347534098,-1.0,True,0.0028862766823564527,0.31688210424504676
sub-023,remember,beta_frontal,21,0.010365025302484518,0.0272890012761169,1.0,22,0.006292755656684213,0.02676135788213745,1.0,True,0.0040722696458003055,0.6471361463836133
sub-023,remember,beta_frontoparietal_diff,21,0.019360960930904975,0.0118892291000058,1.0,22,0.015061675649799796,0.0103621489766398,1.0,True,0.004299285281105179,0.285445350243107
sub-023,remember,beta_frontoparietal_ratio,21,0.015540652303049428,0.0303288138071968,1.0,22,0.009995618660365795,0.0250422045529727,1.0,True,0.005545033642683633,0.5547464175149626
sub-023,remember,beta_occipital,21,-0.012818801175157879,0.0042915554102766,-1.0,22,-0.011332306790655403,0.01008362228756505,-1.0,True,0.0014864943845024764,0.131173150529973
sub-023,remember,beta_parietal,21,-0.003850805387616676,0.0087825780602552,-1.0,22,-0.005930338816362909,0.005094234456075399,-1.0,True,0.002079533428746233,0.3506601381709276
sub-023,remember,beta_rel,21,0.009205838353843811,0.0156151544303551,1.0,22,0.01053903365996976,0.0168174660327096,1.0,True,0.0013331953061259498,0.12650071620795783
sub-023,remember,beta_temporal,21,-0.06123261149653332,0.0126926902113925,-1.0,22,-0.06158071509031959,0.012371174100029601,-1.0,True,0.00034810359378627254,0.0056528020708384715
sub-023,remember,delta_abs,21,0.009418104788078877,0.000224820838017,1.0,22,0.007228722856415695,-0.0031531389258265497,1.0,True,0.0021893819316631813,0.3028725786215532
sub-023,remember,delta_central,21,-3.3098606803214244e-05,-0.0022208002599433,-1.0,22,-0.002242849784410514,-0.0058486340347987,-1.0,True,0.0022097511776072998,0.9852426109705277
sub-023,remember,delta_frontoparietal_diff,21,-0.007445257044975777,-0.0015450917898877,-1.0,22,-0.008891798665416483,-0.0035818687385868,-1.0,True,0.0014465416204407066,0.16268267814776843
sub-023,remember,delta_frontoparietal_ratio,21,-0.006905674934314014,0.0149154362677029,-1.0,22,-0.008555437293700145,0.00552592003253765,-1.0,True,0.001649762359386131,0.1928320321628615
sub-023,remember,delta_occipital,21,0.01200919574379781,0.0333813694844041,1.0,22,0.009659547749774438,0.0202226940751393,1.0,True,0.002349647994023372,0.24324616999571633
sub-023,remember,delta_parietal,21,0.009888566005527089,-0.0119375657952032,1.0,22,0.007668092957052327,-0.0127862519011169,1.0,True,0.002220473048474762,0.2895730478113986
sub-023,remember,delta_rel,21,0.016784564572693284,0.0187659652572542,1.0,22,0.012862226458615516,0.0100134032748007,1.0,True,0.003922338114077767,0.30495016758552435
sub-023,remember,delta_temporal,21,-0.0034921718994045444,0.0105892100397988,-1.0,22,-0.004455897646301734,0.010532915525169599,-1.0,True,0.0009637257468971894,0.2162809434586214
sub-023,remember,delta_theta_ratio,21,0.0031056960303976703,-0.0102457031328271,1.0,22,-0.00018999032316373288,-0.0103091462388365,-1.0,False,0.003295686353561403,17.34660112515938
sub-023,remember,gamma_abs,21,0.03006301609729874,0.0454704048008172,1.0,22,0.025495370910866674,0.027636058275061652,1.0,True,0.004567645186432066,0.1791558633291049
sub-023,remember,gamma_central,21,0.019709375354999687,0.0509209297011822,1.0,22,0.014558284246406573,0.0427861302894467,1.0,True,0.005151091108593114,0.35382542485145935
sub-023,remember,gamma_frontal,21,0.02746374246392158,0.0229120009761729,1.0,22,0.020143744628534934,0.0143858938803237,1.0,True,0.007319997835386647,0.36338813713004436
sub-023,remember,gamma_frontoparietal_ratio,21,0.03365918288989995,-0.0235747915241677,1.0,22,0.026023240242854986,-0.03536198003882305,1.0,True,0.0076359426470449625,0.2934278197405301
sub-023,remember,gamma_occipital,21,0.017845719361728962,0.0106571001683149,1.0,22,0.023031090473266857,0.0133513575859867,1.0,True,0.005185371111537895,0.22514657382622721
sub-023,remember,gamma_parietal,21,0.022565619440962734,0.0252819675475891,1.0,22,0.018942058685776395,0.02026889488011765,1.0,True,0.0036235607551863384,0.19129709263899983
sub-023,remember,gamma_rel,21,0.026074077153815337,0.0107890980495597,1.0,22,0.02631386588803555,0.0210692636781099,1.0,True,0.0002397887342202136,0.009112638000075895
sub-023,remember,gamma_temporal,21,-0.05422165542874824,0.0276814519819795,-1.0,22,-0.05651817964866923,0.02027048990149495,-1.0,True,0.0022965242199209923,0.040633372026430185
sub-023,remember,theta_abs,21,-0.0016559733766373418,0.038906329143988,-1.0,22,-0.0029891438300134214,0.0321264622211444,-1.0,True,0.0013331704533760796,0.44600411662696526
sub-023,remember,theta_alpha_central_ratio,21,0.022830729560604866,0.0014948430819132,1.0,22,0.024055814630122893,0.0018794202919669499,1.0,True,0.0012250850695180275,0.05092677543266257
sub-023,remember,theta_alpha_frontal_ratio,21,0.009820149174920289,0.0081747944364008,1.0,22,0.010202402386540039,0.0102901272273364,1.0,True,0.0003822532116197503,0.03746698053431557
sub-023,remember,theta_alpha_occipital_ratio,21,0.024372032481778824,0.0022400203155615,1.0,22,0.019958592202797092,-0.00039517783826780004,1.0,True,0.004413440278981731,0.22112983892537325
sub-023,remember,theta_alpha_parietal_ratio,21,0.01998255768671519,-0.0092970279075838,1.0,22,0.01811562122035374,-0.01519353624041025,1.0,True,0.001866936466361449,0.1030567179371061
sub-023,remember,theta_alpha_ratio,21,0.014349657298343485,0.0139125410978419,1.0,22,0.013720792059534921,0.0072135815711985,1.0,True,0.0006288652388085642,0.045833012852311984
sub-023,remember,theta_alpha_temporal_ratio,21,0.0008047229233565851,-0.0003032758469318,1.0,22,0.0003842089452644267,-0.004374930220801349,1.0,True,0.0004205139780921584,1.0944929400400742
sub-023,remember,theta_beta_ratio,21,0.0055101328055188765,0.0116195141910852,1.0,22,0.004779497052755068,0.00875205737736785,1.0,True,0.0007306357527638082,0.1528687526530944
sub-023,remember,theta_central,21,-0.0025216408274607283,0.0120951127264857,-1.0,22,-0.004115907282348823,0.011607086792101099,-1.0,True,0.001594266454888095,0.3873426550994355
sub-023,remember,theta_frontoparietal_diff,21,0.007913944361210432,0.0020020843047849,1.0,22,0.007216404476452345,0.0012829558183184,1.0,True,0.0006975398847580876,0.09666030874990603
sub-023,remember,theta_frontoparietal_ratio,21,0.00675564200971737,0.0112776709907839,1.0,22,0.007059147266353017,0.01235521432324275,1.0,True,0.0003035052566356467,0.042994606173225126
sub-023,remember,theta_occipital,21,0.00515108101607179,0.0236953785632645,1.0,22,0.001496081143524913,0.0100555128668375,1.0,True,0.0036549998725468767,2.4430492212042325
sub-023,remember,theta_parietal,21,-0.008170873333340954,0.0152573544594434,-1.0,22,-0.010798479725520525,0.0151709516428865,-1.0,True,0.002627606392179571,0.24333114095400232
sub-023,remember,theta_rel,21,-0.018177962749041418,-0.0073718577934456,-1.0,22,-0.014536550484554562,-0.00514433645290715,-1.0,True,0.003641412264486856,0.25050043807545297
sub-023,remember,theta_temporal,21,-0.001906467301213578,0.0042359915016836,-1.0,22,-0.0033958097139939105,0.00229113186847875,-1.0,True,0.0014893424127803325,0.438582411329719
sub-023,correct,alpha_abs,16,0.011205028142280096,-0.0200319551720718,1.0,17,0.003977169084874701,-0.0314873277469293,1.0,True,0.007227859057405395,1.8173376346741632
sub-023,correct,alpha_beta_central_ratio,16,0.13017862105426703,0.0731813106905245,1.0,17,0.14402964758962156,0.0918357757863384,1.0,True,0.013851026535354527,0.09616788464844234
sub-023,correct,alpha_beta_frontal_ratio,16,0.0024875367318639985,0.0592428703998227,1.0,17,0.011768877838233034,0.1052386511879747,1.0,True,0.009281341106369035,0.7886343314922645
sub-023,correct,alpha_beta_occipital_ratio,16,-0.042505248284971535,-0.0017944057997032001,-1.0,17,-0.03671384250847402,0.0245095354919788,-1.0,True,0.005791405776497512,0.15774447404029643
sub-023,correct,alpha_beta_parietal_ratio,16,0.030171894003973805,0.0308184243304054,1.0,17,0.037132833069950806,0.0382750490663845,1.0,True,0.006960939065977001,0.18746048955822975
sub-023,correct,alpha_beta_ratio,16,0.033804635368415034,0.0206772974888908,1.0,17,0.046180390629905685,0.027962344081358,1.0,True,0.01237575526149065,0.26798723641536953
sub-023,correct,alpha_beta_temporal_ratio,16,0.03638678481797939,0.0599705395902789,1.0,17,0.06494299068767259,0.0617200039401055,1.0,True,0.0285562058696932,0.4397119006580291
sub-023,correct,alpha_central,16,0.04772695206268654,0.0216679967399595,1.0,17,0.04246795987509471,0.0177681990916285,1.0,True,0.005258992187591828,0.12383434954397134
sub-023,correct,alpha_frontal,16,-0.003824754012167794,-0.06081220452219705,-1.0,17,-0.0117935947338535,-0.0626760015310623,-1.0,True,0.007968840721685706,0.6756922635989142
sub-023,correct,alpha_frontoparietal_diff,16,-0.01997013304171999,-0.0152541787834251,-1.0,17,-0.030850199169255386,-0.0426794577245955,-1.0,True,0.010880066127535396,0.35267409678113926
sub-023,correct,alpha_frontoparietal_ratio,16,-0.06425603241024037,-0.0865774089019209,-1.0,17,-0.07059348720716957,-0.0935569508164402,-1.0,True,0.0063374547969291956,0.0897739302540866
sub-023,correct,alpha_occipital,16,-0.033853683411670235,-0.0121144056513481,-1.0,17,-0.0353875819230478,-0.0226737443574212,-1.0,True,0.0015338985113775641,0.04334567178715711
sub-023,correct,alpha_rel,16,0.04474617449407537,0.042440655210347594,1.0,17,0.05097832355011286,0.0454504463368716,1.0,True,0.0062321490560374865,0.12225096123279028
sub-023,correct,alpha_temporal,16,0.025335190580284786,0.02549389704777165,1.0,17,0.027248635892917775,0.0259348503649758,1.0,True,0.0019134453126329887,0.07022169183633573
sub-023,correct,beta_abs,16,0.022135275332614845,0.0286911864095237,1.0,17,0.0006445398145583712,0.022617076858297,1.0,True,0.021490735518056473,33.34275871348862
sub-023,correct,beta_central,16,-0.07332743361215321,-0.018250184339837203,-1.0,17,-0.08727746109283907,-0.0573648282093374,-1.0,True,0.013950027480685856,0.15983539514109935
sub-023,correct,beta_frontal,16,0.025417337369757632,0.00850545332844495,1.0,17,0.010174146145588859,-0.0024640408308667,1.0,True,0.015243191224168774,1.4982280582609548
sub-023,correct,beta_frontoparietal_diff,16,-0.02903228306462264,-0.05809212024252395,-1.0,17,-0.03944986095015843,-0.0650358100322439,-1.0,True,0.010417577885535788,0.2640713461245787
sub-023,correct,beta_frontoparietal_ratio,16,-0.03214586485053252,-0.06950330276147204,-1.0,17,-0.04525945894883748,-0.0780281715566495,-1.0,True,0.01311359409830496,0.2897426174079748
sub-023,correct,beta_occipital,16,0.07829803215799488,0.1042774420209617,1.0,17,0.05622197652916972,0.075512730773342,1.0,True,0.022076055628825163,0.39265883186037426
sub-023,correct,beta_parietal,16,0.06036635108003189,0.0330676030882919,1.0,17,0.04568359299605848,0.0300598021055862,1.0,True,0.014682758083973409,0.32140112283287825
sub-023,correct,beta_rel,16,0.020174181203123167,-0.00773843599364925,1.0,17,0.004003613901954628,-0.0116664289571332,1.0,True,0.01617056730116854,4.038992694393885
sub-023,correct,beta_temporal,16,0.024044321933442726,0.01167345767023125,1.0,17,0.0020193839783318964,0.0030800889060386,1.0,True,0.02202493795511083,10.90676077033375
sub-023,correct,delta_abs,16,0.060044239786359754,0.07880448481849155,1.0,17,0.0500998314822681,0.0751932060962368,1.0,True,0.009944408304091656,0.19849185136703093
sub-023,correct,delta_central,16,0.023620080625545287,0.056649244265719295,1.0,17,0.01594723148571994,0.053237904630791,1.0,True,0.007672849139825348,0.4811398860483122
sub-023,correct,delta_frontoparietal_diff,16,0.07360533045396356,0.1033047987150405,1.0,17,0.0627843531353025,0.0965889029100864,1.0,True,0.010820977318661051,0.17235149807694064
sub-023,correct,delta_frontoparietal_ratio,16,0.013382222845959859,0.0772956207045333,1.0,17,0.007618362637043261,0.0767235494216667,1.0,True,0.0057638602089165976,0.7565746714248813
sub-023,correct,delta_occipital,16,0.047153492786705525,0.0657871225506737,1.0,17,0.03884197513017873,0.0337134178161626,1.0,True,0.008311517656526796,0.213982878797249
sub-023,correct,delta_parietal,16,0.05071020015666278,0.0867303975994412,1.0,17,0.042145890738078534,0.0816931621013528,1.0,True,0.008564309418584243,0.20320627393565668
sub-023,correct,delta_rel,16,-0.07451146643823357,-0.01212310918804465,-1.0,17,-0.07439446030727782,-0.0181843987718074,-1.0,True,0.00011700613095574908,0.0015727801569158323
sub-023,correct,delta_temporal,16,0.06069313705838792,0.103284213130238,1.0,17,0.05208933196612908,0.0902600490670809,1.0,True,0.008603805092258839,0.1651740340585177
sub-023,correct,delta_theta_ratio,16,-0.047437666599330616,0.02377919417748675,-1.0,17,-0.055106454857458256,0.0119751868871558,-1.0,True,0.00766878825812764,0.13916315752781047
sub-023,correct,gamma_abs,16,-0.02186351208145994,-0.047640854842901,-1.0,17,-0.05686524273293527,-0.0685925280951577,-1.0,True,0.03500173065147533,0.6155206408923493
sub-023,correct,gamma_central,16,-0.1590467580776172,-0.0526622826991817,-1.0,17,-0.18547637333133052,-0.0566883528600988,-1.0,True,0.026429615253713318,0.14249585960202107
sub-023,correct,gamma_frontal,16,0.005750743163799501,-0.06609408315094994,1.0,17,-0.018570855272571345,-0.0854695744567192,-1.0,False,0.024321598436370846,1.30966496046594
sub-023,correct,gamma_frontoparietal_ratio,16,0.01278362952775084,-0.11857816529243334,1.0,17,0.0009702615712471755,-0.1482127749572843,1.0,True,0.011813367956503666,12.175446607989171
sub-023,correct,gamma_occipital,16,-0.061200403382491095,-0.0343987691604214,-1.0,17,-0.08945879593248873,-0.0548388597736076,-1.0,True,0.028258392549997638,0.31588165540840957
sub-023,correct,gamma_parietal,16,-0.026769928374726797,-0.07588649968283895,-1.0,17,-0.05958862522387283,-0.1006162409118598,-1.0,True,0.03281869684914603,0.5507543885405493
sub-023,correct,gamma_rel,16,-0.07753959036624128,-0.06331576012581985,-1.0,17,-0.10166472404316662,-0.0680082285851119,-1.0,True,0.024125133676925342,0.23730093111433484
sub-023,correct,gamma_temporal,16,-0.0072083129399374245,-0.06969518866795975,-1.0,17,-0.03680055328585214,-0.1385081681207297,-1.0,True,0.029592240345914716,0.804124875951019
sub-023,correct,theta_abs,16,0.10139414875498842,0.1246222182217799,1.0,17,0.09306439261390705,0.1011817885579857,1.0,True,0.008329756141081376,0.08950529743033667
sub-023,correct,theta_alpha_central_ratio,16,0.019339379220460508,0.03004803630771425,1.0,17,0.019230682046213178,0.024672152042746,1.0,True,0.00010869717424732972,0.0056522786860143575
sub-023,correct,theta_alpha_frontal_ratio,16,0.05408685739069628,0.07281965083391384,1.0,17,0.05565969462472302,0.0808250903691507,1.0,True,0.001572837234026736,0.028258100311748933
sub-023,correct,theta_alpha_occipital_ratio,16,0.08316788807296982,0.050266443260382,1.0,17,0.07878043065566702,0.0375691400620294,1.0,True,0.004387457417302801,0.055692224335247294
sub-023,correct,theta_alpha_parietal_ratio,16,0.057916171299737446,0.0394963432333881,1.0,17,0.057607059823141175,0.0484739848887195,1.0,True,0.0003091114765962702,0.005365861016779368
sub-023,correct,theta_alpha_ratio,16,0.06054891772609461,0.06891508729876375,1.0,17,0.05985120385013264,0.0618279945127793,1.0,True,0.0006977138759619722,0.011657474387800907
sub-023,correct,theta_alpha_temporal_ratio,16,0.06769993732220068,-0.00996148331026445,1.0,17,0.058508311526769,-0.019445121900486,1.0,True,0.009191625795431688,0.15709948818513234
sub-023,correct,theta_beta_ratio,16,0.04111229602104244,0.0592155397932908,1.0,17,0.05244258158047268,0.0847662864916092,1.0,True,0.01133028555943024,0.2160512548766124
sub-023,correct,theta_central,16,0.12388970161238719,0.10896457906730744,1.0,17,0.11307711641494934,0.1026073676032386,1.0,True,0.010812585197437843,0.09562133825344318
sub-023,correct,theta_frontoparietal_diff,16,0.010424933572255643,-0.0216862289923377,1.0,17,0.006159832855024103,-0.0620817786206806,1.0,True,0.00426510071723154,0.6924052677424233
sub-023,correct,theta_frontoparietal_ratio,16,-0.031911342812445405,0.0058357013589331996,-1.0,17,-0.03877004880421776,-0.0184003772783559,-1.0,True,0.006858705991772358,0.1769073344840929
sub-023,correct,theta_occipital,16,0.0725410948798631,0.0740516075831411,1.0,17,0.07227551076487133,0.0680261649250033,1.0,True,0.0002655841149917654,0.0036746072380694876
sub-023,correct,theta_parietal,16,0.0849456835166641,0.1228456127701279,1.0,17,0.08155791977439754,0.1098504300048916,1.0,True,0.0033877637422665557,0.04153813328782368
sub-023,correct,theta_rel,16,0.07628413379228091,0.011895462140166601,1.0,17,0.08679106636054519,0.0267486725345396,1.0,True,0.01050693256826428,0.12106006999172765
sub-023,correct,theta_temporal,16,0.11359418164602249,0.07647775184921965,1.0,17,0.10826577717700087,0.0660816722314345,1.0,True,0.005328404469021622,0.049215962864334814
sub-024,remember,alpha_abs,22,-0.004225080718999699,0.02401404754028395,-1.0,22,-0.004225080718999699,0.02401404754028395,-1.0,True,0.0,0.0
sub-024,remember,alpha_beta_central_ratio,22,-0.006481369496393726,-0.0012023537617123499,-1.0,22,-0.006481369496393726,-0.0012023537617123499,-1.0,True,0.0,0.0
sub-024,remember,alpha_beta_frontal_ratio,22,0.006868067233128458,-0.00017555386438575,1.0,22,0.006868067233128458,-0.00017555386438575,1.0,True,0.0,0.0
sub-024,remember,alpha_beta_occipital_ratio,22,-0.010147514905164053,0.0075259452461013,-1.0,22,-0.010147514905164053,0.0075259452461013,-1.0,True,0.0,0.0
sub-024,remember,alpha_beta_parietal_ratio,22,-0.00889987824774338,-0.007146879630928599,-1.0,22,-0.00889987824774338,-0.007146879630928599,-1.0,True,0.0,0.0
sub-024,remember,alpha_beta_ratio,22,-0.004946131824715725,1.643148696604986e-05,-1.0,22,-0.004946131824715725,1.643148696604986e-05,-1.0,True,0.0,0.0
sub-024,remember,alpha_beta_temporal_ratio,22,0.05233680591085687,0.0315087420271479,1.0,22,0.05233680591085687,0.0315087420271479,1.0,True,0.0,0.0
sub-024,remember,alpha_central,22,-0.01501586222283353,-0.01501119428169965,-1.0,22,-0.01501586222283353,-0.01501119428169965,-1.0,True,0.0,0.0
sub-024,remember,alpha_frontal,22,-0.0030707927750683456,0.031058370447483198,-1.0,22,-0.0030707927750683456,0.031058370447483198,-1.0,True,0.0,0.0
sub-024,remember,alpha_frontoparietal_diff,22,0.00974893749781017,0.0002832907681079,1.0,22,0.00974893749781017,0.0002832907681079,1.0,True,0.0,0.0
sub-024,remember,alpha_frontoparietal_ratio,22,0.01227663886432328,-0.010858941748103399,1.0,22,0.01227663886432328,-0.010858941748103399,1.0,True,0.0,0.0
sub-024,remember,alpha_occipital,22,-0.013808574837919587,0.006018385239761,-1.0,22,-0.013808574837919587,0.006018385239761,-1.0,True,0.0,0.0
sub-024,remember,alpha_rel,22,-0.003156714484513651,0.00273943482436755,-1.0,22,-0.003156714484513651,0.00273943482436755,-1.0,True,0.0,0.0
sub-024,remember,alpha_temporal,22,0.01629686962287168,0.025018799178911,1.0,22,0.01629686962287168,0.025018799178911,1.0,True,0.0,0.0
sub-024,remember,beta_abs,22,0.011882839884920149,0.0064287775629291,1.0,22,0.011882839884920149,0.0064287775629291,1.0,True,0.0,0.0
sub-024,remember,beta_central,22,-0.009108361260200665,0.017305056347534098,-1.0,22,-0.009108361260200665,0.017305056347534098,-1.0,True,0.0,0.0
sub-024,remember,beta_frontal,22,0.006292755656684213,0.02676135788213745,1.0,22,0.006292755656684213,0.02676135788213745,1.0,True,0.0,0.0
sub-024,remember,beta_frontoparietal_diff,22,0.015061675649799796,0.0103621489766398,1.0,22,0.015061675649799796,0.0103621489766398,1.0,True,0.0,0.0
sub-024,remember,beta_frontoparietal_ratio,22,0.009995618660365795,0.0250422045529727,1.0,22,0.009995618660365795,0.0250422045529727,1.0,True,0.0,0.0
sub-024,remember,beta_occipital,22,-0.011332306790655403,0.01008362228756505,-1.0,22,-0.011332306790655403,0.01008362228756505,-1.0,True,0.0,0.0
sub-024,remember,beta_parietal,22,-0.005930338816362909,0.005094234456075399,-1.0,22,-0.005930338816362909,0.005094234456075399,-1.0,True,0.0,0.0
sub-024,remember,beta_rel,22,0.01053903365996976,0.0168174660327096,1.0,22,0.01053903365996976,0.0168174660327096,1.0,True,0.0,0.0
sub-024,remember,beta_temporal,22,-0.06158071509031959,0.012371174100029601,-1.0,22,-0.06158071509031959,0.012371174100029601,-1.0,True,0.0,0.0
sub-024,remember,delta_abs,22,0.007228722856415695,-0.0031531389258265497,1.0,22,0.007228722856415695,-0.0031531389258265497,1.0,True,0.0,0.0
sub-024,remember,delta_central,22,-0.002242849784410514,-0.0058486340347987,-1.0,22,-0.002242849784410514,-0.0058486340347987,-1.0,True,0.0,0.0
sub-024,remember,delta_frontoparietal_diff,22,-0.008891798665416483,-0.0035818687385868,-1.0,22,-0.008891798665416483,-0.0035818687385868,-1.0,True,0.0,0.0
sub-024,remember,delta_frontoparietal_ratio,22,-0.008555437293700145,0.00552592003253765,-1.0,22,-0.008555437293700145,0.00552592003253765,-1.0,True,0.0,0.0
sub-024,remember,delta_occipital,22,0.009659547749774438,0.0202226940751393,1.0,22,0.009659547749774438,0.0202226940751393,1.0,True,0.0,0.0
sub-024,remember,delta_parietal,22,0.007668092957052327,-0.0127862519011169,1.0,22,0.007668092957052327,-0.0127862519011169,1.0,True,0.0,0.0
sub-024,remember,delta_rel,22,0.012862226458615516,0.0100134032748007,1.0,22,0.012862226458615516,0.0100134032748007,1.0,True,0.0,0.0
sub-024,remember,delta_temporal,22,-0.004455897646301734,0.010532915525169599,-1.0,22,-0.004455897646301734,0.010532915525169599,-1.0,True,0.0,0.0
sub-024,remember,delta_theta_ratio,22,-0.00018999032316373288,-0.0103091462388365,-1.0,22,-0.00018999032316373288,-0.0103091462388365,-1.0,True,0.0,0.0
sub-024,remember,gamma_abs,22,0.025495370910866674,0.027636058275061652,1.0,22,0.025495370910866674,0.027636058275061652,1.0,True,0.0,0.0
sub-024,remember,gamma_central,22,0.014558284246406573,0.0427861302894467,1.0,22,0.014558284246406573,0.0427861302894467,1.0,True,0.0,0.0
sub-024,remember,gamma_frontal,22,0.020143744628534934,0.0143858938803237,1.0,22,0.020143744628534934,0.0143858938803237,1.0,True,0.0,0.0
sub-024,remember,gamma_frontoparietal_ratio,22,0.026023240242854986,-0.03536198003882305,1.0,22,0.026023240242854986,-0.03536198003882305,1.0,True,0.0,0.0
sub-024,remember,gamma_occipital,22,0.023031090473266857,0.0133513575859867,1.0,22,0.023031090473266857,0.0133513575859867,1.0,True,0.0,0.0
sub-024,remember,gamma_parietal,22,0.018942058685776395,0.02026889488011765,1.0,22,0.018942058685776395,0.02026889488011765,1.0,True,0.0,0.0
sub-024,remember,gamma_rel,22,0.02631386588803555,0.0210692636781099,1.0,22,0.02631386588803555,0.0210692636781099,1.0,True,0.0,0.0
sub-024,remember,gamma_temporal,22,-0.05651817964866923,0.02027048990149495,-1.0,22,-0.05651817964866923,0.02027048990149495,-1.0,True,0.0,0.0
sub-024,remember,theta_abs,22,-0.0029891438300134214,0.0321264622211444,-1.0,22,-0.0029891438300134214,0.0321264622211444,-1.0,True,0.0,0.0
sub-024,remember,theta_alpha_central_ratio,22,0.024055814630122893,0.0018794202919669499,1.0,22,0.024055814630122893,0.0018794202919669499,1.0,True,0.0,0.0
sub-024,remember,theta_alpha_frontal_ratio,22,0.010202402386540039,0.0102901272273364,1.0,22,0.010202402386540039,0.0102901272273364,1.0,True,0.0,0.0
sub-024,remember,theta_alpha_occipital_ratio,22,0.019958592202797092,-0.00039517783826780004,1.0,22,0.019958592202797092,-0.00039517783826780004,1.0,True,0.0,0.0
sub-024,remember,theta_alpha_parietal_ratio,22,0.01811562122035374,-0.01519353624041025,1.0,22,0.01811562122035374,-0.01519353624041025,1.0,True,0.0,0.0
sub-024,remember,theta_alpha_ratio,22,0.013720792059534921,0.0072135815711985,1.0,22,0.013720792059534921,0.0072135815711985,1.0,True,0.0,0.0
sub-024,remember,theta_alpha_temporal_ratio,22,0.0003842089452644267,-0.004374930220801349,1.0,22,0.0003842089452644267,-0.004374930220801349,1.0,True,0.0,0.0
sub-024,remember,theta_beta_ratio,22,0.004779497052755068,0.00875205737736785,1.0,22,0.004779497052755068,0.00875205737736785,1.0,True,0.0,0.0
sub-024,remember,theta_central,22,-0.004115907282348823,0.011607086792101099,-1.0,22,-0.004115907282348823,0.011607086792101099,-1.0,True,0.0,0.0
sub-024,remember,theta_frontoparietal_diff,22,0.007216404476452345,0.0012829558183184,1.0,22,0.007216404476452345,0.0012829558183184,1.0,True,0.0,0.0
sub-024,remember,theta_frontoparietal_ratio,22,0.007059147266353017,0.01235521432324275,1.0,22,0.007059147266353017,0.01235521432324275,1.0,True,0.0,0.0
sub-024,remember,theta_occipital,22,0.001496081143524913,0.0100555128668375,1.0,22,0.001496081143524913,0.0100555128668375,1.0,True,0.0,0.0
sub-024,remember,theta_parietal,22,-0.010798479725520525,0.0151709516428865,-1.0,22,-0.010798479725520525,0.0151709516428865,-1.0,True,0.0,0.0
sub-024,remember,theta_rel,22,-0.014536550484554562,-0.00514433645290715,-1.0,22,-0.014536550484554562,-0.00514433645290715,-1.0,True,0.0,0.0
sub-024,remember,theta_temporal,22,-0.0033958097139939105,0.00229113186847875,-1.0,22,-0.0033958097139939105,0.00229113186847875,-1.0,True,0.0,0.0
sub-024,correct,alpha_abs,16,0.025779665417264702,-0.0200319551720718,1.0,17,0.003977169084874701,-0.0314873277469293,1.0,True,0.021802496332390002,5.481913357746238
sub-024,correct,alpha_beta_central_ratio,16,0.14083605245683906,0.0731813106905245,1.0,17,0.14402964758962156,0.0918357757863384,1.0,True,0.0031935951327825007,0.022173178829694114
sub-024,correct,alpha_beta_frontal_ratio,16,0.03187801387758693,0.1289421023243036,1.0,17,0.011768877838233034,0.1052386511879747,1.0,True,0.020109136039353895,1.7086706409702235
sub-024,correct,alpha_beta_occipital_ratio,16,0.008435282501280098,0.02818276416586385,1.0,17,-0.03671384250847402,0.0245095354919788,-1.0,False,0.04514912500975412,1.2297575498759936
sub-024,correct,alpha_beta_parietal_ratio,16,0.05556811435522928,0.04223781894371415,1.0,17,0.037132833069950806,0.0382750490663845,1.0,True,0.018435281285278472,0.4964684825030749
sub-024,correct,alpha_beta_ratio,16,0.06256540768997605,0.059700692172852,1.0,17,0.046180390629905685,0.027962344081358,1.0,True,0.016385017060070367,0.3548046440616224
sub-024,correct,alpha_beta_temporal_ratio,16,0.08154027490934102,0.08911658952978654,1.0,17,0.06494299068767259,0.0617200039401055,1.0,True,0.016597284221668424,0.2555669833791455
sub-024,correct,alpha_central,16,0.049338121398001894,0.0216679967399595,1.0,17,0.04246795987509471,0.0177681990916285,1.0,True,0.0068701615229071825,0.1617728175102704
sub-024,correct,alpha_frontal,16,0.013372367836842501,-0.06081220452219705,1.0,17,-0.0117935947338535,-0.0626760015310623,-1.0,False,0.025165962570696,2.1338669963329444
sub-024,correct,alpha_frontoparietal_diff,16,-0.04455399992962613,-0.044718786885953446,-1.0,17,-0.030850199169255386,-0.0426794577245955,-1.0,True,0.013703800760370744,0.444204612268035
sub-024,correct,alpha_frontoparietal_ratio,16,-0.05615729641379,-0.0865774089019209,-1.0,17,-0.07059348720716957,-0.0935569508164402,-1.0,True,0.014436190793379572,0.204497487863348
sub-024,correct,alpha_occipital,16,0.006547478824289223,-0.0121144056513481,1.0,17,-0.0353875819230478,-0.0226737443574212,-1.0,False,0.04193506074733702,1.1850219333586303
sub-024,correct,alpha_rel,16,0.05170003976675594,0.06350018877161565,1.0,17,0.05097832355011286,0.0454504463368716,1.0,True,0.0007217162166430827,0.014157315627172776
sub-024,correct,alpha_temporal,16,0.027385866653064667,0.0418993056300107,1.0,17,0.027248635892917775,0.0259348503649758,1.0,True,0.00013723076014689195,0.005036243307231382
sub-024,correct,beta_abs,16,-0.0014880074445786304,0.01770494626091995,-1.0,17,0.0006445398145583712,0.022617076858297,1.0,False,0.0021325472591370016,3.3086354185865
sub-024,correct,beta_central,16,-0.08914700064805793,-0.021135226707394553,-1.0,17,-0.08727746109283907,-0.0573648282093374,-1.0,True,0.0018695395552188604,0.021420645511562114
sub-024,correct,beta_frontal,16,0.010964032831617333,-0.006755243113627452,1.0,17,0.010174146145588859,-0.0024640408308667,1.0,True,0.0007898866860284737,0.07763665616017713
sub-024,correct,beta_frontoparietal_diff,16,-0.03785073913252809,-0.07145624737507325,-1.0,17,-0.03944986095015843,-0.0650358100322439,-1.0,True,0.0015991218176303404,0.04053555016710188
sub-024,correct,beta_frontoparietal_ratio,16,-0.02743343627997702,-0.06950330276147204,-1.0,17,-0.04525945894883748,-0.0780281715566495,-1.0,True,0.017826022668860464,0.39386292021324165
sub-024,correct,beta_occipital,16,0.04084118590177068,0.07165946385599155,1.0,17,0.05622197652916972,0.075512730773342,1.0,True,0.01538079062739904,0.27357257031721405
sub-024,correct,beta_parietal,16,0.042521445113839436,0.0226575465476272,1.0,17,0.04568359299605848,0.0300598021055862,1.0,True,0.003162147882219045,0.06921845841879974
sub-024,correct,beta_rel,16,-0.00995569622591534,-0.0380592083096837,-1.0,17,0.004003613901954628,-0.0116664289571332,1.0,False,0.013959310127869967,3.486677404395766
sub-024,correct,beta_temporal,16,-0.01203753146162111,-0.0471285905376733,-1.0,17,0.0020193839783318964,0.0030800889060386,1.0,False,0.014056915439953006,6.960991862263194
sub-024,correct,delta_abs,16,0.048080085728613206,0.0686744600348379,1.0,17,0.0500998314822681,0.0751932060962368,1.0,True,0.002019745753654892,0.04031442210279177
sub-024,correct,delta_central,16,0.022129839249067276,0.056649244265719295,1.0,17,0.01594723148571994,0.053237904630791,1.0,True,0.006182607763347336,0.38769160458250046
sub-024,correct,delta_frontoparietal_diff,16,0.06181361044172147,0.1033047987150405,1.0,17,0.0627843531353025,0.0965889029100864,1.0,True,0.0009707426935810365,0.015461538506083698
sub-024,correct,delta_frontoparietal_ratio,16,0.03811061600307024,0.0772956207045333,1.0,17,0.007618362637043261,0.0767235494216667,1.0,True,0.030492253366026977,4.002468091734372
sub-024,correct,delta_occipital,16,0.035153296870490854,0.026466660816486347,1.0,17,0.03884197513017873,0.0337134178161626,1.0,True,0.003688678259687876,0.09496628962160872
sub-024,correct,delta_parietal,16,0.03881474310926303,0.06603914374845984,1.0,17,0.042145890738078534,0.0816931621013528,1.0,True,0.003331147628815506,0.07903849154636175
sub-024,correct,delta_rel,16,-0.05708530553974773,-0.01212310918804465,-1.0,17,-0.07439446030727782,-0.0181843987718074,-1.0,True,0.017309154767530095,0.23266725366427296
sub-024,correct,delta_temporal,16,0.046352034556674825,0.05555577461190425,1.0,17,0.05208933196612908,0.0902600490670809,1.0,True,0.0057372974094542575,0.11014342463030466
sub-024,correct,delta_theta_ratio,16,-0.024586987886683637,0.02377919417748675,-1.0,17,-0.055106454857458256,0.0119751868871558,-1.0,True,0.03051946697077462,0.5538274427146175
sub-024,correct,gamma_abs,16,-0.06084362336468756,-0.07896663970765305,-1.0,17,-0.05686524273293527,-0.0685925280951577,-1.0,True,0.003978380631752286,0.06996155191733813
sub-024,correct,gamma_central,16,-0.19352562461078252,-0.09729944723514589,-1.0,17,-0.18547637333133052,-0.0566883528600988,-1.0,True,0.008049251279451997,0.04339771764392335
sub-024,correct,gamma_frontal,16,-0.01934164647664149,-0.1213615444694541,-1.0,17,-0.018570855272571345,-0.0854695744567192,-1.0,True,0.000770791204070146,0.04150542302747812
sub-024,correct,gamma_frontoparietal_ratio,16,-0.018328483828244757,-0.15163306776803695,-1.0,17,0.0009702615712471755,-0.1482127749572843,1.0,False,0.01929874539949193,19.890250187570864
sub-024,correct,gamma_occipital,16,-0.09752184469402485,-0.07343477167019966,-1.0,17,-0.08945879593248873,-0.0548388597736076,-1.0,True,0.008063048761536115,0.09013142505987898
sub-024,correct,gamma_parietal,16,-0.04356109592871892,-0.07588649968283895,-1.0,17,-0.05958862522387283,-0.1006162409118598,-1.0,True,0.016027529295153907,0.268969610138494
sub-024,correct,gamma_rel,16,-0.1196713085212829,-0.09918830401472925,-1.0,17,-0.10166472404316662,-0.0680082285851119,-1.0,True,0.018006584478116275,0.17711733000397187
sub-024,correct,gamma_temporal,16,-0.07896368821879861,-0.14279791708091755,-1.0,17,-0.03680055328585214,-0.1385081681207297,-1.0,True,0.04216313493294647,1.1457201364729468
sub-024,correct,theta_abs,16,0.08128166338153436,0.059712800635390646,1.0,17,0.09306439261390705,0.1011817885579857,1.0,True,0.011782729232372682,0.12660835042737853
sub-024,correct,theta_alpha_central_ratio,16,-0.005601726553363804,0.02108183965050095,-1.0,17,0.019230682046213178,0.024672152042746,1.0,False,0.024832408599576982,1.2912911013713564
sub-024,correct,theta_alpha_frontal_ratio,16,0.03587667623040437,0.0674558256649708,1.0,17,0.05565969462472302,0.0808250903691507,1.0,True,0.019783018394318647,0.3554280800083907
sub-024,correct,theta_alpha_occipital_ratio,16,0.04710900078092037,0.023075126020425753,1.0,17,0.07878043065566702,0.0375691400620294,1.0,True,0.03167142987474665,0.4020215377239549
sub-024,correct,theta_alpha_parietal_ratio,16,0.03524213159381685,0.0394963432333881,1.0,17,0.057607059823141175,0.0484739848887195,1.0,True,0.022364928229324323,0.38823241974137634
sub-024,correct,theta_alpha_ratio,16,0.04189669795230337,0.055257888173760206,1.0,17,0.05985120385013264,0.0618279945127793,1.0,True,0.017954505897829265,0.29998571027555826
sub-024,correct,theta_alpha_temporal_ratio,16,0.06338040111597243,-0.0124021600478834,1.0,17,0.058508311526769,-0.019445121900486,1.0,True,0.004872089589203432,0.08327175168906269
sub-024,correct,theta_beta_ratio,16,0.04518846577802448,0.0592155397932908,1.0,17,0.05244258158047268,0.0847662864916092,1.0,True,0.007254115802448197,0.13832491810718395
sub-024,correct,theta_central,16,0.09446948861848584,0.0710715487026947,1.0,17,0.11307711641494934,0.1026073676032386,1.0,True,0.018607627796463508,0.16455697126358176
sub-024,correct,theta_frontoparietal_diff,16,-0.009672249816461989,-0.0638534352621255,-1.0,17,0.006159832855024103,-0.0620817786206806,1.0,False,0.015832082671486093,2.5702130307923983
sub-024,correct,theta_frontoparietal_ratio,16,-0.04344559451136709,-0.021761850172533702,-1.0,17,-0.03877004880421776,-0.0184003772783559,-1.0,True,0.004675545707149328,0.12059684863333676
sub-024,correct,theta_occipital,16,0.06811826414114634,0.06444441068411275,1.0,17,0.07227551076487133,0.0680261649250033,1.0,True,0.004157246623724992,0.057519436109548364
sub-024,correct,theta_parietal,16,0.06798176710067187,0.0928027780251289,1.0,17,0.08155791977439754,0.1098504300048916,1.0,True,0.013576152673725667,0.1664602617536042
sub-024,correct,theta_rel,16,0.057227967614444875,0.011895462140166601,1.0,17,0.08679106636054519,0.0267486725345396,1.0,True,0.029563098746100316,0.340623752948144
sub-024,correct,theta_temporal,16,0.08831109908384165,0.05434937192189765,1.0,17,0.10826577717700087,0.0660816722314345,1.0,True,0.01995467809315922,0.18431196462512658
