source_file,subject,run,trial,memory_cond,event_count,has_fixation,has_work_memory,has_probe,has_feedback,has_to_remember,has_to_ignore,has_probe_target,has_probe_not_shown,accuracy,letters_presented,n_letters,response,feedback,start_sample,end_sample,start_latency,end_latency,expected_14_events,bad_trial
sub-001_ses-01_task-WorkingMemory_run-1_eeg.set,sub-001,,1,3,14,True,True,True,True,True,True,True,False,1.0,D M B Y H Q C G C,9,1,correct,1430,7606,1430.0,7605.52473555,True,False
sub-001_ses-01_task-WorkingMemory_run-1_eeg.set,sub-001,,2,7,14,True,True,True,True,True,True,False,True,1.0,J C F M L K Q W B,9,1,correct,7611,13353,7610.824756774999,13352.747755575,True,False
sub-001_ses-01_task-WorkingMemory_run-1_eeg.set,sub-001,,3,3,14,True,True,True,True,True,True,True,False,1.0,D Y T J M K B F B,9,255,correct,13360,18988,13359.9977846,18987.920326775,True,False
sub-001_ses-01_task-WorkingMemory_run-1_eeg.set,sub-001,,4,7,14,True,True,True,True,True,True,True,False,1.0,C Z L K R G B T Z,9,1,correct,18996,24939,18996.145359725,24939.4691652,True,False
sub-001_ses-01_task-WorkingMemory_run-1_eeg.set,sub-001,,5,7,14,True,True,True,True,True,True,False,True,1.0,X C J H N D P S L,9,1,correct,24947,30713,24946.54419355,30713.042290775,True,False
sub-001_ses-01_task-WorkingMemory_run-1_eeg.set,sub-001,,6,3,14,True,True,True,True,True,True,False,True,1.0,F B C R M J H T S,9,1,correct,30721,36447,30721.192323425,36447.09025802501,True,False
sub-001_ses-01_task-WorkingMemory_run-1_eeg.set,sub-001,,7,3,14,True,True,True,True,True,True,False,True,1.0,S Z F D G W V Q L,9,1,correct,36454,42774,36453.59028405,42774.290601074994,True,False
sub-001_ses-01_task-WorkingMemory_run-1_eeg.set,sub-001,,8,3,14,True,True,True,True,True,True,True,False,1.0,J C L S G V R T V,9,255,correct,42781,49095,42781.165628625,49094.99091812501,True,False
sub-001_ses-01_task-WorkingMemory_run-1_eeg.set,sub-001,,9,3,14,True,True,True,True,True,True,True,False,1.0,Q P J T Z K D C J,9,1,correct,49100,55824,49100.24093915,55824.317871875,True,False
sub-001_ses-01_task-WorkingMemory_run-1_eeg.set,sub-001,,10,3,14,True,True,True,True,True,True,True,False,1.0,P T Z Q V B X G V,9,1,correct,55830,63496,55830.24289559999,63496.19860095,True,False
sub-001_ses-01_task-WorkingMemory_run-1_eeg.set,sub-001,,11,5,14,True,True,True,True,True,True,True,False,1.0,L G Q F Z T R M L,9,1,correct,63503,71043,63502.873627675006,71042.82882835,True,False
sub-001_ses-01_task-WorkingMemory_run-1_eeg.set,sub-001,,12,5,14,True,True,True,True,True,True,True,False,1.0,S C G P F M J L G,9,1,correct,71050,77535,71049.753856075,77534.8548316,True,False
sub-001_ses-01_task-WorkingMemory_run-1_eeg.set,sub-001,,13,5,14,True,True,True,True,True,True,True,False,1.0,B H D R N Z V L R,9,1,correct,77541,85240,77540.80485545,85239.635692475,True,False
sub-001_ses-01_task-WorkingMemory_run-1_eeg.set,sub-001,,14,7,14,True,True,True,True,True,True,False,True,1.0,W Z V D F X M Y G,9,1,correct,85247,92351,85247.1857227,92351.4141781,True,False
sub-001_ses-01_task-WorkingMemory_run-1_eeg.set,sub-001,,15,3,14,True,True,True,True,True,True,True,False,1.0,J Q D H X G C W D,9,1,correct,92358,99813,92358.139205025,99812.544063025,True,False
sub-001_ses-01_task-WorkingMemory_run-1_eeg.set,sub-001,,16,5,14,True,True,True,True,True,True,False,True,1.0,K W Z Q D C M P J,9,1,correct,99817,106496,99817.29408205,106495.995833025,True,False
sub-001_ses-01_task-WorkingMemory_run-1_eeg.set,sub-001,,17,5,14,True,True,True,True,True,True,True,False,1.0,D C L S J K H V L,9,255,correct,106501,112540,106501.04585325,112540.12004225,True,False
sub-001_ses-01_task-WorkingMemory_run-1_eeg.set,sub-001,,18,7,14,True,True,True,True,True,True,True,False,1.0,W K M C Q G B T B,9,255,correct,112548,118189,112547.6700725,118188.69266715,True,False
sub-001_ses-01_task-WorkingMemory_run-1_eeg.set,sub-001,,19,5,14,True,True,True,True,True,True,False,True,1.0,M G L Z B Y R C T,9,1,correct,118197,124556,118196.5926988,124555.743169825,True,False
sub-001_ses-01_task-WorkingMemory_run-1_eeg.set,sub-001,,20,5,14,True,True,True,True,True,True,True,False,0.0,K C J Y L D M S J,9,1,wrong,124562,130534,124561.643193475,130533.9671151,True,False
sub-001_ses-01_task-WorkingMemory_run-1_eeg.set,sub-001,,21,5,14,True,True,True,True,True,True,True,False,1.0,K Z J V R H M S R,9,255,correct,130542,136249,130541.51714535,136248.51500425002,True,False
sub-001_ses-01_task-WorkingMemory_run-1_eeg.set,sub-001,,22,7,14,True,True,True,True,True,True,False,True,1.0,X J N R S V Y H C,9,1,correct,136253,142062,136253.19002297497,142061.913289325,True,False
sub-001_ses-01_task-WorkingMemory_run-1_eeg.set,sub-001,,23,7,14,True,True,True,True,True,True,True,False,1.0,W T M P G H Z N M,9,255,correct,142069,148132,142069.338319075,148132.41260419998,True,False
sub-001_ses-01_task-WorkingMemory_run-1_eeg.set,sub-001,,24,5,14,True,True,True,True,True,True,False,True,1.0,Z T M S Y V N H Q,9,1,correct,148137,153847,148137.18762332498,153846.96049335,True,False
sub-001_ses-01_task-WorkingMemory_run-1_eeg.set,sub-001,,25,7,14,True,True,True,True,True,True,False,True,1.0,T H X S W Q K D F,9,1,correct,153853,160583,153852.860516975,160583.212474825,True,False
sub-001_ses-01_task-WorkingMemory_run-2_eeg.set,sub-001,,1,7,14,True,True,True,True,True,True,False,True,1.0,M Q W B Z D R L Y,9,255,correct,875,6542,875.0,6542.0501391,True,False
sub-001_ses-01_task-WorkingMemory_run-2_eeg.set,sub-001,,2,3,14,True,True,True,True,True,True,True,False,1.0,P K B Y D M C F P,9,255,correct,6549,11986,6548.850109275,11986.45125495,True,False
sub-001_ses-01_task-WorkingMemory_run-2_eeg.set,sub-001,,3,5,14,True,True,True,True,True,True,False,True,1.0,V C H M D Q Z Y J,9,1,correct,11992,17793,11992.0012306,17793.4007803,True,False
sub-001_ses-01_task-WorkingMemory_run-2_eeg.set,sub-001,,4,5,14,True,True,True,True,True,True,True,False,0.0,R C X H N P M L P,9,1,wrong,17800,23838,17799.850752025,23837.649264675,True,False
sub-001_ses-01_task-WorkingMemory_run-2_eeg.set,sub-001,,5,5,14,True,True,True,True,True,True,True,False,1.0,H T X V F K C G X,9,255,correct,23842,29928,23842.424243725,29928.072546475,True,False
sub-001_ses-01_task-WorkingMemory_run-2_eeg.set,sub-001,,6,5,14,True,True,True,True,True,True,False,True,1.0,T Y K Z F Q G W L,9,1,correct,29935,35854,29935.472514,35853.7215511,True,False
sub-001_ses-01_task-WorkingMemory_run-2_eeg.set,sub-001,,7,7,14,True,True,True,True,True,True,True,False,1.0,H D W Y K P X V X,9,255,correct,35861,41568,35860.546521175,41568.44648105,True,False
sub-001_ses-01_task-WorkingMemory_run-2_eeg.set,sub-001,,8,3,14,True,True,True,True,True,True,False,True,1.0,V W S R B N P Z X,9,1,correct,41576,47474,41576.421446075,47474.07057355,True,False
sub-001_ses-01_task-WorkingMemory_run-2_eeg.set,sub-001,,9,3,14,True,True,True,True,True,True,True,False,1.0,C V W H N X R M R,9,255,correct,47480,53459,47480.495545375,53458.744319275,True,False
sub-001_ses-01_task-WorkingMemory_run-2_eeg.set,sub-001,,10,7,14,True,True,True,True,True,True,True,False,1.0,W L D J C F V S S,9,255,correct,53465,59325,53464.5692937,59324.768585475,True,False
sub-001_ses-01_task-WorkingMemory_run-2_eeg.set,sub-001,,11,3,14,True,True,True,True,True,True,True,False,1.0,D B G J W L K C L,9,255,correct,59331,64657,59331.1685574,64656.92019375,True,False
sub-001_ses-01_task-WorkingMemory_run-2_eeg.set,sub-001,,12,7,14,True,True,True,True,True,True,False,True,1.0,P W F S Z T K Q L,9,1,correct,64661,71109,64661.32017445,71109.466886925,True,False
sub-001_ses-01_task-WorkingMemory_run-2_eeg.set,sub-001,,13,7,14,True,True,True,True,True,True,True,False,1.0,B N R G Y Z M X Z,9,255,correct,71115,77865,71114.59186445,77865.26224980001,True,False
sub-001_ses-01_task-WorkingMemory_run-2_eeg.set,sub-001,,14,3,14,True,True,True,True,True,True,True,False,1.0,Y C P K R W H L K,9,255,correct,77874,84087,77873.53721349999,84087.15995482501,True,False
sub-001_ses-01_task-WorkingMemory_run-2_eeg.set,sub-001,,15,5,14,True,True,True,True,True,True,False,True,1.0,K S P F D L T Z Q,9,1,correct,84092,89360,84092.059933325,89359.96182345001,True,False
sub-001_ses-01_task-WorkingMemory_run-2_eeg.set,sub-001,,16,5,14,True,True,True,True,True,True,False,True,1.0,F C J Q T S M N Z,9,1,correct,89368,95457,89368.01178814999,95456.635077825,True,False
sub-001_ses-01_task-WorkingMemory_run-2_eeg.set,sub-001,,17,7,14,True,True,True,True,True,True,True,False,1.0,Y D Q V G L F S G,9,1,correct,95465,102133,95464.810041975,102133.3307877,True,False
sub-001_ses-01_task-WorkingMemory_run-2_eeg.set,sub-001,,18,3,14,True,True,True,True,True,True,True,False,1.0,S N R X M T B G R,9,255,correct,102140,108494,102140.2807572,108493.627885575,True,False
sub-001_ses-01_task-WorkingMemory_run-2_eeg.set,sub-001,,19,3,14,True,True,True,True,True,True,True,False,1.0,N B T S X C Q R S,9,1,correct,108501,114406,108501.277852,114405.651949975,True,False
sub-001_ses-01_task-WorkingMemory_run-2_eeg.set,sub-001,,20,3,14,True,True,True,True,True,True,False,True,1.0,P X B Z H V R F Q,9,1,correct,114414,120212,114413.851914025,120212.226477,True,False
sub-001_ses-01_task-WorkingMemory_run-2_eeg.set,sub-001,,21,7,14,True,True,True,True,True,True,False,True,1.0,P Q S W D F C H X,9,1,correct,120218,126981,120217.701452975,126980.99678295,True,False
sub-001_ses-01_task-WorkingMemory_run-2_eeg.set,sub-001,,22,5,14,True,True,True,True,True,True,True,False,1.0,M F G K Z Q Y N K,9,255,correct,126989,133097,126989.3967461,133097.26995132503,True,False
sub-001_ses-01_task-WorkingMemory_run-2_eeg.set,sub-001,,23,7,14,True,True,True,True,True,True,False,True,0.0,Q P H R X C S V Z,9,255,wrong,133103,139813,133103.19492535,139813.26548879998,True,False
sub-001_ses-01_task-WorkingMemory_run-2_eeg.set,sub-001,,24,3,14,True,True,True,True,True,True,False,True,1.0,P R K W C Z Y X B,9,1,correct,139820,145165,139820.415457425,145164.9420114,True,False
sub-001_ses-01_task-WorkingMemory_run-2_eeg.set,sub-001,,25,5,14,True,True,True,True,True,True,True,False,1.0,Q M C X S W R H Q,9,1,correct,145172,152415,145171.591982225,152414.8602066,True,False
sub-002_ses-01_task-WorkingMemory_run-1_eeg.set,sub-002,,1,7,14,True,True,True,True,True,True,False,True,1.0,T H X S W Q K D F,9,1,correct,1017,7530,1017.0,7529.821273324999,True,False
sub-002_ses-01_task-WorkingMemory_run-1_eeg.set,sub-002,,2,5,14,True,True,True,True,True,True,True,False,1.0,S C G P F M J L G,9,255,correct,7538,13680,7537.521268925,13680.167754075,True,False
sub-002_ses-01_task-WorkingMemory_run-1_eeg.set,sub-002,,3,7,14,True,True,True,True,True,True,True,False,1.0,C Z L K R G B T Z,9,1,correct,13685,20121,13684.8427514,20120.589068825,True,False
sub-002_ses-01_task-WorkingMemory_run-1_eeg.set,sub-002,,4,5,14,True,True,True,True,True,True,False,True,1.0,K W Z Q D C M P J,9,1,correct,20125,26436,20125.3640661,26435.7104553,True,False
sub-002_ses-01_task-WorkingMemory_run-1_eeg.set,sub-002,,5,3,14,True,True,True,True,True,True,True,False,1.0,D Y T J M K B F B,9,255,correct,26440,33199,26440.4104526,33199.0065853,True,False
sub-002_ses-01_task-WorkingMemory_run-1_eeg.set,sub-002,,6,7,14,True,True,True,True,True,True,False,True,1.0,J C F M L K Q W B,9,1,correct,33204,39784,33203.63158265,39784.377817125,True,False
sub-002_ses-01_task-WorkingMemory_run-1_eeg.set,sub-002,,7,3,14,True,True,True,True,True,True,True,False,1.0,Q P J T Z K D C J,9,255,correct,39791,45631,39791.17781322501,45631.4494714,True,False
sub-002_ses-01_task-WorkingMemory_run-1_eeg.set,sub-002,,8,5,14,True,True,True,True,True,True,True,False,1.0,B H D R N Z V L R,9,1,correct,45637,51900,45636.74946835,51900.47088422501,True,False
sub-002_ses-01_task-WorkingMemory_run-1_eeg.set,sub-002,,9,5,14,True,True,True,True,True,True,False,True,1.0,M G L Z B Y R C T,9,1,correct,51906,58090,51905.545881325,58090.467342275,True,False
sub-002_ses-01_task-WorkingMemory_run-1_eeg.set,sub-002,,10,5,14,True,True,True,True,True,True,True,False,1.0,K C J Y L D M S J,9,255,correct,58099,64109,58099.117337325,64109.113898375,True,False
sub-002_ses-01_task-WorkingMemory_run-1_eeg.set,sub-002,,11,5,14,True,True,True,True,True,True,True,False,1.0,D C L S J K H V L,9,1,correct,64116,70846,64116.463894174994,70846.310043325,True,False
sub-002_ses-01_task-WorkingMemory_run-1_eeg.set,sub-002,,12,7,14,True,True,True,True,True,True,True,False,1.0,W K M C Q G B T B,9,1,correct,70855,76872,70854.685038525,76871.60659562501,True,False
sub-002_ses-01_task-WorkingMemory_run-1_eeg.set,sub-002,,13,3,14,True,True,True,True,True,True,True,False,1.0,J Q D H X G C W D,9,1,correct,76876,83793,76876.28159295,83793.427634925,True,False
sub-002_ses-01_task-WorkingMemory_run-1_eeg.set,sub-002,,14,5,14,True,True,True,True,True,True,True,False,1.0,K Z J V R H M S R,9,1,correct,83799,91012,83798.97763175001,91011.92350445,True,False
sub-002_ses-01_task-WorkingMemory_run-1_eeg.set,sub-002,,15,5,14,True,True,True,True,True,True,True,False,1.0,L G Q F Z T R M L,9,1,correct,91019,97498,91018.873500475,97498.44479285,True,False
sub-002_ses-01_task-WorkingMemory_run-1_eeg.set,sub-002,,16,3,14,True,True,True,True,True,True,True,False,1.0,D M B Y H Q C G C,9,1,correct,97506,104071,97505.644788725,104070.616032225,True,False
sub-002_ses-01_task-WorkingMemory_run-1_eeg.set,sub-002,,17,7,14,True,True,True,True,True,True,True,False,1.0,W T M P G H Z N M,9,1,correct,104076,110392,104076.4160289,110392.262414925,True,False
sub-002_ses-01_task-WorkingMemory_run-1_eeg.set,sub-002,,18,7,14,True,True,True,True,True,True,False,True,1.0,W Z V D F X M Y G,9,1,correct,110400,117004,110399.6874107,117003.908631725,True,False
sub-002_ses-01_task-WorkingMemory_run-1_eeg.set,sub-002,,19,3,14,True,True,True,True,True,True,False,True,1.0,S Z F D G W V Q L,9,1,correct,117012,123767,117012.183626975,123767.129761775,True,False
sub-002_ses-01_task-WorkingMemory_run-1_eeg.set,sub-002,,20,7,14,True,True,True,True,True,True,False,True,1.0,X J N R S V Y H C,9,1,correct,123775,130247,123775.429757025,130247.00105395,True,False
sub-002_ses-01_task-WorkingMemory_run-1_eeg.set,sub-002,,21,3,14,True,True,True,True,True,True,True,False,1.0,P T Z Q V B X G V,9,1,correct,130254,136832,130253.951049975,136832.472285725,True,False
sub-002_ses-01_task-WorkingMemory_run-1_eeg.set,sub-002,,22,7,14,True,True,True,True,True,True,False,True,1.0,X C J H N D P S L,9,1,correct,136837,143431,136836.94728315002,143431.19350989998,True,False
sub-002_ses-01_task-WorkingMemory_run-1_eeg.set,sub-002,,23,3,14,True,True,True,True,True,True,True,False,1.0,J C L S G V R T V,9,1,correct,143437,150175,143436.94350660002,150174.96465107502,True,False
sub-002_ses-01_task-WorkingMemory_run-1_eeg.set,sub-002,,24,3,14,True,True,True,True,True,True,False,True,1.0,F B C R M J H T S,9,1,correct,150183,156273,150183.41464625002,156272.786161875,True,False
sub-002_ses-01_task-WorkingMemory_run-1_eeg.set,sub-002,,25,5,14,True,True,True,True,True,True,False,True,1.0,Z T M S Y V N H Q,9,1,correct,156280,161692,156280.48615747498,161691.6080612,True,False
sub-002_ses-01_task-WorkingMemory_run-2_eeg.set,sub-002,,1,3,14,True,True,True,True,True,True,True,False,1.0,C V W H N X R M R,9,1,correct,1090,7725,1090.0,7724.8715261,True,False
sub-002_ses-01_task-WorkingMemory_run-2_eeg.set,sub-002,,2,7,14,True,True,True,True,True,True,False,True,1.0,P W F S Z T K Q L,9,1,correct,7732,13407,7731.6964968,13407.247139875,True,False
sub-002_ses-01_task-WorkingMemory_run-2_eeg.set,sub-002,,3,7,14,True,True,True,True,True,True,True,False,1.0,Y D Q V G L F S G,9,1,correct,13414,20369,13413.822111675,20368.517265225,True,False
sub-002_ses-01_task-WorkingMemory_run-2_eeg.set,sub-002,,4,3,14,True,True,True,True,True,True,False,True,1.0,P X B Z H V R F Q,9,1,correct,20374,26242,20374.24224065,26242.067058575,True,False
sub-002_ses-01_task-WorkingMemory_run-2_eeg.set,sub-002,,5,5,14,True,True,True,True,True,True,True,False,1.0,R C X H N P M L P,9,255,correct,26249,33269,26249.067028525,33269.311900775,True,False
sub-002_ses-01_task-WorkingMemory_run-2_eeg.set,sub-002,,6,5,14,True,True,True,True,True,True,False,True,1.0,V C H M D Q Z Y J,9,1,correct,33276,39262,33276.48687,39261.611184525,True,False
sub-002_ses-01_task-WorkingMemory_run-2_eeg.set,sub-002,,7,7,14,True,True,True,True,True,True,False,True,1.0,M Q W B Z D R L Y,9,1,correct,39269,46427,39268.811153625,46427.35543235,True,False
sub-002_ses-01_task-WorkingMemory_run-2_eeg.set,sub-002,,8,5,14,True,True,True,True,True,True,True,False,1.0,H T X V F K C G X,9,255,correct,46434,52255,46434.20540295,52254.9054231,True,False
sub-002_ses-01_task-WorkingMemory_run-2_eeg.set,sub-002,,9,3,14,True,True,True,True,True,True,True,False,1.0,Y C P K R W H L K,9,1,correct,52263,60429,52263.055388125,60429.37034195,True,False
sub-002_ses-01_task-WorkingMemory_run-2_eeg.set,sub-002,,10,3,14,True,True,True,True,True,True,False,True,1.0,V W S R B N P Z X,9,255,correct,60435,69138,60434.52031985,69137.882968925,True,False
sub-002_ses-01_task-WorkingMemory_run-2_eeg.set,sub-002,,11,3,14,True,True,True,True,True,True,True,False,1.0,N B T S X C Q R S,9,255,correct,69146,75565,69146.1829333,75565.45538465,True,False
sub-002_ses-01_task-WorkingMemory_run-2_eeg.set,sub-002,,12,3,14,True,True,True,True,True,True,True,False,1.0,P K B Y D M C F P,9,255,correct,75570,82876,75570.180364375,82876.474009025,True,False
sub-002_ses-01_task-WorkingMemory_run-2_eeg.set,sub-002,,13,7,14,True,True,True,True,True,True,False,True,1.0,P Q S W D F C H X,9,1,correct,82883,88276,82882.54898295,88275.72583785,True,False
sub-002_ses-01_task-WorkingMemory_run-2_eeg.set,sub-002,,14,5,14,True,True,True,True,True,True,True,False,1.0,M F G K Z Q Y N K,9,255,correct,88284,95462,88283.95080255001,95461.544999525,True,False
sub-002_ses-01_task-WorkingMemory_run-2_eeg.set,sub-002,,15,5,14,True,True,True,True,True,True,False,True,1.0,F C J Q T S M N Z,9,1,correct,95466,102614,95466.344978925,102614.4393025,True,False
sub-002_ses-01_task-WorkingMemory_run-2_eeg.set,sub-002,,16,7,14,True,True,True,True,True,True,True,False,1.0,B N R G Y Z M X Z,9,255,correct,102619,108350,102619.2392819,108349.9646882,True,False
sub-002_ses-01_task-WorkingMemory_run-2_eeg.set,sub-002,,17,3,14,True,True,True,True,True,True,False,True,1.0,P R K W C Z Y X B,9,1,correct,108356,114389,108355.839662975,114388.763772375,True,False
sub-002_ses-01_task-WorkingMemory_run-2_eeg.set,sub-002,,18,5,14,True,True,True,True,True,True,False,True,1.0,K S P F D L T Z Q,9,1,correct,114394,121060,114394.413748125,121060.460140425,True,False
sub-002_ses-01_task-WorkingMemory_run-2_eeg.set,sub-002,,19,5,14,True,True,True,True,True,True,False,True,1.0,T Y K Z F Q G W L,9,1,correct,121065,127950,121065.3601194,127949.75557465,True,False
sub-002_ses-01_task-WorkingMemory_run-2_eeg.set,sub-002,,20,3,14,True,True,True,True,True,True,True,False,1.0,S N R X M T B G R,9,1,correct,127955,134542,127954.55555405,134542.47728165,True,False
sub-002_ses-01_task-WorkingMemory_run-2_eeg.set,sub-002,,21,7,14,True,True,True,True,True,True,False,True,1.0,Q P H R X C S V Z,9,1,correct,134550,140891,134550.02724925,140891.27503545,True,False
sub-002_ses-01_task-WorkingMemory_run-2_eeg.set,sub-002,,22,7,14,True,True,True,True,True,True,True,False,1.0,H D W Y K P X V X,9,255,correct,140899,147524,140898.550004225,147523.5715726,True,False
sub-002_ses-01_task-WorkingMemory_run-2_eeg.set,sub-002,,23,7,14,True,True,True,True,True,True,True,False,1.0,W L D J C F V S S,9,255,correct,147532,153852,147532.021536325,153852.494411675,True,False
sub-002_ses-01_task-WorkingMemory_run-2_eeg.set,sub-002,,24,3,14,True,True,True,True,True,True,True,False,1.0,D B G J W L K C L,9,255,correct,153860,160656,153859.51938152502,160655.99021412502,True,False
sub-002_ses-01_task-WorkingMemory_run-2_eeg.set,sub-002,,25,5,14,True,True,True,True,True,True,True,False,1.0,Q M C X S W R H Q,9,255,correct,160660,166925,160660.465194925,166925.46330835,True,False
sub-002_ses-01_task-WorkingMemory_run-3_eeg.set,sub-002,,1,3,14,True,True,True,True,True,True,True,False,1.0,D C R G Z X L K K,9,255,correct,932,8684,932.0,8683.781518275,True,False
sub-002_ses-01_task-WorkingMemory_run-3_eeg.set,sub-002,,2,3,14,True,True,True,True,True,True,True,False,1.0,B F H R Z G M V B,9,255,correct,8688,15652,8688.331507425,15651.964904775,True,False
sub-002_ses-01_task-WorkingMemory_run-3_eeg.set,sub-002,,3,7,14,True,True,True,True,True,True,True,False,1.0,J T V D X G N R R,9,255,correct,15657,22060,15657.01489275,22059.7496274,True,False
sub-002_ses-01_task-WorkingMemory_run-3_eeg.set,sub-002,,4,7,14,True,True,True,True,True,True,True,False,1.0,Y S N M F Q H W N,9,255,correct,22064,30373,22064.3246165,30372.679807775,True,False
sub-002_ses-01_task-WorkingMemory_run-3_eeg.set,sub-002,,5,7,14,True,True,True,True,True,True,False,True,1.0,J T L X S G Q R Y,9,1,correct,30378,36431,30378.004795075,36431.0403635,True,False
sub-002_ses-01_task-WorkingMemory_run-3_eeg.set,sub-002,,6,5,14,True,True,True,True,True,True,True,False,1.0,Z C R F Q V P N F,9,255,correct,36437,42654,36437.315348525,42654.200526275,True,False
sub-002_ses-01_task-WorkingMemory_run-3_eeg.set,sub-002,,7,5,14,True,True,True,True,True,True,True,False,1.0,Z W T R H L D J H,9,1,correct,42660,48765,42660.12551215,48765.26095635,True,False
sub-002_ses-01_task-WorkingMemory_run-3_eeg.set,sub-002,,8,7,14,True,True,True,True,True,True,True,False,1.0,K G J Z H D P V G,9,1,correct,48770,57546,48769.6859458,57546.190020925,True,False
sub-002_ses-01_task-WorkingMemory_run-3_eeg.set,sub-002,,9,3,14,True,True,True,True,True,True,False,True,1.0,P M D Z B R N G F,9,255,correct,57553,64059,57552.840005075,64059.3994922,True,False
sub-002_ses-01_task-WorkingMemory_run-3_eeg.set,sub-002,,10,3,14,True,True,True,True,True,True,False,True,1.0,G L X P H M N R Z,9,1,correct,64065,70276,64064.8494792,70275.959670725,True,False
sub-002_ses-01_task-WorkingMemory_run-3_eeg.set,sub-002,,11,5,14,True,True,True,True,True,True,True,False,1.0,H B Q K S R T J Q,9,1,correct,70283,79888,70283.384653025,79887.586754775,True,False
sub-002_ses-01_task-WorkingMemory_run-3_eeg.set,sub-002,,12,5,14,True,True,True,True,True,True,False,True,1.0,D Q G M P V F T B,9,1,correct,79896,89308,79896.161734325,89308.0392946,True,False
sub-002_ses-01_task-WorkingMemory_run-3_eeg.set,sub-002,,13,7,14,True,True,True,True,True,True,True,False,1.0,W D R Z M T H L W,9,1,correct,89316,99328,89316.2142751,99328.265404475,True,False
sub-002_ses-01_task-WorkingMemory_run-3_eeg.set,sub-002,,14,5,14,True,True,True,True,True,True,False,True,1.0,J S Y T P F M K V,9,1,correct,99335,105611,99335.44038735,105610.675426,True,False
sub-002_ses-01_task-WorkingMemory_run-3_eeg.set,sub-002,,15,7,14,True,True,True,True,True,True,True,False,1.0,Z X S Y C V T W V,9,255,correct,105617,113099,105616.975410975,113099.4575713,True,False
sub-002_ses-01_task-WorkingMemory_run-3_eeg.set,sub-002,,16,7,14,True,True,True,True,True,True,True,False,1.0,P Y R T B G V M P,9,255,correct,113105,119745,113105.0825579,119744.5167282,True,False
sub-002_ses-01_task-WorkingMemory_run-3_eeg.set,sub-002,,17,7,14,True,True,True,True,True,True,False,True,1.0,F M B N L X J Y P,9,1,correct,119751,126706,119751.04171265,126706.0001307,True,False
sub-002_ses-01_task-WorkingMemory_run-3_eeg.set,sub-002,,18,3,14,True,True,True,True,True,True,True,False,1.0,H M W N G B T L T,9,255,correct,126712,133628,126711.5001176,133627.93362747502,True,False
sub-002_ses-01_task-WorkingMemory_run-3_eeg.set,sub-002,,19,3,14,True,True,True,True,True,True,False,True,1.0,R X S P N D G J M,9,1,correct,133634,140471,133633.933613175,140470.742312925,True,False
sub-002_ses-01_task-WorkingMemory_run-3_eeg.set,sub-002,,20,7,14,True,True,True,True,True,True,True,False,1.0,Y W S J P C D K C,9,255,correct,140477,147630,140476.867298325,147630.025243825,True,False
sub-002_ses-01_task-WorkingMemory_run-3_eeg.set,sub-002,,21,3,14,True,True,True,True,True,True,False,True,1.0,D V G H P J M Z Y,9,255,correct,147638,154354,147638.27522414998,154354.13421225,True,False
sub-002_ses-01_task-WorkingMemory_run-3_eeg.set,sub-002,,22,5,14,True,True,True,True,True,True,False,True,1.0,L F M J K N R H G,9,255,correct,154360,161171,154359.75919885002,161170.5179607,True,False
sub-002_ses-01_task-WorkingMemory_run-3_eeg.set,sub-002,,23,5,14,True,True,True,True,True,True,False,True,1.0,C P X Z T Y J B H,9,1,correct,161178,168686,161177.692943575,168685.70004305,True,False
sub-002_ses-01_task-WorkingMemory_run-3_eeg.set,sub-002,,24,5,14,True,True,True,True,True,True,True,False,1.0,V W Q S T Z K X W,9,1,correct,168691,177361,168691.0500303,177361.0793593,True,False
sub-002_ses-01_task-WorkingMemory_run-3_eeg.set,sub-002,,25,3,14,True,True,True,True,True,True,True,False,1.0,K H L V R C J Y R,9,255,correct,177369,183360,177369.22933985,183359.9650568,True,False
sub-002_ses-01_task-WorkingMemory_run-4_eeg.set,sub-002,,1,5,14,True,True,True,True,True,True,False,True,1.0,J Q K F Z W M H B,9,1,correct,601,6877,601.0,6877.258240550001,True,False
sub-002_ses-01_task-WorkingMemory_run-4_eeg.set,sub-002,,2,7,14,True,True,True,True,True,True,False,True,1.0,L K G Z H W M D Q,9,1,correct,6883,13311,6882.53322645,13311.3160597,True,False
sub-002_ses-01_task-WorkingMemory_run-4_eeg.set,sub-002,,3,5,14,True,True,True,True,True,True,True,False,1.0,M R L X G W F D F,9,255,correct,13319,20853,13318.79103975,20852.895921450003,True,False
sub-002_ses-01_task-WorkingMemory_run-4_eeg.set,sub-002,,4,7,14,True,True,True,True,True,True,True,False,1.0,K G D H R T V N D,9,1,correct,20857,26872,20857.3709095,26871.629849675,True,False
sub-002_ses-01_task-WorkingMemory_run-4_eeg.set,sub-002,,5,5,14,True,True,True,True,True,True,True,False,1.0,Q W C K J P V M M,9,1,correct,26879,32350,26879.204829425,32349.8152213,True,False
sub-002_ses-01_task-WorkingMemory_run-4_eeg.set,sub-002,,6,3,14,True,True,True,True,True,True,False,True,1.0,D N K H J C B M S,9,1,correct,32356,39760,32355.865205125003,39759.5204352,True,False
sub-002_ses-01_task-WorkingMemory_run-4_eeg.set,sub-002,,7,3,14,True,True,True,True,True,True,True,False,1.0,D H G C S N M F S,9,255,correct,39765,45785,39764.7204213,45784.754346025,True,False
sub-002_ses-01_task-WorkingMemory_run-4_eeg.set,sub-002,,8,3,14,True,True,True,True,True,True,True,False,1.0,S T G N W J F H N,9,1,correct,45790,53722,45790.304331224994,53721.88315155,True,False
sub-002_ses-01_task-WorkingMemory_run-4_eeg.set,sub-002,,9,3,14,True,True,True,True,True,True,False,True,1.0,Y T W N J V Z C B,9,1,correct,53727,61666,53727.083137675,61665.61193945,True,False
sub-002_ses-01_task-WorkingMemory_run-4_eeg.set,sub-002,,10,7,14,True,True,True,True,True,True,False,True,1.0,Y V F R C Z Q D K,9,1,correct,61672,68983,61672.136922025,68983.11739955,True,False
sub-002_ses-01_task-WorkingMemory_run-4_eeg.set,sub-002,,11,5,14,True,True,True,True,True,True,True,False,1.0,G K M D R C B Y Y,9,1,correct,68988,77665,68988.4923852,77665.21921577501,True,False
sub-002_ses-01_task-WorkingMemory_run-4_eeg.set,sub-002,,12,5,14,True,True,True,True,True,True,False,True,1.0,V L S M R D N Q K,9,1,correct,77671,83954,77671.144199975,83954.1774224,True,False
sub-002_ses-01_task-WorkingMemory_run-4_eeg.set,sub-002,,13,3,14,True,True,True,True,True,True,False,True,1.0,Z M P N F L D H J,9,255,correct,83961,91542,83960.92740437499,91541.7321614,True,False
sub-002_ses-01_task-WorkingMemory_run-4_eeg.set,sub-002,,14,7,14,True,True,True,True,True,True,False,True,1.0,Z P W Q B G J M V,9,1,correct,91550,97402,91549.7821399,97402.141512375,True,False
sub-002_ses-01_task-WorkingMemory_run-4_eeg.set,sub-002,,15,5,14,True,True,True,True,True,True,False,True,1.0,R B Y C Q F N L Z,9,1,correct,97408,105787,97407.8664971,105787.2691216,True,False
sub-002_ses-01_task-WorkingMemory_run-4_eeg.set,sub-002,,16,5,14,True,True,True,True,True,True,True,False,1.0,K C Z M L F G Y L,9,1,correct,105793,113474,105792.844106725,113473.59859685,True,False
sub-002_ses-01_task-WorkingMemory_run-4_eeg.set,sub-002,,17,5,14,True,True,True,True,True,True,False,True,1.0,M V G F R X W Y J,9,1,correct,113478,122096,113478.1485847,122096.000572475,True,False
sub-002_ses-01_task-WorkingMemory_run-4_eeg.set,sub-002,,18,7,14,True,True,True,True,True,True,False,True,1.0,L C Z M T B G K D,9,1,correct,122102,129894,122102.07555625,129894.429748375,True,False
sub-002_ses-01_task-WorkingMemory_run-4_eeg.set,sub-002,,19,7,14,True,True,True,True,True,True,True,False,1.0,Z N K G B M Y R K,9,1,correct,129900,137719,129900.379732475,137719.35885350002,True,False
sub-002_ses-01_task-WorkingMemory_run-4_eeg.set,sub-002,,20,7,14,True,True,True,True,True,True,True,False,1.0,P L H K B Q T J H,9,1,correct,137724,144898,137723.933841275,144898.28968365,True,False
sub-002_ses-01_task-WorkingMemory_run-4_eeg.set,sub-002,,21,3,14,True,True,True,True,True,True,False,True,1.0,F S M D Y N Q K R,9,1,correct,144906,151161,144906.33966215,151160.77296094998,True,False
sub-002_ses-01_task-WorkingMemory_run-4_eeg.set,sub-002,,22,5,14,True,True,True,True,True,True,False,True,1.0,H W Z Q F T S M B,9,1,correct,151167,158570,151166.62294532498,158570.3531752,True,False
sub-002_ses-01_task-WorkingMemory_run-4_eeg.set,sub-002,,23,3,14,True,True,True,True,True,True,True,False,1.0,Z K H P C S V X C,9,255,correct,158575,164780,158575.228162175,164780.2615929,True,False
sub-002_ses-01_task-WorkingMemory_run-4_eeg.set,sub-002,,24,3,14,True,True,True,True,True,True,False,True,1.0,S G N B L Q Z P X,9,1,correct,164786,172374,164785.536578825,172374.416314275,True,False
sub-002_ses-01_task-WorkingMemory_run-4_eeg.set,sub-002,,25,7,14,True,True,True,True,True,True,False,True,1.0,F W C R N Q H S J,9,1,correct,172383,180213,172382.8662917,180212.520384225,True,False
sub-003_ses-01_task-WorkingMemory_run-1_eeg.set,sub-003,,1,5,14,True,True,True,True,True,True,True,False,1.0,B H D R N Z V L R,9,1,correct,772,7968,772.0,7967.77804015,True,False
sub-003_ses-01_task-WorkingMemory_run-1_eeg.set,sub-003,,2,3,14,True,True,True,True,True,True,True,False,1.0,D M B Y H Q C G C,9,1,correct,7975,15548,7975.378016975,15547.629908225,True,False
sub-003_ses-01_task-WorkingMemory_run-1_eeg.set,sub-003,,3,7,14,True,True,True,True,True,True,True,False,1.0,W T M P G H Z N M,9,1,correct,15556,22073,15555.704883575,22072.959994425,True,False
sub-003_ses-01_task-WorkingMemory_run-1_eeg.set,sub-003,,4,7,14,True,True,True,True,True,True,False,True,1.0,W Z V D F X M Y G,9,1,correct,22080,29205,22080.2099723,29204.713229975,True,False
sub-003_ses-01_task-WorkingMemory_run-1_eeg.set,sub-003,,5,3,14,True,True,True,True,True,True,False,True,1.0,S Z F D G W V Q L,9,1,correct,29212,35756,29212.363206625,35756.46823555,True,False
sub-003_ses-01_task-WorkingMemory_run-1_eeg.set,sub-003,,6,5,14,True,True,True,True,True,True,True,False,1.0,S C G P F M J L G,9,1,correct,35762,43475,35761.84321915,43474.91968062501,True,False
sub-003_ses-01_task-WorkingMemory_run-1_eeg.set,sub-003,,7,3,14,True,True,True,True,True,True,True,False,1.0,Q P J T Z K D C J,9,1,correct,43481,50047,43480.669663075,50046.54962555,True,False
sub-003_ses-01_task-WorkingMemory_run-1_eeg.set,sub-003,,8,7,14,True,True,True,True,True,True,True,False,1.0,C Z L K R G B T Z,9,1,correct,50051,56453,50051.1496115,56453.405073325,True,False
sub-003_ses-01_task-WorkingMemory_run-1_eeg.set,sub-003,,9,5,14,True,True,True,True,True,True,True,False,1.0,K Z J V R H M S R,9,1,correct,56458,62814,56458.40505805,62814.160661775,True,False
sub-003_ses-01_task-WorkingMemory_run-1_eeg.set,sub-003,,10,5,14,True,True,True,True,True,True,True,False,1.0,D C L S J K H V L,9,1,correct,62819,70295,62819.435645675,70295.4878305,True,False
sub-003_ses-01_task-WorkingMemory_run-1_eeg.set,sub-003,,11,3,14,True,True,True,True,True,True,True,False,1.0,J C L S G V R T V,9,1,correct,70304,76498,70303.53780594999,76498.068901675,True,False
sub-003_ses-01_task-WorkingMemory_run-1_eeg.set,sub-003,,12,5,14,True,True,True,True,True,True,True,False,1.0,K C J Y L D M S J,9,1,correct,76505,83426,76505.31887955,83425.772759925,True,False
sub-003_ses-01_task-WorkingMemory_run-1_eeg.set,sub-003,,13,5,14,True,True,True,True,True,True,True,False,1.0,L G Q F Z T R M L,9,1,correct,83432,89727,83432.047740775,89727.2785292,True,False
sub-003_ses-01_task-WorkingMemory_run-1_eeg.set,sub-003,,14,5,14,True,True,True,True,True,True,False,True,1.0,Z T M S Y V N H Q,9,1,correct,89734,95917,89734.30350777501,95916.75964035,True,False
sub-003_ses-01_task-WorkingMemory_run-1_eeg.set,sub-003,,15,5,14,True,True,True,True,True,True,False,True,1.0,M G L Z B Y R C T,9,1,correct,95924,103800,95923.584619525,103800.285581675,True,False
sub-003_ses-01_task-WorkingMemory_run-1_eeg.set,sub-003,,16,3,14,True,True,True,True,True,True,True,False,1.0,J Q D H X G C W D,9,1,correct,103806,109733,103805.63556535,109732.842476875,True,False
sub-003_ses-01_task-WorkingMemory_run-1_eeg.set,sub-003,,17,7,14,True,True,True,True,True,True,False,True,1.0,J C F M L K Q W B,9,1,correct,109739,115843,109739.467456675,115843.373828975,True,False
sub-003_ses-01_task-WorkingMemory_run-1_eeg.set,sub-003,,18,5,14,True,True,True,True,True,True,False,True,1.0,K W Z Q D C M P J,9,1,correct,115849,122745,115849.04881165,122744.85276725,True,False
sub-003_ses-01_task-WorkingMemory_run-1_eeg.set,sub-003,,19,3,14,True,True,True,True,True,True,True,False,1.0,D Y T J M K B F B,9,1,correct,122750,130569,122750.452750175,130569.178889225,True,False
sub-003_ses-01_task-WorkingMemory_run-1_eeg.set,sub-003,,20,7,14,True,True,True,True,True,True,False,True,1.0,X C J H N D P S L,9,1,correct,130574,136798,130574.0038745,136798.309879375,True,False
sub-003_ses-01_task-WorkingMemory_run-1_eeg.set,sub-003,,21,7,14,True,True,True,True,True,True,True,False,1.0,W K M C Q G B T B,9,1,correct,136805,143232,136805.2848581,143231.79024590002,True,False
sub-003_ses-01_task-WorkingMemory_run-1_eeg.set,sub-003,,22,7,14,True,True,True,True,True,True,False,True,1.0,T H X S W Q K D F,9,1,correct,143238,150806,143237.565228275,150805.61713235,True,False
sub-003_ses-01_task-WorkingMemory_run-1_eeg.set,sub-003,,23,3,14,True,True,True,True,True,True,True,False,1.0,P T Z Q V B X G V,9,1,correct,150814,156896,150813.64210785,156896.323544925,True,False
sub-003_ses-01_task-WorkingMemory_run-1_eeg.set,sub-003,,24,3,14,True,True,True,True,True,True,False,True,1.0,F B C R M J H T S,9,1,correct,156902,164200,156902.47352615,164199.90125609998,True,False
sub-003_ses-01_task-WorkingMemory_run-1_eeg.set,sub-003,,25,7,14,True,True,True,True,True,True,False,True,1.0,X J N R S V Y H C,9,1,correct,164206,170001,164206.32623650003,170000.55855385,True,False
sub-003_ses-01_task-WorkingMemory_run-2_eeg.set,sub-003,,1,5,14,True,True,True,True,True,True,True,False,1.0,H T X V F K C G X,9,1,correct,5835,12546,5835.0,12546.01347975,True,False
sub-003_ses-01_task-WorkingMemory_run-2_eeg.set,sub-003,,2,7,14,True,True,True,True,True,True,True,False,1.0,B N R G Y Z M X Z,9,1,correct,12552,19013,12552.238469075,19012.527379225,True,False
sub-003_ses-01_task-WorkingMemory_run-2_eeg.set,sub-003,,3,3,14,True,True,True,True,True,True,True,False,1.0,N B T S X C Q R S,9,255,correct,19018,25176,19018.2523694,25175.941799025,True,False
sub-003_ses-01_task-WorkingMemory_run-2_eeg.set,sub-003,,4,7,14,True,True,True,True,True,True,False,True,1.0,Q P H R X C S V Z,9,1,correct,25182,31860,25182.316788075,31860.130324825,True,False
sub-003_ses-01_task-WorkingMemory_run-2_eeg.set,sub-003,,5,5,14,True,True,True,True,True,True,False,True,1.0,V C H M D Q Z Y J,9,1,correct,31866,38030,31866.0303147,38030.169733225,True,False
sub-003_ses-01_task-WorkingMemory_run-2_eeg.set,sub-003,,6,5,14,True,True,True,True,True,True,False,True,1.0,F C J Q T S M N Z,9,1,correct,38038,46692,38038.3447192,46691.954864275,True,False
sub-003_ses-01_task-WorkingMemory_run-2_eeg.set,sub-003,,7,3,14,True,True,True,True,True,True,False,True,1.0,P R K W C Z Y X B,9,1,correct,46700,52466,46700.0298504,52466.34495185,True,False
sub-003_ses-01_task-WorkingMemory_run-2_eeg.set,sub-003,,8,7,14,True,True,True,True,True,True,False,True,1.0,P Q S W D F C H X,9,1,correct,52474,58366,52474.394938025005,58365.959824475,True,False
sub-003_ses-01_task-WorkingMemory_run-2_eeg.set,sub-003,,9,5,14,True,True,True,True,True,True,False,True,1.0,K S P F D L T Z Q,9,1,correct,58374,67430,58374.48480985,67429.569265725,True,False
sub-003_ses-01_task-WorkingMemory_run-2_eeg.set,sub-003,,10,7,14,True,True,True,True,True,True,True,False,1.0,H D W Y K P X V X,9,1,correct,67434,73184,67434.119257925,73184.234387175,True,False
sub-003_ses-01_task-WorkingMemory_run-2_eeg.set,sub-003,,11,5,14,True,True,True,True,True,True,True,False,1.0,M F G K Z Q Y N K,9,1,correct,73192,79196,73191.73437430001,79195.999067275,True,False
sub-003_ses-01_task-WorkingMemory_run-2_eeg.set,sub-003,,12,3,14,True,True,True,True,True,True,True,False,1.0,S N R X M T B G R,9,1,correct,79201,88418,79200.82405899999,88418.20823627501,True,False
sub-003_ses-01_task-WorkingMemory_run-2_eeg.set,sub-003,,13,3,14,True,True,True,True,True,True,True,False,1.0,P K B Y D M C F P,9,1,correct,88424,96230,88423.9082265,96229.619827075,True,False
sub-003_ses-01_task-WorkingMemory_run-2_eeg.set,sub-003,,14,7,14,True,True,True,True,True,True,False,True,1.0,M Q W B Z D R L Y,9,1,correct,96235,102162,96234.9698179,102162.459642675,True,False
sub-003_ses-01_task-WorkingMemory_run-2_eeg.set,sub-003,,15,3,14,True,True,True,True,True,True,True,False,1.0,Y C P K R W H L K,9,1,correct,102169,109038,102168.5596322,109038.072839875,True,False
sub-003_ses-01_task-WorkingMemory_run-2_eeg.set,sub-003,,16,3,14,True,True,True,True,True,True,True,False,1.0,D B G J W L K C L,9,1,correct,109045,115076,109045.02282795,115076.412474375,True,False
sub-003_ses-01_task-WorkingMemory_run-2_eeg.set,sub-003,,17,3,14,True,True,True,True,True,True,False,True,1.0,P X B Z H V R F Q,9,1,correct,115083,120957,115083.337462475,120956.602380325,True,False
sub-003_ses-01_task-WorkingMemory_run-2_eeg.set,sub-003,,18,7,14,True,True,True,True,True,True,False,True,1.0,P W F S Z T K Q L,9,1,correct,120962,129329,120962.4523703,129328.76300855,True,False
sub-003_ses-01_task-WorkingMemory_run-2_eeg.set,sub-003,,19,5,14,True,True,True,True,True,True,False,True,1.0,T Y K Z F Q G W L,9,1,correct,129335,136482,129334.912997975,136481.55072995002,True,False
sub-003_ses-01_task-WorkingMemory_run-2_eeg.set,sub-003,,20,7,14,True,True,True,True,True,True,True,False,1.0,W L D J C F V S S,9,1,correct,136488,142474,136488.10071869998,142474.14044297498,True,False
sub-003_ses-01_task-WorkingMemory_run-2_eeg.set,sub-003,,21,7,14,True,True,True,True,True,True,True,False,1.0,Y D Q V G L F S G,9,1,correct,142480,149785,142480.4154322,149785.177892725,True,False
sub-003_ses-01_task-WorkingMemory_run-2_eeg.set,sub-003,,22,5,14,True,True,True,True,True,True,True,False,1.0,R C X H N P M L P,9,1,correct,149793,155679,149792.5278801,155678.94277537498,True,False
sub-003_ses-01_task-WorkingMemory_run-2_eeg.set,sub-003,,23,3,14,True,True,True,True,True,True,False,True,1.0,V W S R B N P Z X,9,1,correct,155684,162377,155684.392766025,162377.006277375,True,False
sub-003_ses-01_task-WorkingMemory_run-2_eeg.set,sub-003,,24,5,14,True,True,True,True,True,True,True,False,1.0,Q M C X S W R H Q,9,1,correct,162385,170413,162384.88126385,170413.392481975,True,False
sub-003_ses-01_task-WorkingMemory_run-2_eeg.set,sub-003,,25,3,14,True,True,True,True,True,True,True,False,1.0,C V W H N X R M R,9,1,correct,170418,175938,170417.89247425,175937.957998425,True,False
sub-003_ses-01_task-WorkingMemory_run-3_eeg.set,sub-003,,0,0,1,False,False,True,False,False,False,False,False,1.0,,0,255,,657,657,657.0,657.0,False,False
sub-003_ses-01_task-WorkingMemory_run-3_eeg.set,sub-003,,1,5,14,True,True,True,True,True,True,False,True,1.0,J S Y T P F M K V,9,1,correct,912,9364,912.423976925,9363.6901258,True,False
sub-003_ses-01_task-WorkingMemory_run-3_eeg.set,sub-003,,2,7,14,True,True,True,True,True,True,True,False,1.0,J T V D X G N R R,9,1,correct,9369,17373,9368.840105175,17372.508046900002,True,False
sub-003_ses-01_task-WorkingMemory_run-3_eeg.set,sub-003,,3,5,14,True,True,True,True,True,True,False,True,1.0,L F M J K N R H G,9,1,correct,17381,25302,17380.85801345,25302.126285225,True,False
sub-003_ses-01_task-WorkingMemory_run-3_eeg.set,sub-003,,4,5,14,True,True,True,True,True,True,False,True,1.0,C P X Z T Y J B H,9,1,correct,25309,31472,25309.126257175,31471.8015729,True,False
sub-003_ses-01_task-WorkingMemory_run-3_eeg.set,sub-003,,5,3,14,True,True,True,True,True,True,True,False,1.0,D C R G Z X L K K,9,1,correct,31477,37167,31477.426550375,37166.778761975,True,False
sub-003_ses-01_task-WorkingMemory_run-3_eeg.set,sub-003,,6,7,14,True,True,True,True,True,True,False,True,1.0,F M B N L X J Y P,9,1,correct,37172,43224,37172.05374085,43224.27949897501,True,False
sub-003_ses-01_task-WorkingMemory_run-3_eeg.set,sub-003,,7,5,14,True,True,True,True,True,True,True,False,1.0,H B Q K S R T J Q,9,255,correct,43231,50106,43231.354470625,50105.751935575005,True,False
sub-003_ses-01_task-WorkingMemory_run-3_eeg.set,sub-003,,8,5,14,True,True,True,True,True,True,False,True,1.0,D Q G M P V F T B,9,1,correct,50112,56025,50112.02691045,56024.978226425,True,False
sub-003_ses-01_task-WorkingMemory_run-3_eeg.set,sub-003,,9,7,14,True,True,True,True,True,True,True,False,1.0,Y S N M F Q H W N,9,255,correct,56033,63111,56033.1281938,63110.94984395,True,False
sub-003_ses-01_task-WorkingMemory_run-3_eeg.set,sub-003,,10,5,14,True,True,True,True,True,True,True,False,1.0,Z C R F Q V P N F,9,255,correct,63119,68945,63119.0248116,68944.55147775,True,False
sub-003_ses-01_task-WorkingMemory_run-3_eeg.set,sub-003,,11,3,14,True,True,True,True,True,True,True,False,1.0,H M W N G B T L T,9,1,correct,68952,74152,68952.1264474,74152.00561957501,True,False
sub-003_ses-01_task-WorkingMemory_run-3_eeg.set,sub-003,,12,7,14,True,True,True,True,True,True,True,False,1.0,K G J Z H D P V G,9,1,correct,74157,81772,74156.58060125,81772.050097875,True,False
sub-003_ses-01_task-WorkingMemory_run-3_eeg.set,sub-003,,13,7,14,True,True,True,True,True,True,True,False,1.0,P Y R T B G V M P,9,255,correct,81779,87316,81778.875070525,87315.62789335,True,False
sub-003_ses-01_task-WorkingMemory_run-3_eeg.set,sub-003,,14,3,14,True,True,True,True,True,True,False,True,1.0,P M D Z B R N G F,9,1,correct,87323,92905,87322.777864725,92905.3805039,True,False
sub-003_ses-01_task-WorkingMemory_run-3_eeg.set,sub-003,,15,3,14,True,True,True,True,True,True,True,False,1.0,B F H R Z G M V B,9,1,correct,92913,101330,92912.90547375,101329.571761225,True,False
sub-003_ses-01_task-WorkingMemory_run-3_eeg.set,sub-003,,16,5,14,True,True,True,True,True,True,True,False,1.0,V W Q S T Z K X W,9,1,correct,101336,107091,101335.621737,107090.648685525,True,False
sub-003_ses-01_task-WorkingMemory_run-3_eeg.set,sub-003,,17,7,14,True,True,True,True,True,True,True,False,1.0,Z X S Y C V T W V,9,1,correct,107097,113102,107097.4736582,113102.174606675,True,False
sub-003_ses-01_task-WorkingMemory_run-3_eeg.set,sub-003,,18,3,14,True,True,True,True,True,True,False,True,1.0,D V G H P J M Z Y,9,1,correct,113111,120768,113110.524573225,120768.16890095,True,False
sub-003_ses-01_task-WorkingMemory_run-3_eeg.set,sub-003,,19,3,14,True,True,True,True,True,True,False,True,1.0,G L X P H M N R Z,9,1,correct,120775,127623,120774.8438742,127623.3914427,True,False
sub-003_ses-01_task-WorkingMemory_run-3_eeg.set,sub-003,,20,7,14,True,True,True,True,True,True,True,False,1.0,Y W S J P C D K C,9,255,correct,127630,133325,127630.29141505,133325.093604825,True,False
sub-003_ses-01_task-WorkingMemory_run-3_eeg.set,sub-003,,21,7,14,True,True,True,True,True,True,True,False,1.0,W D R Z M T H L W,9,1,correct,133333,139903,133333.393571575,139903.4672555,True,False
sub-003_ses-01_task-WorkingMemory_run-3_eeg.set,sub-003,,22,7,14,True,True,True,True,True,True,False,True,1.0,J T L X S G Q R Y,9,1,correct,139908,147253,139908.142236775,147253.13781677498,True,False
sub-003_ses-01_task-WorkingMemory_run-3_eeg.set,sub-003,,23,3,14,True,True,True,True,True,True,True,False,1.0,K H L V R C J Y R,9,1,correct,147258,152625,147258.28779615,152625.316298775,True,False
sub-003_ses-01_task-WorkingMemory_run-3_eeg.set,sub-003,,24,3,14,True,True,True,True,True,True,False,True,1.0,R X S P N D G J M,9,1,correct,152630,158175,152630.41627835,158175.469067925,True,False
sub-003_ses-01_task-WorkingMemory_run-3_eeg.set,sub-003,,25,5,14,True,True,True,True,True,True,True,False,1.0,Z W T R H L D J H,9,255,correct,158183,163897,158182.5440396,163897.09615025,True,False
sub-003_ses-01_task-WorkingMemory_run-4_eeg.set,sub-003,,1,3,14,True,True,True,True,True,True,False,True,1.0,Y T W N J V Z C B,9,1,correct,1894,7723,1894.0,7722.63110065,True,False
sub-003_ses-01_task-WorkingMemory_run-4_eeg.set,sub-003,,2,5,14,True,True,True,True,True,True,True,False,1.0,M R L X G W F D F,9,1,correct,7727,12957,7727.106086125,12956.61412945,True,False
sub-003_ses-01_task-WorkingMemory_run-4_eeg.set,sub-003,,3,3,14,True,True,True,True,True,True,True,False,1.0,D H G C S N M F S,9,1,correct,12965,20168,12965.314101225,20168.040746375,True,False
sub-003_ses-01_task-WorkingMemory_run-4_eeg.set,sub-003,,4,5,14,True,True,True,True,True,True,True,False,1.0,K C Z M L F G Y L,9,1,correct,20173,26055,20172.690731275,26054.646659025,True,False
sub-003_ses-01_task-WorkingMemory_run-4_eeg.set,sub-003,,5,3,14,True,True,True,True,True,True,False,True,1.0,D N K H J C B M S,9,1,correct,26060,31836,26060.2966407,31835.677914025,True,False
sub-003_ses-01_task-WorkingMemory_run-4_eeg.set,sub-003,,6,5,14,True,True,True,True,True,True,False,True,1.0,V L S M R D N Q K,9,255,correct,31843,38573,31842.902890575,38572.556069675,True,False
sub-003_ses-01_task-WorkingMemory_run-4_eeg.set,sub-003,,7,7,14,True,True,True,True,True,True,True,False,1.0,P L H K B Q T J H,9,255,correct,38577,44426,38576.856055725,44426.1120895,True,False
sub-003_ses-01_task-WorkingMemory_run-4_eeg.set,sub-003,,8,3,14,True,True,True,True,True,True,False,True,1.0,F S M D Y N Q K R,9,1,correct,44431,50194,44430.962073775,50193.993387125,True,False
sub-003_ses-01_task-WorkingMemory_run-4_eeg.set,sub-003,,9,5,14,True,True,True,True,True,True,True,False,1.0,G K M D R C B Y Y,9,255,correct,50201,55936,50201.068364175,55935.524770175005,True,False
sub-003_ses-01_task-WorkingMemory_run-4_eeg.set,sub-003,,10,5,14,True,True,True,True,True,True,False,True,1.0,H W Z Q F T S M B,9,1,correct,55942,63866,55941.924749425,63865.7490564,True,False
sub-003_ses-01_task-WorkingMemory_run-4_eeg.set,sub-003,,11,7,14,True,True,True,True,True,True,True,False,1.0,Z N K G B M Y R K,9,1,correct,63870,69502,63870.199041975,69502.055780675,True,False
sub-003_ses-01_task-WorkingMemory_run-4_eeg.set,sub-003,,12,3,14,True,True,True,True,True,True,False,True,1.0,Z M P N F L D H J,9,1,correct,69511,76958,69510.60575295,76957.8566052,True,False
sub-003_ses-01_task-WorkingMemory_run-4_eeg.set,sub-003,,13,7,14,True,True,True,True,True,True,False,True,1.0,Z P W Q B G J M V,9,1,correct,76965,82390,76965.206581375,82389.7139924,True,False
sub-003_ses-01_task-WorkingMemory_run-4_eeg.set,sub-003,,14,3,14,True,True,True,True,True,True,False,True,1.0,S G N B L Q Z P X,9,1,correct,82396,88540,82396.13897155,88540.319049025,True,False
sub-003_ses-01_task-WorkingMemory_run-4_eeg.set,sub-003,,15,5,14,True,True,True,True,True,True,False,True,1.0,J Q K F Z W M H B,9,1,correct,88548,94243,88547.6690252,94242.550559525,True,False
sub-003_ses-01_task-WorkingMemory_run-4_eeg.set,sub-003,,16,5,14,True,True,True,True,True,True,True,False,1.0,Q W C K J P V M M,9,1,correct,94251,100228,94250.800532775,100228.25615085,True,False
sub-003_ses-01_task-WorkingMemory_run-4_eeg.set,sub-003,,17,7,14,True,True,True,True,True,True,False,True,1.0,L C Z M T B G K D,9,1,correct,100235,107829,100234.606130275,107829.131505,True,False
sub-003_ses-01_task-WorkingMemory_run-4_eeg.set,sub-003,,18,3,14,True,True,True,True,True,True,True,False,1.0,S T G N W J F H N,9,1,correct,107836,113380,107835.93148295,113379.788506975,True,False
sub-003_ses-01_task-WorkingMemory_run-4_eeg.set,sub-003,,19,5,14,True,True,True,True,True,True,False,True,1.0,M V G F R X W Y J,9,1,correct,113388,121409,113388.313479325,121409.2874713,True,False
sub-003_ses-01_task-WorkingMemory_run-4_eeg.set,sub-003,,20,5,14,True,True,True,True,True,True,False,True,1.0,R B Y C Q F N L Z,9,1,correct,121417,126868,121417.087446,126867.6947724,True,False
sub-003_ses-01_task-WorkingMemory_run-4_eeg.set,sub-003,,21,7,14,True,True,True,True,True,True,True,False,0.0,K G D H R T V N D,9,1,wrong,126873,133130,126872.9947552,133130.374465625,True,False
sub-003_ses-01_task-WorkingMemory_run-4_eeg.set,sub-003,,22,7,14,True,True,True,True,True,True,False,True,1.0,F W C R N Q H S J,9,1,correct,133138,139050,133137.77444165,139050.30527024998,True,False
sub-003_ses-01_task-WorkingMemory_run-4_eeg.set,sub-003,,23,7,14,True,True,True,True,True,True,False,True,1.0,L K G Z H W M D Q,9,1,correct,139059,145260,139058.88024245002,145260.285134375,True,False
sub-003_ses-01_task-WorkingMemory_run-4_eeg.set,sub-003,,24,3,14,True,True,True,True,True,True,True,False,1.0,Z K H P C S V X C,9,1,correct,145265,153132,145264.660120175,153131.559611725,True,False
sub-003_ses-01_task-WorkingMemory_run-4_eeg.set,sub-003,,25,7,14,True,True,True,True,True,True,False,True,1.0,Y V F R C Z Q D K,9,1,correct,153138,159539,153138.45958934998,159539.263834725,True,False
sub-004_ses-01_task-WorkingMemory_run-1_eeg.set,sub-004,,1,5,14,True,True,True,True,True,True,True,False,1.0,K C J Y L D M S J,9,1,correct,3714,9863,3714.0,9862.845093475002,True,False
sub-004_ses-01_task-WorkingMemory_run-1_eeg.set,sub-004,,2,3,14,True,True,True,True,True,True,True,False,1.0,J C L S G V R T V,9,1,correct,9870,16098,9869.7700598,16097.58976915,True,False
sub-004_ses-01_task-WorkingMemory_run-1_eeg.set,sub-004,,3,7,14,True,True,True,True,True,True,False,True,1.0,J C F M L K Q W B,9,1,correct,16105,24343,16105.0647328,24342.649667150003,True,False
sub-004_ses-01_task-WorkingMemory_run-1_eeg.set,sub-004,,4,5,14,True,True,True,True,True,True,True,False,1.0,K Z J V R H M S R,9,1,correct,24348,31533,24347.524643425,31533.0396948,True,False
sub-004_ses-01_task-WorkingMemory_run-1_eeg.set,sub-004,,5,5,14,True,True,True,True,True,True,False,True,1.0,Z T M S Y V N H Q,9,1,correct,31538,37168,31538.414668650003,37168.21228665,True,False
sub-004_ses-01_task-WorkingMemory_run-1_eeg.set,sub-004,,6,3,14,True,True,True,True,True,True,False,True,1.0,S Z F D G W V Q L,9,1,correct,37175,44023,37174.5372559,44022.57894865,True,False
sub-004_ses-01_task-WorkingMemory_run-1_eeg.set,sub-004,,7,7,14,True,True,True,True,True,True,True,False,1.0,W T M P G H Z N M,9,1,correct,44030,50943,44029.953912775,50943.02028925,True,False
sub-004_ses-01_task-WorkingMemory_run-1_eeg.set,sub-004,,8,5,14,True,True,True,True,True,True,False,True,1.0,K W Z Q D C M P J,9,1,correct,50948,56881,50948.370263225,56881.3164068,True,False
sub-004_ses-01_task-WorkingMemory_run-1_eeg.set,sub-004,,9,7,14,True,True,True,True,True,True,False,True,1.0,T H X S W Q K D F,9,1,correct,56886,62984,56886.21638295,62984.411722775,True,False
sub-004_ses-01_task-WorkingMemory_run-1_eeg.set,sub-004,,10,5,14,True,True,True,True,True,True,False,True,1.0,M G L Z B Y R C T,9,1,correct,62992,68626,62991.51168825,68626.28428205001,True,False
sub-004_ses-01_task-WorkingMemory_run-1_eeg.set,sub-004,,11,5,14,True,True,True,True,True,True,True,False,1.0,S C G P F M J L G,9,1,correct,68632,74993,68631.88425482501,74993.178315,True,False
sub-004_ses-01_task-WorkingMemory_run-1_eeg.set,sub-004,,12,7,14,True,True,True,True,True,True,True,False,1.0,C Z L K R G B T Z,9,1,correct,75001,81136,75001.128276325,81135.9734379,True,False
sub-004_ses-01_task-WorkingMemory_run-1_eeg.set,sub-004,,13,7,14,True,True,True,True,True,True,False,True,1.0,X J N R S V Y H C,9,1,correct,81144,86982,81144.4233968,86982.170003375,True,False
sub-004_ses-01_task-WorkingMemory_run-1_eeg.set,sub-004,,14,3,14,True,True,True,True,True,True,False,True,1.0,F B C R M J H T S,9,1,correct,86990,92407,86990.0199652,92406.6936198,True,False
sub-004_ses-01_task-WorkingMemory_run-1_eeg.set,sub-004,,15,5,14,True,True,True,True,True,True,True,False,1.0,D C L S J K H V L,9,1,correct,92412,98470,92412.41859195,98470.46412705,True,False
sub-004_ses-01_task-WorkingMemory_run-1_eeg.set,sub-004,,16,7,14,True,True,True,True,True,True,False,True,1.0,W Z V D F X M Y G,9,1,correct,98476,104402,98475.7391014,104402.43527535,True,False
sub-004_ses-01_task-WorkingMemory_run-1_eeg.set,sub-004,,17,7,14,True,True,True,True,True,True,False,True,1.0,X C J H N D P S L,9,1,correct,104410,110901,104409.5602407,110901.253666625,True,False
sub-004_ses-01_task-WorkingMemory_run-1_eeg.set,sub-004,,18,3,14,True,True,True,True,True,True,True,False,1.0,D M B Y H Q C G C,9,255,correct,110909,117123,110908.778630025,117123.09840505,True,False
sub-004_ses-01_task-WorkingMemory_run-1_eeg.set,sub-004,,19,3,14,True,True,True,True,True,True,True,False,1.0,J Q D H X G C W D,9,1,correct,117132,123345,117131.598363725,123344.9181436,True,False
sub-004_ses-01_task-WorkingMemory_run-1_eeg.set,sub-004,,20,3,14,True,True,True,True,True,True,True,False,1.0,P T Z Q V B X G V,9,1,correct,123350,131801,123350.093118425,131801.002015225,True,False
sub-004_ses-01_task-WorkingMemory_run-1_eeg.set,sub-004,,21,5,14,True,True,True,True,True,True,True,False,1.0,B H D R N Z V L R,9,1,correct,131806,138379,131806.27698957498,138378.670023,True,False
sub-004_ses-01_task-WorkingMemory_run-1_eeg.set,sub-004,,22,3,14,True,True,True,True,True,True,True,False,0.0,D Y T J M K B F B,9,1,wrong,138385,144535,138385.2699909,144534.515082425,True,False
sub-004_ses-01_task-WorkingMemory_run-1_eeg.set,sub-004,,23,5,14,True,True,True,True,True,True,True,False,1.0,L G Q F Z T R M L,9,1,correct,144541,150855,144541.0400507,150855.0593408,True,False
sub-004_ses-01_task-WorkingMemory_run-1_eeg.set,sub-004,,24,3,14,True,True,True,True,True,True,True,False,1.0,Q P J T Z K D C J,9,1,correct,150860,156985,150860.0593165,156984.57952827498,True,False
sub-004_ses-01_task-WorkingMemory_run-1_eeg.set,sub-004,,25,7,14,True,True,True,True,True,True,True,False,1.0,W K M C Q G B T B,9,1,correct,156991,162943,156990.604498975,162942.67554949998,True,False
sub-004_ses-01_task-WorkingMemory_run-2_eeg.set,sub-004,,1,0,4,True,False,True,True,False,False,False,False,0.0,,0,1,wrong,1971,4767,1971.0,4766.954266275,False,True
sub-004_ses-01_task-WorkingMemory_run-2_eeg.set,sub-004,,2,5,14,True,True,True,True,True,True,False,True,1.0,T Y K Z F Q G W L,9,1,correct,4774,12623,4774.329277525,12623.391254225,True,False
sub-004_ses-01_task-WorkingMemory_run-2_eeg.set,sub-004,,3,5,14,True,True,True,True,True,True,True,False,1.0,Q M C X S W R H Q,9,1,correct,12631,20203,12631.416266475,20203.2028201,True,False
sub-004_ses-01_task-WorkingMemory_run-2_eeg.set,sub-004,,4,5,14,True,True,True,True,True,True,True,False,1.0,M F G K Z Q Y N K,9,1,correct,20208,27598,20207.777827075,27598.46410435,True,False
sub-004_ses-01_task-WorkingMemory_run-2_eeg.set,sub-004,,5,5,14,True,True,True,True,True,True,False,True,1.0,F C J Q T S M N Z,9,1,correct,27604,34757,27603.9391127,34756.500026625,True,False
sub-004_ses-01_task-WorkingMemory_run-2_eeg.set,sub-004,,6,7,14,True,True,True,True,True,True,False,True,0.0,Q P H R X C S V Z,9,1,wrong,34761,41835,34761.10003365,41835.460828250005,True,False
sub-004_ses-01_task-WorkingMemory_run-2_eeg.set,sub-004,,7,3,14,True,True,True,True,True,True,False,True,1.0,P R K W C Z Y X B,9,1,correct,41843,49560,41843.06083985,49560.347615475,True,False
sub-004_ses-01_task-WorkingMemory_run-2_eeg.set,sub-004,,8,3,14,True,True,True,True,True,True,True,False,1.0,C V W H N X R M R,9,1,correct,49566,56633,49565.89762395,56632.58340682501,True,False
sub-004_ses-01_task-WorkingMemory_run-2_eeg.set,sub-004,,9,7,14,True,True,True,True,True,True,False,True,1.0,M Q W B Z D R L Y,9,1,correct,56639,64252,56639.333417125,64251.82003285,True,False
sub-004_ses-01_task-WorkingMemory_run-2_eeg.set,sub-004,,10,5,14,True,True,True,True,True,True,False,True,1.0,V C H M D Q Z Y J,9,1,correct,64257,74178,64257.445041425,74177.86017875001,True,False
sub-004_ses-01_task-WorkingMemory_run-2_eeg.set,sub-004,,11,3,14,True,True,True,True,True,True,True,False,1.0,D B G J W L K C L,9,1,correct,74185,80723,74184.7101892,80722.67016532499,True,False
sub-004_ses-01_task-WorkingMemory_run-2_eeg.set,sub-004,,12,7,14,True,True,True,True,True,True,False,True,1.0,P W F S Z T K Q L,9,1,correct,80730,87992,80730.24517689999,87992.45625812499,True,False
sub-004_ses-01_task-WorkingMemory_run-2_eeg.set,sub-004,,13,7,14,True,True,True,True,True,True,True,False,1.0,H D W Y K P X V X,9,1,correct,88000,95994,88000.40627025001,95993.76846715,True,False
sub-004_ses-01_task-WorkingMemory_run-2_eeg.set,sub-004,,14,7,14,True,True,True,True,True,True,True,False,1.0,W L D J C F V S S,9,1,correct,96000,102288,95999.9684766,102288.05307145,True,False
sub-004_ses-01_task-WorkingMemory_run-2_eeg.set,sub-004,,15,3,14,True,True,True,True,True,True,True,False,1.0,Y C P K R W H L K,9,1,correct,102294,110105,102294.02808055,110104.764998775,True,False
sub-004_ses-01_task-WorkingMemory_run-2_eeg.set,sub-004,,16,3,14,True,True,True,True,True,True,False,True,1.0,P X B Z H V R F Q,9,1,correct,110109,117170,110109.3650058,117170.12577965,True,False
sub-004_ses-01_task-WorkingMemory_run-2_eeg.set,sub-004,,17,5,14,True,True,True,True,True,True,True,False,1.0,R C X H N P M L P,9,1,correct,117179,124301,117178.5507925,124301.361661025,True,False
sub-004_ses-01_task-WorkingMemory_run-2_eeg.set,sub-004,,18,7,14,True,True,True,True,True,True,True,False,1.0,B N R G Y Z M X Z,9,1,correct,124306,132547,124306.48666885,132546.62424227502,True,False
sub-004_ses-01_task-WorkingMemory_run-2_eeg.set,sub-004,,19,5,14,True,True,True,True,True,True,True,False,1.0,H T X V F K C G X,9,1,correct,132553,139533,132553.2492524,139532.7849023,True,False
sub-004_ses-01_task-WorkingMemory_run-2_eeg.set,sub-004,,20,3,14,True,True,True,True,True,True,False,True,1.0,V W S R B N P Z X,9,1,correct,139539,147475,139538.70991135,147474.722020725,True,False
sub-004_ses-01_task-WorkingMemory_run-2_eeg.set,sub-004,,21,3,14,True,True,True,True,True,True,True,False,1.0,S N R X M T B G R,9,1,correct,147480,153657,147479.547028075,153656.806453825,True,False
sub-004_ses-01_task-WorkingMemory_run-2_eeg.set,sub-004,,22,3,14,True,True,True,True,True,True,True,False,1.0,N B T S X C Q R S,9,1,correct,153665,161269,153664.606465725,161268.96806905,True,False
sub-004_ses-01_task-WorkingMemory_run-2_eeg.set,sub-004,,23,7,14,True,True,True,True,True,True,False,True,1.0,P Q S W D F C H X,9,1,correct,161274,167398,161274.4430774,167398.2024215,True,False
sub-004_ses-01_task-WorkingMemory_run-2_eeg.set,sub-004,,24,3,14,True,True,True,True,True,True,True,False,1.0,P K B Y D M C F P,9,1,correct,167405,175208,167405.05243195,175208.0143383,True,False
sub-004_ses-01_task-WorkingMemory_run-2_eeg.set,sub-004,,25,7,14,True,True,True,True,True,True,True,False,1.0,Y D Q V G L F S G,9,1,correct,175216,181818,175215.889350325,181818.449425,True,False
sub-004_ses-01_task-WorkingMemory_run-3_eeg.set,sub-004,,1,3,14,True,True,True,True,True,True,True,False,1.0,B F H R Z G M V B,9,1,correct,847,6984,847.0,6983.7198982,True,False
sub-004_ses-01_task-WorkingMemory_run-3_eeg.set,sub-004,,2,5,14,True,True,True,True,True,True,True,False,1.0,V W Q S T Z K X W,9,1,correct,6990,13752,6990.0699188,13752.216844925,True,False
sub-004_ses-01_task-WorkingMemory_run-3_eeg.set,sub-004,,3,3,14,True,True,True,True,True,True,False,True,1.0,P M D Z B R N G F,9,1,correct,13758,19545,13757.566862275,19545.360629100003,True,False
sub-004_ses-01_task-WorkingMemory_run-3_eeg.set,sub-004,,4,7,14,True,True,True,True,True,True,False,True,1.0,F M B N L X J Y P,9,1,correct,19553,25951,19552.985653825,25951.356400425,True,False
sub-004_ses-01_task-WorkingMemory_run-3_eeg.set,sub-004,,5,7,14,True,True,True,True,True,True,True,False,0.0,Y W S J P C D K C,9,1,wrong,25956,32483,25956.031415575,32482.65257805,True,False
sub-004_ses-01_task-WorkingMemory_run-3_eeg.set,sub-004,,6,7,14,True,True,True,True,True,True,True,False,1.0,J T V D X G N R R,9,1,correct,32489,38678,32488.827598050004,38677.747665525,True,False
sub-004_ses-01_task-WorkingMemory_run-3_eeg.set,sub-004,,7,3,14,True,True,True,True,True,True,True,False,1.0,D C R G Z X L K K,9,1,correct,38682,44833,38682.3976806,44833.292624775,True,False
sub-004_ses-01_task-WorkingMemory_run-3_eeg.set,sub-004,,8,7,14,True,True,True,True,True,True,True,False,1.0,Y S N M F Q H W N,9,1,correct,44838,50508,44838.242640825,50507.836024375,True,False
sub-004_ses-01_task-WorkingMemory_run-3_eeg.set,sub-004,,9,5,14,True,True,True,True,True,True,False,True,1.0,D Q G M P V F T B,9,1,correct,50516,56064,50516.161051375006,56063.77903942501,True,False
sub-004_ses-01_task-WorkingMemory_run-3_eeg.set,sub-004,,10,3,14,True,True,True,True,True,True,True,False,1.0,H M W N G B T L T,9,1,correct,56069,61778,56068.579054975,61777.872567275,True,False
sub-004_ses-01_task-WorkingMemory_run-3_eeg.set,sub-004,,11,5,14,True,True,True,True,True,True,False,True,1.0,L F M J K N R H G,9,1,correct,61784,69014,61784.24758795,69014.42103165,True,False
sub-004_ses-01_task-WorkingMemory_run-3_eeg.set,sub-004,,12,5,14,True,True,True,True,True,True,True,False,1.0,Z W T R H L D J H,9,1,correct,69021,75243,69021.171053525,75242.59122637499,True,False
sub-004_ses-01_task-WorkingMemory_run-3_eeg.set,sub-004,,13,5,14,True,True,True,True,True,True,True,False,0.0,Z C R F Q V P N F,9,1,wrong,75248,81491,75248.24124470001,81490.5614853,True,False
sub-004_ses-01_task-WorkingMemory_run-3_eeg.set,sub-004,,14,7,14,True,True,True,True,True,True,False,True,1.0,J T L X S G Q R Y,9,1,correct,81496,87422,81496.086503225,87422.180718475,True,False
sub-004_ses-01_task-WorkingMemory_run-3_eeg.set,sub-004,,15,3,14,True,True,True,True,True,True,False,True,1.0,R X S P N D G J M,9,1,correct,87430,93598,87429.705742875,93597.650742325,True,False
sub-004_ses-01_task-WorkingMemory_run-3_eeg.set,sub-004,,16,7,14,True,True,True,True,True,True,True,False,1.0,P Y R T B G V M P,9,1,correct,93602,102416,93602.3257575,102416.004335675,True,False
sub-004_ses-01_task-WorkingMemory_run-3_eeg.set,sub-004,,17,7,14,True,True,True,True,True,True,True,False,1.0,Z X S Y C V T W V,9,1,correct,102423,108440,102423.2293591,108439.923868125,True,False
sub-004_ses-01_task-WorkingMemory_run-3_eeg.set,sub-004,,18,7,14,True,True,True,True,True,True,True,False,1.0,K G J Z H D P V G,9,1,correct,108445,114589,108444.8488841,114589.04380655,True,False
sub-004_ses-01_task-WorkingMemory_run-3_eeg.set,sub-004,,19,5,14,True,True,True,True,True,True,True,False,1.0,H B Q K S R T J Q,9,1,correct,114596,120494,114596.44383055,120494.312954275,True,False
sub-004_ses-01_task-WorkingMemory_run-3_eeg.set,sub-004,,20,5,14,True,True,True,True,True,True,False,True,1.0,C P X Z T Y J B H,9,1,correct,120501,126802,120500.56297455,126801.63340565,True,False
sub-004_ses-01_task-WorkingMemory_run-3_eeg.set,sub-004,,21,3,14,True,True,True,True,True,True,False,True,1.0,G L X P H M N R Z,9,1,correct,126807,132648,126807.3834243,132647.6023611,True,False
sub-004_ses-01_task-WorkingMemory_run-3_eeg.set,sub-004,,22,5,14,True,True,True,True,True,True,False,True,1.0,J S Y T P F M K V,9,1,correct,132653,138322,132653.0273787,138322.245761025,True,False
sub-004_ses-01_task-WorkingMemory_run-3_eeg.set,sub-004,,23,3,14,True,True,True,True,True,True,True,False,1.0,K H L V R C J Y R,9,1,correct,138327,143740,138326.69577544997,143739.838327475,True,False
sub-004_ses-01_task-WorkingMemory_run-3_eeg.set,sub-004,,24,3,14,True,True,True,True,True,True,False,True,1.0,D V G H P J M Z Y,9,1,correct,143745,149250,143745.138344675,149249.7561933,True,False
sub-004_ses-01_task-WorkingMemory_run-3_eeg.set,sub-004,,25,7,14,True,True,True,True,True,True,True,False,1.0,W D R Z M T H L W,9,1,correct,149255,157436,149255.30621127502,157435.5577356,True,False
sub-004_ses-01_task-WorkingMemory_run-4_eeg.set,sub-004,,0,0,2,False,False,True,False,False,False,False,False,1.0,,0,1,,1566,1566,1566.0,1566.0,False,False
sub-004_ses-01_task-WorkingMemory_run-4_eeg.set,sub-004,,1,5,14,True,True,True,True,True,True,False,True,1.0,J Q K F Z W M H B,9,1,correct,1821,7765,1821.423976925,7765.400168625,True,False
sub-004_ses-01_task-WorkingMemory_run-4_eeg.set,sub-004,,2,7,14,True,True,True,True,True,True,False,True,0.0,L K G Z H W M D Q,9,1,wrong,7772,14402,7771.7501432,14402.198585275,True,False
sub-004_ses-01_task-WorkingMemory_run-4_eeg.set,sub-004,,3,3,14,True,True,True,True,True,True,True,False,1.0,Z K H P C S V X C,9,1,correct,14409,20538,14409.448556225,20538.09900825,True,False
sub-004_ses-01_task-WorkingMemory_run-4_eeg.set,sub-004,,4,5,14,True,True,True,True,True,True,False,True,1.0,R B Y C Q F N L Z,9,1,correct,20544,26048,20544.2989834,26047.8769391,True,False
sub-004_ses-01_task-WorkingMemory_run-4_eeg.set,sub-004,,5,7,14,True,True,True,True,True,True,False,True,1.0,F W C R N Q H S J,9,1,correct,26055,32039,26054.676911875,32038.802942775,True,False
sub-004_ses-01_task-WorkingMemory_run-4_eeg.set,sub-004,,6,7,14,True,True,True,True,True,True,False,True,1.0,Z P W Q B G J M V,9,1,correct,32047,37839,32046.952910125,37838.62971185,True,False
sub-004_ses-01_task-WorkingMemory_run-4_eeg.set,sub-004,,7,3,14,True,True,True,True,True,True,True,False,1.0,D H G C S N M F S,9,1,correct,37846,43731,37846.329681025,43730.65611165,True,False
sub-004_ses-01_task-WorkingMemory_run-4_eeg.set,sub-004,,8,5,14,True,True,True,True,True,True,True,False,0.0,M R L X G W F D F,9,1,wrong,43738,49708,43738.181081525,49708.457167875,True,False
sub-004_ses-01_task-WorkingMemory_run-4_eeg.set,sub-004,,9,3,14,True,True,True,True,True,True,True,False,1.0,S T G N W J F H N,9,1,correct,49714,55442,49713.75714665,55442.359201025,True,False
sub-004_ses-01_task-WorkingMemory_run-4_eeg.set,sub-004,,10,3,14,True,True,True,True,True,True,False,True,1.0,Z M P N F L D H J,9,1,correct,55450,62099,55450.3841689,62098.90753857501,True,False
sub-004_ses-01_task-WorkingMemory_run-4_eeg.set,sub-004,,11,7,14,True,True,True,True,True,True,True,False,1.0,K G D H R T V N D,9,1,correct,62105,67740,62104.58251585,67740.43494172499,True,False
sub-004_ses-01_task-WorkingMemory_run-4_eeg.set,sub-004,,12,7,14,True,True,True,True,True,True,True,False,1.0,P L H K B Q T J H,9,1,correct,67745,73718,67744.9599236,73718.06099864999,True,False
sub-004_ses-01_task-WorkingMemory_run-4_eeg.set,sub-004,,13,7,14,True,True,True,True,True,True,False,True,1.0,Y V F R C Z Q D K,9,1,correct,73725,79755,73724.760971825,79754.961818175,True,False
sub-004_ses-01_task-WorkingMemory_run-4_eeg.set,sub-004,,14,5,14,True,True,True,True,True,True,False,True,1.0,M V G F R X W Y J,9,1,correct,79763,85680,79763.11178552499,85679.78808657499,True,False
sub-004_ses-01_task-WorkingMemory_run-4_eeg.set,sub-004,,15,5,14,True,True,True,True,True,True,False,True,1.0,H W Z Q F T S M B,9,1,correct,85688,91796,85688.163053025,91795.68858965,True,False
sub-004_ses-01_task-WorkingMemory_run-4_eeg.set,sub-004,,16,5,14,True,True,True,True,True,True,True,False,1.0,G K M D R C B Y Y,9,1,correct,91802,97477,91801.963564525,97476.5908351,True,False
sub-004_ses-01_task-WorkingMemory_run-4_eeg.set,sub-004,,17,3,14,True,True,True,True,True,True,False,True,1.0,F S M D Y N Q K R,9,1,correct,97484,103052,97484.34080405,103052.043502925,True,False
sub-004_ses-01_task-WorkingMemory_run-4_eeg.set,sub-004,,18,7,14,True,True,True,True,True,True,False,True,1.0,L C Z M T B G K D,9,1,correct,103057,109062,103057.493481075,109062.444428575,True,False
sub-004_ses-01_task-WorkingMemory_run-4_eeg.set,sub-004,,19,3,14,True,True,True,True,True,True,False,True,1.0,Y T W N J V Z C B,9,1,correct,109071,115560,109070.819395025,115560.493400975,True,False
sub-004_ses-01_task-WorkingMemory_run-4_eeg.set,sub-004,,20,7,14,True,True,True,True,True,True,True,False,1.0,Z N K G B M Y R K,9,1,correct,115566,121353,115565.793379725,121353.3701979,True,False
sub-004_ses-01_task-WorkingMemory_run-4_eeg.set,sub-004,,21,3,14,True,True,True,True,True,True,False,True,1.0,D N K H J C B M S,9,1,correct,121361,127047,121361.14516675,127047.372390875,True,False
sub-004_ses-01_task-WorkingMemory_run-4_eeg.set,sub-004,,22,3,14,True,True,True,True,True,True,False,True,1.0,S G N B L Q Z P X,9,1,correct,127056,133012,127056.047356125,133011.673501175,True,False
sub-004_ses-01_task-WorkingMemory_run-4_eeg.set,sub-004,,23,5,14,True,True,True,True,True,True,True,False,1.0,Q W C K J P V M M,9,1,correct,133019,138719,133018.848472425,138719.000640775,True,False
sub-004_ses-01_task-WorkingMemory_run-4_eeg.set,sub-004,,24,5,14,True,True,True,True,True,True,True,False,1.0,K C Z M L F G Y L,9,1,correct,138726,144446,138726.200611925,144446.17770085,True,False
sub-004_ses-01_task-WorkingMemory_run-4_eeg.set,sub-004,,25,5,14,True,True,True,True,True,True,False,True,1.0,V L S M R D N Q K,9,1,correct,144455,152645,144454.5776672,152644.794861725,True,False
sub-005_ses-01_task-WorkingMemory_run-1_eeg.set,sub-005,,1,5,13,True,True,True,False,True,True,True,False,1.0,B H D R N Z V L R,9,1,,779,7340,779.0,7340.119965450001,False,False
sub-005_ses-01_task-WorkingMemory_run-1_eeg.set,sub-005,,2,7,13,True,True,True,False,True,True,True,False,1.0,C Z L K R G B T Z,9,1,,7345,12593,7345.244941975,12592.920919925,False,False
sub-005_ses-01_task-WorkingMemory_run-1_eeg.set,sub-005,,3,7,13,True,True,True,False,True,True,True,False,1.0,W K M C Q G B T B,9,1,,12600,17833,12600.170886725,17832.521934825,False,False
sub-005_ses-01_task-WorkingMemory_run-1_eeg.set,sub-005,,4,3,13,True,True,True,False,True,True,True,False,1.0,Q P J T Z K D C J,9,1,,17838,23250,17838.146909075,23250.2721342,False,False
sub-005_ses-01_task-WorkingMemory_run-1_eeg.set,sub-005,,5,5,13,True,True,True,False,True,True,True,False,1.0,D C L S J K H V L,9,1,,23256,28760,23256.27210675,28760.321911075,False,False
sub-005_ses-01_task-WorkingMemory_run-1_eeg.set,sub-005,,6,7,13,True,True,True,False,True,True,False,True,1.0,T H X S W Q K D F,9,1,,28767,34145,28766.671882025,34145.022261775,False,False
sub-005_ses-01_task-WorkingMemory_run-1_eeg.set,sub-005,,7,5,13,True,True,True,False,True,True,False,True,1.0,M G L Z B Y R C T,9,1,,34151,40031,34151.322232925,40030.620319525,False,False
sub-005_ses-01_task-WorkingMemory_run-1_eeg.set,sub-005,,8,3,13,True,True,True,False,True,True,True,False,1.0,D M B Y H Q C G C,9,1,,40039,45798,40038.89528165,45797.54392052499,False,False
sub-005_ses-01_task-WorkingMemory_run-1_eeg.set,sub-005,,9,5,13,True,True,True,False,True,True,True,False,1.0,K Z J V R H M S R,9,1,,45805,51340,45804.76888745,51340.39354725,False,False
sub-005_ses-01_task-WorkingMemory_run-1_eeg.set,sub-005,,10,3,13,True,True,True,False,True,True,False,True,1.0,S Z F D G W V Q L,9,1,,51349,56916,51348.643509475,56916.34302245,False,False
sub-005_ses-01_task-WorkingMemory_run-1_eeg.set,sub-005,,11,3,13,True,True,True,False,True,True,False,True,1.0,F B C R M J H T S,9,1,,56922,62591,56922.042996375,62591.16704505,False,False
sub-005_ses-01_task-WorkingMemory_run-1_eeg.set,sub-005,,12,7,13,True,True,True,False,True,True,False,True,1.0,X J N R S V Y H C,9,1,,62596,68385,62595.642024575005,68384.615524625,False,False
sub-005_ses-01_task-WorkingMemory_run-1_eeg.set,sub-005,,13,5,13,True,True,True,False,True,True,True,False,1.0,K C J Y L D M S J,9,1,,68391,75595,68390.99049545,75595.15751725,False,False
sub-005_ses-01_task-WorkingMemory_run-1_eeg.set,sub-005,,14,7,13,True,True,True,False,True,True,False,True,1.0,J C F M L K Q W B,9,1,,75603,81171,75602.882481875,81171.13199235,False,False
sub-005_ses-01_task-WorkingMemory_run-1_eeg.set,sub-005,,15,5,13,True,True,True,False,True,True,True,False,1.0,L G Q F Z T R M L,9,1,,81176,87960,81176.006970025,87959.77591625,False,False
sub-005_ses-01_task-WorkingMemory_run-1_eeg.set,sub-005,,16,3,13,True,True,True,False,True,True,True,False,1.0,D Y T J M K B F B,9,1,,87964,93470,87964.45089485,93469.7256936,False,False
sub-005_ses-01_task-WorkingMemory_run-1_eeg.set,sub-005,,17,3,13,True,True,True,False,True,True,True,False,1.0,P T Z Q V B X G V,9,1,,93475,98914,93474.850670125,98913.7507727,False,False
sub-005_ses-01_task-WorkingMemory_run-1_eeg.set,sub-005,,18,5,13,True,True,True,False,True,True,False,True,1.0,Z T M S Y V N H Q,9,1,,98918,104470,98918.2507521,104469.800339,False,False
sub-005_ses-01_task-WorkingMemory_run-1_eeg.set,sub-005,,19,7,13,True,True,True,False,True,True,False,True,1.0,W Z V D F X M Y G,9,1,,104475,111529,104474.6503168,111528.518026625,False,False
sub-005_ses-01_task-WorkingMemory_run-1_eeg.set,sub-005,,20,3,13,True,True,True,False,True,True,True,False,1.0,J C L S G V R T V,9,1,,111536,116775,111535.54299445,116774.7440112,False,False
sub-005_ses-01_task-WorkingMemory_run-1_eeg.set,sub-005,,21,7,13,True,True,True,False,True,True,False,True,1.0,X C J H N D P S L,9,1,,116782,122733,116781.718979275,122732.7667374,False,False
sub-005_ses-01_task-WorkingMemory_run-1_eeg.set,sub-005,,22,3,13,True,True,True,False,True,True,True,False,1.0,J Q D H X G C W D,9,1,,122741,129086,122740.541701825,129086.18765362502,False,False
sub-005_ses-01_task-WorkingMemory_run-1_eeg.set,sub-005,,23,5,13,True,True,True,False,True,True,True,False,1.0,S C G P F M J L G,9,1,,129093,134939,129093.312621,134938.73586264998,False,False
sub-005_ses-01_task-WorkingMemory_run-1_eeg.set,sub-005,,24,7,13,True,True,True,False,True,True,True,False,1.0,W T M P G H Z N M,9,1,,134947,140607,134947.1608241,140606.73491650002,False,False
sub-005_ses-01_task-WorkingMemory_run-1_eeg.set,sub-005,,25,5,13,True,True,True,False,True,True,False,True,1.0,K W Z Q D C M P J,9,1,,140613,147962,140612.53488995,147961.92624695,False,False
sub-005_ses-01_task-WorkingMemory_run-2_eeg.set,sub-005,,1,5,13,True,True,True,False,True,True,True,False,1.0,R C X H N P M L P,9,1,,1046,6631,1046.0,6631.170240375,False,False
sub-005_ses-01_task-WorkingMemory_run-2_eeg.set,sub-005,,2,3,13,True,True,True,False,True,True,True,False,1.0,C V W H N X R M R,9,1,,6636,12154,6636.170258499999,12154.39025625,False,False
sub-005_ses-01_task-WorkingMemory_run-2_eeg.set,sub-005,,3,7,13,True,True,True,False,True,True,True,False,1.0,Y D Q V G L F S G,9,1,,12159,17546,12159.090273275,17545.834794575,False,False
sub-005_ses-01_task-WorkingMemory_run-2_eeg.set,sub-005,,4,3,13,True,True,True,False,True,True,False,True,1.0,V W S R B N P Z X,9,1,,17552,23715,17552.059817125002,23715.032151425,False,False
sub-005_ses-01_task-WorkingMemory_run-2_eeg.set,sub-005,,5,5,13,True,True,True,False,True,True,False,True,1.0,V C H M D Q Z Y J,9,1,,23720,29383,23720.4071709,29383.32769305,False,False
sub-005_ses-01_task-WorkingMemory_run-2_eeg.set,sub-005,,6,7,13,True,True,True,False,True,True,True,False,1.0,W L D J C F V S S,9,1,,29390,34953,29390.0527174,34952.772876425,False,False
sub-005_ses-01_task-WorkingMemory_run-2_eeg.set,sub-005,,7,7,13,True,True,True,False,True,True,False,True,1.0,M Q W B Z D R L Y,9,1,,34959,40489,34959.272899975,40489.2679404,False,False
sub-005_ses-01_task-WorkingMemory_run-2_eeg.set,sub-005,,8,3,13,True,True,True,False,True,True,True,False,1.0,N B T S X C Q R S,9,1,,40495,47166,40494.667959975,47166.0421367,False,False
sub-005_ses-01_task-WorkingMemory_run-2_eeg.set,sub-005,,9,3,13,True,True,True,False,True,True,False,True,1.0,P X B Z H V R F Q,9,1,,47174,52505,47174.442167125,52504.836484225,False,False
sub-005_ses-01_task-WorkingMemory_run-2_eeg.set,sub-005,,10,3,13,True,True,True,False,True,True,True,False,1.0,P K B Y D M C F P,9,1,,52513,58041,52512.911513475,58041.356548275,False,False
sub-005_ses-01_task-WorkingMemory_run-2_eeg.set,sub-005,,11,3,13,True,True,True,False,True,True,False,True,1.0,P R K W C Z Y X B,9,1,,58049,64632,58048.60657455,64632.480434175006,False,False
sub-005_ses-01_task-WorkingMemory_run-2_eeg.set,sub-005,,12,5,13,True,True,True,False,True,True,False,True,1.0,T Y K Z F Q G W L,9,1,,64640,70241,64640.13046189999,70241.4507608,False,False
sub-005_ses-01_task-WorkingMemory_run-2_eeg.set,sub-005,,13,5,13,True,True,True,False,True,True,False,True,1.0,F C J Q T S M N Z,9,1,,70247,75890,70246.8007802,75889.946230675,False,False
sub-005_ses-01_task-WorkingMemory_run-2_eeg.set,sub-005,,14,3,13,True,True,True,False,True,True,True,False,1.0,S N R X M T B G R,9,1,,75895,81387,75895.471250675,81386.866151225,False,False
sub-005_ses-01_task-WorkingMemory_run-2_eeg.set,sub-005,,15,3,13,True,True,True,False,True,True,True,False,1.0,Y C P K R W H L K,9,1,,81393,87009,81393.41617495,87008.9865255,False,False
sub-005_ses-01_task-WorkingMemory_run-2_eeg.set,sub-005,,16,5,13,True,True,True,False,True,True,True,False,1.0,M F G K Z Q Y N K,9,1,,87017,94701,87017.08655485,94700.68939985,False,False
sub-005_ses-01_task-WorkingMemory_run-2_eeg.set,sub-005,,17,5,13,True,True,True,False,True,True,False,True,1.0,K S P F D L T Z Q,9,1,,94706,100336,94706.439420675,100335.984821875,False,False
sub-005_ses-01_task-WorkingMemory_run-2_eeg.set,sub-005,,18,7,13,True,True,True,False,True,True,False,True,1.0,P Q S W D F C H X,9,1,,100343,106848,100342.609845875,106847.88342065,False,False
sub-005_ses-01_task-WorkingMemory_run-2_eeg.set,sub-005,,19,5,13,True,True,True,False,True,True,True,False,1.0,H T X V F K C G X,9,1,,106854,112213,106854.4084443,112212.9528634,False,False
sub-005_ses-01_task-WorkingMemory_run-2_eeg.set,sub-005,,20,7,13,True,True,True,False,True,True,True,False,1.0,H D W Y K P X V X,9,1,,112218,117637,112218.37788305,117637.32252105,False,False
sub-005_ses-01_task-WorkingMemory_run-2_eeg.set,sub-005,,21,7,13,True,True,True,False,True,True,False,True,1.0,Q P H R X C S V Z,9,1,,117645,123075,117644.822548225,123074.892226525,False,False
sub-005_ses-01_task-WorkingMemory_run-2_eeg.set,sub-005,,22,3,13,True,True,True,False,True,True,True,False,1.0,D B G J W L K C L,9,1,,123080,128374,123079.767244175,128374.03643035,False,False
sub-005_ses-01_task-WorkingMemory_run-2_eeg.set,sub-005,,23,7,13,True,True,True,False,True,True,False,True,0.0,P W F S Z T K Q L,9,1,,128381,135664,128380.736454625,135663.662847575,False,False
sub-005_ses-01_task-WorkingMemory_run-2_eeg.set,sub-005,,24,5,13,True,True,True,False,True,True,True,False,1.0,Q M C X S W R H Q,9,1,,135672,143204,135672.16287837498,143203.76517252502,False,False
sub-005_ses-01_task-WorkingMemory_run-2_eeg.set,sub-005,,25,7,13,True,True,True,False,True,True,True,False,1.0,B N R G Y Z M X Z,9,1,,143211,151377,143210.790198,151376.59479045,False,False
sub-005_ses-01_task-WorkingMemory_run-3_eeg.set,sub-005,,1,7,13,True,True,True,False,True,True,True,False,1.0,K G J Z H D P V G,9,1,,868,6550,868.0,6549.527242925,False,False
sub-005_ses-01_task-WorkingMemory_run-3_eeg.set,sub-005,,2,5,13,True,True,True,False,True,True,True,False,1.0,H B Q K S R T J Q,9,1,,6554,12613,6554.3272237,12613.4529542,False,False
sub-005_ses-01_task-WorkingMemory_run-3_eeg.set,sub-005,,3,5,13,True,True,True,False,True,True,True,False,1.0,V W Q S T Z K X W,9,1,,12622,18084,12621.87792045,18084.156041575,False,False
sub-005_ses-01_task-WorkingMemory_run-3_eeg.set,sub-005,,4,7,13,True,True,True,False,True,True,True,False,1.0,P Y R T B G V M P,9,1,,18091,24201,18090.55601595,24200.80654165,False,False
sub-005_ses-01_task-WorkingMemory_run-3_eeg.set,sub-005,,5,5,13,True,True,True,False,True,True,False,True,0.0,C P X Z T Y J B H,9,1,,24209,31359,24208.6065104,31358.927870175,False,False
sub-005_ses-01_task-WorkingMemory_run-3_eeg.set,sub-005,,6,3,13,True,True,True,False,True,True,True,False,1.0,B F H R Z G M V B,9,1,,31366,36876,31365.727842925,36875.8557724,False,False
sub-005_ses-01_task-WorkingMemory_run-3_eeg.set,sub-005,,7,3,13,True,True,True,False,True,True,True,False,1.0,H M W N G B T L T,9,1,,36880,42795,36880.130755275,42794.83206425,False,False
sub-005_ses-01_task-WorkingMemory_run-3_eeg.set,sub-005,,8,5,13,True,True,True,False,True,True,False,True,1.0,D Q G M P V F T B,9,1,,42801,48173,42801.207038725,48173.310521025,False,False
sub-005_ses-01_task-WorkingMemory_run-3_eeg.set,sub-005,,9,3,13,True,True,True,False,True,True,True,False,1.0,K H L V R C J Y R,9,1,,48182,54303,48181.88548667501,54303.185968125,False,False
sub-005_ses-01_task-WorkingMemory_run-3_eeg.set,sub-005,,10,5,13,True,True,True,False,True,True,False,True,1.0,J S Y T P F M K V,9,1,,54308,60954,54308.210948,60953.7843295,False,False
sub-005_ses-01_task-WorkingMemory_run-3_eeg.set,sub-005,,11,7,13,True,True,True,False,True,True,True,False,0.0,W D R Z M T H L W,9,1,,60958,68877,60958.409310975,68876.502595475,False,False
sub-005_ses-01_task-WorkingMemory_run-3_eeg.set,sub-005,,12,3,13,True,True,True,False,True,True,False,True,1.0,G L X P H M N R Z,9,1,,68882,75369,68882.427571725,75368.82659079999,False,False
sub-005_ses-01_task-WorkingMemory_run-3_eeg.set,sub-005,,13,7,13,True,True,True,False,True,True,True,False,1.0,Z X S Y C V T W V,9,1,,75373,80833,75373.426572375,80833.004704325,False,False
sub-005_ses-01_task-WorkingMemory_run-3_eeg.set,sub-005,,14,7,13,True,True,True,False,True,True,True,False,1.0,J T V D X G N R R,9,1,,80838,86389,80837.579686,86389.457448225,False,False
sub-005_ses-01_task-WorkingMemory_run-3_eeg.set,sub-005,,15,5,13,True,True,True,False,True,True,False,True,1.0,L F M J K N R H G,9,1,,86394,92651,86393.9574302,92651.157367325,False,False
sub-005_ses-01_task-WorkingMemory_run-3_eeg.set,sub-005,,16,7,13,True,True,True,False,True,True,True,False,1.0,Y W S J P C D K C,9,1,,92659,98366,92658.757336875,98365.834477475,False,False
sub-005_ses-01_task-WorkingMemory_run-3_eeg.set,sub-005,,17,7,13,True,True,True,False,True,True,True,False,1.0,Y S N M F Q H W N,9,1,,98370,103975,98370.35945935,103975.0370101,False,False
sub-005_ses-01_task-WorkingMemory_run-3_eeg.set,sub-005,,18,5,13,True,True,True,False,True,True,True,False,1.0,Z C R F Q V P N F,9,1,,103981,109578,103981.261985175,109577.689568975,False,False
sub-005_ses-01_task-WorkingMemory_run-3_eeg.set,sub-005,,19,7,13,True,True,True,False,True,True,False,True,1.0,J T L X S G Q R Y,9,1,,109584,115582,109583.86454425,115582.41551735,False,False
sub-005_ses-01_task-WorkingMemory_run-3_eeg.set,sub-005,,20,7,13,True,True,True,False,True,True,False,True,1.0,F M B N L X J Y P,9,1,,115589,122253,115588.690492225,122252.888799125,False,False
sub-005_ses-01_task-WorkingMemory_run-3_eeg.set,sub-005,,21,3,13,True,True,True,False,True,True,False,True,1.0,P M D Z B R N G F,9,1,,122260,128745,122259.663771975,128745.43779355,False,False
sub-005_ses-01_task-WorkingMemory_run-3_eeg.set,sub-005,,22,5,13,True,True,True,False,True,True,True,False,1.0,Z W T R H L D J H,9,1,,128751,134309,128750.662772625,134308.51551092498,False,False
sub-005_ses-01_task-WorkingMemory_run-3_eeg.set,sub-005,,23,3,13,True,True,True,False,True,True,True,False,1.0,D C R G Z X L K K,9,1,,134316,141315,134315.5404828,141315.137446275,False,False
sub-005_ses-01_task-WorkingMemory_run-3_eeg.set,sub-005,,24,3,13,True,True,True,False,True,True,False,True,1.0,R X S P N D G J M,9,1,,141322,146944,141321.96241892502,146944.1648995,False,False
sub-005_ses-01_task-WorkingMemory_run-3_eeg.set,sub-005,,25,3,13,True,True,True,False,True,True,False,True,1.0,D V G H P J M Z Y,9,1,,146950,152415,146949.589877775,152414.992986375,False,False
sub-005_ses-01_task-WorkingMemory_run-4_eeg.set,sub-005,,1,3,13,True,True,True,False,True,True,False,True,1.0,S G N B L Q Z P X,9,1,,750,6335,750.0,6335.3181103,False,False
sub-005_ses-01_task-WorkingMemory_run-4_eeg.set,sub-005,,2,5,13,True,True,True,False,True,True,False,True,1.0,R B Y C Q F N L Z,9,1,,6340,12116,6339.968125375,12116.161854575,False,False
sub-005_ses-01_task-WorkingMemory_run-4_eeg.set,sub-005,,3,3,13,True,True,True,False,True,True,False,True,1.0,Y T W N J V Z C B,9,1,,12123,17943,12122.8618763,17943.1557485,False,False
sub-005_ses-01_task-WorkingMemory_run-4_eeg.set,sub-005,,4,5,13,True,True,True,False,True,True,False,True,1.0,J Q K F Z W M H B,9,1,,17948,23441,17947.5057626,23440.59857385,False,False
sub-005_ses-01_task-WorkingMemory_run-4_eeg.set,sub-005,,5,7,13,True,True,True,False,True,True,True,False,1.0,Z N K G B M Y R K,9,255,,23445,29024,23445.448589575,29023.741677100003,False,False
sub-005_ses-01_task-WorkingMemory_run-4_eeg.set,sub-005,,6,5,13,True,True,True,False,True,True,False,True,1.0,H W Z Q F T S M B,9,1,,29031,34442,29031.366701825,34442.084245975,False,False
sub-005_ses-01_task-WorkingMemory_run-4_eeg.set,sub-005,,7,5,13,True,True,True,False,True,True,True,False,1.0,K C Z M L F G Y L,9,1,,34450,41390,34449.5842703,41389.7317736,False,False
sub-005_ses-01_task-WorkingMemory_run-4_eeg.set,sub-005,,8,3,13,True,True,True,False,True,True,False,True,1.0,Z M P N F L D H J,9,1,,41397,46834,41397.28179807501,46834.474428075,False,False
sub-005_ses-01_task-WorkingMemory_run-4_eeg.set,sub-005,,9,3,13,True,True,True,False,True,True,False,True,1.0,D N K H J C B M S,9,1,,46841,55338,46840.72444835,55337.7519998,False,False
sub-005_ses-01_task-WorkingMemory_run-4_eeg.set,sub-005,,10,3,13,True,True,True,False,True,True,True,False,1.0,D H G C S N M F S,9,1,,55343,61481,55342.97701675,61481.246919975005,False,False
sub-005_ses-01_task-WorkingMemory_run-4_eeg.set,sub-005,,11,7,13,True,True,True,False,True,True,False,True,1.0,Y V F R C Z Q D K,9,1,,61486,67453,61486.32193645,67453.34128440001,False,False
sub-005_ses-01_task-WorkingMemory_run-4_eeg.set,sub-005,,12,7,13,True,True,True,False,True,True,False,True,0.0,L K G Z H W M D Q,9,1,,67462,74480,67461.691311475,74480.114068575,False,False
sub-005_ses-01_task-WorkingMemory_run-4_eeg.set,sub-005,,13,5,13,True,True,True,False,True,True,False,True,1.0,V L S M R D N Q K,9,1,,74485,79780,74484.91408415,79779.8562529,False,False
sub-005_ses-01_task-WorkingMemory_run-4_eeg.set,sub-005,,14,3,13,True,True,True,False,True,True,True,False,1.0,Z K H P C S V X C,9,1,,79786,85337,79785.881272425,85336.674270775,False,False
sub-005_ses-01_task-WorkingMemory_run-4_eeg.set,sub-005,,15,5,13,True,True,True,False,True,True,True,False,1.0,Q W C K J P V M M,9,1,,85342,91652,85342.299289025,91651.569746725,False,False
sub-005_ses-01_task-WorkingMemory_run-4_eeg.set,sub-005,,16,7,13,True,True,True,False,True,True,False,True,1.0,L C Z M T B G K D,9,1,,91657,97775,91657.3947656,97775.2646027,False,False
sub-005_ses-01_task-WorkingMemory_run-4_eeg.set,sub-005,,17,5,13,True,True,True,False,True,True,False,True,1.0,M V G F R X W Y J,9,1,,97784,103293,97783.7146301,103292.557492425,False,False
sub-005_ses-01_task-WorkingMemory_run-4_eeg.set,sub-005,,18,3,13,True,True,True,False,True,True,True,False,1.0,S T G N W J F H N,9,1,,103298,109225,103298.432511475,109225.126728675,False,False
sub-005_ses-01_task-WorkingMemory_run-4_eeg.set,sub-005,,19,3,13,True,True,True,False,True,True,False,True,1.0,F S M D Y N Q K R,9,1,,109232,114868,109232.026751025,114867.645024425,False,False
sub-005_ses-01_task-WorkingMemory_run-4_eeg.set,sub-005,,20,5,13,True,True,True,False,True,True,True,False,1.0,M R L X G W F D F,9,1,,114872,120121,114872.44504,120121.2620592,False,False
sub-005_ses-01_task-WorkingMemory_run-4_eeg.set,sub-005,,21,7,13,True,True,True,False,True,True,True,False,1.0,K G D H R T V N D,9,1,,120127,125599,120127.162078325,125599.004820675,False,False
sub-005_ses-01_task-WorkingMemory_run-4_eeg.set,sub-005,,22,7,13,True,True,True,False,True,True,True,False,1.0,P L H K B Q T J H,9,1,,125604,132494,125604.1048372,132493.952177425,False,False
sub-005_ses-01_task-WorkingMemory_run-4_eeg.set,sub-005,,23,7,13,True,True,True,False,True,True,False,True,1.0,F W C R N Q H S J,9,1,,132502,138710,132501.57720215,138709.947332675,False,False
sub-005_ses-01_task-WorkingMemory_run-4_eeg.set,sub-005,,24,5,13,True,True,True,False,True,True,True,False,1.0,G K M D R C B Y Y,9,1,,138716,144201,138715.92235205,144200.865136875,False,False
sub-005_ses-01_task-WorkingMemory_run-4_eeg.set,sub-005,,25,7,13,True,True,True,False,True,True,False,True,1.0,Z P W Q B G J M V,9,1,,144205,149863,144205.365151475,149863.18349685002,False,False
sub-006_ses-01_task-WorkingMemory_run-1_eeg.set,sub-006,,1,0,4,True,False,True,True,False,False,False,False,0.0,,0,1,wrong,1157,32876,1157.0,32876.217525274995,False,True
sub-006_ses-01_task-WorkingMemory_run-1_eeg.set,sub-006,,2,0,4,True,False,True,True,False,False,False,False,0.0,,0,1,wrong,32883,33667,32882.592513725,33667.116092175005,False,True
sub-006_ses-01_task-WorkingMemory_run-1_eeg.set,sub-006,,3,3,14,True,True,True,True,True,True,True,False,0.0,P T Z Q V B X G V,9,1,wrong,33674,42538,33674.46607885,42538.45001745,True,False
sub-006_ses-01_task-WorkingMemory_run-1_eeg.set,sub-006,,4,0,4,True,False,True,True,False,False,False,False,0.0,,0,1,wrong,42546,44226,42545.6000045,44225.7469601,False,True
sub-006_ses-01_task-WorkingMemory_run-1_eeg.set,sub-006,,5,0,4,True,False,True,True,False,False,False,False,0.0,,0,1,wrong,44230,45781,44230.096952225,45781.19414165,False,True
sub-006_ses-01_task-WorkingMemory_run-1_eeg.set,sub-006,,6,3,14,True,True,True,True,True,True,True,False,1.0,J Q D H X G C W D,9,1,correct,45789,54817,45789.1191273,54817.35276827501,True,False
sub-006_ses-01_task-WorkingMemory_run-1_eeg.set,sub-006,,7,5,14,True,True,True,True,True,True,True,False,1.0,L G Q F Z T R M L,9,1,correct,54824,61870,54823.502757125,61869.68998955,True,False
sub-006_ses-01_task-WorkingMemory_run-1_eeg.set,sub-006,,8,5,14,True,True,True,True,True,True,True,False,1.0,S C G P F M J L G,9,1,correct,61876,68770,61876.164977825,68770.452485475,True,False
sub-006_ses-01_task-WorkingMemory_run-1_eeg.set,sub-006,,9,7,14,True,True,True,True,True,True,False,True,1.0,X C J H N D P S L,9,1,correct,68778,75408,68777.602472525,75407.61545902501,True,False
sub-006_ses-01_task-WorkingMemory_run-1_eeg.set,sub-006,,10,7,14,True,True,True,True,True,True,False,True,1.0,X J N R S V Y H C,9,1,correct,75415,81320,75415.34044505,81319.779746275,True,False
sub-006_ses-01_task-WorkingMemory_run-1_eeg.set,sub-006,,11,7,14,True,True,True,True,True,True,False,True,0.0,W Z V D F X M Y G,9,1,wrong,81328,87542,81327.954731475,87541.74347217499,True,False
sub-006_ses-01_task-WorkingMemory_run-1_eeg.set,sub-006,,12,7,14,True,True,True,True,True,True,False,True,1.0,T H X S W Q K D F,9,1,correct,87546,94225,87546.493463575,94225.106362025,True,False
sub-006_ses-01_task-WorkingMemory_run-1_eeg.set,sub-006,,13,3,14,True,True,True,True,True,True,True,False,0.0,Q P J T Z K D C J,9,1,wrong,94230,101640,94230.23135275,101640.0929262,True,False
sub-006_ses-01_task-WorkingMemory_run-1_eeg.set,sub-006,,14,5,14,True,True,True,True,True,True,True,False,1.0,D C L S J K H V L,9,1,correct,101647,108422,101647.34291305,108422.3806368,True,False
sub-006_ses-01_task-WorkingMemory_run-1_eeg.set,sub-006,,15,5,14,True,True,True,True,True,True,False,True,1.0,M G L Z B Y R C T,9,1,correct,108427,115264,108427.305627875,115263.9932399,True,False
sub-006_ses-01_task-WorkingMemory_run-1_eeg.set,sub-006,,16,3,14,True,True,True,True,True,True,True,False,1.0,J C L S G V R T V,9,1,correct,115270,121031,115270.268228525,121031.28278965,True,False
sub-006_ses-01_task-WorkingMemory_run-1_eeg.set,sub-006,,17,5,14,True,True,True,True,True,True,False,True,1.0,K W Z Q D C M P J,9,1,correct,121036,127425,121036.407780375,127424.72120485,True,False
sub-006_ses-01_task-WorkingMemory_run-1_eeg.set,sub-006,,18,7,14,True,True,True,True,True,True,True,False,1.0,W T M P G H Z N M,9,1,correct,127431,133785,127430.921193625,133785.20967975,True,False
sub-006_ses-01_task-WorkingMemory_run-1_eeg.set,sub-006,,19,3,14,True,True,True,True,True,True,False,True,1.0,S Z F D G W V Q L,9,1,correct,133792,139388,133791.93466755,139387.74952802502,True,False
sub-006_ses-01_task-WorkingMemory_run-1_eeg.set,sub-006,,20,5,14,True,True,True,True,True,True,True,False,1.0,B H D R N Z V L R,9,1,correct,139395,145135,139394.57451565,145135.264113625,True,False
sub-006_ses-01_task-WorkingMemory_run-1_eeg.set,sub-006,,21,5,14,True,True,True,True,True,True,True,False,1.0,K Z J V R H M S R,9,1,correct,145144,150553,145143.7140983,150553.2542963,True,False
sub-006_ses-01_task-WorkingMemory_run-1_eeg.set,sub-006,,22,3,14,True,True,True,True,True,True,False,True,1.0,F B C R M J H T S,9,1,correct,150558,155991,150557.879287925,155991.01944315,True,False
sub-006_ses-01_task-WorkingMemory_run-1_eeg.set,sub-006,,23,5,14,True,True,True,True,True,True,True,False,1.0,K C J Y L D M S J,9,1,correct,155997,161435,155997.04443225,161435.35957809995,True,False
sub-006_ses-01_task-WorkingMemory_run-1_eeg.set,sub-006,,24,7,14,True,True,True,True,True,True,False,True,1.0,J C F M L K Q W B,9,1,correct,161440,166728,161440.2095693,166728.1249877,True,False
sub-006_ses-01_task-WorkingMemory_run-1_eeg.set,sub-006,,25,3,14,True,True,True,True,True,True,True,False,1.0,D Y T J M K B F B,9,1,correct,166733,172245,166732.87497907502,172244.98999122498,True,False
sub-006_ses-01_task-WorkingMemory_run-2_eeg.set,sub-006,,1,5,14,True,True,True,True,True,True,False,True,1.0,F C J Q T S M N Z,9,1,correct,707,6497,707.0,6497.068925975,True,False
sub-006_ses-01_task-WorkingMemory_run-2_eeg.set,sub-006,,2,7,14,True,True,True,True,True,True,True,False,1.0,Y D Q V G L F S G,9,1,correct,6502,11810,6502.3689204,11809.688352800002,True,False
sub-006_ses-01_task-WorkingMemory_run-2_eeg.set,sub-006,,3,3,14,True,True,True,True,True,True,False,True,1.0,V W S R B N P Z X,9,1,correct,11816,17340,11815.813346375,17339.682551600003,True,False
sub-006_ses-01_task-WorkingMemory_run-2_eeg.set,sub-006,,4,7,14,True,True,True,True,True,True,False,True,0.0,Q P H R X C S V Z,9,1,wrong,17347,22922,17347.2075437,22922.45169505,True,False
sub-006_ses-01_task-WorkingMemory_run-2_eeg.set,sub-006,,5,3,14,True,True,True,True,True,True,True,False,1.0,N B T S X C Q R S,9,1,correct,22929,28367,22928.8766883,28366.770983725,True,False
sub-006_ses-01_task-WorkingMemory_run-2_eeg.set,sub-006,,6,5,14,True,True,True,True,True,True,True,False,1.0,M F G K Z Q Y N K,9,1,correct,28372,33963,28372.320977900003,33962.665113375,True,False
sub-006_ses-01_task-WorkingMemory_run-2_eeg.set,sub-006,,7,7,14,True,True,True,True,True,True,False,True,1.0,P Q S W D F C H X,9,1,correct,33971,39216,33970.715104949995,39215.8096026,True,False
sub-006_ses-01_task-WorkingMemory_run-2_eeg.set,sub-006,,8,5,14,True,True,True,True,True,True,True,False,1.0,H T X V F K C G X,9,1,correct,39221,44555,39221.13459702501,44554.62900195,True,False
sub-006_ses-01_task-WorkingMemory_run-2_eeg.set,sub-006,,9,5,14,True,True,True,True,True,True,False,True,1.0,T Y K Z F Q G W L,9,1,correct,44560,50150,44559.8289965,50150.49813165,True,False
sub-006_ses-01_task-WorkingMemory_run-2_eeg.set,sub-006,,10,7,14,True,True,True,True,True,True,False,True,1.0,P W F S Z T K Q L,9,1,correct,50158,55476,50158.22312355,55476.142544825,True,False
sub-006_ses-01_task-WorkingMemory_run-2_eeg.set,sub-006,,11,5,14,True,True,True,True,True,True,False,True,1.0,V C H M D Q Z Y J,9,1,correct,55484,61039,55484.1675364,61039.0367091,True,False
sub-006_ses-01_task-WorkingMemory_run-2_eeg.set,sub-006,,12,5,14,True,True,True,True,True,True,True,False,1.0,Q M C X S W R H Q,9,255,correct,61045,66727,61044.836703025,66727.2807419,True,False
sub-006_ses-01_task-WorkingMemory_run-2_eeg.set,sub-006,,13,5,14,True,True,True,True,True,True,True,False,1.0,R C X H N P M L P,9,1,correct,66735,72284,66735.45573332501,72283.699912975,True,False
sub-006_ses-01_task-WorkingMemory_run-2_eeg.set,sub-006,,14,7,14,True,True,True,True,True,True,True,False,1.0,H D W Y K P X V X,9,1,correct,72292,77715,72292.124904125,77714.894215425,True,False
sub-006_ses-01_task-WorkingMemory_run-2_eeg.set,sub-006,,15,3,14,True,True,True,True,True,True,True,False,1.0,P K B Y D M C F P,9,1,correct,77723,83146,77722.794207125,83146.08851787499,True,False
sub-006_ses-01_task-WorkingMemory_run-2_eeg.set,sub-006,,16,7,14,True,True,True,True,True,True,False,True,1.0,M Q W B Z D R L Y,9,1,correct,83153,88564,83153.463510125,88564.10783412501,True,False
sub-006_ses-01_task-WorkingMemory_run-2_eeg.set,sub-006,,17,3,14,True,True,True,True,True,True,True,False,1.0,Y C P K R W H L K,9,1,correct,88572,94180,88571.90782595,94179.901942925,True,False
sub-006_ses-01_task-WorkingMemory_run-2_eeg.set,sub-006,,18,3,14,True,True,True,True,True,True,True,False,1.0,S N R X M T B G R,9,1,correct,94187,99611,94187.051935425,99611.171245275,True,False
sub-006_ses-01_task-WorkingMemory_run-2_eeg.set,sub-006,,19,3,14,True,True,True,True,True,True,True,False,1.0,C V W H N X R M R,9,1,correct,99618,104832,99617.721238425,104831.515768925,True,False
sub-006_ses-01_task-WorkingMemory_run-2_eeg.set,sub-006,,20,3,14,True,True,True,True,True,True,True,False,1.0,D B G J W L K C L,9,1,correct,104839,110032,104838.91576115,110032.110313275,True,False
sub-006_ses-01_task-WorkingMemory_run-2_eeg.set,sub-006,,21,7,14,True,True,True,True,True,True,True,False,1.0,W L D J C F V S S,9,1,correct,110039,115424,110039.38530565,115423.7546572,True,False
sub-006_ses-01_task-WorkingMemory_run-2_eeg.set,sub-006,,22,7,14,True,True,True,True,True,True,True,False,1.0,B N R G Y Z M X Z,9,1,correct,115428,121171,115428.0546527,121171.323627775,True,False
sub-006_ses-01_task-WorkingMemory_run-2_eeg.set,sub-006,,23,3,14,True,True,True,True,True,True,False,True,1.0,P R K W C Z Y X B,9,1,correct,121177,126326,121177.448621325,126325.64322065,True,False
sub-006_ses-01_task-WorkingMemory_run-2_eeg.set,sub-006,,24,5,14,True,True,True,True,True,True,False,True,1.0,K S P F D L T Z Q,9,1,correct,126332,131454,126331.693214325,131453.587841225,True,False
sub-006_ses-01_task-WorkingMemory_run-2_eeg.set,sub-006,,25,3,14,True,True,True,True,True,True,False,True,1.0,P X B Z H V R F Q,9,1,correct,131461,136799,131460.63783382502,136798.982233675,True,False
sub-006_ses-01_task-WorkingMemory_run-3_eeg.set,sub-006,,1,7,14,True,True,True,True,True,True,True,False,1.0,J T V D X G N R R,9,1,correct,1185,6706,1185.0,6705.604211875,True,False
sub-006_ses-01_task-WorkingMemory_run-3_eeg.set,sub-006,,2,7,14,True,True,True,True,True,True,False,True,1.0,J T L X S G Q R Y,9,1,correct,6712,11978,6712.1792169,11978.4082347,True,False
sub-006_ses-01_task-WorkingMemory_run-3_eeg.set,sub-006,,3,3,14,True,True,True,True,True,True,False,True,1.0,D V G H P J M Z Y,9,1,correct,11984,17528,11983.8832389,17528.012468725003,True,False
sub-006_ses-01_task-WorkingMemory_run-3_eeg.set,sub-006,,4,7,14,True,True,True,True,True,True,True,False,1.0,W D R Z M T H L W,9,1,correct,17536,23183,17536.06247485,23183.066783175,True,False
sub-006_ses-01_task-WorkingMemory_run-3_eeg.set,sub-006,,5,5,14,True,True,True,True,True,True,True,False,1.0,H B Q K S R T J Q,9,1,correct,23189,28686,23188.941787675,28686.47098195,True,False
sub-006_ses-01_task-WorkingMemory_run-3_eeg.set,sub-006,,6,7,14,True,True,True,True,True,True,False,True,1.0,F M B N L X J Y P,9,1,correct,28691,34190,28691.1209855,34189.850180675,True,False
sub-006_ses-01_task-WorkingMemory_run-3_eeg.set,sub-006,,7,7,14,True,True,True,True,True,True,True,False,1.0,Y W S J P C D K C,9,1,correct,34197,39706,34197.300186375,39706.404389475,True,False
sub-006_ses-01_task-WorkingMemory_run-3_eeg.set,sub-006,,8,5,14,True,True,True,True,True,True,False,True,1.0,L F M J K N R H G,9,1,correct,39712,45216,39711.979393725,45216.3085932,True,False
sub-006_ses-01_task-WorkingMemory_run-3_eeg.set,sub-006,,9,5,14,True,True,True,True,True,True,True,False,1.0,Z W T R H L D J H,9,1,correct,45222,50548,45222.383597825006,50548.362661225,True,False
sub-006_ses-01_task-WorkingMemory_run-3_eeg.set,sub-006,,10,7,14,True,True,True,True,True,True,True,False,1.0,Z X S Y C V T W V,9,255,correct,50557,55966,50556.5876675,55966.091794625005,True,False
sub-006_ses-01_task-WorkingMemory_run-3_eeg.set,sub-006,,11,3,14,True,True,True,True,True,True,False,True,1.0,R X S P N D G J M,9,1,correct,55971,61364,55970.7667982,61364.045912925,True,False
sub-006_ses-01_task-WorkingMemory_run-3_eeg.set,sub-006,,12,5,14,True,True,True,True,True,True,True,False,1.0,V W Q S T Z K X W,9,255,correct,61372,66802,61372.2459192,66801.575061425,True,False
sub-006_ses-01_task-WorkingMemory_run-3_eeg.set,sub-006,,13,3,14,True,True,True,True,True,True,True,False,1.0,B F H R Z G M V B,9,255,correct,66807,72358,66807.1500657,72357.72930045,True,False
sub-006_ses-01_task-WorkingMemory_run-3_eeg.set,sub-006,,14,5,14,True,True,True,True,True,True,False,True,1.0,C P X Z T Y J B H,9,1,correct,72364,77822,72363.57930489999,77821.63346907501,True,False
sub-006_ses-01_task-WorkingMemory_run-3_eeg.set,sub-006,,15,5,14,True,True,True,True,True,True,False,True,1.0,D Q G M P V F T B,9,1,correct,77828,83035,77828.008473925,83035.13744665001,True,False
sub-006_ses-01_task-WorkingMemory_run-3_eeg.set,sub-006,,16,5,14,True,True,True,True,True,True,False,True,1.0,J S Y T P F M K V,9,1,correct,83041,88183,83040.9624511,88182.74137395,True,False
sub-006_ses-01_task-WorkingMemory_run-3_eeg.set,sub-006,,17,3,14,True,True,True,True,True,True,True,False,1.0,K H L V R C J Y R,9,1,correct,88191,93930,88190.94138022499,93930.12075885,True,False
sub-006_ses-01_task-WorkingMemory_run-3_eeg.set,sub-006,,18,3,14,True,True,True,True,True,True,True,False,1.0,D C R G Z X L K K,9,1,correct,93936,99315,93936.0707634,99315.0248672,True,False
sub-006_ses-01_task-WorkingMemory_run-3_eeg.set,sub-006,,19,3,14,True,True,True,True,True,True,False,True,1.0,P M D Z B R N G F,9,1,correct,99321,104608,99320.7748716,104607.653905175,True,False
sub-006_ses-01_task-WorkingMemory_run-3_eeg.set,sub-006,,20,7,14,True,True,True,True,True,True,True,False,1.0,K G J Z H D P V G,9,255,correct,104613,110111,104613.228909425,110111.23310405,True,False
sub-006_ses-01_task-WorkingMemory_run-3_eeg.set,sub-006,,21,3,13,True,True,True,False,True,True,True,False,1.0,H M W N G B T L T,9,255,,110119,115101,110119.4081103,115100.6869107,False,False
sub-006_ses-01_task-WorkingMemory_run-3_eeg.set,sub-006,,22,3,14,True,True,True,True,True,True,False,True,1.0,G L X P H M N R Z,9,1,correct,115106,120492,115105.9119147,120492.216024125,True,False
sub-006_ses-01_task-WorkingMemory_run-3_eeg.set,sub-006,,23,5,14,True,True,True,True,True,True,True,False,0.0,Z C R F Q V P N F,9,1,wrong,120499,126187,120499.09102935,126186.94536885,True,False
sub-006_ses-01_task-WorkingMemory_run-3_eeg.set,sub-006,,24,7,14,True,True,True,True,True,True,True,False,1.0,P Y R T B G V M P,9,255,correct,126194,131631,126193.995374225,131631.07452237498,True,False
sub-006_ses-01_task-WorkingMemory_run-3_eeg.set,sub-006,,25,7,14,True,True,True,True,True,True,True,False,1.0,Y S N M F Q H W N,9,255,correct,131637,137372,131637.174527025,137371.903902275,True,False
sub-006_ses-01_task-WorkingMemory_run-4_eeg.set,sub-006,,1,3,14,True,True,True,True,True,True,True,False,1.0,Z K H P C S V X C,9,255,correct,832,6472,832.0,6471.918265825,True,False
sub-006_ses-01_task-WorkingMemory_run-4_eeg.set,sub-006,,2,5,14,True,True,True,True,True,True,True,False,1.0,G K M D R C B Y Y,9,255,correct,6476,11962,6476.343240925,11962.112374075,True,False
sub-006_ses-01_task-WorkingMemory_run-4_eeg.set,sub-006,,3,7,14,True,True,True,True,True,True,False,True,1.0,Z P W Q B G J M V,9,1,correct,11970,17110,11969.987329775,17109.558410899997,True,False
sub-006_ses-01_task-WorkingMemory_run-4_eeg.set,sub-006,,4,5,14,True,True,True,True,True,True,True,False,1.0,M R L X G W F D F,9,255,correct,17116,22217,17115.933375025,22217.45467025,True,False
sub-006_ses-01_task-WorkingMemory_run-4_eeg.set,sub-006,,5,5,14,True,True,True,True,True,True,False,True,1.0,V L S M R D N Q K,9,1,correct,22224,27312,22223.8796341,27312.151003875,True,False
sub-006_ses-01_task-WorkingMemory_run-4_eeg.set,sub-006,,6,3,14,True,True,True,True,True,True,False,True,1.0,Z M P N F L D H J,9,1,correct,27320,32466,27319.60096195,32466.147003825,True,False
sub-006_ses-01_task-WorkingMemory_run-4_eeg.set,sub-006,,7,7,14,True,True,True,True,True,True,True,False,1.0,P L H K B Q T J H,9,255,correct,32474,38226,32473.771960925,38226.489592050006,True,False
sub-006_ses-01_task-WorkingMemory_run-4_eeg.set,sub-006,,8,7,14,True,True,True,True,True,True,False,True,1.0,Y V F R C Z Q D K,9,1,correct,38231,43822,38231.389564474994,43822.0581074,True,False
sub-006_ses-01_task-WorkingMemory_run-4_eeg.set,sub-006,,9,5,14,True,True,True,True,True,True,False,True,1.0,R B Y C Q F N L Z,9,1,correct,43830,49101,43829.758064075,49101.2534029,True,False
sub-006_ses-01_task-WorkingMemory_run-4_eeg.set,sub-006,,10,7,14,True,True,True,True,True,True,True,False,1.0,K G D H R T V N D,9,255,correct,49110,54249,49109.6783555,54248.62444015,True,False
sub-006_ses-01_task-WorkingMemory_run-4_eeg.set,sub-006,,11,5,14,True,True,True,True,True,True,False,True,1.0,H W Z Q F T S M B,9,1,correct,54255,59403,54255.37440215,59402.59544025,True,False
sub-006_ses-01_task-WorkingMemory_run-4_eeg.set,sub-006,,12,7,14,True,True,True,True,True,True,False,True,1.0,L K G Z H W M D Q,9,1,correct,59410,64959,59409.570401,64958.58917827501,True,False
sub-006_ses-01_task-WorkingMemory_run-4_eeg.set,sub-006,,13,3,14,True,True,True,True,True,True,True,False,1.0,D H G C S N M F S,9,255,correct,64966,70482,64965.93913692499,70481.60810185,True,False
sub-006_ses-01_task-WorkingMemory_run-4_eeg.set,sub-006,,14,3,14,True,True,True,True,True,True,False,True,1.0,S G N B L Q Z P X,9,1,correct,70489,75827,70489.08305977499,75826.70302655,True,False
sub-006_ses-01_task-WorkingMemory_run-4_eeg.set,sub-006,,15,5,14,True,True,True,True,True,True,False,True,1.0,M V G F R X W Y J,9,1,correct,75832,81231,75831.75299812501,81231.072617725,True,False
sub-006_ses-01_task-WorkingMemory_run-4_eeg.set,sub-006,,16,5,14,True,True,True,True,True,True,True,False,0.0,K C Z M L F G Y L,9,1,wrong,81237,87565,81237.39758212499,87564.7619799,True,False
sub-006_ses-01_task-WorkingMemory_run-4_eeg.set,sub-006,,17,5,14,True,True,True,True,True,True,False,True,1.0,J Q K F Z W M H B,9,1,correct,87573,92903,87573.161932625,92903.256941725,True,False
sub-006_ses-01_task-WorkingMemory_run-4_eeg.set,sub-006,,18,7,14,True,True,True,True,True,True,False,True,1.0,L C Z M T B G K D,9,1,correct,92912,98314,92911.831893475,98314.226495775,True,False
sub-006_ses-01_task-WorkingMemory_run-4_eeg.set,sub-006,,19,7,14,True,True,True,True,True,True,False,True,1.0,F W C R N Q H S J,9,1,correct,98322,103923,98321.726453575,103922.919937275,True,False
sub-006_ses-01_task-WorkingMemory_run-4_eeg.set,sub-006,,20,5,14,True,True,True,True,True,True,True,False,1.0,Q W C K J P V M M,9,255,correct,103928,109347,103928.34490675,109347.0644172,True,False
sub-006_ses-01_task-WorkingMemory_run-4_eeg.set,sub-006,,21,7,14,True,True,True,True,True,True,True,False,1.0,Z N K G B M Y R K,9,255,correct,109355,114679,109354.9893726,114678.95941615,True,False
sub-006_ses-01_task-WorkingMemory_run-4_eeg.set,sub-006,,22,3,14,True,True,True,True,True,True,True,False,1.0,S T G N W J F H N,9,255,correct,114685,120228,114685.184381125,120228.328191475,True,False
sub-006_ses-01_task-WorkingMemory_run-4_eeg.set,sub-006,,23,3,14,True,True,True,True,True,True,False,True,1.0,Y T W N J V Z C B,9,1,correct,120233,125778,120233.303163475,125777.696966775,True,False
sub-006_ses-01_task-WorkingMemory_run-4_eeg.set,sub-006,,24,3,14,True,True,True,True,True,True,False,True,1.0,D N K H J C B M S,9,1,correct,125785,131143,125785.421923325,131142.54178035,True,False
sub-006_ses-01_task-WorkingMemory_run-4_eeg.set,sub-006,,25,3,14,True,True,True,True,True,True,False,True,1.0,F S M D Y N Q K R,9,1,correct,131149,136422,131149.0917435,136421.712076,True,False
sub-007_ses-01_task-WorkingMemory_run-1_eeg.set,sub-007,,1,5,14,True,True,True,True,True,True,True,False,1.0,K Z J V R H M S R,9,1,correct,813,6251,813.0,6251.13962755,True,False
sub-007_ses-01_task-WorkingMemory_run-1_eeg.set,sub-007,,2,7,14,True,True,True,True,True,True,False,True,1.0,W Z V D F X M Y G,9,255,correct,6256,11531,6256.439617450001,11530.854557275,True,False
sub-007_ses-01_task-WorkingMemory_run-1_eeg.set,sub-007,,3,3,13,True,True,True,False,True,True,True,False,1.0,P T Z Q V B X G V,9,1,,11536,16745,11536.37954675,16744.6196128,False,False
sub-007_ses-01_task-WorkingMemory_run-1_eeg.set,sub-007,,4,7,14,True,True,True,True,True,True,False,True,1.0,T H X S W Q K D F,9,255,correct,16749,22031,16749.0696043,22030.884530025,True,False
sub-007_ses-01_task-WorkingMemory_run-1_eeg.set,sub-007,,5,3,14,True,True,True,True,True,True,True,False,1.0,Q P J T Z K D C J,9,1,correct,22038,27449,22037.509517375,27448.974195825,True,False
sub-007_ses-01_task-WorkingMemory_run-1_eeg.set,sub-007,,6,5,14,True,True,True,True,True,True,True,False,1.0,L G Q F Z T R M L,9,1,correct,27456,33019,27455.699182975,33018.6385725,True,False
sub-007_ses-01_task-WorkingMemory_run-1_eeg.set,sub-007,,7,7,14,True,True,True,True,True,True,True,False,1.0,C Z L K R G B T Z,9,1,correct,33025,38199,33024.58856115,38199.4286909,True,False
sub-007_ses-01_task-WorkingMemory_run-1_eeg.set,sub-007,,8,3,14,True,True,True,True,True,True,True,False,1.0,J C L S G V R T V,9,1,correct,38204,45127,38204.0536821,45126.8904778,True,False
sub-007_ses-01_task-WorkingMemory_run-1_eeg.set,sub-007,,9,3,14,True,True,True,True,True,True,True,False,1.0,J Q D H X G C W D,9,1,correct,45135,50466,45134.99046235,50465.855294525005,True,False
sub-007_ses-01_task-WorkingMemory_run-1_eeg.set,sub-007,,10,5,14,True,True,True,True,True,True,False,True,1.0,K W Z Q D C M P J,9,255,correct,50474,55732,50473.6802796,55732.370249425,True,False
sub-007_ses-01_task-WorkingMemory_run-1_eeg.set,sub-007,,11,3,14,True,True,True,True,True,True,True,False,1.0,D M B Y H Q C G C,9,1,correct,55741,61190,55740.8702332,61190.08483962499,True,False
sub-007_ses-01_task-WorkingMemory_run-1_eeg.set,sub-007,,12,5,14,True,True,True,True,True,True,True,False,1.0,S C G P F M J L G,9,1,correct,61197,66490,61196.78482685,66489.62473155001,True,False
sub-007_ses-01_task-WorkingMemory_run-1_eeg.set,sub-007,,13,7,14,True,True,True,True,True,True,False,True,1.0,X C J H N D P S L,9,255,correct,66498,72099,66497.7247161,72098.9890325,True,False
sub-007_ses-01_task-WorkingMemory_run-1_eeg.set,sub-007,,14,5,14,True,True,True,True,True,True,True,False,1.0,B H D R N Z V L R,9,1,correct,72104,77590,72104.36402225001,77589.728559725,True,False
sub-007_ses-01_task-WorkingMemory_run-1_eeg.set,sub-007,,15,3,14,True,True,True,True,True,True,True,False,1.0,D Y T J M K B F B,9,1,correct,77598,83054,77598.0285439,83054.118137225,True,False
sub-007_ses-01_task-WorkingMemory_run-1_eeg.set,sub-007,,16,5,14,True,True,True,True,True,True,True,False,1.0,K C J Y L D M S J,9,1,correct,83062,90252,83062.44312134999,90252.129408075,True,False
sub-007_ses-01_task-WorkingMemory_run-1_eeg.set,sub-007,,17,5,14,True,True,True,True,True,True,False,True,1.0,Z T M S Y V N H Q,9,255,correct,90257,95960,90257.3543981,95960.36852045,True,False
sub-007_ses-01_task-WorkingMemory_run-1_eeg.set,sub-007,,18,7,14,True,True,True,True,True,True,True,False,1.0,W K M C Q G B T B,9,1,correct,95969,101280,95968.96850405,101279.7083746,True,False
sub-007_ses-01_task-WorkingMemory_run-1_eeg.set,sub-007,,19,5,14,True,True,True,True,True,True,True,False,1.0,D C L S J K H V L,9,1,correct,101286,106731,101286.408361825,106730.9229772,True,False
sub-007_ses-01_task-WorkingMemory_run-1_eeg.set,sub-007,,20,3,14,True,True,True,True,True,True,False,True,1.0,S Z F D G W V Q L,9,255,correct,106738,112380,106738.3229631,112379.8622027,True,False
sub-007_ses-01_task-WorkingMemory_run-1_eeg.set,sub-007,,21,7,14,True,True,True,True,True,True,False,True,1.0,J C F M L K Q W B,9,255,correct,112387,117818,112386.9871891,117817.876830475,True,False
sub-007_ses-01_task-WorkingMemory_run-1_eeg.set,sub-007,,22,7,14,True,True,True,True,True,True,True,False,1.0,W T M P G H Z N M,9,1,correct,117826,123302,117826.12681475,123302.04137025,True,False
sub-007_ses-01_task-WorkingMemory_run-1_eeg.set,sub-007,,23,7,14,True,True,True,True,True,True,False,True,1.0,X J N R S V Y H C,9,255,correct,123307,128450,123307.0413607,128450.056551175,True,False
sub-007_ses-01_task-WorkingMemory_run-1_eeg.set,sub-007,,24,5,14,True,True,True,True,True,True,False,True,1.0,M G L Z B Y R C T,9,255,correct,128457,133829,128457.256537425,133828.746292125,True,False
sub-007_ses-01_task-WorkingMemory_run-1_eeg.set,sub-007,,25,3,14,True,True,True,True,True,True,False,True,1.0,F B C R M J H T S,9,255,correct,133833,139201,133833.44628315,139200.88604555,True,False
sub-007_ses-01_task-WorkingMemory_run-2_eeg.set,sub-007,,1,7,14,True,True,True,True,True,True,True,False,1.0,W L D J C F V S S,9,1,correct,772,6290,772.0,6289.997109275,True,False
sub-007_ses-01_task-WorkingMemory_run-2_eeg.set,sub-007,,2,3,14,True,True,True,True,True,True,True,False,1.0,D B G J W L K C L,9,1,correct,6295,11557,6294.87208465,11556.545489525,True,False
sub-007_ses-01_task-WorkingMemory_run-2_eeg.set,sub-007,,3,7,14,True,True,True,True,True,True,False,True,1.0,Q P H R X C S V Z,9,255,correct,11562,17713,11562.29546045,17712.889372275,True,False
sub-007_ses-01_task-WorkingMemory_run-2_eeg.set,sub-007,,4,7,14,True,True,True,True,True,True,False,True,1.0,M Q W B Z D R L Y,9,255,correct,17718,23362,17717.839347275,23361.68582045,True,False
sub-007_ses-01_task-WorkingMemory_run-2_eeg.set,sub-007,,5,5,14,True,True,True,True,True,True,True,False,1.0,Q M C X S W R H Q,9,1,correct,23366,29083,23366.4607963,29083.0319019,True,False
sub-007_ses-01_task-WorkingMemory_run-2_eeg.set,sub-007,,6,7,14,True,True,True,True,True,True,False,True,1.0,P Q S W D F C H X,9,255,correct,29091,34198,29090.58186375,34198.006048275,True,False
sub-007_ses-01_task-WorkingMemory_run-2_eeg.set,sub-007,,7,3,14,True,True,True,True,True,True,False,True,1.0,P X B Z H V R F Q,9,255,correct,34203,39530,34203.031022874995,39530.4790953,True,False
sub-007_ses-01_task-WorkingMemory_run-2_eeg.set,sub-007,,8,5,14,True,True,True,True,True,True,True,False,1.0,R C X H N P M L P,9,1,correct,39537,45067,39537.45406002501,45067.301109425,True,False
sub-007_ses-01_task-WorkingMemory_run-2_eeg.set,sub-007,,9,5,13,True,True,True,False,True,True,True,False,1.0,M F G K Z Q Y N K,9,1,,45073,50459,45072.801081625,50459.098856575,False,False
sub-007_ses-01_task-WorkingMemory_run-2_eeg.set,sub-007,,10,3,14,True,True,True,True,True,True,True,False,1.0,C V W H N X R M R,9,1,correct,50466,55818,50465.9988217,55817.971770175005,True,False
sub-007_ses-01_task-WorkingMemory_run-2_eeg.set,sub-007,,11,5,14,True,True,True,True,True,True,False,True,1.0,V C H M D Q Z Y J,9,255,correct,55825,61487,55825.39673265,61486.66811775,True,False
sub-007_ses-01_task-WorkingMemory_run-2_eeg.set,sub-007,,12,3,13,True,True,True,False,True,True,True,False,1.0,P K B Y D M C F P,9,1,,61495,66839,61495.01807555,66838.96606455,False,False
sub-007_ses-01_task-WorkingMemory_run-2_eeg.set,sub-007,,13,3,13,True,True,True,False,True,True,True,False,1.0,S N R X M T B G R,9,1,,66846,72185,66846.19102805,72184.6890446,False,False
sub-007_ses-01_task-WorkingMemory_run-2_eeg.set,sub-007,,14,3,13,True,True,True,False,True,True,True,False,1.0,Y C P K R W H L K,9,1,,72193,77577,72193.08900215,77576.58679125001,False,False
sub-007_ses-01_task-WorkingMemory_run-2_eeg.set,sub-007,,15,3,14,True,True,True,True,True,True,True,False,1.0,N B T S X C Q R S,9,1,correct,77582,83081,77582.036763725,83080.53397155,True,False
sub-007_ses-01_task-WorkingMemory_run-2_eeg.set,sub-007,,16,5,14,True,True,True,True,True,True,True,False,1.0,H T X V F K C G X,9,1,correct,83088,88275,83088.158933025,88274.68271775001,True,False
sub-007_ses-01_task-WorkingMemory_run-2_eeg.set,sub-007,,17,5,14,True,True,True,True,True,True,False,True,1.0,T Y K Z F Q G W L,9,255,correct,88280,93990,88280.08269045,93989.5788318,True,False
sub-007_ses-01_task-WorkingMemory_run-2_eeg.set,sub-007,,18,3,14,True,True,True,True,True,True,False,True,1.0,P R K W C Z Y X B,9,255,correct,93996,99111,93995.70380085,99111.2529443,True,False
sub-007_ses-01_task-WorkingMemory_run-2_eeg.set,sub-007,,19,7,14,True,True,True,True,True,True,True,False,1.0,B N R G Y Z M X Z,9,1,correct,99116,104530,99116.402918275,104529.550557525,True,False
sub-007_ses-01_task-WorkingMemory_run-2_eeg.set,sub-007,,20,3,14,True,True,True,True,True,True,False,True,1.0,V W S R B N P Z X,9,255,correct,104535,110165,104534.55053225,110165.397071125,True,False
sub-007_ses-01_task-WorkingMemory_run-2_eeg.set,sub-007,,21,5,14,True,True,True,True,True,True,False,True,1.0,F C J Q T S M N Z,9,255,correct,110171,116078,110170.672044475,116078.092185425,True,False
sub-007_ses-01_task-WorkingMemory_run-2_eeg.set,sub-007,,22,7,14,True,True,True,True,True,True,True,False,1.0,H D W Y K P X V X,9,1,correct,116083,121635,116083.267159275,121634.864098725,True,False
sub-007_ses-01_task-WorkingMemory_run-2_eeg.set,sub-007,,23,5,14,True,True,True,True,True,True,False,True,1.0,K S P F D L T Z Q,9,255,correct,121640,126915,121639.9140732,126914.68741185,True,False
sub-007_ses-01_task-WorkingMemory_run-2_eeg.set,sub-007,,24,7,14,True,True,True,True,True,True,False,True,1.0,P W F S Z T K Q L,9,255,correct,126920,132386,126919.81238595,132385.659758825,True,False
sub-007_ses-01_task-WorkingMemory_run-2_eeg.set,sub-007,,25,7,14,True,True,True,True,True,True,True,False,1.0,Y D Q V G L F S G,9,1,correct,132392,137672,132392.484724325,137672.058038725,True,False
sub-007_ses-01_task-WorkingMemory_run-3_eeg.set,sub-007,,1,5,14,True,True,True,True,True,True,False,True,1.0,L F M J K N R H G,9,255,correct,1003,7149,1003.0,7149.110346500001,True,False
sub-007_ses-01_task-WorkingMemory_run-3_eeg.set,sub-007,,2,5,14,True,True,True,True,True,True,False,True,1.0,C P X Z T Y J B H,9,255,correct,7155,12646,7154.5603335,12646.472239725,True,False
sub-007_ses-01_task-WorkingMemory_run-3_eeg.set,sub-007,,3,3,14,True,True,True,True,True,True,False,True,1.0,D V G H P J M Z Y,9,255,correct,12652,18190,12652.222226025,18189.959023,True,False
sub-007_ses-01_task-WorkingMemory_run-3_eeg.set,sub-007,,4,7,14,True,True,True,True,True,True,True,False,0.0,J T V D X G N R R,9,255,wrong,18196,24274,18196.134008275003,24273.9445176,True,False
sub-007_ses-01_task-WorkingMemory_run-3_eeg.set,sub-007,,5,3,14,True,True,True,True,True,True,True,False,1.0,D C R G Z X L K K,9,1,correct,24281,29692,24280.694501525,29692.15659955,True,False
sub-007_ses-01_task-WorkingMemory_run-3_eeg.set,sub-007,,6,7,14,True,True,True,True,True,True,False,True,1.0,F M B N L X J Y P,9,255,correct,29699,35302,29698.856583575,35301.5432257,True,False
sub-007_ses-01_task-WorkingMemory_run-3_eeg.set,sub-007,,7,7,14,True,True,True,True,True,True,False,True,1.0,J T L X S G Q R Y,9,255,correct,35310,40654,35309.74320615,40653.830464825005,True,False
sub-007_ses-01_task-WorkingMemory_run-3_eeg.set,sub-007,,8,3,14,True,True,True,True,True,True,True,False,1.0,K H L V R C J Y R,9,1,correct,40661,45848,40660.930447900006,45847.918081125,True,False
sub-007_ses-01_task-WorkingMemory_run-3_eeg.set,sub-007,,9,3,13,True,True,True,False,True,True,True,False,1.0,B F H R Z G M V B,9,1,,45853,51213,45852.893069275,51213.3552889,False,False
sub-007_ses-01_task-WorkingMemory_run-3_eeg.set,sub-007,,10,7,14,True,True,True,True,True,True,True,False,1.0,P Y R T B G V M P,9,1,correct,51221,56493,51220.805271125,56493.117700925,True,False
sub-007_ses-01_task-WorkingMemory_run-3_eeg.set,sub-007,,11,7,14,True,True,True,True,True,True,True,False,1.0,K G J Z H D P V G,9,1,correct,56501,62083,56500.74268275,62082.67937435,True,False
sub-007_ses-01_task-WorkingMemory_run-3_eeg.set,sub-007,,12,5,14,True,True,True,True,True,True,False,True,1.0,J S Y T P F M K V,9,255,correct,62091,67329,62090.90435475,67329.466865,True,False
sub-007_ses-01_task-WorkingMemory_run-3_eeg.set,sub-007,,13,3,14,True,True,True,True,True,True,True,False,1.0,H M W N G B T L T,9,255,correct,67337,75378,67337.091846825,75377.62267665,True,False
sub-007_ses-01_task-WorkingMemory_run-3_eeg.set,sub-007,,14,5,14,True,True,True,True,True,True,True,False,1.0,V W Q S T Z K X W,9,1,correct,75383,80862,75382.8476642,80861.73460147501,True,False
sub-007_ses-01_task-WorkingMemory_run-3_eeg.set,sub-007,,15,3,14,True,True,True,True,True,True,False,True,1.0,P M D Z B R N G F,9,255,correct,80868,86168,80868.034586475,86167.84695070001,True,False
sub-007_ses-01_task-WorkingMemory_run-3_eeg.set,sub-007,,16,5,13,True,True,True,False,True,True,True,False,1.0,H B Q K S R T J Q,9,1,,86173,91599,86172.94693855,91599.2090013,False,False
sub-007_ses-01_task-WorkingMemory_run-3_eeg.set,sub-007,,17,3,14,True,True,True,True,True,True,False,True,1.0,R X S P N D G J M,9,255,correct,91604,97011,91603.88399015,97010.796099025,True,False
sub-007_ses-01_task-WorkingMemory_run-3_eeg.set,sub-007,,18,5,14,True,True,True,True,True,True,True,False,1.0,Z C R F Q V P N F,9,1,correct,97018,102693,97017.79608235,102692.63255245,True,False
sub-007_ses-01_task-WorkingMemory_run-3_eeg.set,sub-007,,19,7,14,True,True,True,True,True,True,True,False,1.0,W D R Z M T H L W,9,1,correct,102700,110662,102700.18253445,110661.6385528,True,False
sub-007_ses-01_task-WorkingMemory_run-3_eeg.set,sub-007,,20,7,14,True,True,True,True,True,True,True,False,1.0,Y W S J P C D K C,9,1,correct,110670,116396,110670.213532375,116396.199880525,True,False
sub-007_ses-01_task-WorkingMemory_run-3_eeg.set,sub-007,,21,5,14,True,True,True,True,True,True,False,True,1.0,D Q G M P V F T B,9,255,correct,116403,121524,116402.574865325,121524.2376543,True,False
sub-007_ses-01_task-WorkingMemory_run-3_eeg.set,sub-007,,22,7,14,True,True,True,True,True,True,True,False,1.0,Z X S Y C V T W V,9,1,correct,121532,126830,121531.7876363,126830.20000385,True,False
sub-007_ses-01_task-WorkingMemory_run-3_eeg.set,sub-007,,23,7,14,True,True,True,True,True,True,True,False,1.0,Y S N M F Q H W N,9,1,correct,126837,132136,126836.7249883,132136.1373535,True,False
sub-007_ses-01_task-WorkingMemory_run-3_eeg.set,sub-007,,24,5,14,True,True,True,True,True,True,True,False,1.0,Z W T R H L D J H,9,1,correct,132142,137416,132141.91233972498,137415.67476607498,True,False
sub-007_ses-01_task-WorkingMemory_run-3_eeg.set,sub-007,,25,3,14,True,True,True,True,True,True,False,True,1.0,G L X P H M N R Z,9,255,correct,137422,142774,137421.84975135,142774.336989975,True,False
sub-007_ses-01_task-WorkingMemory_run-4_eeg.set,sub-007,,1,5,14,True,True,True,True,True,True,False,True,1.0,J Q K F Z W M H B,9,255,correct,786,6056,786.0,6056.25,True,False
sub-007_ses-01_task-WorkingMemory_run-4_eeg.set,sub-007,,2,5,14,True,True,True,True,True,True,False,True,1.0,R B Y C Q F N L Z,9,255,correct,6062,11474,6061.724999999999,11474.375,True,False
sub-007_ses-01_task-WorkingMemory_run-4_eeg.set,sub-007,,3,3,14,True,True,True,True,True,True,True,False,1.0,Z K H P C S V X C,9,1,correct,11480,17064,11479.925,17063.825,True,False
sub-007_ses-01_task-WorkingMemory_run-4_eeg.set,sub-007,,4,7,14,True,True,True,True,True,True,False,True,1.0,Y V F R C Z Q D K,9,255,correct,17070,22923,17069.8,22923.375,True,False
sub-007_ses-01_task-WorkingMemory_run-4_eeg.set,sub-007,,5,5,14,True,True,True,True,True,True,True,False,1.0,G K M D R C B Y Y,9,1,correct,22928,28954,22928.175,28954.275,True,False
sub-007_ses-01_task-WorkingMemory_run-4_eeg.set,sub-007,,6,5,14,True,True,True,True,True,True,True,False,1.0,Q W C K J P V M M,9,1,correct,28962,34306,28962.25,34306.375,True,False
sub-007_ses-01_task-WorkingMemory_run-4_eeg.set,sub-007,,7,5,14,True,True,True,True,True,True,False,True,1.0,V L S M R D N Q K,9,255,correct,34313,39553,34313.45,39553.15,True,False
sub-007_ses-01_task-WorkingMemory_run-4_eeg.set,sub-007,,8,3,13,True,True,True,False,True,True,False,True,1.0,S G N B L Q Z P X,9,255,,39560,44938,39559.925,44938.25,False,False
sub-007_ses-01_task-WorkingMemory_run-4_eeg.set,sub-007,,9,7,14,True,True,True,True,True,True,False,True,1.0,F W C R N Q H S J,9,255,correct,44945,50607,44944.600000000006,50606.675,True,False
sub-007_ses-01_task-WorkingMemory_run-4_eeg.set,sub-007,,10,7,14,True,True,True,True,True,True,True,False,1.0,P L H K B Q T J H,9,1,correct,50614,56354,50614.25,56354.175,True,False
sub-007_ses-01_task-WorkingMemory_run-4_eeg.set,sub-007,,11,3,14,True,True,True,True,True,True,True,False,1.0,S T G N W J F H N,9,1,correct,56359,61878,56359.375,61877.55,True,False
sub-007_ses-01_task-WorkingMemory_run-4_eeg.set,sub-007,,12,7,14,True,True,True,True,True,True,True,False,1.0,K G D H R T V N D,9,1,correct,61882,67150,61882.3,67150.45,True,False
sub-007_ses-01_task-WorkingMemory_run-4_eeg.set,sub-007,,13,3,13,True,True,True,False,True,True,True,False,1.0,D H G C S N M F S,9,1,,67158,72634,67158.0,72634.25,False,False
sub-007_ses-01_task-WorkingMemory_run-4_eeg.set,sub-007,,14,7,14,True,True,True,True,True,True,False,True,1.0,L C Z M T B G K D,9,255,correct,72639,78223,72638.92499999999,78223.475,True,False
sub-007_ses-01_task-WorkingMemory_run-4_eeg.set,sub-007,,15,5,14,True,True,True,True,True,True,True,False,1.0,M R L X G W F D F,9,1,correct,78229,83622,78229.075,83621.54999999999,True,False
sub-007_ses-01_task-WorkingMemory_run-4_eeg.set,sub-007,,16,5,14,True,True,True,True,True,True,False,True,1.0,M V G F R X W Y J,9,255,correct,83626,88954,83626.27500000001,88953.825,True,False
sub-007_ses-01_task-WorkingMemory_run-4_eeg.set,sub-007,,17,3,14,True,True,True,True,True,True,False,True,1.0,Y T W N J V Z C B,9,255,correct,88961,94451,88960.7,94450.875,True,False
sub-007_ses-01_task-WorkingMemory_run-4_eeg.set,sub-007,,18,5,14,True,True,True,True,True,True,True,False,1.0,K C Z M L F G Y L,9,1,correct,94459,102453,94458.625,102452.6,True,False
sub-007_ses-01_task-WorkingMemory_run-4_eeg.set,sub-007,,19,3,14,True,True,True,True,True,True,False,True,1.0,Z M P N F L D H J,9,255,correct,102458,107541,102458.175,107541.05,True,False
sub-007_ses-01_task-WorkingMemory_run-4_eeg.set,sub-007,,20,7,14,True,True,True,True,True,True,False,True,1.0,L K G Z H W M D Q,9,255,correct,107549,113434,107549.4,113433.65,True,False
sub-007_ses-01_task-WorkingMemory_run-4_eeg.set,sub-007,,21,7,14,True,True,True,True,True,True,False,True,1.0,Z P W Q B G J M V,9,255,correct,113441,118746,113441.25,118746.25,True,False
sub-007_ses-01_task-WorkingMemory_run-4_eeg.set,sub-007,,22,7,14,True,True,True,True,True,True,True,False,1.0,Z N K G B M Y R K,9,1,correct,118755,124329,118754.725,124329.1,True,False
sub-007_ses-01_task-WorkingMemory_run-4_eeg.set,sub-007,,23,3,14,True,True,True,True,True,True,False,True,1.0,F S M D Y N Q K R,9,255,correct,124336,129721,124336.375,129720.82499999998,True,False
sub-007_ses-01_task-WorkingMemory_run-4_eeg.set,sub-007,,24,3,14,True,True,True,True,True,True,False,True,1.0,D N K H J C B M S,9,255,correct,129729,135251,129729.3,135251.0,True,False
sub-007_ses-01_task-WorkingMemory_run-4_eeg.set,sub-007,,25,5,14,True,True,True,True,True,True,False,True,1.0,H W Z Q F T S M B,9,255,correct,135256,140504,135256.47499999998,140504.25,True,False
sub-008_ses-01_task-WorkingMemory_run-1_eeg.set,sub-008,,1,0,4,True,False,True,True,False,False,False,False,0.0,,0,1,wrong,3670,8452,3670.0,8452.39224655,False,True
sub-008_ses-01_task-WorkingMemory_run-1_eeg.set,sub-008,,2,5,14,True,True,True,True,True,True,False,True,1.0,K W Z Q D C M P J,9,1,correct,8459,14590,8459.49223505,14589.88229615,True,False
sub-008_ses-01_task-WorkingMemory_run-1_eeg.set,sub-008,,3,7,14,True,True,True,True,True,True,True,False,1.0,W T M P G H Z N M,9,1,correct,14594,20938,14594.33228895,20938.32200375,True,False
sub-008_ses-01_task-WorkingMemory_run-1_eeg.set,sub-008,,4,3,14,True,True,True,True,True,True,False,True,1.0,F B C R M J H T S,9,1,correct,20943,27274,20942.846996425,27273.7117325,True,False
sub-008_ses-01_task-WorkingMemory_run-1_eeg.set,sub-008,,5,7,14,True,True,True,True,True,True,False,True,1.0,T H X S W Q K D F,9,1,correct,27279,33062,27278.636724525,33061.927348375,True,False
sub-008_ses-01_task-WorkingMemory_run-1_eeg.set,sub-008,,6,7,14,True,True,True,True,True,True,False,True,1.0,X J N R S V Y H C,9,1,correct,33070,38580,33069.752335675,38579.893402375004,True,False
sub-008_ses-01_task-WorkingMemory_run-1_eeg.set,sub-008,,7,5,14,True,True,True,True,True,True,True,False,1.0,S C G P F M J L G,9,1,correct,38584,44487,38584.418395025,44486.8088258,True,False
sub-008_ses-01_task-WorkingMemory_run-1_eeg.set,sub-008,,8,3,14,True,True,True,True,True,True,True,False,1.0,J Q D H X G C W D,9,1,correct,44493,50262,44492.75881615,50261.899462925,True,False
sub-008_ses-01_task-WorkingMemory_run-1_eeg.set,sub-008,,9,3,14,True,True,True,True,True,True,True,False,1.0,D Y T J M K B F B,9,1,correct,50267,56123,50267.374454050005,56122.7149611,True,False
sub-008_ses-01_task-WorkingMemory_run-1_eeg.set,sub-008,,10,5,14,True,True,True,True,True,True,True,False,1.0,L G Q F Z T R M L,9,1,correct,56130,62966,56129.7399497,62965.8288667,True,False
sub-008_ses-01_task-WorkingMemory_run-1_eeg.set,sub-008,,11,3,14,True,True,True,True,True,True,True,False,1.0,Q P J T Z K D C J,9,1,correct,62973,69624,62972.6788556,69624.193071825,True,False
sub-008_ses-01_task-WorkingMemory_run-1_eeg.set,sub-008,,12,3,14,True,True,True,True,True,True,False,True,1.0,S Z F D G W V Q L,9,1,correct,69631,75208,69631.168060525,75208.009019075,True,False
sub-008_ses-01_task-WorkingMemory_run-1_eeg.set,sub-008,,13,5,14,True,True,True,True,True,True,True,False,1.0,K Z J V R H M S R,9,1,correct,75213,81141,75212.8090113,81141.17439995,True,False
sub-008_ses-01_task-WorkingMemory_run-1_eeg.set,sub-008,,14,3,14,True,True,True,True,True,True,True,False,1.0,D M B Y H Q C G C,9,1,correct,81146,86883,81146.424391425,86883.14009077499,True,False
sub-008_ses-01_task-WorkingMemory_run-1_eeg.set,sub-008,,15,7,14,True,True,True,True,True,True,False,True,1.0,W Z V D F X M Y G,9,1,correct,86892,92526,86891.56507712501,92526.205941975,True,False
sub-008_ses-01_task-WorkingMemory_run-1_eeg.set,sub-008,,16,7,14,True,True,True,True,True,True,False,True,1.0,X C J H N D P S L,9,1,correct,92532,98215,92531.6809331,98215.421718325,True,False
sub-008_ses-01_task-WorkingMemory_run-1_eeg.set,sub-008,,17,7,14,True,True,True,True,True,True,False,True,1.0,J C F M L K Q W B,9,1,correct,98222,103601,98222.32170715,103601.38798635,True,False
sub-008_ses-01_task-WorkingMemory_run-1_eeg.set,sub-008,,18,7,14,True,True,True,True,True,True,True,False,1.0,C Z L K R G B T Z,9,255,correct,103607,109396,103606.98797725,109396.05359175,True,False
sub-008_ses-01_task-WorkingMemory_run-1_eeg.set,sub-008,,19,3,14,True,True,True,True,True,True,True,False,1.0,J C L S G V R T V,9,1,correct,109402,114960,109402.353581525,114959.9945712,True,False
sub-008_ses-01_task-WorkingMemory_run-1_eeg.set,sub-008,,20,3,14,True,True,True,True,True,True,True,False,1.0,P T Z Q V B X G V,9,1,correct,114967,120610,114967.269559425,120609.610411775,True,False
sub-008_ses-01_task-WorkingMemory_run-1_eeg.set,sub-008,,21,5,14,True,True,True,True,True,True,True,False,1.0,D C L S J K H V L,9,1,correct,120616,126635,120615.910401575,126635.000643125,True,False
sub-008_ses-01_task-WorkingMemory_run-1_eeg.set,sub-008,,22,5,14,True,True,True,True,True,True,True,False,1.0,B H D R N Z V L R,9,1,correct,126642,132324,126641.725632225,132324.19141952498,True,False
sub-008_ses-01_task-WorkingMemory_run-1_eeg.set,sub-008,,23,7,14,True,True,True,True,True,True,True,False,1.0,W K M C Q G B T B,9,1,correct,132332,138534,132332.36640627502,138534.156351625,True,False
sub-008_ses-01_task-WorkingMemory_run-1_eeg.set,sub-008,,24,5,14,True,True,True,True,True,True,False,True,1.0,Z T M S Y V N H Q,9,1,correct,138542,143966,138542.40633825,143966.17254497498,True,False
sub-008_ses-01_task-WorkingMemory_run-1_eeg.set,sub-008,,25,5,14,True,True,True,True,True,True,False,True,1.0,M G L Z B Y R C T,9,1,correct,143973,149312,143973.34753335,149312.488877275,True,False
sub-008_ses-01_task-WorkingMemory_run-2_eeg.set,sub-008,,1,7,14,True,True,True,True,True,True,False,True,1.0,Q P H R X C S V Z,9,1,correct,1311,7213,1311.0,7212.838508199999,True,False
sub-008_ses-01_task-WorkingMemory_run-2_eeg.set,sub-008,,2,5,14,True,True,True,True,True,True,True,False,1.0,H T X V F K C G X,9,1,correct,7220,12955,7219.6135237,12954.901650725,True,False
sub-008_ses-01_task-WorkingMemory_run-2_eeg.set,sub-008,,3,7,14,True,True,True,True,True,True,True,False,1.0,W L D J C F V S S,9,1,correct,12961,18585,12960.501663525,18584.86453665,True,False
sub-008_ses-01_task-WorkingMemory_run-2_eeg.set,sub-008,,4,3,14,True,True,True,True,True,True,True,False,1.0,Y C P K R W H L K,9,1,correct,18592,24347,18592.439553975,24346.727724475,True,False
sub-008_ses-01_task-WorkingMemory_run-2_eeg.set,sub-008,,5,5,14,True,True,True,True,True,True,False,True,1.0,T Y K Z F Q G W L,9,1,correct,24354,30267,24354.302741825,30266.7912744,True,False
sub-008_ses-01_task-WorkingMemory_run-2_eeg.set,sub-008,,6,5,14,True,True,True,True,True,True,True,False,1.0,M F G K Z Q Y N K,9,1,correct,30275,35996,30275.191293625,35995.67938675,True,False
sub-008_ses-01_task-WorkingMemory_run-2_eeg.set,sub-008,,7,3,14,True,True,True,True,True,True,True,False,1.0,P K B Y D M C F P,9,1,correct,36004,41764,36003.579404825,41764.142589675,True,False
sub-008_ses-01_task-WorkingMemory_run-2_eeg.set,sub-008,,8,7,14,True,True,True,True,True,True,True,False,0.0,Y D Q V G L F S G,9,1,wrong,41770,47368,41769.71760245,47367.805415425,True,False
sub-008_ses-01_task-WorkingMemory_run-2_eeg.set,sub-008,,9,5,14,True,True,True,True,True,True,False,True,1.0,V C H M D Q Z Y J,9,1,correct,47372,53116,47372.130425325,53116.49357309999,True,False
sub-008_ses-01_task-WorkingMemory_run-2_eeg.set,sub-008,,10,3,14,True,True,True,True,True,True,False,True,1.0,P X B Z H V R F Q,9,1,correct,53122,58575,53121.54358465,58575.1310669,True,False
sub-008_ses-01_task-WorkingMemory_run-2_eeg.set,sub-008,,11,5,14,True,True,True,True,True,True,True,False,1.0,R C X H N P M L P,9,1,correct,58582,64357,58581.731082,64356.79430005,True,False
sub-008_ses-01_task-WorkingMemory_run-2_eeg.set,sub-008,,12,3,14,True,True,True,True,True,True,False,True,1.0,V W S R B N P Z X,9,1,correct,64364,70033,64364.369317375,70033.007291825,True,False
sub-008_ses-01_task-WorkingMemory_run-2_eeg.set,sub-008,,13,7,14,True,True,True,True,True,True,True,False,1.0,B N R G Y Z M X Z,9,1,correct,70038,75472,70038.2823039,75471.869740375,True,False
sub-008_ses-01_task-WorkingMemory_run-2_eeg.set,sub-008,,14,7,14,True,True,True,True,True,True,False,True,1.0,M Q W B Z D R L Y,9,1,correct,75477,80990,75477.46975320001,80989.857370025,True,False
sub-008_ses-01_task-WorkingMemory_run-2_eeg.set,sub-008,,15,3,14,True,True,True,True,True,True,True,False,1.0,N B T S X C Q R S,9,1,correct,80996,86528,80996.407385,86527.54504474999,True,False
sub-008_ses-01_task-WorkingMemory_run-2_eeg.set,sub-008,,16,7,14,True,True,True,True,True,True,False,True,1.0,P Q S W D F C H X,9,1,correct,86536,91788,86536.09506432501,91788.3320857,True,False
sub-008_ses-01_task-WorkingMemory_run-2_eeg.set,sub-008,,17,7,14,True,True,True,True,True,True,True,False,0.0,H D W Y K P X V X,9,1,wrong,91795,97319,91795.03210105,97319.419745325,True,False
sub-008_ses-01_task-WorkingMemory_run-2_eeg.set,sub-008,,18,3,14,True,True,True,True,True,True,True,False,1.0,S N R X M T B G R,9,1,correct,97326,103035,97326.469761475,103035.082827425,True,False
sub-008_ses-01_task-WorkingMemory_run-2_eeg.set,sub-008,,19,5,14,True,True,True,True,True,True,False,True,1.0,F C J Q T S M N Z,9,1,correct,103042,108724,103042.1078435,108724.370849125,True,False
sub-008_ses-01_task-WorkingMemory_run-2_eeg.set,sub-008,,20,3,14,True,True,True,True,True,True,True,False,1.0,C V W H N X R M R,9,1,correct,108733,114077,108732.795868425,114077.45810135,True,False
sub-008_ses-01_task-WorkingMemory_run-2_eeg.set,sub-008,,21,5,14,True,True,True,True,True,True,False,True,1.0,K S P F D L T Z Q,9,1,correct,114084,119411,114083.983116275,119410.7703083,True,False
sub-008_ses-01_task-WorkingMemory_run-2_eeg.set,sub-008,,22,3,14,True,True,True,True,True,True,True,False,1.0,D B G J W L K C L,9,1,correct,119418,124856,119418.445325875,124856.107771675,True,False
sub-008_ses-01_task-WorkingMemory_run-2_eeg.set,sub-008,,23,7,14,True,True,True,True,True,True,False,True,1.0,P W F S Z T K Q L,9,1,correct,124862,130196,124861.6327843,130195.994993675,True,False
sub-008_ses-01_task-WorkingMemory_run-2_eeg.set,sub-008,,24,5,14,True,True,True,True,True,True,True,False,1.0,Q M C X S W R H Q,9,1,correct,130205,136848,130204.59501335,136847.785218375,True,False
sub-008_ses-01_task-WorkingMemory_run-2_eeg.set,sub-008,,25,3,14,True,True,True,True,True,True,False,True,1.0,P R K W C Z Y X B,9,1,correct,136855,142082,136854.585233925,142082.197198975,True,False
sub-008_ses-01_task-WorkingMemory_run-3_eeg.set,sub-008,,1,3,14,True,True,True,True,True,True,False,True,1.0,R X S P N D G J M,9,1,correct,1655,7052,1655.0,7051.711322725,True,False
sub-008_ses-01_task-WorkingMemory_run-3_eeg.set,sub-008,,2,3,14,True,True,True,True,True,True,False,True,1.0,G L X P H M N R Z,9,1,correct,7056,12450,7056.461332700001,12450.2976494,True,False
sub-008_ses-01_task-WorkingMemory_run-3_eeg.set,sub-008,,3,5,14,True,True,True,True,True,True,False,True,1.0,C P X Z T Y J B H,9,1,correct,12458,17928,12458.14766585,17927.95914195,True,False
sub-008_ses-01_task-WorkingMemory_run-3_eeg.set,sub-008,,4,5,14,True,True,True,True,True,True,True,False,1.0,H B Q K S R T J Q,9,1,correct,17935,23511,17934.834156375,23511.095855825,True,False
sub-008_ses-01_task-WorkingMemory_run-3_eeg.set,sub-008,,5,7,14,True,True,True,True,True,True,True,False,1.0,W D R Z M T H L W,9,1,correct,23516,29206,23516.495867150003,29206.282804775,True,False
sub-008_ses-01_task-WorkingMemory_run-3_eeg.set,sub-008,,6,7,14,True,True,True,True,True,True,True,False,1.0,K G J Z H D P V G,9,1,correct,29211,34723,29211.432815575,34723.494380325006,True,False
sub-008_ses-01_task-WorkingMemory_run-3_eeg.set,sub-008,,7,5,14,True,True,True,True,True,True,False,True,1.0,D Q G M P V F T B,9,1,correct,34730,39891,34730.094394175,39891.3552229,True,False
sub-008_ses-01_task-WorkingMemory_run-3_eeg.set,sub-008,,8,5,14,True,True,True,True,True,True,False,True,1.0,L F M J K N R H G,9,1,correct,39897,45415,39897.0802349,45415.166812300005,True,False
sub-008_ses-01_task-WorkingMemory_run-3_eeg.set,sub-008,,9,7,14,True,True,True,True,True,True,True,False,0.0,J T V D X G N R R,9,1,wrong,45420,50979,45420.016822475,50978.528484675,True,False
sub-008_ses-01_task-WorkingMemory_run-3_eeg.set,sub-008,,10,5,14,True,True,True,True,True,True,False,True,1.0,J S Y T P F M K V,9,1,correct,50985,56226,50984.9284981,56225.51449325,True,False
sub-008_ses-01_task-WorkingMemory_run-3_eeg.set,sub-008,,11,5,14,True,True,True,True,True,True,True,False,1.0,Z C R F Q V P N F,9,1,correct,56231,61756,56231.389505575,61755.9260965,True,False
sub-008_ses-01_task-WorkingMemory_run-3_eeg.set,sub-008,,12,3,14,True,True,True,True,True,True,True,False,1.0,K H L V R C J Y R,9,1,correct,61763,66858,61762.57611045,66857.886800825,True,False
sub-008_ses-01_task-WorkingMemory_run-3_eeg.set,sub-008,,13,7,14,True,True,True,True,True,True,True,False,1.0,Y S N M F Q H W N,9,1,correct,66862,72098,66862.3118101,72098.27279555,True,False
sub-008_ses-01_task-WorkingMemory_run-3_eeg.set,sub-008,,14,7,14,True,True,True,True,True,True,True,False,1.0,P Y R T B G V M P,9,1,correct,72105,77543,72104.522808675,77543.00921905,True,False
sub-008_ses-01_task-WorkingMemory_run-3_eeg.set,sub-008,,15,3,14,True,True,True,True,True,True,False,True,1.0,D V G H P J M Z Y,9,1,correct,77548,82724,77547.984229475,82724.070089325,True,False
sub-008_ses-01_task-WorkingMemory_run-3_eeg.set,sub-008,,16,3,14,True,True,True,True,True,True,False,True,1.0,P M D Z B R N G F,9,1,correct,82731,88057,82731.4451048,88056.756277725,True,False
sub-008_ses-01_task-WorkingMemory_run-3_eeg.set,sub-008,,17,5,14,True,True,True,True,True,True,True,False,1.0,V W Q S T Z K X W,9,1,correct,88062,93449,88061.656288,93448.767590575,True,False
sub-008_ses-01_task-WorkingMemory_run-3_eeg.set,sub-008,,18,3,14,True,True,True,True,True,True,True,False,1.0,B F H R Z G M V B,9,1,correct,93455,99777,93454.842603325,99776.8058673,True,False
sub-008_ses-01_task-WorkingMemory_run-3_eeg.set,sub-008,,19,7,14,True,True,True,True,True,True,True,False,1.0,Z X S Y C V T W V,9,1,correct,99782,105281,99782.40587905,105280.842415225,True,False
sub-008_ses-01_task-WorkingMemory_run-3_eeg.set,sub-008,,20,7,14,True,True,True,True,True,True,False,True,1.0,J T L X S G Q R Y,9,1,correct,105289,111932,105288.592431475,111931.856369575,True,False
sub-008_ses-01_task-WorkingMemory_run-3_eeg.set,sub-008,,21,3,14,True,True,True,True,True,True,True,False,1.0,D C R G Z X L K K,9,1,correct,111939,117410,111938.85638425,117409.61786235,True,False
sub-008_ses-01_task-WorkingMemory_run-3_eeg.set,sub-008,,22,3,14,True,True,True,True,True,True,True,False,1.0,H M W N G B T L T,9,1,correct,117416,124390,117415.7928753,124390.43250865,True,False
sub-008_ses-01_task-WorkingMemory_run-3_eeg.set,sub-008,,23,7,14,True,True,True,True,True,True,False,True,1.0,F M B N L X J Y P,9,1,correct,124397,129961,124397.00752245,129960.66919545,True,False
sub-008_ses-01_task-WorkingMemory_run-3_eeg.set,sub-008,,24,5,14,True,True,True,True,True,True,True,False,1.0,Z W T R H L D J H,9,1,correct,129966,135814,129966.16920697498,135814.38147700002,True,False
sub-008_ses-01_task-WorkingMemory_run-3_eeg.set,sub-008,,25,7,14,True,True,True,True,True,True,True,False,0.0,Y W S J P C D K C,9,1,wrong,135820,141431,135820.0564889,141430.843260775,True,False
sub-008_ses-01_task-WorkingMemory_run-4_eeg.set,sub-008,,1,7,14,True,True,True,True,True,True,True,False,1.0,P L H K B Q T J H,9,1,correct,693,7409,693.0,7409.305784450001,True,False
sub-008_ses-01_task-WorkingMemory_run-4_eeg.set,sub-008,,2,5,14,True,True,True,True,True,True,True,False,1.0,G K M D R C B Y Y,9,1,correct,7414,12999,7414.480769625,12998.814792675,True,False
sub-008_ses-01_task-WorkingMemory_run-4_eeg.set,sub-008,,3,3,14,True,True,True,True,True,True,False,True,1.0,S G N B L Q Z P X,9,1,correct,13005,18496,13004.614776075,18496.024065,True,False
sub-008_ses-01_task-WorkingMemory_run-4_eeg.set,sub-008,,4,3,14,True,True,True,True,True,True,False,True,0.0,Y T W N J V Z C B,9,1,wrong,18502,24244,18502.2740471,24243.7076207,True,False
sub-008_ses-01_task-WorkingMemory_run-4_eeg.set,sub-008,,5,3,14,True,True,True,True,True,True,True,False,1.0,D H G C S N M F S,9,1,correct,24252,29813,24251.65759795,29813.416685575,True,False
sub-008_ses-01_task-WorkingMemory_run-4_eeg.set,sub-008,,6,7,14,True,True,True,True,True,True,True,False,1.0,Z N K G B M Y R K,9,1,correct,29820,35205,29820.49166535,35205.15125965,True,False
sub-008_ses-01_task-WorkingMemory_run-4_eeg.set,sub-008,,7,3,14,True,True,True,True,True,True,False,True,1.0,Z M P N F L D H J,9,1,correct,35214,40393,35213.7012352,40392.611418175,True,False
sub-008_ses-01_task-WorkingMemory_run-4_eeg.set,sub-008,,8,7,14,True,True,True,True,True,True,False,True,1.0,Y V F R C Z Q D K,9,1,correct,40397,46154,40397.136405225,46153.7449354,True,False
sub-008_ses-01_task-WorkingMemory_run-4_eeg.set,sub-008,,9,5,14,True,True,True,True,True,True,False,True,1.0,R B Y C Q F N L Z,9,1,correct,46159,51440,46159.0199203,51440.17981075,True,False
sub-008_ses-01_task-WorkingMemory_run-4_eeg.set,sub-008,,10,7,14,True,True,True,True,True,True,True,False,0.0,K G D H R T V N D,9,1,wrong,51447,57142,51447.454789925,57141.888497975,True,False
sub-008_ses-01_task-WorkingMemory_run-4_eeg.set,sub-008,,11,5,14,True,True,True,True,True,True,False,True,1.0,M V G F R X W Y J,9,1,correct,57146,62646,57146.288485375,62645.82275105,True,False
sub-008_ses-01_task-WorkingMemory_run-4_eeg.set,sub-008,,12,7,14,True,True,True,True,True,True,False,True,1.0,F W C R N Q H S J,9,1,correct,62652,68381,62652.472732025,68380.60634365,True,False
sub-008_ses-01_task-WorkingMemory_run-4_eeg.set,sub-008,,13,5,14,True,True,True,True,True,True,False,True,1.0,V L S M R D N Q K,9,1,correct,68389,73555,68389.106319325,73555.11653922501,True,False
sub-008_ses-01_task-WorkingMemory_run-4_eeg.set,sub-008,,14,3,14,True,True,True,True,True,True,True,False,1.0,Z K H P C S V X C,9,1,correct,73560,79198,73560.041525125,79197.60039590001,True,False
sub-008_ses-01_task-WorkingMemory_run-4_eeg.set,sub-008,,15,5,14,True,True,True,True,True,True,True,False,1.0,Q W C K J P V M M,9,1,correct,79205,84642,79204.67537565,84642.3098184,True,False
sub-008_ses-01_task-WorkingMemory_run-4_eeg.set,sub-008,,16,7,14,True,True,True,True,True,True,False,True,1.0,L K G Z H W M D Q,9,1,correct,84648,90304,84647.8348026,90304.493618725,True,False
sub-008_ses-01_task-WorkingMemory_run-4_eeg.set,sub-008,,17,5,14,True,True,True,True,True,True,True,False,1.0,K C Z M L F G Y L,9,1,correct,90309,96026,90309.2186052,96026.0772491,True,False
sub-008_ses-01_task-WorkingMemory_run-4_eeg.set,sub-008,,18,3,14,True,True,True,True,True,True,False,True,1.0,F S M D Y N Q K R,9,1,correct,96033,101379,96033.3772282,101378.5869354,True,False
sub-008_ses-01_task-WorkingMemory_run-4_eeg.set,sub-008,,19,7,14,True,True,True,True,True,True,False,True,1.0,L C Z M T B G K D,9,1,correct,101385,106837,101384.536918375,106836.646319725,True,False
sub-008_ses-01_task-WorkingMemory_run-4_eeg.set,sub-008,,20,3,14,True,True,True,True,True,True,False,True,1.0,D N K H J C B M S,9,1,correct,106845,112387,106844.671296775,112386.955440125,True,False
sub-008_ses-01_task-WorkingMemory_run-4_eeg.set,sub-008,,21,7,14,True,True,True,True,True,True,False,True,0.0,Z P W Q B G J M V,9,1,wrong,112393,117825,112392.580424025,117825.239881025,True,False
sub-008_ses-01_task-WorkingMemory_run-4_eeg.set,sub-008,,22,5,14,True,True,True,True,True,True,False,True,1.0,H W Z Q F T S M B,9,1,correct,117832,123185,117831.739862425,123184.524547925,True,False
sub-008_ses-01_task-WorkingMemory_run-4_eeg.set,sub-008,,23,5,14,True,True,True,True,True,True,True,False,1.0,M R L X G W F D F,9,1,correct,123191,128557,123191.4245282,128557.00917710002,True,False
sub-008_ses-01_task-WorkingMemory_run-4_eeg.set,sub-008,,24,3,14,True,True,True,True,True,True,True,False,1.0,S T G N W J F H N,9,1,correct,128563,134101,128563.334159,134100.643316575,True,False
sub-008_ses-01_task-WorkingMemory_run-4_eeg.set,sub-008,,25,5,14,True,True,True,True,True,True,False,True,1.0,J Q K F Z W M H B,9,1,correct,134107,139440,134107.24329769998,139439.92804072498,True,False
sub-009_ses-01_task-WorkingMemory_run-1_eeg.set,sub-009,,1,7,14,True,True,True,True,True,True,True,False,1.0,W T M P G H Z N M,9,1,correct,1211,7968,1211.0,7968.441622275001,True,False
sub-009_ses-01_task-WorkingMemory_run-1_eeg.set,sub-009,,2,5,14,True,True,True,True,True,True,True,False,0.0,B H D R N Z V L R,9,1,wrong,7981,15415,7981.191606474999,15415.407389675,True,False
sub-009_ses-01_task-WorkingMemory_run-1_eeg.set,sub-009,,3,7,14,True,True,True,True,True,True,True,False,1.0,C Z L K R G B T Z,9,1,correct,15431,21459,15430.582370875,21458.8998971,True,False
sub-009_ses-01_task-WorkingMemory_run-1_eeg.set,sub-009,,4,7,14,True,True,True,True,True,True,True,False,1.0,W K M C Q G B T B,9,1,correct,21473,27239,21472.64988005,27238.767731350003,True,False
sub-009_ses-01_task-WorkingMemory_run-1_eeg.set,sub-009,,5,5,14,True,True,True,True,True,True,False,True,1.0,M G L Z B Y R C T,9,255,correct,27253,33487,27253.017713675,33486.634985375,True,False
sub-009_ses-01_task-WorkingMemory_run-1_eeg.set,sub-009,,6,3,14,True,True,True,True,True,True,False,True,1.0,S Z F D G W V Q L,9,255,correct,33500,39392,33499.584969325,39391.877664175,True,False
sub-009_ses-01_task-WorkingMemory_run-1_eeg.set,sub-009,,7,5,14,True,True,True,True,True,True,True,False,1.0,K C J Y L D M S J,9,1,correct,39407,44790,39406.677645825,44789.64597215,True,False
sub-009_ses-01_task-WorkingMemory_run-1_eeg.set,sub-009,,8,5,14,True,True,True,True,True,True,False,True,1.0,Z T M S Y V N H Q,9,255,correct,44804,50583,44804.345953925,50583.01378965,True,False
sub-009_ses-01_task-WorkingMemory_run-1_eeg.set,sub-009,,9,7,14,True,True,True,True,True,True,False,True,1.0,X J N R S V Y H C,9,255,correct,50596,56027,50596.213773300005,56027.157040125,True,False
sub-009_ses-01_task-WorkingMemory_run-1_eeg.set,sub-009,,10,3,14,True,True,True,True,True,True,False,True,1.0,F B C R M J H T S,9,255,correct,56040,61445,56040.13202405,61444.975323225,True,False
sub-009_ses-01_task-WorkingMemory_run-1_eeg.set,sub-009,,11,5,14,True,True,True,True,True,True,True,False,1.0,L G Q F Z T R M L,9,1,correct,61458,67192,61458.075307,67192.268197875,True,False
sub-009_ses-01_task-WorkingMemory_run-1_eeg.set,sub-009,,12,5,14,True,True,True,True,True,True,True,False,1.0,S C G P F M J L G,9,1,correct,67207,72815,67206.693179975,72814.511227525,True,False
sub-009_ses-01_task-WorkingMemory_run-1_eeg.set,sub-009,,13,3,14,True,True,True,True,True,True,True,False,1.0,D M B Y H Q C G C,9,1,correct,72829,78654,72828.836209775,78654.228987575,True,False
sub-009_ses-01_task-WorkingMemory_run-1_eeg.set,sub-009,,14,3,14,True,True,True,True,True,True,True,False,1.0,J Q D H X G C W D,9,1,correct,78670,84270,78669.70396839999,84269.747025575,True,False
sub-009_ses-01_task-WorkingMemory_run-1_eeg.set,sub-009,,15,7,14,True,True,True,True,True,True,False,True,1.0,J C F M L K Q W B,9,255,correct,84283,89859,84283.09700902499,89859.06509607499,True,False
sub-009_ses-01_task-WorkingMemory_run-1_eeg.set,sub-009,,16,7,14,True,True,True,True,True,True,False,True,1.0,T H X S W Q K D F,9,255,correct,89874,95600,89873.74007787499,95599.957978625,True,False
sub-009_ses-01_task-WorkingMemory_run-1_eeg.set,sub-009,,17,3,14,True,True,True,True,True,True,True,False,1.0,D Y T J M K B F B,9,1,correct,95614,102125,95613.882961375,102125.14988885,True,False
sub-009_ses-01_task-WorkingMemory_run-1_eeg.set,sub-009,,18,7,14,True,True,True,True,True,True,False,True,1.0,W Z V D F X M Y G,9,255,correct,102139,107794,102139.3748712,107793.592861225,True,False
sub-009_ses-01_task-WorkingMemory_run-1_eeg.set,sub-009,,19,3,14,True,True,True,True,True,True,True,False,1.0,Q P J T Z K D C J,9,1,correct,107808,115314,107807.76784365,115314.258537275,True,False
sub-009_ses-01_task-WorkingMemory_run-1_eeg.set,sub-009,,20,5,14,True,True,True,True,True,True,False,True,1.0,K W Z Q D C M P J,9,255,correct,115329,121068,115328.88351915,121068.301403525,True,False
sub-009_ses-01_task-WorkingMemory_run-1_eeg.set,sub-009,,21,5,14,True,True,True,True,True,True,True,False,1.0,D C L S J K H V L,9,1,correct,121083,127033,121083.251385,127033.294008275,True,False
sub-009_ses-01_task-WorkingMemory_run-1_eeg.set,sub-009,,22,7,14,True,True,True,True,True,True,False,True,1.0,X C J H N D P S L,9,255,correct,127048,134758,127047.843990225,134758.35943090002,True,False
sub-009_ses-01_task-WorkingMemory_run-1_eeg.set,sub-009,,23,3,14,True,True,True,True,True,True,True,False,1.0,P T Z Q V B X G V,9,1,correct,134773,140526,134773.15941254998,140525.702280675,True,False
sub-009_ses-01_task-WorkingMemory_run-1_eeg.set,sub-009,,24,5,14,True,True,True,True,True,True,True,False,0.0,K Z J V R H M S R,9,1,wrong,140539,147170,140539.302263825,147169.76904349998,True,False
sub-009_ses-01_task-WorkingMemory_run-1_eeg.set,sub-009,,25,3,14,True,True,True,True,True,True,True,False,1.0,J C L S G V R T V,9,1,correct,147183,153247,147182.79402735,153246.9115092,True,False
sub-009_ses-01_task-WorkingMemory_run-2_eeg.set,sub-009,,1,3,14,True,True,True,True,True,True,True,False,1.0,C V W H N X R M R,9,1,correct,1130,6527,1130.0,6526.76264775,True,False
sub-009_ses-01_task-WorkingMemory_run-2_eeg.set,sub-009,,2,7,14,True,True,True,True,True,True,True,False,1.0,W L D J C F V S S,9,1,correct,6542,12347,6541.937613025,12346.624327125,True,False
sub-009_ses-01_task-WorkingMemory_run-2_eeg.set,sub-009,,3,3,14,True,True,True,True,True,True,True,False,1.0,N B T S X C Q R S,9,1,correct,12360,18529,12359.799296975,18528.96017685,True,False
sub-009_ses-01_task-WorkingMemory_run-2_eeg.set,sub-009,,4,7,14,True,True,True,True,True,True,True,False,1.0,Y D Q V G L F S G,9,1,correct,18543,24632,18543.085144525,24632.22120755,True,False
sub-009_ses-01_task-WorkingMemory_run-2_eeg.set,sub-009,,5,7,14,True,True,True,True,True,True,False,True,1.0,P Q S W D F C H X,9,255,correct,24646,30155,24645.646176825,30155.45856585,True,False
sub-009_ses-01_task-WorkingMemory_run-2_eeg.set,sub-009,,6,5,14,True,True,True,True,True,True,True,False,1.0,M F G K Z Q Y N K,9,1,correct,30170,36068,30170.058532425,36067.570034075,True,False
sub-009_ses-01_task-WorkingMemory_run-2_eeg.set,sub-009,,7,7,14,True,True,True,True,True,True,True,False,0.0,B N R G Y Z M X Z,9,255,wrong,36083,42138,36082.894999,42137.88114020001,True,False
sub-009_ses-01_task-WorkingMemory_run-2_eeg.set,sub-009,,8,5,14,True,True,True,True,True,True,False,True,1.0,F C J Q T S M N Z,9,255,correct,42151,48953,42150.9811102,48952.940541725,True,False
sub-009_ses-01_task-WorkingMemory_run-2_eeg.set,sub-009,,9,3,14,True,True,True,True,True,True,True,False,1.0,Y C P K R W H L K,9,1,correct,48967,54970,48967.1905091,54970.42676875,True,False
sub-009_ses-01_task-WorkingMemory_run-2_eeg.set,sub-009,,10,7,14,True,True,True,True,True,True,False,True,1.0,M Q W B Z D R L Y,9,255,correct,54984,61146,54983.501738825,61146.062633825,True,False
sub-009_ses-01_task-WorkingMemory_run-2_eeg.set,sub-009,,11,3,14,True,True,True,True,True,True,True,False,1.0,S N R X M T B G R,9,1,correct,61161,67783,61160.812600050005,67783.247442475,True,False
sub-009_ses-01_task-WorkingMemory_run-2_eeg.set,sub-009,,12,5,14,True,True,True,True,True,True,True,False,1.0,R C X H N P M L P,9,1,correct,67799,73794,67798.797406875,73794.20868444999,True,False
sub-009_ses-01_task-WorkingMemory_run-2_eeg.set,sub-009,,13,3,14,True,True,True,True,True,True,True,False,1.0,P K B Y D M C F P,9,1,correct,73809,80036,73809.3836497,80035.79439855,True,False
sub-009_ses-01_task-WorkingMemory_run-2_eeg.set,sub-009,,14,5,14,True,True,True,True,True,True,True,False,1.0,H T X V F K C G X,9,1,correct,80050,85895,80050.16936565,85895.080987675,True,False
sub-009_ses-01_task-WorkingMemory_run-2_eeg.set,sub-009,,15,5,14,True,True,True,True,True,True,True,False,1.0,Q M C X S W R H Q,9,1,correct,85908,92064,85908.280957475,92064.11686785,True,False
sub-009_ses-01_task-WorkingMemory_run-2_eeg.set,sub-009,,16,7,14,True,True,True,True,True,True,True,False,1.0,H D W Y K P X V X,9,1,correct,92077,98629,92077.09183815,98628.57684295,True,False
sub-009_ses-01_task-WorkingMemory_run-2_eeg.set,sub-009,,17,3,14,True,True,True,True,True,True,False,True,1.0,V W S R B N P Z X,9,255,correct,98643,105107,98642.82681035,105107.36201415,True,False
sub-009_ses-01_task-WorkingMemory_run-2_eeg.set,sub-009,,18,7,14,True,True,True,True,True,True,False,True,1.0,P W F S Z T K Q L,9,255,correct,105123,111296,105122.586979325,111296.197849,True,False
sub-009_ses-01_task-WorkingMemory_run-2_eeg.set,sub-009,,19,7,14,True,True,True,True,True,True,False,True,1.0,Q P H R X C S V Z,9,255,correct,111311,117630,111311.372814275,117630.008352025,True,False
sub-009_ses-01_task-WorkingMemory_run-2_eeg.set,sub-009,,20,5,14,True,True,True,True,True,True,False,True,1.0,T Y K Z F Q G W L,9,255,correct,117644,124577,117644.15831965,124576.792452075,True,False
sub-009_ses-01_task-WorkingMemory_run-2_eeg.set,sub-009,,21,3,14,True,True,True,True,True,True,False,True,1.0,P X B Z H V R F Q,9,255,correct,124590,130396,124589.8424222,130396.4541319,True,False
sub-009_ses-01_task-WorkingMemory_run-2_eeg.set,sub-009,,22,3,14,True,True,True,True,True,True,True,False,1.0,D B G J W L K C L,9,1,correct,130411,138714,130410.70409927498,138714.185094075,True,False
sub-009_ses-01_task-WorkingMemory_run-2_eeg.set,sub-009,,23,5,14,True,True,True,True,True,True,False,True,1.0,K S P F D L T Z Q,9,255,correct,138729,144382,138728.685060875,144382.27212082502,True,False
sub-009_ses-01_task-WorkingMemory_run-2_eeg.set,sub-009,,24,3,14,True,True,True,True,True,True,False,True,1.0,P R K W C Z Y X B,9,255,correct,144397,150189,144397.07208695,150188.95883035,True,False
sub-009_ses-01_task-WorkingMemory_run-2_eeg.set,sub-009,,25,5,14,True,True,True,True,True,True,False,True,1.0,V C H M D Q Z Y J,9,255,correct,150203,156576,150203.183797775,156575.59421245,True,False
sub-009_ses-01_task-WorkingMemory_run-3_eeg.set,sub-009,,1,5,14,True,True,True,True,True,True,True,False,1.0,V W Q S T Z K X W,9,1,correct,793,6808,793.0,6807.926147249999,True,False
sub-009_ses-01_task-WorkingMemory_run-3_eeg.set,sub-009,,2,3,14,True,True,True,True,True,True,True,False,1.0,K H L V R C J Y R,9,1,correct,6821,12674,6820.8261497250005,12673.977266125,True,False
sub-009_ses-01_task-WorkingMemory_run-3_eeg.set,sub-009,,3,7,14,True,True,True,True,True,True,True,False,1.0,W D R Z M T H L W,9,1,correct,12688,20240,12687.702268725,20240.4037093,True,False
sub-009_ses-01_task-WorkingMemory_run-3_eeg.set,sub-009,,4,7,14,True,True,True,True,True,True,True,False,1.0,K G J Z H D P V G,9,1,correct,20255,26548,20254.80371205,26548.0799124,True,False
sub-009_ses-01_task-WorkingMemory_run-3_eeg.set,sub-009,,5,5,14,True,True,True,True,True,True,True,False,1.0,Z W T R H L D J H,9,1,correct,26562,32269,26561.854915025,32269.031003575,True,False
sub-009_ses-01_task-WorkingMemory_run-3_eeg.set,sub-009,,6,7,14,True,True,True,True,True,True,False,True,1.0,J T L X S G Q R Y,9,255,correct,32285,37898,32284.731006575003,37897.70707715,True,False
sub-009_ses-01_task-WorkingMemory_run-3_eeg.set,sub-009,,7,7,14,True,True,True,True,True,True,False,True,1.0,F M B N L X J Y P,9,255,correct,37913,43895,37912.63208,43895.48322115,True,False
sub-009_ses-01_task-WorkingMemory_run-3_eeg.set,sub-009,,8,3,14,True,True,True,True,True,True,True,False,1.0,H M W N G B T L T,9,1,correct,43909,49972,43908.733223675,49972.3343802,True,False
sub-009_ses-01_task-WorkingMemory_run-3_eeg.set,sub-009,,9,5,14,True,True,True,True,True,True,False,True,1.0,J S Y T P F M K V,9,255,correct,49986,55911,49985.58438275,55910.760512875,True,False
sub-009_ses-01_task-WorkingMemory_run-3_eeg.set,sub-009,,10,3,14,True,True,True,True,True,True,True,False,1.0,D C R G Z X L K K,9,1,correct,55924,61724,55924.185515425,61723.93662165,True,False
sub-009_ses-01_task-WorkingMemory_run-3_eeg.set,sub-009,,11,7,14,True,True,True,True,True,True,True,False,1.0,Y W S J P C D K C,9,1,correct,61739,68130,61739.311624575,68130.21284354999,True,False
sub-009_ses-01_task-WorkingMemory_run-3_eeg.set,sub-009,,12,3,14,True,True,True,True,True,True,False,True,1.0,P M D Z B R N G F,9,255,correct,68144,74563,68143.83784615,74562.839070475,True,False
sub-009_ses-01_task-WorkingMemory_run-3_eeg.set,sub-009,,13,5,14,True,True,True,True,True,True,False,True,1.0,L F M J K N R H G,9,255,correct,74578,80415,74577.61407329999,80415.440186775,True,False
sub-009_ses-01_task-WorkingMemory_run-3_eeg.set,sub-009,,14,5,14,True,True,True,True,True,True,True,False,1.0,Z C R F Q V P N F,9,1,correct,80430,86874,80429.74018950001,86874.366418725,True,False
sub-009_ses-01_task-WorkingMemory_run-3_eeg.set,sub-009,,15,7,14,True,True,True,True,True,True,True,False,1.0,P Y R T B G V M P,9,1,correct,86889,92799,86889.26642155,92799.392548825,True,False
sub-009_ses-01_task-WorkingMemory_run-3_eeg.set,sub-009,,16,3,14,True,True,True,True,True,True,False,True,1.0,R X S P N D G J M,9,255,correct,92814,98896,92813.617551525,98895.89371165,True,False
sub-009_ses-01_task-WorkingMemory_run-3_eeg.set,sub-009,,17,5,14,True,True,True,True,True,True,False,True,1.0,D Q G M P V F T B,9,255,correct,98910,104999,98910.443714425,104998.9948757,True,False
sub-009_ses-01_task-WorkingMemory_run-3_eeg.set,sub-009,,18,3,14,True,True,True,True,True,True,False,True,1.0,G L X P H M N R Z,9,255,correct,105013,110970,105013.269878425,110970.29601465,True,False
sub-009_ses-01_task-WorkingMemory_run-3_eeg.set,sub-009,,19,5,14,True,True,True,True,True,True,False,True,1.0,C P X Z T Y J B H,9,255,correct,110983,116909,110983.37101715,116908.6471473,True,False
sub-009_ses-01_task-WorkingMemory_run-3_eeg.set,sub-009,,20,7,14,True,True,True,True,True,True,True,False,1.0,Z X S Y C V T W V,9,1,correct,116922,125134,116922.2471499,125134.073716175,True,False
sub-009_ses-01_task-WorkingMemory_run-3_eeg.set,sub-009,,21,3,14,True,True,True,True,True,True,True,False,1.0,B F H R Z G M V B,9,1,correct,125148,130914,125148.248718875,130914.349818675,True,False
sub-009_ses-01_task-WorkingMemory_run-3_eeg.set,sub-009,,22,7,14,True,True,True,True,True,True,True,False,1.0,J T V D X G N R R,9,1,correct,130929,137914,130928.6248214,137913.6761537,True,False
sub-009_ses-01_task-WorkingMemory_run-3_eeg.set,sub-009,,23,7,14,True,True,True,True,True,True,True,False,1.0,Y S N M F Q H W N,9,1,correct,137929,143536,137929.076156625,143535.677226,True,False
sub-009_ses-01_task-WorkingMemory_run-3_eeg.set,sub-009,,24,5,14,True,True,True,True,True,True,True,False,1.0,H B Q K S R T J Q,9,1,correct,143551,149494,143551.22722897498,149493.803362425,True,False
sub-009_ses-01_task-WorkingMemory_run-3_eeg.set,sub-009,,25,3,14,True,True,True,True,True,True,False,True,1.0,D V G H P J M Z Y,9,255,correct,149507,155406,149507.07836495002,155405.80449005,True,False
sub-009_ses-01_task-WorkingMemory_run-4_eeg.set,sub-009,,0,0,1,False,False,True,False,False,False,False,False,1.0,,0,1,,570,570,570.0,570.0,False,False
sub-009_ses-01_task-WorkingMemory_run-4_eeg.set,sub-009,,1,7,14,True,True,True,True,True,True,True,False,1.0,Z N K G B M Y R K,9,1,correct,832,6836,831.899600375,6836.4154382,True,False
sub-009_ses-01_task-WorkingMemory_run-4_eeg.set,sub-009,,2,3,14,True,True,True,True,True,True,True,False,1.0,D H G C S N M F S,9,1,correct,6851,13487,6850.99041595,13486.70529065,True,False
sub-009_ses-01_task-WorkingMemory_run-4_eeg.set,sub-009,,3,3,14,True,True,True,True,True,True,False,True,1.0,Y T W N J V Z C B,9,1,correct,13500,21864,13500.480269625,21863.7925082,True,False
sub-009_ses-01_task-WorkingMemory_run-4_eeg.set,sub-009,,4,7,14,True,True,True,True,True,True,False,True,1.0,L K G Z H W M D Q,9,1,correct,21879,28699,21878.942485075,28698.557079175,True,False
sub-009_ses-01_task-WorkingMemory_run-4_eeg.set,sub-009,,5,5,14,True,True,True,True,True,True,True,False,1.0,G K M D R C B Y Y,9,1,correct,28712,35250,28712.407058025,35249.947082525,True,False
sub-009_ses-01_task-WorkingMemory_run-4_eeg.set,sub-009,,6,5,14,True,True,True,True,True,True,True,False,1.0,M R L X G W F D F,9,1,correct,35264,41676,35263.9220612,41676.11227695,True,False
sub-009_ses-01_task-WorkingMemory_run-4_eeg.set,sub-009,,7,3,14,True,True,True,True,True,True,False,True,1.0,Z M P N F L D H J,9,255,correct,41689,47430,41688.937257375,47429.97849725,True,False
sub-009_ses-01_task-WorkingMemory_run-4_eeg.set,sub-009,,8,3,14,True,True,True,True,True,True,True,False,1.0,Z K H P C S V X C,9,1,correct,47444,53625,47443.553476525,53625.46904365,True,False
sub-009_ses-01_task-WorkingMemory_run-4_eeg.set,sub-009,,9,7,14,True,True,True,True,True,True,False,True,1.0,F W C R N Q H S J,9,255,correct,53641,59683,53641.119019775,59682.5348013,True,False
sub-009_ses-01_task-WorkingMemory_run-4_eeg.set,sub-009,,10,5,14,True,True,True,True,True,True,True,False,1.0,Q W C K J P V M M,9,1,correct,59698,66438,59697.684778175,66438.249492875,True,False
sub-009_ses-01_task-WorkingMemory_run-4_eeg.set,sub-009,,11,5,14,True,True,True,True,True,True,False,True,1.0,H W Z Q F T S M B,9,255,correct,66453,72100,66453.39946975,72099.865853925,True,False
sub-009_ses-01_task-WorkingMemory_run-4_eeg.set,sub-009,,12,5,14,True,True,True,True,True,True,False,True,1.0,R B Y C Q F N L Z,9,255,correct,72113,78256,72113.04083382501,78255.806460675,True,False
sub-009_ses-01_task-WorkingMemory_run-4_eeg.set,sub-009,,13,3,14,True,True,True,True,True,True,True,False,1.0,S T G N W J F H N,9,1,correct,78270,84432,78270.356438475,84431.54703725,True,False
sub-009_ses-01_task-WorkingMemory_run-4_eeg.set,sub-009,,14,7,14,True,True,True,True,True,True,True,False,1.0,P L H K B Q T J H,9,1,correct,84445,91082,84444.922016825,91081.836889675,True,False
sub-009_ses-01_task-WorkingMemory_run-4_eeg.set,sub-009,,15,7,14,True,True,True,True,True,True,False,True,1.0,Z P W Q B G J M V,9,255,correct,91097,97277,91097.1618663,97277.352436075,True,False
sub-009_ses-01_task-WorkingMemory_run-4_eeg.set,sub-009,,16,7,14,True,True,True,True,True,True,True,False,1.0,K G D H R T V N D,9,1,correct,97292,103486,97291.9524138,103486.0679623,True,False
sub-009_ses-01_task-WorkingMemory_run-4_eeg.set,sub-009,,17,7,14,True,True,True,True,True,True,False,True,1.0,L C Z M T B G K D,9,255,correct,103501,110136,103501.0179395,110136.35781475,True,False
sub-009_ses-01_task-WorkingMemory_run-4_eeg.set,sub-009,,18,5,14,True,True,True,True,True,True,True,False,1.0,K C Z M L F G Y L,9,1,correct,110150,116338,110150.25779355,116338.423351125,True,False
sub-009_ses-01_task-WorkingMemory_run-4_eeg.set,sub-009,,19,7,14,True,True,True,True,True,True,False,True,1.0,Y V F R C Z Q D K,9,255,correct,116354,122415,116353.798327675,122415.2640786,True,False
sub-009_ses-01_task-WorkingMemory_run-4_eeg.set,sub-009,,20,5,14,True,True,True,True,True,True,False,True,1.0,J Q K F Z W M H B,9,255,correct,122430,128341,122430.389055525,128340.505037375,True,False
sub-009_ses-01_task-WorkingMemory_run-4_eeg.set,sub-009,,21,5,14,True,True,True,True,True,True,False,True,1.0,M V G F R X W Y J,9,255,correct,128355,134608,128354.730015675,134608.44547325,True,False
sub-009_ses-01_task-WorkingMemory_run-4_eeg.set,sub-009,,22,3,14,True,True,True,True,True,True,False,True,1.0,F S M D Y N Q K R,9,255,correct,134621,140745,134621.270453675,140744.561110275,True,False
sub-009_ses-01_task-WorkingMemory_run-4_eeg.set,sub-009,,23,5,14,True,True,True,True,True,True,False,True,1.0,V L S M R D N Q K,9,255,correct,140759,146775,140758.586088875,146775.2269082,True,False
sub-009_ses-01_task-WorkingMemory_run-4_eeg.set,sub-009,,24,3,14,True,True,True,True,True,True,False,True,1.0,D N K H J C B M S,9,255,correct,146789,152714,146789.1768869,152713.61784690002,True,False
sub-009_ses-01_task-WorkingMemory_run-4_eeg.set,sub-009,,25,3,14,True,True,True,True,True,True,False,True,1.0,S G N B L Q Z P X,9,255,correct,152728,158553,152728.01782492502,158553.1339365,True,False
sub-010_ses-01_task-WorkingMemory_run-1_eeg.set,sub-010,,1,5,14,True,True,True,True,True,True,False,True,1.0,Z T M S Y V N H Q,9,1,correct,807,7089,807.0,7088.8784328,True,False
sub-010_ses-01_task-WorkingMemory_run-1_eeg.set,sub-010,,2,7,14,True,True,True,True,True,True,False,True,1.0,X C J H N D P S L,9,1,correct,7105,13529,7105.303376425,13528.681323425,True,False
sub-010_ses-01_task-WorkingMemory_run-1_eeg.set,sub-010,,3,3,14,True,True,True,True,True,True,True,False,1.0,J C L S G V R T V,9,1,correct,13547,19902,13547.306259475,19902.459440725,True,False
sub-010_ses-01_task-WorkingMemory_run-1_eeg.set,sub-010,,4,7,14,True,True,True,True,True,True,False,True,1.0,W Z V D F X M Y G,9,1,correct,19921,26718,19920.559378575,26717.861041825,True,False
sub-010_ses-01_task-WorkingMemory_run-1_eeg.set,sub-010,,5,3,14,True,True,True,True,True,True,True,False,1.0,Q P J T Z K D C J,9,1,correct,26734,33177,26733.760987225,33177.313864975,True,False
sub-010_ses-01_task-WorkingMemory_run-1_eeg.set,sub-010,,6,3,14,True,True,True,True,True,True,True,False,1.0,P T Z Q V B X G V,9,1,correct,33193,39465,33193.2638102,39465.367276574994,True,False
sub-010_ses-01_task-WorkingMemory_run-1_eeg.set,sub-010,,7,3,14,True,True,True,True,True,True,True,False,1.0,J Q D H X G C W D,9,1,correct,39483,45496,39483.0422159,45496.446570425,True,False
sub-010_ses-01_task-WorkingMemory_run-1_eeg.set,sub-010,,8,5,14,True,True,True,True,True,True,True,False,1.0,K C J Y L D M S J,9,1,correct,45514,51330,45513.621511474994,51329.776543224994,True,False
sub-010_ses-01_task-WorkingMemory_run-1_eeg.set,sub-010,,9,5,14,True,True,True,True,True,True,True,False,1.0,K Z J V R H M S R,9,1,correct,51346,57295,51345.70148855,57294.856063675004,True,False
sub-010_ses-01_task-WorkingMemory_run-1_eeg.set,sub-010,,10,5,14,True,True,True,True,True,True,True,False,1.0,S C G P F M J L G,9,1,correct,57313,63227,57313.281000425006,63227.060697,True,False
sub-010_ses-01_task-WorkingMemory_run-1_eeg.set,sub-010,,11,5,14,True,True,True,True,True,True,False,True,1.0,M G L Z B Y R C T,9,1,correct,63243,68988,63243.38564095,68987.9159186,True,False
sub-010_ses-01_task-WorkingMemory_run-1_eeg.set,sub-010,,12,5,14,True,True,True,True,True,True,True,False,1.0,L G Q F Z T R M L,9,1,correct,69006,75144,69006.490854825,75144.21978252499,True,False
sub-010_ses-01_task-WorkingMemory_run-1_eeg.set,sub-010,,13,5,14,True,True,True,True,True,True,True,False,1.0,D C L S J K H V L,9,1,correct,75161,81861,75160.794725625,81860.84672275001,True,False
sub-010_ses-01_task-WorkingMemory_run-1_eeg.set,sub-010,,14,3,14,True,True,True,True,True,True,False,True,1.0,S Z F D G W V Q L,9,1,correct,81879,87754,81879.246659575,87753.526491775,True,False
sub-010_ses-01_task-WorkingMemory_run-1_eeg.set,sub-010,,15,3,14,True,True,True,True,True,True,True,False,1.0,D M B Y H Q C G C,9,1,correct,87772,93963,87771.85142885,93962.630174425,True,False
sub-010_ses-01_task-WorkingMemory_run-1_eeg.set,sub-010,,16,7,14,True,True,True,True,True,True,True,False,1.0,W K M C Q G B T B,9,1,correct,93981,100079,93980.880111775,100079.434173975,True,False
sub-010_ses-01_task-WorkingMemory_run-1_eeg.set,sub-010,,17,7,14,True,True,True,True,True,True,True,False,1.0,C Z L K R G B T Z,9,1,correct,100098,105781,100097.93411045,105781.014599075,True,False
sub-010_ses-01_task-WorkingMemory_run-1_eeg.set,sub-010,,18,7,14,True,True,True,True,True,True,False,True,1.0,J C F M L K Q W B,9,1,correct,105798,111555,105797.8145414,111555.069775375,True,False
sub-010_ses-01_task-WorkingMemory_run-1_eeg.set,sub-010,,19,7,14,True,True,True,True,True,True,False,True,1.0,T H X S W Q K D F,9,1,correct,111572,117171,111572.4197158,117170.9504947,True,False
sub-010_ses-01_task-WorkingMemory_run-1_eeg.set,sub-010,,20,3,14,True,True,True,True,True,True,True,False,1.0,D Y T J M K B F B,9,1,correct,117189,123373,117188.800433425,123373.454200025,True,False
sub-010_ses-01_task-WorkingMemory_run-1_eeg.set,sub-010,,21,7,14,True,True,True,True,True,True,False,True,1.0,X J N R S V Y H C,9,1,correct,123392,128983,123392.35413515,128982.75994195,True,False
sub-010_ses-01_task-WorkingMemory_run-1_eeg.set,sub-010,,22,7,14,True,True,True,True,True,True,True,False,0.0,W T M P G H Z N M,9,1,wrong,129000,136154,128999.98488279998,136154.185320725,True,False
sub-010_ses-01_task-WorkingMemory_run-1_eeg.set,sub-010,,23,5,14,True,True,True,True,True,True,True,False,1.0,B H D R N Z V L R,9,255,correct,136170,142192,136170.13526595,142191.91459174998,True,False
sub-010_ses-01_task-WorkingMemory_run-1_eeg.set,sub-010,,24,3,14,True,True,True,True,True,True,False,True,1.0,F B C R M J H T S,9,1,correct,142209,147926,142209.43953157502,147926.419903825,True,False
sub-010_ses-01_task-WorkingMemory_run-1_eeg.set,sub-010,,25,5,14,True,True,True,True,True,True,False,True,1.0,K W Z Q D C M P J,9,1,correct,147944,153602,147943.79484417502,153601.600419575,True,False
sub-010_ses-01_task-WorkingMemory_run-2_eeg.set,sub-010,,1,7,14,True,True,True,True,True,True,True,False,1.0,B N R G Y Z M X Z,9,1,correct,1003,7225,1003.0,7225.432197425,True,False
sub-010_ses-01_task-WorkingMemory_run-2_eeg.set,sub-010,,2,5,14,True,True,True,True,True,True,False,True,1.0,T Y K Z F Q G W L,9,1,correct,7238,13606,7238.082161224999,13605.81394295,True,False
sub-010_ses-01_task-WorkingMemory_run-2_eeg.set,sub-010,,3,3,14,True,True,True,True,True,True,True,False,1.0,P K B Y D M C F P,9,255,correct,13620,19393,13619.86390275,19392.74738635,True,False
sub-010_ses-01_task-WorkingMemory_run-2_eeg.set,sub-010,,4,5,14,True,True,True,True,True,True,True,False,1.0,R C X H N P M L P,9,255,correct,19406,25107,19405.972348525,25107.2810369,True,False
sub-010_ses-01_task-WorkingMemory_run-2_eeg.set,sub-010,,5,3,14,True,True,True,True,True,True,False,True,1.0,P X B Z H V R F Q,9,255,correct,25120,31020,25120.081000275,31019.63912145,True,False
sub-010_ses-01_task-WorkingMemory_run-2_eeg.set,sub-010,,6,5,14,True,True,True,True,True,True,False,True,1.0,V C H M D Q Z Y J,9,1,correct,31033,37070,31032.914083475003,37070.496809775,True,False
sub-010_ses-01_task-WorkingMemory_run-2_eeg.set,sub-010,,7,7,14,True,True,True,True,True,True,False,True,0.0,Q P H R X C S V Z,9,255,wrong,37084,43299,37083.74677185,43299.278989025,True,False
sub-010_ses-01_task-WorkingMemory_run-2_eeg.set,sub-010,,8,7,14,True,True,True,True,True,True,False,True,1.0,M Q W B Z D R L Y,9,1,correct,43313,49185,43313.0289497,49185.337148825005,True,False
sub-010_ses-01_task-WorkingMemory_run-2_eeg.set,sub-010,,9,5,14,True,True,True,True,True,True,True,False,1.0,M F G K Z Q Y N K,9,255,correct,49200,55058,49199.8871072,55058.22034632501,True,False
sub-010_ses-01_task-WorkingMemory_run-2_eeg.set,sub-010,,10,7,14,True,True,True,True,True,True,True,False,1.0,Y D Q V G L F S G,9,255,correct,55072,60957,55072.47030555,60957.353468725,True,False
sub-010_ses-01_task-WorkingMemory_run-2_eeg.set,sub-010,,11,3,14,True,True,True,True,True,True,False,True,1.0,V W S R B N P Z X,9,1,correct,60971,66843,60970.828430175,66843.26162895,True,False
sub-010_ses-01_task-WorkingMemory_run-2_eeg.set,sub-010,,12,5,14,True,True,True,True,True,True,False,True,1.0,K S P F D L T Z Q,9,1,correct,66858,72327,66857.661587775,72327.14593940001,True,False
sub-010_ses-01_task-WorkingMemory_run-2_eeg.set,sub-010,,13,7,14,True,True,True,True,True,True,True,False,1.0,H D W Y K P X V X,9,255,correct,72342,78174,72341.57089812499,78173.529212725,True,False
sub-010_ses-01_task-WorkingMemory_run-2_eeg.set,sub-010,,14,3,14,True,True,True,True,True,True,False,True,1.0,P R K W C Z Y X B,9,255,correct,78188,83789,78188.1791708,83789.18814615,True,False
sub-010_ses-01_task-WorkingMemory_run-2_eeg.set,sub-010,,15,7,14,True,True,True,True,True,True,False,True,0.0,P Q S W D F C H X,9,255,wrong,83802,89576,83801.813110025,89576.196589325,True,False
sub-010_ses-01_task-WorkingMemory_run-2_eeg.set,sub-010,,16,5,14,True,True,True,True,True,True,True,False,1.0,Q M C X S W R H Q,9,255,correct,89591,95634,89590.9215472,95633.5292591,True,False
sub-010_ses-01_task-WorkingMemory_run-2_eeg.set,sub-010,,17,3,14,True,True,True,True,True,True,True,False,1.0,C V W H N X R M R,9,255,correct,95647,101170,95647.4792192,101170.113418775,True,False
sub-010_ses-01_task-WorkingMemory_run-2_eeg.set,sub-010,,18,7,14,True,True,True,True,True,True,True,False,1.0,W L D J C F V S S,9,255,correct,101183,107010,101183.1383815,107009.9217109,True,False
sub-010_ses-01_task-WorkingMemory_run-2_eeg.set,sub-010,,19,3,14,True,True,True,True,True,True,True,False,1.0,D B G J W L K C L,9,255,correct,107024,112448,107023.996670625,112447.756153075,True,False
sub-010_ses-01_task-WorkingMemory_run-2_eeg.set,sub-010,,20,5,14,True,True,True,True,True,True,False,True,1.0,F C J Q T S M N Z,9,1,correct,112462,118472,112462.156111875,118472.038917425,True,False
sub-010_ses-01_task-WorkingMemory_run-2_eeg.set,sub-010,,21,3,14,True,True,True,True,True,True,True,False,1.0,Y C P K R W H L K,9,255,correct,118487,124173,118486.963874725,124173.497605375,True,False
sub-010_ses-01_task-WorkingMemory_run-2_eeg.set,sub-010,,22,3,14,True,True,True,True,True,True,True,False,1.0,N B T S X C Q R S,9,255,correct,124187,129849,124186.847567175,129848.581368775,True,False
sub-010_ses-01_task-WorkingMemory_run-2_eeg.set,sub-010,,23,5,14,True,True,True,True,True,True,True,False,1.0,H T X V F K C G X,9,255,correct,129864,135438,129863.731325425,135437.99037729998,True,False
sub-010_ses-01_task-WorkingMemory_run-2_eeg.set,sub-010,,24,3,14,True,True,True,True,True,True,True,False,1.0,S N R X M T B G R,9,255,correct,135451,141172,135451.36533904998,141172.4989707,True,False
sub-010_ses-01_task-WorkingMemory_run-2_eeg.set,sub-010,,25,7,14,True,True,True,True,True,True,False,True,1.0,P W F S Z T K Q L,9,1,correct,141186,146868,141185.7489328,146867.53267702498,True,False
sub-010_ses-01_task-WorkingMemory_run-3_eeg.set,sub-010,,1,7,14,True,True,True,True,True,True,True,False,1.0,P Y R T B G V M P,9,255,correct,995,6659,995.0,6658.9708313,True,False
sub-010_ses-01_task-WorkingMemory_run-3_eeg.set,sub-010,,2,5,14,True,True,True,True,True,True,False,True,1.0,C P X Z T Y J B H,9,1,correct,6672,12360,6671.845765,12360.34147,True,False
sub-010_ses-01_task-WorkingMemory_run-3_eeg.set,sub-010,,3,3,14,True,True,True,True,True,True,True,False,1.0,H M W N G B T L T,9,255,correct,12374,17666,12374.46639725,17666.38914455,True,False
sub-010_ses-01_task-WorkingMemory_run-3_eeg.set,sub-010,,4,3,14,True,True,True,True,True,True,False,True,1.0,R X S P N D G J M,9,1,correct,17680,23434,17680.13907375,23433.8094431,True,False
sub-010_ses-01_task-WorkingMemory_run-3_eeg.set,sub-010,,5,7,14,True,True,True,True,True,True,True,False,1.0,Y S N M F Q H W N,9,255,correct,23449,29208,23448.98436495,29207.82970765,True,False
sub-010_ses-01_task-WorkingMemory_run-3_eeg.set,sub-010,,6,3,14,True,True,True,True,True,True,False,True,1.0,D V G H P J M Z Y,9,1,correct,29221,34639,29220.8296407,34639.1267372,True,False
sub-010_ses-01_task-WorkingMemory_run-3_eeg.set,sub-010,,7,7,14,True,True,True,True,True,True,True,False,1.0,Z X S Y C V T W V,9,255,correct,34653,40235,34652.976665874994,40235.197918175,True,False
sub-010_ses-01_task-WorkingMemory_run-3_eeg.set,sub-010,,8,7,14,True,True,True,True,True,True,True,False,1.0,K G J Z H D P V G,9,255,correct,40249,46484,40249.372845175,46483.79073875,True,False
sub-010_ses-01_task-WorkingMemory_run-3_eeg.set,sub-010,,9,5,14,True,True,True,True,True,True,True,False,1.0,H B Q K S R T J Q,9,255,correct,46499,52508,46498.640662275,52508.2847134,True,False
sub-010_ses-01_task-WorkingMemory_run-3_eeg.set,sub-010,,10,5,14,True,True,True,True,True,True,False,True,1.0,J S Y T P F M K V,9,1,correct,52521,58052,52520.7096494,58051.5311664,True,False
sub-010_ses-01_task-WorkingMemory_run-3_eeg.set,sub-010,,11,5,14,True,True,True,True,True,True,True,False,1.0,V W Q S T Z K X W,9,255,correct,58065,63819,58065.08109662501,63818.851465475,True,False
sub-010_ses-01_task-WorkingMemory_run-3_eeg.set,sub-010,,12,3,14,True,True,True,True,True,True,True,False,1.0,B F H R Z G M V B,9,255,correct,63834,70127,63833.926387825,70126.71898077501,True,False
sub-010_ses-01_task-WorkingMemory_run-3_eeg.set,sub-010,,13,5,14,True,True,True,True,True,True,True,False,1.0,Z C R F Q V P N F,9,255,correct,70141,76026,70140.943907525,76025.9136007,True,False
sub-010_ses-01_task-WorkingMemory_run-3_eeg.set,sub-010,,14,5,14,True,True,True,True,True,True,False,True,0.0,D Q G M P V F T B,9,255,wrong,76039,82400,76039.288531825,82399.68077665,True,False
sub-010_ses-01_task-WorkingMemory_run-3_eeg.set,sub-010,,15,7,14,True,True,True,True,True,True,True,False,1.0,Y W S J P C D K C,9,255,correct,82413,88378,82412.53071047501,88377.899989625,True,False
sub-010_ses-01_task-WorkingMemory_run-3_eeg.set,sub-010,,16,5,14,True,True,True,True,True,True,False,True,1.0,L F M J K N R H G,9,1,correct,88391,94369,88391.34992035001,94369.4941337,True,False
sub-010_ses-01_task-WorkingMemory_run-3_eeg.set,sub-010,,17,5,14,True,True,True,True,True,True,True,False,1.0,Z W T R H L D J H,9,255,correct,94385,99959,94384.66905555,99958.96534865,True,False
sub-010_ses-01_task-WorkingMemory_run-3_eeg.set,sub-010,,18,3,14,True,True,True,True,True,True,True,False,1.0,D C R G Z X L K K,9,255,correct,99972,105707,99972.290280025,105706.61074905,True,False
sub-010_ses-01_task-WorkingMemory_run-3_eeg.set,sub-010,,19,3,14,True,True,True,True,True,True,False,True,1.0,P M D Z B R N G F,9,1,correct,105721,111757,105720.86067565,111757.479587875,True,False
sub-010_ses-01_task-WorkingMemory_run-3_eeg.set,sub-010,,20,3,14,True,True,True,True,True,True,False,True,1.0,G L X P H M N R Z,9,1,correct,111772,117439,111771.954513325,117439.225327625,True,False
sub-010_ses-01_task-WorkingMemory_run-3_eeg.set,sub-010,,21,7,14,True,True,True,True,True,True,False,True,1.0,F M B N L X J Y P,9,1,correct,117454,123312,117454.325249875,123312.1950826,True,False
sub-010_ses-01_task-WorkingMemory_run-3_eeg.set,sub-010,,22,7,14,True,True,True,True,True,True,True,False,1.0,J T V D X G N R R,9,1,correct,123327,129653,123326.8950069,129653.26242695,True,False
sub-010_ses-01_task-WorkingMemory_run-3_eeg.set,sub-010,,23,7,14,True,True,True,True,True,True,False,True,1.0,J T L X S G Q R Y,9,255,correct,129668,135309,129668.38734904998,135308.70830215,True,False
sub-010_ses-01_task-WorkingMemory_run-3_eeg.set,sub-010,,24,7,14,True,True,True,True,True,True,True,False,0.0,W D R Z M T H L W,9,255,wrong,135322,141518,135322.033233525,141517.97632525,True,False
sub-010_ses-01_task-WorkingMemory_run-3_eeg.set,sub-010,,25,3,14,True,True,True,True,True,True,True,False,1.0,K H L V R C J Y R,9,255,correct,141531,147444,141531.30125662498,147443.645808825,True,False
sub-010_ses-01_task-WorkingMemory_run-4_eeg.set,sub-010,,1,7,14,True,True,True,True,True,True,False,True,1.0,Z P W Q B G J M V,9,1,correct,954,6568,954.0,6568.474298849999,True,False
sub-010_ses-01_task-WorkingMemory_run-4_eeg.set,sub-010,,2,7,14,True,True,True,True,True,True,True,False,1.0,P L H K B Q T J H,9,255,correct,6582,12639,6581.849237625001,12639.271508825,True,False
sub-010_ses-01_task-WorkingMemory_run-4_eeg.set,sub-010,,3,7,14,True,True,True,True,True,True,True,False,1.0,Z N K G B M Y R K,9,255,correct,12653,18499,12652.92144635,18499.11968445,True,False
sub-010_ses-01_task-WorkingMemory_run-4_eeg.set,sub-010,,4,5,14,True,True,True,True,True,True,False,True,1.0,J Q K F Z W M H B,9,1,correct,18514,24214,18513.99461635,24213.868524275,True,False
sub-010_ses-01_task-WorkingMemory_run-4_eeg.set,sub-010,,5,3,14,True,True,True,True,True,True,True,False,1.0,Z K H P C S V X C,9,255,correct,24228,29988,24228.093459175,29987.917092675,True,False
sub-010_ses-01_task-WorkingMemory_run-4_eeg.set,sub-010,,6,3,14,True,True,True,True,True,True,False,True,1.0,F S M D Y N Q K R,9,1,correct,30003,35597,30002.717024925,35597.16641545,True,False
sub-010_ses-01_task-WorkingMemory_run-4_eeg.set,sub-010,,7,3,14,True,True,True,True,True,True,False,True,1.0,D N K H J C B M S,9,1,correct,35611,41233,35610.591354000004,41232.7656176,True,False
sub-010_ses-01_task-WorkingMemory_run-4_eeg.set,sub-010,,8,7,14,True,True,True,True,True,True,False,True,1.0,L K G Z H W M D Q,9,1,correct,41247,47132,41246.9655526,47132.1136124,True,False
sub-010_ses-01_task-WorkingMemory_run-4_eeg.set,sub-010,,9,5,14,True,True,True,True,True,True,True,False,1.0,K C Z M L F G Y L,9,1,correct,47146,53506,47145.563550825,53506.00943490001,True,False
sub-010_ses-01_task-WorkingMemory_run-4_eeg.set,sub-010,,10,7,14,True,True,True,True,True,True,False,True,1.0,Y V F R C Z Q D K,9,1,correct,53519,59695,53518.55937745,59695.356102175,True,False
sub-010_ses-01_task-WorkingMemory_run-4_eeg.set,sub-010,,11,3,14,True,True,True,True,True,True,False,True,1.0,Y T W N J V Z C B,9,255,correct,59710,66056,59710.356033525,66056.151984625,True,False
sub-010_ses-01_task-WorkingMemory_run-4_eeg.set,sub-010,,12,5,14,True,True,True,True,True,True,False,True,1.0,V L S M R D N Q K,9,1,correct,66069,71534,66069.10192535001,71533.70191027499,True,False
sub-010_ses-01_task-WorkingMemory_run-4_eeg.set,sub-010,,13,5,14,True,True,True,True,True,True,True,False,1.0,M R L X G W F D F,9,255,correct,71547,77117,71547.25184824999,77116.52635402499,True,False
sub-010_ses-01_task-WorkingMemory_run-4_eeg.set,sub-010,,14,5,14,True,True,True,True,True,True,False,True,1.0,H W Z Q F T S M B,9,1,correct,77129,82660,77129.151296225,82659.90097835001,True,False
sub-010_ses-01_task-WorkingMemory_run-4_eeg.set,sub-010,,15,5,14,True,True,True,True,True,True,False,True,1.0,M V G F R X W Y J,9,1,correct,82674,88269,82673.77591485,88269.075301475,True,False
sub-010_ses-01_task-WorkingMemory_run-4_eeg.set,sub-010,,16,7,14,True,True,True,True,True,True,True,False,1.0,K G D H R T V N D,9,255,correct,88281,93839,88281.40024505,93838.799805175,True,False
sub-010_ses-01_task-WorkingMemory_run-4_eeg.set,sub-010,,17,5,14,True,True,True,True,True,True,True,False,1.0,G K M D R C B Y Y,9,255,correct,93852,99646,93851.799745675,99645.723223075,True,False
sub-010_ses-01_task-WorkingMemory_run-4_eeg.set,sub-010,,18,3,14,True,True,True,True,True,True,False,True,1.0,S G N B L Q Z P X,9,1,correct,99661,105268,99660.8981536,105268.097485775,True,False
sub-010_ses-01_task-WorkingMemory_run-4_eeg.set,sub-010,,19,7,14,True,True,True,True,True,True,False,True,1.0,L C Z M T B G K D,9,1,correct,105283,111003,105283.02241745,111002.571235325,True,False
sub-010_ses-01_task-WorkingMemory_run-4_eeg.set,sub-010,,20,5,14,True,True,True,True,True,True,False,True,1.0,R B Y C Q F N L Z,9,1,correct,111017,116526,111017.371167575,116526.1209504,True,False
sub-010_ses-01_task-WorkingMemory_run-4_eeg.set,sub-010,,21,7,14,True,True,True,True,True,True,False,True,1.0,F W C R N Q H S J,9,1,correct,116539,122610,116539.02089135,122609.8431012,True,False
sub-010_ses-01_task-WorkingMemory_run-4_eeg.set,sub-010,,22,5,14,True,True,True,True,True,True,True,False,1.0,Q W C K J P V M M,9,255,correct,122624,128291,122624.318034925,128291.49209255,True,False
sub-010_ses-01_task-WorkingMemory_run-4_eeg.set,sub-010,,23,3,14,True,True,True,True,True,True,True,False,1.0,S T G N W J F H N,9,255,correct,128304,134790,128303.94203555,134790.412342725,True,False
sub-010_ses-01_task-WorkingMemory_run-4_eeg.set,sub-010,,24,3,14,True,True,True,True,True,True,True,False,1.0,D H G C S N M F S,9,255,correct,134804,141250,134803.68728195,141249.882773475,True,False
sub-010_ses-01_task-WorkingMemory_run-4_eeg.set,sub-010,,25,3,14,True,True,True,True,True,True,False,True,1.0,Z M P N F L D H J,9,1,correct,141263,146721,141263.1827126,146720.65773015,True,False
sub-011_ses-01_task-WorkingMemory_run-1_eeg.set,sub-011,,1,5,14,True,True,True,True,True,True,False,True,1.0,M G L Z B Y R C T,9,1,correct,951,10479,951.0,10478.657269025,True,False
sub-011_ses-01_task-WorkingMemory_run-1_eeg.set,sub-011,,2,3,14,True,True,True,True,True,True,True,False,1.0,J Q D H X G C W D,9,1,correct,10482,18467,10481.682271325,18466.76336345,True,False
sub-011_ses-01_task-WorkingMemory_run-1_eeg.set,sub-011,,3,5,14,True,True,True,True,True,True,True,False,1.0,K C J Y L D M S J,9,1,correct,18470,25723,18470.43836625,25723.41889985,True,False
sub-011_ses-01_task-WorkingMemory_run-1_eeg.set,sub-011,,4,7,14,True,True,True,True,True,True,True,False,1.0,W T M P G H Z N M,9,1,correct,25726,33276,25725.743901625,33276.499662375,True,False
sub-011_ses-01_task-WorkingMemory_run-1_eeg.set,sub-011,,5,5,14,True,True,True,True,True,True,True,False,1.0,K Z J V R H M S R,9,1,correct,33281,41331,33281.0996659,41330.53080712501,True,False
sub-011_ses-01_task-WorkingMemory_run-1_eeg.set,sub-011,,6,5,14,True,True,True,True,True,True,True,False,1.0,S C G P F M J L G,9,1,correct,41332,48251,41332.3558085,48251.036087025,True,False
sub-011_ses-01_task-WorkingMemory_run-1_eeg.set,sub-011,,7,3,14,True,True,True,True,True,True,True,False,1.0,D Y T J M K B F B,9,1,correct,48254,55956,48254.286089525,55955.9169654,True,False
sub-011_ses-01_task-WorkingMemory_run-1_eeg.set,sub-011,,8,5,14,True,True,True,True,True,True,True,False,1.0,B H D R N Z V L R,9,1,correct,55960,62118,55959.66696825,62118.47166705,True,False
sub-011_ses-01_task-WorkingMemory_run-1_eeg.set,sub-011,,9,5,14,True,True,True,True,True,True,False,True,1.0,K W Z Q D C M P J,9,1,correct,62123,68729,62123.121670600005,68729.27671067501,True,False
sub-011_ses-01_task-WorkingMemory_run-1_eeg.set,sub-011,,10,3,14,True,True,True,True,True,True,False,True,1.0,S Z F D G W V Q L,9,1,correct,68733,75327,68732.50171314999,75326.856744225,True,False
sub-011_ses-01_task-WorkingMemory_run-1_eeg.set,sub-011,,11,7,14,True,True,True,True,True,True,False,True,1.0,W Z V D F X M Y G,9,1,correct,75329,81865,75329.35674615,81865.0867325,True,False
sub-011_ses-01_task-WorkingMemory_run-1_eeg.set,sub-011,,12,7,14,True,True,True,True,True,True,False,True,1.0,T H X S W Q K D F,9,1,correct,81868,88911,81867.88673464999,88910.967108075,True,False
sub-011_ses-01_task-WorkingMemory_run-1_eeg.set,sub-011,,13,3,14,True,True,True,True,True,True,True,False,1.0,P T Z Q V B X G V,9,1,correct,88915,95456,88914.842111025,95455.972101525,True,False
sub-011_ses-01_task-WorkingMemory_run-1_eeg.set,sub-011,,14,7,14,True,True,True,True,True,True,False,True,1.0,X C J H N D P S L,9,1,correct,95458,101816,95457.5221027,101816.376954125,True,False
sub-011_ses-01_task-WorkingMemory_run-1_eeg.set,sub-011,,15,7,14,True,True,True,True,True,True,False,True,1.0,J C F M L K Q W B,9,1,correct,101821,108810,101821.026957675,108809.5822895,True,False
sub-011_ses-01_task-WorkingMemory_run-1_eeg.set,sub-011,,16,5,14,True,True,True,True,True,True,True,False,1.0,D C L S J K H V L,9,1,correct,108814,116159,108813.7822927,116158.812896525,True,False
sub-011_ses-01_task-WorkingMemory_run-1_eeg.set,sub-011,,17,7,14,True,True,True,True,True,True,True,False,1.0,C Z L K R G B T Z,9,1,correct,116161,122513,116160.787898025,122512.792744225,True,False
sub-011_ses-01_task-WorkingMemory_run-1_eeg.set,sub-011,,18,3,14,True,True,True,True,True,True,True,False,1.0,J C L S G V R T V,9,1,correct,122516,129322,122515.942746625,129321.52293885,True,False
sub-011_ses-01_task-WorkingMemory_run-1_eeg.set,sub-011,,19,5,14,True,True,True,True,True,True,False,True,1.0,Z T M S Y V N H Q,9,1,correct,129325,136124,129325.347941775,136123.528128375,True,False
sub-011_ses-01_task-WorkingMemory_run-1_eeg.set,sub-011,,20,3,14,True,True,True,True,True,True,False,True,1.0,F B C R M J H T S,9,1,correct,136126,142860,136126.403130575,142859.6082676,True,False
sub-011_ses-01_task-WorkingMemory_run-1_eeg.set,sub-011,,21,5,14,True,True,True,True,True,True,True,False,1.0,L G Q F Z T R M L,9,1,correct,142861,149365,142860.8082685,149365.088230875,True,False
sub-011_ses-01_task-WorkingMemory_run-1_eeg.set,sub-011,,22,3,14,True,True,True,True,True,True,True,False,1.0,Q P J T Z K D C J,9,1,correct,149366,157209,149365.988231575,157208.569214975,True,False
sub-011_ses-01_task-WorkingMemory_run-1_eeg.set,sub-011,,23,7,14,True,True,True,True,True,True,False,True,1.0,X J N R S V Y H C,9,1,correct,157213,164498,157213.0442184,164498.39977667498,True,False
sub-011_ses-01_task-WorkingMemory_run-1_eeg.set,sub-011,,24,3,14,True,True,True,True,True,True,True,False,1.0,D M B Y H Q C G C,9,1,correct,164502,173601,164501.699779175,173600.781721225,True,False
sub-011_ses-01_task-WorkingMemory_run-1_eeg.set,sub-011,,25,7,14,True,True,True,True,True,True,True,False,1.0,W K M C Q G B T B,9,1,correct,173603,183494,173603.131723025,183494.13926925,True,False
sub-011_ses-01_task-WorkingMemory_run-2_eeg.set,sub-011,,1,5,14,True,True,True,True,True,True,False,True,1.0,K S P F D L T Z Q,9,1,correct,900,8379,900.0,8378.555705675,True,False
sub-011_ses-01_task-WorkingMemory_run-2_eeg.set,sub-011,,2,5,14,True,True,True,True,True,True,False,True,1.0,V C H M D Q Z Y J,9,1,correct,8380,16499,8380.330707025,16498.536900724997,True,False
sub-011_ses-01_task-WorkingMemory_run-2_eeg.set,sub-011,,3,5,14,True,True,True,True,True,True,True,False,1.0,Q M C X S W R H Q,9,1,correct,16502,24230,16502.4369037,24229.742799175,True,False
sub-011_ses-01_task-WorkingMemory_run-2_eeg.set,sub-011,,4,3,14,True,True,True,True,True,True,False,True,1.0,P R K W C Z Y X B,9,1,correct,24233,34202,24232.817801525,34201.900407325,True,False
sub-011_ses-01_task-WorkingMemory_run-2_eeg.set,sub-011,,5,7,14,True,True,True,True,True,True,False,True,1.0,M Q W B Z D R L Y,9,1,correct,34205,45130,34205.22540985,45129.683744550006,True,False
sub-011_ses-01_task-WorkingMemory_run-2_eeg.set,sub-011,,6,5,14,True,True,True,True,True,True,False,True,1.0,F C J Q T S M N Z,9,1,correct,45132,55880,45131.93374625,55879.616946075,True,False
sub-011_ses-01_task-WorkingMemory_run-2_eeg.set,sub-011,,7,3,14,True,True,True,True,True,True,True,False,1.0,D B G J W L K C L,9,1,correct,55884,63004,55883.61694915,63004.39738185,True,False
sub-011_ses-01_task-WorkingMemory_run-2_eeg.set,sub-011,,8,7,14,True,True,True,True,True,True,True,False,1.0,Y D Q V G L F S G,9,1,correct,63006,69912,63005.547382725,69911.65265167499,True,False
sub-011_ses-01_task-WorkingMemory_run-2_eeg.set,sub-011,,9,5,14,True,True,True,True,True,True,True,False,1.0,M F G K Z Q Y N K,9,1,correct,69915,75619,69914.9776542,75619.382006325,True,False
sub-011_ses-01_task-WorkingMemory_run-2_eeg.set,sub-011,,10,3,14,True,True,True,True,True,True,True,False,1.0,C V W H N X R M R,9,1,correct,75620,83924,75620.05700682501,83923.988342225,True,False
sub-011_ses-01_task-WorkingMemory_run-2_eeg.set,sub-011,,11,3,14,True,True,True,True,True,True,True,False,1.0,P K B Y D M C F P,9,1,correct,83926,90304,83925.51334339999,90304.043209825,True,False
sub-011_ses-01_task-WorkingMemory_run-2_eeg.set,sub-011,,12,5,14,True,True,True,True,True,True,True,False,1.0,R C X H N P M L P,9,1,correct,90306,96223,90305.693211075,96222.747725425,True,False
sub-011_ses-01_task-WorkingMemory_run-2_eeg.set,sub-011,,13,7,14,True,True,True,True,True,True,True,False,1.0,B N R G Y Z M X Z,9,1,correct,96223,105437,96223.272725825,105436.9547553,True,False
sub-011_ses-01_task-WorkingMemory_run-2_eeg.set,sub-011,,14,3,14,True,True,True,True,True,True,True,False,1.0,S N R X M T B G R,9,1,correct,105441,112885,105441.4047587,112884.9854377,True,False
sub-011_ses-01_task-WorkingMemory_run-2_eeg.set,sub-011,,15,3,14,True,True,True,True,True,True,False,True,1.0,P X B Z H V R F Q,9,1,correct,112888,119417,112888.4104403,119416.8404211,True,False
sub-011_ses-01_task-WorkingMemory_run-2_eeg.set,sub-011,,16,3,14,True,True,True,True,True,True,False,True,1.0,V W S R B N P Z X,9,1,correct,119419,125514,119418.59042245,125513.745072675,True,False
sub-011_ses-01_task-WorkingMemory_run-2_eeg.set,sub-011,,17,5,14,True,True,True,True,True,True,True,False,1.0,H T X V F K C G X,9,1,correct,125515,131643,125515.3700739,131643.44974925,True,False
sub-011_ses-01_task-WorkingMemory_run-2_eeg.set,sub-011,,18,7,14,True,True,True,True,True,True,True,False,1.0,H D W Y K P X V X,9,1,correct,131645,139797,131645.499750825,139796.730969725,True,False
sub-011_ses-01_task-WorkingMemory_run-2_eeg.set,sub-011,,19,7,14,True,True,True,True,True,True,False,True,1.0,P Q S W D F C H X,9,1,correct,139801,145913,139800.95597294997,145913.410636375,True,False
sub-011_ses-01_task-WorkingMemory_run-2_eeg.set,sub-011,,20,7,14,True,True,True,True,True,True,True,False,1.0,W L D J C F V S S,9,1,correct,145914,152439,145914.410637125,152438.7406148,True,False
sub-011_ses-01_task-WorkingMemory_run-2_eeg.set,sub-011,,21,5,14,True,True,True,True,True,True,False,True,1.0,T Y K Z F Q G W L,9,1,correct,152440,158476,152440.4406161,158476.39522115,True,False
sub-011_ses-01_task-WorkingMemory_run-2_eeg.set,sub-011,,22,3,14,True,True,True,True,True,True,True,False,1.0,N B T S X C Q R S,9,1,correct,158479,167592,158478.895223075,167592.1271759,True,False
sub-011_ses-01_task-WorkingMemory_run-2_eeg.set,sub-011,,23,7,14,True,True,True,True,True,True,False,True,1.0,P W F S Z T K Q L,9,1,correct,167593,173531,167592.827176425,173530.956706875,True,False
sub-011_ses-01_task-WorkingMemory_run-2_eeg.set,sub-011,,24,7,14,True,True,True,True,True,True,False,True,0.0,Q P H R X C S V Z,9,1,wrong,173535,182001,173535.40671025,182000.988168975,True,False
sub-011_ses-01_task-WorkingMemory_run-2_eeg.set,sub-011,,25,3,14,True,True,True,True,True,True,True,False,1.0,Y C P K R W H L K,9,1,correct,182003,189759,182003.41317082505,189759.269088075,True,False
sub-011_ses-01_task-WorkingMemory_run-3_eeg.set,sub-011,,1,7,14,True,True,True,True,True,True,True,False,1.0,W D R Z M T H L W,9,1,correct,1530,23834,1530.0,23833.95267935,True,False
sub-011_ses-01_task-WorkingMemory_run-3_eeg.set,sub-011,,2,3,14,True,True,True,True,True,True,False,True,1.0,R X S P N D G J M,9,1,correct,23838,34235,23837.602667525,34234.99395395,True,False
sub-011_ses-01_task-WorkingMemory_run-3_eeg.set,sub-011,,3,3,14,True,True,True,True,True,True,True,False,1.0,D C R G Z X L K K,9,1,correct,34239,41591,34239.193940325,41590.820102675,True,False
sub-011_ses-01_task-WorkingMemory_run-3_eeg.set,sub-011,,4,7,14,True,True,True,True,True,True,True,False,1.0,K G J Z H D P V G,9,1,correct,41594,47793,41594.470090825,47793.199991425,True,False
sub-011_ses-01_task-WorkingMemory_run-3_eeg.set,sub-011,,5,7,14,True,True,True,True,True,True,True,False,1.0,Y S N M F Q H W N,9,1,correct,47795,55149,47795.4249842,55149.026140125,True,False
sub-011_ses-01_task-WorkingMemory_run-3_eeg.set,sub-011,,6,3,14,True,True,True,True,True,True,False,True,1.0,P M D Z B R N G F,9,1,correct,55151,61134,55150.726134625,61133.8567343,True,False
sub-011_ses-01_task-WorkingMemory_run-3_eeg.set,sub-011,,7,7,14,True,True,True,True,True,True,False,True,1.0,F M B N L X J Y P,9,1,correct,61135,67152,61134.95673075,67151.66222155,True,False
sub-011_ses-01_task-WorkingMemory_run-3_eeg.set,sub-011,,8,3,14,True,True,True,True,True,True,True,False,1.0,B F H R Z G M V B,9,1,correct,67153,74738,67152.537218725,74738.137622375,True,False
sub-011_ses-01_task-WorkingMemory_run-3_eeg.set,sub-011,,9,3,14,True,True,True,True,True,True,True,False,1.0,H M W N G B T L T,9,1,correct,74741,81296,74741.2126124,81296.391357225,True,False
sub-011_ses-01_task-WorkingMemory_run-3_eeg.set,sub-011,,10,7,14,True,True,True,True,True,True,True,False,1.0,J T V D X G N R R,9,1,correct,81301,87110,81300.54134377501,87109.82250714999,True,False
sub-011_ses-01_task-WorkingMemory_run-3_eeg.set,sub-011,,11,7,14,True,True,True,True,True,True,True,False,1.0,Y W S J P C D K C,9,1,correct,87114,93345,87113.92249385,93345.077289325,True,False
sub-011_ses-01_task-WorkingMemory_run-3_eeg.set,sub-011,,12,5,14,True,True,True,True,True,True,False,True,0.0,D Q G M P V F T B,9,1,wrong,93348,105816,93348.2272791,105815.536853825,True,False
sub-011_ses-01_task-WorkingMemory_run-3_eeg.set,sub-011,,13,5,14,True,True,True,True,True,True,False,True,1.0,J S Y T P F M K V,9,1,correct,105817,118240,105816.78684975,118239.6465686,True,False
sub-011_ses-01_task-WorkingMemory_run-3_eeg.set,sub-011,,14,5,14,True,True,True,True,True,True,True,False,1.0,Z C R F Q V P N F,9,1,correct,118244,124877,118243.696555475,124876.750047775,True,False
sub-011_ses-01_task-WorkingMemory_run-3_eeg.set,sub-011,,15,3,14,True,True,True,True,True,True,False,True,1.0,D V G H P J M Z Y,9,1,correct,124878,130637,124878.025043625,130637.206369475,True,False
sub-011_ses-01_task-WorkingMemory_run-3_eeg.set,sub-011,,16,5,14,True,True,True,True,True,True,True,False,1.0,H B Q K S R T J Q,9,1,correct,130641,137301,130641.40635585,137300.609763375,True,False
sub-011_ses-01_task-WorkingMemory_run-3_eeg.set,sub-011,,17,5,14,True,True,True,True,True,True,False,True,1.0,L F M J K N R H G,9,1,correct,137305,146192,137304.93474934998,146191.70593395,True,False
sub-011_ses-01_task-WorkingMemory_run-3_eeg.set,sub-011,,18,7,14,True,True,True,True,True,True,True,False,1.0,Z X S Y C V T W V,9,1,correct,146194,151827,146193.80592715,151826.962661625,True,False
sub-011_ses-01_task-WorkingMemory_run-3_eeg.set,sub-011,,19,3,14,True,True,True,True,True,True,False,True,1.0,G L X P H M N R Z,9,1,correct,151828,158088,151827.9876583,158088.467358675,True,False
sub-011_ses-01_task-WorkingMemory_run-3_eeg.set,sub-011,,20,7,14,True,True,True,True,True,True,False,True,1.0,J T L X S G Q R Y,9,1,correct,158091,167039,158091.44234902502,167039.18833592502,True,False
sub-011_ses-01_task-WorkingMemory_run-3_eeg.set,sub-011,,21,5,14,True,True,True,True,True,True,True,False,1.0,V W Q S T Z K X W,9,1,correct,167043,174013,167042.813324175,174012.740724175,True,False
sub-011_ses-01_task-WorkingMemory_run-3_eeg.set,sub-011,,22,3,14,True,True,True,True,True,True,True,False,1.0,K H L V R C J Y R,9,1,correct,174015,180479,174014.71571775,180478.8447578,True,False
sub-011_ses-01_task-WorkingMemory_run-3_eeg.set,sub-011,,23,5,14,True,True,True,True,True,True,False,True,1.0,C P X Z T Y J B H,9,1,correct,180482,192053,180482.369746375,192053.057228375,True,False
sub-011_ses-01_task-WorkingMemory_run-3_eeg.set,sub-011,,24,5,14,True,True,True,True,True,True,True,False,1.0,Z W T R H L D J H,9,1,correct,192055,198242,192054.98222215,198242.36215955,True,False
sub-011_ses-01_task-WorkingMemory_run-3_eeg.set,sub-011,,25,7,14,True,True,True,True,True,True,True,False,1.0,P Y R T B G V M P,9,1,correct,198243,207141,198243.412156125,207140.75830645,True,False
sub-011_ses-01_task-WorkingMemory_run-4_eeg.set,sub-011,,1,7,14,True,True,True,True,True,True,True,False,1.0,K G D H R T V N D,9,1,correct,1073,12692,1073.0,12691.753461675,True,False
sub-011_ses-01_task-WorkingMemory_run-4_eeg.set,sub-011,,2,7,14,True,True,True,True,True,True,False,True,1.0,F W C R N Q H S J,9,1,correct,12696,22164,12695.578446375,22163.765522025,True,False
sub-011_ses-01_task-WorkingMemory_run-4_eeg.set,sub-011,,3,7,14,True,True,True,True,True,True,False,True,0.0,L C Z M T B G K D,9,1,wrong,22168,40448,22167.8655056,40448.2422845,True,False
sub-011_ses-01_task-WorkingMemory_run-4_eeg.set,sub-011,,4,3,14,True,True,True,True,True,True,False,True,1.0,D N K H J C B M S,9,1,correct,40450,52669,40449.8172782,52668.643336325,True,False
sub-011_ses-01_task-WorkingMemory_run-4_eeg.set,sub-011,,5,7,14,True,True,True,True,True,True,False,True,1.0,Z P W Q B G J M V,9,1,correct,52672,58812,52672.4933209,58811.79373025,True,False
sub-011_ses-01_task-WorkingMemory_run-4_eeg.set,sub-011,,6,5,14,True,True,True,True,True,True,False,True,1.0,J Q K F Z W M H B,9,1,correct,58815,64526,58815.11871692501,64526.3708408,True,False
sub-011_ses-01_task-WorkingMemory_run-4_eeg.set,sub-011,,7,3,14,True,True,True,True,True,True,False,True,1.0,F S M D Y N Q K R,9,1,correct,64528,70768,64528.4708324,70768.22083939999,True,False
sub-011_ses-01_task-WorkingMemory_run-4_eeg.set,sub-011,,8,7,14,True,True,True,True,True,True,True,False,1.0,Z N K G B M Y R K,9,1,correct,70771,77004,70771.09582789999,77003.520864225,True,False
sub-011_ses-01_task-WorkingMemory_run-4_eeg.set,sub-011,,9,7,14,True,True,True,True,True,True,False,True,1.0,L K G Z H W M D Q,9,1,correct,77005,92440,77005.370856825,92440.259033175,True,False
sub-011_ses-01_task-WorkingMemory_run-4_eeg.set,sub-011,,10,3,14,True,True,True,True,True,True,True,False,1.0,Z K H P C S V X C,9,1,correct,92441,97878,92441.059029975,97877.98725265,True,False
sub-011_ses-01_task-WorkingMemory_run-4_eeg.set,sub-011,,11,5,14,True,True,True,True,True,True,True,False,1.0,G K M D R C B Y Y,9,1,correct,97879,105768,97879.387247025,105767.780650475,True,False
sub-011_ses-01_task-WorkingMemory_run-4_eeg.set,sub-011,,12,5,14,True,True,True,True,True,True,False,True,1.0,V L S M R D N Q K,9,1,correct,105772,111166,105772.25563255,111166.10902775,True,False
sub-011_ses-01_task-WorkingMemory_run-4_eeg.set,sub-011,,13,5,14,True,True,True,True,True,True,False,True,0.0,M V G F R X W Y J,9,1,wrong,111169,124968,111168.90901655,124968.378743475,True,False
sub-011_ses-01_task-WorkingMemory_run-4_eeg.set,sub-011,,14,5,14,True,True,True,True,True,True,True,False,1.0,M R L X G W F D F,9,1,correct,124971,130202,124971.003732975,130202.05778025,True,False
sub-011_ses-01_task-WorkingMemory_run-4_eeg.set,sub-011,,15,3,14,True,True,True,True,True,True,True,False,1.0,S T G N W J F H N,9,1,correct,130205,135759,130205.132767925,135758.810522975,True,False
sub-011_ses-01_task-WorkingMemory_run-4_eeg.set,sub-011,,16,5,14,True,True,True,True,True,True,True,False,1.0,K C Z M L F G Y L,9,1,correct,135760,141342,135760.13551765002,141341.78816065,True,False
sub-011_ses-01_task-WorkingMemory_run-4_eeg.set,sub-011,,17,5,14,True,True,True,True,True,True,True,False,1.0,Q W C K J P V M M,9,1,correct,141344,146674,141344.313150525,146674.29180157502,True,False
sub-011_ses-01_task-WorkingMemory_run-4_eeg.set,sub-011,,18,3,14,True,True,True,True,True,True,False,True,1.0,Z M P N F L D H J,9,255,correct,146678,152455,146678.46678485,152455.068646975,True,False
sub-011_ses-01_task-WorkingMemory_run-4_eeg.set,sub-011,,19,7,14,True,True,True,True,True,True,True,False,1.0,P L H K B Q T J H,9,1,correct,152459,158506,152458.51863315,158506.21940940002,True,False
sub-011_ses-01_task-WorkingMemory_run-4_eeg.set,sub-011,,20,3,14,True,True,True,True,True,True,False,True,1.0,S G N B L Q Z P X,9,1,correct,158509,164551,158509.444396475,164550.945197575,True,False
sub-011_ses-01_task-WorkingMemory_run-4_eeg.set,sub-011,,21,7,14,True,True,True,True,True,True,False,True,0.0,Y V F R C Z Q D K,9,1,wrong,164552,176218,164552.02019325,176218.298464575,True,False
sub-011_ses-01_task-WorkingMemory_run-4_eeg.set,sub-011,,22,5,14,True,True,True,True,True,True,False,True,1.0,H W Z Q F T S M B,9,1,correct,176220,181736,176220.473455875,181735.751364725,True,False
sub-011_ses-01_task-WorkingMemory_run-4_eeg.set,sub-011,,23,3,14,True,True,True,True,True,True,False,True,1.0,Y T W N J V Z C B,9,1,correct,181738,187497,181737.9763558,187497.05328812503,True,False
sub-011_ses-01_task-WorkingMemory_run-4_eeg.set,sub-011,,24,5,14,True,True,True,True,True,True,False,True,1.0,R B Y C Q F N L Z,9,1,correct,187501,194340,187501.3532709,194339.57588075,True,False
sub-011_ses-01_task-WorkingMemory_run-4_eeg.set,sub-011,,25,3,14,True,True,True,True,True,True,True,False,1.0,D H G C S N M F S,9,1,correct,194344,200655,194344.050862825,200654.77558555,True,False
sub-012_ses-01_task-WorkingMemory_run-1_eeg.set,sub-012,,1,3,14,True,True,True,True,True,True,True,False,1.0,J C L S G V R T V,9,255,correct,1023,6130,1023.0,6130.48830985,True,False
sub-012_ses-01_task-WorkingMemory_run-1_eeg.set,sub-012,,2,7,14,True,True,True,True,True,True,False,True,1.0,W Z V D F X M Y G,9,1,correct,6132,11523,6132.11330615,11522.700968025,True,False
sub-012_ses-01_task-WorkingMemory_run-1_eeg.set,sub-012,,3,5,14,True,True,True,True,True,True,True,False,1.0,B H D R N Z V L R,9,255,correct,11525,16829,11524.625963625,16829.213822375,True,False
sub-012_ses-01_task-WorkingMemory_run-1_eeg.set,sub-012,,4,5,14,True,True,True,True,True,True,True,False,1.0,K C J Y L D M S J,9,255,correct,16834,21931,16833.788811899998,21931.377144425,True,False
sub-012_ses-01_task-WorkingMemory_run-1_eeg.set,sub-012,,5,3,14,True,True,True,True,True,True,True,False,1.0,P T Z Q V B X G V,9,255,correct,21935,27277,21934.5771371,27277.439908225,True,False
sub-012_ses-01_task-WorkingMemory_run-1_eeg.set,sub-012,,6,7,14,True,True,True,True,True,True,True,False,1.0,C Z L K R G B T Z,9,255,correct,27281,32564,27281.239899525,32564.202807750004,True,False
sub-012_ses-01_task-WorkingMemory_run-1_eeg.set,sub-012,,7,3,14,True,True,True,True,True,True,False,True,1.0,F B C R M J H T S,9,1,correct,32565,37752,32565.402805,37752.06593365,True,False
sub-012_ses-01_task-WorkingMemory_run-1_eeg.set,sub-012,,8,5,14,True,True,True,True,True,True,False,True,1.0,Z T M S Y V N H Q,9,1,correct,37754,42894,37753.69092992501,42893.804165125,True,False
sub-012_ses-01_task-WorkingMemory_run-1_eeg.set,sub-012,,9,3,14,True,True,True,True,True,True,True,False,1.0,D Y T J M K B F B,9,255,correct,42896,48233,42896.179159675004,48233.316943925,True,False
sub-012_ses-01_task-WorkingMemory_run-1_eeg.set,sub-012,,10,7,14,True,True,True,True,True,True,True,False,1.0,W K M C Q G B T B,9,255,correct,48234,53467,48234.491941225,53467.304964225004,True,False
sub-012_ses-01_task-WorkingMemory_run-1_eeg.set,sub-012,,11,5,14,True,True,True,True,True,True,False,True,1.0,K W Z Q D C M P J,9,1,correct,53469,58794,53468.62996119999,58793.542773425,True,False
sub-012_ses-01_task-WorkingMemory_run-1_eeg.set,sub-012,,12,5,14,True,True,True,True,True,True,True,False,1.0,S C G P F M J L G,9,255,correct,58794,64054,58794.4677713,64053.880733425,True,False
sub-012_ses-01_task-WorkingMemory_run-1_eeg.set,sub-012,,13,3,14,True,True,True,True,True,True,False,True,1.0,S Z F D G W V Q L,9,1,correct,64058,69644,64057.7807245,69643.7929391,True,False
sub-012_ses-01_task-WorkingMemory_run-1_eeg.set,sub-012,,14,5,14,True,True,True,True,True,True,False,True,1.0,M G L Z B Y R C T,9,1,correct,69646,74865,69646.167933675,74864.58098965,True,False
sub-012_ses-01_task-WorkingMemory_run-1_eeg.set,sub-012,,15,7,14,True,True,True,True,True,True,False,True,1.0,T H X S W Q K D F,9,1,correct,74868,80316,74867.805982275,80316.0435122,True,False
sub-012_ses-01_task-WorkingMemory_run-1_eeg.set,sub-012,,16,7,14,True,True,True,True,True,True,False,True,1.0,J C F M L K Q W B,9,1,correct,80319,85570,80318.64350625,85569.7564874,True,False
sub-012_ses-01_task-WorkingMemory_run-1_eeg.set,sub-012,,17,5,14,True,True,True,True,True,True,True,False,1.0,K Z J V R H M S R,9,255,correct,85574,90876,85573.631478525,90876.269341725,True,False
sub-012_ses-01_task-WorkingMemory_run-1_eeg.set,sub-012,,18,7,14,True,True,True,True,True,True,False,True,1.0,X C J H N D P S L,9,1,correct,90879,96374,90878.61933635,96373.931758525,True,False
sub-012_ses-01_task-WorkingMemory_run-1_eeg.set,sub-012,,19,5,14,True,True,True,True,True,True,True,False,1.0,L G Q F Z T R M L,9,255,correct,96375,101911,96375.3067554,101911.2440846,True,False
sub-012_ses-01_task-WorkingMemory_run-1_eeg.set,sub-012,,20,7,14,True,True,True,True,True,True,True,False,1.0,W T M P G H Z N M,9,255,correct,101914,107402,101913.66907905,107402.4565162,True,False
sub-012_ses-01_task-WorkingMemory_run-1_eeg.set,sub-012,,21,7,14,True,True,True,True,True,True,False,True,1.0,X J N R S V Y H C,9,1,correct,107406,112511,107406.2065076,112511.269823025,True,False
sub-012_ses-01_task-WorkingMemory_run-1_eeg.set,sub-012,,22,3,14,True,True,True,True,True,True,True,False,1.0,J Q D H X G C W D,9,255,correct,112515,117976,112515.31981375,117976.0073152,True,False
sub-012_ses-01_task-WorkingMemory_run-1_eeg.set,sub-012,,23,5,14,True,True,True,True,True,True,True,False,1.0,D C L S J K H V L,9,255,correct,117979,123447,117978.657309125,123447.344792275,True,False
sub-012_ses-01_task-WorkingMemory_run-1_eeg.set,sub-012,,24,3,14,True,True,True,True,True,True,True,False,1.0,D M B Y H Q C G C,9,255,correct,123450,128873,123450.3447854,128872.532374975,True,False
sub-012_ses-01_task-WorkingMemory_run-1_eeg.set,sub-012,,25,3,14,True,True,True,True,True,True,True,False,1.0,Q P J T Z K D C J,9,255,correct,128876,134212,128876.20736655,134211.995153875,True,False
sub-012_ses-01_task-WorkingMemory_run-2_eeg.set,sub-012,,1,5,14,True,True,True,True,True,True,False,True,1.0,K S P F D L T Z Q,9,1,correct,4906,10120,4906.0,10120.236934425,True,False
sub-012_ses-01_task-WorkingMemory_run-2_eeg.set,sub-012,,2,3,14,True,True,True,True,True,True,True,False,1.0,D B G J W L K C L,9,255,correct,10123,15282,10123.486941849998,15281.973748675,True,False
sub-012_ses-01_task-WorkingMemory_run-2_eeg.set,sub-012,,3,7,14,True,True,True,True,True,True,True,False,1.0,Y D Q V G L F S G,9,255,correct,15283,20510,15282.6487502,20509.660713875,True,False
sub-012_ses-01_task-WorkingMemory_run-2_eeg.set,sub-012,,4,3,14,True,True,True,True,True,True,False,True,1.0,P R K W C Z Y X B,9,1,correct,20513,25553,20512.660720725,25552.797256650003,True,False
sub-012_ses-01_task-WorkingMemory_run-2_eeg.set,sub-012,,5,3,14,True,True,True,True,True,True,True,False,1.0,C V W H N X R M R,9,255,correct,25555,30708,25555.122261975,30708.009055975,True,False
sub-012_ses-01_task-WorkingMemory_run-2_eeg.set,sub-012,,6,3,14,True,True,True,True,True,True,True,False,1.0,S N R X M T B G R,9,255,correct,30710,36035,30710.109060775,36034.6212476,True,False
sub-012_ses-01_task-WorkingMemory_run-2_eeg.set,sub-012,,7,7,14,True,True,True,True,True,True,False,True,1.0,P Q S W D F C H X,9,1,correct,36036,41559,36035.971250675,41558.933891725,True,False
sub-012_ses-01_task-WorkingMemory_run-2_eeg.set,sub-012,,8,7,14,True,True,True,True,True,True,True,False,1.0,H D W Y K P X V X,9,255,correct,41562,46991,41561.8588984,46990.84632435,True,False
sub-012_ses-01_task-WorkingMemory_run-2_eeg.set,sub-012,,9,5,14,True,True,True,True,True,True,True,False,1.0,M F G K Z Q Y N K,9,255,correct,46992,52304,46991.89632675,52304.08348535,True,False
sub-012_ses-01_task-WorkingMemory_run-2_eeg.set,sub-012,,10,7,14,True,True,True,True,True,True,True,False,1.0,W L D J C F V S S,9,255,correct,52305,57716,52305.233488,57716.220872725,True,False
sub-012_ses-01_task-WorkingMemory_run-2_eeg.set,sub-012,,11,7,14,True,True,True,True,True,True,False,True,1.0,P W F S Z T K Q L,9,1,correct,57719,62964,57718.620878225,62963.5578829,True,False
sub-012_ses-01_task-WorkingMemory_run-2_eeg.set,sub-012,,12,3,14,True,True,True,True,True,True,True,False,1.0,P K B Y D M C F P,9,255,correct,62965,68264,62965.28288685,68263.59501369999,True,False
sub-012_ses-01_task-WorkingMemory_run-2_eeg.set,sub-012,,13,3,14,True,True,True,True,True,True,True,False,1.0,Y C P K R W H L K,9,255,correct,68266,73702,68266.12001947501,73702.0074612,True,False
sub-012_ses-01_task-WorkingMemory_run-2_eeg.set,sub-012,,14,7,14,True,True,True,True,True,True,False,True,1.0,M Q W B Z D R L Y,9,1,correct,73705,79081,73704.507466925,79081.119772975,True,False
sub-012_ses-01_task-WorkingMemory_run-2_eeg.set,sub-012,,15,5,14,True,True,True,True,True,True,True,False,1.0,Q M C X S W R H Q,9,255,correct,79085,84612,79084.51978077501,84611.8074317,True,False
sub-012_ses-01_task-WorkingMemory_run-2_eeg.set,sub-012,,16,5,14,True,True,True,True,True,True,True,False,1.0,R C X H N P M L P,9,255,correct,84615,90156,84614.58243805,90155.670120575,True,False
sub-012_ses-01_task-WorkingMemory_run-2_eeg.set,sub-012,,17,7,14,True,True,True,True,True,True,True,False,1.0,B N R G Y Z M X Z,9,255,correct,90157,95324,90157.14512395,95323.856949575,True,False
sub-012_ses-01_task-WorkingMemory_run-2_eeg.set,sub-012,,18,5,14,True,True,True,True,True,True,False,True,1.0,T Y K Z F Q G W L,9,1,correct,95325,100815,95324.63195135,100815.069517925,True,False
sub-012_ses-01_task-WorkingMemory_run-2_eeg.set,sub-012,,19,5,14,True,True,True,True,True,True,True,False,1.0,H T X V F K C G X,9,255,correct,100817,105917,100817.16952275,105917.381196175,True,False
sub-012_ses-01_task-WorkingMemory_run-2_eeg.set,sub-012,,20,5,14,True,True,True,True,True,True,False,True,1.0,V C H M D Q Z Y J,9,1,correct,105918,111442,105917.98119755,111441.618840125,True,False
sub-012_ses-01_task-WorkingMemory_run-2_eeg.set,sub-012,,21,3,14,True,True,True,True,True,True,True,False,1.0,N B T S X C Q R S,9,255,correct,111444,116775,111443.868845275,116774.6810465,True,False
sub-012_ses-01_task-WorkingMemory_run-2_eeg.set,sub-012,,22,3,14,True,True,True,True,True,True,False,True,1.0,V W S R B N P Z X,9,1,correct,116778,122286,116778.056054225,122285.7436603,True,False
sub-012_ses-01_task-WorkingMemory_run-2_eeg.set,sub-012,,23,3,14,True,True,True,True,True,True,False,True,1.0,P X B Z H V R F Q,9,1,correct,122287,127612,122287.2686638,127612.205851575,True,False
sub-012_ses-01_task-WorkingMemory_run-2_eeg.set,sub-012,,24,5,14,True,True,True,True,True,True,False,True,1.0,F C J Q T S M N Z,9,1,correct,127613,133163,127613.1308537,133162.84355595,True,False
sub-012_ses-01_task-WorkingMemory_run-2_eeg.set,sub-012,,25,7,14,True,True,True,True,True,True,False,True,1.0,Q P H R X C S V Z,9,1,correct,133164,138819,133164.018558625,138818.906501625,True,False
sub-012_ses-01_task-WorkingMemory_run-3_eeg.set,sub-012,,1,3,14,True,True,True,True,True,True,True,False,1.0,D C R G Z X L K K,9,255,correct,3581,8885,3581.0,8885.20931865,True,False
sub-012_ses-01_task-WorkingMemory_run-3_eeg.set,sub-012,,2,5,14,True,True,True,True,True,True,False,True,1.0,L F M J K N R H G,9,1,correct,8886,14337,8886.009316275,14336.893201275,True,False
sub-012_ses-01_task-WorkingMemory_run-3_eeg.set,sub-012,,3,5,14,True,True,True,True,True,True,True,False,1.0,H B Q K S R T J Q,9,255,correct,14341,19683,14341.0181891,19683.10239575,True,False
sub-012_ses-01_task-WorkingMemory_run-3_eeg.set,sub-012,,4,7,14,True,True,True,True,True,True,True,False,1.0,Y S N M F Q H W N,9,255,correct,19688,24825,19687.677382225,24824.93719445,True,False
sub-012_ses-01_task-WorkingMemory_run-3_eeg.set,sub-012,,5,5,14,True,True,True,True,True,True,True,False,1.0,Z C R F Q V P N F,9,255,correct,24826,30811,24825.9621914,30810.569498525,True,False
sub-012_ses-01_task-WorkingMemory_run-3_eeg.set,sub-012,,6,7,14,True,True,True,True,True,True,False,True,1.0,J T L X S G Q R Y,9,1,correct,30814,36045,30814.394487225,36044.6790244,True,False
sub-012_ses-01_task-WorkingMemory_run-3_eeg.set,sub-012,,7,3,14,True,True,True,True,True,True,True,False,1.0,B F H R Z G M V B,9,255,correct,36049,41391,36048.529013025,41390.86321895,True,False
sub-012_ses-01_task-WorkingMemory_run-3_eeg.set,sub-012,,8,3,14,True,True,True,True,True,True,False,True,1.0,D V G H P J M Z Y,9,1,correct,41395,46552,41395.2132061,46552.472959175,True,False
sub-012_ses-01_task-WorkingMemory_run-3_eeg.set,sub-012,,9,3,14,True,True,True,True,True,True,True,False,1.0,K H L V R C J Y R,9,255,correct,46554,51628,46554.32295369999,51628.357952825,True,False
sub-012_ses-01_task-WorkingMemory_run-3_eeg.set,sub-012,,10,7,14,True,True,True,True,True,True,True,False,1.0,Y W S J P C D K C,9,255,correct,51630,57087,51630.10794765,57086.61681605,True,False
sub-012_ses-01_task-WorkingMemory_run-3_eeg.set,sub-012,,11,5,14,True,True,True,True,True,True,False,True,1.0,C P X Z T Y J B H,9,1,correct,57089,62571,57089.291808125,62571.22560135,True,False
sub-012_ses-01_task-WorkingMemory_run-3_eeg.set,sub-012,,12,3,14,True,True,True,True,True,True,True,False,1.0,H M W N G B T L T,9,255,correct,62573,67713,62573.4755947,67713.1353998,True,False
sub-012_ses-01_task-WorkingMemory_run-3_eeg.set,sub-012,,13,3,14,True,True,True,True,True,True,False,True,1.0,R X S P N D G J M,9,1,correct,67716,73086,67715.93539152501,73085.69451637499,True,False
sub-012_ses-01_task-WorkingMemory_run-3_eeg.set,sub-012,,14,7,14,True,True,True,True,True,True,True,False,1.0,J T V D X G N R R,9,255,correct,73088,78603,73087.594510775,78603.253204275,True,False
sub-012_ses-01_task-WorkingMemory_run-3_eeg.set,sub-012,,15,7,14,True,True,True,True,True,True,True,False,1.0,W D R Z M T H L W,9,255,correct,78605,84272,78605.128198725,84272.411443975,True,False
sub-012_ses-01_task-WorkingMemory_run-3_eeg.set,sub-012,,16,3,14,True,True,True,True,True,True,False,True,1.0,G L X P H M N R Z,9,1,correct,84277,89566,84276.8364309,89565.84579447501,True,False
sub-012_ses-01_task-WorkingMemory_run-3_eeg.set,sub-012,,17,5,14,True,True,True,True,True,True,True,False,1.0,Z W T R H L D J H,9,255,correct,89569,94879,89569.3207842,94879.030086575,True,False
sub-012_ses-01_task-WorkingMemory_run-3_eeg.set,sub-012,,18,5,14,True,True,True,True,True,True,False,True,1.0,D Q G M P V F T B,9,1,correct,94883,100779,94882.655075875,100778.9376441,True,False
sub-012_ses-01_task-WorkingMemory_run-3_eeg.set,sub-012,,19,7,14,True,True,True,True,True,True,True,False,1.0,Z X S Y C V T W V,9,255,correct,100784,106151,100783.562630425,106151.446760825,True,False
sub-012_ses-01_task-WorkingMemory_run-3_eeg.set,sub-012,,20,5,14,True,True,True,True,True,True,False,True,1.0,J S Y T P F M K V,9,1,correct,106155,111353,106155.22174965,111352.5813842,True,False
sub-012_ses-01_task-WorkingMemory_run-3_eeg.set,sub-012,,21,7,14,True,True,True,True,True,True,True,False,1.0,P Y R T B G V M P,9,255,correct,111356,116725,111356.031374,116725.0905009,True,False
sub-012_ses-01_task-WorkingMemory_run-3_eeg.set,sub-012,,22,3,14,True,True,True,True,True,True,False,True,1.0,P M D Z B R N G F,9,1,correct,116728,121992,116727.690493225,121992.12492945,True,False
sub-012_ses-01_task-WorkingMemory_run-3_eeg.set,sub-012,,23,5,14,True,True,True,True,True,True,True,False,1.0,V W Q S T Z K X W,9,255,correct,121995,127510,121995.174920425,127509.658617425,True,False
sub-012_ses-01_task-WorkingMemory_run-3_eeg.set,sub-012,,24,7,14,True,True,True,True,True,True,False,True,1.0,F M B N L X J Y P,9,1,correct,127513,133021,127512.683608475,133020.617324825,True,False
sub-012_ses-01_task-WorkingMemory_run-3_eeg.set,sub-012,,25,7,14,True,True,True,True,True,True,True,False,1.0,K G J Z H D P V G,9,255,correct,133022,138452,133021.867321125,138452.45126615,True,False
sub-014_ses-01_task-WorkingMemory_run-1_eeg.set,sub-014,,1,7,14,True,True,True,True,True,True,False,True,1.0,M Q W B Z D R L Y,9,1,correct,24622,48053,24622.0,48053.3797528,True,False
sub-014_ses-01_task-WorkingMemory_run-1_eeg.set,sub-014,,2,7,14,True,True,True,True,True,True,True,False,1.0,H D W Y K P X V X,9,1,correct,48064,70675,48064.1821408,70675.3805839,True,False
sub-014_ses-01_task-WorkingMemory_run-1_eeg.set,sub-014,,3,7,14,True,True,True,True,True,True,False,True,1.0,P Q S W D F C H X,9,1,correct,70689,92533,70689.38367940001,92532.9124211,True,False
sub-014_ses-01_task-WorkingMemory_run-1_eeg.set,sub-014,,4,5,14,True,True,True,True,True,True,True,False,1.0,Q M C X S W R H Q,9,1,correct,92548,117396,92547.7156935,117395.9086477,True,False
sub-014_ses-01_task-WorkingMemory_run-1_eeg.set,sub-014,,5,3,14,True,True,True,True,True,True,False,True,1.0,P X B Z H V R F Q,9,1,correct,117407,140835,117407.1111241,140835.2901694,True,False
sub-014_ses-01_task-WorkingMemory_run-1_eeg.set,sub-014,,6,5,14,True,True,True,True,True,True,True,False,1.0,R C X H N P M L P,9,1,correct,140849,165039,140849.2932649,165039.2407071,True,False
sub-014_ses-01_task-WorkingMemory_run-1_eeg.set,sub-014,,7,5,14,True,True,True,True,True,True,True,False,1.0,H T X V F K C G X,9,1,correct,165042,186211,165041.74125989998,186211.0209517,True,False
sub-014_ses-01_task-WorkingMemory_run-1_eeg.set,sub-014,,8,3,14,True,True,True,True,True,True,True,False,1.0,D B G J W L K C L,9,1,correct,186216,207409,186216.4221456,207409.2070335,True,False
sub-014_ses-01_task-WorkingMemory_run-1_eeg.set,sub-014,,9,7,14,True,True,True,True,True,True,True,False,1.0,Y D Q V G L F S G,9,1,correct,207425,229267,207424.5104165,229266.6388486,True,False
sub-014_ses-01_task-WorkingMemory_run-1_eeg.set,sub-014,,10,5,14,True,True,True,True,True,True,True,False,1.0,M F G K Z Q Y N K,9,1,correct,229283,255343,229282.7424084,255342.6032146,True,False
sub-014_ses-01_task-WorkingMemory_run-1_eeg.set,sub-014,,11,0,4,True,False,True,True,False,False,False,False,0.0,,0,1,wrong,255359,258876,255359.3069071,258875.6842393,False,True
sub-014_ses-01_task-WorkingMemory_run-1_eeg.set,sub-014,,12,5,14,True,True,True,True,True,True,False,True,1.0,F C J Q T S M N Z,9,1,correct,258877,283845,258877.2845931,283844.5038593,True,False
sub-014_ses-01_task-WorkingMemory_run-1_eeg.set,sub-014,,13,3,14,True,True,True,True,True,True,False,True,1.0,V W S R B N P Z X,9,1,correct,283853,307310,283853.40582720004,307310.3912404,True,False
sub-014_ses-01_task-WorkingMemory_run-1_eeg.set,sub-014,,14,3,14,True,True,True,True,True,True,True,False,1.0,S N R X M T B G R,9,1,correct,307329,331251,307328.9953531,331250.8835379,True,False
sub-014_ses-01_task-WorkingMemory_run-1_eeg.set,sub-014,,15,5,14,True,True,True,True,True,True,False,True,1.0,K S P F D L T Z Q,9,1,correct,331255,353003,331254.6843781,353002.99207010004,True,False
sub-014_ses-01_task-WorkingMemory_run-1_eeg.set,sub-014,,16,7,14,True,True,True,True,True,True,True,False,1.0,W L D J C F V S S,9,1,correct,353013,377708,353012.8942591,377708.0533836,True,False
sub-014_ses-01_task-WorkingMemory_run-1_eeg.set,sub-014,,17,5,14,True,True,True,True,True,True,False,True,1.0,T Y K Z F Q G W L,9,1,correct,377722,401411,377722.2565234,401411.293234,True,False
sub-014_ses-01_task-WorkingMemory_run-1_eeg.set,sub-014,,18,3,14,True,True,True,True,True,True,True,False,1.0,P K B Y D M C F P,9,1,correct,401415,423163,401414.5939636,423163.4017662,True,False
sub-014_ses-01_task-WorkingMemory_run-1_eeg.set,sub-014,,19,3,14,True,True,True,True,True,True,True,False,1.0,Y C P K R W H L K,9,1,correct,423173,445917,423172.8038446,445917.4317837,True,False
sub-014_ses-01_task-WorkingMemory_run-1_eeg.set,sub-014,,20,3,14,True,True,True,True,True,True,True,False,1.0,C V W H N X R M R,9,1,correct,445931,467591,445931.4348793,467590.5228483,True,False
sub-014_ses-01_task-WorkingMemory_run-1_eeg.set,sub-014,,21,3,14,True,True,True,True,True,True,False,True,1.0,P R K W C Z Y X B,9,1,correct,467606,489290,467606.3263419,489289.9197281,True,False
sub-014_ses-01_task-WorkingMemory_run-1_eeg.set,sub-014,,22,7,14,True,True,True,True,True,True,True,False,1.0,B N R G Y Z M X Z,9,1,correct,489298,510488,489297.921497,510488.3058542,True,False
sub-014_ses-01_task-WorkingMemory_run-1_eeg.set,sub-014,,23,7,14,True,True,True,True,True,True,False,True,1.0,P W F S Z T K Q L,9,1,correct,510506,532082,510505.9097457,532082.279429,True,False
sub-014_ses-01_task-WorkingMemory_run-1_eeg.set,sub-014,,24,3,14,True,True,True,True,True,True,True,False,1.0,N B T S X C Q R S,9,1,correct,532097,554414,532097.3827678,554414.1161163,True,False
sub-014_ses-01_task-WorkingMemory_run-1_eeg.set,sub-014,,25,7,14,True,True,True,True,True,True,False,True,0.0,Q P H R X C S V Z,9,1,wrong,554423,576509,554422.5179736,576508.6003343001,True,False
sub-014_ses-01_task-WorkingMemory_run-2_eeg.set,sub-014,,1,5,14,True,True,True,True,True,True,False,True,1.0,L F M J K N R H G,9,1,correct,13303,37365,13303.0,37364.548876,True,False
sub-014_ses-01_task-WorkingMemory_run-2_eeg.set,sub-014,,2,3,14,True,True,True,True,True,True,True,False,0.0,H M W N G B T L T,9,1,wrong,37379,58589,37378.7520334,58589.06708089999,True,False
sub-014_ses-01_task-WorkingMemory_run-2_eeg.set,sub-014,,3,3,11,True,False,True,True,False,False,False,False,0.0,B F H R Z G M,7,1,wrong,58603,76887,58603.4702827,76887.0347143,False,True
sub-014_ses-01_task-WorkingMemory_run-2_eeg.set,sub-014,,4,7,14,True,True,True,True,True,True,True,False,1.0,J T V D X G N R R,9,1,correct,76894,100274,76893.736204,100273.5335269,True,False
sub-014_ses-01_task-WorkingMemory_run-2_eeg.set,sub-014,,5,5,14,True,True,True,True,True,True,True,False,1.0,V W Q S T Z K X W,9,1,correct,100286,122764,100286.0363062,122763.8331146,True,False
sub-014_ses-01_task-WorkingMemory_run-2_eeg.set,sub-014,,6,7,14,True,True,True,True,True,True,True,False,1.0,K G J Z H D P V G,9,1,correct,122778,145070,122777.8362275,145069.6917011,True,False
sub-014_ses-01_task-WorkingMemory_run-2_eeg.set,sub-014,,7,5,14,True,True,True,True,True,True,False,True,0.0,D Q G M P V F T B,9,1,wrong,145086,166954,145086.2953921,166953.75652300002,True,False
sub-014_ses-01_task-WorkingMemory_run-2_eeg.set,sub-014,,8,0,4,True,False,True,True,False,False,False,False,0.0,,0,1,wrong,166961,173097,166961.3582129,173097.12219159998,False,True
sub-014_ses-01_task-WorkingMemory_run-2_eeg.set,sub-014,,9,5,14,True,True,True,True,True,True,True,False,1.0,Z W T R H L D J H,9,1,correct,173114,196405,173113.62586039997,196404.8034831,True,False
sub-014_ses-01_task-WorkingMemory_run-2_eeg.set,sub-014,,10,3,14,True,True,True,True,True,True,False,True,1.0,G L X P H M N R Z,9,1,correct,196423,219633,196422.5074187,219633.4672089,True,False
sub-014_ses-01_task-WorkingMemory_run-2_eeg.set,sub-014,,11,3,14,True,True,True,True,True,True,False,True,1.0,R X S P N D G J M,9,1,correct,219648,242150,219647.970433,242150.4727334,True,False
sub-014_ses-01_task-WorkingMemory_run-2_eeg.set,sub-014,,12,5,14,True,True,True,True,True,True,False,True,1.0,J S Y T P F M K V,9,1,correct,242156,263612,242156.4740675,263612.44372389995,True,False
sub-014_ses-01_task-WorkingMemory_run-2_eeg.set,sub-014,,13,7,14,True,True,True,True,True,True,True,False,1.0,Y W S J P C D K C,9,1,correct,263615,286446,263614.6442131,286445.619533,True,False
sub-014_ses-01_task-WorkingMemory_run-2_eeg.set,sub-014,,14,3,14,True,True,True,True,True,True,True,False,1.0,K H L V R C J Y R,9,1,correct,286457,308857,286456.722001,308857.2016218,True,False
sub-014_ses-01_task-WorkingMemory_run-2_eeg.set,sub-014,,15,7,14,True,True,True,True,True,True,False,True,1.0,J T L X S G Q R Y,9,1,correct,308865,334011,308865.2034006,334011.0933253,True,False
sub-014_ses-01_task-WorkingMemory_run-2_eeg.set,sub-014,,16,7,14,True,True,True,True,True,True,False,True,1.0,F M B N L X J Y P,9,1,correct,334025,357715,334024.7963715,357714.6626226,True,False
sub-014_ses-01_task-WorkingMemory_run-2_eeg.set,sub-014,,17,3,14,True,True,True,True,True,True,False,True,1.0,P M D Z B R N G F,9,1,correct,357717,383659,357717.0631562,383659.2300932,True,False
sub-014_ses-01_task-WorkingMemory_run-2_eeg.set,sub-014,,18,5,14,True,True,True,True,True,True,True,False,1.0,H B Q K S R T J Q,9,1,correct,383677,406624,383676.9340288,406624.4352523,True,False
sub-014_ses-01_task-WorkingMemory_run-2_eeg.set,sub-014,,19,3,14,True,True,True,True,True,True,False,True,1.0,D V G H P J M Z Y,9,1,correct,406636,429010,406635.6377426,429009.5114489,True,False
sub-014_ses-01_task-WorkingMemory_run-2_eeg.set,sub-014,,20,3,14,True,True,True,True,True,True,True,False,1.0,D C R G Z X L K K,9,1,correct,429028,451052,429027.5154512,451051.8114464,True,False
sub-014_ses-01_task-WorkingMemory_run-2_eeg.set,sub-014,,21,7,14,True,True,True,True,True,True,True,False,1.0,Z X S Y C V T W V,9,1,correct,451069,472804,451069.2153153,472804.3470294,True,False
sub-014_ses-01_task-WorkingMemory_run-2_eeg.set,sub-014,,22,7,14,True,True,True,True,True,True,True,False,1.0,Y S N M F Q H W N,9,1,correct,472811,494188,472810.7484524,494187.5004988,True,False
sub-014_ses-01_task-WorkingMemory_run-2_eeg.set,sub-014,,23,7,14,True,True,True,True,True,True,True,False,1.0,W D R Z M T H L W,9,1,correct,494202,517574,494202.3037896,517574.3994003,True,False
sub-014_ses-01_task-WorkingMemory_run-2_eeg.set,sub-014,,24,7,14,True,True,True,True,True,True,True,False,1.0,P Y R T B G V M P,9,1,correct,517578,539248,517577.8001563,539247.5173288,True,False
sub-014_ses-01_task-WorkingMemory_run-2_eeg.set,sub-014,,25,5,14,True,True,True,True,True,True,False,True,1.0,C P X Z T Y J B H,9,1,correct,539253,561659,539252.718485,561658.9993954,True,False
sub-014_ses-01_task-WorkingMemory_run-3_eeg.set,sub-014,,1,7,14,True,True,True,True,True,True,False,True,1.0,F W C R N Q H S J,9,1,correct,34110,64597,34110.0,64597.03439359999,True,False
sub-014_ses-01_task-WorkingMemory_run-3_eeg.set,sub-014,,2,5,14,True,True,True,True,True,True,True,False,1.0,Q W C K J P V M M,9,1,correct,64605,87035,64604.836117,87035.29086289999,True,False
sub-014_ses-01_task-WorkingMemory_run-3_eeg.set,sub-014,,3,3,14,True,True,True,True,True,True,False,True,1.0,F S M D Y N Q K R,9,1,correct,87047,108683,87046.69338170001,108682.5726109,True,False
sub-014_ses-01_task-WorkingMemory_run-3_eeg.set,sub-014,,4,3,14,True,True,True,True,True,True,False,True,1.0,Z M P N F L D H J,9,1,correct,108688,130330,108688.1738482,130330.0544031,True,False
sub-014_ses-01_task-WorkingMemory_run-3_eeg.set,sub-014,,5,7,14,True,True,True,True,True,True,False,True,1.0,Y V F R C Z Q D K,9,1,correct,130346,153375,130346.3580045,153374.84485199998,True,False
sub-014_ses-01_task-WorkingMemory_run-3_eeg.set,sub-014,,6,5,14,True,True,True,True,True,True,False,True,1.0,H W Z Q F T S M B,9,1,correct,153388,175682,153388.44785680002,175681.6722894,True,False
sub-014_ses-01_task-WorkingMemory_run-3_eeg.set,sub-014,,7,5,14,True,True,True,True,True,True,False,True,1.0,R B Y C Q F N L Z,9,1,correct,175697,197751,175696.8756478,197751.1472973,True,False
sub-014_ses-01_task-WorkingMemory_run-3_eeg.set,sub-014,,8,7,14,True,True,True,True,True,True,True,False,1.0,Z N K G B M Y R K,9,1,correct,197755,220322,197755.2482031,220321.6329752,True,False
sub-014_ses-01_task-WorkingMemory_run-3_eeg.set,sub-014,,9,3,14,True,True,True,True,True,True,True,False,1.0,Z K H P C S V X C,9,1,correct,220330,244500,220330.4349195,244500.0738403,True,False
sub-014_ses-01_task-WorkingMemory_run-3_eeg.set,sub-014,,10,5,14,True,True,True,True,True,True,True,False,1.0,M R L X G W F D F,9,1,correct,244506,265910,244506.2752101,265909.70309230004,True,False
sub-014_ses-01_task-WorkingMemory_run-3_eeg.set,sub-014,,11,5,14,True,True,True,True,True,True,True,False,1.0,G K M D R C B Y Y,9,1,correct,265914,288638,265914.3041087,288637.8235908,True,False
sub-014_ses-01_task-WorkingMemory_run-3_eeg.set,sub-014,,12,3,14,True,True,True,True,True,True,False,True,1.0,D N K H J C B M S,9,1,correct,288656,311155,288656.32767820003,311154.9974925,True,False
sub-014_ses-01_task-WorkingMemory_run-3_eeg.set,sub-014,,13,7,14,True,True,True,True,True,True,False,True,1.0,Z P W Q B G J M V,9,1,correct,311165,332459,311164.7996577,332459.1034351,True,False
sub-014_ses-01_task-WorkingMemory_run-3_eeg.set,sub-014,,14,7,14,True,True,True,True,True,True,True,False,1.0,P L H K B Q T J H,9,1,correct,332473,357824,332472.9064841,357823.7063159,True,False
sub-014_ses-01_task-WorkingMemory_run-3_eeg.set,sub-014,,15,3,14,True,True,True,True,True,True,True,False,1.0,D H G C S N M F S,9,1,correct,357832,380657,357832.4082381,380657.0500575,True,False
sub-014_ses-01_task-WorkingMemory_run-3_eeg.set,sub-014,,16,7,14,True,True,True,True,True,True,True,False,1.0,K G D H R T V N D,9,1,correct,380674,402067,380674.4539019,402066.5792875,True,False
sub-014_ses-01_task-WorkingMemory_run-3_eeg.set,sub-014,,17,7,14,True,True,True,True,True,True,False,True,1.0,L C Z M T B G K D,9,1,correct,402083,425744,402082.5828225,425743.6093941,True,False
sub-014_ses-01_task-WorkingMemory_run-3_eeg.set,sub-014,,18,5,14,True,True,True,True,True,True,False,True,1.0,M V G F R X W Y J,9,1,correct,425758,448234,425758.1125977,448234.1774187,True,False
sub-014_ses-01_task-WorkingMemory_run-3_eeg.set,sub-014,,19,5,14,True,True,True,True,True,True,False,True,1.0,J Q K F Z W M H B,9,1,correct,448250,471700,448249.9809096,471700.2609285,True,False
sub-014_ses-01_task-WorkingMemory_run-3_eeg.set,sub-014,,20,5,14,True,True,True,True,True,True,False,True,1.0,V L S M R D N Q K,9,1,correct,471709,493505,471708.8628286,493505.1774971,True,False
sub-014_ses-01_task-WorkingMemory_run-3_eeg.set,sub-014,,21,3,14,True,True,True,True,True,True,False,True,0.0,S G N B L Q Z P X,9,1,wrong,493517,515785,493517.1801484,515784.9989691,True,False
sub-014_ses-01_task-WorkingMemory_run-3_eeg.set,sub-014,,22,0,4,True,False,True,True,False,False,False,False,0.0,,0,1,wrong,515792,519582,515792.2005599,519581.7376447,False,True
sub-014_ses-01_task-WorkingMemory_run-3_eeg.set,sub-014,,23,5,14,True,True,True,True,True,True,True,False,1.0,K C Z M L F G Y L,9,1,correct,519594,542178,519593.6402739,542177.7289567,True,False
sub-014_ses-01_task-WorkingMemory_run-3_eeg.set,sub-014,,24,7,14,True,True,True,True,True,True,False,True,1.0,L K G Z H W M D Q,9,1,correct,542186,566066,542185.53068,566065.8056821,True,False
sub-014_ses-01_task-WorkingMemory_run-3_eeg.set,sub-014,,25,3,14,True,True,True,True,True,True,True,False,1.0,S T G N W J F H N,9,1,correct,566078,588240,566077.9083555,588240.1038447,True,False
sub-015_ses-01_task-WorkingMemory_run-1_eeg.set,sub-015,,1,3,14,True,True,True,True,True,True,True,False,1.0,D M B Y H Q C G C,9,1,correct,3796,15873,3796.0,15872.99914605,True,False
sub-015_ses-01_task-WorkingMemory_run-1_eeg.set,sub-015,,2,5,14,True,True,True,True,True,True,False,True,1.0,K W Z Q D C M P J,9,255,correct,15876,27437,15875.9999161,27436.86661455,True,False
sub-015_ses-01_task-WorkingMemory_run-1_eeg.set,sub-015,,3,5,14,True,True,True,True,True,True,True,False,1.0,K Z J V R H M S R,9,1,correct,27439,39040,27439.1171921,39040.29423480001,True,False
sub-015_ses-01_task-WorkingMemory_run-1_eeg.set,sub-015,,4,7,14,True,True,True,True,True,True,True,False,1.0,W K M C Q G B T B,9,1,correct,39044,50815,39043.9451717,50815.06582455,True,False
sub-015_ses-01_task-WorkingMemory_run-1_eeg.set,sub-015,,5,5,14,True,True,True,True,True,True,True,False,1.0,S C G P F M J L G,9,1,correct,50824,62379,50823.86808335,62378.83326735,True,False
sub-015_ses-01_task-WorkingMemory_run-1_eeg.set,sub-015,,6,7,14,True,True,True,True,True,True,False,True,1.0,T H X S W Q K D F,9,255,correct,62387,74022,62386.98535935,74021.77102654999,True,False
sub-015_ses-01_task-WorkingMemory_run-1_eeg.set,sub-015,,7,5,14,True,True,True,True,True,True,True,False,1.0,B H D R N Z V L R,9,1,correct,74025,85335,74025.17189925001,85335.27424765,True,False
sub-015_ses-01_task-WorkingMemory_run-1_eeg.set,sub-015,,8,7,14,True,True,True,True,True,True,False,True,1.0,X J N R S V Y H C,9,255,correct,85338,97110,85338.174992,97110.1958759,True,False
sub-015_ses-01_task-WorkingMemory_run-1_eeg.set,sub-015,,9,3,14,True,True,True,True,True,True,True,False,1.0,P T Z Q V B X G V,9,1,correct,97118,108411,97118.0979037,108410.64574735,True,False
sub-015_ses-01_task-WorkingMemory_run-1_eeg.set,sub-015,,10,7,14,True,True,True,True,True,True,False,True,1.0,W Z V D F X M Y G,9,255,correct,108414,119856,108414.44672275,119856.23286325,True,False
sub-015_ses-01_task-WorkingMemory_run-1_eeg.set,sub-015,,11,3,14,True,True,True,True,True,True,True,False,1.0,J Q D H X G C W D,9,1,correct,119861,131988,119860.834044,131987.5459471,True,False
sub-015_ses-01_task-WorkingMemory_run-1_eeg.set,sub-015,,12,5,14,True,True,True,True,True,True,False,True,1.0,Z T M S Y V N H Q,9,255,correct,131991,142919,131990.896807,142919.00112875,True,False
sub-015_ses-01_task-WorkingMemory_run-1_eeg.set,sub-015,,13,3,14,True,True,True,True,True,True,False,True,1.0,S Z F D G W V Q L,9,255,correct,142920,154589,142920.45150095,154588.84579265,True,False
sub-015_ses-01_task-WorkingMemory_run-1_eeg.set,sub-015,,14,7,14,True,True,True,True,True,True,True,False,0.0,W T M P G H Z N M,9,255,wrong,154592,167498,154591.94658835,167498.2085362,True,False
sub-015_ses-01_task-WorkingMemory_run-1_eeg.set,sub-015,,15,7,14,True,True,True,True,True,True,False,True,1.0,J C F M L K Q W B,9,255,correct,167506,178482,167505.66044845,178482.4772706,True,False
sub-015_ses-01_task-WorkingMemory_run-1_eeg.set,sub-015,,16,7,14,True,True,True,True,True,True,True,False,1.0,C Z L K R G B T Z,9,1,correct,178485,190324,178485.17796365,190323.86595535,True,False
sub-015_ses-01_task-WorkingMemory_run-1_eeg.set,sub-015,,17,5,14,True,True,True,True,True,True,True,False,1.0,K C J Y L D M S J,9,1,correct,190332,202587,190331.81799595003,202587.16290835,True,False
sub-015_ses-01_task-WorkingMemory_run-1_eeg.set,sub-015,,18,3,14,True,True,True,True,True,True,True,False,1.0,J C L S G V R T V,9,1,correct,202595,213703,202595.2149746,213703.4155119,True,False
sub-015_ses-01_task-WorkingMemory_run-1_eeg.set,sub-015,,19,7,14,True,True,True,True,True,True,False,True,1.0,X C J H N D P S L,9,255,correct,213708,225730,213708.1667311,225729.5516057,True,False
sub-015_ses-01_task-WorkingMemory_run-1_eeg.set,sub-015,,20,5,14,True,True,True,True,True,True,False,True,1.0,M G L Z B Y R C T,9,255,correct,225738,237057,225738.15381315,237056.8083562,True,False
sub-015_ses-01_task-WorkingMemory_run-1_eeg.set,sub-015,,21,3,14,True,True,True,True,True,True,True,False,1.0,Q P J T Z K D C J,9,1,correct,237060,248529,237059.5090492,248529.1523383,True,False
sub-015_ses-01_task-WorkingMemory_run-1_eeg.set,sub-015,,22,3,14,True,True,True,True,True,True,True,False,1.0,D Y T J M K B F B,9,1,correct,248531,260503,248530.95280035,260502.5248922,True,False
sub-015_ses-01_task-WorkingMemory_run-1_eeg.set,sub-015,,23,5,14,True,True,True,True,True,True,True,False,1.0,D C L S J K H V L,9,1,correct,260511,272436,260510.9270483,272436.3372943,True,False
sub-015_ses-01_task-WorkingMemory_run-1_eeg.set,sub-015,,24,5,14,True,True,True,True,True,True,True,False,1.0,L G Q F Z T R M L,9,1,correct,272441,284146,272440.88846219995,284145.9921741,True,False
sub-015_ses-01_task-WorkingMemory_run-1_eeg.set,sub-015,,25,3,14,True,True,True,True,True,True,False,True,1.0,F B C R M J H T S,9,255,correct,284154,295698,284154.09425325,295697.55648539995,True,False
sub-015_ses-01_task-WorkingMemory_run-2_eeg.set,sub-015,,1,7,14,True,True,True,True,True,True,True,False,1.0,H D W Y K P X V X,9,1,correct,2106,13226,2106.0,13226.2691852,True,False
sub-015_ses-01_task-WorkingMemory_run-2_eeg.set,sub-015,,2,3,14,True,True,True,True,True,True,False,True,1.0,P R K W C Z Y X B,9,255,correct,13236,23616,13235.57154355,23616.3032429,True,False
sub-015_ses-01_task-WorkingMemory_run-2_eeg.set,sub-015,,3,5,14,True,True,True,True,True,True,True,False,1.0,M F G K Z Q Y N K,9,1,correct,23623,34600,23623.2049926,34599.83776345,True,False
sub-015_ses-01_task-WorkingMemory_run-2_eeg.set,sub-015,,4,3,14,True,True,True,True,True,True,True,False,1.0,D B G J W L K C L,9,1,correct,34603,45030,34602.73849885,45029.6819137,True,False
sub-015_ses-01_task-WorkingMemory_run-2_eeg.set,sub-015,,5,3,14,True,True,True,True,True,True,False,True,1.0,P X B Z H V R F Q,9,255,correct,45032,55974,45031.9824969,55973.8564558,True,False
sub-015_ses-01_task-WorkingMemory_run-2_eeg.set,sub-015,,6,5,14,True,True,True,True,True,True,False,True,1.0,V C H M D Q Z Y J,9,255,correct,55978,67314,55978.20755885,67313.68130225,True,False
sub-015_ses-01_task-WorkingMemory_run-2_eeg.set,sub-015,,7,5,14,True,True,True,True,True,True,True,False,1.0,R C X H N P M L P,9,1,correct,67316,78482,67316.18193620001,78482.21272279999,True,False
sub-015_ses-01_task-WorkingMemory_run-2_eeg.set,sub-015,,8,7,14,True,True,True,True,True,True,True,False,1.0,W L D J C F V S S,9,1,correct,78487,89348,78487.4640541,89347.56728265,True,False
sub-015_ses-01_task-WorkingMemory_run-2_eeg.set,sub-015,,9,5,14,True,True,True,True,True,True,True,False,1.0,H T X V F K C G X,9,1,correct,89350,100714,89350.2679673,100714.04888705,True,False
sub-015_ses-01_task-WorkingMemory_run-2_eeg.set,sub-015,,10,7,14,True,True,True,True,True,True,False,True,1.0,P Q S W D F C H X,9,255,correct,100722,111566,100721.6508143,111566.35013765,True,False
sub-015_ses-01_task-WorkingMemory_run-2_eeg.set,sub-015,,11,3,14,True,True,True,True,True,True,True,False,1.0,C V W H N X R M R,9,1,correct,111568,122023,111567.80050535,122023.15112195,True,False
sub-015_ses-01_task-WorkingMemory_run-2_eeg.set,sub-015,,12,5,14,True,True,True,True,True,True,True,False,1.0,Q M C X S W R H Q,9,1,correct,122030,133100,122030.4029604,133099.7592383,True,False
sub-015_ses-01_task-WorkingMemory_run-2_eeg.set,sub-015,,13,7,14,True,True,True,True,True,True,False,True,1.0,Q P H R X C S V Z,9,255,correct,133102,144229,133101.6597201,144229.1307311,True,False
sub-015_ses-01_task-WorkingMemory_run-2_eeg.set,sub-015,,14,7,14,True,True,True,True,True,True,False,True,1.0,P W F S Z T K Q L,9,255,correct,144231,155016,144231.2312636,155015.76533405,True,False
sub-015_ses-01_task-WorkingMemory_run-2_eeg.set,sub-015,,15,7,14,True,True,True,True,True,True,True,False,1.0,Y D Q V G L F S G,9,1,correct,155019,166158,155019.0161582,166158.4401995,True,False
sub-015_ses-01_task-WorkingMemory_run-2_eeg.set,sub-015,,16,3,14,True,True,True,True,True,True,False,True,1.0,V W S R B N P Z X,9,255,correct,166165,177486,166165.2919365,177485.81188885,True,False
sub-015_ses-01_task-WorkingMemory_run-2_eeg.set,sub-015,,17,3,14,True,True,True,True,True,True,True,False,1.0,S N R X M T B G R,9,1,correct,177495,188563,177494.96420915,188562.6700686,True,False
sub-015_ses-01_task-WorkingMemory_run-2_eeg.set,sub-015,,18,5,14,True,True,True,True,True,True,False,True,1.0,K S P F D L T Z Q,9,255,correct,188566,199138,188566.17095615,199138.3511911,True,False
sub-015_ses-01_task-WorkingMemory_run-2_eeg.set,sub-015,,19,7,14,True,True,True,True,True,True,False,True,1.0,M Q W B Z D R L Y,9,255,correct,199146,210439,199145.5530169,210439.3661986,True,False
sub-015_ses-01_task-WorkingMemory_run-2_eeg.set,sub-015,,20,3,14,True,True,True,True,True,True,True,False,1.0,N B T S X C Q R S,9,1,correct,210442,222202,210441.86683255,222201.9482215,True,False
sub-015_ses-01_task-WorkingMemory_run-2_eeg.set,sub-015,,21,3,14,True,True,True,True,True,True,True,False,1.0,Y C P K R W H L K,9,1,correct,222205,233885,222205.0490076,233885.41018605,True,False
sub-015_ses-01_task-WorkingMemory_run-2_eeg.set,sub-015,,22,5,14,True,True,True,True,True,True,False,True,1.0,F C J Q T S M N Z,9,255,correct,233893,245872,233893.212164,245872.19904935,True,False
sub-015_ses-01_task-WorkingMemory_run-2_eeg.set,sub-015,,23,7,14,True,True,True,True,True,True,True,False,1.0,B N R G Y Z M X Z,9,1,correct,245882,257055,245881.50140765,257054.63399465,True,False
sub-015_ses-01_task-WorkingMemory_run-2_eeg.set,sub-015,,24,5,14,True,True,True,True,True,True,False,True,1.0,T Y K Z F Q G W L,9,255,correct,257061,268672,257061.0856303,268672.27927355,True,False
sub-015_ses-01_task-WorkingMemory_run-2_eeg.set,sub-015,,25,3,14,True,True,True,True,True,True,True,False,1.0,P K B Y D M C F P,9,1,correct,268674,280013,268674.229768,280013.00434825,True,False
sub-015_ses-01_task-WorkingMemory_run-3_eeg.set,sub-015,,1,5,14,True,True,True,True,True,True,True,False,1.0,Z C R F Q V P N F,9,1,correct,2792,14094,2792.0,14093.57538345,True,False
sub-015_ses-01_task-WorkingMemory_run-3_eeg.set,sub-015,,2,5,14,True,True,True,True,True,True,False,True,1.0,C P X Z T Y J B H,9,255,correct,14097,24893,14096.62615965,24893.0730267,True,False
sub-015_ses-01_task-WorkingMemory_run-3_eeg.set,sub-015,,3,3,14,True,True,True,True,True,True,False,True,1.0,D V G H P J M Z Y,9,255,correct,24901,35284,24901.1250753,35283.8166734,True,False
sub-015_ses-01_task-WorkingMemory_run-3_eeg.set,sub-015,,4,5,14,True,True,True,True,True,True,True,False,1.0,Z W T R H L D J H,9,1,correct,35289,46136,35288.7179204,46136.127753600005,True,False
sub-015_ses-01_task-WorkingMemory_run-3_eeg.set,sub-015,,5,3,14,True,True,True,True,True,True,True,False,1.0,H M W N G B T L T,9,1,correct,46143,56975,46143.22956045,56975.385512700006,True,False
sub-015_ses-01_task-WorkingMemory_run-3_eeg.set,sub-015,,6,7,14,True,True,True,True,True,True,True,False,1.0,W D R Z M T H L W,9,1,correct,56981,68052,56981.03695055,68051.7535982,True,False
sub-015_ses-01_task-WorkingMemory_run-3_eeg.set,sub-015,,7,7,14,True,True,True,True,True,True,False,True,1.0,J T L X S G Q R Y,9,255,correct,68061,78680,68060.60585040001,78679.80762215001,True,False
sub-015_ses-01_task-WorkingMemory_run-3_eeg.set,sub-015,,8,5,14,True,True,True,True,True,True,True,False,1.0,H B Q K S R T J Q,9,1,correct,78682,89585,78681.65809294999,89584.78210115,True,False
sub-015_ses-01_task-WorkingMemory_run-3_eeg.set,sub-015,,9,7,14,True,True,True,True,True,True,True,False,1.0,J T V D X G N R R,9,1,correct,89586,100516,89586.18245745,100516.1632986,True,False
sub-015_ses-01_task-WorkingMemory_run-3_eeg.set,sub-015,,10,3,14,True,True,True,True,True,True,False,True,1.0,P M D Z B R N G F,9,255,correct,100524,111118,100524.01529635,111117.8106041,True,False
sub-015_ses-01_task-WorkingMemory_run-3_eeg.set,sub-015,,11,5,14,True,True,True,True,True,True,True,False,1.0,V W Q S T Z K X W,9,1,correct,111120,121944,111120.0611767,121943.6649531,True,False
sub-015_ses-01_task-WorkingMemory_run-3_eeg.set,sub-015,,12,5,14,True,True,True,True,True,True,False,True,1.0,L F M J K N R H G,9,255,correct,121950,133284,121949.51644185,133283.8501598,True,False
sub-015_ses-01_task-WorkingMemory_run-3_eeg.set,sub-015,,13,3,14,True,True,True,True,True,True,True,False,1.0,D C R G Z X L K K,9,1,correct,133288,146905,133287.5511014,146905.2157518,True,False
sub-015_ses-01_task-WorkingMemory_run-3_eeg.set,sub-015,,14,7,14,True,True,True,True,True,True,True,False,0.0,K G J Z H D P V G,9,1,wrong,146910,160237,146909.8669352,160236.55755505,True,False
sub-015_ses-01_task-WorkingMemory_run-3_eeg.set,sub-015,,15,3,14,True,True,True,True,True,True,False,True,1.0,R X S P N D G J M,9,255,correct,160240,171181,160240.3585221,171181.14211175,True,False
sub-015_ses-01_task-WorkingMemory_run-3_eeg.set,sub-015,,16,5,14,True,True,True,True,True,True,False,True,1.0,D Q G M P V F T B,9,255,correct,171187,181612,171186.54348595,181611.5458489,True,False
sub-015_ses-01_task-WorkingMemory_run-3_eeg.set,sub-015,,17,5,14,True,True,True,True,True,True,False,True,1.0,J S Y T P F M K V,9,255,correct,181616,194508,181615.8469432,194507.77694985,True,False
sub-015_ses-01_task-WorkingMemory_run-3_eeg.set,sub-015,,18,7,14,True,True,True,True,True,True,True,False,1.0,P Y R T B G V M P,9,1,correct,194513,205492,194512.828235,205492.17163515,True,False
sub-015_ses-01_task-WorkingMemory_run-3_eeg.set,sub-015,,19,3,14,True,True,True,True,True,True,True,False,1.0,K H L V R C J Y R,9,1,correct,205501,215764,205500.72381105,215764.4851505,True,False
sub-015_ses-01_task-WorkingMemory_run-3_eeg.set,sub-015,,20,7,14,True,True,True,True,True,True,True,False,1.0,Y S N M F Q H W N,9,1,correct,215772,226525,215771.63697005,226524.7728178,True,False
sub-015_ses-01_task-WorkingMemory_run-3_eeg.set,sub-015,,21,3,14,True,True,True,True,True,True,False,True,1.0,G L X P H M N R Z,9,255,correct,226526,237311,226526.0731486,237311.3171654,True,False
sub-015_ses-01_task-WorkingMemory_run-3_eeg.set,sub-015,,22,7,14,True,True,True,True,True,True,False,True,1.0,F M B N L X J Y P,9,255,correct,237314,248639,237313.8678143,248638.74912735,True,False
sub-015_ses-01_task-WorkingMemory_run-3_eeg.set,sub-015,,23,3,14,True,True,True,True,True,True,True,False,1.0,B F H R Z G M V B,9,1,correct,248644,259439,248643.5503489,259438.79691055,True,False
sub-015_ses-01_task-WorkingMemory_run-3_eeg.set,sub-015,,24,7,14,True,True,True,True,True,True,True,False,0.0,Z X S Y C V T W V,9,1,wrong,259448,270133,259447.99925185,270133.367858,True,False
sub-015_ses-01_task-WorkingMemory_run-3_eeg.set,sub-015,,25,0,4,True,False,True,True,False,False,False,False,0.0,,0,1,wrong,270136,276503,270135.76846875,276502.5883357,False,True
sub-016_ses-01_task-WorkingMemory_run-1_eeg.set,sub-016,,1,3,14,True,True,True,True,True,True,True,False,1.0,D M B Y H Q C G C,9,1,correct,16028,34853,16028.000000000002,34853.2476554,True,False
sub-016_ses-01_task-WorkingMemory_run-1_eeg.set,sub-016,,2,7,14,True,True,True,True,True,True,True,False,1.0,C Z L K R G B T Z,9,1,correct,34861,49213,34860.74956725,49213.05728415,True,False
sub-016_ses-01_task-WorkingMemory_run-1_eeg.set,sub-016,,3,5,14,True,True,True,True,True,True,True,False,1.0,B H D R N Z V L R,9,1,correct,49217,62979,49216.7082146,62979.36565785,True,False
sub-016_ses-01_task-WorkingMemory_run-1_eeg.set,sub-016,,4,5,14,True,True,True,True,True,True,False,True,1.0,Z T M S Y V N H Q,9,255,correct,62981,77128,62980.71600195,77128.32155005,True,False
sub-016_ses-01_task-WorkingMemory_run-1_eeg.set,sub-016,,5,3,14,True,True,True,True,True,True,False,True,1.0,S Z F D G W V Q L,9,255,correct,77137,90592,77136.57365315,90591.7027221,True,False
sub-016_ses-01_task-WorkingMemory_run-1_eeg.set,sub-016,,6,3,14,True,True,True,True,True,True,True,False,1.0,J Q D H X G C W D,9,1,correct,90601,106877,90600.50496535,106876.9530536,True,False
sub-016_ses-01_task-WorkingMemory_run-1_eeg.set,sub-016,,7,5,14,True,True,True,True,True,True,False,True,1.0,K W Z Q D C M P J,9,255,correct,106882,119272,106882.2043919,119272.01196135,True,False
sub-016_ses-01_task-WorkingMemory_run-1_eeg.set,sub-016,,8,5,14,True,True,True,True,True,True,True,False,1.0,K C J Y L D M S J,9,255,correct,119279,137759,119279.0137458,137759.0234165,True,False
sub-016_ses-01_task-WorkingMemory_run-1_eeg.set,sub-016,,9,3,14,True,True,True,True,True,True,True,False,1.0,Q P J T Z K D C J,9,1,correct,137762,152106,137761.67409205,152105.67969314998,True,False
sub-016_ses-01_task-WorkingMemory_run-1_eeg.set,sub-016,,10,7,14,True,True,True,True,True,True,False,True,0.0,W Z V D F X M Y G,9,255,wrong,152109,166321,152109.28061085,166320.55238439998,True,False
sub-016_ses-01_task-WorkingMemory_run-1_eeg.set,sub-016,,11,7,14,True,True,True,True,True,True,False,True,1.0,T H X S W Q K D F,9,255,correct,166324,180140,166323.5031364,180140.07431965,True,False
sub-016_ses-01_task-WorkingMemory_run-1_eeg.set,sub-016,,12,3,14,True,True,True,True,True,True,True,False,1.0,D Y T J M K B F B,9,255,correct,180146,193327,180145.8757982,193326.7849816,True,False
sub-016_ses-01_task-WorkingMemory_run-1_eeg.set,sub-016,,13,7,14,True,True,True,True,True,True,True,False,0.0,W K M C Q G B T B,9,255,wrong,193335,206804,193334.6369827,206803.61958225,True,False
sub-016_ses-01_task-WorkingMemory_run-1_eeg.set,sub-016,,14,5,14,True,True,True,True,True,True,True,False,1.0,D C L S J K H V L,9,1,correct,206807,221019,206806.87041075,221018.94238825,True,False
sub-016_ses-01_task-WorkingMemory_run-1_eeg.set,sub-016,,15,7,14,True,True,True,True,True,True,False,True,1.0,X J N R S V Y H C,9,255,correct,221021,238623,221021.09293635,238622.9788153,True,False
sub-016_ses-01_task-WorkingMemory_run-1_eeg.set,sub-016,,16,7,14,True,True,True,True,True,True,False,True,1.0,J C F M L K Q W B,9,255,correct,238628,252918,238628.38019185,252917.5218107,True,False
sub-016_ses-01_task-WorkingMemory_run-1_eeg.set,sub-016,,17,7,14,True,True,True,True,True,True,False,True,1.0,X C J H N D P S L,9,255,correct,252926,272935,252925.97396475,272935.1733528,True,False
sub-016_ses-01_task-WorkingMemory_run-1_eeg.set,sub-016,,18,5,14,True,True,True,True,True,True,True,False,1.0,L G Q F Z T R M L,9,255,correct,272943,289155,272942.5752392,289155.00701275,True,False
sub-016_ses-01_task-WorkingMemory_run-1_eeg.set,sub-016,,19,5,14,True,True,True,True,True,True,True,False,1.0,K Z J V R H M S R,9,255,correct,289158,304623,289157.60767555,304623.049077,True,False
sub-016_ses-01_task-WorkingMemory_run-1_eeg.set,sub-016,,20,5,14,True,True,True,True,True,True,True,False,1.0,S C G P F M J L G,9,1,correct,304631,319445,304630.7010271,319445.0264902,True,False
sub-016_ses-01_task-WorkingMemory_run-1_eeg.set,sub-016,,21,3,14,True,True,True,True,True,True,True,False,1.0,P T Z Q V B X G V,9,1,correct,319453,332988,319453.42863155,332987.72787715,True,False
sub-016_ses-01_task-WorkingMemory_run-1_eeg.set,sub-016,,22,3,14,True,True,True,True,True,True,False,True,1.0,F B C R M J H T S,9,255,correct,332992,345251,332992.4290753,345251.4533143,True,False
sub-016_ses-01_task-WorkingMemory_run-1_eeg.set,sub-016,,23,7,14,True,True,True,True,True,True,True,False,1.0,W T M P G H Z N M,9,1,correct,345256,358939,345255.8044232,358939.49174075003,True,False
sub-016_ses-01_task-WorkingMemory_run-1_eeg.set,sub-016,,24,5,14,True,True,True,True,True,True,False,True,1.0,M G L Z B Y R C T,9,255,correct,358945,372284,358944.7930918,372284.19266685005,True,False
sub-016_ses-01_task-WorkingMemory_run-1_eeg.set,sub-016,,25,3,14,True,True,True,True,True,True,True,False,1.0,J C L S G V R T V,9,1,correct,372292,386750,372291.9946552,386749.72924035,True,False
sub-016_ses-01_task-WorkingMemory_run-2_eeg.set,sub-016,,1,7,14,True,True,True,True,True,True,True,False,1.0,W L D J C F V S S,9,1,correct,2349,15826,2349.0,15826.34115295,True,False
sub-016_ses-01_task-WorkingMemory_run-2_eeg.set,sub-016,,2,3,14,True,True,True,True,True,True,False,True,1.0,V W S R B N P Z X,9,255,correct,15830,30910,15829.54197025,30910.1924942,True,False
sub-016_ses-01_task-WorkingMemory_run-2_eeg.set,sub-016,,3,7,14,True,True,True,True,True,True,True,False,1.0,B N R G Y Z M X Z,9,255,correct,30919,43766,30919.14478,43765.87491985,True,False
sub-016_ses-01_task-WorkingMemory_run-2_eeg.set,sub-016,,4,5,14,True,True,True,True,True,True,True,False,1.0,R C X H N P M L P,9,255,correct,43774,59048,43774.4771162,59047.7768291,True,False
sub-016_ses-01_task-WorkingMemory_run-2_eeg.set,sub-016,,5,3,14,True,True,True,True,True,True,False,True,1.0,P R K W C Z Y X B,9,255,correct,59056,72247,59055.77887225,72246.6468804,True,False
sub-016_ses-01_task-WorkingMemory_run-2_eeg.set,sub-016,,6,7,14,True,True,True,True,True,True,False,True,1.0,Q P H R X C S V Z,9,255,correct,72253,88610,72252.8984766,88610.0249216,True,False
sub-016_ses-01_task-WorkingMemory_run-2_eeg.set,sub-016,,7,5,14,True,True,True,True,True,True,False,True,1.0,V C H M D Q Z Y J,9,255,correct,88618,102046,88618.02696475,102046.4056162,True,False
sub-016_ses-01_task-WorkingMemory_run-2_eeg.set,sub-016,,8,3,14,True,True,True,True,True,True,True,False,1.0,S N R X M T B G R,9,255,correct,102049,118476,102048.60617805,118475.8505262,True,False
sub-016_ses-01_task-WorkingMemory_run-2_eeg.set,sub-016,,9,5,14,True,True,True,True,True,True,True,False,1.0,H T X V F K C G X,9,1,correct,118480,131556,118480.40168825,131556.24032605,True,False
sub-016_ses-01_task-WorkingMemory_run-2_eeg.set,sub-016,,10,5,14,True,True,True,True,True,True,True,False,1.0,M F G K Z Q Y N K,9,255,correct,131561,144756,131560.7914881,144755.5604923,True,False
sub-016_ses-01_task-WorkingMemory_run-2_eeg.set,sub-016,,11,3,14,True,True,True,True,True,True,True,False,1.0,C V W H N X R M R,9,1,correct,144758,160513,144757.91109245,160512.93380305,True,False
sub-016_ses-01_task-WorkingMemory_run-2_eeg.set,sub-016,,12,7,14,True,True,True,True,True,True,False,True,1.0,P Q S W D F C H X,9,255,correct,160514,173765,160514.43418615,173764.91741579998,True,False
sub-016_ses-01_task-WorkingMemory_run-2_eeg.set,sub-016,,13,5,14,True,True,True,True,True,True,False,True,1.0,F C J Q T S M N Z,9,255,correct,173770,187188,173769.91869274998,187188.344803,True,False
sub-016_ses-01_task-WorkingMemory_run-2_eeg.set,sub-016,,14,3,14,True,True,True,True,True,True,False,True,1.0,P X B Z H V R F Q,9,255,correct,187192,199425,187192.1957863,199425.06919085,True,False
sub-016_ses-01_task-WorkingMemory_run-2_eeg.set,sub-016,,15,3,14,True,True,True,True,True,True,True,False,1.0,D B G J W L K C L,9,1,correct,199431,212493,199430.5705955,212492.6057089,True,False
sub-016_ses-01_task-WorkingMemory_run-2_eeg.set,sub-016,,16,3,14,True,True,True,True,True,True,True,False,1.0,N B T S X C Q R S,9,1,correct,212494,225626,212494.30614305,225626.20909575,True,False
sub-016_ses-01_task-WorkingMemory_run-2_eeg.set,sub-016,,17,7,14,True,True,True,True,True,True,True,False,1.0,H D W Y K P X V X,9,1,correct,225633,238997,225633.11085795,238997.02304925,True,False
sub-016_ses-01_task-WorkingMemory_run-2_eeg.set,sub-016,,18,7,14,True,True,True,True,True,True,False,True,1.0,P W F S Z T K Q L,9,255,correct,239005,251405,239005.27515625,251405.3412499,True,False
sub-016_ses-01_task-WorkingMemory_run-2_eeg.set,sub-016,,19,7,14,True,True,True,True,True,True,True,False,1.0,Y D Q V G L F S G,9,255,correct,251410,264104,251410.4425524,264103.78352755,True,False
sub-016_ses-01_task-WorkingMemory_run-2_eeg.set,sub-016,,20,5,14,True,True,True,True,True,True,False,True,1.0,T Y K Z F Q G W L,9,255,correct,264107,276947,264107.3344342,276947.2628374,True,False
sub-016_ses-01_task-WorkingMemory_run-2_eeg.set,sub-016,,21,3,14,True,True,True,True,True,True,True,False,1.0,Y C P K R W H L K,9,255,correct,276954,289896,276954.3146379,289896.26909125,True,False
sub-016_ses-01_task-WorkingMemory_run-2_eeg.set,sub-016,,22,5,14,True,True,True,True,True,True,False,True,1.0,K S P F D L T Z Q,9,255,correct,289901,305404,289901.37039375,305403.6285663,True,False
sub-016_ses-01_task-WorkingMemory_run-2_eeg.set,sub-016,,23,3,14,True,True,True,True,True,True,True,False,1.0,P K B Y D M C F P,9,255,correct,305408,318050,305407.7796262,318049.5574358,True,False
sub-016_ses-01_task-WorkingMemory_run-2_eeg.set,sub-016,,24,5,14,True,True,True,True,True,True,True,False,1.0,Q M C X S W R H Q,9,255,correct,318055,330656,318054.7087511,330656.02623,True,False
sub-016_ses-01_task-WorkingMemory_run-2_eeg.set,sub-016,,25,7,14,True,True,True,True,True,True,False,True,1.0,M Q W B Z D R L Y,9,255,correct,330660,344291,330659.8772133,344291.1076586,True,False
sub-016_ses-01_task-WorkingMemory_run-3_eeg.set,sub-016,,1,3,14,True,True,True,True,True,True,True,False,1.0,B F H R Z G M V B,9,255,correct,2007,13227,2007.0,13226.72755265,True,False
sub-016_ses-01_task-WorkingMemory_run-3_eeg.set,sub-016,,2,5,14,True,True,True,True,True,True,True,False,1.0,Z W T R H L D J H,9,255,correct,13228,24105,13228.2779503,24105.3176129,True,False
sub-016_ses-01_task-WorkingMemory_run-3_eeg.set,sub-016,,3,7,14,True,True,True,True,True,True,True,False,1.0,Y W S J P C D K C,9,255,correct,24108,35234,24107.81825425,35234.22187185,True,False
sub-016_ses-01_task-WorkingMemory_run-3_eeg.set,sub-016,,4,7,14,True,True,True,True,True,True,True,False,1.0,Y S N M F Q H W N,9,255,correct,35237,48091,35237.4226928,48090.61918545,True,False
sub-016_ses-01_task-WorkingMemory_run-3_eeg.set,sub-016,,5,5,14,True,True,True,True,True,True,False,True,1.0,C P X Z T Y J B H,9,1,correct,48093,59220,48092.769737,59219.8235214,True,False
sub-016_ses-01_task-WorkingMemory_run-3_eeg.set,sub-016,,6,7,14,True,True,True,True,True,True,True,False,1.0,K G J Z H D P V G,9,255,correct,59222,70652,59222.37417555,70652.35565254999,True,False
sub-016_ses-01_task-WorkingMemory_run-3_eeg.set,sub-016,,7,3,14,True,True,True,True,True,True,False,True,1.0,G L X P H M N R Z,9,1,correct,70661,81386,70660.50774335001,81385.95852755,True,False
sub-016_ses-01_task-WorkingMemory_run-3_eeg.set,sub-016,,8,7,14,True,True,True,True,True,True,True,False,1.0,Z X S Y C V T W V,9,255,correct,81390,91987,81389.9595537,91987.47752665,True,False
sub-016_ses-01_task-WorkingMemory_run-3_eeg.set,sub-016,,9,7,14,True,True,True,True,True,True,True,False,1.0,P Y R T B G V M P,9,255,correct,91994,102840,91994.32928395,102839.76083995,True,False
sub-016_ses-01_task-WorkingMemory_run-3_eeg.set,sub-016,,10,7,14,True,True,True,True,True,True,True,False,1.0,W D R Z M T H L W,9,255,correct,102849,114312,102848.86317445,114311.90313005,True,False
sub-016_ses-01_task-WorkingMemory_run-3_eeg.set,sub-016,,11,3,14,True,True,True,True,True,True,True,False,1.0,K H L V R C J Y R,9,255,correct,114320,124808,114320.305285,124808.1451285,True,False
sub-016_ses-01_task-WorkingMemory_run-3_eeg.set,sub-016,,12,5,14,True,True,True,True,True,True,False,True,0.0,D Q G M P V F T B,9,255,wrong,124816,136518,124816.2972193,136517.64829515,True,False
sub-016_ses-01_task-WorkingMemory_run-3_eeg.set,sub-016,,13,5,14,True,True,True,True,True,True,False,True,1.0,L F M J K N R H G,9,255,correct,136521,150430,136521.14919305,150429.66634655,True,False
sub-016_ses-01_task-WorkingMemory_run-3_eeg.set,sub-016,,14,3,14,True,True,True,True,True,True,True,False,1.0,D C R G Z X L K K,9,255,correct,150435,161282,150435.26778315002,161282.0996983,True,False
sub-016_ses-01_task-WorkingMemory_run-3_eeg.set,sub-016,,15,7,14,True,True,True,True,True,True,False,True,1.0,J T L X S G Q R Y,9,255,correct,161290,171937,161289.7516608,171936.9323709,True,False
sub-016_ses-01_task-WorkingMemory_run-3_eeg.set,sub-016,,16,5,14,True,True,True,True,True,True,True,False,1.0,Z C R F Q V P N F,9,255,correct,171944,182948,171944.1842308,182947.7563455,True,False
sub-016_ses-01_task-WorkingMemory_run-3_eeg.set,sub-016,,17,7,14,True,True,True,True,True,True,True,False,1.0,J T V D X G N R R,9,255,correct,182957,196438,182957.10874415,196437.8161762,True,False
sub-016_ses-01_task-WorkingMemory_run-3_eeg.set,sub-016,,18,5,14,True,True,True,True,True,True,True,False,1.0,V W Q S T Z K X W,9,255,correct,196446,207343,196446.0182798,207343.01306035,True,False
sub-016_ses-01_task-WorkingMemory_run-3_eeg.set,sub-016,,19,3,14,True,True,True,True,True,True,True,False,1.0,H M W N G B T L T,9,255,correct,207351,217694,207350.5649972,217694.417912,True,False
sub-016_ses-01_task-WorkingMemory_run-3_eeg.set,sub-016,,20,3,14,True,True,True,True,True,True,False,True,1.0,R X S P N D G J M,9,1,correct,217697,228389,217696.51845075,228388.9607692,True,False
sub-016_ses-01_task-WorkingMemory_run-3_eeg.set,sub-016,,21,5,14,True,True,True,True,True,True,False,True,1.0,J S Y T P F M K V,9,1,correct,228393,238741,228392.61170555,238740.6656978,True,False
sub-016_ses-01_task-WorkingMemory_run-3_eeg.set,sub-016,,22,7,14,True,True,True,True,True,True,False,True,1.0,F M B N L X J Y P,9,1,correct,238747,249646,238746.9173012,249645.9125948,True,False
sub-016_ses-01_task-WorkingMemory_run-3_eeg.set,sub-016,,23,3,14,True,True,True,True,True,True,False,True,1.0,D V G H P J M Z Y,9,1,correct,249651,260367,249651.4640186,260366.7121861,True,False
sub-016_ses-01_task-WorkingMemory_run-3_eeg.set,sub-016,,24,5,14,True,True,True,True,True,True,True,False,1.0,H B Q K S R T J Q,9,255,correct,260373,271299,260372.56368685,271298.51589415,True,False
sub-016_ses-01_task-WorkingMemory_run-3_eeg.set,sub-016,,25,3,14,True,True,True,True,True,True,False,True,1.0,P M D Z B R N G F,9,1,correct,271302,281887,271302.1168177,281887.2316096,True,False
sub-017_ses-01_task-WorkingMemory_run-1_eeg.set,sub-017,,1,5,14,True,True,True,True,True,True,False,True,1.0,Z T M S Y V N H Q,9,255,correct,4556,14957,4556.0,14956.5887162,True,False
sub-017_ses-01_task-WorkingMemory_run-1_eeg.set,sub-017,,2,7,14,True,True,True,True,True,True,True,False,1.0,W K M C Q G B T B,9,255,correct,14960,27983,14960.2396425,27983.0936493,True,False
sub-017_ses-01_task-WorkingMemory_run-1_eeg.set,sub-017,,3,5,14,True,True,True,True,True,True,True,False,1.0,B H D R N Z V L R,9,255,correct,27991,39348,27990.6455653,39348.37711665,True,False
sub-017_ses-01_task-WorkingMemory_run-1_eeg.set,sub-017,,4,5,14,True,True,True,True,True,True,True,False,1.0,S C G P F M J L G,9,255,correct,39354,50160,39353.67846165,50159.97010805,True,False
sub-017_ses-01_task-WorkingMemory_run-1_eeg.set,sub-017,,5,3,14,True,True,True,True,True,True,False,True,1.0,F B C R M J H T S,9,255,correct,50166,60906,50166.4717576,60905.74640125,True,False
sub-017_ses-01_task-WorkingMemory_run-1_eeg.set,sub-017,,6,7,14,True,True,True,True,True,True,False,True,1.0,X C J H N D P S L,9,255,correct,60913,71942,60912.5481269,71941.59628854999,True,False
sub-017_ses-01_task-WorkingMemory_run-1_eeg.set,sub-017,,7,5,14,True,True,True,True,True,True,True,False,1.0,K C J Y L D M S J,9,255,correct,71950,82318,71950.44853445,82318.32895225,True,False
sub-017_ses-01_task-WorkingMemory_run-1_eeg.set,sub-017,,8,7,14,True,True,True,True,True,True,False,True,1.0,X J N R S V Y H C,9,255,correct,82321,92603,82321.3797263,92602.7381928,True,False
sub-017_ses-01_task-WorkingMemory_run-1_eeg.set,sub-017,,9,3,14,True,True,True,True,True,True,True,False,1.0,J Q D H X G C W D,9,255,correct,92609,103850,92608.9397662,103849.7916642,True,False
sub-017_ses-01_task-WorkingMemory_run-1_eeg.set,sub-017,,10,5,14,True,True,True,True,True,True,True,False,1.0,L G Q F Z T R M L,9,255,correct,103855,115071,103855.24304725,115070.53846135,True,False
sub-017_ses-01_task-WorkingMemory_run-1_eeg.set,sub-017,,11,3,14,True,True,True,True,True,True,True,False,1.0,Q P J T Z K D C J,9,255,correct,115077,125935,115076.539984,125935.2949408,True,False
sub-017_ses-01_task-WorkingMemory_run-1_eeg.set,sub-017,,12,5,14,True,True,True,True,True,True,False,True,1.0,M G L Z B Y R C T,9,255,correct,125939,136536,125939.3459686,136536.43453845,True,False
sub-017_ses-01_task-WorkingMemory_run-1_eeg.set,sub-017,,13,7,14,True,True,True,True,True,True,False,True,1.0,J C F M L K Q W B,9,255,correct,136544,147111,136543.736391,147111.26746190002,True,False
sub-017_ses-01_task-WorkingMemory_run-1_eeg.set,sub-017,,14,5,14,True,True,True,True,True,True,True,False,1.0,K Z J V R H M S R,9,255,correct,147115,158279,147114.7683501,158279.4509233,True,False
sub-017_ses-01_task-WorkingMemory_run-1_eeg.set,sub-017,,15,7,14,True,True,True,True,True,True,True,False,1.0,W T M P G H Z N M,9,255,correct,158286,169870,158286.0525982,169869.64145145,True,False
sub-017_ses-01_task-WorkingMemory_run-1_eeg.set,sub-017,,16,3,14,True,True,True,True,True,True,False,True,1.0,S Z F D G W V Q L,9,255,correct,169874,180748,169874.1425934,180747.9013568,True,False
sub-017_ses-01_task-WorkingMemory_run-1_eeg.set,sub-017,,17,3,14,True,True,True,True,True,True,True,False,1.0,J C L S G V R T V,9,255,correct,180754,191138,180753.652816,191138.3875099,True,False
sub-017_ses-01_task-WorkingMemory_run-1_eeg.set,sub-017,,18,7,14,True,True,True,True,True,True,False,True,1.0,T H X S W Q K D F,9,255,correct,191141,201674,191141.2382332,201673.96047275,True,False
sub-017_ses-01_task-WorkingMemory_run-1_eeg.set,sub-017,,19,7,14,True,True,True,True,True,True,False,True,1.0,W Z V D F X M Y G,9,255,correct,201679,212684,201678.91172895,212684.30388885,True,False
sub-017_ses-01_task-WorkingMemory_run-1_eeg.set,sub-017,,20,5,14,True,True,True,True,True,True,False,True,1.0,K W Z Q D C M P J,9,255,correct,212692,223049,212691.80579215,223048.5833931,True,False
sub-017_ses-01_task-WorkingMemory_run-1_eeg.set,sub-017,,21,3,14,True,True,True,True,True,True,True,False,1.0,D Y T J M K B F B,9,255,correct,223054,233954,223054.384865,233953.55007425,True,False
sub-017_ses-01_task-WorkingMemory_run-1_eeg.set,sub-017,,22,5,14,True,True,True,True,True,True,True,False,1.0,D C L S J K H V L,9,255,correct,233959,245070,233958.9014319,245069.5202887,True,False
sub-017_ses-01_task-WorkingMemory_run-1_eeg.set,sub-017,,23,3,14,True,True,True,True,True,True,True,False,1.0,D M B Y H Q C G C,9,255,correct,245072,255935,245071.8208724,255934.72688235,True,False
sub-017_ses-01_task-WorkingMemory_run-1_eeg.set,sub-017,,24,3,14,True,True,True,True,True,True,True,False,1.0,P T Z Q V B X G V,9,255,correct,255943,266576,255942.978976,266575.82661825,True,False
sub-017_ses-01_task-WorkingMemory_run-1_eeg.set,sub-017,,25,7,14,True,True,True,True,True,True,True,False,1.0,C Z L K R G B T Z,9,255,correct,266581,276993,266580.67784905,276992.71947095,True,False
sub-017_ses-01_task-WorkingMemory_run-2_eeg.set,sub-017,,1,7,14,True,True,True,True,True,True,True,False,1.0,B N R G Y Z M X Z,9,255,correct,3888,14317,3888.0,14316.8583143,True,False
sub-017_ses-01_task-WorkingMemory_run-2_eeg.set,sub-017,,2,7,14,True,True,True,True,True,True,False,True,1.0,P W F S Z T K Q L,9,255,correct,14326,24971,14325.61054525,24970.52393195,True,False
sub-017_ses-01_task-WorkingMemory_run-2_eeg.set,sub-017,,3,5,14,True,True,True,True,True,True,False,True,1.0,F C J Q T S M N Z,9,255,correct,24972,36283,24971.67422515,36283.3575714,True,False
sub-017_ses-01_task-WorkingMemory_run-2_eeg.set,sub-017,,4,5,14,True,True,True,True,True,True,True,False,1.0,Q M C X S W R H Q,9,255,correct,36285,47411,36284.7079156,47411.4941316,True,False
sub-017_ses-01_task-WorkingMemory_run-2_eeg.set,sub-017,,5,5,14,True,True,True,True,True,True,True,False,0.0,H T X V F K C G X,9,255,wrong,47414,58065,47414.2948455,58064.9096855,True,False
sub-017_ses-01_task-WorkingMemory_run-2_eeg.set,sub-017,,6,5,14,True,True,True,True,True,True,False,True,1.0,V C H M D Q Z Y J,9,255,correct,58069,69298,58068.710654350005,69298.473119,True,False
sub-017_ses-01_task-WorkingMemory_run-2_eeg.set,sub-017,,7,3,14,True,True,True,True,True,True,True,False,1.0,S N R X M T B G R,9,255,correct,69307,80189,69306.6752097,80189.14915055,True,False
sub-017_ses-01_task-WorkingMemory_run-2_eeg.set,sub-017,,8,7,14,True,True,True,True,True,True,False,True,1.0,P Q S W D F C H X,9,255,correct,80195,91383,80194.5005146,91383.10248745,True,False
sub-017_ses-01_task-WorkingMemory_run-2_eeg.set,sub-017,,9,3,14,True,True,True,True,True,True,True,False,1.0,P K B Y D M C F P,9,255,correct,91391,102102,91390.8044507,102102.3848308,True,False
sub-017_ses-01_task-WorkingMemory_run-2_eeg.set,sub-017,,10,5,14,True,True,True,True,True,True,False,True,1.0,K S P F D L T Z Q,9,255,correct,102104,113151,102103.58513675,113151.30119775,True,False
sub-017_ses-01_task-WorkingMemory_run-2_eeg.set,sub-017,,11,7,14,True,True,True,True,True,True,False,True,1.0,Q P H R X C S V Z,9,255,correct,113158,124925,113158.1529443,124925.40241425,True,False
sub-017_ses-01_task-WorkingMemory_run-2_eeg.set,sub-017,,12,7,14,True,True,True,True,True,True,False,True,1.0,M Q W B Z D R L Y,9,255,correct,124930,135684,124929.65349785,135684.2948542,True,False
sub-017_ses-01_task-WorkingMemory_run-2_eeg.set,sub-017,,13,3,14,True,True,True,True,True,True,False,True,1.0,V W S R B N P Z X,9,255,correct,135692,147208,135692.44693215,147207.93222750002,True,False
sub-017_ses-01_task-WorkingMemory_run-2_eeg.set,sub-017,,14,3,14,True,True,True,True,True,True,True,False,1.0,Y C P K R W H L K,9,255,correct,147214,158468,147213.88374455,158467.95240485,True,False
sub-017_ses-01_task-WorkingMemory_run-2_eeg.set,sub-017,,15,3,14,True,True,True,True,True,True,True,False,1.0,N B T S X C Q R S,9,255,correct,158477,169201,158476.90468675,169200.5381392,True,False
sub-017_ses-01_task-WorkingMemory_run-2_eeg.set,sub-017,,16,5,14,True,True,True,True,True,True,True,False,1.0,R C X H N P M L P,9,255,correct,169206,180091,169206.339618,180091.364209,True,False
sub-017_ses-01_task-WorkingMemory_run-2_eeg.set,sub-017,,17,7,14,True,True,True,True,True,True,True,False,1.0,W L D J C F V S S,9,255,correct,180094,190916,180094.1649229,190916.32348935,True,False
sub-017_ses-01_task-WorkingMemory_run-2_eeg.set,sub-017,,18,5,14,True,True,True,True,True,True,False,True,1.0,T Y K Z F Q G W L,9,255,correct,190924,201965,190923.6253506,201965.43990735,True,False
sub-017_ses-01_task-WorkingMemory_run-2_eeg.set,sub-017,,19,5,14,True,True,True,True,True,True,True,False,1.0,M F G K Z Q Y N K,9,255,correct,201970,212672,201969.89104195,212671.81896165,True,False
sub-017_ses-01_task-WorkingMemory_run-2_eeg.set,sub-017,,20,3,14,True,True,True,True,True,True,True,False,1.0,C V W H N X R M R,9,255,correct,212674,222890,212674.2695863,222890.3236568,True,False
sub-017_ses-01_task-WorkingMemory_run-2_eeg.set,sub-017,,21,3,14,True,True,True,True,True,True,False,True,1.0,P X B Z H V R F Q,9,255,correct,222895,233557,222895.1748934,233557.19264,True,False
sub-017_ses-01_task-WorkingMemory_run-2_eeg.set,sub-017,,22,7,14,True,True,True,True,True,True,True,False,0.0,H D W Y K P X V X,9,255,wrong,233566,244514,233566.24494745,244514.13556295,True,False
sub-017_ses-01_task-WorkingMemory_run-2_eeg.set,sub-017,,23,3,14,True,True,True,True,True,True,False,True,1.0,P R K W C Z Y X B,9,255,correct,244521,254627,244520.7872585,254627.21338485,True,False
sub-017_ses-01_task-WorkingMemory_run-2_eeg.set,sub-017,,24,3,14,True,True,True,True,True,True,True,False,1.0,D B G J W L K C L,9,255,correct,254633,265017,254633.31494015,265017.26180655,True,False
sub-017_ses-01_task-WorkingMemory_run-2_eeg.set,sub-017,,25,7,14,True,True,True,True,True,True,True,False,1.0,Y D Q V G L F S G,9,255,correct,265021,275711,265020.91273715,275710.78758450004,True,False
sub-017_ses-01_task-WorkingMemory_run-3_eeg.set,sub-017,,1,7,14,True,True,True,True,True,True,True,False,1.0,P Y R T B G V M P,9,255,correct,3983,14610,3983.0,14610.3906863,True,False
sub-017_ses-01_task-WorkingMemory_run-3_eeg.set,sub-017,,2,3,14,True,True,True,True,True,True,False,True,1.0,R X S P N D G J M,9,1,correct,14612,25331,14612.34118015,25330.70489935,True,False
sub-017_ses-01_task-WorkingMemory_run-3_eeg.set,sub-017,,3,0,4,True,False,True,True,False,False,False,False,,,0,255,wrong,25333,27572,25333.4555958,27572.322441300003,False,True
sub-017_ses-01_task-WorkingMemory_run-3_eeg.set,sub-017,,4,3,14,True,True,True,True,True,True,True,False,1.0,D C R G Z X L K K,9,255,correct,27576,38490,27576.0233783,38490.3867215,True,False
sub-017_ses-01_task-WorkingMemory_run-3_eeg.set,sub-017,,5,0,4,True,False,True,True,False,False,False,False,,,0,255,wrong,38497,39071,38497.1884436,39070.5336055,False,True
sub-017_ses-01_task-WorkingMemory_run-3_eeg.set,sub-017,,6,7,14,True,True,True,True,True,True,True,False,1.0,Z X S Y C V T W V,9,255,correct,39072,49685,39072.43408665,49685.0210249,True,False
sub-017_ses-01_task-WorkingMemory_run-3_eeg.set,sub-017,,7,3,14,True,True,True,True,True,True,True,False,1.0,K H L V R C J Y R,9,255,correct,49693,60023,49693.47316485,60022.58833255,True,False
sub-017_ses-01_task-WorkingMemory_run-3_eeg.set,sub-017,,8,7,14,True,True,True,True,True,True,False,True,1.0,J T L X S G Q R Y,9,255,correct,60031,70440,60031.0404725,70439.62576075,True,False
sub-017_ses-01_task-WorkingMemory_run-3_eeg.set,sub-017,,9,7,14,True,True,True,True,True,True,True,False,1.0,Y S N M F Q H W N,9,255,correct,70444,81054,70443.6767864,81054.4632688,True,False
sub-017_ses-01_task-WorkingMemory_run-3_eeg.set,sub-017,,10,7,14,True,True,True,True,True,True,False,True,1.0,F M B N L X J Y P,9,255,correct,81056,92065,81056.36374995,92064.7508985,True,False
sub-017_ses-01_task-WorkingMemory_run-3_eeg.set,sub-017,,11,7,14,True,True,True,True,True,True,True,False,1.0,Y W S J P C D K C,9,255,correct,92069,102983,92069.2520381,102982.7651661,True,False
sub-017_ses-01_task-WorkingMemory_run-3_eeg.set,sub-017,,12,7,14,True,True,True,True,True,True,True,False,1.0,J T V D X G N R R,9,255,correct,102990,114283,102990.41710345,114283.42631375,True,False
sub-017_ses-01_task-WorkingMemory_run-3_eeg.set,sub-017,,13,5,14,True,True,True,True,True,True,True,False,1.0,V W Q S T Z K X W,9,255,correct,114287,125004,114286.7271495,125003.8905648,True,False
sub-017_ses-01_task-WorkingMemory_run-3_eeg.set,sub-017,,14,5,14,True,True,True,True,True,True,False,True,1.0,D Q G M P V F T B,9,255,correct,125008,135474,125007.7915525,135473.84138985,True,False
sub-017_ses-01_task-WorkingMemory_run-3_eeg.set,sub-017,,15,5,14,True,True,True,True,True,True,True,False,1.0,Z W T R H L D J H,9,255,correct,135479,146036,135478.79264345,146035.91553904998,True,False
sub-017_ses-01_task-WorkingMemory_run-3_eeg.set,sub-017,,16,5,14,True,True,True,True,True,True,False,True,1.0,C P X Z T Y J B H,9,255,correct,146041,157890,146041.46694460002,157890.2668723,True,False
sub-017_ses-01_task-WorkingMemory_run-3_eeg.set,sub-017,,17,3,14,True,True,True,True,True,True,False,True,1.0,D V G H P J M Z Y,9,255,correct,157896,168505,157896.3684171,168505.1043803,True,False
sub-017_ses-01_task-WorkingMemory_run-3_eeg.set,sub-017,,18,5,14,True,True,True,True,True,True,False,True,1.0,L F M J K N R H G,9,255,correct,168509,179634,168509.05538065,179634.17208325,True,False
sub-017_ses-01_task-WorkingMemory_run-3_eeg.set,sub-017,,19,3,14,True,True,True,True,True,True,False,True,1.0,G L X P H M N R Z,9,255,correct,179639,190209,179638.6232102,190209.44957535,True,False
sub-017_ses-01_task-WorkingMemory_run-3_eeg.set,sub-017,,20,3,14,True,True,True,True,True,True,False,True,1.0,P M D Z B R N G F,9,255,correct,190218,201101,190218.0017406,201101.20719515,True,False
sub-017_ses-01_task-WorkingMemory_run-3_eeg.set,sub-017,,21,5,14,True,True,True,True,True,True,False,True,1.0,J S Y T P F M K V,9,255,correct,201106,211597,201105.8083601,211597.31464265,True,False
sub-017_ses-01_task-WorkingMemory_run-3_eeg.set,sub-017,,22,3,14,True,True,True,True,True,True,True,False,1.0,B F H R Z G M V B,9,255,correct,211602,222568,211601.7657696,222568.1922944,True,False
sub-017_ses-01_task-WorkingMemory_run-3_eeg.set,sub-017,,23,7,14,True,True,True,True,True,True,True,False,1.0,K G J Z H D P V G,9,255,correct,222573,234317,222572.9434973,234317.0169099,True,False
sub-017_ses-01_task-WorkingMemory_run-3_eeg.set,sub-017,,24,7,14,True,True,True,True,True,True,True,False,1.0,W D R Z M T H L W,9,255,correct,234319,245630,234319.4675304,245630.4312865,True,False
sub-017_ses-01_task-WorkingMemory_run-3_eeg.set,sub-017,,25,5,14,True,True,True,True,True,True,True,False,1.0,H B Q K S R T J Q,9,255,correct,245632,256390,245632.48180565,256390.00543955,True,False
sub-018_ses-01_task-WorkingMemory_run-1_eeg.set,sub-018,,1,3,14,True,True,True,True,True,True,True,False,1.0,J C L S G V R T V,9,255,correct,4725,18848,4725.0,18848.1087284,True,False
sub-018_ses-01_task-WorkingMemory_run-1_eeg.set,sub-018,,2,3,14,True,True,True,True,True,True,False,True,1.0,S Z F D G W V Q L,9,255,correct,18856,31741,18855.8106964,31740.6530237,True,False
sub-018_ses-01_task-WorkingMemory_run-1_eeg.set,sub-018,,3,7,14,True,True,True,True,True,True,False,True,1.0,X C J H N D P S L,9,255,correct,31745,44752,31744.5040077,44751.92765695,True,False
sub-018_ses-01_task-WorkingMemory_run-1_eeg.set,sub-018,,4,7,14,True,True,True,True,True,True,True,False,1.0,W T M P G H Z N M,9,255,correct,44758,57684,44758.17925435,57684.3321373,True,False
sub-018_ses-01_task-WorkingMemory_run-1_eeg.set,sub-018,,5,3,14,True,True,True,True,True,True,True,False,1.0,J Q D H X G C W D,9,255,correct,57689,73596,57688.53321075,73596.49800455,True,False
sub-018_ses-01_task-WorkingMemory_run-1_eeg.set,sub-018,,6,7,14,True,True,True,True,True,True,False,True,1.0,J C F M L K Q W B,9,255,correct,73603,85989,73603.44978084999,85988.96452025,True,False
sub-018_ses-01_task-WorkingMemory_run-1_eeg.set,sub-018,,7,7,14,True,True,True,True,True,True,False,True,1.0,T H X S W Q K D F,9,255,correct,85992,98263,85991.91527425,98262.950762,True,False
sub-018_ses-01_task-WorkingMemory_run-1_eeg.set,sub-018,,8,7,14,True,True,True,True,True,True,True,False,1.0,C Z L K R G B T Z,9,255,correct,98272,110194,98272.00307505,110194.29945315,True,False
sub-018_ses-01_task-WorkingMemory_run-1_eeg.set,sub-018,,9,5,14,True,True,True,True,True,True,True,False,1.0,K Z J V R H M S R,9,255,correct,110202,122205,110201.9514084,122204.9684122,True,False
sub-018_ses-01_task-WorkingMemory_run-1_eeg.set,sub-018,,10,3,14,True,True,True,True,True,True,True,False,1.0,D Y T J M K B F B,9,255,correct,122207,134572,122206.9189106,134571.87839775,True,False
sub-018_ses-01_task-WorkingMemory_run-1_eeg.set,sub-018,,11,5,14,True,True,True,True,True,True,False,True,1.0,M G L Z B Y R C T,9,255,correct,134579,145792,134578.68013575,145791.89532985,True,False
sub-018_ses-01_task-WorkingMemory_run-1_eeg.set,sub-018,,12,3,14,True,True,True,True,True,True,False,True,1.0,F B C R M J H T S,9,255,correct,145800,156498,145799.9974001,156497.8309042,True,False
sub-018_ses-01_task-WorkingMemory_run-1_eeg.set,sub-018,,13,5,14,True,True,True,True,True,True,True,False,1.0,S C G P F M J L G,9,255,correct,156504,168601,156504.43259105,168601.47361985,True,False
sub-018_ses-01_task-WorkingMemory_run-1_eeg.set,sub-018,,14,5,14,True,True,True,True,True,True,True,False,1.0,K C J Y L D M S J,9,255,correct,168609,180600,168609.42565175,180599.68939685,True,False
sub-018_ses-01_task-WorkingMemory_run-1_eeg.set,sub-018,,15,3,14,True,True,True,True,True,True,True,False,1.0,P T Z Q V B X G V,9,255,correct,180606,192928,180606.0410198,192927.6394274,True,False
sub-018_ses-01_task-WorkingMemory_run-1_eeg.set,sub-018,,16,7,14,True,True,True,True,True,True,True,False,1.0,W K M C Q G B T B,9,255,correct,192936,204003,192936.14159985,204002.96938915,True,False
sub-018_ses-01_task-WorkingMemory_run-1_eeg.set,sub-018,,17,7,14,True,True,True,True,True,True,False,True,0.0,W Z V D F X M Y G,9,255,wrong,204007,215975,204007.4205265,215974.72840595,True,False
sub-018_ses-01_task-WorkingMemory_run-1_eeg.set,sub-018,,18,5,14,True,True,True,True,True,True,False,True,1.0,Z T M S Y V N H Q,9,255,correct,215979,227314,215979.02950495,227313.8257654,True,False
sub-018_ses-01_task-WorkingMemory_run-1_eeg.set,sub-018,,19,7,14,True,True,True,True,True,True,False,True,1.0,X J N R S V Y H C,9,255,correct,227317,238350,227317.0265833,238349.5956188,True,False
sub-018_ses-01_task-WorkingMemory_run-1_eeg.set,sub-018,,20,5,14,True,True,True,True,True,True,True,False,1.0,D C L S J K H V L,9,255,correct,238355,249979,238354.9469862,249978.7170851,True,False
sub-018_ses-01_task-WorkingMemory_run-1_eeg.set,sub-018,,21,3,14,True,True,True,True,True,True,True,False,1.0,D M B Y H Q C G C,9,255,correct,249985,261265,249984.76863135,261265.10097525,True,False
sub-018_ses-01_task-WorkingMemory_run-1_eeg.set,sub-018,,22,3,14,True,True,True,True,True,True,True,False,1.0,Q P J T Z K D C J,9,255,correct,261273,273092,261272.75293045,273091.9729706,True,False
sub-018_ses-01_task-WorkingMemory_run-1_eeg.set,sub-018,,23,5,14,True,True,True,True,True,True,True,False,1.0,B H D R N Z V L R,9,255,correct,273094,284418,273094.3235712,284417.6669052,True,False
sub-018_ses-01_task-WorkingMemory_run-1_eeg.set,sub-018,,24,5,14,True,True,True,True,True,True,False,True,1.0,K W Z Q D C M P J,9,255,correct,284424,295585,284424.0185282,295585.07039355004,True,False
sub-018_ses-01_task-WorkingMemory_run-1_eeg.set,sub-018,,25,5,14,True,True,True,True,True,True,True,False,1.0,L G Q F Z T R M L,9,255,correct,295587,307280,295586.97087915003,307279.85863895,True,False
sub-018_ses-01_task-WorkingMemory_run-2_eeg.set,sub-018,,1,5,14,True,True,True,True,True,True,True,False,1.0,M F G K Z Q Y N K,9,255,correct,7032,21713,7032.0,21713.0981288,True,False
sub-018_ses-01_task-WorkingMemory_run-2_eeg.set,sub-018,,2,5,14,True,True,True,True,True,True,True,False,1.0,R C X H N P M L P,9,255,correct,21721,34608,21721.35020745,34608.14635645,True,False
sub-018_ses-01_task-WorkingMemory_run-2_eeg.set,sub-018,,3,3,14,True,True,True,True,True,True,True,False,1.0,N B T S X C Q R S,9,255,correct,34610,45433,34609.94680995,45433.0731261,True,False
sub-018_ses-01_task-WorkingMemory_run-2_eeg.set,sub-018,,4,3,14,True,True,True,True,True,True,True,False,1.0,Y C P K R W H L K,9,255,correct,45439,56693,45439.37471345,56693.1595113,True,False
sub-018_ses-01_task-WorkingMemory_run-2_eeg.set,sub-018,,5,3,14,True,True,True,True,True,True,True,False,1.0,D B G J W L K C L,9,255,correct,56702,68032,56702.36182935,68032.4158392,True,False
sub-018_ses-01_task-WorkingMemory_run-2_eeg.set,sub-018,,6,5,14,True,True,True,True,True,True,False,True,1.0,K S P F D L T Z Q,9,255,correct,68040,80097,68040.3178297,80096.90485125,True,False
sub-018_ses-01_task-WorkingMemory_run-2_eeg.set,sub-018,,7,5,14,True,True,True,True,True,True,True,False,1.0,Q M C X S W R H Q,9,255,correct,80104,92887,80103.6065394,92886.57653485,True,False
sub-018_ses-01_task-WorkingMemory_run-2_eeg.set,sub-018,,8,3,14,True,True,True,True,True,True,True,False,1.0,P K B Y D M C F P,9,255,correct,92892,104331,92892.1779458,104331.4094572,True,False
sub-018_ses-01_task-WorkingMemory_run-2_eeg.set,sub-018,,9,3,14,True,True,True,True,True,True,False,True,1.0,P X B Z H V R F Q,9,255,correct,104338,117886,104338.4112209,117886.12385295,True,False
sub-018_ses-01_task-WorkingMemory_run-2_eeg.set,sub-018,,10,7,14,True,True,True,True,True,True,False,True,1.0,P W F S Z T K Q L,9,255,correct,117894,130478,117894.07585605,130478.2457743,True,False
sub-018_ses-01_task-WorkingMemory_run-2_eeg.set,sub-018,,11,3,14,True,True,True,True,True,True,True,False,1.0,S N R X M T B G R,9,255,correct,130483,141251,130482.59687034998,141250.50927825,True,False
sub-018_ses-01_task-WorkingMemory_run-2_eeg.set,sub-018,,12,5,14,True,True,True,True,True,True,False,True,1.0,T Y K Z F Q G W L,9,255,correct,141254,152326,141253.6600719,152325.9991641,True,False
sub-018_ses-01_task-WorkingMemory_run-2_eeg.set,sub-018,,13,3,14,True,True,True,True,True,True,True,False,1.0,C V W H N X R M R,9,255,correct,152333,164311,152333.2009782,164311.46827125,True,False
sub-018_ses-01_task-WorkingMemory_run-2_eeg.set,sub-018,,14,5,14,True,True,True,True,True,True,False,True,1.0,F C J Q T S M N Z,9,255,correct,164313,175558,164313.11868694998,175558.45135575,True,False
sub-018_ses-01_task-WorkingMemory_run-2_eeg.set,sub-018,,15,5,14,True,True,True,True,True,True,True,False,1.0,H T X V F K C G X,9,255,correct,175568,185869,175567.753699,185869.2986302,True,False
sub-018_ses-01_task-WorkingMemory_run-2_eeg.set,sub-018,,16,7,14,True,True,True,True,True,True,True,False,1.0,Y D Q V G L F S G,9,255,correct,185872,196299,185871.9492979,196298.8758124,True,False
sub-018_ses-01_task-WorkingMemory_run-2_eeg.set,sub-018,,17,7,14,True,True,True,True,True,True,False,True,1.0,P Q S W D F C H X,9,255,correct,196301,207032,196301.2264045,207031.67937645,True,False
sub-018_ses-01_task-WorkingMemory_run-2_eeg.set,sub-018,,18,7,14,True,True,True,True,True,True,True,False,1.0,W L D J C F V S S,9,255,correct,207039,218028,207038.9812158,218028.2493826,True,False
sub-018_ses-01_task-WorkingMemory_run-2_eeg.set,sub-018,,19,7,14,True,True,True,True,True,True,False,True,1.0,Q P H R X C S V Z,9,255,correct,218035,229592,218035.15112115,229591.8122127,True,False
sub-018_ses-01_task-WorkingMemory_run-2_eeg.set,sub-018,,20,3,14,True,True,True,True,True,True,False,True,1.0,V W S R B N P Z X,9,255,correct,229598,240707,229598.21382525,240707.0121014,True,False
sub-018_ses-01_task-WorkingMemory_run-2_eeg.set,sub-018,,21,3,14,True,True,True,True,True,True,False,True,1.0,P R K W C Z Y X B,9,255,correct,240711,251057,240711.11313445,251057.4693535,True,False
sub-018_ses-01_task-WorkingMemory_run-2_eeg.set,sub-018,,22,7,14,True,True,True,True,True,True,True,False,0.0,B N R G Y Z M X Z,9,255,wrong,251065,261975,251065.371344,261974.91942955,True,False
sub-018_ses-01_task-WorkingMemory_run-2_eeg.set,sub-018,,23,7,14,True,True,True,True,True,True,False,True,1.0,M Q W B Z D R L Y,9,255,correct,261978,272708,261978.1702484,272707.8230188,True,False
sub-018_ses-01_task-WorkingMemory_run-2_eeg.set,sub-018,,24,5,14,True,True,True,True,True,True,False,True,1.0,V C H M D Q Z Y J,9,255,correct,272716,283770,272715.8750471,283770.30962915,True,False
sub-018_ses-01_task-WorkingMemory_run-2_eeg.set,sub-018,,25,7,14,True,True,True,True,True,True,True,False,1.0,H D W Y K P X V X,9,255,correct,283779,294753,283778.76175825,294753.47625905,True,False
sub-018_ses-01_task-WorkingMemory_run-3_eeg.set,sub-018,,1,7,14,True,True,True,True,True,True,False,True,1.0,F M B N L X J Y P,9,255,correct,5548,17028,5548.0,17027.50040875,True,False
sub-018_ses-01_task-WorkingMemory_run-3_eeg.set,sub-018,,2,3,14,True,True,True,True,True,True,False,True,1.0,G L X P H M N R Z,9,255,correct,17036,27707,17036.05256955,27707.34877755,True,False
sub-018_ses-01_task-WorkingMemory_run-3_eeg.set,sub-018,,3,7,14,True,True,True,True,True,True,True,False,1.0,W D R Z M T H L W,9,255,correct,27715,39943,27715.40081195,39943.0402454,True,False
sub-018_ses-01_task-WorkingMemory_run-3_eeg.set,sub-018,,4,5,14,True,True,True,True,True,True,True,False,1.0,H B Q K S R T J Q,9,255,correct,39945,50887,39945.44085195,50886.5052195,True,False
sub-018_ses-01_task-WorkingMemory_run-3_eeg.set,sub-018,,5,7,14,True,True,True,True,True,True,True,False,1.0,Z X S Y C V T W V,9,255,correct,50892,61593,50891.6065084,61592.56020965,True,False
sub-018_ses-01_task-WorkingMemory_run-3_eeg.set,sub-018,,6,3,14,True,True,True,True,True,True,True,False,1.0,B F H R Z G M V B,9,255,correct,61596,73604,61596.01108155,73603.84497895,True,False
sub-018_ses-01_task-WorkingMemory_run-3_eeg.set,sub-018,,7,7,14,True,True,True,True,True,True,True,False,1.0,P Y R T B G V M P,9,255,correct,73609,84468,73609.24634365,84468.08993735,True,False
sub-018_ses-01_task-WorkingMemory_run-3_eeg.set,sub-018,,8,7,14,True,True,True,True,True,True,True,False,1.0,Y S N M F Q H W N,9,255,correct,84472,96018,84472.0409356,96017.85809995,True,False
sub-018_ses-01_task-WorkingMemory_run-3_eeg.set,sub-018,,9,7,14,True,True,True,True,True,True,True,False,1.0,K G J Z H D P V G,9,255,correct,96027,108306,96026.8103618,108306.0628358,True,False
sub-018_ses-01_task-WorkingMemory_run-3_eeg.set,sub-018,,10,5,14,True,True,True,True,True,True,False,True,1.0,D Q G M P V F T B,9,255,correct,108315,118669,108315.16513555,118669.2812049,True,False
sub-018_ses-01_task-WorkingMemory_run-3_eeg.set,sub-018,,11,5,14,True,True,True,True,True,True,True,False,1.0,Z W T R H L D J H,9,255,correct,118678,130048,118677.78335305,130047.8061012,True,False
sub-018_ses-01_task-WorkingMemory_run-3_eeg.set,sub-018,,12,3,14,True,True,True,True,True,True,False,True,0.0,R X S P N D G J M,9,255,wrong,130049,142244,130049.1064297,142243.68751065,True,False
sub-018_ses-01_task-WorkingMemory_run-3_eeg.set,sub-018,,13,5,14,True,True,True,True,True,True,True,False,1.0,V W Q S T Z K X W,9,255,correct,142246,153174,142245.78804135,153173.74909825,True,False
sub-018_ses-01_task-WorkingMemory_run-3_eeg.set,sub-018,,14,3,14,True,True,True,True,True,True,False,True,1.0,D V G H P J M Z Y,9,255,correct,153175,164289,153175.24947735,164288.5073513,True,False
sub-018_ses-01_task-WorkingMemory_run-3_eeg.set,sub-018,,15,3,14,True,True,True,True,True,True,True,False,1.0,D C R G Z X L K K,9,255,correct,164297,177012,164296.5093731,177011.7219967,True,False
sub-018_ses-01_task-WorkingMemory_run-3_eeg.set,sub-018,,16,5,14,True,True,True,True,True,True,False,True,1.0,J S Y T P F M K V,9,255,correct,177018,187296,177018.3736773,187295.7703627,True,False
sub-018_ses-01_task-WorkingMemory_run-3_eeg.set,sub-018,,17,3,14,True,True,True,True,True,True,True,False,1.0,H M W N G B T L T,9,255,correct,187298,199017,187297.62083025,199016.98184215,True,False
sub-018_ses-01_task-WorkingMemory_run-3_eeg.set,sub-018,,18,5,14,True,True,True,True,True,True,True,False,1.0,Z C R F Q V P N F,9,255,correct,199019,210198,199019.08237285,210197.50671175,True,False
sub-018_ses-01_task-WorkingMemory_run-3_eeg.set,sub-018,,19,7,14,True,True,True,True,True,True,True,False,1.0,Y W S J P C D K C,9,255,correct,210199,221312,210198.6570024,221312.2649648,True,False
sub-018_ses-01_task-WorkingMemory_run-3_eeg.set,sub-018,,20,7,14,True,True,True,True,True,True,True,False,1.0,J T V D X G N R R,9,255,correct,221320,232730,221319.91689815,232730.24983105,True,False
sub-018_ses-01_task-WorkingMemory_run-3_eeg.set,sub-018,,21,3,14,True,True,True,True,True,True,False,True,1.0,P M D Z B R N G F,9,255,correct,232733,245229,232732.90050075,245229.3578537,True,False
sub-018_ses-01_task-WorkingMemory_run-3_eeg.set,sub-018,,22,7,14,True,True,True,True,True,True,False,True,1.0,J T L X S G Q R Y,9,255,correct,245238,255777,245238.0600524,255777.32290085,True,False
sub-018_ses-01_task-WorkingMemory_run-3_eeg.set,sub-018,,23,5,14,True,True,True,True,True,True,False,True,1.0,L F M J K N R H G,9,255,correct,255784,266866,255784.07460675,266865.8245199,True,False
sub-018_ses-01_task-WorkingMemory_run-3_eeg.set,sub-018,,24,5,14,True,True,True,True,True,True,False,True,1.0,C P X Z T Y J B H,9,255,correct,266872,277809,266871.92606155,277809.18946875003,True,False
sub-018_ses-01_task-WorkingMemory_run-3_eeg.set,sub-018,,25,3,14,True,True,True,True,True,True,True,False,1.0,K H L V R C J Y R,9,255,correct,277818,288093,277818.09171799995,288093.33786005003,True,False
sub-019_ses-01_task-WorkingMemory_run-1_eeg.set,sub-019,,1,7,14,True,True,True,True,True,True,True,False,1.0,C Z L K R G B T Z,9,255,correct,4789,17811,4789.0,17811.2995217,True,False
sub-019_ses-01_task-WorkingMemory_run-1_eeg.set,sub-019,,2,5,14,True,True,True,True,True,True,False,True,1.0,Z T M S Y V N H Q,9,255,correct,17819,29664,17819.351561850002,29664.30277325,True,False
sub-019_ses-01_task-WorkingMemory_run-1_eeg.set,sub-019,,3,7,14,True,True,True,True,True,True,True,False,1.0,W T M P G H Z N M,9,255,correct,29666,41926,29665.90317875,41926.00957995,True,False
sub-019_ses-01_task-WorkingMemory_run-1_eeg.set,sub-019,,4,3,14,True,True,True,True,True,True,True,False,1.0,P T Z Q V B X G V,9,255,correct,41929,53238,41929.2604036,53238.4758731,True,False
sub-019_ses-01_task-WorkingMemory_run-1_eeg.set,sub-019,,5,5,14,True,True,True,True,True,True,True,False,1.0,K C J Y L D M S J,9,255,correct,53242,66041,53242.2268235,66041.0697269,True,False
sub-019_ses-01_task-WorkingMemory_run-1_eeg.set,sub-019,,6,5,14,True,True,True,True,True,True,True,False,1.0,B H D R N Z V L R,9,255,correct,66048,77736,66047.5213616,77736.13296045,True,False
sub-019_ses-01_task-WorkingMemory_run-1_eeg.set,sub-019,,7,3,14,True,True,True,True,True,True,True,False,1.0,D Y T J M K B F B,9,255,correct,77744,91567,77743.98494995,91567.1874002,True,False
sub-019_ses-01_task-WorkingMemory_run-1_eeg.set,sub-019,,8,3,14,True,True,True,True,True,True,True,False,1.0,Q P J T Z K D C J,9,255,correct,91575,102801,91574.689301,102800.83372235,True,False
sub-019_ses-01_task-WorkingMemory_run-1_eeg.set,sub-019,,9,7,14,True,True,True,True,True,True,False,True,0.0,X J N R S V Y H C,9,255,wrong,102804,115907,102804.2845967,115906.8544569,True,False
sub-019_ses-01_task-WorkingMemory_run-1_eeg.set,sub-019,,10,5,14,True,True,True,True,True,True,True,False,1.0,D C L S J K H V L,9,255,correct,115910,129593,115909.7051792,129593.022186,True,False
sub-019_ses-01_task-WorkingMemory_run-1_eeg.set,sub-019,,11,5,14,True,True,True,True,True,True,False,True,1.0,K W Z Q D C M P J,9,255,correct,129599,142396,129598.6736179,142395.86610315,True,False
sub-019_ses-01_task-WorkingMemory_run-1_eeg.set,sub-019,,12,7,14,True,True,True,True,True,True,False,True,1.0,W Z V D F X M Y G,9,255,correct,142404,154539,142403.91814335002,154539.4929914,True,False
sub-019_ses-01_task-WorkingMemory_run-1_eeg.set,sub-019,,13,3,14,True,True,True,True,True,True,True,False,1.0,J C L S G V R T V,9,255,correct,154542,165431,154542.24368835,165430.55251075,True,False
sub-019_ses-01_task-WorkingMemory_run-1_eeg.set,sub-019,,14,7,14,True,True,True,True,True,True,False,True,1.0,J C F M L K Q W B,9,255,correct,165438,176308,165438.40450019998,176308.4586973,True,False
sub-019_ses-01_task-WorkingMemory_run-1_eeg.set,sub-019,,15,7,14,True,True,True,True,True,True,False,True,1.0,T H X S W Q K D F,9,255,correct,176310,187516,176309.5589761,187515.9984047,True,False
sub-019_ses-01_task-WorkingMemory_run-1_eeg.set,sub-019,,16,3,14,True,True,True,True,True,True,False,True,1.0,F B C R M J H T S,9,255,correct,187523,197735,187522.50005205,197734.93762575,True,False
sub-019_ses-01_task-WorkingMemory_run-1_eeg.set,sub-019,,17,5,14,True,True,True,True,True,True,False,True,1.0,M G L Z B Y R C T,9,255,correct,197743,208521,197743.3897673,208520.97053395,True,False
sub-019_ses-01_task-WorkingMemory_run-1_eeg.set,sub-019,,18,7,14,True,True,True,True,True,True,False,True,1.0,X C J H N D P S L,9,255,correct,208523,219571,208522.8210028,219570.77027405,True,False
sub-019_ses-01_task-WorkingMemory_run-1_eeg.set,sub-019,,19,5,14,True,True,True,True,True,True,True,False,1.0,K Z J V R H M S R,9,255,correct,219577,230964,219577.37194675,230963.5569183,True,False
sub-019_ses-01_task-WorkingMemory_run-1_eeg.set,sub-019,,20,3,14,True,True,True,True,True,True,False,True,1.0,S Z F D G W V Q L,9,255,correct,230965,241803,230965.3573745,241802.6032588,True,False
sub-019_ses-01_task-WorkingMemory_run-1_eeg.set,sub-019,,21,3,14,True,True,True,True,True,True,True,False,0.0,D M B Y H Q C G C,9,1,wrong,241812,252879,241811.5055144,252879.05975305,True,False
sub-019_ses-01_task-WorkingMemory_run-1_eeg.set,sub-019,,22,5,14,True,True,True,True,True,True,True,False,1.0,L G Q F Z T R M L,9,255,correct,252883,265999,252882.7106781,265999.03402305004,True,False
sub-019_ses-01_task-WorkingMemory_run-1_eeg.set,sub-019,,23,5,14,True,True,True,True,True,True,True,False,1.0,S C G P F M J L G,9,255,correct,266005,278921,266004.7854803,278921.10815015,True,False
sub-019_ses-01_task-WorkingMemory_run-1_eeg.set,sub-019,,24,7,14,True,True,True,True,True,True,True,False,1.0,W K M C Q G B T B,9,255,correct,278927,289931,278926.75958205,289931.147816,True,False
sub-019_ses-01_task-WorkingMemory_run-1_eeg.set,sub-019,,25,3,14,True,True,True,True,True,True,True,False,1.0,J Q D H X G C W D,9,255,correct,289940,300888,289939.64997025003,300888.3741003,True,False
sub-019_ses-01_task-WorkingMemory_run-2_eeg.set,sub-019,,1,3,14,True,True,True,True,True,True,True,False,1.0,N B T S X C Q R S,9,255,correct,4343,15331,4343.0,15330.69238235,True,False
sub-019_ses-01_task-WorkingMemory_run-2_eeg.set,sub-019,,2,7,14,True,True,True,True,True,True,False,True,1.0,Q P H R X C S V Z,9,255,correct,15339,26565,15339.19454305,26564.99743815,True,False
sub-019_ses-01_task-WorkingMemory_run-2_eeg.set,sub-019,,3,7,14,True,True,True,True,True,True,True,False,1.0,W L D J C F V S S,9,255,correct,26569,37694,26568.7984041,37693.82568835,True,False
sub-019_ses-01_task-WorkingMemory_run-2_eeg.set,sub-019,,4,5,14,True,True,True,True,True,True,False,True,1.0,V C H M D Q Z Y J,9,255,correct,37698,49126,37698.37684495,49125.9810253,True,False
sub-019_ses-01_task-WorkingMemory_run-2_eeg.set,sub-019,,5,5,14,True,True,True,True,True,True,True,False,1.0,Q M C X S W R H Q,9,255,correct,49128,60400,49128.13157185,60399.8961475,True,False
sub-019_ses-01_task-WorkingMemory_run-2_eeg.set,sub-019,,6,5,14,True,True,True,True,True,True,True,False,1.0,M F G K Z Q Y N K,9,255,correct,60408,71265,60407.748143,71265.0073774,True,False
sub-019_ses-01_task-WorkingMemory_run-2_eeg.set,sub-019,,7,3,14,True,True,True,True,True,True,False,True,1.0,V W S R B N P Z X,9,255,correct,71271,82420,71270.5587882,82420.29235125,True,False
sub-019_ses-01_task-WorkingMemory_run-2_eeg.set,sub-019,,8,3,14,True,True,True,True,True,True,True,False,1.0,C V W H N X R M R,9,255,correct,82425,92798,82425.14358409999,92797.57960685,True,False
sub-019_ses-01_task-WorkingMemory_run-2_eeg.set,sub-019,,9,3,14,True,True,True,True,True,True,True,False,1.0,Y C P K R W H L K,9,255,correct,92804,104678,92804.43134815,104678.0488771,True,False
sub-019_ses-01_task-WorkingMemory_run-2_eeg.set,sub-019,,10,7,14,True,True,True,True,True,True,True,False,1.0,Y D Q V G L F S G,9,255,correct,104684,115187,104684.35047855,115187.21964925,True,False
sub-019_ses-01_task-WorkingMemory_run-2_eeg.set,sub-019,,11,5,14,True,True,True,True,True,True,True,False,1.0,H T X V F K C G X,9,255,correct,115189,125512,115188.67001785,125511.7434957,True,False
sub-019_ses-01_task-WorkingMemory_run-2_eeg.set,sub-019,,12,3,14,True,True,True,True,True,True,False,True,1.0,P R K W C Z Y X B,9,255,correct,125518,141137,125517.9450718,141137.0144597,True,False
sub-019_ses-01_task-WorkingMemory_run-2_eeg.set,sub-019,,13,5,14,True,True,True,True,True,True,False,True,1.0,F C J Q T S M N Z,9,255,correct,141141,152516,141141.0654892,152516.4564002,True,False
sub-019_ses-01_task-WorkingMemory_run-2_eeg.set,sub-019,,14,5,14,True,True,True,True,True,True,False,True,1.0,K S P F D L T Z Q,9,255,correct,152521,165505,152520.70748055002,165504.55716089997,True,False
sub-019_ses-01_task-WorkingMemory_run-2_eeg.set,sub-019,,15,7,14,True,True,True,True,True,True,False,True,1.0,P Q S W D F C H X,9,255,correct,165509,177029,165509.40839375,177029.03596064998,True,False
sub-019_ses-01_task-WorkingMemory_run-2_eeg.set,sub-019,,16,3,14,True,True,True,True,True,True,False,True,1.0,P X B Z H V R F Q,9,255,correct,177031,191613,177030.8364182,191612.6421988,True,False
sub-019_ses-01_task-WorkingMemory_run-2_eeg.set,sub-019,,17,7,14,True,True,True,True,True,True,False,True,1.0,P W F S Z T K Q L,9,255,correct,191620,202280,191620.194118,202280.00317295,True,False
sub-019_ses-01_task-WorkingMemory_run-2_eeg.set,sub-019,,18,3,14,True,True,True,True,True,True,True,False,1.0,S N R X M T B G R,9,255,correct,202283,213554,202282.90391015,213553.91829515,True,False
sub-019_ses-01_task-WorkingMemory_run-2_eeg.set,sub-019,,19,7,14,True,True,True,True,True,True,True,False,1.0,B N R G Y Z M X Z,9,255,correct,213563,224604,213562.570494,224603.72646345,True,False
sub-019_ses-01_task-WorkingMemory_run-2_eeg.set,sub-019,,20,3,14,True,True,True,True,True,True,True,False,1.0,D B G J W L K C L,9,255,correct,224609,235588,224608.77774715,235587.5678671,True,False
sub-019_ses-01_task-WorkingMemory_run-2_eeg.set,sub-019,,21,7,14,True,True,True,True,True,True,True,False,1.0,H D W Y K P X V X,9,255,correct,235597,248681,235596.6701803,248681.14543335,True,False
sub-019_ses-01_task-WorkingMemory_run-2_eeg.set,sub-019,,22,5,14,True,True,True,True,True,True,False,True,1.0,T Y K Z F Q G W L,9,255,correct,248685,260456,248685.3965137,260456.137898,True,False
sub-019_ses-01_task-WorkingMemory_run-2_eeg.set,sub-019,,23,5,14,True,True,True,True,True,True,True,False,1.0,R C X H N P M L P,9,255,correct,260465,281290,260465.24021125,281289.8325166,True,False
sub-019_ses-01_task-WorkingMemory_run-2_eeg.set,sub-019,,24,7,14,True,True,True,True,True,True,False,True,1.0,M Q W B Z D R L Y,9,255,correct,281299,297324,281298.83480445005,297323.8573602,True,False
sub-019_ses-01_task-WorkingMemory_run-2_eeg.set,sub-019,,25,3,14,True,True,True,True,True,True,True,False,1.0,P K B Y D M C F P,9,255,correct,297330,308664,297330.4090252,308663.6892343,True,False
sub-019_ses-01_task-WorkingMemory_run-3_eeg.set,sub-019,,1,3,14,True,True,True,True,True,True,False,True,1.0,D V G H P J M Z Y,9,255,correct,2577,14264,2577.0,14264.4319096,True,False
sub-019_ses-01_task-WorkingMemory_run-3_eeg.set,sub-019,,2,5,14,True,True,True,True,True,True,True,False,1.0,V W Q S T Z K X W,9,255,correct,14274,25156,14273.53423195,25155.6606774,True,False
sub-019_ses-01_task-WorkingMemory_run-3_eeg.set,sub-019,,3,7,14,True,True,True,True,True,True,True,False,1.0,W D R Z M T H L W,9,255,correct,25161,36785,25161.36213205,36785.1778107,True,False
sub-019_ses-01_task-WorkingMemory_run-3_eeg.set,sub-019,,4,5,14,True,True,True,True,True,True,False,True,1.0,J S Y T P F M K V,9,255,correct,36791,49918,36791.1793419,49917.8284507,True,False
sub-019_ses-01_task-WorkingMemory_run-3_eeg.set,sub-019,,5,3,14,True,True,True,True,True,True,True,False,1.0,K H L V R C J Y R,9,255,correct,49922,64198,49921.5794077,64197.9218471,True,False
sub-019_ses-01_task-WorkingMemory_run-3_eeg.set,sub-019,,6,3,14,True,True,True,True,True,True,False,True,1.0,G L X P H M N R Z,9,255,correct,64202,74773,64202.47300825,74772.91993235,True,False
sub-019_ses-01_task-WorkingMemory_run-3_eeg.set,sub-019,,7,7,14,True,True,True,True,True,True,True,False,1.0,Z X S Y C V T W V,9,255,correct,74782,86245,74781.87221645,86244.54678185,True,False
sub-019_ses-01_task-WorkingMemory_run-3_eeg.set,sub-019,,8,7,14,True,True,True,True,True,True,False,True,1.0,J T L X S G Q R Y,9,255,correct,86253,96938,86253.29901485,96938.27515975,True,False
sub-019_ses-01_task-WorkingMemory_run-3_eeg.set,sub-019,,9,7,14,True,True,True,True,True,True,True,False,1.0,J T V D X G N R R,9,255,correct,96941,108344,96941.02586155,108344.13522965,True,False
sub-019_ses-01_task-WorkingMemory_run-3_eeg.set,sub-019,,10,3,14,True,True,True,True,True,True,True,False,1.0,B F H R Z G M V B,9,255,correct,108346,125262,108345.73563795,125261.7515587,True,False
sub-019_ses-01_task-WorkingMemory_run-3_eeg.set,sub-019,,11,3,14,True,True,True,True,True,True,True,False,1.0,D C R G Z X L K K,9,255,correct,125269,136971,125269.403511,136971.08905725,True,False
sub-019_ses-01_task-WorkingMemory_run-3_eeg.set,sub-019,,12,7,14,True,True,True,True,True,True,True,False,0.0,K G J Z H D P V G,9,255,wrong,136974,150263,136974.23986115,150262.73026180002,True,False
sub-019_ses-01_task-WorkingMemory_run-3_eeg.set,sub-019,,13,7,14,True,True,True,True,True,True,True,False,1.0,P Y R T B G V M P,9,255,correct,150271,161629,150271.43248205,161628.93021285,True,False
sub-019_ses-01_task-WorkingMemory_run-3_eeg.set,sub-019,,14,3,14,True,True,True,True,True,True,True,False,1.0,H M W N G B T L T,9,255,correct,161634,172441,161634.43161645,172441.28885784998,True,False
sub-019_ses-01_task-WorkingMemory_run-3_eeg.set,sub-019,,15,3,14,True,True,True,True,True,True,False,True,1.0,R X S P N D G J M,9,255,correct,172447,192365,172447.2403763,192365.12218755,True,False
sub-019_ses-01_task-WorkingMemory_run-3_eeg.set,sub-019,,16,7,14,True,True,True,True,True,True,False,True,0.0,F M B N L X J Y P,9,255,wrong,192372,206738,192372.12397395,206737.83921575,True,False
sub-019_ses-01_task-WorkingMemory_run-3_eeg.set,sub-019,,17,5,14,True,True,True,True,True,True,True,False,0.0,Z C R F Q V P N F,9,1,wrong,206745,218222,206744.74097665,218222.4693829,True,False
sub-019_ses-01_task-WorkingMemory_run-3_eeg.set,sub-019,,18,5,14,True,True,True,True,True,True,False,True,1.0,L F M J K N R H G,9,255,correct,218225,233861,218224.51990605,233860.8593325,True,False
sub-019_ses-01_task-WorkingMemory_run-3_eeg.set,sub-019,,19,5,14,True,True,True,True,True,True,True,False,1.0,H B Q K S R T J Q,9,255,correct,233864,255855,233864.31021295,255855.0208819,True,False
sub-019_ses-01_task-WorkingMemory_run-3_eeg.set,sub-019,,20,5,14,True,True,True,True,True,True,False,True,1.0,C P X Z T Y J B H,9,255,correct,255857,267511,255856.72131575,267511.2948419,True,False
sub-019_ses-01_task-WorkingMemory_run-3_eeg.set,sub-019,,21,5,14,True,True,True,True,True,True,True,False,1.0,Z W T R H L D J H,9,255,correct,267520,280196,267519.89703665,280196.03120185,True,False
sub-019_ses-01_task-WorkingMemory_run-3_eeg.set,sub-019,,22,5,14,True,True,True,True,True,True,False,True,1.0,D Q G M P V F T B,9,255,correct,280200,290942,280200.1322482,290942.4230162,True,False
sub-019_ses-01_task-WorkingMemory_run-3_eeg.set,sub-019,,23,7,14,True,True,True,True,True,True,True,False,1.0,Y W S J P C D K C,9,255,correct,290946,302941,290946.223986,302941.4344216,True,False
sub-019_ses-01_task-WorkingMemory_run-3_eeg.set,sub-019,,24,3,14,True,True,True,True,True,True,False,True,1.0,P M D Z B R N G F,9,255,correct,302943,314413,302942.8347789,314413.01125835,True,False
sub-019_ses-01_task-WorkingMemory_run-3_eeg.set,sub-019,,25,7,14,True,True,True,True,True,True,True,False,1.0,Y S N M F Q H W N,9,255,correct,314414,325133,314414.26157735,325132.84629705,True,False
sub-020_ses-01_task-WorkingMemory_run-1_eeg.set,sub-020,,1,5,14,True,True,True,True,True,True,True,False,1.0,B H D R N Z V L R,9,255,correct,4208,17052,4208.0,17051.8159289,True,False
sub-020_ses-01_task-WorkingMemory_run-1_eeg.set,sub-020,,2,5,14,True,True,True,True,True,True,True,False,1.0,L G Q F Z T R M L,9,255,correct,17055,28601,17054.9667301,28600.65257015,True,False
sub-020_ses-01_task-WorkingMemory_run-1_eeg.set,sub-020,,3,3,14,True,True,True,True,True,True,False,True,1.0,F B C R M J H T S,9,255,correct,28610,39530,28609.704872,39529.88165745,True,False
sub-020_ses-01_task-WorkingMemory_run-1_eeg.set,sub-020,,4,7,14,True,True,True,True,True,True,True,False,1.0,C Z L K R G B T Z,9,255,correct,39539,50341,39539.23403555,50340.58060485,True,False
sub-020_ses-01_task-WorkingMemory_run-1_eeg.set,sub-020,,5,7,14,True,True,True,True,True,True,False,True,1.0,W Z V D F X M Y G,9,255,correct,50344,61046,50343.6813933,61045.902757,True,False
sub-020_ses-01_task-WorkingMemory_run-1_eeg.set,sub-020,,6,3,14,True,True,True,True,True,True,False,True,1.0,S Z F D G W V Q L,9,255,correct,61048,72015,61048.10331655,72014.9419672,True,False
sub-020_ses-01_task-WorkingMemory_run-1_eeg.set,sub-020,,7,7,14,True,True,True,True,True,True,False,True,1.0,X C J H N D P S L,9,255,correct,72019,84579,72019.29307360001,84579.4368703,True,False
sub-020_ses-01_task-WorkingMemory_run-1_eeg.set,sub-020,,8,7,14,True,True,True,True,True,True,False,True,1.0,J C F M L K Q W B,9,255,correct,84583,95509,84582.78772235,95509.21609745,True,False
sub-020_ses-01_task-WorkingMemory_run-1_eeg.set,sub-020,,9,3,14,True,True,True,True,True,True,True,False,1.0,J Q D H X G C W D,9,255,correct,95512,106716,95512.3168859,106715.96575275,True,False
sub-020_ses-01_task-WorkingMemory_run-1_eeg.set,sub-020,,10,7,14,True,True,True,True,True,True,False,True,0.0,T H X S W Q K D F,9,255,wrong,106725,117620,106725.26811815,117619.58832875,True,False
sub-020_ses-01_task-WorkingMemory_run-1_eeg.set,sub-020,,11,3,14,True,True,True,True,True,True,True,False,1.0,P T Z Q V B X G V,9,255,correct,117621,128510,117621.4387993,128510.1075729,True,False
sub-020_ses-01_task-WorkingMemory_run-1_eeg.set,sub-020,,12,7,14,True,True,True,True,True,True,False,True,1.0,X J N R S V Y H C,9,255,correct,128518,139137,128517.55946775,139137.0597971,True,False
sub-020_ses-01_task-WorkingMemory_run-1_eeg.set,sub-020,,13,3,14,True,True,True,True,True,True,True,False,1.0,D Y T J M K B F B,9,255,correct,139139,151043,139138.61019135002,151043.03725225,True,False
sub-020_ses-01_task-WorkingMemory_run-1_eeg.set,sub-020,,14,3,14,True,True,True,True,True,True,True,False,1.0,J C L S G V R T V,9,255,correct,151052,161855,151051.83949045,161854.73645395,True,False
sub-020_ses-01_task-WorkingMemory_run-1_eeg.set,sub-020,,15,5,14,True,True,True,True,True,True,True,False,1.0,S C G P F M J L G,9,255,correct,161856,177202,161856.3368609,177202.18900825,True,False
sub-020_ses-01_task-WorkingMemory_run-1_eeg.set,sub-020,,16,5,14,True,True,True,True,True,True,False,True,1.0,K W Z Q D C M P J,9,255,correct,177204,189649,177204.3395551,189649.0540004,True,False
sub-020_ses-01_task-WorkingMemory_run-1_eeg.set,sub-020,,17,5,14,True,True,True,True,True,True,False,True,1.0,Z T M S Y V N H Q,9,255,correct,189651,200566,189651.1045218,200566.4800864,True,False
sub-020_ses-01_task-WorkingMemory_run-1_eeg.set,sub-020,,18,3,14,True,True,True,True,True,True,True,False,1.0,Q P J T Z K D C J,9,255,correct,200572,211840,200572.2815616,211839.9967192,True,False
sub-020_ses-01_task-WorkingMemory_run-1_eeg.set,sub-020,,19,7,14,True,True,True,True,True,True,True,False,1.0,W T M P G H Z N M,9,255,correct,211844,224274,211843.59763485,224273.80839215,True,False
sub-020_ses-01_task-WorkingMemory_run-1_eeg.set,sub-020,,20,5,14,True,True,True,True,True,True,True,False,1.0,K Z J V R H M S R,9,255,correct,224282,235323,224282.0604905,235323.16802625,True,False
sub-020_ses-01_task-WorkingMemory_run-1_eeg.set,sub-020,,21,3,14,True,True,True,True,True,True,True,False,1.0,D M B Y H Q C G C,9,255,correct,235328,249326,235328.2693234,249326.1287028,True,False
sub-020_ses-01_task-WorkingMemory_run-1_eeg.set,sub-020,,22,5,14,True,True,True,True,True,True,False,True,1.0,M G L Z B Y R C T,9,255,correct,249334,260389,249334.08072485,260388.74170695,True,False
sub-020_ses-01_task-WorkingMemory_run-1_eeg.set,sub-020,,23,7,14,True,True,True,True,True,True,True,False,1.0,W K M C Q G B T B,9,255,correct,260397,271544,260396.9437926,271543.67818715,True,False
sub-020_ses-01_task-WorkingMemory_run-1_eeg.set,sub-020,,24,5,14,True,True,True,True,True,True,True,False,1.0,D C L S J K H V L,9,255,correct,271552,284466,271551.5801965,284465.513955,True,False
sub-020_ses-01_task-WorkingMemory_run-1_eeg.set,sub-020,,25,5,14,True,True,True,True,True,True,True,False,1.0,K C J Y L D M S J,9,255,correct,284474,296201,284473.56600244995,296200.64796800003,True,False
sub-020_ses-01_task-WorkingMemory_run-2_eeg.set,sub-020,,1,3,14,True,True,True,True,True,True,True,False,1.0,D B G J W L K C L,9,255,correct,4200,14892,4200.0,14892.1086006,True,False
sub-020_ses-01_task-WorkingMemory_run-2_eeg.set,sub-020,,2,7,14,True,True,True,True,True,True,True,False,1.0,B N R G Y Z M X Z,9,255,correct,14896,25454,14896.0596015,25453.8841843,True,False
sub-020_ses-01_task-WorkingMemory_run-2_eeg.set,sub-020,,3,5,14,True,True,True,True,True,True,True,False,1.0,R C X H N P M L P,9,255,correct,25459,36385,25458.73541325,36384.80328205,True,False
sub-020_ses-01_task-WorkingMemory_run-2_eeg.set,sub-020,,4,7,14,True,True,True,True,True,True,False,True,1.0,Q P H R X C S V Z,9,255,correct,36388,49689,36388.2041436,49689.1736393,True,False
sub-020_ses-01_task-WorkingMemory_run-2_eeg.set,sub-020,,5,3,14,True,True,True,True,True,True,True,False,1.0,Y C P K R W H L K,9,255,correct,49694,61319,49693.72479225,61318.96978155,True,False
sub-020_ses-01_task-WorkingMemory_run-2_eeg.set,sub-020,,6,5,14,True,True,True,True,True,True,False,True,1.0,V C H M D Q Z Y J,9,255,correct,61323,72764,61323.4709218,72764.26918575,True,False
sub-020_ses-01_task-WorkingMemory_run-2_eeg.set,sub-020,,7,3,14,True,True,True,True,True,True,False,True,1.0,P X B Z H V R F Q,9,255,correct,72770,84526,72769.87060475,84525.9987503,True,False
sub-020_ses-01_task-WorkingMemory_run-2_eeg.set,sub-020,,8,3,14,True,True,True,True,True,True,True,False,1.0,N B T S X C Q R S,9,255,correct,84533,96670,84533.0505367,96670.2252117,True,False
sub-020_ses-01_task-WorkingMemory_run-2_eeg.set,sub-020,,9,7,14,True,True,True,True,True,True,False,True,1.0,M Q W B Z D R L Y,9,255,correct,96671,107905,96671.3755031,107904.671201,True,False
sub-020_ses-01_task-WorkingMemory_run-2_eeg.set,sub-020,,10,3,14,True,True,True,True,True,True,False,True,1.0,V W S R B N P Z X,9,255,correct,107909,120207,107909.3223793,120207.2877869,True,False
sub-020_ses-01_task-WorkingMemory_run-2_eeg.set,sub-020,,11,3,14,True,True,True,True,True,True,False,True,1.0,P R K W C Z Y X B,9,255,correct,120214,130980,120214.38958595,130980.31688685,True,False
sub-020_ses-01_task-WorkingMemory_run-2_eeg.set,sub-020,,12,7,14,True,True,True,True,True,True,False,True,1.0,P W F S Z T K Q L,9,255,correct,130985,143006,130985.4681918,143006.1133467,True,False
sub-020_ses-01_task-WorkingMemory_run-2_eeg.set,sub-020,,13,7,14,True,True,True,True,True,True,True,False,1.0,W L D J C F V S S,9,255,correct,143015,156588,143015.41570325,156588.10403264998,True,False
sub-020_ses-01_task-WorkingMemory_run-2_eeg.set,sub-020,,14,5,14,True,True,True,True,True,True,False,True,1.0,F C J Q T S M N Z,9,255,correct,156596,169577,156596.00603445,169576.54435625,True,False
sub-020_ses-01_task-WorkingMemory_run-2_eeg.set,sub-020,,15,5,14,True,True,True,True,True,True,False,True,1.0,K S P F D L T Z Q,9,255,correct,169585,180930,169584.6964214,180929.9204738,True,False
sub-020_ses-01_task-WorkingMemory_run-2_eeg.set,sub-020,,16,5,14,True,True,True,True,True,True,True,False,1.0,M F G K Z Q Y N K,9,255,correct,180931,193536,180931.02075255,193536.0139386,True,False
sub-020_ses-01_task-WorkingMemory_run-2_eeg.set,sub-020,,17,3,14,True,True,True,True,True,True,True,False,1.0,P K B Y D M C F P,9,255,correct,193545,206393,193544.5661051,206392.6708779,True,False
sub-020_ses-01_task-WorkingMemory_run-2_eeg.set,sub-020,,18,5,14,True,True,True,True,True,True,True,False,1.0,H T X V F K C G X,9,255,correct,206400,217126,206399.82268965,217126.28999425,True,False
sub-020_ses-01_task-WorkingMemory_run-2_eeg.set,sub-020,,19,7,14,True,True,True,True,True,True,True,False,1.0,Y D Q V G L F S G,9,255,correct,217129,229165,217129.24074175,229165.43983685,True,False
sub-020_ses-01_task-WorkingMemory_run-2_eeg.set,sub-020,,20,5,14,True,True,True,True,True,True,True,False,1.0,Q M C X S W R H Q,9,255,correct,229168,244831,229167.54036895,244830.8583115,True,False
sub-020_ses-01_task-WorkingMemory_run-2_eeg.set,sub-020,,21,5,14,True,True,True,True,True,True,False,True,1.0,T Y K Z F Q G W L,9,255,correct,244832,256844,244832.3586916,256843.65147725,True,False
sub-020_ses-01_task-WorkingMemory_run-2_eeg.set,sub-020,,22,7,14,True,True,True,True,True,True,False,True,1.0,P Q S W D F C H X,9,255,correct,256846,272338,256845.60197135003,272337.6765333,True,False
sub-020_ses-01_task-WorkingMemory_run-2_eeg.set,sub-020,,23,3,14,True,True,True,True,True,True,True,False,1.0,C V W H N X R M R,9,255,correct,272344,282808,272343.67805365,282807.9289317,True,False
sub-020_ses-01_task-WorkingMemory_run-2_eeg.set,sub-020,,24,3,14,True,True,True,True,True,True,True,False,1.0,S N R X M T B G R,9,255,correct,282815,293779,282814.63062945,293779.30827915,True,False
sub-020_ses-01_task-WorkingMemory_run-2_eeg.set,sub-020,,25,7,14,True,True,True,True,True,True,True,False,1.0,H D W Y K P X V X,9,255,correct,293786,304724,293785.8099262,304724.0808864,True,False
sub-020_ses-01_task-WorkingMemory_run-3_eeg.set,sub-020,,1,3,14,True,True,True,True,True,True,True,False,1.0,K H L V R C J Y R,9,255,correct,3233,13534,3233.0,13534.29634145,True,False
sub-020_ses-01_task-WorkingMemory_run-3_eeg.set,sub-020,,2,7,14,True,True,True,True,True,True,True,False,1.0,K G J Z H D P V G,9,255,correct,13537,24518,13537.19707255,24518.4147816,True,False
sub-020_ses-01_task-WorkingMemory_run-3_eeg.set,sub-020,,3,3,14,True,True,True,True,True,True,True,False,1.0,H M W N G B T L T,9,255,correct,24525,34804,24525.0664581,34803.6570768,True,False
sub-020_ses-01_task-WorkingMemory_run-3_eeg.set,sub-020,,4,7,14,True,True,True,True,True,True,True,False,1.0,Y S N M F Q H W N,9,255,correct,34813,45247,34812.6093331,45247.0392296,True,False
sub-020_ses-01_task-WorkingMemory_run-3_eeg.set,sub-020,,5,5,14,True,True,True,True,True,True,True,False,1.0,H B Q K S R T J Q,9,255,correct,45250,56231,45250.1900237,56230.907606700006,True,False
sub-020_ses-01_task-WorkingMemory_run-3_eeg.set,sub-020,,6,7,14,True,True,True,True,True,True,True,False,1.0,W D R Z M T H L W,9,255,correct,56238,67756,56238.05940925,67755.6122963,True,False
sub-020_ses-01_task-WorkingMemory_run-3_eeg.set,sub-020,,7,7,14,True,True,True,True,True,True,True,False,1.0,P Y R T B G V M P,9,255,correct,67759,78634,67759.4632669,78634.2541521,True,False
sub-020_ses-01_task-WorkingMemory_run-3_eeg.set,sub-020,,8,3,14,True,True,True,True,True,True,False,True,1.0,R X S P N D G J M,9,255,correct,78639,89513,78638.9053244,89512.89600785,True,False
sub-020_ses-01_task-WorkingMemory_run-3_eeg.set,sub-020,,9,3,14,True,True,True,True,True,True,False,True,1.0,G L X P H M N R Z,9,255,correct,89518,101631,89518.39739445,101631.0502707,True,False
sub-020_ses-01_task-WorkingMemory_run-3_eeg.set,sub-020,,10,5,14,True,True,True,True,True,True,True,False,1.0,V W Q S T Z K X W,9,255,correct,101640,112958,101640.002527,112958.1051446,True,False
sub-020_ses-01_task-WorkingMemory_run-3_eeg.set,sub-020,,11,5,14,True,True,True,True,True,True,False,True,1.0,J S Y T P F M K V,9,255,correct,112961,123731,112961.30595135,123731.32042865,True,False
sub-020_ses-01_task-WorkingMemory_run-3_eeg.set,sub-020,,12,5,14,True,True,True,True,True,True,True,False,0.0,Z C R F Q V P N F,9,255,wrong,123732,135718,123732.42070595,135717.74148939998,True,False
sub-020_ses-01_task-WorkingMemory_run-3_eeg.set,sub-020,,13,3,14,True,True,True,True,True,True,False,True,1.0,D V G H P J M Z Y,9,1,correct,135721,147823,135720.64222049998,147822.89247485,True,False
sub-020_ses-01_task-WorkingMemory_run-3_eeg.set,sub-020,,14,3,14,True,True,True,True,True,True,False,True,1.0,P M D Z B R N G F,9,255,correct,147826,159559,147825.64316815,159558.8504088,True,False
sub-020_ses-01_task-WorkingMemory_run-3_eeg.set,sub-020,,15,3,14,True,True,True,True,True,True,True,False,1.0,B F H R Z G M V B,9,255,correct,159564,171598,159563.8016567,171598.0847806,True,False
sub-020_ses-01_task-WorkingMemory_run-3_eeg.set,sub-020,,16,7,14,True,True,True,True,True,True,True,False,1.0,Y W S J P C D K C,9,255,correct,171602,183097,171602.03577645,183096.78291555,True,False
sub-020_ses-01_task-WorkingMemory_run-3_eeg.set,sub-020,,17,7,14,True,True,True,True,True,True,True,False,1.0,J T V D X G N R R,9,255,correct,183098,194596,183098.4333315,194595.6310883,True,False
sub-020_ses-01_task-WorkingMemory_run-3_eeg.set,sub-020,,18,5,14,True,True,True,True,True,True,False,True,1.0,C P X Z T Y J B H,9,255,correct,194603,205857,194603.1829917,205857.1694494,True,False
sub-020_ses-01_task-WorkingMemory_run-3_eeg.set,sub-020,,19,5,14,True,True,True,True,True,True,False,True,1.0,D Q G M P V F T B,9,255,correct,205866,218121,205866.12170575,218120.91040595,True,False
sub-020_ses-01_task-WorkingMemory_run-3_eeg.set,sub-020,,20,7,14,True,True,True,True,True,True,False,True,1.0,J T L X S G Q R Y,9,255,correct,218129,229409,218129.4625614,229408.9054352,True,False
sub-020_ses-01_task-WorkingMemory_run-3_eeg.set,sub-020,,21,7,14,True,True,True,True,True,True,False,True,1.0,F M B N L X J Y P,9,255,correct,229417,241277,229417.4575907,241277.09669725,True,False
sub-020_ses-01_task-WorkingMemory_run-3_eeg.set,sub-020,,22,5,14,True,True,True,True,True,True,False,True,1.0,L F M J K N R H G,9,255,correct,241281,253370,241280.64759225,253369.544481,True,False
sub-020_ses-01_task-WorkingMemory_run-3_eeg.set,sub-020,,23,5,14,True,True,True,True,True,True,True,False,1.0,Z W T R H L D J H,9,255,correct,253377,266570,253377.2964348,266569.67144450004,True,False
sub-020_ses-01_task-WorkingMemory_run-3_eeg.set,sub-020,,24,3,14,True,True,True,True,True,True,True,False,1.0,D C R G Z X L K K,9,255,correct,266574,277541,266574.3726294,277540.98665770004,True,False
sub-020_ses-01_task-WorkingMemory_run-3_eeg.set,sub-020,,25,7,14,True,True,True,True,True,True,True,False,1.0,Z X S Y C V T W V,9,255,correct,277546,288117,277545.5378048,288116.70216385,True,False
sub-021_ses-01_task-WorkingMemory_run-1_eeg.set,sub-021,,1,7,14,True,True,True,True,True,True,False,True,1.0,X C J H N D P S L,9,255,correct,1935,15079,1935.0,15078.81100455,True,False
sub-021_ses-01_task-WorkingMemory_run-1_eeg.set,sub-021,,2,3,14,True,True,True,True,True,True,True,False,1.0,J C L S G V R T V,9,255,correct,15082,26932,15082.0618358,26932.0920076,True,False
sub-021_ses-01_task-WorkingMemory_run-1_eeg.set,sub-021,,3,7,14,True,True,True,True,True,True,False,True,1.0,T H X S W Q K D F,9,255,correct,26937,39998,26936.9932609,39998.33317675,True,False
sub-021_ses-01_task-WorkingMemory_run-1_eeg.set,sub-021,,4,3,14,True,True,True,True,True,True,False,True,1.0,S Z F D G W V Q L,9,255,correct,40001,53776,40000.7337906,53776.456381250006,True,False
sub-021_ses-01_task-WorkingMemory_run-1_eeg.set,sub-021,,5,7,14,True,True,True,True,True,True,True,False,1.0,C Z L K R G B T Z,9,255,correct,53781,69295,53781.40764735,69295.0246351,True,False
sub-021_ses-01_task-WorkingMemory_run-1_eeg.set,sub-021,,6,3,14,True,True,True,True,True,True,True,False,1.0,D Y T J M K B F B,9,255,correct,69296,85011,69296.17492925,85011.29344295,True,False
sub-021_ses-01_task-WorkingMemory_run-1_eeg.set,sub-021,,7,5,14,True,True,True,True,True,True,True,False,1.0,K C J Y L D M S J,9,255,correct,85019,98434,85019.3455019,98433.57565535,True,False
sub-021_ses-01_task-WorkingMemory_run-1_eeg.set,sub-021,,8,7,14,True,True,True,True,True,True,False,True,1.0,J C F M L K Q W B,9,255,correct,98442,110089,98441.57770155,110089.30614275,True,False
sub-021_ses-01_task-WorkingMemory_run-1_eeg.set,sub-021,,9,3,14,True,True,True,True,True,True,True,False,1.0,J Q D H X G C W D,9,255,correct,110096,125503,110096.40795875,125502.9475657,True,False
sub-021_ses-01_task-WorkingMemory_run-1_eeg.set,sub-021,,10,5,14,True,True,True,True,True,True,False,True,1.0,M G L Z B Y R C T,9,255,correct,125511,136368,125511.0996503,136367.77581145,True,False
sub-021_ses-01_task-WorkingMemory_run-1_eeg.set,sub-021,,11,3,14,True,True,True,True,True,True,False,True,1.0,F B C R M J H T S,9,255,correct,136374,151215,136373.9273845,151214.72232485,True,False
sub-021_ses-01_task-WorkingMemory_run-1_eeg.set,sub-021,,12,5,14,True,True,True,True,True,True,True,False,1.0,K Z J V R H M S R,9,255,correct,151222,167723,151221.77412805002,167723.14369405,True,False
sub-021_ses-01_task-WorkingMemory_run-1_eeg.set,sub-021,,13,7,14,True,True,True,True,True,True,False,True,1.0,X J N R S V Y H C,9,255,correct,167729,181990,167728.59508805,181989.8918449,True,False
sub-021_ses-01_task-WorkingMemory_run-1_eeg.set,sub-021,,14,5,14,True,True,True,True,True,True,False,True,1.0,Z T M S Y V N H Q,9,255,correct,181993,194978,181992.79258665,194977.76297405,True,False
sub-021_ses-01_task-WorkingMemory_run-1_eeg.set,sub-021,,15,7,14,True,True,True,True,True,True,True,False,1.0,W K M C Q G B T B,9,255,correct,194982,207082,194981.5139332,207082.15818955,True,False
sub-021_ses-01_task-WorkingMemory_run-1_eeg.set,sub-021,,16,5,14,True,True,True,True,True,True,True,False,1.0,B H D R N Z V L R,9,255,correct,207087,222325,207086.50930215,222324.8559005,True,False
sub-021_ses-01_task-WorkingMemory_run-1_eeg.set,sub-021,,17,3,14,True,True,True,True,True,True,True,False,1.0,Q P J T Z K D C J,9,255,correct,222326,237370,222326.156233,237369.953083,True,False
sub-021_ses-01_task-WorkingMemory_run-1_eeg.set,sub-021,,18,7,14,True,True,True,True,True,True,False,True,1.0,W Z V D F X M Y G,9,255,correct,237374,249211,237374.05413165,249210.8809272,True,False
sub-021_ses-01_task-WorkingMemory_run-1_eeg.set,sub-021,,19,5,14,True,True,True,True,True,True,True,False,1.0,L G Q F Z T R M L,9,255,correct,249212,263900,249212.2812853,263900.0871048,True,False
sub-021_ses-01_task-WorkingMemory_run-1_eeg.set,sub-021,,20,5,14,True,True,True,True,True,True,True,False,1.0,S C G P F M J L G,9,255,correct,263902,279565,263901.68751405,279565.09280415,True,False
sub-021_ses-01_task-WorkingMemory_run-1_eeg.set,sub-021,,21,7,14,True,True,True,True,True,True,True,False,1.0,W T M P G H Z N M,9,255,correct,279567,293767,279566.54317505,293766.52425285004,True,False
sub-021_ses-01_task-WorkingMemory_run-1_eeg.set,sub-021,,22,5,14,True,True,True,True,True,True,True,False,1.0,D C L S J K H V L,9,255,correct,293772,309247,293772.42576195,309247.03277445,True,False
sub-021_ses-01_task-WorkingMemory_run-1_eeg.set,sub-021,,23,5,14,True,True,True,True,True,True,False,True,1.0,K W Z Q D C M P J,9,255,correct,309254,323290,309253.7845009,323290.27377225,True,False
sub-021_ses-01_task-WorkingMemory_run-1_eeg.set,sub-021,,24,3,14,True,True,True,True,True,True,True,False,1.0,D M B Y H Q C G C,9,255,correct,323293,343109,323292.92445005,343108.89159195,True,False
sub-021_ses-01_task-WorkingMemory_run-1_eeg.set,sub-021,,25,3,14,True,True,True,True,True,True,True,False,1.0,P T Z Q V B X G V,9,255,correct,343118,355385,343117.84388114995,355385.0307241,True,False
sub-021_ses-01_task-WorkingMemory_run-2_eeg.set,sub-021,,0,0,1,False,False,True,False,False,False,False,False,1.0,,0,255,,998,998,998.0,998.0,False,False
sub-021_ses-01_task-WorkingMemory_run-2_eeg.set,sub-021,,1,5,14,True,True,True,True,True,True,True,False,1.0,Q M C X S W R H Q,9,255,correct,1506,17893,1506.48038705,17892.632205,True,False
sub-021_ses-01_task-WorkingMemory_run-2_eeg.set,sub-021,,2,3,14,True,True,True,True,True,True,True,False,1.0,C V W H N X R M R,9,255,correct,17897,37869,17896.58321815,37869.304722,True,False
sub-021_ses-01_task-WorkingMemory_run-2_eeg.set,sub-021,,3,3,14,True,True,True,True,True,True,False,True,1.0,V W S R B N P Z X,9,255,correct,37872,51253,37871.50528625,51252.8365933,True,False
sub-021_ses-01_task-WorkingMemory_run-2_eeg.set,sub-021,,4,7,14,True,True,True,True,True,True,False,True,1.0,P Q S W D F C H X,9,255,correct,51260,65836,51260.43854265,65836.27615085001,True,False
sub-021_ses-01_task-WorkingMemory_run-2_eeg.set,sub-021,,5,7,14,True,True,True,True,True,True,True,False,1.0,H D W Y K P X V X,9,255,correct,65841,78917,65841.47748460001,78916.5302542,True,False
sub-021_ses-01_task-WorkingMemory_run-2_eeg.set,sub-021,,6,7,14,True,True,True,True,True,True,True,False,1.0,W L D J C F V S S,9,255,correct,78922,95689,78921.8816264,95688.78107755,True,False
sub-021_ses-01_task-WorkingMemory_run-2_eeg.set,sub-021,,7,3,14,True,True,True,True,True,True,True,False,1.0,P K B Y D M C F P,9,255,correct,95695,109231,95695.48279605,109230.65355135,True,False
sub-021_ses-01_task-WorkingMemory_run-2_eeg.set,sub-021,,8,7,14,True,True,True,True,True,True,False,True,1.0,P W F S Z T K Q L,9,255,correct,109234,123893,109234.454526,123893.1633845,True,False
sub-021_ses-01_task-WorkingMemory_run-2_eeg.set,sub-021,,9,3,14,True,True,True,True,True,True,True,False,1.0,D B G J W L K C L,9,255,correct,123899,137606,123898.8648465,137606.37979515,True,False
sub-021_ses-01_task-WorkingMemory_run-2_eeg.set,sub-021,,10,5,14,True,True,True,True,True,True,True,False,1.0,R C X H N P M L P,9,255,correct,137613,148920,137612.8314495,148919.7808333,True,False
sub-021_ses-01_task-WorkingMemory_run-2_eeg.set,sub-021,,11,5,14,True,True,True,True,True,True,False,True,1.0,K S P F D L T Z Q,9,255,correct,148926,161459,148925.88239790002,161459.44631625,True,False
sub-021_ses-01_task-WorkingMemory_run-2_eeg.set,sub-021,,12,3,14,True,True,True,True,True,True,True,False,1.0,S N R X M T B G R,9,255,correct,161464,173234,161464.44759869998,173234.31568635002,True,False
sub-021_ses-01_task-WorkingMemory_run-2_eeg.set,sub-021,,13,7,14,True,True,True,True,True,True,False,True,1.0,M Q W B Z D R L Y,9,255,correct,173236,186855,173235.96610954998,186855.25843575,True,False
sub-021_ses-01_task-WorkingMemory_run-2_eeg.set,sub-021,,14,3,14,True,True,True,True,True,True,False,True,1.0,P R K W C Z Y X B,9,255,correct,186858,207135,186858.30921805,207135.1587079,True,False
sub-021_ses-01_task-WorkingMemory_run-2_eeg.set,sub-021,,15,3,14,True,True,True,True,True,True,True,False,1.0,N B T S X C Q R S,9,255,correct,207142,220150,207141.7103879,220149.9460239,True,False
sub-021_ses-01_task-WorkingMemory_run-2_eeg.set,sub-021,,16,3,14,True,True,True,True,True,True,False,True,1.0,P X B Z H V R F Q,9,255,correct,220155,235195,220155.4474346,235195.45406735,True,False
sub-021_ses-01_task-WorkingMemory_run-2_eeg.set,sub-021,,17,5,14,True,True,True,True,True,True,False,True,1.0,T Y K Z F Q G W L,9,255,correct,235203,247129,235203.35609365,247129.1141554,True,False
sub-021_ses-01_task-WorkingMemory_run-2_eeg.set,sub-021,,18,5,14,True,True,True,True,True,True,False,True,1.0,V C H M D Q Z Y J,9,255,correct,247133,258641,247133.2652198,258640.81604280003,True,False
sub-021_ses-01_task-WorkingMemory_run-2_eeg.set,sub-021,,19,3,14,True,True,True,True,True,True,True,False,1.0,Y C P K R W H L K,9,255,correct,258646,273990,258646.36746635003,273989.95194400003,True,False
sub-021_ses-01_task-WorkingMemory_run-2_eeg.set,sub-021,,20,7,14,True,True,True,True,True,True,True,False,1.0,B N R G Y Z M X Z,9,255,correct,273994,287612,273994.4030854,287611.79492425,True,False
sub-021_ses-01_task-WorkingMemory_run-2_eeg.set,sub-021,,21,5,14,True,True,True,True,True,True,False,True,1.0,F C J Q T S M N Z,9,255,correct,287617,306020,287616.74619385,306020.41535355,True,False
sub-021_ses-01_task-WorkingMemory_run-2_eeg.set,sub-021,,22,7,14,True,True,True,True,True,True,True,False,1.0,Y D Q V G L F S G,9,255,correct,306024,318600,306024.3663667,318600.49119875,True,False
sub-021_ses-01_task-WorkingMemory_run-2_eeg.set,sub-021,,23,7,14,True,True,True,True,True,True,False,True,0.0,Q P H R X C S V Z,9,255,wrong,318605,333066,318604.59225035,333066.25058015,True,False
sub-021_ses-01_task-WorkingMemory_run-2_eeg.set,sub-021,,24,5,14,True,True,True,True,True,True,True,False,1.0,H T X V F K C G X,9,255,correct,333069,344301,333068.90125984995,344301.03145815,True,False
sub-021_ses-01_task-WorkingMemory_run-2_eeg.set,sub-021,,25,5,14,True,True,True,True,True,True,True,False,1.0,M F G K Z Q Y N K,9,255,correct,344307,364199,344306.8829586,364199.1838406,True,False
sub-021_ses-01_task-WorkingMemory_run-3_eeg.set,sub-021,,1,5,14,True,True,True,True,True,True,True,False,1.0,Z W T R H L D J H,9,255,correct,5165,18223,5165.0,18222.9415362,True,False
sub-021_ses-01_task-WorkingMemory_run-3_eeg.set,sub-021,,2,3,14,True,True,True,True,True,True,False,True,1.0,G L X P H M N R Z,9,255,correct,18229,30354,18228.693008,30353.695804500003,True,False
sub-021_ses-01_task-WorkingMemory_run-3_eeg.set,sub-021,,3,3,14,True,True,True,True,True,True,True,False,1.0,H M W N G B T L T,9,255,correct,30359,40520,30358.74709715,40519.79731685,True,False
sub-021_ses-01_task-WorkingMemory_run-3_eeg.set,sub-021,,4,3,14,True,True,True,True,True,True,False,True,1.0,P M D Z B R N G F,9,255,correct,40521,56804,40521.2977008,56804.01445915,True,False
sub-021_ses-01_task-WorkingMemory_run-3_eeg.set,sub-021,,5,3,14,True,True,True,True,True,True,False,True,1.0,R X S P N D G J M,9,255,correct,56811,72680,56811.3663405,72679.5270137,True,False
sub-021_ses-01_task-WorkingMemory_run-3_eeg.set,sub-021,,6,7,14,True,True,True,True,True,True,True,False,1.0,Y W S J P C D K C,9,255,correct,72685,85193,72684.57830630001,85192.67913789999,True,False
sub-021_ses-01_task-WorkingMemory_run-3_eeg.set,sub-021,,7,5,14,True,True,True,True,True,True,True,False,1.0,V W Q S T Z K X W,9,255,correct,85198,95820,85198.1305329,95820.298753,True,False
sub-021_ses-01_task-WorkingMemory_run-3_eeg.set,sub-021,,8,3,14,True,True,True,True,True,True,True,False,1.0,B F H R Z G M V B,9,255,correct,95828,112830,95827.50059595,112829.7514836,True,False
sub-021_ses-01_task-WorkingMemory_run-3_eeg.set,sub-021,,9,7,14,True,True,True,True,True,True,True,False,1.0,J T V D X G N R R,9,255,correct,112835,127874,112834.55271225,127874.40141985,True,False
sub-021_ses-01_task-WorkingMemory_run-3_eeg.set,sub-021,,10,5,14,True,True,True,True,True,True,False,True,1.0,L F M J K N R H G,9,255,correct,127882,139557,127882.45348035,139556.8409641,True,False
sub-021_ses-01_task-WorkingMemory_run-3_eeg.set,sub-021,,11,7,14,True,True,True,True,True,True,True,False,1.0,W D R Z M T H L W,9,255,correct,139562,150712,139562.2923591,150711.8455374,True,False
sub-021_ses-01_task-WorkingMemory_run-3_eeg.set,sub-021,,12,5,14,True,True,True,True,True,True,False,True,1.0,D Q G M P V F T B,9,1,correct,150717,165229,150716.89683005,165229.26055385,True,False
sub-021_ses-01_task-WorkingMemory_run-3_eeg.set,sub-021,,13,7,14,True,True,True,True,True,True,True,False,1.0,Z X S Y C V T W V,9,255,correct,165231,178916,165231.2610658,178916.0130032,True,False
sub-021_ses-01_task-WorkingMemory_run-3_eeg.set,sub-021,,14,5,14,True,True,True,True,True,True,True,False,1.0,H B Q K S R T J Q,9,255,correct,178920,189768,178920.26409105,189767.89000595,True,False
sub-021_ses-01_task-WorkingMemory_run-3_eeg.set,sub-021,,15,7,14,True,True,True,True,True,True,False,True,1.0,F M B N L X J Y P,9,1,correct,189775,200923,189774.7417593,200923.04461765,True,False
sub-021_ses-01_task-WorkingMemory_run-3_eeg.set,sub-021,,16,5,14,True,True,True,True,True,True,True,False,1.0,Z C R F Q V P N F,9,255,correct,200929,211775,200929.3462302,211775.021646,True,False
sub-021_ses-01_task-WorkingMemory_run-3_eeg.set,sub-021,,17,7,14,True,True,True,True,True,True,True,False,1.0,K G J Z H D P V G,9,255,correct,211784,224460,211783.8238985,224459.8677068,True,False
sub-021_ses-01_task-WorkingMemory_run-3_eeg.set,sub-021,,18,7,14,True,True,True,True,True,True,True,False,1.0,P Y R T B G V M P,9,255,correct,224464,243105,224464.11879465,243104.7889549,True,False
sub-021_ses-01_task-WorkingMemory_run-3_eeg.set,sub-021,,19,5,14,True,True,True,True,True,True,False,True,1.0,J S Y T P F M K V,9,255,correct,243113,253258,243113.4911818,253258.03717805,True,False
sub-021_ses-01_task-WorkingMemory_run-3_eeg.set,sub-021,,20,3,14,True,True,True,True,True,True,True,False,1.0,K H L V R C J Y R,9,1,correct,253259,272391,253259.3375108,272391.08333765005,True,False
sub-021_ses-01_task-WorkingMemory_run-3_eeg.set,sub-021,,21,5,14,True,True,True,True,True,True,False,True,1.0,C P X Z T Y J B H,9,255,correct,272392,285749,272392.28364485,285748.5515229,True,False
sub-021_ses-01_task-WorkingMemory_run-3_eeg.set,sub-021,,22,3,14,True,True,True,True,True,True,True,False,1.0,D C R G Z X L K K,9,255,correct,285756,296377,285756.15346825,296376.57124045,True,False
sub-021_ses-01_task-WorkingMemory_run-3_eeg.set,sub-021,,23,7,14,True,True,True,True,True,True,False,True,1.0,J T L X S G Q R Y,9,255,correct,296386,308152,296385.52353135,308152.0846024,True,False
sub-021_ses-01_task-WorkingMemory_run-3_eeg.set,sub-021,,24,3,14,True,True,True,True,True,True,False,True,1.0,D V G H P J M Z Y,9,255,correct,308157,318437,308157.0858822,318437.4666387,True,False
sub-021_ses-01_task-WorkingMemory_run-3_eeg.set,sub-021,,25,7,14,True,True,True,True,True,True,True,False,1.0,Y S N M F Q H W N,9,255,correct,318445,330292,318444.66848165,330292.05023475003,True,False
sub-022_ses-01_task-WorkingMemory_run-1_eeg.set,sub-022,,1,7,14,True,True,True,True,True,True,True,False,1.0,W T M P G H Z N M,9,1,correct,6265,19016,6265.000000010064,19015.634559000668,True,False
sub-022_ses-01_task-WorkingMemory_run-1_eeg.set,sub-022,,2,5,14,True,True,True,True,True,True,False,True,1.0,K W Z Q D C M P J,9,255,correct,19025,30249,19024.83689342909,30248.93420313805,True,False
sub-022_ses-01_task-WorkingMemory_run-1_eeg.set,sub-022,,3,3,14,True,True,True,True,True,True,True,False,1.0,D M B Y H Q C G C,9,1,correct,30258,42353,30257.986499511386,42352.60464136125,True,False
sub-022_ses-01_task-WorkingMemory_run-1_eeg.set,sub-022,,4,5,14,True,True,True,True,True,True,False,True,1.0,Z T M S Y V N H Q,9,1,correct,42362,56289,42361.70695045294,56289.340088450444,True,False
sub-022_ses-01_task-WorkingMemory_run-1_eeg.set,sub-022,,5,3,14,True,True,True,True,True,True,False,True,1.0,F B C R M J H T S,9,255,correct,56299,68723,56298.69246093394,68723.09426175599,True,False
sub-022_ses-01_task-WorkingMemory_run-1_eeg.set,sub-022,,6,5,14,True,True,True,True,True,True,False,True,1.0,M G L Z B Y R C T,9,255,correct,68732,81249,68732.44663423949,81249.42191899769,True,False
sub-022_ses-01_task-WorkingMemory_run-1_eeg.set,sub-022,,7,5,14,True,True,True,True,True,True,True,False,1.0,D C L S J K H V L,9,1,correct,81259,92563,81258.72427881284,92562.84188789933,True,False
sub-022_ses-01_task-WorkingMemory_run-1_eeg.set,sub-022,,8,7,14,True,True,True,True,True,True,False,True,1.0,J C F M L K Q W B,9,1,correct,92572,105063,92572.39431110624,105063.16294779332,True,False
sub-022_ses-01_task-WorkingMemory_run-1_eeg.set,sub-022,,9,3,14,True,True,True,True,True,True,True,False,1.0,J Q D H X G C W D,9,1,correct,105073,121230,105072.6653583319,121229.51399988258,True,False
sub-022_ses-01_task-WorkingMemory_run-1_eeg.set,sub-022,,10,5,14,True,True,True,True,True,True,True,False,1.0,L G Q F Z T R M L,9,1,correct,121239,133506,121238.86637236609,133506.02828486127,True,False
sub-022_ses-01_task-WorkingMemory_run-1_eeg.set,sub-022,,11,3,14,True,True,True,True,True,True,True,False,1.0,P T Z Q V B X G V,9,1,correct,133515,146811,133515.13059395296,146811.20351883824,True,False
sub-022_ses-01_task-WorkingMemory_run-1_eeg.set,sub-022,,12,3,14,True,True,True,True,True,True,True,False,1.0,D Y T J M K B F B,9,1,correct,146821,160710,146820.50587860338,160710.12937439652,True,False
sub-022_ses-01_task-WorkingMemory_run-1_eeg.set,sub-022,,13,3,14,True,True,True,True,True,True,True,False,1.0,J C L S G V R T V,9,1,correct,160719,174966,160719.3817214933,174965.3956257767,True,False
sub-022_ses-01_task-WorkingMemory_run-1_eeg.set,sub-022,,14,5,14,True,True,True,True,True,True,True,False,1.0,S C G P F M J L G,9,1,correct,174975,186702,174974.84802364692,186702.0229531988,True,False
sub-022_ses-01_task-WorkingMemory_run-1_eeg.set,sub-022,,15,5,14,True,True,True,True,True,True,True,False,1.0,K Z J V R H M S R,9,1,correct,186711,198360,186711.0752495721,198359.830285684,True,False
sub-022_ses-01_task-WorkingMemory_run-1_eeg.set,sub-022,,16,3,14,True,True,True,True,True,True,False,True,1.0,S Z F D G W V Q L,9,255,correct,198369,210650,198369.28268355425,210650.34812305376,True,False
sub-022_ses-01_task-WorkingMemory_run-1_eeg.set,sub-022,,17,7,14,True,True,True,True,True,True,False,True,1.0,W Z V D F X M Y G,9,255,correct,210660,222638,210659.55045748217,222637.58902568265,True,False
sub-022_ses-01_task-WorkingMemory_run-1_eeg.set,sub-022,,18,7,14,True,True,True,True,True,True,True,False,0.0,W K M C Q G B T B,9,255,wrong,222647,234559,222646.79136011103,234559.06324471688,True,False
sub-022_ses-01_task-WorkingMemory_run-1_eeg.set,sub-022,,19,5,14,True,True,True,True,True,True,True,False,0.0,K C J Y L D M S J,9,1,wrong,234569,245412,234568.5156425871,245412.31647932928,True,False
sub-022_ses-01_task-WorkingMemory_run-1_eeg.set,sub-022,,20,7,14,True,True,True,True,True,True,False,True,1.0,X J N R S V Y H C,9,1,correct,245422,257902,245421.7188644812,257901.3346719237,True,False
sub-022_ses-01_task-WorkingMemory_run-1_eeg.set,sub-022,,21,7,14,True,True,True,True,True,True,False,True,1.0,X C J H N D P S L,9,1,correct,257911,275204,257910.38696829704,275204.1240137291,True,False
sub-022_ses-01_task-WorkingMemory_run-1_eeg.set,sub-022,,22,7,13,True,True,True,True,False,False,False,False,0.0,C Z L K R G B T Z,9,1,correct,275214,285612,275213.77646232274,285611.81421866367,False,True
sub-022_ses-01_task-WorkingMemory_run-2_eeg.set,sub-022,,1,5,14,True,True,True,True,True,True,False,True,1.0,F C J Q T S M N Z,9,1,correct,2720,18539,2720.0000000149457,18538.499932592335,True,False
sub-022_ses-01_task-WorkingMemory_run-2_eeg.set,sub-022,,2,7,14,True,True,True,True,True,True,False,True,1.0,P W F S Z T K Q L,9,1,correct,18548,33730,18547.701415870884,33729.84876881199,True,False
sub-022_ses-01_task-WorkingMemory_run-2_eeg.set,sub-022,,3,7,14,True,True,True,True,True,True,False,True,1.0,P Q S W D F C H X,9,1,correct,33739,47062,33739.35030044745,47061.84787893407,True,False
sub-022_ses-01_task-WorkingMemory_run-2_eeg.set,sub-022,,4,5,14,True,True,True,True,True,True,True,False,1.0,Q M C X S W R H Q,9,1,correct,47071,65853,47070.9993541448,65853.02700559507,True,False
sub-022_ses-01_task-WorkingMemory_run-2_eeg.set,sub-022,,5,7,14,True,True,True,True,True,True,True,False,1.0,Y D Q V G L F S G,9,1,correct,65862,80134,65862.1784808058,80134.27913479177,True,False
sub-022_ses-01_task-WorkingMemory_run-2_eeg.set,sub-022,,6,5,14,True,True,True,True,True,True,True,False,1.0,M F G K Z Q Y N K,9,1,correct,80143,91699,80143.33059386685,91698.9433516017,True,False
sub-022_ses-01_task-WorkingMemory_run-2_eeg.set,sub-022,,7,5,14,True,True,True,True,True,True,False,True,1.0,K S P F D L T Z Q,9,1,correct,91709,106903,91708.44488328716,106903.09425153282,True,False
sub-022_ses-01_task-WorkingMemory_run-2_eeg.set,sub-022,,8,3,14,True,True,True,True,True,True,False,True,1.0,P R K W C Z Y X B,9,1,correct,106913,121145,106912.59578316828,121144.53996389624,True,False
sub-022_ses-01_task-WorkingMemory_run-2_eeg.set,sub-022,,9,3,14,True,True,True,True,True,True,True,False,1.0,D B G J W L K C L,9,1,correct,121154,138169,121153.74144717478,138168.43420531292,True,False
sub-022_ses-01_task-WorkingMemory_run-2_eeg.set,sub-022,,10,3,14,True,True,True,True,True,True,False,True,1.0,P X B Z H V R F Q,9,1,correct,138178,151052,138177.93573694836,151051.76098977032,True,False
sub-022_ses-01_task-WorkingMemory_run-2_eeg.set,sub-022,,11,3,14,True,True,True,True,True,True,True,False,1.0,S N R X M T B G R,9,1,correct,151061,162973,151061.06248918452,162972.48260284567,True,False
sub-022_ses-01_task-WorkingMemory_run-2_eeg.set,sub-022,,12,7,14,True,True,True,True,True,True,True,False,1.0,B N R G Y Z M X Z,9,1,correct,162982,175131,162981.68408612424,175130.7925150252,True,False
sub-022_ses-01_task-WorkingMemory_run-2_eeg.set,sub-022,,13,5,14,True,True,True,True,True,True,True,False,1.0,R C X H N P M L P,9,1,correct,175140,188173,175139.8439741503,188172.64485371625,True,False
sub-022_ses-01_task-WorkingMemory_run-2_eeg.set,sub-022,,14,3,13,True,True,True,True,False,False,False,False,0.0,P K B Y D M C F P,9,1,correct,188182,199305,188181.9463531304,199304.98938088803,False,True
sub-022_ses-01_task-WorkingMemory_run-3_eeg.set,sub-022,,1,7,14,True,True,True,True,True,True,True,False,1.0,Z X S Y C V T W V,9,1,correct,5323,16656,5322.999999986181,16656.102529839245,True,False
sub-022_ses-01_task-WorkingMemory_run-3_eeg.set,sub-022,,2,7,14,True,True,True,True,True,True,True,False,1.0,Y W S J P C D K C,9,1,correct,16665,34142,16665.204057739284,34141.8879333351,True,False
sub-022_ses-01_task-WorkingMemory_run-3_eeg.set,sub-022,,3,5,14,True,True,True,True,True,True,False,True,1.0,J S Y T P F M K V,9,1,correct,34151,46036,34150.989461235135,46036.33469808687,True,False
sub-022_ses-01_task-WorkingMemory_run-3_eeg.set,sub-022,,4,7,14,True,True,True,True,True,True,True,False,0.0,W D R Z M T H L W,9,1,wrong,46046,66713,46045.736276394055,66713.00576735637,True,False
sub-022_ses-01_task-WorkingMemory_run-3_eeg.set,sub-022,,5,7,14,True,True,True,True,True,True,False,True,1.0,F M B N L X J Y P,9,1,correct,66723,80005,66722.55737081711,80005.08715823523,True,False
sub-022_ses-01_task-WorkingMemory_run-3_eeg.set,sub-022,,6,5,14,True,True,True,True,True,True,True,False,1.0,Z W T R H L D J H,9,255,correct,80014,96620,80014.28870292098,96620.126386349,True,False
sub-022_ses-01_task-WorkingMemory_run-3_eeg.set,sub-022,,7,3,14,True,True,True,True,True,True,False,True,1.0,G L X P H M N R Z,9,1,correct,96630,112576,96629.57797302402,112575.80492511364,True,False
sub-022_ses-01_task-WorkingMemory_run-3_eeg.set,sub-022,,8,7,14,True,True,True,True,True,True,True,False,1.0,Y S N M F Q H W N,9,1,correct,112585,124140,112585.35652857438,124140.3463074605,True,False
sub-022_ses-01_task-WorkingMemory_run-3_eeg.set,sub-022,,9,7,14,True,True,True,True,True,True,True,False,1.0,J T V D X G N R R,9,1,correct,124150,140122,124149.54785214624,140122.32926206812,True,False
sub-022_ses-01_task-WorkingMemory_run-3_eeg.set,sub-022,,10,3,14,True,True,True,True,True,True,True,False,1.0,B F H R Z G M V B,9,1,correct,140132,154113,140131.83085716105,154113.12794919978,True,False
sub-022_ses-01_task-WorkingMemory_run-3_eeg.set,sub-022,,11,5,14,True,True,True,True,True,True,False,True,1.0,D Q G M P V F T B,9,1,correct,154123,171981,154122.57953587483,171980.9774912258,True,False
sub-022_ses-01_task-WorkingMemory_run-3_eeg.set,sub-022,,12,3,14,True,True,True,True,True,True,False,True,1.0,D V G H P J M Z Y,9,1,correct,171990,184021,171990.3290611151,184020.6486353353,True,False
sub-022_ses-01_task-WorkingMemory_run-3_eeg.set,sub-022,,13,5,14,True,True,True,True,True,True,True,False,1.0,H B Q K S R T J Q,9,1,correct,184030,200953,184030.05021364245,200952.94112193605,True,False
sub-022_ses-01_task-WorkingMemory_run-3_eeg.set,sub-022,,14,3,14,True,True,True,True,True,True,True,False,1.0,D C R G Z X L K K,9,1,correct,200962,215393,200962.3427001932,215393.01523059813,True,False
sub-022_ses-01_task-WorkingMemory_run-3_eeg.set,sub-022,,15,7,14,True,True,True,True,True,True,True,False,1.0,P Y R T B G V M P,9,1,correct,215402,227328,215402.11675849816,227327.61873663933,True,False
sub-022_ses-01_task-WorkingMemory_run-3_eeg.set,sub-022,,16,3,14,True,True,True,True,True,True,True,False,1.0,K H L V R C J Y R,9,1,correct,227337,240054,227336.9202981108,240053.5550866552,True,False
sub-022_ses-01_task-WorkingMemory_run-3_eeg.set,sub-022,,17,5,14,True,True,True,True,True,True,False,True,1.0,C P X Z T Y J B H,9,1,correct,240063,259215,240063.0066733302,259215.12180975065,True,False
sub-022_ses-01_task-WorkingMemory_run-3_eeg.set,sub-022,,18,7,14,True,True,True,True,True,True,True,False,0.0,K G J Z H D P V G,9,1,wrong,259224,272614,259224.3233544365,272613.7710905335,True,False
sub-022_ses-01_task-WorkingMemory_run-3_eeg.set,sub-022,,19,5,14,True,True,True,True,True,True,True,False,1.0,V W Q S T Z K X W,9,1,correct,272623,284232,272623.072652055,284232.07149762707,True,False
sub-022_ses-01_task-WorkingMemory_run-3_eeg.set,sub-022,,20,3,14,True,True,True,True,True,True,False,True,1.0,R X S P N D G J M,9,1,correct,284241,296945,284241.2730423128,296944.75562291074,True,False
sub-022_ses-01_task-WorkingMemory_run-3_eeg.set,sub-022,,21,5,14,True,True,True,True,True,True,False,True,1.0,L F M J K N R H G,9,1,correct,296954,313455,296954.0071760143,313454.97725489544,True,False
sub-022_ses-01_task-WorkingMemory_run-3_eeg.set,sub-022,,22,3,14,True,True,True,True,True,True,True,False,1.0,H M W N G B T L T,9,1,correct,313464,336770,313464.2788164169,336769.39113181847,True,False
sub-022_ses-01_task-WorkingMemory_run-3_eeg.set,sub-022,,23,7,14,True,True,True,True,True,True,False,True,1.0,J T L X S G Q R Y,9,1,correct,336779,350959,336778.64268492215,350958.323080301,True,False
sub-022_ses-01_task-WorkingMemory_run-3_eeg.set,sub-022,,24,3,14,True,True,True,True,True,True,False,True,1.0,P M D Z B R N G F,9,1,correct,350968,368405,350967.9246921796,368404.5518432717,True,False
sub-022_ses-01_task-WorkingMemory_run-3_eeg.set,sub-022,,25,5,14,True,True,True,True,True,True,True,False,1.0,Z C R F Q V P N F,9,1,correct,368414,385086,368413.7033795896,385085.80218647857,True,False
sub-022_ses-01_task-WorkingMemory_run-4_eeg.set,sub-022,,1,7,14,True,True,True,True,True,True,False,True,1.0,Z P W Q B G J M V,9,1,correct,11149,26494,11148.999999995014,26494.345908687807,True,False
sub-022_ses-01_task-WorkingMemory_run-4_eeg.set,sub-022,,2,7,14,True,True,True,True,True,True,False,True,1.0,L C Z M T B G K D,9,255,correct,26504,40762,26503.797230381755,40762.0411176501,True,False
sub-022_ses-01_task-WorkingMemory_run-4_eeg.set,sub-022,,3,3,14,True,True,True,True,True,True,True,False,1.0,Z K H P C S V X C,9,1,correct,40772,53474,40771.64246029712,53473.71873153227,True,False
sub-022_ses-01_task-WorkingMemory_run-4_eeg.set,sub-022,,4,7,14,True,True,True,True,True,True,True,False,1.0,P L H K B Q T J H,9,1,correct,53483,66765,53483.02003222314,66765.27743653051,True,False
sub-022_ses-01_task-WorkingMemory_run-4_eeg.set,sub-022,,5,3,14,True,True,True,True,True,True,True,False,1.0,S T G N W J F H N,9,1,correct,66774,78356,66774.3787092506,78356.24832964866,True,False
sub-022_ses-01_task-WorkingMemory_run-4_eeg.set,sub-022,,6,3,14,True,True,True,True,True,True,True,False,1.0,D H G C S N M F S,9,1,correct,78366,89776,78365.74965831029,89775.54521567731,True,False
sub-022_ses-01_task-WorkingMemory_run-4_eeg.set,sub-022,,7,5,14,True,True,True,True,True,True,False,True,1.0,V L S M R D N Q K,9,1,correct,89785,100707,89784.59648142972,100707.0238847124,True,False
sub-022_ses-01_task-WorkingMemory_run-4_eeg.set,sub-022,,8,5,14,True,True,True,True,True,True,True,False,1.0,M R L X G W F D F,9,1,correct,100717,112654,100716.47520640637,112653.64451221196,True,False
sub-022_ses-01_task-WorkingMemory_run-4_eeg.set,sub-022,,9,5,14,True,True,True,True,True,True,False,True,1.0,R B Y C Q F N L Z,9,255,correct,112663,123770,112662.84579896744,123769.79900653668,True,False
sub-022_ses-01_task-WorkingMemory_run-4_eeg.set,sub-022,,10,7,14,True,True,True,True,True,True,False,True,1.0,Y V F R C Z Q D K,9,1,correct,123779,139158,123779.25032823064,139158.35095721608,True,False
sub-022_ses-01_task-WorkingMemory_run-4_eeg.set,sub-022,,11,5,14,True,True,True,True,True,True,True,False,1.0,G K M D R C B Y Y,9,1,correct,139168,152859,139167.55224392156,152859.06687917706,True,False
sub-022_ses-01_task-WorkingMemory_run-4_eeg.set,sub-022,,12,5,14,True,True,True,True,True,True,False,True,1.0,M V G F R X W Y J,9,1,correct,152869,164740,152868.41818688562,164740.02832489592,True,False
sub-022_ses-01_task-WorkingMemory_run-4_eeg.set,sub-022,,13,5,14,True,True,True,True,True,True,True,False,1.0,K C Z M L F G Y L,9,1,correct,164749,180234,164749.2796185691,180234.1450378249,True,False
sub-022_ses-01_task-WorkingMemory_run-4_eeg.set,sub-022,,14,5,14,True,True,True,True,True,True,False,True,1.0,H W Z Q F T S M B,9,255,correct,180244,192643,180243.5963595188,192642.58024596772,True,False
sub-022_ses-01_task-WorkingMemory_run-4_eeg.set,sub-022,,15,5,14,True,True,True,True,True,True,True,False,1.0,Q W C K J P V M M,9,1,correct,192652,204563,192651.981560644,204563.04721616395,True,False
sub-022_ses-01_task-WorkingMemory_run-4_eeg.set,sub-022,,16,3,14,True,True,True,True,True,True,False,True,1.0,Y T W N J V Z C B,9,1,correct,204572,216457,204572.3485168548,216457.16050098604,True,False
sub-022_ses-01_task-WorkingMemory_run-4_eeg.set,sub-022,,17,3,14,True,True,True,True,True,True,False,True,1.0,F S M D Y N Q K R,9,255,correct,216466,230896,216466.21176673844,230896.179668064,True,False
sub-022_ses-01_task-WorkingMemory_run-4_eeg.set,sub-022,,18,7,14,True,True,True,True,True,True,False,True,1.0,L K G Z H W M D Q,9,255,correct,230906,243041,230905.53097572253,243040.82798797716,True,False
sub-022_ses-01_task-WorkingMemory_run-4_eeg.set,sub-022,,19,7,14,True,True,True,True,True,True,False,True,1.0,F W C R N Q H S J,9,255,correct,243050,255753,243049.9292606972,255752.50560180927,True,False
sub-022_ses-01_task-WorkingMemory_run-4_eeg.set,sub-022,,20,7,14,True,True,True,True,True,True,True,False,0.0,Z N K G B M Y R K,9,1,wrong,255762,269928,255761.80690250016,269927.8879016106,True,False
sub-022_ses-01_task-WorkingMemory_run-4_eeg.set,sub-022,,21,7,14,True,True,True,True,True,True,True,False,1.0,K G D H R T V N D,9,1,correct,269937,281598,269937.13919533376,281597.86984373344,True,False
sub-022_ses-01_task-WorkingMemory_run-4_eeg.set,sub-022,,22,5,14,True,True,True,True,True,True,False,True,1.0,J Q K F Z W M H B,9,1,correct,281607,308379,281606.9711164535,308379.21497411426,True,False
sub-022_ses-01_task-WorkingMemory_run-4_eeg.set,sub-022,,23,3,14,True,True,True,True,True,True,False,True,1.0,Z M P N F L D H J,9,1,correct,308389,321131,308388.7163028259,321130.3481055061,True,False
sub-022_ses-01_task-WorkingMemory_run-4_eeg.set,sub-022,,24,3,14,True,True,True,True,True,True,False,True,1.0,S G N B L Q Z P X,9,1,correct,321140,332708,321139.5493922116,332707.9671314503,True,False
sub-022_ses-01_task-WorkingMemory_run-4_eeg.set,sub-022,,25,3,14,True,True,True,True,True,True,False,True,1.0,D N K H J C B M S,9,255,correct,332718,344193,332717.41845314426,344193.2232413158,True,False
sub-022_ses-01_task-WorkingMemory_run-5_eeg.set,sub-022,,1,5,14,True,True,True,True,True,True,False,True,1.0,J S Y T P F M K V,9,255,correct,2835,23355,2835.000000021206,23355.208060120854,True,False
sub-022_ses-01_task-WorkingMemory_run-5_eeg.set,sub-022,,2,3,14,True,True,True,True,True,True,False,True,1.0,F B C R M J H T S,9,1,correct,23365,37742,23364.609529915306,37741.607181247,True,False
sub-022_ses-01_task-WorkingMemory_run-5_eeg.set,sub-022,,3,5,14,True,True,True,True,True,True,False,True,1.0,K S P F D L T Z Q,9,255,correct,37751,51258,37750.65859631693,51257.57022132673,True,False
sub-022_ses-01_task-WorkingMemory_run-5_eeg.set,sub-022,,4,5,14,True,True,True,True,True,True,True,False,1.0,R C X H N P M L P,9,255,correct,51267,68492,51266.72165203223,68492.11461184385,True,False
sub-022_ses-01_task-WorkingMemory_run-5_eeg.set,sub-022,,5,7,14,True,True,True,True,True,True,False,True,1.0,F W C R N Q H S J,9,1,correct,68501,87362,68501.31605036714,87362.01466836769,True,False
sub-022_ses-01_task-WorkingMemory_run-5_eeg.set,sub-022,,6,3,14,True,True,True,True,True,True,True,False,1.0,D M B Y H Q C G C,9,1,correct,87371,101050,87371.41613816214,101049.9045869582,True,False
sub-022_ses-01_task-WorkingMemory_run-5_eeg.set,sub-022,,7,3,14,True,True,True,True,True,True,True,False,1.0,J C L S G V R T V,9,1,correct,101059,112364,101059.00600984592,112364.17342156357,True,False
sub-022_ses-01_task-WorkingMemory_run-5_eeg.set,sub-022,,8,5,14,True,True,True,True,True,True,True,False,1.0,Z C R F Q V P N F,9,1,correct,112374,123956,112373.57489135802,123955.43556040572,True,False
sub-022_ses-01_task-WorkingMemory_run-5_eeg.set,sub-022,,9,7,14,True,True,True,True,True,True,True,False,1.0,Z X S Y C V T W V,9,1,correct,123965,135915,123964.63699892904,135915.4053417109,True,False
sub-022_ses-01_task-WorkingMemory_run-5_eeg.set,sub-022,,10,7,14,True,True,True,True,True,True,False,True,1.0,Y V F R C Z Q D K,9,255,correct,135925,149128,135924.70679586977,149128.12097311427,True,False
sub-022_ses-01_task-WorkingMemory_run-5_eeg.set,sub-022,,11,3,14,True,True,True,True,True,True,True,False,1.0,Q P J T Z K D C J,9,1,correct,149137,160205,149137.27240381978,160204.8026642011,True,False
sub-022_ses-01_task-WorkingMemory_run-5_eeg.set,sub-022,,12,3,14,True,True,True,True,True,True,True,False,1.0,J Q D H X G C W D,9,1,correct,160214,171387,160213.85407927103,171386.70080441728,True,False
sub-022_ses-01_task-WorkingMemory_run-5_eeg.set,sub-022,,13,7,14,True,True,True,True,True,True,False,True,1.0,X C J H N D P S L,9,255,correct,171396,182912,171395.9022429406,182911.45254524925,True,False
sub-022_ses-01_task-WorkingMemory_run-5_eeg.set,sub-022,,14,7,14,True,True,True,True,True,True,True,False,1.0,W D R Z M T H L W,9,1,correct,182921,195636,182920.95403067928,195636.041864608,True,False
sub-022_ses-01_task-WorkingMemory_run-5_eeg.set,sub-022,,15,5,14,True,True,True,True,True,True,True,False,1.0,Z W T R H L D J H,9,1,correct,195645,206541,195645.0432718601,206540.94670068735,True,False
sub-022_ses-01_task-WorkingMemory_run-5_eeg.set,sub-022,,16,3,14,True,True,True,True,True,True,True,False,1.0,Y C P K R W H L K,9,1,correct,206550,217907,206550.09813139288,217907.32368172955,True,False
sub-022_ses-01_task-WorkingMemory_run-5_eeg.set,sub-022,,17,7,14,True,True,True,True,True,True,False,True,1.0,L K G Z H W M D Q,9,255,correct,217917,230329,217916.67514370623,230328.6655924119,True,False
sub-022_ses-01_task-WorkingMemory_run-5_eeg.set,sub-022,,18,7,14,True,True,True,True,True,True,False,True,0.0,Z P W Q B G J M V,9,1,wrong,230338,247814,230338.2170856597,247813.64913576955,True,False
sub-022_ses-01_task-WorkingMemory_run-5_eeg.set,sub-022,,19,7,14,True,True,True,True,True,True,True,False,1.0,Z N K G B M Y R K,9,1,correct,247823,259484,247822.80056647505,259483.7235958482,True,False
sub-022_ses-01_task-WorkingMemory_run-5_eeg.set,sub-022,,20,5,14,True,True,True,True,True,True,False,True,1.0,T Y K Z F Q G W L,9,1,correct,259493,272789,259492.82501873592,272788.8536750268,True,False
sub-022_ses-01_task-WorkingMemory_run-5_eeg.set,sub-022,,21,5,14,True,True,True,True,True,True,True,False,1.0,V W Q S T Z K X W,9,1,correct,272798,285184,272797.95509791456,285184.0414968552,True,False
sub-022_ses-01_task-WorkingMemory_run-5_eeg.set,sub-022,,22,3,14,True,True,True,True,True,True,False,True,1.0,P X B Z H V R F Q,9,1,correct,285194,307047,285193.5429822852,307047.0094795744,True,False
sub-022_ses-01_task-WorkingMemory_run-5_eeg.set,sub-022,,23,7,14,True,True,True,True,True,True,True,False,1.0,K G D H R T V N D,9,1,correct,307057,319350,307056.6609884578,319349.8328614453,True,False
sub-022_ses-01_task-WorkingMemory_run-5_eeg.set,sub-022,,24,3,14,True,True,True,True,True,True,True,False,1.0,S N R X M T B G R,9,1,correct,319359,330479,319359.184323422,330479.2728005502,True,False
sub-022_ses-01_task-WorkingMemory_run-5_eeg.set,sub-022,,25,3,14,True,True,True,True,True,True,True,False,1.0,D Y T J M K B F B,9,1,correct,330489,346276,330488.7742859802,346276.2424455186,True,False
sub-022_ses-01_task-WorkingMemory_run-6_eeg.set,sub-022,,1,3,14,True,True,True,True,True,True,False,True,1.0,F B C R M J H T S,9,255,correct,36941,47961,36940.99999999532,47960.65324596005,True,False
sub-022_ses-01_task-WorkingMemory_run-6_eeg.set,sub-022,,2,7,14,True,True,True,True,True,True,False,True,1.0,X C J H N D P S L,9,255,correct,47970,60607,47970.05474175755,60606.56523247149,True,False
sub-022_ses-01_task-WorkingMemory_run-6_eeg.set,sub-022,,3,5,14,True,True,True,True,True,True,False,True,1.0,Z T M S Y V N H Q,9,255,correct,60616,71960,60615.66668056216,71960.2716268794,True,False
sub-022_ses-01_task-WorkingMemory_run-6_eeg.set,sub-022,,4,5,14,True,True,True,True,True,True,False,True,1.0,M G L Z B Y R C T,9,255,correct,71970,90303,71969.77313856251,90302.88996926372,True,False
sub-022_ses-01_task-WorkingMemory_run-6_eeg.set,sub-022,,5,5,14,True,True,True,True,True,True,True,False,0.0,S C G P F M J L G,9,1,wrong,90312,101393,90311.89140141878,101392.9044098313,True,False
sub-022_ses-01_task-WorkingMemory_run-6_eeg.set,sub-022,,6,0,4,True,False,True,True,False,False,False,False,0.0,,0,255,wrong,101402,105520,101402.00585787196,105520.26107942054,False,True
sub-022_ses-01_task-WorkingMemory_run-6_eeg.set,sub-022,,7,3,14,True,True,True,True,True,True,False,True,1.0,S Z F D G W V Q L,9,255,correct,105529,119063,105528.5123922085,119063.01575516236,True,False
sub-022_ses-01_task-WorkingMemory_run-6_eeg.set,sub-022,,8,7,14,True,True,True,True,True,True,True,False,1.0,W K M C Q G B T B,9,1,correct,119072,130219,119072.16721122085,130218.84066626243,True,False
sub-022_ses-01_task-WorkingMemory_run-6_eeg.set,sub-022,,9,3,14,True,True,True,True,True,True,True,False,1.0,D Y T J M K B F B,9,1,correct,130228,141968,130228.24216205996,141968.00997952913,True,False
sub-022_ses-01_task-WorkingMemory_run-6_eeg.set,sub-022,,10,3,14,True,True,True,True,True,True,True,False,1.0,P T Z Q V B X G V,9,1,correct,141977,154640,141977.31145939103,154640.22615110647,True,False
sub-022_ses-01_task-WorkingMemory_run-6_eeg.set,sub-022,,11,7,14,True,True,True,True,True,True,False,True,1.0,W Z V D F X M Y G,9,255,correct,154650,165519,154649.42761503274,165519.05699192986,True,False
sub-022_ses-01_task-WorkingMemory_run-6_eeg.set,sub-022,,12,3,14,True,True,True,True,True,True,True,False,1.0,D M B Y H Q C G C,9,1,correct,165529,176754,165528.50849569516,176753.7444502098,True,False
sub-022_ses-01_task-WorkingMemory_run-6_eeg.set,sub-022,,13,3,14,True,True,True,True,True,True,True,False,1.0,Q P J T Z K D C J,9,1,correct,176763,187632,176763.1459460073,187632.375259262,True,False
sub-022_ses-01_task-WorkingMemory_run-6_eeg.set,sub-022,,14,3,14,True,True,True,True,True,True,True,False,1.0,J C L S G V R T V,9,1,correct,187642,198261,187641.7267470917,198260.56622289243,True,False
sub-022_ses-01_task-WorkingMemory_run-6_eeg.set,sub-022,,15,3,14,True,True,True,True,True,True,True,False,1.0,J Q D H X G C W D,9,1,correct,198270,210010,198269.8176947865,210009.5855122057,True,False
sub-022_ses-01_task-WorkingMemory_run-6_eeg.set,sub-022,,16,7,14,True,True,True,True,True,True,True,False,1.0,W T M P G H Z N M,9,1,correct,210019,221337,210018.8869921176,221336.48764201964,True,False
sub-022_ses-01_task-WorkingMemory_run-6_eeg.set,sub-022,,17,7,14,True,True,True,True,True,True,False,True,1.0,J C F M L K Q W B,9,1,correct,221346,232585,221345.9891537028,232584.37720075037,True,False
sub-022_ses-01_task-WorkingMemory_run-6_eeg.set,sub-022,,18,5,14,True,True,True,True,True,True,True,False,1.0,K C J Y L D M S J,9,1,correct,232594,243081,232593.57866472664,243080.54715957327,True,False
sub-022_ses-01_task-WorkingMemory_run-6_eeg.set,sub-022,,19,7,14,True,True,True,True,True,True,False,True,1.0,T H X S W Q K D F,9,1,correct,243090,254421,243089.69861563176,254420.70139780577,True,False
sub-022_ses-01_task-WorkingMemory_run-6_eeg.set,sub-022,,20,7,14,True,True,True,True,True,True,False,True,1.0,X J N R S V Y H C,9,1,correct,254430,266948,254430.2529174567,266947.6944641249,True,False
sub-022_ses-01_task-WorkingMemory_run-6_eeg.set,sub-022,,21,5,14,True,True,True,True,True,True,False,True,1.0,K W Z Q D C M P J,9,255,correct,266957,278459,266956.84592013335,278459.1759608103,True,False
sub-022_ses-01_task-WorkingMemory_run-6_eeg.set,sub-022,,22,7,14,True,True,True,True,True,True,True,False,1.0,C Z L K R G B T Z,9,1,correct,278469,290459,278468.47744072217,290458.4850717419,True,False
sub-022_ses-01_task-WorkingMemory_run-6_eeg.set,sub-022,,23,5,14,True,True,True,True,True,True,True,False,1.0,K Z J V R H M S R,9,1,correct,290468,302774,290467.53651181475,302774.24453039904,True,False
sub-022_ses-01_task-WorkingMemory_run-6_eeg.set,sub-022,,24,5,14,True,True,True,True,True,True,True,False,1.0,B H D R N Z V L R,9,1,correct,302784,314444,302783.64602619654,314443.6511532654,True,False
sub-022_ses-01_task-WorkingMemory_run-6_eeg.set,sub-022,,25,5,14,True,True,True,True,True,True,True,False,1.0,D C L S J K H V L,9,1,correct,314453,326153,314452.75260130607,326152.5640615983,True,False
sub-023_ses-01_task-WorkingMemory_run-1_eeg.set,sub-023,,0,0,1,False,False,True,False,False,False,False,False,1.0,,0,1,,2712,2712,2712.00000001538,2712.00000001538,False,False
sub-023_ses-01_task-WorkingMemory_run-1_eeg.set,sub-023,,1,7,14,True,True,True,True,True,True,False,True,1.0,X J N R S V Y H C,9,1,correct,3220,17141,3220.4137543866927,17141.428493548177,True,False
sub-023_ses-01_task-WorkingMemory_run-1_eeg.set,sub-023,,2,5,14,True,True,True,True,True,True,False,True,0.0,M G L Z B Y R C T,9,1,wrong,17151,32199,17150.93061955337,32199.29759664689,True,False
sub-023_ses-01_task-WorkingMemory_run-1_eeg.set,sub-023,,3,5,14,True,True,True,True,True,True,True,False,1.0,B H D R N Z V L R,9,1,correct,32209,50382,32208.54966676117,50382.41595461045,True,False
sub-023_ses-01_task-WorkingMemory_run-1_eeg.set,sub-023,,4,3,14,True,True,True,True,True,True,True,False,1.0,D M B Y H Q C G C,9,1,correct,50392,64663,50391.86806944746,64662.961136405735,True,False
sub-023_ses-01_task-WorkingMemory_run-1_eeg.set,sub-023,,5,3,14,True,True,True,True,True,True,True,False,1.0,J Q D H X G C W D,9,1,correct,64672,80144,64672.41325129275,80143.72485957899,True,False
sub-023_ses-01_task-WorkingMemory_run-1_eeg.set,sub-023,,6,5,14,True,True,True,True,True,True,True,False,1.0,D C L S J K H V L,9,1,correct,80153,94992,80153.02694086144,94991.6969996042,True,False
sub-023_ses-01_task-WorkingMemory_run-1_eeg.set,sub-023,,7,3,14,True,True,True,True,True,True,True,False,1.0,D Y T J M K B F B,9,1,correct,95001,110486,95001.099103223,110485.96374393743,True,False
sub-023_ses-01_task-WorkingMemory_run-1_eeg.set,sub-023,,8,3,14,True,True,True,True,True,True,False,True,1.0,F B C R M J H T S,9,1,correct,110495,124675,110495.26582521992,124675.13848220828,True,False
sub-023_ses-01_task-WorkingMemory_run-1_eeg.set,sub-023,,9,7,14,True,True,True,True,True,True,True,False,1.0,W T M P G H Z N M,9,1,correct,124684,140025,124684.29052993616,140024.92289955434,True,False
sub-023_ses-01_task-WorkingMemory_run-1_eeg.set,sub-023,,10,5,14,True,True,True,True,True,True,False,True,1.0,K W Z Q D C M P J,9,1,correct,140034,153832,140034.37501439135,153831.7620926489,True,False
sub-023_ses-01_task-WorkingMemory_run-1_eeg.set,sub-023,,11,3,14,True,True,True,True,True,True,False,True,1.0,S Z F D G W V Q L,9,1,correct,153841,167784,153840.9141403768,167783.8337806034,True,False
sub-023_ses-01_task-WorkingMemory_run-1_eeg.set,sub-023,,12,3,14,True,True,True,True,True,True,True,False,1.0,P T Z Q V B X G V,9,1,correct,167793,181631,167792.93581711312,181630.8819702189,True,False
sub-023_ses-01_task-WorkingMemory_run-1_eeg.set,sub-023,,13,3,14,True,True,True,True,True,True,True,False,1.0,J C L S G V R T V,9,1,correct,181640,195174,181639.9339955604,195174.3122272317,True,False
sub-023_ses-01_task-WorkingMemory_run-1_eeg.set,sub-023,,14,5,14,True,True,True,True,True,True,True,False,1.0,L G Q F Z T R M L,9,1,correct,195184,211105,195183.4142637414,211104.52651208584,True,False
sub-023_ses-01_task-WorkingMemory_run-1_eeg.set,sub-023,,15,3,14,True,True,True,True,True,True,True,False,1.0,Q P J T Z K D C J,9,1,correct,211114,223211,211114.07864930923,223210.535155118,True,False
sub-023_ses-01_task-WorkingMemory_run-1_eeg.set,sub-023,,16,5,14,True,True,True,True,True,True,False,True,1.0,Z T M S Y V N H Q,9,1,correct,223220,242834,223219.98726995505,242833.62569773963,True,False
sub-023_ses-01_task-WorkingMemory_run-1_eeg.set,sub-023,,17,7,14,True,True,True,True,True,True,False,True,0.0,J C F M L K Q W B,9,1,wrong,242843,256272,242842.8777678039,256271.78240042247,True,False
sub-023_ses-01_task-WorkingMemory_run-1_eeg.set,sub-023,,18,7,14,True,True,True,True,True,True,True,False,1.0,C Z L K R G B T Z,9,1,correct,256281,268418,256280.8844369822,268417.4499168756,True,False
sub-023_ses-01_task-WorkingMemory_run-1_eeg.set,sub-023,,19,7,14,True,True,True,True,True,True,False,True,1.0,W Z V D F X M Y G,9,1,correct,268427,281236,268426.75199815806,281236.01799051126,True,False
sub-023_ses-01_task-WorkingMemory_run-1_eeg.set,sub-023,,20,5,14,True,True,True,True,True,True,True,False,1.0,S C G P F M J L G,9,1,correct,281245,293791,281245.1700382392,293790.92707217427,True,False
sub-023_ses-01_task-WorkingMemory_run-1_eeg.set,sub-023,,21,5,14,True,True,True,True,True,True,True,False,1.0,K Z J V R H M S R,9,1,correct,293800,306860,293800.1291310704,306860.1012173863,True,False
sub-023_ses-01_task-WorkingMemory_run-1_eeg.set,sub-023,,22,7,14,True,True,True,True,True,True,True,False,1.0,W K M C Q G B T B,9,1,correct,306870,320075,306869.5533322233,320074.3578238538,True,False
sub-023_ses-01_task-WorkingMemory_run-1_eeg.set,sub-023,,23,7,14,True,True,True,True,True,True,False,True,1.0,X C J H N D P S L,9,1,correct,320084,333210,320083.5098715817,333209.5467394704,True,False
sub-023_ses-01_task-WorkingMemory_run-1_eeg.set,sub-023,,24,7,14,True,True,True,True,True,True,False,True,1.0,T H X S W Q K D F,9,1,correct,333219,346292,333218.99885430734,346292.0238611196,True,False
sub-023_ses-01_task-WorkingMemory_run-1_eeg.set,sub-023,,25,5,14,True,True,True,True,True,True,True,False,1.0,K C J Y L D M S J,9,1,correct,346302,359388,346301.4259647884,359387.60391448345,True,False
sub-023_ses-01_task-WorkingMemory_run-2_eeg.set,sub-023,,1,3,14,True,True,True,True,True,True,True,False,1.0,C V W H N X R M R,9,1,correct,2875,18292,2875.0000000190344,18291.69345220034,True,False
sub-023_ses-01_task-WorkingMemory_run-2_eeg.set,sub-023,,2,3,14,True,True,True,True,True,True,False,True,1.0,P X B Z H V R F Q,9,1,correct,18301,30728,18301.245647730564,30727.70180840595,True,False
sub-023_ses-01_task-WorkingMemory_run-2_eeg.set,sub-023,,3,7,14,True,True,True,True,True,True,True,False,1.0,Y D Q V G L F S G,9,1,correct,30737,44351,30737.20399246796,44350.53295006575,True,False
sub-023_ses-01_task-WorkingMemory_run-2_eeg.set,sub-023,,4,5,14,True,True,True,True,True,True,False,True,1.0,K S P F D L T Z Q,9,1,correct,44360,55415,44359.78507663665,55414.926047190325,True,False
sub-023_ses-01_task-WorkingMemory_run-2_eeg.set,sub-023,,5,5,14,True,True,True,True,True,True,True,False,1.0,R C X H N P M L P,9,1,correct,55424,67442,55424.178173711225,67441.99040960227,True,False
sub-023_ses-01_task-WorkingMemory_run-2_eeg.set,sub-023,,6,3,14,True,True,True,True,True,True,True,False,1.0,Y C P K R W H L K,9,1,correct,67451,88133,67451.14251313671,88133.29620587324,True,False
sub-023_ses-01_task-WorkingMemory_run-2_eeg.set,sub-023,,7,5,14,True,True,True,True,True,True,True,False,1.0,H T X V F K C G X,9,1,correct,88143,101136,88142.74837841703,101136.23486823287,True,False
sub-023_ses-01_task-WorkingMemory_run-2_eeg.set,sub-023,,8,3,14,True,True,True,True,True,True,False,True,1.0,P R K W C Z Y X B,9,1,correct,101146,112530,101145.78706376311,112530.35375118896,True,False
sub-023_ses-01_task-WorkingMemory_run-2_eeg.set,sub-023,,9,5,14,True,True,True,True,True,True,True,False,1.0,M F G K Z Q Y N K,9,1,correct,112540,126087,112539.70590074632,126087.21973111518,True,False
sub-023_ses-01_task-WorkingMemory_run-2_eeg.set,sub-023,,10,5,14,True,True,True,True,True,True,False,True,1.0,T Y K Z F Q G W L,9,1,correct,126097,140686,126096.7719266454,140685.9251727227,True,False
sub-023_ses-01_task-WorkingMemory_run-2_eeg.set,sub-023,,11,7,14,True,True,True,True,True,True,False,True,1.0,Q P H R X C S V Z,9,1,correct,140696,155575,140695.4273567847,155574.79730779884,True,False
sub-023_ses-01_task-WorkingMemory_run-2_eeg.set,sub-023,,12,7,14,True,True,True,True,True,True,False,True,1.0,M Q W B Z D R L Y,9,1,correct,155584,172416,155584.09944583796,172415.51806575689,True,False
sub-023_ses-01_task-WorkingMemory_run-2_eeg.set,sub-023,,13,5,14,True,True,True,True,True,True,True,False,1.0,Q M C X S W R H Q,9,1,correct,172425,185340,172424.92022683244,185339.48857769545,True,False
sub-023_ses-01_task-WorkingMemory_run-2_eeg.set,sub-023,,14,3,14,True,True,True,True,True,True,True,False,1.0,N B T S X C Q R S,9,1,correct,185349,198105,185348.9407502392,198105.22271978256,True,False
sub-023_ses-01_task-WorkingMemory_run-2_eeg.set,sub-023,,15,3,14,True,True,True,True,True,True,True,False,1.0,D B G J W L K C L,9,1,correct,198115,209078,198114.42483483523,209077.3946202575,True,False
sub-023_ses-01_task-WorkingMemory_run-2_eeg.set,sub-023,,16,7,14,True,True,True,True,True,True,True,False,1.0,B N R G Y Z M X Z,9,1,correct,209087,220960,209086.79678133305,220959.42564747832,True,False
sub-023_ses-01_task-WorkingMemory_run-2_eeg.set,sub-023,,17,7,14,True,True,True,True,True,True,False,True,1.0,P Q S W D F C H X,9,1,correct,220969,238380,220968.72778551743,238380.32975776895,True,False
sub-023_ses-01_task-WorkingMemory_run-2_eeg.set,sub-023,,18,7,14,True,True,True,True,True,True,True,False,0.0,W L D J C F V S S,9,1,wrong,238390,255643,238389.6318958581,255642.94748673995,True,False
sub-023_ses-01_task-WorkingMemory_run-2_eeg.set,sub-023,,19,3,14,True,True,True,True,True,True,True,False,1.0,S N R X M T B G R,9,1,correct,255653,268541,255652.49968227017,268540.561940876,True,False
sub-023_ses-01_task-WorkingMemory_run-2_eeg.set,sub-023,,20,7,14,True,True,True,True,True,True,True,False,1.0,H D W Y K P X V X,9,1,correct,268550,282256,268550.01411341975,282255.8143251083,True,False
sub-023_ses-01_task-WorkingMemory_run-2_eeg.set,sub-023,,21,5,14,True,True,True,True,True,True,False,True,1.0,V C H M D Q Z Y J,9,1,correct,282265,295800,282265.1164631474,295799.6773163471,True,False
sub-023_ses-01_task-WorkingMemory_run-2_eeg.set,sub-023,,22,5,14,True,True,True,True,True,True,False,True,1.0,F C J Q T S M N Z,9,1,correct,295809,309344,295809.17950035905,309343.49029606755,True,False
sub-023_ses-01_task-WorkingMemory_run-2_eeg.set,sub-023,,23,3,14,True,True,True,True,True,True,True,False,1.0,P K B Y D M C F P,9,1,correct,309353,322756,309352.74242258846,322755.4229637391,True,False
sub-023_ses-01_task-WorkingMemory_run-2_eeg.set,sub-023,,24,7,14,True,True,True,True,True,True,False,True,1.0,P W F S Z T K Q L,9,1,correct,322765,335429,322764.7751132964,335428.8358862401,True,False
sub-023_ses-01_task-WorkingMemory_run-2_eeg.set,sub-023,,25,3,14,True,True,True,True,True,True,False,True,1.0,V W S R B N P Z X,9,1,correct,335439,351136,335438.2880587339,351135.7460433583,True,False
sub-023_ses-01_task-WorkingMemory_run-3_eeg.set,sub-023,,1,3,14,True,True,True,True,True,True,False,True,1.0,D V G H P J M Z Y,9,1,correct,2404,18968,2403.9999999820907,18968.16407093485,True,False
sub-023_ses-01_task-WorkingMemory_run-3_eeg.set,sub-023,,2,7,14,True,True,True,True,True,True,True,False,1.0,Z X S Y C V T W V,9,1,correct,18978,34674,18977.666459770888,34674.31244501735,True,False
sub-023_ses-01_task-WorkingMemory_run-3_eeg.set,sub-023,,3,5,14,True,True,True,True,True,True,False,True,1.0,L F M J K N R H G,9,1,correct,34684,50288,34683.76482128503,50288.1376099303,True,False
sub-023_ses-01_task-WorkingMemory_run-3_eeg.set,sub-023,,4,5,14,True,True,True,True,True,True,True,False,1.0,H B Q K S R T J Q,9,1,correct,50297,63396,50297.33992330624,63396.28287111352,True,False
sub-023_ses-01_task-WorkingMemory_run-3_eeg.set,sub-023,,5,3,14,True,True,True,True,True,True,True,False,1.0,D C R G Z X L K K,9,1,correct,63406,75937,63405.635222194505,75937.43559584077,True,False
sub-023_ses-01_task-WorkingMemory_run-3_eeg.set,sub-023,,6,7,14,True,True,True,True,True,True,True,False,1.0,Y W S J P C D K C,9,1,correct,75947,88360,75946.88797210845,88359.90848562933,True,False
sub-023_ses-01_task-WorkingMemory_run-3_eeg.set,sub-023,,7,3,14,True,True,True,True,True,True,False,True,1.0,R X S P N D G J M,9,1,correct,88369,101323,88369.16081157363,101323.0172860547,True,False
sub-023_ses-01_task-WorkingMemory_run-3_eeg.set,sub-023,,8,7,14,True,True,True,True,True,True,False,True,1.0,F M B N L X J Y P,9,1,correct,101333,114550,101332.4696622724,114549.94240731333,True,False
sub-023_ses-01_task-WorkingMemory_run-3_eeg.set,sub-023,,9,3,14,True,True,True,True,True,True,True,False,0.0,B F H R Z G M V B,9,1,wrong,114559,129135,114559.2947583943,129135.10897740422,True,False
sub-023_ses-01_task-WorkingMemory_run-3_eeg.set,sub-023,,10,7,14,True,True,True,True,True,True,True,False,1.0,P Y R T B G V M P,9,1,correct,129144,142718,129144.2612782118,142718.12361614726,True,False
sub-023_ses-01_task-WorkingMemory_run-3_eeg.set,sub-023,,11,5,14,True,True,True,True,True,True,False,True,1.0,J S Y T P F M K V,9,1,correct,142728,154692,142727.6260049833,154692.33381703688,True,False
sub-023_ses-01_task-WorkingMemory_run-3_eeg.set,sub-023,,12,7,14,True,True,True,True,True,True,False,True,1.0,J T L X S G Q R Y,9,1,correct,154702,178997,154701.8362058229,178996.84373620056,True,False
sub-023_ses-01_task-WorkingMemory_run-3_eeg.set,sub-023,,13,5,14,True,True,True,True,True,True,False,True,1.0,D Q G M P V F T B,9,1,correct,179006,193978,179006.3461249866,193977.85981901217,True,False
sub-023_ses-01_task-WorkingMemory_run-3_eeg.set,sub-023,,14,3,14,True,True,True,True,True,True,False,True,1.0,G L X P H M N R Z,9,1,correct,193987,206190,193987.2621826615,206189.47970234757,True,False
sub-023_ses-01_task-WorkingMemory_run-3_eeg.set,sub-023,,15,5,14,True,True,True,True,True,True,True,False,1.0,V W Q S T Z K X W,9,1,correct,206199,217874,206199.0321037519,217873.6669942398,True,False
sub-023_ses-01_task-WorkingMemory_run-3_eeg.set,sub-023,,16,3,14,True,True,True,True,True,True,True,False,1.0,K H L V R C J Y R,9,1,correct,217883,232051,217883.16938307584,232050.3808832864,True,False
sub-023_ses-01_task-WorkingMemory_run-3_eeg.set,sub-023,,17,5,14,True,True,True,True,True,True,False,True,1.0,C P X Z T Y J B H,9,1,correct,232060,246333,232059.6332092307,246332.57128807795,True,False
sub-023_ses-01_task-WorkingMemory_run-3_eeg.set,sub-023,,18,7,14,True,True,True,True,True,True,True,False,1.0,J T V D X G N R R,9,1,correct,246342,259520,246342.02366429567,259520.18652721535,True,False
sub-023_ses-01_task-WorkingMemory_run-3_eeg.set,sub-023,,19,3,14,True,True,True,True,True,True,True,False,1.0,H M W N G B T L T,9,1,correct,259530,271824,259529.38884059136,271824.229644907,True,False
sub-023_ses-01_task-WorkingMemory_run-3_eeg.set,sub-023,,20,5,14,True,True,True,True,True,True,True,False,1.0,Z W T R H L D J H,9,1,correct,271834,284340,271833.63200855633,284339.3258192752,True,False
sub-023_ses-01_task-WorkingMemory_run-3_eeg.set,sub-023,,21,7,14,True,True,True,True,True,True,True,False,1.0,W D R Z M T H L W,9,1,correct,284349,298028,284348.8782206296,298028.1170492233,True,False
sub-023_ses-01_task-WorkingMemory_run-3_eeg.set,sub-023,,22,3,14,True,True,True,True,True,True,False,True,1.0,P M D Z B R N G F,9,1,correct,298037,310359,298037.26935003087,310358.56680525234,True,False
sub-023_ses-01_task-WorkingMemory_run-3_eeg.set,sub-023,,23,7,14,True,True,True,True,True,True,True,False,1.0,Y S N M F Q H W N,9,1,correct,310368,327239,310367.96916895173,327238.7603229432,True,False
sub-023_ses-01_task-WorkingMemory_run-3_eeg.set,sub-023,,24,5,14,True,True,True,True,True,True,True,False,1.0,Z C R F Q V P N F,9,1,correct,327248,340044,327248.1626866425,340043.92941887706,True,False
sub-023_ses-01_task-WorkingMemory_run-3_eeg.set,sub-023,,25,7,14,True,True,True,True,True,True,True,False,1.0,K G J Z H D P V G,9,1,correct,340054,355434,340053.4818202314,355433.94832103484,True,False
sub-023_ses-01_task-WorkingMemory_run-4_eeg.set,sub-023,,1,5,14,True,True,True,True,True,True,True,False,1.0,M R L X G W F D F,9,1,correct,5277,17379,5277.000000013681,17378.9339049765,True,False
sub-023_ses-01_task-WorkingMemory_run-4_eeg.set,sub-023,,2,5,14,True,True,True,True,True,True,True,False,1.0,K C Z M L F G Y L,9,1,correct,17388,29840,17388.03566030322,29840.33713500174,True,False
sub-023_ses-01_task-WorkingMemory_run-4_eeg.set,sub-023,,3,3,14,True,True,True,True,True,True,True,False,1.0,S T G N W J F H N,9,1,correct,29850,43910,29849.538909614468,43910.40060141017,True,False
sub-023_ses-01_task-WorkingMemory_run-4_eeg.set,sub-023,,4,5,14,True,True,True,True,True,True,False,True,1.0,H W Z Q F T S M B,9,1,correct,43920,56675,43919.6523856409,56674.91228705738,True,False
sub-023_ses-01_task-WorkingMemory_run-4_eeg.set,sub-023,,5,7,14,True,True,True,True,True,True,True,False,1.0,K G D H R T V N D,9,1,correct,56684,70257,56684.16407133811,70256.93163226522,True,False
sub-023_ses-01_task-WorkingMemory_run-4_eeg.set,sub-023,,6,3,14,True,True,True,True,True,True,False,True,1.0,F S M D Y N Q K R,9,1,correct,70266,91975,70266.23342616395,91974.92003070032,True,False
sub-023_ses-01_task-WorkingMemory_run-4_eeg.set,sub-023,,7,5,14,True,True,True,True,True,True,False,True,1.0,V L S M R D N Q K,9,1,correct,91984,105742,91984.17181493105,105741.52497396074,True,False
sub-023_ses-01_task-WorkingMemory_run-4_eeg.set,sub-023,,8,7,14,True,True,True,True,True,True,True,False,1.0,P L H K B Q T J H,9,1,correct,105751,122831,105750.72674857348,122831.0707592619,True,False
sub-023_ses-01_task-WorkingMemory_run-4_eeg.set,sub-023,,9,7,14,True,True,True,True,True,True,False,True,0.0,L C Z M T B G K D,9,1,wrong,122841,137653,122840.47257244666,137652.57914474775,True,False
sub-023_ses-01_task-WorkingMemory_run-4_eeg.set,sub-023,,10,7,14,True,True,True,True,True,True,True,False,1.0,Z N K G B M Y R K,9,1,correct,137662,149969,137662.08097721852,149968.70435732152,True,False
sub-023_ses-01_task-WorkingMemory_run-4_eeg.set,sub-023,,11,5,14,True,True,True,True,True,True,True,False,1.0,G K M D R C B Y Y,9,1,correct,149978,161533,149978.10617050625,161533.18461229585,True,False
sub-023_ses-01_task-WorkingMemory_run-4_eeg.set,sub-023,,12,5,14,True,True,True,True,True,True,False,True,1.0,J Q K F Z W M H B,9,1,correct,161543,173243,161542.58642548058,173242.74284609963,True,False
sub-023_ses-01_task-WorkingMemory_run-4_eeg.set,sub-023,,13,7,14,True,True,True,True,True,True,False,True,1.0,Y V F R C Z Q D K,9,1,correct,173252,186785,173252.09464961637,186785.2045624164,True,False
sub-023_ses-01_task-WorkingMemory_run-4_eeg.set,sub-023,,14,5,14,True,True,True,True,True,True,True,False,1.0,Q W C K J P V M M,9,1,correct,186795,199247,186794.65638526907,199246.4077538696,True,False
sub-023_ses-01_task-WorkingMemory_run-4_eeg.set,sub-023,,15,3,14,True,True,True,True,True,True,True,False,1.0,D H G C S N M F S,9,1,correct,199256,213580,199255.6595381503,213580.1220663949,True,False
sub-023_ses-01_task-WorkingMemory_run-4_eeg.set,sub-023,,16,3,14,True,True,True,True,True,True,False,True,1.0,Z M P N F L D H J,9,1,correct,213589,224802,213589.27383133955,224801.8362175701,True,False
sub-023_ses-01_task-WorkingMemory_run-4_eeg.set,sub-023,,17,7,14,True,True,True,True,True,True,False,True,1.0,Z P W Q B G J M V,9,1,correct,224811,236195,224811.2380307048,236194.93342059484,True,False
sub-023_ses-01_task-WorkingMemory_run-4_eeg.set,sub-023,,18,5,14,True,True,True,True,True,True,False,True,1.0,M V G F R X W Y J,9,1,correct,236204,249672,236204.2352144936,249671.5824447184,True,False
sub-023_ses-01_task-WorkingMemory_run-4_eeg.set,sub-023,,19,7,14,True,True,True,True,True,True,False,True,1.0,L K G Z H W M D Q,9,1,correct,249681,263030,249680.78421933108,263029.5085727005,True,False
sub-023_ses-01_task-WorkingMemory_run-4_eeg.set,sub-023,,20,3,14,True,True,True,True,True,True,True,False,1.0,Z K H P C S V X C,9,1,correct,263039,274779,263038.8603762172,274778.7244546314,True,False
sub-023_ses-01_task-WorkingMemory_run-4_eeg.set,sub-023,,21,3,14,True,True,True,True,True,True,False,True,1.0,D N K H J C B M S,9,1,correct,274788,286594,274787.8262099081,286593.8530480415,True,False
sub-023_ses-01_task-WorkingMemory_run-4_eeg.set,sub-023,,22,7,14,True,True,True,True,True,True,False,True,1.0,F W C R N Q H S J,9,1,correct,286604,300479,286603.3548805123,300479.2809067794,True,False
sub-023_ses-01_task-WorkingMemory_run-4_eeg.set,sub-023,,23,3,14,True,True,True,True,True,True,False,True,1.0,Y T W N J V Z C B,9,1,correct,300489,313191,300488.4326717241,313191.13243671844,True,False
sub-023_ses-01_task-WorkingMemory_run-4_eeg.set,sub-023,,24,5,14,True,True,True,True,True,True,False,True,1.0,R B Y C Q F N L Z,9,1,correct,313201,325455,313200.4842402852,325454.59749363404,True,False
sub-023_ses-01_task-WorkingMemory_run-4_eeg.set,sub-023,,25,3,14,True,True,True,True,True,True,False,True,1.0,S G N B L Q Z P X,9,1,correct,325464,337072,325463.9492971508,337071.9879525065,True,False
sub-023_ses-01_task-WorkingMemory_run-5_eeg.set,sub-023,,1,5,14,True,True,True,True,True,True,True,False,1.0,V W Q S T Z K X W,9,1,correct,3101,16420,3100.999999981765,16420.014777955475,True,False
sub-023_ses-01_task-WorkingMemory_run-5_eeg.set,sub-023,,2,3,14,True,True,True,True,True,True,False,True,1.0,F B C R M J H T S,9,1,correct,16429,27220,16429.36714063782,27220.44328634945,True,False
sub-023_ses-01_task-WorkingMemory_run-5_eeg.set,sub-023,,3,7,14,True,True,True,True,True,True,False,True,1.0,L K G Z H W M D Q,9,1,correct,27230,40289,27229.945686936862,40289.04480252064,True,False
sub-023_ses-01_task-WorkingMemory_run-5_eeg.set,sub-023,,4,3,14,True,True,True,True,True,True,True,False,1.0,D Y T J M K B F B,9,1,correct,40298,51604,40298.297139916285,51603.7532332571,True,False
sub-023_ses-01_task-WorkingMemory_run-5_eeg.set,sub-023,,5,3,14,True,True,True,True,True,True,True,False,1.0,Q P J T Z K D C J,9,1,correct,51613,62338,51612.90554541603,62338.165063922745,True,False
sub-023_ses-01_task-WorkingMemory_run-5_eeg.set,sub-023,,6,7,14,True,True,True,True,True,True,False,True,1.0,Y V F R C Z Q D K,9,1,correct,62348,75605,62347.51742660509,75604.56655018718,True,False
sub-023_ses-01_task-WorkingMemory_run-5_eeg.set,sub-023,,7,3,14,True,True,True,True,True,True,True,False,1.0,D M B Y H Q C G C,9,1,correct,75614,86642,75613.8689002512,86642.30501012472,True,False
sub-023_ses-01_task-WorkingMemory_run-5_eeg.set,sub-023,,8,7,14,True,True,True,True,True,True,True,False,1.0,W D R Z M T H L W,9,1,correct,86652,98260,86651.50733490201,98260.29005756477,True,False
sub-023_ses-01_task-WorkingMemory_run-5_eeg.set,sub-023,,9,5,14,True,True,True,True,True,True,True,False,1.0,Z C R F Q V P N F,9,1,correct,98270,109338,98269.69243286544,109337.58851152094,True,False
sub-023_ses-01_task-WorkingMemory_run-5_eeg.set,sub-023,,10,5,14,True,True,True,True,True,True,False,True,1.0,K S P F D L T Z Q,9,1,correct,109347,120692,109346.79083629824,120691.8069236577,True,False
sub-023_ses-01_task-WorkingMemory_run-5_eeg.set,sub-023,,11,3,14,True,True,True,True,True,True,True,False,1.0,S N R X M T B G R,9,1,correct,120701,132323,120700.95923581664,132322.99530664337,True,False
sub-023_ses-01_task-WorkingMemory_run-5_eeg.set,sub-023,,12,5,14,True,True,True,True,True,True,False,True,1.0,J S Y T P F M K V,9,1,correct,132332,143387,132332.14761880232,143387.14043767226,True,False
sub-023_ses-01_task-WorkingMemory_run-5_eeg.set,sub-023,,13,7,14,True,True,True,True,True,True,True,False,1.0,K G D H R T V N D,9,1,correct,143396,154359,143396.2927498312,154358.9122324998,True,False
sub-023_ses-01_task-WorkingMemory_run-5_eeg.set,sub-023,,14,7,14,True,True,True,True,True,True,False,True,1.0,X C J H N D P S L,9,1,correct,154368,166175,154368.36462041884,166174.69725003306,True,False
sub-023_ses-01_task-WorkingMemory_run-5_eeg.set,sub-023,,15,5,14,True,True,True,True,True,True,True,False,1.0,R C X H N P M L P,9,1,correct,166184,177147,166184.09962538377,177146.519057479,True,False
sub-023_ses-01_task-WorkingMemory_run-5_eeg.set,sub-023,,16,5,14,True,True,True,True,True,True,True,False,1.0,Z W T R H L D J H,9,1,correct,177156,188567,177155.72138225628,188566.70413477573,True,False
sub-023_ses-01_task-WorkingMemory_run-5_eeg.set,sub-023,,17,3,14,True,True,True,True,True,True,True,False,1.0,J C L S G V R T V,9,1,correct,188576,208189,188575.85644693463,208189.3113870393,True,False
sub-023_ses-01_task-WorkingMemory_run-5_eeg.set,sub-023,,18,5,14,True,True,True,True,True,True,False,True,1.0,T Y K Z F Q G W L,9,1,correct,208199,222893,208198.46369919824,222893.0759938709,True,False
sub-023_ses-01_task-WorkingMemory_run-5_eeg.set,sub-023,,19,7,14,True,True,True,True,True,True,False,True,1.0,Z P W Q B G J M V,9,1,correct,222903,235250,222902.3783439349,235249.547604888,True,False
sub-023_ses-01_task-WorkingMemory_run-5_eeg.set,sub-023,,20,7,14,True,True,True,True,True,True,False,True,1.0,F W C R N Q H S J,9,1,correct,235259,247435,235258.59989176024,247434.52589161645,True,False
sub-023_ses-01_task-WorkingMemory_run-5_eeg.set,sub-023,,21,3,14,True,True,True,True,True,True,False,True,1.0,P X B Z H V R F Q,9,1,correct,247444,258565,247443.8782542988,258564.53766251865,True,False
sub-023_ses-01_task-WorkingMemory_run-5_eeg.set,sub-023,,22,7,14,True,True,True,True,True,True,True,False,1.0,Z X S Y C V T W V,9,1,correct,258574,270802,258573.9900504877,270802.2792788114,True,False
sub-023_ses-01_task-WorkingMemory_run-5_eeg.set,sub-023,,23,3,14,True,True,True,True,True,True,True,False,1.0,J Q D H X G C W D,9,1,correct,270812,282856,270811.7316667805,282855.3742478882,True,False
sub-023_ses-01_task-WorkingMemory_run-5_eeg.set,sub-023,,24,7,14,True,True,True,True,True,True,True,False,1.0,Z N K G B M Y R K,9,1,correct,282865,296280,282864.4765474288,296279.9156850406,True,False
sub-023_ses-01_task-WorkingMemory_run-5_eeg.set,sub-023,,25,3,14,True,True,True,True,True,True,True,False,1.0,Y C P K R W H L K,9,1,correct,296290,308096,296289.3180603413,308095.6506899555,True,False
sub-024_ses-01_task-WorkingMemory_run-1_eeg.set,sub-024,,1,5,14,True,True,True,True,True,True,True,False,0.0,S C G P F M J L G,9,255,wrong,4849,17399,4849.0,17398.6875492,True,False
sub-024_ses-01_task-WorkingMemory_run-1_eeg.set,sub-024,,2,5,14,True,True,True,True,True,True,False,True,1.0,M G L Z B Y R C T,9,255,correct,17404,28393,17404.18894655,28393.13007505,True,False
sub-024_ses-01_task-WorkingMemory_run-1_eeg.set,sub-024,,3,3,14,True,True,True,True,True,True,True,False,0.0,P T Z Q V B X G V,9,255,wrong,28400,39559,28400.38191695,39558.96613385,True,False
sub-024_ses-01_task-WorkingMemory_run-1_eeg.set,sub-024,,4,7,14,True,True,True,True,True,True,True,False,0.0,W T M P G H Z N M,9,255,wrong,39563,50870,39563.317239,50869.8890439,True,False
sub-024_ses-01_task-WorkingMemory_run-1_eeg.set,sub-024,,5,7,14,True,True,True,True,True,True,False,True,1.0,X J N R S V Y H C,9,255,correct,50876,61205,50876.34068255,61205.31418305,True,False
sub-024_ses-01_task-WorkingMemory_run-1_eeg.set,sub-024,,6,7,14,True,True,True,True,True,True,False,True,1.0,J C F M L K Q W B,9,255,correct,61214,71317,61213.91636795,71316.73242575,True,False
sub-024_ses-01_task-WorkingMemory_run-1_eeg.set,sub-024,,7,3,14,True,True,True,True,True,True,False,True,1.0,F B C R M J H T S,9,255,correct,71318,81652,71318.0827687,81652.35761569999,True,False
sub-024_ses-01_task-WorkingMemory_run-1_eeg.set,sub-024,,8,5,14,True,True,True,True,True,True,True,False,0.0,L G Q F Z T R M L,9,255,wrong,81656,93385,81655.7084668,93385.487764,True,False
sub-024_ses-01_task-WorkingMemory_run-1_eeg.set,sub-024,,9,7,14,True,True,True,True,True,True,True,False,0.0,W K M C Q G B T B,9,255,wrong,93394,104763,93393.83988535,104762.82754355,True,False
sub-024_ses-01_task-WorkingMemory_run-1_eeg.set,sub-024,,10,7,14,True,True,True,True,True,True,True,False,0.0,C Z L K R G B T Z,9,255,wrong,104765,115178,104765.22815325,115177.82289305,True,False
sub-024_ses-01_task-WorkingMemory_run-1_eeg.set,sub-024,,11,5,14,True,True,True,True,True,True,True,False,0.0,K C J Y L D M S J,9,255,wrong,115186,125567,115186.17501445,125566.56157355,True,False
sub-024_ses-01_task-WorkingMemory_run-1_eeg.set,sub-024,,12,7,14,True,True,True,True,True,True,False,True,1.0,T H X S W Q K D F,9,255,correct,125574,136443,125573.7634028,136443.17417125,True,False
sub-024_ses-01_task-WorkingMemory_run-1_eeg.set,sub-024,,13,3,14,True,True,True,True,True,True,True,False,0.0,D Y T J M K B F B,9,255,wrong,136445,148019,136444.92461585,148018.61426715,True,False
sub-024_ses-01_task-WorkingMemory_run-1_eeg.set,sub-024,,14,3,14,True,True,True,True,True,True,False,True,1.0,S Z F D G W V Q L,9,255,correct,148025,159330,148024.7158169,159330.48741855,True,False
sub-024_ses-01_task-WorkingMemory_run-1_eeg.set,sub-024,,15,5,14,True,True,True,True,True,True,True,False,0.0,D C L S J K H V L,9,255,wrong,159338,171091,159337.6892478,171090.67443915,True,False
sub-024_ses-01_task-WorkingMemory_run-1_eeg.set,sub-024,,16,5,14,True,True,True,True,True,True,False,True,1.0,Z T M S Y V N H Q,9,255,correct,171093,181968,171092.52490915,181967.63712575,True,False
sub-024_ses-01_task-WorkingMemory_run-1_eeg.set,sub-024,,17,5,14,True,True,True,True,True,True,True,False,0.0,K Z J V R H M S R,9,255,wrong,181972,194084,181972.0382436,194084.01461665,True,False
sub-024_ses-01_task-WorkingMemory_run-1_eeg.set,sub-024,,18,7,14,True,True,True,True,True,True,False,True,1.0,X C J H N D P S L,9,255,correct,194085,205159,194085.36495965,205158.9775942,True,False
sub-024_ses-01_task-WorkingMemory_run-1_eeg.set,sub-024,,19,3,14,True,True,True,True,True,True,True,False,0.0,D M B Y H Q C G C,9,255,wrong,205165,216630,205164.92910585,216629.54105205,True,False
sub-024_ses-01_task-WorkingMemory_run-1_eeg.set,sub-024,,20,3,14,True,True,True,True,True,True,True,False,0.0,J Q D H X G C W D,9,255,wrong,216636,228140,216636.34277965,228139.7645833,True,False
sub-024_ses-01_task-WorkingMemory_run-1_eeg.set,sub-024,,21,3,14,True,True,True,True,True,True,True,False,0.0,Q P J T Z K D C J,9,255,wrong,228141,239255,228141.0649136,239254.5376724,True,False
sub-024_ses-01_task-WorkingMemory_run-1_eeg.set,sub-024,,22,5,14,True,True,True,True,True,True,True,False,0.0,B H D R N Z V L R,9,255,wrong,239262,250369,239262.3396541,250369.36077425,True,False
sub-024_ses-01_task-WorkingMemory_run-1_eeg.set,sub-024,,23,7,14,True,True,True,True,True,True,False,True,1.0,W Z V D F X M Y G,9,255,correct,250375,261089,250375.2622732,261088.7334339,True,False
sub-024_ses-01_task-WorkingMemory_run-1_eeg.set,sub-024,,24,5,14,True,True,True,True,True,True,False,True,1.0,K W Z Q D C M P J,9,255,correct,261096,272125,261096.33536470003,272124.53646505,True,False
sub-024_ses-01_task-WorkingMemory_run-1_eeg.set,sub-024,,25,3,14,True,True,True,True,True,True,True,False,0.0,J C L S G V R T V,9,255,wrong,272126,283081,272125.886808,283081.31942555,True,False
sub-024_ses-01_task-WorkingMemory_run-2_eeg.set,sub-024,,1,7,14,True,True,True,True,True,True,True,False,0.0,W L D J C F V S S,9,255,wrong,3519,15255,3519.0,15254.58636525,True,False
sub-024_ses-01_task-WorkingMemory_run-2_eeg.set,sub-024,,2,7,14,True,True,True,True,True,True,True,False,0.0,Y D Q V G L F S G,9,255,wrong,15257,26040,15257.13701435,26040.2810107,True,False
sub-024_ses-01_task-WorkingMemory_run-2_eeg.set,sub-024,,3,3,14,True,True,True,True,True,True,False,True,1.0,P R K W C Z Y X B,9,255,correct,26045,36773,26044.932194300003,36773.1622167,True,False
sub-024_ses-01_task-WorkingMemory_run-2_eeg.set,sub-024,,4,5,14,True,True,True,True,True,True,True,False,0.0,H T X V F K C G X,9,255,wrong,36774,47651,36774.36252215,47651.1803558,True,False
sub-024_ses-01_task-WorkingMemory_run-2_eeg.set,sub-024,,5,5,14,True,True,True,True,True,True,True,False,0.0,R C X H N P M L P,9,255,wrong,47654,58753,47653.88104305,58753.2555109,True,False
sub-024_ses-01_task-WorkingMemory_run-2_eeg.set,sub-024,,6,3,14,True,True,True,True,True,True,True,False,0.0,P K B Y D M C F P,9,255,wrong,58758,70225,58758.45683444999,70224.5246151,True,False
sub-024_ses-01_task-WorkingMemory_run-2_eeg.set,sub-024,,7,5,14,True,True,True,True,True,True,False,True,1.0,T Y K Z F Q G W L,9,255,correct,70230,81472,70229.82596415,81471.6866906,True,False
sub-024_ses-01_task-WorkingMemory_run-2_eeg.set,sub-024,,8,7,14,True,True,True,True,True,True,True,False,0.0,H D W Y K P X V X,9,255,wrong,81476,92679,81476.13782325,92679.23868645,True,False
sub-024_ses-01_task-WorkingMemory_run-2_eeg.set,sub-024,,9,3,14,True,True,True,True,True,True,True,False,0.0,N B T S X C Q R S,9,255,wrong,92681,103650,92680.73906825,103649.5303065,True,False
sub-024_ses-01_task-WorkingMemory_run-2_eeg.set,sub-024,,10,3,14,True,True,True,True,True,True,True,False,0.0,D B G J W L K C L,9,255,wrong,103652,114158,103651.9809301,114158.35449645,True,False
sub-024_ses-01_task-WorkingMemory_run-2_eeg.set,sub-024,,11,7,14,True,True,True,True,True,True,False,True,1.0,Q P H R X C S V Z,9,255,correct,114165,125709,114164.65610005,125708.8937726,True,False
sub-024_ses-01_task-WorkingMemory_run-2_eeg.set,sub-024,,12,5,14,True,True,True,True,True,True,False,True,1.0,K S P F D L T Z Q,9,255,correct,125711,136086,125711.0943326,136085.93442755,True,False
sub-024_ses-01_task-WorkingMemory_run-2_eeg.set,sub-024,,13,7,14,True,True,True,True,True,True,False,True,1.0,P Q S W D F C H X,9,255,correct,136090,146727,136090.3355475,146726.7422035,True,False
sub-024_ses-01_task-WorkingMemory_run-2_eeg.set,sub-024,,14,7,14,True,True,True,True,True,True,True,False,0.0,B N R G Y Z M X Z,9,255,wrong,146728,157368,146728.0925471,157367.5999922,True,False
sub-024_ses-01_task-WorkingMemory_run-2_eeg.set,sub-024,,15,5,14,True,True,True,True,True,True,False,True,1.0,F C J Q T S M N Z,9,255,correct,157374,168852,157374.1516594,168852.32251990002,True,False
sub-024_ses-01_task-WorkingMemory_run-2_eeg.set,sub-024,,16,3,14,True,True,True,True,True,True,True,False,0.0,S N R X M T B G R,9,255,wrong,168854,180126,168853.87291444998,180126.14137874998,True,False
sub-024_ses-01_task-WorkingMemory_run-2_eeg.set,sub-024,,17,7,14,True,True,True,True,True,True,False,True,1.0,M Q W B Z D R L Y,9,255,correct,180134,190938,180133.54326235,190938.4928076,True,False
sub-024_ses-01_task-WorkingMemory_run-2_eeg.set,sub-024,,18,5,14,True,True,True,True,True,True,True,False,0.0,M F G K Z Q Y N K,9,255,wrong,190946,202199,190946.3448057,202199.20833205,True,False
sub-024_ses-01_task-WorkingMemory_run-2_eeg.set,sub-024,,19,3,14,True,True,True,True,True,True,True,False,0.0,C V W H N X R M R,9,255,wrong,202201,213618,202200.9587775,213618.16412405,True,False
sub-024_ses-01_task-WorkingMemory_run-2_eeg.set,sub-024,,20,7,14,True,True,True,True,True,True,False,True,1.0,P W F S Z T K Q L,9,255,correct,213622,224325,213622.3651931,224325.0887248,True,False
sub-024_ses-01_task-WorkingMemory_run-2_eeg.set,sub-024,,21,3,14,True,True,True,True,True,True,False,True,1.0,V W S R B N P Z X,9,255,correct,224327,235546,224326.7891575,235546.34420785,True,False
sub-024_ses-01_task-WorkingMemory_run-2_eeg.set,sub-024,,22,5,14,True,True,True,True,True,True,False,True,1.0,V C H M D Q Z Y J,9,255,correct,235548,246662,235548.09465325,246662.07283735,True,False
sub-024_ses-01_task-WorkingMemory_run-2_eeg.set,sub-024,,23,5,14,True,True,True,True,True,True,True,False,0.0,Q M C X S W R H Q,9,255,wrong,246669,258068,246669.3246827,258067.9252949,True,False
sub-024_ses-01_task-WorkingMemory_run-2_eeg.set,sub-024,,24,3,14,True,True,True,True,True,True,True,False,0.0,Y C P K R W H L K,9,255,wrong,258074,269210,258074.0268476,269210.1106569,True,False
sub-024_ses-01_task-WorkingMemory_run-2_eeg.set,sub-024,,25,3,14,True,True,True,True,True,True,False,True,1.0,P X B Z H V R F Q,9,255,correct,269212,280075,269211.96112775,280075.37555065,True,False
sub-024_ses-01_task-WorkingMemory_run-3_eeg.set,sub-024,,1,3,14,True,True,True,True,True,True,True,False,0.0,B F H R Z G M V B,9,255,wrong,5257,16821,5257.0,16821.0927251,True,False
sub-024_ses-01_task-WorkingMemory_run-3_eeg.set,sub-024,,2,7,14,True,True,True,True,True,True,True,False,0.0,K G J Z H D P V G,9,255,wrong,16828,27738,16828.444595949997,27738.42086745,True,False
sub-024_ses-01_task-WorkingMemory_run-3_eeg.set,sub-024,,3,7,14,True,True,True,True,True,True,True,False,0.0,Y W S J P C D K C,9,255,wrong,27741,38708,27741.2715929,38708.46242385,True,False
sub-024_ses-01_task-WorkingMemory_run-3_eeg.set,sub-024,,4,5,14,True,True,True,True,True,True,False,True,1.0,L F M J K N R H G,9,255,correct,38712,50430,38712.463442,50430.0452256,True,False
sub-024_ses-01_task-WorkingMemory_run-3_eeg.set,sub-024,,5,7,14,True,True,True,True,True,True,True,False,0.0,P Y R T B G V M P,9,255,wrong,50434,61084,50433.9462183,61083.65625965,True,False
sub-024_ses-01_task-WorkingMemory_run-3_eeg.set,sub-024,,6,5,14,True,True,True,True,True,True,False,True,1.0,J S Y T P F M K V,9,255,correct,61088,71711,61088.35745595,71710.91058665,True,False
sub-024_ses-01_task-WorkingMemory_run-3_eeg.set,sub-024,,7,5,14,True,True,True,True,True,True,True,False,0.0,Z W T R H L D J H,9,255,wrong,71718,82958,71717.7623302,82957.87261125,True,False
sub-024_ses-01_task-WorkingMemory_run-3_eeg.set,sub-024,,8,3,14,True,True,True,True,True,True,False,True,1.0,G L X P H M N R Z,9,255,correct,82964,93770,82964.07418935,93769.7739255,True,False
sub-024_ses-01_task-WorkingMemory_run-3_eeg.set,sub-024,,9,3,14,True,True,True,True,True,True,True,False,0.0,D C R G Z X L K K,9,255,wrong,93777,105083,93776.8757327,105082.75274945,True,False
sub-024_ses-01_task-WorkingMemory_run-3_eeg.set,sub-024,,10,5,14,True,True,True,True,True,True,False,True,1.0,D Q G M P V F T B,9,255,correct,105090,115644,105089.85455665,115644.190328,True,False
sub-024_ses-01_task-WorkingMemory_run-3_eeg.set,sub-024,,11,7,14,True,True,True,True,True,True,True,False,0.0,J T V D X G N R R,9,255,wrong,115653,128249,115652.5424534,128249.34797385,True,False
sub-024_ses-01_task-WorkingMemory_run-3_eeg.set,sub-024,,12,5,14,True,True,True,True,True,True,True,False,0.0,H B Q K S R T J Q,9,255,wrong,128258,139391,128257.75011195,139390.98319585,True,False
sub-024_ses-01_task-WorkingMemory_run-3_eeg.set,sub-024,,13,3,14,True,True,True,True,True,True,False,True,1.0,D V G H P J M Z Y,9,255,correct,139396,149979,139395.68439215,149978.87750685,True,False
sub-024_ses-01_task-WorkingMemory_run-3_eeg.set,sub-024,,14,3,14,True,True,True,True,True,True,True,False,0.0,H M W N G B T L T,9,255,wrong,149983,160540,149983.42866499998,160540.4151109,True,False
sub-024_ses-01_task-WorkingMemory_run-3_eeg.set,sub-024,,15,5,14,True,True,True,True,True,True,True,False,0.0,Z C R F Q V P N F,9,255,wrong,160546,171616,160546.11656175,171616.23358439998,True,False
sub-024_ses-01_task-WorkingMemory_run-3_eeg.set,sub-024,,16,7,14,True,True,True,True,True,True,False,True,1.0,F M B N L X J Y P,9,255,correct,171617,182850,171617.3338644,182850.2923255,True,False
sub-024_ses-01_task-WorkingMemory_run-3_eeg.set,sub-024,,17,7,14,True,True,True,True,True,True,True,False,0.0,Y S N M F Q H W N,9,255,wrong,182855,193636,182855.29359815,193636.0869964,True,False
sub-024_ses-01_task-WorkingMemory_run-3_eeg.set,sub-024,,18,7,14,True,True,True,True,True,True,True,False,0.0,W D R Z M T H L W,9,255,wrong,193643,204883,193643.08877815,204883.39911005,True,False
sub-024_ses-01_task-WorkingMemory_run-3_eeg.set,sub-024,,19,7,14,True,True,True,True,True,True,False,True,1.0,J T L X S G Q R Y,9,255,correct,204889,215603,204889.4006373,215603.27700710003,True,False
sub-024_ses-01_task-WorkingMemory_run-3_eeg.set,sub-024,,20,7,14,True,True,True,True,True,True,True,False,0.0,Z X S Y C V T W V,9,255,wrong,215611,226442,215610.52885245,226441.88511745,True,False
sub-024_ses-01_task-WorkingMemory_run-3_eeg.set,sub-024,,21,3,14,True,True,True,True,True,True,False,True,1.0,P M D Z B R N G F,9,255,correct,226448,237663,226448.33675925,237662.89053685,True,False
sub-024_ses-01_task-WorkingMemory_run-3_eeg.set,sub-024,,22,3,14,True,True,True,True,True,True,True,False,0.0,K H L V R C J Y R,9,255,wrong,237670,248422,237669.64225495,248422.3785135,True,False
sub-024_ses-01_task-WorkingMemory_run-3_eeg.set,sub-024,,23,3,14,True,True,True,True,True,True,False,True,1.0,R X S P N D G J M,9,255,correct,248424,259604,248424.0789462,259603.8738787,True,False
sub-024_ses-01_task-WorkingMemory_run-3_eeg.set,sub-024,,24,5,14,True,True,True,True,True,True,True,False,0.0,V W Q S T Z K X W,9,255,wrong,259612,270561,259612.02595315,270561.2122025,True,False
sub-024_ses-01_task-WorkingMemory_run-3_eeg.set,sub-024,,25,5,14,True,True,True,True,True,True,False,True,1.0,C P X Z T Y J B H,9,255,correct,270567,281703,270566.56356425,281703.1475008,True,False
