subject,run,trial,n_epochs,has_fixation,has_letters,has_wm_period,has_left_click,has_right_click,has_correct_feedback,has_incorrect_feedback,n_letters,event_sequence,feedback,response_type,complete_trial
sub-001,run-01,1,14,1,1,1,1,1,1,0,9,show_cross|show_letter|show_letter|show_letter|show_letter|show_letter|show_letter|show_letter|show_letter|show_dash|show_letter|left_click|sound_beep|right_click,correct,right_click,1
sub-001,run-01,2,14,1,1,1,1,1,1,0,9,show_cross|show_letter|show_letter|show_letter|show_letter|show_letter|show_letter|show_letter|show_letter|show_dash|show_letter|right_click|sound_beep|left_click,correct,right_click,1
sub-001,run-01,3,24,1,1,1,0,1,1,0,18,show_cross|show_letter|show_letter|show_letter|show_letter|show_letter|show_letter|show_letter|show_letter|show_dash|show_letter|right_click|sound_beep|show_letter|show_letter|show_letter|show_letter|show_letter|show_letter|show_letter|show_letter|show_dash|show_letter|right_click,correct,right_click,1
sub-001,run-01,4,13,1,1,1,1,1,0,0,9,show_cross|show_letter|show_letter|show_letter|show_letter|show_letter|show_letter|show_letter|show_letter|show_dash|show_letter|left_click|right_click,unknown,right_click,1
sub-001,run-01,5,21,1,1,1,1,0,0,0,16,show_cross|show_letter|show_letter|show_letter|show_letter|show_letter|show_letter|show_letter|show_letter|show_dash|left_click|show_letter|show_letter|show_letter|show_letter|show_letter|show_letter|show_letter|show_letter|show_dash|left_click,unknown,left_click,1
sub-001,run-01,6,38,1,1,1,0,1,0,0,31,show_cross|show_letter|show_letter|show_letter|show_letter|show_letter|show_letter|show_letter|show_letter|show_dash|show_letter|show_letter|show_letter|show_letter|show_letter|show_letter|show_letter|show_letter|show_dash|show_letter|show_letter|show_letter|show_letter|show_letter|show_letter|show_letter|show_dash|right_click|show_letter|show_letter|show_letter|show_letter|show_letter|show_letter|show_letter|show_dash|show_letter|right_click,unknown,right_click,1
sub-001,run-01,7,8,1,1,0,0,1,0,0,6,show_cross|show_letter|show_letter|show_letter|show_letter|show_letter|show_letter|right_click,unknown,right_click,0
sub-001,run-01,8,44,1,1,1,1,0,0,0,39,show_cross|show_letter|show_letter|show_letter|show_letter|show_letter|show_letter|show_letter|show_letter|show_dash|show_letter|show_letter|show_letter|show_letter|show_letter|show_letter|show_letter|show_dash|show_letter|show_letter|show_letter|show_letter|show_letter|show_letter|show_letter|show_letter|show_letter|show_letter|show_letter|show_letter|show_letter|show_letter|show_letter|show_letter|show_dash|show_letter|show_letter|show_letter|show_letter|show_letter|show_letter|show_letter|show_letter|left_click,unknown,left_click,1
sub-001,run-01,9,11,1,1,1,1,1,0,0,7,show_cross|show_letter|show_letter|show_letter|show_letter|show_letter|show_letter|show_letter|show_dash|left_click|right_click,unknown,right_click,1
sub-001,run-01,10,35,1,1,1,1,0,0,0,30,show_cross|show_letter|show_letter|show_letter|show_letter|show_letter|show_letter|show_dash|show_letter|show_letter|show_letter|show_letter|show_letter|show_letter|show_letter|show_letter|show_letter|show_letter|show_letter|show_letter|show_letter|show_letter|show_letter|show_dash|show_letter|show_letter|show_letter|show_letter|show_letter|show_letter|show_letter|show_letter|show_dash|show_letter|left_click,unknown,left_click,1
sub-001,run-01,11,12,1,1,1,0,1,0,0,9,show_cross|show_letter|show_letter|show_letter|show_letter|show_letter|show_letter|show_letter|show_letter|show_dash|show_letter|right_click,unknown,right_click,1
sub-001,run-01,12,14,1,1,1,1,1,1,0,9,show_cross|show_letter|show_letter|show_letter|show_letter|show_letter|show_letter|show_letter|show_letter|show_dash|show_letter|left_click|sound_beep|right_click,correct,right_click,1
sub-001,run-02,1,12,1,1,1,1,0,0,0,9,show_cross|show_letter|show_letter|show_letter|show_letter|show_letter|show_letter|show_letter|show_letter|show_dash|show_letter|left_click,unknown,left_click,1
sub-001,run-02,2,24,1,1,1,0,1,1,0,18,show_cross|show_letter|show_letter|show_letter|show_letter|show_letter|show_letter|show_letter|show_letter|show_dash|show_letter|right_click|sound_beep|show_letter|show_letter|show_letter|show_letter|show_letter|show_letter|show_letter|show_letter|show_dash|show_letter|right_click,correct,right_click,1
sub-001,run-02,3,24,1,1,1,1,1,1,0,18,show_cross|show_letter|show_letter|show_letter|show_letter|show_letter|show_letter|show_letter|show_letter|show_dash|show_letter|show_letter|show_letter|show_letter|show_letter|show_letter|show_letter|show_letter|show_letter|show_dash|show_letter|right_click|sound_beep|left_click,correct,right_click,1
sub-001,run-02,4,21,1,1,1,1,0,0,0,17,show_cross|show_letter|show_letter|show_letter|show_letter|show_letter|show_letter|show_letter|show_letter|show_dash|show_letter|show_letter|show_letter|show_letter|show_letter|show_letter|show_letter|show_letter|show_dash|show_letter|left_click,unknown,left_click,1
sub-001,run-02,5,23,1,1,1,1,1,0,0,18,show_cross|show_letter|show_letter|show_letter|show_letter|show_letter|show_letter|show_letter|show_letter|show_dash|show_letter|show_letter|show_letter|show_letter|show_letter|show_letter|show_letter|show_letter|show_letter|show_dash|show_letter|right_click|left_click,unknown,right_click,1
sub-001,run-02,6,14,1,1,1,1,1,1,0,9,show_cross|show_letter|show_letter|show_letter|show_letter|show_letter|show_letter|show_letter|show_letter|show_dash|show_letter|right_click|sound_beep|left_click,correct,right_click,1
sub-001,run-02,7,26,1,1,1,1,1,1,0,18,show_cross|show_letter|show_letter|show_letter|show_letter|show_letter|show_letter|show_letter|show_letter|show_dash|show_letter|right_click|sound_beep|show_letter|show_letter|show_letter|show_letter|show_letter|show_letter|show_letter|show_letter|show_dash|show_letter|left_click|sound_beep|right_click,correct,right_click,1
sub-001,run-02,8,13,1,1,1,1,1,0,0,9,show_cross|show_letter|show_letter|show_letter|show_letter|show_letter|show_letter|show_letter|show_letter|show_dash|show_letter|right_click|left_click,unknown,right_click,1
sub-001,run-02,9,12,1,1,1,1,0,0,0,9,show_cross|show_letter|show_letter|show_letter|show_letter|show_letter|show_letter|show_letter|show_letter|show_dash|show_letter|left_click,unknown,left_click,1
sub-001,run-02,10,14,1,1,1,1,1,1,0,9,show_cross|show_letter|show_letter|show_letter|show_letter|show_letter|show_letter|show_letter|show_letter|show_dash|show_letter|left_click|sound_beep|right_click,correct,right_click,1
sub-001,run-02,11,12,1,1,1,0,1,0,0,9,show_cross|show_letter|show_letter|show_letter|show_letter|show_letter|show_letter|show_letter|show_letter|show_dash|show_letter|right_click,unknown,right_click,1
sub-001,run-02,12,12,1,1,1,0,1,0,0,9,show_cross|show_letter|show_letter|show_letter|show_letter|show_letter|show_letter|show_letter|show_letter|show_dash|show_letter|right_click,unknown,right_click,1
sub-001,run-02,13,11,1,1,1,1,0,0,0,8,show_cross|show_letter|show_letter|show_letter|show_letter|show_letter|show_letter|show_letter|show_dash|show_letter|left_click,unknown,left_click,1
sub-001,run-02,14,13,1,1,1,0,1,1,0,8,show_cross|show_letter|show_letter|show_letter|show_letter|show_letter|show_letter|show_letter|show_dash|show_letter|right_click|sound_beep|right_click,correct,right_click,1
sub-001,run-02,15,13,1,1,1,1,1,0,0,9,show_cross|show_letter|show_letter|show_letter|show_letter|show_letter|show_letter|show_letter|show_letter|show_dash|show_letter|left_click|right_click,unknown,right_click,1
sub-001,run-02,16,21,1,1,1,1,1,0,0,17,show_cross|show_letter|show_letter|show_letter|show_letter|show_letter|show_letter|show_letter|show_letter|right_click|show_letter|show_letter|show_letter|show_letter|show_letter|show_letter|show_letter|show_letter|show_dash|show_letter|left_click,unknown,right_click,1
sub-001,run-02,17,32,1,1,1,1,1,0,0,25,show_cross|show_letter|show_letter|show_letter|show_letter|show_letter|show_letter|show_letter|show_dash|show_letter|show_letter|show_letter|show_letter|show_letter|show_letter|show_letter|show_letter|show_dash|show_letter|left_click|show_letter|show_letter|show_letter|show_letter|show_letter|show_letter|show_letter|show_letter|show_dash|show_letter|right_click|right_click,unknown,right_click,1
sub-002,run-01,1,12,1,1,1,0,1,1,0,8,show_cross|show_letter|show_letter|show_letter|show_letter|show_letter|show_letter|show_letter|show_letter|show_dash|sound_beep|right_click,correct,right_click,1
sub-002,run-01,2,22,1,1,1,0,1,1,0,15,show_cross|show_letter|show_letter|show_letter|show_letter|show_letter|show_letter|show_dash|show_letter|right_click|sound_beep|show_letter|show_letter|show_letter|show_letter|show_letter|show_letter|show_letter|show_dash|show_letter|right_click|right_click,correct,right_click,1
sub-002,run-01,3,21,1,1,1,1,1,1,0,15,show_cross|show_letter|show_letter|show_letter|show_letter|show_letter|show_letter|show_letter|left_click|sound_beep|show_letter|show_letter|show_letter|show_letter|show_letter|show_letter|show_letter|show_dash|show_letter|right_click|left_click,correct,right_click,1
sub-002,run-01,4,10,1,1,0,0,1,0,0,8,show_cross|show_letter|show_letter|show_letter|show_letter|show_letter|show_letter|show_letter|show_letter|right_click,unknown,right_click,0
sub-002,run-01,5,13,1,1,1,1,1,1,0,8,show_cross|show_letter|show_letter|show_letter|show_letter|show_letter|show_letter|show_letter|show_dash|show_letter|right_click|sound_beep|left_click,correct,right_click,1
sub-002,run-01,6,35,1,1,1,1,1,1,0,26,show_cross|show_letter|show_letter|show_letter|show_letter|show_letter|show_letter|show_letter|show_letter|show_letter|right_click|sound_beep|show_letter|show_letter|show_letter|show_letter|show_letter|show_letter|show_letter|show_dash|show_letter|left_click|sound_beep|show_letter|show_letter|show_letter|show_letter|show_letter|show_letter|show_letter|show_letter|show_dash|show_letter|right_click|left_click,correct,right_click,1
sub-002,run-01,7,13,1,1,1,0,1,1,0,8,show_cross|show_letter|show_letter|show_letter|show_letter|show_letter|show_letter|show_letter|show_dash|show_letter|right_click|sound_beep|right_click,correct,right_click,1
sub-002,run-01,8,14,1,1,1,0,1,1,0,9,show_cross|show_letter|show_letter|show_letter|show_letter|show_letter|show_letter|show_letter|show_letter|show_dash|show_letter|right_click|sound_beep|right_click,correct,right_click,1
sub-002,run-01,9,13,1,1,1,0,1,0,0,9,show_cross|show_letter|show_letter|show_letter|show_letter|show_letter|show_letter|show_letter|show_letter|show_dash|show_letter|right_click|right_click,unknown,right_click,1
sub-002,run-01,10,23,1,1,1,0,1,0,0,17,show_cross|show_letter|show_letter|show_letter|show_letter|show_letter|show_letter|show_letter|show_letter|show_dash|show_letter|right_click|show_letter|show_letter|show_letter|show_letter|show_letter|show_letter|show_letter|show_dash|show_letter|right_click|right_click,unknown,right_click,1
sub-002,run-01,11,21,1,1,1,0,1,0,0,17,show_cross|show_letter|show_letter|show_letter|show_letter|show_letter|show_letter|show_letter|show_letter|show_dash|show_letter|show_letter|show_letter|show_letter|show_letter|show_letter|show_letter|show_letter|show_dash|show_letter|right_click,unknown,right_click,1
sub-002,run-01,12,12,1,1,1,0,1,0,0,9,show_cross|show_letter|show_letter|show_letter|show_letter|show_letter|show_letter|show_letter|show_letter|show_dash|show_letter|right_click,unknown,right_click,1
sub-002,run-01,13,14,1,1,1,1,1,1,0,9,show_cross|show_letter|show_letter|show_letter|show_letter|show_letter|show_letter|show_letter|show_letter|show_dash|show_letter|left_click|sound_beep|right_click,correct,right_click,1
sub-002,run-01,14,35,1,1,1,1,1,1,0,25,show_cross|show_letter|show_letter|show_letter|show_letter|show_letter|show_letter|show_letter|show_letter|show_dash|show_letter|left_click|show_letter|show_letter|show_letter|show_letter|show_letter|show_letter|show_letter|show_dash|right_click|sound_beep|show_letter|show_letter|show_letter|show_letter|show_letter|show_letter|show_letter|show_letter|show_dash|show_letter|left_click|sound_beep|right_click,correct,right_click,1
sub-002,run-01,15,13,1,1,0,0,1,1,0,9,show_cross|show_letter|show_letter|show_letter|show_letter|show_letter|show_letter|show_letter|show_letter|show_letter|right_click|sound_beep|right_click,correct,right_click,0
sub-002,run-01,16,24,1,1,1,1,1,1,0,18,show_cross|show_letter|show_letter|show_letter|show_letter|show_letter|show_letter|show_letter|show_letter|show_dash|show_letter|left_click|sound_beep|show_letter|show_letter|show_letter|show_letter|show_letter|show_letter|show_letter|show_letter|show_letter|left_click|right_click,correct,right_click,1
sub-002,run-02,1,14,1,1,1,0,1,1,0,9,show_cross|show_letter|show_letter|show_letter|show_letter|show_letter|show_letter|show_letter|show_letter|show_dash|show_letter|right_click|sound_beep|right_click,correct,right_click,1
sub-002,run-02,2,37,1,1,1,1,1,1,0,26,show_cross|show_letter|show_letter|show_letter|show_letter|show_letter|show_letter|show_letter|show_letter|show_dash|show_letter|left_click|sound_beep|show_letter|show_letter|show_letter|show_letter|show_letter|show_letter|show_letter|show_dash|show_letter|right_click|sound_beep|show_letter|show_letter|show_letter|show_letter|show_letter|show_letter|show_letter|show_letter|show_dash|show_letter|left_click|sound_beep|right_click,correct,right_click,1
sub-002,run-02,3,13,1,1,1,1,1,0,0,9,show_cross|show_letter|show_letter|show_letter|show_letter|show_letter|show_letter|show_letter|show_letter|show_dash|show_letter|right_click|left_click,unknown,right_click,1
sub-002,run-02,4,14,1,1,1,1,1,1,0,9,show_cross|show_letter|show_letter|show_letter|show_letter|show_letter|show_letter|show_letter|show_letter|show_dash|show_letter|left_click|sound_beep|right_click,correct,right_click,1
sub-002,run-02,5,14,1,1,1,1,1,1,0,9,show_cross|show_letter|show_letter|show_letter|show_letter|show_letter|show_letter|show_letter|show_letter|show_dash|show_letter|left_click|sound_beep|right_click,correct,right_click,1
sub-002,run-02,6,14,1,1,1,1,1,1,0,9,show_cross|show_letter|show_letter|show_letter|show_letter|show_letter|show_letter|show_letter|show_letter|show_dash|show_letter|right_click|sound_beep|left_click,correct,right_click,1
sub-002,run-02,7,22,1,1,1,1,0,0,0,18,show_cross|show_letter|show_letter|show_letter|show_letter|show_letter|show_letter|show_letter|show_letter|show_dash|show_letter|show_letter|show_letter|show_letter|show_letter|show_letter|show_letter|show_letter|show_letter|show_letter|left_click|left_click,unknown,left_click,1
sub-002,run-02,8,14,1,1,1,1,1,1,0,9,show_cross|show_letter|show_letter|show_letter|show_letter|show_letter|show_letter|show_letter|show_letter|show_dash|show_letter|right_click|sound_beep|left_click,correct,right_click,1
sub-002,run-02,9,13,1,1,1,1,1,0,0,9,show_cross|show_letter|show_letter|show_letter|show_letter|show_letter|show_letter|show_letter|show_letter|show_dash|show_letter|right_click|left_click,unknown,right_click,1
sub-002,run-02,10,14,1,1,1,1,1,1,0,9,show_cross|show_letter|show_letter|show_letter|show_letter|show_letter|show_letter|show_letter|show_letter|show_dash|show_letter|left_click|sound_beep|right_click,correct,right_click,1
sub-002,run-02,11,23,1,1,1,1,1,1,0,16,show_cross|show_letter|show_letter|show_letter|show_letter|show_letter|show_letter|show_dash|show_letter|right_click|show_letter|show_letter|show_letter|show_letter|show_letter|show_letter|show_letter|show_letter|show_dash|show_letter|left_click|sound_beep|right_click,correct,right_click,1
sub-002,run-02,12,26,1,1,1,1,1,1,0,18,show_cross|show_letter|show_letter|show_letter|show_letter|show_letter|show_letter|show_letter|show_letter|show_dash|show_letter|right_click|sound_beep|show_letter|show_letter|show_letter|show_letter|show_letter|show_letter|show_letter|show_letter|show_dash|show_letter|left_click|sound_beep|right_click,correct,right_click,1
sub-002,run-02,13,14,1,1,1,1,1,1,0,9,show_cross|show_letter|show_letter|show_letter|show_letter|show_letter|show_letter|show_letter|show_letter|show_dash|show_letter|left_click|sound_beep|right_click,correct,right_click,1
sub-002,run-02,14,12,1,1,1,1,1,0,0,8,show_cross|show_letter|show_letter|show_letter|show_letter|show_letter|show_letter|show_letter|show_letter|show_dash|left_click|right_click,unknown,right_click,1
sub-002,run-02,15,12,1,1,1,0,1,0,0,9,show_cross|show_letter|show_letter|show_letter|show_letter|show_letter|show_letter|show_letter|show_letter|show_dash|show_letter|right_click,unknown,right_click,1
sub-002,run-02,16,12,1,1,0,1,1,0,0,9,show_cross|show_letter|show_letter|show_letter|show_letter|show_letter|show_letter|show_letter|show_letter|show_letter|left_click|right_click,unknown,right_click,0
sub-002,run-02,17,13,1,1,1,1,1,1,0,8,show_cross|show_letter|show_letter|show_letter|show_letter|show_letter|show_letter|show_letter|show_dash|show_letter|right_click|sound_beep|left_click,correct,right_click,1
sub-002,run-02,18,13,1,1,1,1,1,0,0,9,show_cross|show_letter|show_letter|show_letter|show_letter|show_letter|show_letter|show_letter|show_letter|show_dash|show_letter|right_click|left_click,unknown,right_click,1
sub-002,run-02,19,14,1,1,1,1,1,1,0,9,show_cross|show_letter|show_letter|show_letter|show_letter|show_letter|show_letter|show_letter|show_letter|show_dash|show_letter|right_click|sound_beep|left_click,correct,right_click,1
sub-002,run-02,20,13,1,1,1,1,1,1,0,8,show_cross|show_letter|show_letter|show_letter|show_letter|show_letter|show_letter|show_letter|show_dash|show_letter|right_click|sound_beep|left_click,correct,right_click,1
sub-002,run-03,1,23,1,1,1,1,1,0,0,17,show_cross|show_letter|show_letter|show_letter|show_letter|show_letter|show_letter|show_letter|show_letter|show_dash|show_letter|right_click|show_letter|show_letter|show_letter|show_letter|show_letter|show_letter|show_letter|show_letter|show_dash|right_click|left_click,unknown,right_click,1
sub-002,run-03,2,14,1,1,1,1,1,1,0,9,show_cross|show_letter|show_letter|show_letter|show_letter|show_letter|show_letter|show_letter|show_letter|show_dash|show_letter|right_click|sound_beep|left_click,correct,right_click,1
sub-002,run-03,3,13,1,1,1,1,1,0,0,9,show_cross|show_letter|show_letter|show_letter|show_letter|show_letter|show_letter|show_letter|show_letter|show_dash|show_letter|right_click|left_click,unknown,right_click,1
sub-002,run-03,4,14,1,1,1,1,1,1,0,9,show_cross|show_letter|show_letter|show_letter|show_letter|show_letter|show_letter|show_letter|show_letter|show_dash|show_letter|left_click|sound_beep|right_click,correct,right_click,1
sub-002,run-03,5,14,1,1,1,1,1,1,0,9,show_cross|show_letter|show_letter|show_letter|show_letter|show_letter|show_letter|show_letter|show_letter|show_dash|show_letter|right_click|sound_beep|left_click,correct,right_click,1
sub-002,run-03,6,14,1,1,1,0,1,1,0,9,show_cross|show_letter|show_letter|show_letter|show_letter|show_letter|show_letter|show_letter|show_letter|show_dash|show_letter|right_click|sound_beep|right_click,correct,right_click,1
sub-002,run-03,7,14,1,1,1,0,1,1,0,9,show_cross|show_letter|show_letter|show_letter|show_letter|show_letter|show_letter|show_letter|show_letter|show_dash|show_letter|right_click|sound_beep|right_click,correct,right_click,1
sub-002,run-03,8,14,1,1,1,1,0,1,0,9,show_cross|show_letter|show_letter|show_letter|show_letter|show_letter|show_letter|show_letter|show_letter|show_dash|show_letter|left_click|sound_beep|left_click,correct,left_click,1
sub-002,run-03,9,20,1,1,1,1,1,0,0,14,show_cross|show_letter|show_letter|show_letter|show_letter|show_letter|show_letter|show_letter|show_letter|show_dash|show_letter|left_click|show_letter|show_letter|show_letter|show_letter|show_dash|show_letter|right_click|right_click,unknown,right_click,1
sub-002,run-03,10,11,1,1,0,1,1,0,0,8,show_cross|show_letter|show_letter|show_letter|show_letter|show_letter|show_letter|show_letter|show_letter|left_click|right_click,unknown,right_click,0
sub-002,run-03,11,13,1,1,1,0,1,0,0,9,show_cross|show_letter|show_letter|show_letter|show_letter|show_letter|show_letter|show_letter|show_letter|show_dash|show_letter|right_click|right_click,unknown,right_click,1
sub-002,run-03,12,10,1,1,0,1,1,0,0,7,show_cross|show_letter|show_letter|show_letter|show_letter|show_letter|show_letter|show_letter|left_click|right_click,unknown,right_click,0
sub-002,run-03,13,10,1,1,1,1,0,0,0,7,show_cross|show_letter|show_letter|show_letter|show_letter|show_letter|show_letter|show_dash|show_letter|left_click,unknown,left_click,1
sub-002,run-03,14,8,1,1,0,1,0,0,0,6,show_cross|show_letter|show_letter|show_letter|show_letter|show_letter|show_letter|left_click,unknown,left_click,0
sub-002,run-03,15,11,1,1,1,1,1,0,0,7,show_cross|show_letter|show_letter|show_letter|show_letter|show_letter|show_letter|show_letter|show_dash|left_click|right_click,unknown,right_click,1
sub-002,run-03,16,11,1,1,1,1,0,0,0,8,show_cross|show_letter|show_letter|show_letter|show_letter|show_letter|show_letter|show_letter|show_dash|show_letter|left_click,unknown,left_click,1
sub-002,run-03,17,20,1,1,0,1,0,0,0,17,show_cross|show_letter|show_letter|show_letter|show_letter|show_letter|show_letter|show_letter|show_letter|left_click|show_letter|show_letter|show_letter|show_letter|show_letter|show_letter|show_letter|show_letter|show_letter|left_click,unknown,left_click,0
sub-002,run-03,18,12,1,1,1,1,0,0,0,9,show_cross|show_letter|show_letter|show_letter|show_letter|show_letter|show_letter|show_letter|show_letter|show_dash|show_letter|left_click,unknown,left_click,1
sub-002,run-03,19,20,1,1,1,1,1,0,0,15,show_cross|show_letter|show_letter|show_letter|show_letter|show_letter|show_letter|show_dash|left_click|show_letter|show_letter|show_letter|show_letter|show_letter|show_letter|show_letter|show_letter|show_dash|show_letter|right_click,unknown,right_click,1
sub-002,run-03,20,24,1,1,1,1,1,1,0,18,show_cross|show_letter|show_letter|show_letter|show_letter|show_letter|show_letter|show_letter|show_letter|show_dash|show_letter|show_letter|show_letter|show_letter|show_letter|show_letter|show_letter|show_letter|show_letter|show_dash|show_letter|right_click|sound_beep|left_click,correct,right_click,1
sub-002,run-04,1,11,1,1,1,0,1,0,0,8,show_cross|show_letter|show_letter|show_letter|show_letter|show_letter|show_letter|show_letter|show_dash|show_letter|right_click,unknown,right_click,1
sub-002,run-04,2,23,1,1,1,1,1,0,0,17,show_cross|show_letter|show_letter|show_letter|show_letter|show_letter|show_letter|show_letter|show_letter|show_dash|show_letter|left_click|show_letter|show_letter|show_letter|show_letter|show_letter|show_letter|show_letter|show_dash|show_letter|right_click|left_click,unknown,right_click,1
sub-002,run-04,3,31,1,1,1,1,1,0,0,26,show_cross|show_letter|show_letter|show_letter|show_letter|show_letter|show_letter|show_letter|show_letter|show_dash|show_letter|show_letter|show_letter|show_letter|show_letter|show_letter|show_letter|show_letter|show_dash|show_letter|show_letter|show_letter|show_letter|show_letter|show_letter|show_letter|show_letter|show_letter|show_letter|left_click|right_click,unknown,right_click,1
sub-002,run-04,4,12,1,1,1,1,0,0,0,9,show_cross|show_letter|show_letter|show_letter|show_letter|show_letter|show_letter|show_letter|show_letter|show_dash|show_letter|left_click,unknown,left_click,1
sub-002,run-04,5,11,1,1,1,0,1,0,0,8,show_cross|show_letter|show_letter|show_letter|show_letter|show_letter|show_letter|show_letter|show_dash|show_letter|right_click,unknown,right_click,1
sub-002,run-04,6,13,1,1,1,1,1,0,0,9,show_cross|show_letter|show_letter|show_letter|show_letter|show_letter|show_letter|show_letter|show_letter|show_dash|show_letter|left_click|right_click,unknown,right_click,1
sub-002,run-04,7,13,1,1,1,1,1,0,0,9,show_cross|show_letter|show_letter|show_letter|show_letter|show_letter|show_letter|show_letter|show_letter|show_dash|show_letter|left_click|right_click,unknown,right_click,1
sub-002,run-04,8,33,1,1,1,1,0,1,0,26,show_cross|show_letter|show_letter|show_letter|show_letter|show_letter|show_letter|show_letter|show_letter|show_dash|show_letter|show_letter|show_letter|show_letter|show_letter|show_letter|show_letter|show_letter|show_letter|show_dash|show_letter|show_letter|show_letter|show_letter|show_letter|show_letter|show_letter|show_letter|show_letter|show_dash|left_click|sound_beep|left_click,correct,left_click,1
sub-002,run-04,9,13,1,1,1,1,1,0,0,9,show_cross|show_letter|show_letter|show_letter|show_letter|show_letter|show_letter|show_letter|show_letter|show_dash|show_letter|left_click|right_click,unknown,right_click,1
sub-002,run-04,10,9,1,1,1,0,1,0,0,6,show_cross|show_letter|show_letter|show_letter|show_letter|show_letter|show_dash|show_letter|right_click,unknown,right_click,1
sub-002,run-04,11,10,1,1,1,0,1,0,0,7,show_cross|show_letter|show_letter|show_letter|show_letter|show_letter|show_letter|show_letter|show_dash|right_click,unknown,right_click,1
sub-002,run-04,12,12,1,1,1,0,1,0,0,9,show_cross|show_letter|show_letter|show_letter|show_letter|show_letter|show_letter|show_letter|show_letter|show_dash|show_letter|right_click,unknown,right_click,1
sub-002,run-04,13,13,1,1,1,1,1,0,0,9,show_cross|show_letter|show_letter|show_letter|show_letter|show_letter|show_letter|show_letter|show_letter|show_dash|show_letter|left_click|right_click,unknown,right_click,1
sub-002,run-04,14,11,1,1,1,0,1,0,0,8,show_cross|show_letter|show_letter|show_letter|show_letter|show_letter|show_letter|show_letter|show_dash|show_letter|right_click,unknown,right_click,1
sub-002,run-04,15,12,1,1,1,0,1,0,0,9,show_cross|show_letter|show_letter|show_letter|show_letter|show_letter|show_letter|show_letter|show_letter|show_dash|show_letter|right_click,unknown,right_click,1
sub-002,run-04,16,12,1,1,1,0,1,0,0,9,show_cross|show_letter|show_letter|show_letter|show_letter|show_letter|show_letter|show_letter|show_letter|show_dash|show_letter|right_click,unknown,right_click,1
sub-002,run-04,17,12,1,1,1,0,1,0,0,9,show_cross|show_letter|show_letter|show_letter|show_letter|show_letter|show_letter|show_letter|show_letter|show_dash|show_letter|right_click,unknown,right_click,1
sub-002,run-04,18,12,1,1,1,1,0,0,0,9,show_cross|show_letter|show_letter|show_letter|show_letter|show_letter|show_letter|show_letter|show_letter|show_dash|show_letter|left_click,unknown,left_click,1
sub-002,run-04,19,11,1,1,1,0,1,0,0,8,show_cross|show_letter|show_letter|show_letter|show_letter|show_letter|show_letter|show_letter|show_dash|show_letter|right_click,unknown,right_click,1
sub-002,run-04,20,13,1,1,1,1,1,0,0,9,show_cross|show_letter|show_letter|show_letter|show_letter|show_letter|show_letter|show_letter|show_letter|show_dash|show_letter|left_click|right_click,unknown,right_click,1
sub-003,run-01,1,18,1,1,1,0,1,1,0,11,show_cross|show_letter|show_letter|show_letter|show_letter|show_letter|show_letter|show_dash|show_letter|right_click|sound_beep|show_letter|show_letter|show_letter|show_letter|right_click|sound_beep|right_click,correct,right_click,1
sub-003,run-01,2,9,1,1,1,0,1,0,0,6,show_cross|show_letter|show_letter|show_letter|show_letter|show_letter|show_dash|show_letter|right_click,unknown,right_click,1
sub-003,run-01,3,8,1,1,0,0,1,0,0,6,show_cross|show_letter|show_letter|show_letter|show_letter|show_letter|show_letter|right_click,unknown,right_click,0
sub-003,run-01,4,13,1,1,1,1,1,1,0,8,show_cross|show_letter|show_letter|show_letter|show_letter|show_letter|show_letter|show_letter|show_dash|show_letter|left_click|sound_beep|right_click,correct,right_click,1
sub-003,run-01,5,11,1,1,1,0,1,0,0,8,show_cross|show_letter|show_letter|show_letter|show_letter|show_letter|show_letter|show_letter|show_letter|show_dash|right_click,unknown,right_click,1
sub-003,run-01,6,12,1,1,1,0,1,0,0,8,show_cross|show_letter|show_letter|show_letter|show_letter|show_letter|show_letter|show_letter|show_dash|show_letter|right_click|right_click,unknown,right_click,1
sub-003,run-01,7,10,1,1,1,0,1,0,0,7,show_cross|show_letter|show_letter|show_letter|show_letter|show_letter|show_letter|show_dash|show_letter|right_click,unknown,right_click,1
sub-003,run-01,8,12,1,1,1,0,1,1,0,7,show_cross|show_letter|show_letter|show_letter|show_letter|show_letter|show_letter|show_dash|show_letter|right_click|sound_beep|right_click,correct,right_click,1
sub-003,run-01,9,12,1,1,1,0,1,1,0,8,show_cross|show_letter|show_letter|show_letter|show_letter|show_letter|show_letter|show_letter|show_dash|show_letter|sound_beep|right_click,correct,right_click,1
sub-003,run-01,10,12,1,1,1,0,1,1,0,7,show_cross|show_letter|show_letter|show_letter|show_letter|show_letter|show_letter|show_dash|show_letter|right_click|sound_beep|right_click,correct,right_click,1
sub-003,run-01,11,11,1,1,1,0,1,0,0,8,show_cross|show_letter|show_letter|show_letter|show_letter|show_letter|show_letter|show_letter|show_dash|show_letter|right_click,unknown,right_click,1
sub-003,run-01,12,12,1,1,0,0,1,1,0,8,show_cross|show_letter|show_letter|show_letter|show_letter|show_letter|show_letter|show_letter|show_letter|right_click|sound_beep|right_click,correct,right_click,0
sub-003,run-01,13,10,1,1,0,1,1,0,0,7,show_cross|show_letter|show_letter|show_letter|show_letter|show_letter|show_letter|show_letter|left_click|right_click,unknown,right_click,0
sub-003,run-01,14,13,1,1,1,1,1,1,0,8,show_cross|show_letter|show_letter|show_letter|show_letter|show_letter|show_letter|show_letter|show_dash|show_letter|left_click|sound_beep|right_click,correct,right_click,1
sub-003,run-01,15,12,1,1,1,0,1,1,0,7,show_cross|show_letter|show_letter|show_letter|show_letter|show_letter|show_letter|show_dash|show_letter|right_click|sound_beep|right_click,correct,right_click,1
sub-003,run-01,16,23,1,1,1,1,1,1,0,17,show_cross|show_letter|show_letter|show_letter|show_letter|show_letter|show_letter|show_letter|show_letter|show_dash|show_letter|left_click|show_letter|show_letter|show_letter|show_letter|show_letter|show_letter|show_letter|show_letter|left_click|sound_beep|right_click,correct,right_click,1
sub-003,run-01,17,9,1,1,1,0,1,0,0,5,show_cross|show_letter|show_letter|show_letter|show_letter|show_dash|show_letter|right_click|right_click,unknown,right_click,1
sub-003,run-01,18,20,1,1,1,1,1,1,0,13,show_cross|show_letter|show_letter|show_letter|show_letter|show_letter|show_dash|show_letter|left_click|sound_beep|show_letter|show_letter|show_letter|show_letter|show_letter|show_letter|show_letter|right_click|sound_beep|right_click,correct,right_click,1
sub-003,run-01,19,14,1,1,1,1,1,1,0,9,show_cross|show_letter|show_letter|show_letter|show_letter|show_letter|show_letter|show_letter|show_letter|show_dash|show_letter|left_click|sound_beep|right_click,correct,right_click,1
sub-003,run-01,20,12,1,1,1,0,1,0,0,8,show_cross|show_letter|show_letter|show_letter|show_letter|show_letter|show_letter|show_letter|show_dash|show_letter|right_click|right_click,unknown,right_click,1
sub-003,run-01,21,12,1,1,1,1,1,1,0,7,show_cross|show_letter|show_letter|show_letter|show_letter|show_letter|show_letter|show_dash|show_letter|left_click|sound_beep|right_click,correct,right_click,1
sub-003,run-01,22,13,1,1,1,1,1,1,0,8,show_cross|show_letter|show_letter|show_letter|show_letter|show_letter|show_letter|show_letter|show_dash|show_letter|left_click|sound_beep|right_click,correct,right_click,1
sub-003,run-02,1,9,1,1,0,0,1,1,0,5,show_cross|show_letter|show_letter|show_letter|show_letter|show_letter|right_click|sound_beep|right_click,correct,right_click,0
sub-003,run-02,2,32,1,1,1,1,1,1,0,25,show_cross|show_letter|show_letter|show_letter|show_letter|show_letter|show_letter|show_letter|show_dash|show_letter|right_click|sound_beep|show_letter|show_letter|show_letter|show_letter|show_letter|show_letter|show_letter|show_letter|left_click|show_letter|show_letter|show_letter|show_letter|show_letter|show_letter|show_letter|show_letter|show_letter|sound_beep|right_click,correct,right_click,1
sub-003,run-02,3,22,1,1,0,1,1,1,0,16,show_cross|show_letter|show_letter|show_letter|show_letter|show_letter|show_letter|show_letter|show_letter|show_letter|left_click|sound_beep|show_letter|show_letter|show_letter|show_letter|show_letter|show_letter|show_letter|left_click|sound_beep|right_click,correct,right_click,0
sub-003,run-02,4,11,1,1,0,1,1,1,0,7,show_cross|show_letter|show_letter|show_letter|show_letter|show_letter|show_letter|show_letter|left_click|sound_beep|right_click,correct,right_click,0
sub-003,run-02,5,11,1,1,1,1,1,1,0,6,show_cross|show_letter|show_letter|show_letter|show_letter|show_letter|show_letter|show_dash|left_click|sound_beep|right_click,correct,right_click,1
sub-003,run-02,6,11,1,1,0,0,1,1,0,7,show_cross|show_letter|show_letter|show_letter|show_letter|show_letter|show_letter|show_letter|right_click|sound_beep|right_click,correct,right_click,0
sub-003,run-02,7,13,1,1,1,0,1,1,0,8,show_cross|show_letter|show_letter|show_letter|show_letter|show_letter|show_letter|show_letter|show_letter|show_dash|right_click|sound_beep|right_click,correct,right_click,1
sub-003,run-02,8,13,1,1,1,0,1,1,0,8,show_cross|show_letter|show_letter|show_letter|show_letter|show_letter|show_letter|show_letter|show_dash|show_letter|right_click|sound_beep|right_click,correct,right_click,1
sub-003,run-02,9,13,1,1,1,0,1,0,0,9,show_cross|show_letter|show_letter|show_letter|show_letter|show_letter|show_letter|show_letter|show_letter|show_dash|show_letter|right_click|right_click,unknown,right_click,1
sub-003,run-02,10,11,1,1,1,1,1,1,0,6,show_cross|show_letter|show_letter|show_letter|show_letter|show_letter|show_letter|show_dash|left_click|sound_beep|right_click,correct,right_click,1
sub-003,run-02,11,12,1,1,1,0,1,1,0,7,show_cross|show_letter|show_letter|show_letter|show_letter|show_letter|show_letter|show_dash|show_letter|right_click|sound_beep|right_click,correct,right_click,1
sub-003,run-02,12,23,1,1,1,1,1,1,0,16,show_cross|show_letter|show_letter|show_letter|show_letter|show_letter|show_letter|show_letter|show_dash|show_letter|sound_beep|show_letter|show_letter|show_letter|show_letter|show_letter|show_letter|show_letter|show_dash|show_letter|left_click|sound_beep|right_click,correct,right_click,1
sub-003,run-02,13,11,1,1,0,1,1,0,0,8,show_cross|show_letter|show_letter|show_letter|show_letter|show_letter|show_letter|show_letter|show_letter|left_click|right_click,unknown,right_click,0
sub-003,run-02,14,12,1,1,1,1,1,1,0,7,show_cross|show_letter|show_letter|show_letter|show_letter|show_letter|show_letter|show_dash|show_letter|left_click|sound_beep|right_click,correct,right_click,1
sub-003,run-02,15,11,1,1,0,0,1,1,0,7,show_cross|show_letter|show_letter|show_letter|show_letter|show_letter|show_letter|show_letter|right_click|sound_beep|right_click,correct,right_click,0
sub-003,run-02,16,13,1,1,1,0,1,1,0,8,show_cross|show_letter|show_letter|show_letter|show_letter|show_letter|show_letter|show_letter|show_letter|show_dash|right_click|sound_beep|right_click,correct,right_click,1
sub-003,run-02,17,14,1,1,1,0,1,1,0,9,show_cross|show_letter|show_letter|show_letter|show_letter|show_letter|show_letter|show_letter|show_letter|show_dash|show_letter|right_click|sound_beep|right_click,correct,right_click,1
sub-003,run-02,18,12,1,1,1,1,1,0,0,8,show_cross|show_letter|show_letter|show_letter|show_letter|show_letter|show_letter|show_letter|show_dash|show_letter|left_click|right_click,unknown,right_click,1
sub-003,run-02,19,24,1,1,1,0,1,1,0,17,show_cross|show_letter|show_letter|show_letter|show_letter|show_letter|show_letter|show_letter|show_letter|show_dash|show_letter|right_click|show_letter|show_letter|show_letter|show_letter|show_letter|show_letter|show_letter|show_dash|show_letter|right_click|sound_beep|right_click,correct,right_click,1
sub-003,run-03,1,22,1,1,0,1,1,1,0,16,show_cross|show_letter|show_letter|show_letter|show_letter|show_letter|show_letter|show_letter|show_letter|left_click|sound_beep|show_letter|show_letter|show_letter|show_letter|show_letter|show_letter|show_letter|show_letter|right_click|sound_beep|right_click,correct,right_click,0
sub-003,run-03,2,14,1,1,1,1,1,1,0,9,show_cross|show_letter|show_letter|show_letter|show_letter|show_letter|show_letter|show_letter|show_letter|show_dash|show_letter|left_click|sound_beep|right_click,correct,right_click,1
sub-003,run-03,3,12,1,1,1,0,1,1,0,8,show_cross|show_letter|show_letter|show_letter|show_letter|show_letter|show_letter|show_letter|show_dash|show_letter|sound_beep|right_click,correct,right_click,1
sub-003,run-03,4,13,1,1,1,0,1,1,0,8,show_cross|show_letter|show_letter|show_letter|show_letter|show_letter|show_letter|show_letter|show_letter|show_dash|right_click|sound_beep|right_click,correct,right_click,1
sub-003,run-03,5,13,1,1,0,1,1,1,0,9,show_cross|show_letter|show_letter|show_letter|show_letter|show_letter|show_letter|show_letter|show_letter|show_letter|left_click|sound_beep|right_click,correct,right_click,0
sub-003,run-03,6,11,1,1,1,1,0,1,0,7,show_cross|show_letter|show_letter|show_letter|show_letter|show_letter|show_letter|show_letter|show_dash|sound_beep|left_click,correct,left_click,1
sub-003,run-03,7,12,1,1,1,1,1,0,0,8,show_cross|show_letter|show_letter|show_letter|show_letter|show_letter|show_letter|show_letter|show_dash|show_letter|left_click|right_click,unknown,right_click,1
sub-003,run-03,8,12,1,1,1,1,1,1,0,7,show_cross|show_letter|show_letter|show_letter|show_letter|show_letter|show_letter|show_dash|show_letter|right_click|sound_beep|left_click,correct,right_click,1
sub-003,run-03,9,13,1,1,1,1,1,1,0,8,show_cross|show_letter|show_letter|show_letter|show_letter|show_letter|show_letter|show_letter|show_dash|show_letter|right_click|sound_beep|left_click,correct,right_click,1
sub-003,run-03,10,13,1,1,0,0,1,1,0,9,show_cross|show_letter|show_letter|show_letter|show_letter|show_letter|show_letter|show_letter|show_letter|show_letter|right_click|sound_beep|right_click,correct,right_click,0
sub-003,run-03,11,14,1,1,1,0,1,1,0,9,show_cross|show_letter|show_letter|show_letter|show_letter|show_letter|show_letter|show_letter|show_letter|show_dash|show_letter|right_click|sound_beep|right_click,correct,right_click,1
sub-003,run-03,12,13,1,1,1,1,1,1,0,8,show_cross|show_letter|show_letter|show_letter|show_letter|show_letter|show_letter|show_letter|show_dash|show_letter|right_click|sound_beep|left_click,correct,right_click,1
sub-003,run-03,13,13,1,1,0,1,1,1,0,9,show_cross|show_letter|show_letter|show_letter|show_letter|show_letter|show_letter|show_letter|show_letter|show_letter|left_click|sound_beep|right_click,correct,right_click,0
sub-003,run-03,14,11,1,1,0,0,1,1,0,8,show_cross|show_letter|show_letter|show_letter|show_letter|show_letter|show_letter|show_letter|show_letter|sound_beep|right_click,correct,right_click,0
sub-003,run-03,15,14,1,1,1,0,1,1,0,9,show_cross|show_letter|show_letter|show_letter|show_letter|show_letter|show_letter|show_letter|show_letter|show_dash|show_letter|right_click|sound_beep|right_click,correct,right_click,1
sub-003,run-03,16,13,1,1,1,0,1,1,0,9,show_cross|show_letter|show_letter|show_letter|show_letter|show_letter|show_letter|show_letter|show_letter|show_dash|show_letter|sound_beep|right_click,correct,right_click,1
sub-003,run-03,17,14,1,1,1,1,1,1,0,9,show_cross|show_letter|show_letter|show_letter|show_letter|show_letter|show_letter|show_letter|show_letter|show_dash|show_letter|left_click|sound_beep|right_click,correct,right_click,1
sub-003,run-03,18,14,1,1,1,1,1,1,0,9,show_cross|show_letter|show_letter|show_letter|show_letter|show_letter|show_letter|show_letter|show_letter|show_dash|show_letter|left_click|sound_beep|right_click,correct,right_click,1
sub-003,run-03,19,12,1,1,1,1,0,1,0,8,show_cross|show_letter|show_letter|show_letter|show_letter|show_letter|show_letter|show_letter|show_dash|show_letter|sound_beep|left_click,correct,left_click,1
sub-003,run-03,20,13,1,1,1,0,1,1,0,8,show_cross|show_letter|show_letter|show_letter|show_letter|show_letter|show_letter|show_letter|show_dash|show_letter|right_click|sound_beep|right_click,correct,right_click,1
sub-003,run-03,21,14,1,1,1,1,1,1,0,9,show_cross|show_letter|show_letter|show_letter|show_letter|show_letter|show_letter|show_letter|show_letter|show_dash|show_letter|left_click|sound_beep|right_click,correct,right_click,1
sub-003,run-03,22,13,1,1,1,0,1,1,0,8,show_cross|show_letter|show_letter|show_letter|show_letter|show_letter|show_letter|show_letter|show_dash|show_letter|right_click|sound_beep|right_click,correct,right_click,1
sub-003,run-03,23,13,1,1,0,1,1,1,0,9,show_cross|show_letter|show_letter|show_letter|show_letter|show_letter|show_letter|show_letter|show_letter|show_letter|left_click|sound_beep|right_click,correct,right_click,0
sub-003,run-03,24,14,1,1,1,1,1,1,0,9,show_cross|show_letter|show_letter|show_letter|show_letter|show_letter|show_letter|show_letter|show_letter|show_dash|show_letter|right_click|sound_beep|left_click,correct,right_click,1
sub-003,run-04,1,10,1,1,1,1,1,0,0,6,show_cross|show_letter|show_letter|show_letter|show_letter|show_letter|show_dash|show_letter|left_click|right_click,unknown,right_click,1
sub-003,run-04,2,10,1,1,1,0,1,0,0,7,show_cross|show_letter|show_letter|show_letter|show_letter|show_letter|show_letter|show_dash|show_letter|right_click,unknown,right_click,1
sub-003,run-04,3,14,1,1,1,0,1,1,0,9,show_cross|show_letter|show_letter|show_letter|show_letter|show_letter|show_letter|show_letter|show_letter|show_dash|show_letter|right_click|sound_beep|right_click,correct,right_click,1
sub-003,run-04,4,12,1,1,1,0,1,0,0,8,show_cross|show_letter|show_letter|show_letter|show_letter|show_letter|show_letter|show_letter|show_dash|show_letter|right_click|right_click,unknown,right_click,1
sub-003,run-04,5,12,1,1,1,1,1,0,0,8,show_cross|show_letter|show_letter|show_letter|show_letter|show_letter|show_letter|show_letter|show_dash|show_letter|left_click|right_click,unknown,right_click,1
sub-003,run-04,6,12,1,1,1,1,0,1,0,7,show_cross|show_letter|show_letter|show_letter|show_letter|show_letter|show_letter|show_dash|show_letter|left_click|sound_beep|left_click,correct,left_click,1
sub-003,run-04,7,13,1,1,1,1,1,1,0,8,show_cross|show_letter|show_letter|show_letter|show_letter|show_letter|show_letter|show_letter|show_dash|show_letter|right_click|sound_beep|left_click,correct,right_click,1
sub-003,run-04,8,14,1,1,1,1,1,1,0,9,show_cross|show_letter|show_letter|show_letter|show_letter|show_letter|show_letter|show_letter|show_letter|show_dash|show_letter|left_click|sound_beep|right_click,correct,right_click,1
sub-003,run-04,9,11,1,1,1,1,1,1,0,6,show_cross|show_letter|show_letter|show_letter|show_letter|show_letter|show_dash|show_letter|right_click|sound_beep|left_click,correct,right_click,1
sub-003,run-04,10,9,1,1,1,0,1,0,0,6,show_cross|show_letter|show_letter|show_letter|show_letter|show_letter|show_dash|show_letter|right_click,unknown,right_click,1
sub-003,run-04,11,25,1,1,1,0,1,1,0,18,show_cross|show_letter|show_letter|show_letter|show_letter|show_letter|show_letter|show_letter|show_letter|show_dash|show_letter|right_click|sound_beep|show_letter|show_letter|show_letter|show_letter|show_letter|show_letter|show_letter|show_letter|show_dash|show_letter|sound_beep|right_click,correct,right_click,1
sub-003,run-04,12,26,1,1,1,1,1,1,0,18,show_cross|show_letter|show_letter|show_letter|show_letter|show_letter|show_letter|show_letter|show_letter|show_dash|show_letter|left_click|sound_beep|show_letter|show_letter|show_letter|show_letter|show_letter|show_letter|show_letter|show_letter|show_dash|show_letter|left_click|sound_beep|right_click,correct,right_click,1
sub-003,run-04,13,10,1,1,0,0,1,1,0,7,show_cross|show_letter|show_letter|show_letter|show_letter|show_letter|show_letter|show_letter|sound_beep|right_click,correct,right_click,0
sub-003,run-04,14,13,1,1,1,0,1,1,0,8,show_cross|show_letter|show_letter|show_letter|show_letter|show_letter|show_letter|show_letter|show_dash|show_letter|right_click|sound_beep|right_click,correct,right_click,1
sub-003,run-04,15,22,1,1,1,1,1,1,0,15,show_cross|show_letter|show_letter|show_letter|show_letter|show_letter|show_letter|left_click|sound_beep|show_letter|show_letter|show_letter|show_letter|show_letter|show_letter|show_letter|show_letter|show_dash|show_letter|right_click|sound_beep|right_click,correct,right_click,1
sub-003,run-04,16,36,1,1,1,1,0,1,1,26,show_cross|show_letter|show_letter|show_letter|show_letter|show_letter|show_letter|show_letter|show_letter|show_dash|show_letter|left_click|sound_beep|show_letter|show_letter|show_letter|show_letter|show_letter|show_letter|show_letter|show_letter|show_dash|show_letter|left_click|sound_beep|show_letter|show_letter|show_letter|show_letter|show_letter|show_letter|show_letter|show_dash|show_letter|left_click|sound_buzz,correct,left_click,1
sub-003,run-04,17,13,1,1,1,1,1,1,0,8,show_cross|show_letter|show_letter|show_letter|show_letter|show_letter|show_letter|show_letter|show_dash|show_letter|left_click|sound_beep|right_click,correct,right_click,1
sub-003,run-04,18,13,1,1,1,1,1,1,0,8,show_cross|show_letter|show_letter|show_letter|show_letter|show_letter|show_letter|show_letter|show_dash|show_letter|left_click|sound_beep|right_click,correct,right_click,1
sub-003,run-04,19,14,1,1,1,0,1,1,0,9,show_cross|show_letter|show_letter|show_letter|show_letter|show_letter|show_letter|show_letter|show_letter|show_dash|show_letter|right_click|sound_beep|right_click,correct,right_click,1
sub-003,run-04,20,13,1,1,1,1,1,0,0,9,show_cross|show_letter|show_letter|show_letter|show_letter|show_letter|show_letter|show_letter|show_letter|show_dash|show_letter|left_click|right_click,unknown,right_click,1
sub-004,run-01,1,10,1,1,0,0,1,0,0,8,show_cross|show_letter|show_letter|show_letter|show_letter|show_letter|show_letter|show_letter|show_letter|right_click,unknown,right_click,0
sub-004,run-01,2,7,1,1,0,0,1,0,0,5,show_cross|show_letter|show_letter|show_letter|show_letter|show_letter|right_click,unknown,right_click,0
sub-004,run-01,3,7,1,1,0,0,1,0,0,5,show_cross|show_letter|show_letter|show_letter|show_letter|show_letter|right_click,unknown,right_click,0
sub-004,run-01,4,5,1,1,0,0,1,0,0,3,show_cross|show_letter|show_letter|show_letter|right_click,unknown,right_click,0
sub-004,run-01,5,8,1,1,0,0,1,0,0,6,show_cross|show_letter|show_letter|show_letter|show_letter|show_letter|show_letter|right_click,unknown,right_click,0
sub-004,run-01,6,12,1,1,1,1,1,0,0,8,show_cross|show_letter|show_letter|show_letter|left_click|show_letter|show_letter|show_letter|show_letter|show_dash|show_letter|right_click,unknown,right_click,1
sub-004,run-01,7,20,1,1,0,0,1,0,0,18,show_cross|show_letter|show_letter|show_letter|show_letter|show_letter|show_letter|show_letter|show_letter|show_letter|show_letter|show_letter|show_letter|show_letter|show_letter|show_letter|show_letter|show_letter|show_letter|right_click,unknown,right_click,0
sub-004,run-01,8,14,1,1,1,0,1,1,0,9,show_cross|show_dash|show_letter|show_letter|show_letter|show_letter|show_letter|sound_beep|show_letter|show_letter|show_letter|show_letter|show_dash|right_click,correct,right_click,1
sub-004,run-01,9,17,1,1,0,0,1,0,0,15,show_cross|show_letter|show_letter|show_letter|show_letter|show_letter|show_letter|show_letter|show_letter|show_letter|show_letter|show_letter|show_letter|show_letter|show_letter|show_letter|right_click,unknown,right_click,0
sub-004,run-03,1,14,1,1,1,0,1,1,0,9,show_cross|show_letter|show_letter|show_letter|show_letter|show_letter|show_letter|show_letter|show_letter|show_dash|show_letter|right_click|sound_beep|right_click,correct,right_click,1
sub-004,run-03,2,13,1,1,1,1,1,1,0,8,show_cross|show_letter|show_letter|show_letter|show_letter|show_letter|show_letter|show_letter|show_dash|show_letter|left_click|sound_beep|right_click,correct,right_click,1
sub-004,run-03,3,13,1,1,1,1,1,0,0,9,show_cross|show_letter|show_letter|show_letter|show_letter|show_letter|show_letter|show_letter|show_letter|show_dash|show_letter|left_click|right_click,unknown,right_click,1
sub-004,run-03,4,13,1,1,1,1,1,0,0,9,show_cross|show_letter|show_letter|show_letter|show_letter|show_letter|show_letter|show_letter|show_letter|show_dash|show_letter|left_click|right_click,unknown,right_click,1
sub-004,run-03,5,14,1,1,1,0,1,1,0,9,show_cross|show_letter|show_letter|show_letter|show_letter|show_letter|show_letter|show_letter|show_letter|show_dash|show_letter|right_click|sound_beep|right_click,correct,right_click,1
sub-004,run-03,6,13,1,1,1,0,1,0,0,9,show_cross|show_letter|show_letter|show_letter|show_letter|show_letter|show_letter|show_letter|show_letter|show_dash|show_letter|right_click|right_click,unknown,right_click,1
sub-004,run-03,7,14,1,1,1,0,1,1,0,9,show_cross|show_letter|show_letter|show_letter|show_letter|show_letter|show_letter|show_letter|show_letter|show_dash|show_letter|right_click|sound_beep|right_click,correct,right_click,1
sub-004,run-03,8,14,1,1,1,1,1,1,0,9,show_cross|show_letter|show_letter|show_letter|show_letter|show_letter|show_letter|show_letter|show_letter|show_dash|show_letter|left_click|sound_beep|right_click,correct,right_click,1
sub-004,run-03,9,14,1,1,1,0,1,1,0,9,show_cross|show_letter|show_letter|show_letter|show_letter|show_letter|show_letter|show_letter|show_letter|show_dash|show_letter|right_click|sound_beep|right_click,correct,right_click,1
sub-004,run-03,10,22,1,1,1,0,1,1,0,16,show_cross|show_letter|show_letter|show_letter|show_letter|show_letter|show_letter|show_letter|show_letter|show_dash|show_letter|show_letter|show_letter|show_letter|show_letter|show_letter|show_letter|show_dash|show_letter|right_click|sound_beep|right_click,correct,right_click,1
sub-004,run-03,11,13,1,1,1,0,1,0,1,9,show_cross|show_letter|show_letter|show_letter|show_letter|show_letter|show_letter|show_letter|show_letter|show_dash|show_letter|sound_buzz|right_click,incorrect,right_click,1
sub-004,run-03,12,13,1,1,1,0,1,1,0,9,show_cross|show_letter|show_letter|show_letter|show_letter|show_letter|show_letter|show_letter|show_letter|show_dash|show_letter|sound_beep|right_click,correct,right_click,1
sub-004,run-03,13,13,1,1,1,1,1,0,0,9,show_cross|show_letter|show_letter|show_letter|show_letter|show_letter|show_letter|show_letter|show_letter|show_dash|show_letter|left_click|right_click,unknown,right_click,1
sub-004,run-03,14,13,1,1,1,0,1,1,0,8,show_cross|show_letter|show_letter|show_letter|show_letter|show_letter|show_letter|show_letter|show_letter|show_dash|right_click|sound_beep|right_click,correct,right_click,1
sub-004,run-03,15,14,1,1,1,0,1,1,0,9,show_cross|show_letter|show_letter|show_letter|show_letter|show_letter|show_letter|show_letter|show_letter|show_dash|show_letter|right_click|sound_beep|right_click,correct,right_click,1
sub-004,run-03,16,14,1,1,1,0,1,1,0,9,show_cross|show_letter|show_letter|show_letter|show_letter|show_letter|show_letter|show_letter|show_letter|show_dash|show_letter|right_click|sound_beep|right_click,correct,right_click,1
sub-004,run-03,17,14,1,1,1,0,1,1,0,9,show_cross|show_letter|show_letter|show_letter|show_letter|show_letter|show_letter|show_letter|show_letter|show_dash|show_letter|right_click|sound_beep|right_click,correct,right_click,1
sub-004,run-03,18,14,1,1,1,1,1,1,0,9,show_cross|show_letter|show_letter|show_letter|show_letter|show_letter|show_letter|show_letter|show_letter|show_dash|show_letter|left_click|sound_beep|right_click,correct,right_click,1
sub-004,run-03,19,14,1,1,1,1,1,1,0,9,show_cross|show_letter|show_letter|show_letter|show_letter|show_letter|show_letter|show_letter|show_letter|show_dash|show_letter|left_click|sound_beep|right_click,correct,right_click,1
sub-004,run-03,20,12,1,1,1,0,1,1,0,8,show_cross|show_letter|show_letter|show_letter|show_letter|show_letter|show_letter|show_letter|show_dash|show_letter|sound_beep|right_click,correct,right_click,1
sub-004,run-03,21,14,1,1,1,0,1,1,0,9,show_cross|show_letter|show_letter|show_letter|show_letter|show_letter|show_letter|show_letter|show_letter|show_dash|show_letter|right_click|sound_beep|right_click,correct,right_click,1
sub-004,run-03,22,14,1,1,1,1,1,1,0,9,show_cross|show_letter|show_letter|show_letter|show_letter|show_letter|show_letter|show_letter|show_letter|show_dash|show_letter|left_click|sound_beep|right_click,correct,right_click,1
sub-004,run-03,23,4,1,1,0,0,1,0,0,2,show_cross|show_letter|show_letter|right_click,unknown,right_click,0
sub-004,run-04,1,14,1,1,1,1,1,1,0,9,show_cross|show_letter|show_letter|show_letter|show_letter|show_letter|show_letter|show_letter|show_letter|show_dash|show_letter|left_click|sound_beep|right_click,correct,right_click,1
sub-004,run-04,2,14,1,1,1,0,1,0,1,9,show_cross|show_letter|show_letter|show_letter|show_letter|show_letter|show_letter|show_letter|show_letter|show_dash|show_letter|right_click|sound_buzz|right_click,incorrect,right_click,1
sub-004,run-04,3,14,1,1,1,0,1,1,0,9,show_cross|show_letter|show_letter|show_letter|show_letter|show_letter|show_letter|show_letter|show_letter|show_dash|show_letter|right_click|sound_beep|right_click,correct,right_click,1
sub-004,run-04,4,13,1,1,1,1,1,1,0,8,show_cross|show_letter|show_letter|show_letter|show_letter|show_letter|show_letter|show_letter|show_dash|show_letter|left_click|sound_beep|right_click,correct,right_click,1
sub-004,run-04,5,14,1,1,1,1,1,1,0,9,show_cross|show_letter|show_letter|show_letter|show_letter|show_letter|show_letter|show_letter|show_letter|show_dash|show_letter|left_click|sound_beep|right_click,correct,right_click,1
sub-004,run-04,6,14,1,1,1,1,1,1,0,9,show_cross|show_letter|show_letter|show_letter|show_letter|show_letter|show_letter|show_letter|show_letter|show_dash|show_letter|left_click|sound_beep|right_click,correct,right_click,1
sub-004,run-04,7,14,1,1,1,0,1,1,0,9,show_cross|show_letter|show_letter|show_letter|show_letter|show_letter|show_letter|show_letter|show_letter|show_dash|show_letter|right_click|sound_beep|right_click,correct,right_click,1
sub-004,run-04,8,13,1,1,1,1,1,0,0,9,show_cross|show_letter|show_letter|show_letter|show_letter|show_letter|show_letter|show_letter|show_letter|show_dash|show_letter|left_click|right_click,unknown,right_click,1
sub-004,run-04,9,14,1,1,1,0,1,1,0,9,show_cross|show_letter|show_letter|show_letter|show_letter|show_letter|show_letter|show_letter|show_letter|show_dash|show_letter|right_click|sound_beep|right_click,correct,right_click,1
sub-004,run-04,10,13,1,1,1,1,1,1,0,8,show_cross|show_letter|show_letter|show_letter|show_letter|show_letter|show_letter|show_letter|show_dash|show_letter|left_click|sound_beep|right_click,correct,right_click,1
sub-004,run-04,11,14,1,1,1,0,1,1,0,9,show_cross|show_letter|show_letter|show_letter|show_letter|show_letter|show_letter|show_letter|show_letter|show_dash|show_letter|right_click|sound_beep|right_click,correct,right_click,1
sub-004,run-04,12,14,1,1,1,0,1,1,0,9,show_cross|show_letter|show_letter|show_letter|show_letter|show_letter|show_letter|show_letter|show_letter|show_dash|show_letter|right_click|sound_beep|right_click,correct,right_click,1
sub-004,run-04,13,14,1,1,1,1,1,1,0,9,show_cross|show_letter|show_letter|show_letter|show_letter|show_letter|show_letter|show_letter|show_letter|show_dash|show_letter|left_click|sound_beep|right_click,correct,right_click,1
sub-004,run-04,14,14,1,1,1,1,1,1,0,9,show_cross|show_letter|show_letter|show_letter|show_letter|show_letter|show_letter|show_letter|show_letter|show_dash|show_letter|left_click|sound_beep|right_click,correct,right_click,1
sub-004,run-04,15,12,1,1,1,0,1,0,0,9,show_cross|show_letter|show_letter|show_letter|show_letter|show_letter|show_letter|show_letter|show_letter|show_dash|show_letter|right_click,unknown,right_click,1
sub-004,run-04,16,14,1,1,1,0,1,1,0,9,show_cross|show_letter|show_letter|show_letter|show_letter|show_letter|show_letter|show_letter|show_letter|show_dash|show_letter|right_click|sound_beep|right_click,correct,right_click,1
sub-004,run-04,17,14,1,1,1,1,1,1,0,9,show_cross|show_letter|show_letter|show_letter|show_letter|show_letter|show_letter|show_letter|show_letter|show_dash|show_letter|left_click|sound_beep|right_click,correct,right_click,1
sub-004,run-04,18,14,1,1,1,1,1,1,0,9,show_cross|show_letter|show_letter|show_letter|show_letter|show_letter|show_letter|show_letter|show_letter|show_dash|show_letter|left_click|sound_beep|right_click,correct,right_click,1
sub-004,run-04,19,13,1,1,0,1,1,1,0,9,show_cross|show_letter|show_letter|show_letter|show_letter|show_letter|show_letter|show_letter|show_letter|show_letter|left_click|sound_beep|right_click,correct,right_click,0
sub-004,run-04,20,14,1,1,1,0,1,1,0,9,show_cross|show_letter|show_letter|show_letter|show_letter|show_letter|show_letter|show_letter|show_letter|show_dash|show_letter|right_click|sound_beep|right_click,correct,right_click,1
sub-004,run-04,21,14,1,1,1,1,1,1,0,9,show_cross|show_letter|show_letter|show_letter|show_letter|show_letter|show_letter|show_letter|show_letter|show_dash|show_letter|left_click|sound_beep|right_click,correct,right_click,1
sub-004,run-04,22,13,1,1,1,1,1,1,0,8,show_cross|show_letter|show_letter|show_letter|show_letter|show_letter|show_letter|show_letter|show_letter|show_dash|left_click|sound_beep|right_click,correct,right_click,1
sub-004,run-04,23,12,1,1,0,0,1,1,0,8,show_cross|show_letter|show_letter|show_letter|show_letter|show_letter|show_letter|show_letter|show_letter|right_click|sound_beep|right_click,correct,right_click,0
sub-004,run-04,24,13,1,1,0,0,1,1,0,9,show_cross|show_letter|show_letter|show_letter|show_letter|show_letter|show_letter|show_letter|show_letter|show_letter|right_click|sound_beep|right_click,correct,right_click,0
sub-004,run-04,25,11,1,1,1,0,1,0,0,8,show_cross|show_letter|show_letter|show_letter|show_letter|show_letter|show_letter|show_letter|show_dash|show_letter|right_click,unknown,right_click,1
sub-005,run-01,1,24,1,1,1,0,1,0,0,18,show_cross|show_letter|show_letter|show_letter|show_letter|show_letter|show_letter|show_letter|show_letter|show_dash|show_letter|right_click|show_letter|show_letter|show_letter|show_letter|show_letter|show_letter|show_letter|show_letter|show_dash|show_letter|right_click|right_click,unknown,right_click,1
sub-005,run-01,2,13,1,1,1,0,1,0,0,9,show_cross|show_letter|show_letter|show_letter|show_letter|show_letter|show_letter|show_letter|show_letter|show_dash|show_letter|right_click|right_click,unknown,right_click,1
sub-005,run-01,3,13,1,1,1,0,1,0,0,9,show_cross|show_letter|show_letter|show_letter|show_letter|show_letter|show_letter|show_letter|show_letter|show_dash|show_letter|right_click|right_click,unknown,right_click,1
sub-005,run-01,4,13,1,1,1,0,1,0,0,9,show_cross|show_letter|show_letter|show_letter|show_letter|show_letter|show_letter|show_letter|show_letter|show_dash|show_letter|right_click|right_click,unknown,right_click,1
sub-005,run-01,5,13,1,1,1,1,1,0,0,9,show_cross|show_letter|show_letter|show_letter|show_letter|show_letter|show_letter|show_letter|show_letter|show_dash|show_letter|left_click|right_click,unknown,right_click,1
sub-005,run-01,6,13,1,1,1,1,1,0,0,9,show_cross|show_letter|show_letter|show_letter|show_letter|show_letter|show_letter|show_letter|show_letter|show_dash|show_letter|left_click|right_click,unknown,right_click,1
sub-005,run-01,7,13,1,1,1,0,1,0,0,9,show_cross|show_letter|show_letter|show_letter|show_letter|show_letter|show_letter|show_letter|show_letter|show_dash|show_letter|right_click|right_click,unknown,right_click,1
sub-005,run-01,8,13,1,1,1,0,1,0,0,9,show_cross|show_letter|show_letter|show_letter|show_letter|show_letter|show_letter|show_letter|show_letter|show_dash|show_letter|right_click|right_click,unknown,right_click,1
sub-005,run-01,9,13,1,1,1,1,1,0,0,9,show_cross|show_letter|show_letter|show_letter|show_letter|show_letter|show_letter|show_letter|show_letter|show_dash|show_letter|left_click|right_click,unknown,right_click,1
sub-005,run-01,10,13,1,1,1,1,1,0,0,9,show_cross|show_letter|show_letter|show_letter|show_letter|show_letter|show_letter|show_letter|show_letter|show_dash|show_letter|left_click|right_click,unknown,right_click,1
sub-005,run-01,11,13,1,1,1,1,1,0,0,9,show_cross|show_letter|show_letter|show_letter|show_letter|show_letter|show_letter|show_letter|show_letter|show_dash|show_letter|left_click|right_click,unknown,right_click,1
sub-005,run-01,12,13,1,1,1,0,1,0,0,9,show_cross|show_letter|show_letter|show_letter|show_letter|show_letter|show_letter|show_letter|show_letter|show_dash|show_letter|right_click|right_click,unknown,right_click,1
sub-005,run-01,13,13,1,1,1,1,1,0,0,9,show_cross|show_letter|show_letter|show_letter|show_letter|show_letter|show_letter|show_letter|show_letter|show_dash|show_letter|left_click|right_click,unknown,right_click,1
sub-005,run-01,14,13,1,1,1,0,1,0,0,9,show_cross|show_letter|show_letter|show_letter|show_letter|show_letter|show_letter|show_letter|show_letter|show_dash|show_letter|right_click|right_click,unknown,right_click,1
sub-005,run-01,15,13,1,1,1,0,1,0,0,9,show_cross|show_letter|show_letter|show_letter|show_letter|show_letter|show_letter|show_letter|show_letter|show_dash|show_letter|right_click|right_click,unknown,right_click,1
sub-005,run-01,16,13,1,1,1,0,1,0,0,9,show_cross|show_letter|show_letter|show_letter|show_letter|show_letter|show_letter|show_letter|show_letter|show_dash|show_letter|right_click|right_click,unknown,right_click,1
sub-005,run-01,17,13,1,1,1,1,1,0,0,9,show_cross|show_letter|show_letter|show_letter|show_letter|show_letter|show_letter|show_letter|show_letter|show_dash|show_letter|left_click|right_click,unknown,right_click,1
sub-005,run-01,18,13,1,1,1,1,1,0,0,9,show_cross|show_letter|show_letter|show_letter|show_letter|show_letter|show_letter|show_letter|show_letter|show_dash|show_letter|left_click|right_click,unknown,right_click,1
sub-005,run-01,19,13,1,1,1,0,1,0,0,9,show_cross|show_letter|show_letter|show_letter|show_letter|show_letter|show_letter|show_letter|show_letter|show_dash|show_letter|right_click|right_click,unknown,right_click,1
sub-005,run-01,20,13,1,1,1,1,1,0,0,9,show_cross|show_letter|show_letter|show_letter|show_letter|show_letter|show_letter|show_letter|show_letter|show_dash|show_letter|left_click|right_click,unknown,right_click,1
sub-005,run-01,21,13,1,1,1,0,1,0,0,9,show_cross|show_letter|show_letter|show_letter|show_letter|show_letter|show_letter|show_letter|show_letter|show_dash|show_letter|right_click|right_click,unknown,right_click,1
sub-005,run-01,22,13,1,1,1,0,1,0,0,9,show_cross|show_letter|show_letter|show_letter|show_letter|show_letter|show_letter|show_letter|show_letter|show_dash|show_letter|right_click|right_click,unknown,right_click,1
sub-005,run-01,23,13,1,1,1,0,1,0,0,9,show_cross|show_letter|show_letter|show_letter|show_letter|show_letter|show_letter|show_letter|show_letter|show_dash|show_letter|right_click|right_click,unknown,right_click,1
sub-005,run-01,24,13,1,1,1,1,1,0,0,9,show_cross|show_letter|show_letter|show_letter|show_letter|show_letter|show_letter|show_letter|show_letter|show_dash|show_letter|left_click|right_click,unknown,right_click,1
sub-005,run-02,1,13,1,1,1,0,1,0,0,9,show_cross|show_letter|show_letter|show_letter|show_letter|show_letter|show_letter|show_letter|show_letter|show_dash|show_letter|right_click|right_click,unknown,right_click,1
sub-005,run-02,2,13,1,1,1,0,1,0,0,9,show_cross|show_letter|show_letter|show_letter|show_letter|show_letter|show_letter|show_letter|show_letter|show_dash|show_letter|right_click|right_click,unknown,right_click,1
sub-005,run-02,3,13,1,1,1,0,1,0,0,9,show_cross|show_letter|show_letter|show_letter|show_letter|show_letter|show_letter|show_letter|show_letter|show_dash|show_letter|right_click|right_click,unknown,right_click,1
sub-005,run-02,4,13,1,1,1,1,1,0,0,9,show_cross|show_letter|show_letter|show_letter|show_letter|show_letter|show_letter|show_letter|show_letter|show_dash|show_letter|left_click|right_click,unknown,right_click,1
sub-005,run-02,5,13,1,1,1,1,1,0,0,9,show_cross|show_letter|show_letter|show_letter|show_letter|show_letter|show_letter|show_letter|show_letter|show_dash|show_letter|left_click|right_click,unknown,right_click,1
sub-005,run-02,6,13,1,1,1,0,1,0,0,9,show_cross|show_letter|show_letter|show_letter|show_letter|show_letter|show_letter|show_letter|show_letter|show_dash|show_letter|right_click|right_click,unknown,right_click,1
sub-005,run-02,7,13,1,1,1,1,1,0,0,9,show_cross|show_letter|show_letter|show_letter|show_letter|show_letter|show_letter|show_letter|show_letter|show_dash|show_letter|left_click|right_click,unknown,right_click,1
sub-005,run-02,8,13,1,1,1,0,1,0,0,9,show_cross|show_letter|show_letter|show_letter|show_letter|show_letter|show_letter|show_letter|show_letter|show_dash|show_letter|right_click|right_click,unknown,right_click,1
sub-005,run-02,9,13,1,1,1,1,1,0,0,9,show_cross|show_letter|show_letter|show_letter|show_letter|show_letter|show_letter|show_letter|show_letter|show_dash|show_letter|left_click|right_click,unknown,right_click,1
sub-005,run-02,10,13,1,1,1,0,1,0,0,9,show_cross|show_letter|show_letter|show_letter|show_letter|show_letter|show_letter|show_letter|show_letter|show_dash|show_letter|right_click|right_click,unknown,right_click,1
sub-005,run-02,11,12,1,1,1,0,1,0,0,9,show_cross|show_letter|show_letter|show_letter|show_letter|show_letter|show_letter|show_letter|show_letter|show_dash|show_letter|right_click,unknown,right_click,1
sub-005,run-02,12,13,1,1,1,1,1,0,0,9,show_cross|show_letter|show_letter|show_letter|show_letter|show_letter|show_letter|show_letter|show_letter|show_dash|show_letter|left_click|right_click,unknown,right_click,1
sub-005,run-02,13,13,1,1,1,1,1,0,0,9,show_cross|show_letter|show_letter|show_letter|show_letter|show_letter|show_letter|show_letter|show_letter|show_dash|show_letter|left_click|right_click,unknown,right_click,1
sub-005,run-02,14,13,1,1,1,0,1,0,0,9,show_cross|show_letter|show_letter|show_letter|show_letter|show_letter|show_letter|show_letter|show_letter|show_dash|show_letter|right_click|right_click,unknown,right_click,1
sub-005,run-02,15,13,1,1,1,0,1,0,0,9,show_cross|show_letter|show_letter|show_letter|show_letter|show_letter|show_letter|show_letter|show_letter|show_dash|show_letter|right_click|right_click,unknown,right_click,1
sub-005,run-02,16,13,1,1,1,0,1,0,0,9,show_cross|show_letter|show_letter|show_letter|show_letter|show_letter|show_letter|show_letter|show_letter|show_dash|show_letter|right_click|right_click,unknown,right_click,1
sub-005,run-02,17,13,1,1,1,1,1,0,0,9,show_cross|show_letter|show_letter|show_letter|show_letter|show_letter|show_letter|show_letter|show_letter|show_dash|show_letter|left_click|right_click,unknown,right_click,1
sub-005,run-02,18,13,1,1,1,1,1,0,0,9,show_cross|show_letter|show_letter|show_letter|show_letter|show_letter|show_letter|show_letter|show_letter|show_dash|show_letter|left_click|right_click,unknown,right_click,1
sub-005,run-02,19,13,1,1,1,0,1,0,0,9,show_cross|show_letter|show_letter|show_letter|show_letter|show_letter|show_letter|show_letter|show_letter|show_dash|show_letter|right_click|right_click,unknown,right_click,1
sub-005,run-02,20,13,1,1,1,0,1,0,0,9,show_cross|show_letter|show_letter|show_letter|show_letter|show_letter|show_letter|show_letter|show_letter|show_dash|show_letter|right_click|right_click,unknown,right_click,1
sub-005,run-02,21,13,1,1,1,1,1,0,0,9,show_cross|show_letter|show_letter|show_letter|show_letter|show_letter|show_letter|show_letter|show_letter|show_dash|show_letter|left_click|right_click,unknown,right_click,1
sub-005,run-02,22,13,1,1,1,0,1,0,0,9,show_cross|show_letter|show_letter|show_letter|show_letter|show_letter|show_letter|show_letter|show_letter|show_dash|show_letter|right_click|right_click,unknown,right_click,1
sub-005,run-02,23,13,1,1,1,0,1,0,0,9,show_cross|show_letter|show_letter|show_letter|show_letter|show_letter|show_letter|show_letter|show_letter|show_dash|show_letter|right_click|right_click,unknown,right_click,1
sub-005,run-02,24,13,1,1,1,0,1,0,0,9,show_cross|show_letter|show_letter|show_letter|show_letter|show_letter|show_letter|show_letter|show_letter|show_dash|show_letter|right_click|right_click,unknown,right_click,1
sub-005,run-02,25,12,1,1,1,0,1,0,0,9,show_cross|show_letter|show_letter|show_letter|show_letter|show_letter|show_letter|show_letter|show_letter|show_dash|show_letter|right_click,unknown,right_click,1
sub-005,run-03,1,13,1,1,1,0,1,0,0,9,show_cross|show_letter|show_letter|show_letter|show_letter|show_letter|show_letter|show_letter|show_letter|show_dash|show_letter|right_click|right_click,unknown,right_click,1
sub-005,run-03,2,13,1,1,1,0,1,0,0,9,show_cross|show_letter|show_letter|show_letter|show_letter|show_letter|show_letter|show_letter|show_letter|show_dash|show_letter|right_click|right_click,unknown,right_click,1
sub-005,run-03,3,13,1,1,1,0,1,0,0,9,show_cross|show_letter|show_letter|show_letter|show_letter|show_letter|show_letter|show_letter|show_letter|show_dash|show_letter|right_click|right_click,unknown,right_click,1
sub-005,run-03,4,13,1,1,1,0,1,0,0,9,show_cross|show_letter|show_letter|show_letter|show_letter|show_letter|show_letter|show_letter|show_letter|show_dash|show_letter|right_click|right_click,unknown,right_click,1
sub-005,run-03,5,13,1,1,1,0,1,0,0,9,show_cross|show_letter|show_letter|show_letter|show_letter|show_letter|show_letter|show_letter|show_letter|show_dash|show_letter|right_click|right_click,unknown,right_click,1
sub-005,run-03,6,13,1,1,1,0,1,0,0,9,show_cross|show_letter|show_letter|show_letter|show_letter|show_letter|show_letter|show_letter|show_letter|show_dash|show_letter|right_click|right_click,unknown,right_click,1
sub-005,run-03,7,13,1,1,1,0,1,0,0,9,show_cross|show_letter|show_letter|show_letter|show_letter|show_letter|show_letter|show_letter|show_letter|show_dash|show_letter|right_click|right_click,unknown,right_click,1
sub-005,run-03,8,13,1,1,1,1,1,0,0,9,show_cross|show_letter|show_letter|show_letter|show_letter|show_letter|show_letter|show_letter|show_letter|show_dash|show_letter|left_click|right_click,unknown,right_click,1
sub-005,run-03,9,13,1,1,1,0,1,0,0,9,show_cross|show_letter|show_letter|show_letter|show_letter|show_letter|show_letter|show_letter|show_letter|show_dash|show_letter|right_click|right_click,unknown,right_click,1
sub-005,run-03,10,13,1,1,1,1,1,0,0,9,show_cross|show_letter|show_letter|show_letter|show_letter|show_letter|show_letter|show_letter|show_letter|show_dash|show_letter|left_click|right_click,unknown,right_click,1
sub-005,run-03,11,13,1,1,1,1,1,0,0,9,show_cross|show_letter|show_letter|show_letter|show_letter|show_letter|show_letter|show_letter|show_letter|show_dash|show_letter|left_click|right_click,unknown,right_click,1
sub-005,run-03,12,13,1,1,1,1,1,0,0,9,show_cross|show_letter|show_letter|show_letter|show_letter|show_letter|show_letter|show_letter|show_letter|show_dash|show_letter|left_click|right_click,unknown,right_click,1
sub-005,run-03,13,13,1,1,1,0,1,0,0,9,show_cross|show_letter|show_letter|show_letter|show_letter|show_letter|show_letter|show_letter|show_letter|show_dash|show_letter|right_click|right_click,unknown,right_click,1
sub-005,run-03,14,13,1,1,1,0,1,0,0,9,show_cross|show_letter|show_letter|show_letter|show_letter|show_letter|show_letter|show_letter|show_letter|show_dash|show_letter|right_click|right_click,unknown,right_click,1
sub-005,run-03,15,13,1,1,1,1,1,0,0,9,show_cross|show_letter|show_letter|show_letter|show_letter|show_letter|show_letter|show_letter|show_letter|show_dash|show_letter|left_click|right_click,unknown,right_click,1
sub-005,run-03,16,13,1,1,1,0,1,0,0,9,show_cross|show_letter|show_letter|show_letter|show_letter|show_letter|show_letter|show_letter|show_letter|show_dash|show_letter|right_click|right_click,unknown,right_click,1
sub-005,run-03,17,13,1,1,1,0,1,0,0,9,show_cross|show_letter|show_letter|show_letter|show_letter|show_letter|show_letter|show_letter|show_letter|show_dash|show_letter|right_click|right_click,unknown,right_click,1
sub-005,run-03,18,13,1,1,1,0,1,0,0,9,show_cross|show_letter|show_letter|show_letter|show_letter|show_letter|show_letter|show_letter|show_letter|show_dash|show_letter|right_click|right_click,unknown,right_click,1
sub-005,run-03,19,13,1,1,1,1,1,0,0,9,show_cross|show_letter|show_letter|show_letter|show_letter|show_letter|show_letter|show_letter|show_letter|show_dash|show_letter|left_click|right_click,unknown,right_click,1
sub-005,run-03,20,13,1,1,1,1,1,0,0,9,show_cross|show_letter|show_letter|show_letter|show_letter|show_letter|show_letter|show_letter|show_letter|show_dash|show_letter|left_click|right_click,unknown,right_click,1
sub-005,run-03,21,13,1,1,1,1,1,0,0,9,show_cross|show_letter|show_letter|show_letter|show_letter|show_letter|show_letter|show_letter|show_letter|show_dash|show_letter|left_click|right_click,unknown,right_click,1
sub-005,run-03,22,13,1,1,1,0,1,0,0,9,show_cross|show_letter|show_letter|show_letter|show_letter|show_letter|show_letter|show_letter|show_letter|show_dash|show_letter|right_click|right_click,unknown,right_click,1
sub-005,run-03,23,13,1,1,1,0,1,0,0,9,show_cross|show_letter|show_letter|show_letter|show_letter|show_letter|show_letter|show_letter|show_letter|show_dash|show_letter|right_click|right_click,unknown,right_click,1
sub-005,run-03,24,13,1,1,1,1,1,0,0,9,show_cross|show_letter|show_letter|show_letter|show_letter|show_letter|show_letter|show_letter|show_letter|show_dash|show_letter|left_click|right_click,unknown,right_click,1
sub-005,run-03,25,13,1,1,1,1,1,0,0,9,show_cross|show_letter|show_letter|show_letter|show_letter|show_letter|show_letter|show_letter|show_letter|show_dash|show_letter|left_click|right_click,unknown,right_click,1
sub-005,run-04,1,13,1,1,1,1,1,0,0,9,show_cross|show_letter|show_letter|show_letter|show_letter|show_letter|show_letter|show_letter|show_letter|show_dash|show_letter|left_click|right_click,unknown,right_click,1
sub-005,run-04,2,13,1,1,1,1,1,0,0,9,show_cross|show_letter|show_letter|show_letter|show_letter|show_letter|show_letter|show_letter|show_letter|show_dash|show_letter|left_click|right_click,unknown,right_click,1
sub-005,run-04,3,13,1,1,1,1,1,0,0,9,show_cross|show_letter|show_letter|show_letter|show_letter|show_letter|show_letter|show_letter|show_letter|show_dash|show_letter|left_click|right_click,unknown,right_click,1
sub-005,run-04,4,13,1,1,1,1,1,0,0,9,show_cross|show_letter|show_letter|show_letter|show_letter|show_letter|show_letter|show_letter|show_letter|show_dash|show_letter|left_click|right_click,unknown,right_click,1
sub-005,run-04,5,13,1,1,1,1,1,0,0,9,show_cross|show_letter|show_letter|show_letter|show_letter|show_letter|show_letter|show_letter|show_letter|show_dash|show_letter|right_click|left_click,unknown,right_click,1
sub-005,run-04,6,13,1,1,1,1,1,0,0,9,show_cross|show_letter|show_letter|show_letter|show_letter|show_letter|show_letter|show_letter|show_letter|show_dash|show_letter|left_click|right_click,unknown,right_click,1
sub-005,run-04,7,13,1,1,1,0,1,0,0,9,show_cross|show_letter|show_letter|show_letter|show_letter|show_letter|show_letter|show_letter|show_letter|show_dash|show_letter|right_click|right_click,unknown,right_click,1
sub-005,run-04,8,13,1,1,1,1,1,0,0,9,show_cross|show_letter|show_letter|show_letter|show_letter|show_letter|show_letter|show_letter|show_letter|show_dash|show_letter|left_click|right_click,unknown,right_click,1
sub-005,run-04,9,13,1,1,1,1,1,0,0,9,show_cross|show_letter|show_letter|show_letter|show_letter|show_letter|show_letter|show_letter|show_letter|show_dash|show_letter|left_click|right_click,unknown,right_click,1
sub-005,run-04,10,13,1,1,1,0,1,0,0,9,show_cross|show_letter|show_letter|show_letter|show_letter|show_letter|show_letter|show_letter|show_letter|show_dash|show_letter|right_click|right_click,unknown,right_click,1
sub-005,run-04,11,13,1,1,1,1,1,0,0,9,show_cross|show_letter|show_letter|show_letter|show_letter|show_letter|show_letter|show_letter|show_letter|show_dash|show_letter|left_click|right_click,unknown,right_click,1
sub-005,run-04,12,13,1,1,1,0,1,0,0,9,show_cross|show_letter|show_letter|show_letter|show_letter|show_letter|show_letter|show_letter|show_letter|show_dash|show_letter|right_click|right_click,unknown,right_click,1
sub-005,run-04,13,13,1,1,1,1,1,0,0,9,show_cross|show_letter|show_letter|show_letter|show_letter|show_letter|show_letter|show_letter|show_letter|show_dash|show_letter|left_click|right_click,unknown,right_click,1
sub-005,run-04,14,13,1,1,1,0,1,0,0,9,show_cross|show_letter|show_letter|show_letter|show_letter|show_letter|show_letter|show_letter|show_letter|show_dash|show_letter|right_click|right_click,unknown,right_click,1
sub-005,run-04,15,13,1,1,1,0,1,0,0,9,show_cross|show_letter|show_letter|show_letter|show_letter|show_letter|show_letter|show_letter|show_letter|show_dash|show_letter|right_click|right_click,unknown,right_click,1
sub-005,run-04,16,13,1,1,1,1,1,0,0,9,show_cross|show_letter|show_letter|show_letter|show_letter|show_letter|show_letter|show_letter|show_letter|show_dash|show_letter|left_click|right_click,unknown,right_click,1
sub-005,run-04,17,13,1,1,1,1,1,0,0,9,show_cross|show_letter|show_letter|show_letter|show_letter|show_letter|show_letter|show_letter|show_letter|show_dash|show_letter|left_click|right_click,unknown,right_click,1
sub-005,run-04,18,13,1,1,1,0,1,0,0,9,show_cross|show_letter|show_letter|show_letter|show_letter|show_letter|show_letter|show_letter|show_letter|show_dash|show_letter|right_click|right_click,unknown,right_click,1
sub-005,run-04,19,13,1,1,1,1,1,0,0,9,show_cross|show_letter|show_letter|show_letter|show_letter|show_letter|show_letter|show_letter|show_letter|show_dash|show_letter|left_click|right_click,unknown,right_click,1
sub-005,run-04,20,13,1,1,1,0,1,0,0,9,show_cross|show_letter|show_letter|show_letter|show_letter|show_letter|show_letter|show_letter|show_letter|show_dash|show_letter|right_click|right_click,unknown,right_click,1
sub-005,run-04,21,13,1,1,1,0,1,0,0,9,show_cross|show_letter|show_letter|show_letter|show_letter|show_letter|show_letter|show_letter|show_letter|show_dash|show_letter|right_click|right_click,unknown,right_click,1
sub-005,run-04,22,13,1,1,1,0,1,0,0,9,show_cross|show_letter|show_letter|show_letter|show_letter|show_letter|show_letter|show_letter|show_letter|show_dash|show_letter|right_click|right_click,unknown,right_click,1
sub-005,run-04,23,13,1,1,1,1,1,0,0,9,show_cross|show_letter|show_letter|show_letter|show_letter|show_letter|show_letter|show_letter|show_letter|show_dash|show_letter|left_click|right_click,unknown,right_click,1
sub-005,run-04,24,13,1,1,1,0,1,0,0,9,show_cross|show_letter|show_letter|show_letter|show_letter|show_letter|show_letter|show_letter|show_letter|show_dash|show_letter|right_click|right_click,unknown,right_click,1
sub-005,run-04,25,13,1,1,1,1,1,0,0,9,show_cross|show_letter|show_letter|show_letter|show_letter|show_letter|show_letter|show_letter|show_letter|show_dash|show_letter|left_click|right_click,unknown,right_click,1
sub-006,run-01,1,13,1,1,0,1,1,0,0,9,show_cross|show_letter|show_letter|show_letter|show_letter|left_click|show_letter|show_letter|show_letter|show_letter|show_letter|right_click|right_click,unknown,right_click,0
sub-006,run-01,2,85,1,1,1,1,1,1,0,78,show_cross|show_letter|show_letter|show_letter|show_letter|show_letter|show_letter|show_letter|show_letter|show_letter|show_letter|show_letter|show_letter|show_dash|show_letter|show_letter|show_letter|show_letter|show_letter|left_click|show_letter|show_letter|show_letter|show_letter|show_letter|show_letter|show_letter|show_letter|show_letter|show_letter|show_letter|show_letter|show_letter|show_letter|show_letter|show_letter|show_letter|show_letter|show_letter|show_letter|show_letter|show_letter|show_letter|show_letter|show_letter|show_letter|show_letter|show_letter|show_letter|show_letter|show_letter|show_letter|show_letter|show_letter|show_letter|show_letter|show_letter|show_letter|right_click|show_letter|show_letter|show_letter|show_letter|show_letter|show_dash|show_letter|show_letter|show_letter|show_letter|right_click|sound_beep|show_letter|show_letter|show_letter|show_letter|show_letter|show_letter|show_letter|show_letter|show_letter|show_letter|show_letter|show_letter|show_letter|show_letter,correct,right_click,1
sub-006,run-02,1,23,1,1,0,1,1,0,0,20,show_cross|show_letter|show_letter|show_letter|show_letter|right_click|show_letter|show_letter|show_letter|show_letter|show_letter|show_letter|show_letter|show_letter|show_letter|show_letter|show_letter|show_letter|show_letter|show_letter|show_letter|show_letter|left_click,unknown,right_click,0
sub-006,run-02,2,33,1,1,0,1,1,0,0,27,show_cross|show_letter|show_letter|show_letter|right_click|show_letter|show_letter|show_letter|show_letter|left_click|show_letter|show_letter|show_letter|show_letter|show_letter|show_letter|show_letter|show_letter|right_click|show_letter|show_letter|show_letter|right_click|show_letter|show_letter|show_letter|show_letter|show_letter|show_letter|show_letter|show_letter|show_letter|right_click,unknown,right_click,0
sub-007,run-01,1,52,1,1,1,1,1,1,0,38,show_cross|show_letter|show_letter|show_dash|right_click|show_letter|show_letter|show_letter|show_letter|show_letter|show_dash|show_letter|left_click|show_letter|show_letter|show_letter|show_letter|show_letter|show_dash|show_letter|show_letter|show_letter|show_letter|show_letter|show_letter|show_dash|show_letter|right_click|show_letter|show_letter|show_letter|show_letter|show_dash|show_letter|left_click|sound_beep|show_letter|show_letter|show_letter|show_letter|show_letter|show_dash|show_letter|show_letter|show_letter|show_letter|show_letter|show_letter|show_letter|show_dash|show_letter|right_click,correct,right_click,1
sub-007,run-01,2,31,1,1,1,1,0,1,0,23,show_cross|show_letter|show_letter|show_letter|show_letter|show_letter|show_dash|show_letter|left_click|show_letter|show_letter|show_letter|show_letter|show_letter|show_letter|show_letter|show_dash|show_letter|left_click|show_letter|show_letter|show_letter|show_letter|show_letter|show_letter|show_letter|show_letter|show_dash|show_letter|left_click|sound_beep,correct,left_click,1
sub-007,run-02,1,44,1,1,1,1,1,1,0,35,show_cross|show_letter|show_letter|show_letter|show_letter|show_letter|show_letter|show_letter|show_letter|show_dash|show_letter|show_letter|show_letter|show_letter|show_letter|show_letter|show_letter|show_letter|show_dash|show_letter|show_letter|show_letter|show_letter|show_letter|show_dash|show_letter|sound_beep|show_letter|show_letter|show_letter|show_letter|show_dash|show_letter|left_click|show_letter|show_letter|show_letter|show_letter|show_letter|show_letter|show_letter|show_dash|show_letter|right_click,correct,right_click,1
sub-007,run-02,2,12,1,1,1,1,0,1,0,7,show_cross|show_letter|show_letter|show_letter|show_letter|show_letter|show_letter|show_dash|show_letter|left_click|sound_beep|left_click,correct,left_click,1
sub-007,run-02,3,53,1,1,1,0,1,0,0,44,show_cross|show_letter|show_letter|show_letter|show_letter|show_letter|show_dash|show_letter|show_letter|show_letter|show_letter|show_dash|show_letter|show_letter|show_letter|show_letter|show_letter|show_letter|show_letter|show_letter|show_dash|show_letter|show_letter|show_letter|show_letter|show_letter|show_letter|show_letter|show_letter|show_letter|show_dash|show_letter|show_letter|show_letter|show_letter|show_letter|show_letter|show_letter|show_letter|show_letter|show_dash|show_letter|show_letter|show_letter|show_letter|show_letter|show_letter|show_letter|show_letter|show_letter|show_dash|right_click|right_click,unknown,right_click,1
sub-007,run-02,4,13,1,1,1,0,1,0,0,9,show_cross|show_letter|show_letter|show_letter|show_letter|show_letter|show_letter|show_letter|show_letter|show_dash|show_letter|right_click|right_click,unknown,right_click,1
sub-007,run-02,5,12,1,1,1,0,1,0,0,8,show_cross|show_letter|show_letter|show_letter|show_letter|show_letter|show_letter|show_letter|show_dash|show_letter|right_click|right_click,unknown,right_click,1
sub-007,run-02,6,83,1,1,1,1,0,0,0,73,show_cross|show_letter|show_letter|show_letter|show_letter|show_letter|show_letter|show_letter|show_letter|show_dash|show_letter|show_letter|show_letter|show_letter|show_letter|show_letter|show_letter|show_letter|show_dash|show_letter|show_letter|show_letter|show_letter|show_letter|show_letter|show_letter|show_letter|show_dash|show_letter|show_letter|show_letter|show_letter|show_letter|show_letter|show_letter|show_letter|show_dash|show_letter|show_letter|show_letter|show_letter|show_letter|show_letter|show_letter|show_letter|show_letter|show_dash|show_letter|show_letter|show_letter|show_letter|show_letter|show_letter|show_letter|show_letter|show_dash|show_letter|show_letter|show_letter|show_letter|show_letter|show_letter|show_letter|show_dash|show_letter|show_letter|show_letter|show_letter|show_letter|show_letter|show_letter|show_letter|show_letter|show_letter|show_letter|show_letter|show_letter|show_letter|show_letter|show_letter|show_dash|show_letter|left_click,unknown,left_click,1
sub-007,run-02,7,20,1,1,1,0,0,0,0,17,show_cross|show_letter|show_letter|show_letter|show_letter|show_letter|show_letter|show_letter|show_dash|show_letter|show_letter|show_letter|show_letter|show_letter|show_letter|show_letter|show_letter|show_letter|show_dash|show_letter,unknown,none,0
sub-007,run-03,1,123,1,1,1,1,1,1,0,102,show_cross|show_letter|show_letter|show_letter|show_letter|show_letter|show_letter|show_letter|show_dash|show_letter|left_click|show_letter|show_letter|show_letter|show_letter|show_letter|show_letter|show_letter|show_letter|show_dash|show_letter|show_letter|show_letter|show_letter|show_letter|show_letter|show_letter|show_dash|show_letter|left_click|show_letter|show_letter|show_letter|show_letter|show_letter|show_letter|show_letter|show_letter|show_dash|show_letter|show_letter|show_letter|show_letter|show_letter|show_letter|show_letter|show_letter|show_letter|show_dash|show_letter|left_click|show_letter|show_letter|show_letter|show_letter|show_letter|show_letter|show_letter|show_letter|show_dash|show_letter|left_click|show_letter|show_letter|show_letter|show_letter|show_letter|show_letter|show_letter|show_dash|show_letter|show_letter|show_letter|show_letter|show_letter|show_letter|show_letter|show_letter|show_letter|show_dash|show_letter|right_click|show_letter|show_letter|show_letter|show_letter|show_letter|show_letter|show_letter|show_dash|show_letter|show_letter|show_letter|show_letter|show_letter|show_letter|show_letter|show_letter|show_letter|show_dash|show_letter|show_letter|show_letter|show_letter|show_letter|show_letter|show_letter|show_letter|show_letter|show_dash|show_letter|left_click|show_letter|show_letter|show_letter|show_letter|show_letter|show_letter|show_letter|show_dash|show_letter|sound_beep|left_click,correct,right_click,1
sub-007,run-03,2,40,1,1,1,1,1,0,0,33,show_cross|show_letter|show_letter|show_letter|show_letter|show_letter|show_letter|show_dash|show_letter|show_letter|show_letter|show_letter|show_letter|show_letter|show_letter|show_letter|show_letter|show_dash|show_letter|show_letter|show_letter|show_letter|show_letter|show_letter|show_letter|show_letter|show_dash|show_letter|right_click|show_letter|show_letter|show_letter|show_letter|show_letter|show_letter|show_letter|show_letter|show_dash|show_letter|left_click,unknown,right_click,1
sub-007,run-03,3,11,1,1,0,0,1,0,0,8,show_cross|show_letter|show_letter|show_letter|show_letter|show_letter|show_letter|show_letter|show_letter|right_click|right_click,unknown,right_click,0
sub-007,run-03,4,12,1,1,1,0,1,0,0,9,show_cross|show_letter|show_letter|show_letter|show_letter|show_letter|show_letter|show_letter|show_letter|show_dash|show_letter|right_click,unknown,right_click,1
sub-007,run-03,5,52,1,1,1,0,1,1,0,43,show_cross|show_letter|show_letter|show_letter|show_letter|show_letter|show_letter|show_letter|show_letter|show_dash|show_letter|show_letter|show_letter|show_letter|show_letter|show_letter|show_letter|show_letter|show_letter|show_dash|show_letter|show_letter|show_letter|show_letter|show_letter|show_letter|show_letter|show_letter|show_letter|show_dash|show_letter|right_click|show_letter|show_letter|show_letter|show_letter|show_letter|show_letter|show_letter|show_dash|show_letter|right_click|show_letter|show_letter|show_letter|show_letter|show_letter|show_letter|show_letter|show_letter|sound_beep|right_click,correct,right_click,1
sub-007,run-03,6,10,1,1,1,0,0,0,0,8,show_cross|show_letter|show_letter|show_letter|show_letter|show_letter|show_letter|show_letter|show_dash|show_letter,unknown,none,0
sub-007,run-04,1,41,1,1,1,1,1,0,0,33,show_cross|show_letter|show_letter|show_letter|show_letter|show_letter|show_dash|show_letter|show_letter|show_letter|show_letter|show_letter|show_letter|show_letter|show_letter|show_letter|show_dash|show_letter|show_letter|show_letter|show_letter|show_letter|show_letter|show_letter|show_letter|show_letter|show_dash|show_letter|right_click|show_letter|show_letter|show_letter|show_letter|show_letter|show_letter|show_letter|show_letter|show_dash|show_letter|left_click|left_click,unknown,right_click,1
sub-007,run-04,2,44,1,1,1,1,1,1,0,34,show_cross|show_letter|show_letter|show_letter|show_letter|show_letter|show_letter|show_letter|show_dash|show_letter|right_click|sound_beep|show_letter|show_letter|show_letter|show_letter|show_letter|show_letter|show_letter|show_dash|show_letter|show_letter|show_letter|show_letter|show_letter|show_letter|show_letter|show_letter|show_letter|show_dash|show_letter|left_click|show_letter|show_letter|show_letter|show_letter|show_letter|show_letter|show_letter|show_letter|show_dash|show_letter|left_click|left_click,correct,right_click,1
sub-007,run-04,3,23,1,1,1,1,1,1,0,17,show_cross|show_letter|show_letter|show_letter|show_letter|show_letter|show_letter|show_letter|show_dash|show_letter|left_click|show_letter|show_letter|show_letter|show_letter|show_letter|show_letter|show_letter|show_letter|show_dash|show_letter|right_click|sound_beep,correct,right_click,1
sub-007,run-04,4,39,1,1,1,1,0,0,0,33,show_cross|show_letter|show_letter|show_letter|show_letter|show_letter|show_letter|show_letter|show_dash|show_letter|show_letter|show_letter|show_letter|show_letter|show_letter|show_letter|show_letter|show_letter|show_dash|show_letter|show_letter|show_letter|show_letter|show_letter|show_letter|show_letter|show_letter|show_letter|show_dash|show_letter|show_letter|show_letter|show_letter|show_letter|show_letter|show_letter|show_dash|show_letter|left_click,unknown,left_click,1
sub-007,run-04,5,11,1,1,1,0,1,0,0,8,show_cross|show_letter|show_letter|show_letter|show_letter|show_letter|show_letter|show_letter|show_dash|show_letter|right_click,unknown,right_click,1
sub-007,run-04,6,11,1,1,1,0,0,0,0,9,show_cross|show_letter|show_letter|show_letter|show_letter|show_letter|show_letter|show_letter|show_letter|show_dash|show_letter,unknown,none,0
sub-007,run-04,7,30,1,1,1,0,0,0,0,26,show_cross|show_letter|show_letter|show_letter|show_letter|show_letter|show_letter|show_letter|show_letter|show_dash|show_letter|show_letter|show_letter|show_letter|show_letter|show_letter|show_letter|show_letter|show_letter|show_dash|show_letter|show_letter|show_letter|show_letter|show_letter|show_letter|show_letter|show_letter|show_dash|show_letter,unknown,none,0
sub-007,run-04,8,39,1,1,1,1,0,0,0,33,show_cross|show_letter|show_letter|show_letter|show_letter|show_letter|show_letter|show_letter|show_dash|show_letter|show_letter|show_letter|show_letter|show_letter|show_letter|show_letter|show_letter|show_letter|show_dash|show_letter|show_letter|show_letter|show_letter|show_letter|show_letter|show_letter|show_dash|show_letter|show_letter|show_letter|show_letter|show_letter|show_letter|show_letter|show_letter|show_letter|show_dash|show_letter|left_click,unknown,left_click,1
sub-007,run-04,9,11,1,1,1,0,0,0,0,9,show_cross|show_letter|show_letter|show_letter|show_letter|show_letter|show_letter|show_letter|show_letter|show_dash|show_letter,unknown,none,0
sub-007,run-04,10,11,1,1,1,0,0,0,0,9,show_cross|show_letter|show_letter|show_letter|show_letter|show_letter|show_letter|show_letter|show_letter|show_dash|show_letter,unknown,none,0
sub-008,run-01,1,4,1,0,0,0,1,0,1,0,show_cross|right_click|sound_buzz|right_click,incorrect,right_click,0
sub-008,run-01,2,13,1,1,1,1,1,1,0,8,show_cross|show_letter|show_letter|show_letter|show_letter|show_letter|show_letter|show_letter|show_dash|show_letter|left_click|sound_beep|right_click,correct,right_click,1
sub-008,run-01,3,9,1,1,1,0,1,1,0,5,show_cross|show_letter|show_letter|show_letter|show_letter|show_dash|show_letter|sound_beep|right_click,correct,right_click,1
sub-008,run-01,4,14,1,1,1,1,1,1,0,9,show_cross|show_letter|show_letter|show_letter|show_letter|show_letter|show_letter|show_letter|show_letter|show_dash|show_letter|left_click|sound_beep|right_click,correct,right_click,1
sub-008,run-01,5,10,1,1,0,0,1,1,0,7,show_cross|show_letter|show_letter|show_letter|show_letter|show_letter|show_letter|show_letter|sound_beep|right_click,correct,right_click,0
sub-008,run-01,6,11,1,1,1,0,1,0,0,7,show_cross|show_letter|show_letter|show_letter|show_letter|show_letter|show_letter|show_dash|show_letter|right_click|right_click,unknown,right_click,1
sub-008,run-01,7,18,1,1,1,0,1,1,0,12,show_cross|show_letter|show_letter|show_letter|show_letter|show_letter|show_letter|right_click|show_letter|show_letter|show_letter|show_letter|show_letter|show_letter|show_dash|right_click|sound_beep|right_click,correct,right_click,1
sub-008,run-01,8,10,1,1,0,0,1,1,0,6,show_cross|show_letter|show_letter|show_letter|show_letter|show_letter|show_letter|right_click|sound_beep|right_click,correct,right_click,0
sub-008,run-01,9,11,1,1,1,0,1,1,0,7,show_cross|show_letter|show_letter|show_letter|show_letter|show_letter|show_letter|show_letter|show_dash|sound_beep|right_click,correct,right_click,1
sub-008,run-01,10,21,1,1,1,0,1,1,0,14,show_cross|show_letter|show_letter|show_letter|show_letter|show_letter|show_letter|show_dash|sound_beep|show_letter|show_letter|show_letter|show_letter|show_letter|show_letter|show_letter|show_dash|show_letter|right_click|sound_beep|right_click,correct,right_click,1
sub-008,run-01,11,7,1,1,0,0,1,1,0,4,show_cross|show_letter|show_letter|show_letter|show_letter|sound_beep|right_click,correct,right_click,0
sub-008,run-01,12,34,1,1,1,1,1,1,0,24,show_cross|show_letter|show_letter|show_letter|show_letter|show_letter|show_letter|show_letter|show_letter|show_letter|show_letter|show_letter|left_click|sound_beep|show_letter|show_letter|show_letter|show_letter|show_letter|show_letter|show_letter|show_dash|right_click|sound_beep|show_letter|show_letter|show_letter|show_letter|show_letter|show_dash|show_letter|right_click|sound_beep|right_click,correct,right_click,1
sub-008,run-01,13,12,1,1,1,0,1,1,0,6,show_cross|show_letter|show_letter|show_dash|show_letter|show_letter|show_letter|show_dash|show_letter|right_click|sound_beep|right_click,correct,right_click,1
sub-008,run-01,14,14,1,1,1,1,0,1,0,9,show_cross|show_letter|show_letter|show_letter|show_letter|show_letter|show_letter|show_dash|show_letter|sound_beep|show_letter|show_letter|left_click|sound_beep,correct,left_click,1
sub-008,run-02,1,11,1,1,1,0,1,1,0,6,show_cross|show_letter|show_letter|show_letter|show_letter|show_letter|show_dash|show_letter|right_click|sound_beep|right_click,correct,right_click,1
sub-008,run-02,2,9,1,1,0,0,1,1,0,5,show_cross|show_letter|show_letter|show_letter|show_letter|show_letter|right_click|sound_beep|right_click,correct,right_click,0
sub-008,run-02,3,14,1,1,1,1,1,1,0,9,show_cross|show_letter|show_letter|show_letter|show_letter|show_letter|show_letter|show_letter|show_letter|show_dash|show_letter|left_click|sound_beep|right_click,correct,right_click,1
sub-008,run-02,4,14,1,1,1,0,1,1,0,9,show_cross|show_letter|show_letter|show_letter|show_letter|show_letter|show_letter|show_letter|show_letter|show_dash|show_letter|right_click|sound_beep|right_click,correct,right_click,1
sub-008,run-02,5,14,1,1,1,0,1,1,0,9,show_cross|show_letter|show_letter|show_letter|show_letter|show_letter|show_letter|show_letter|show_letter|show_dash|show_letter|right_click|sound_beep|right_click,correct,right_click,1
sub-008,run-02,6,28,1,1,1,1,1,1,1,20,show_cross|show_letter|show_letter|show_letter|show_letter|show_letter|show_letter|show_letter|show_letter|show_dash|show_letter|sound_buzz|show_letter|show_letter|show_letter|show_letter|show_letter|show_letter|show_dash|show_letter|left_click|sound_beep|show_letter|show_letter|show_letter|show_dash|show_letter|right_click,correct,right_click,1
sub-008,run-02,7,6,1,1,0,0,1,0,0,4,show_cross|show_letter|show_letter|show_letter|show_letter|right_click,unknown,right_click,0
sub-008,run-02,8,5,1,1,1,0,1,0,0,2,show_cross|show_letter|show_letter|show_dash|right_click,unknown,right_click,1
sub-008,run-02,9,10,1,1,1,0,1,1,0,5,show_cross|show_letter|show_letter|show_letter|show_letter|show_dash|show_letter|right_click|sound_beep|right_click,correct,right_click,1
sub-008,run-02,10,13,1,1,1,1,1,1,0,8,show_cross|show_letter|show_letter|show_letter|show_letter|show_letter|show_letter|show_letter|show_dash|show_letter|left_click|sound_beep|right_click,correct,right_click,1
sub-008,run-02,11,22,1,1,1,1,1,0,1,15,show_cross|show_letter|show_letter|show_letter|show_letter|show_letter|show_letter|show_letter|show_dash|show_letter|right_click|right_click|show_letter|show_letter|show_letter|show_letter|show_letter|show_letter|show_letter|left_click|sound_buzz|right_click,incorrect,right_click,1
sub-008,run-02,12,26,1,1,1,0,1,1,0,18,show_cross|show_letter|show_letter|show_letter|show_letter|show_letter|show_letter|show_letter|show_dash|sound_beep|show_letter|show_letter|show_letter|show_letter|show_letter|show_letter|show_dash|show_letter|show_letter|show_letter|show_letter|show_letter|show_dash|right_click|sound_beep|right_click,correct,right_click,1
sub-008,run-02,13,12,1,1,1,1,1,1,0,7,show_cross|show_letter|show_letter|show_letter|show_letter|show_letter|show_letter|show_dash|show_letter|left_click|sound_beep|right_click,correct,right_click,1
sub-008,run-02,14,13,1,1,1,0,1,1,0,8,show_cross|show_letter|show_letter|show_letter|show_letter|show_letter|show_letter|show_letter|show_dash|show_letter|right_click|sound_beep|right_click,correct,right_click,1
sub-008,run-02,15,12,1,1,1,1,1,1,0,7,show_cross|show_letter|show_letter|show_letter|show_letter|show_letter|show_letter|show_dash|show_letter|left_click|sound_beep|right_click,correct,right_click,1
sub-008,run-02,16,14,1,1,1,0,1,1,0,9,show_cross|show_letter|show_letter|show_letter|show_letter|show_letter|show_letter|show_letter|show_letter|show_dash|show_letter|right_click|sound_beep|right_click,correct,right_click,1
sub-008,run-02,17,11,1,1,1,0,1,0,0,8,show_cross|show_letter|show_letter|show_letter|show_letter|show_letter|show_letter|show_letter|show_dash|show_letter|right_click,unknown,right_click,1
sub-008,run-03,1,14,1,1,1,1,1,1,0,9,show_cross|show_letter|show_letter|show_letter|show_letter|show_letter|show_letter|show_letter|show_letter|show_dash|show_letter|left_click|sound_beep|right_click,correct,right_click,1
sub-008,run-03,2,13,1,1,1,1,1,1,0,8,show_cross|show_letter|show_letter|show_letter|show_letter|show_letter|show_letter|show_letter|show_dash|show_letter|left_click|sound_beep|right_click,correct,right_click,1
sub-008,run-03,3,14,1,1,1,1,1,1,0,9,show_cross|show_letter|show_letter|show_letter|show_letter|show_letter|show_letter|show_letter|show_letter|show_dash|show_letter|left_click|sound_beep|right_click,correct,right_click,1
sub-008,run-03,4,14,1,1,1,0,1,1,0,9,show_cross|show_letter|show_letter|show_letter|show_letter|show_letter|show_letter|show_letter|show_letter|show_dash|show_letter|right_click|sound_beep|right_click,correct,right_click,1
sub-008,run-03,5,14,1,1,1,0,1,1,0,9,show_cross|show_letter|show_letter|show_letter|show_letter|show_letter|show_letter|show_letter|show_letter|show_dash|show_letter|right_click|sound_beep|right_click,correct,right_click,1
sub-008,run-03,6,14,1,1,1,0,1,1,0,9,show_cross|show_letter|show_letter|show_letter|show_letter|show_letter|show_letter|show_letter|show_letter|show_dash|show_letter|right_click|sound_beep|right_click,correct,right_click,1
sub-008,run-03,7,14,1,1,1,1,1,1,0,9,show_cross|show_letter|show_letter|show_letter|show_letter|show_letter|show_letter|show_letter|show_letter|show_dash|show_letter|left_click|sound_beep|right_click,correct,right_click,1
sub-008,run-03,8,14,1,1,1,1,1,1,0,9,show_cross|show_letter|show_letter|show_letter|show_letter|show_letter|show_letter|show_letter|show_letter|show_dash|show_letter|left_click|sound_beep|right_click,correct,right_click,1
sub-008,run-03,9,14,1,1,1,1,1,0,1,9,show_cross|show_letter|show_letter|show_letter|show_letter|show_letter|show_letter|show_letter|show_letter|show_dash|show_letter|left_click|sound_buzz|right_click,incorrect,right_click,1
sub-008,run-03,10,14,1,1,1,1,1,1,0,9,show_cross|show_letter|show_letter|show_letter|show_letter|show_letter|show_letter|show_letter|show_letter|show_dash|show_letter|left_click|sound_beep|right_click,correct,right_click,1
sub-008,run-03,11,14,1,1,1,0,1,1,0,9,show_cross|show_letter|show_letter|show_letter|show_letter|show_letter|show_letter|show_letter|show_letter|show_dash|show_letter|right_click|sound_beep|right_click,correct,right_click,1
sub-008,run-03,12,14,1,1,1,0,1,1,0,9,show_cross|show_letter|show_letter|show_letter|show_letter|show_letter|show_letter|show_letter|show_letter|show_dash|show_letter|right_click|sound_beep|right_click,correct,right_click,1
sub-008,run-03,13,14,1,1,1,0,1,1,0,9,show_cross|show_letter|show_letter|show_letter|show_letter|show_letter|show_letter|show_letter|show_letter|show_dash|show_letter|right_click|sound_beep|right_click,correct,right_click,1
sub-008,run-03,14,14,1,1,1,0,1,1,0,9,show_cross|show_letter|show_letter|show_letter|show_letter|show_letter|show_letter|show_letter|show_letter|show_dash|show_letter|right_click|sound_beep|right_click,correct,right_click,1
sub-008,run-03,15,14,1,1,1,1,1,1,0,9,show_cross|show_letter|show_letter|show_letter|show_letter|show_letter|show_letter|show_letter|show_letter|show_dash|show_letter|left_click|sound_beep|right_click,correct,right_click,1
sub-008,run-03,16,14,1,1,1,1,1,1,0,9,show_cross|show_letter|show_letter|show_letter|show_letter|show_letter|show_letter|show_letter|show_letter|show_dash|show_letter|left_click|sound_beep|right_click,correct,right_click,1
sub-008,run-03,17,14,1,1,1,0,1,1,0,9,show_cross|show_letter|show_letter|show_letter|show_letter|show_letter|show_letter|show_letter|show_letter|show_dash|show_letter|right_click|sound_beep|right_click,correct,right_click,1
sub-008,run-03,18,32,1,1,1,0,1,1,0,26,show_cross|show_letter|show_letter|show_letter|show_letter|show_letter|show_letter|show_letter|show_letter|show_dash|show_letter|show_letter|show_letter|show_letter|show_letter|show_letter|show_letter|show_letter|show_dash|show_letter|right_click|sound_beep|show_letter|show_letter|show_letter|show_letter|show_letter|show_letter|show_letter|show_letter|show_letter|right_click,correct,right_click,1
sub-008,run-03,19,14,1,1,1,0,1,1,0,9,show_cross|show_letter|show_letter|show_letter|show_letter|show_letter|show_letter|show_letter|show_letter|show_dash|show_letter|right_click|sound_beep|right_click,correct,right_click,1
sub-008,run-03,20,22,1,1,1,1,1,1,0,16,show_cross|show_letter|show_letter|show_letter|show_letter|show_letter|show_letter|show_letter|show_dash|show_letter|show_letter|show_letter|show_letter|show_letter|show_letter|show_letter|show_letter|show_dash|show_letter|left_click|sound_beep|right_click,correct,right_click,1
sub-008,run-03,21,22,1,1,1,1,1,0,1,15,show_cross|show_letter|show_letter|show_letter|show_letter|show_letter|show_letter|show_letter|show_dash|show_letter|right_click|show_letter|show_letter|show_letter|show_letter|show_letter|show_letter|show_dash|show_letter|left_click|sound_buzz|right_click,incorrect,right_click,1
sub-008,run-04,1,11,1,1,1,0,1,0,0,8,show_cross|show_letter|show_letter|show_letter|show_letter|show_letter|show_letter|show_letter|show_dash|show_letter|right_click,unknown,right_click,1
sub-008,run-04,2,14,1,1,1,0,1,1,0,9,show_cross|show_letter|show_letter|show_letter|show_letter|show_letter|show_letter|show_letter|show_letter|show_dash|show_letter|right_click|sound_beep|right_click,correct,right_click,1
sub-008,run-04,3,13,1,1,1,1,1,1,0,8,show_cross|show_letter|show_letter|show_letter|show_letter|show_letter|show_letter|show_letter|show_dash|show_letter|left_click|sound_beep|right_click,correct,right_click,1
sub-008,run-04,4,13,1,1,1,0,1,0,1,8,show_cross|show_letter|show_letter|show_letter|show_letter|show_letter|show_letter|show_letter|show_dash|show_letter|right_click|sound_buzz|right_click,incorrect,right_click,1
sub-008,run-04,5,14,1,1,1,0,1,1,0,9,show_cross|show_letter|show_letter|show_letter|show_letter|show_letter|show_letter|show_letter|show_letter|show_dash|show_letter|right_click|sound_beep|right_click,correct,right_click,1
sub-008,run-04,6,13,1,1,1,0,1,1,0,8,show_cross|show_letter|show_letter|show_letter|show_letter|show_letter|show_letter|show_letter|show_dash|show_letter|right_click|sound_beep|right_click,correct,right_click,1
sub-008,run-04,7,14,1,1,1,1,1,1,0,9,show_cross|show_letter|show_letter|show_letter|show_letter|show_letter|show_letter|show_letter|show_letter|show_dash|show_letter|left_click|sound_beep|right_click,correct,right_click,1
sub-008,run-04,8,14,1,1,1,1,1,1,0,9,show_cross|show_letter|show_letter|show_letter|show_letter|show_letter|show_letter|show_letter|show_letter|show_dash|show_letter|left_click|sound_beep|right_click,correct,right_click,1
sub-008,run-04,9,14,1,1,1,1,1,1,0,9,show_cross|show_letter|show_letter|show_letter|show_letter|show_letter|show_letter|show_letter|show_letter|show_dash|show_letter|left_click|sound_beep|right_click,correct,right_click,1
sub-008,run-04,10,13,1,1,1,1,1,0,0,9,show_cross|show_letter|show_letter|show_letter|show_letter|show_letter|show_letter|show_letter|show_letter|show_dash|show_letter|left_click|right_click,unknown,right_click,1
sub-008,run-04,11,14,1,1,1,1,1,1,0,9,show_cross|show_letter|show_letter|show_letter|show_letter|show_letter|show_letter|show_letter|show_letter|show_dash|show_letter|left_click|sound_beep|right_click,correct,right_click,1
sub-008,run-04,12,13,1,1,1,1,1,0,0,9,show_cross|show_letter|show_letter|show_letter|show_letter|show_letter|show_letter|show_letter|show_letter|show_dash|show_letter|left_click|right_click,unknown,right_click,1
sub-008,run-04,13,14,1,1,1,1,1,1,0,9,show_cross|show_letter|show_letter|show_letter|show_letter|show_letter|show_letter|show_letter|show_letter|show_dash|show_letter|left_click|sound_beep|right_click,correct,right_click,1
sub-008,run-04,14,13,1,1,1,0,1,1,0,8,show_cross|show_letter|show_letter|show_letter|show_letter|show_letter|show_letter|show_letter|show_dash|show_letter|right_click|sound_beep|right_click,correct,right_click,1
sub-008,run-04,15,12,1,1,0,0,1,1,0,8,show_cross|show_letter|show_letter|show_letter|show_letter|show_letter|show_letter|show_letter|show_letter|right_click|sound_beep|right_click,correct,right_click,0
sub-008,run-04,16,24,1,1,1,1,1,1,0,18,show_cross|show_letter|show_letter|show_letter|show_letter|show_letter|show_letter|show_letter|show_letter|show_dash|show_letter|left_click|sound_beep|show_letter|show_letter|show_letter|show_letter|show_letter|show_letter|show_letter|show_letter|show_dash|show_letter|right_click,correct,right_click,1
sub-008,run-04,17,14,1,1,1,1,1,1,0,9,show_cross|show_letter|show_letter|show_letter|show_letter|show_letter|show_letter|show_letter|show_letter|show_dash|show_letter|left_click|sound_beep|right_click,correct,right_click,1
sub-008,run-04,18,13,1,1,1,1,1,1,0,8,show_cross|show_letter|show_letter|show_letter|show_letter|show_letter|show_letter|show_letter|show_dash|show_letter|left_click|sound_beep|right_click,correct,right_click,1
sub-008,run-04,19,24,1,1,1,1,1,1,0,17,show_cross|show_letter|show_letter|show_letter|show_letter|show_letter|show_letter|show_letter|show_letter|show_dash|show_letter|left_click|sound_beep|show_letter|show_letter|show_letter|show_letter|show_letter|show_letter|show_letter|show_dash|show_letter|right_click|right_click,correct,right_click,1
sub-008,run-04,20,12,1,1,1,1,1,1,0,7,show_cross|show_letter|show_letter|show_letter|show_letter|show_letter|show_letter|show_dash|show_letter|left_click|sound_beep|right_click,correct,right_click,1
sub-008,run-04,21,12,1,1,1,0,1,0,0,9,show_cross|show_letter|show_letter|show_letter|show_letter|show_letter|show_letter|show_letter|show_letter|show_dash|show_letter|right_click,unknown,right_click,1
sub-008,run-04,22,11,1,1,1,0,1,1,0,6,show_cross|show_letter|show_letter|show_letter|show_letter|show_letter|show_dash|show_letter|right_click|sound_beep|right_click,correct,right_click,1
sub-008,run-04,23,10,1,1,0,1,0,1,0,7,show_cross|show_letter|show_letter|show_letter|show_letter|show_letter|show_letter|show_letter|left_click|sound_beep,correct,left_click,0
sub-009,run-01,1,14,1,1,1,0,1,1,0,9,show_cross|show_letter|show_letter|show_letter|show_letter|show_letter|show_letter|show_letter|show_letter|show_dash|show_letter|right_click|sound_beep|right_click,correct,right_click,1
sub-009,run-01,2,13,1,1,1,1,1,0,0,9,show_cross|show_letter|show_letter|show_letter|show_letter|show_letter|show_letter|show_letter|show_letter|show_dash|show_letter|left_click|right_click,unknown,right_click,1
sub-009,run-01,3,13,1,1,1,0,1,1,0,8,show_cross|show_letter|show_letter|show_letter|show_letter|show_letter|show_letter|show_letter|show_letter|show_dash|right_click|sound_beep|right_click,correct,right_click,1
sub-009,run-01,4,13,1,1,1,0,1,1,0,8,show_cross|show_letter|show_letter|show_letter|show_letter|show_letter|show_letter|show_letter|show_letter|show_dash|right_click|sound_beep|right_click,correct,right_click,1
sub-009,run-01,5,13,1,1,1,1,0,1,0,9,show_cross|show_letter|show_letter|show_letter|show_letter|show_letter|show_letter|show_letter|show_letter|show_dash|show_letter|sound_beep|left_click,correct,left_click,1
sub-009,run-01,6,14,1,1,1,1,0,1,0,9,show_cross|show_letter|show_letter|show_letter|show_letter|show_letter|show_letter|show_letter|show_letter|show_dash|show_letter|left_click|sound_beep|left_click,correct,left_click,1
sub-009,run-01,7,14,1,1,1,0,1,1,0,9,show_cross|show_letter|show_letter|show_letter|show_letter|show_letter|show_letter|show_letter|show_letter|show_dash|show_letter|right_click|sound_beep|right_click,correct,right_click,1
sub-009,run-01,8,14,1,1,1,1,0,1,0,9,show_cross|show_letter|show_letter|show_letter|show_letter|show_letter|show_letter|show_letter|show_letter|show_dash|show_letter|left_click|sound_beep|left_click,correct,left_click,1
sub-009,run-01,9,14,1,1,1,1,0,1,0,9,show_cross|show_letter|show_letter|show_letter|show_letter|show_letter|show_letter|show_letter|show_letter|show_dash|show_letter|left_click|sound_beep|left_click,correct,left_click,1
sub-009,run-01,10,14,1,1,1,1,0,1,0,9,show_cross|show_letter|show_letter|show_letter|show_letter|show_letter|show_letter|show_letter|show_letter|show_dash|show_letter|left_click|sound_beep|left_click,correct,left_click,1
sub-009,run-01,11,14,1,1,1,0,1,1,0,9,show_cross|show_letter|show_letter|show_letter|show_letter|show_letter|show_letter|show_letter|show_letter|show_dash|show_letter|right_click|sound_beep|right_click,correct,right_click,1
sub-009,run-01,12,14,1,1,1,0,1,1,0,9,show_cross|show_letter|show_letter|show_letter|show_letter|show_letter|show_letter|show_letter|show_letter|show_dash|show_letter|right_click|sound_beep|right_click,correct,right_click,1
sub-009,run-01,13,14,1,1,1,0,1,1,0,9,show_cross|show_letter|show_letter|show_letter|show_letter|show_letter|show_letter|show_letter|show_letter|show_dash|show_letter|right_click|sound_beep|right_click,correct,right_click,1
sub-009,run-01,14,11,1,1,1,0,1,1,0,6,show_cross|show_letter|show_letter|show_letter|show_letter|show_letter|show_dash|show_letter|right_click|sound_beep|right_click,correct,right_click,1
sub-009,run-01,15,14,1,1,1,1,0,1,0,9,show_cross|show_letter|show_letter|show_letter|show_letter|show_letter|show_letter|show_letter|show_letter|show_dash|show_letter|left_click|sound_beep|left_click,correct,left_click,1
sub-009,run-01,16,14,1,1,1,1,0,1,0,9,show_cross|show_letter|show_letter|show_letter|show_letter|show_letter|show_letter|show_letter|show_letter|show_dash|show_letter|left_click|sound_beep|left_click,correct,left_click,1
sub-009,run-01,17,13,1,1,1,0,1,0,0,9,show_cross|show_letter|show_letter|show_letter|show_letter|show_letter|show_letter|show_letter|show_letter|show_dash|show_letter|right_click|right_click,unknown,right_click,1
sub-009,run-01,18,14,1,1,1,1,0,1,0,9,show_cross|show_letter|show_letter|show_letter|show_letter|show_letter|show_letter|show_letter|show_letter|show_dash|show_letter|left_click|sound_beep|left_click,correct,left_click,1
sub-009,run-01,19,14,1,1,1,0,1,1,0,9,show_cross|show_letter|show_letter|show_letter|show_letter|show_letter|show_letter|show_letter|show_letter|show_dash|show_letter|right_click|sound_beep|right_click,correct,right_click,1
sub-009,run-01,20,13,1,1,1,1,0,1,0,8,show_cross|show_letter|show_letter|show_letter|show_letter|show_letter|show_letter|show_letter|show_dash|show_letter|left_click|sound_beep|left_click,correct,left_click,1
sub-009,run-01,21,14,1,1,1,0,1,1,0,9,show_cross|show_letter|show_letter|show_letter|show_letter|show_letter|show_letter|show_letter|show_letter|show_dash|show_letter|right_click|sound_beep|right_click,correct,right_click,1
sub-009,run-01,22,14,1,1,1,1,0,1,0,9,show_cross|show_letter|show_letter|show_letter|show_letter|show_letter|show_letter|show_letter|show_letter|show_dash|show_letter|left_click|sound_beep|left_click,correct,left_click,1
sub-009,run-01,23,12,1,1,1,0,1,1,0,7,show_cross|show_letter|show_letter|show_letter|show_letter|show_letter|show_letter|show_letter|show_dash|right_click|sound_beep|right_click,correct,right_click,1
sub-009,run-01,24,25,1,1,1,0,1,1,1,18,show_cross|show_letter|show_letter|show_letter|show_letter|show_letter|show_letter|show_letter|show_letter|show_dash|show_letter|sound_buzz|show_letter|show_letter|show_letter|show_letter|show_letter|show_letter|show_letter|show_letter|show_dash|show_letter|right_click|sound_beep|right_click,correct,right_click,1
sub-009,run-02,1,14,1,1,1,0,1,1,0,9,show_cross|show_letter|show_letter|show_letter|show_letter|show_letter|show_letter|show_letter|show_letter|show_dash|show_letter|right_click|sound_beep|right_click,correct,right_click,1
sub-009,run-02,2,14,1,1,1,0,1,1,0,9,show_cross|show_letter|show_letter|show_letter|show_letter|show_letter|show_letter|show_letter|show_letter|show_dash|show_letter|right_click|sound_beep|right_click,correct,right_click,1
sub-009,run-02,3,12,1,1,1,0,1,1,0,7,show_cross|show_letter|show_letter|show_letter|show_letter|show_letter|show_letter|show_dash|show_letter|right_click|sound_beep|right_click,correct,right_click,1
sub-009,run-02,4,14,1,1,1,0,1,1,0,9,show_cross|show_letter|show_letter|show_letter|show_letter|show_letter|show_letter|show_letter|show_letter|show_dash|show_letter|right_click|sound_beep|right_click,correct,right_click,1
sub-009,run-02,5,13,1,1,1,1,0,1,0,8,show_cross|show_letter|show_letter|show_letter|show_letter|show_letter|show_letter|show_letter|show_dash|show_letter|left_click|sound_beep|left_click,correct,left_click,1
sub-009,run-02,6,14,1,1,1,0,1,1,0,9,show_cross|show_letter|show_letter|show_letter|show_letter|show_letter|show_letter|show_letter|show_letter|show_dash|show_letter|right_click|sound_beep|right_click,correct,right_click,1
sub-009,run-02,7,14,1,1,1,1,0,0,1,9,show_cross|show_letter|show_letter|show_letter|show_letter|show_letter|show_letter|show_letter|show_letter|show_dash|show_letter|left_click|sound_buzz|left_click,incorrect,left_click,1
sub-009,run-02,8,13,1,1,0,1,0,1,0,9,show_cross|show_letter|show_letter|show_letter|show_letter|show_letter|show_letter|show_letter|show_letter|show_letter|left_click|sound_beep|left_click,correct,left_click,0
sub-009,run-02,9,14,1,1,1,0,1,1,0,9,show_cross|show_letter|show_letter|show_letter|show_letter|show_letter|show_letter|show_letter|show_letter|show_dash|show_letter|right_click|sound_beep|right_click,correct,right_click,1
sub-009,run-02,10,14,1,1,1,1,0,1,0,9,show_cross|show_letter|show_letter|show_letter|show_letter|show_letter|show_letter|show_letter|show_letter|show_dash|show_letter|left_click|sound_beep|left_click,correct,left_click,1
sub-009,run-02,11,13,1,1,1,0,1,0,0,9,show_cross|show_letter|show_letter|show_letter|show_letter|show_letter|show_letter|show_letter|show_letter|show_dash|show_letter|right_click|right_click,unknown,right_click,1
sub-009,run-02,12,14,1,1,1,0,1,1,0,9,show_cross|show_letter|show_letter|show_letter|show_letter|show_letter|show_letter|show_letter|show_letter|show_dash|show_letter|right_click|sound_beep|right_click,correct,right_click,1
sub-009,run-02,13,14,1,1,1,0,1,1,0,9,show_cross|show_letter|show_letter|show_letter|show_letter|show_letter|show_letter|show_letter|show_letter|show_dash|show_letter|right_click|sound_beep|right_click,correct,right_click,1
sub-009,run-02,14,14,1,1,1,0,1,1,0,9,show_cross|show_letter|show_letter|show_letter|show_letter|show_letter|show_letter|show_letter|show_letter|show_dash|show_letter|right_click|sound_beep|right_click,correct,right_click,1
sub-009,run-02,15,14,1,1,1,0,1,1,0,9,show_cross|show_letter|show_letter|show_letter|show_letter|show_letter|show_letter|show_letter|show_letter|show_dash|show_letter|right_click|sound_beep|right_click,correct,right_click,1
sub-009,run-02,16,14,1,1,1,0,1,1,0,9,show_cross|show_letter|show_letter|show_letter|show_letter|show_letter|show_letter|show_letter|show_letter|show_dash|show_letter|right_click|sound_beep|right_click,correct,right_click,1
sub-009,run-02,17,13,1,1,1,1,0,1,0,8,show_cross|show_letter|show_letter|show_letter|show_letter|show_letter|show_letter|show_letter|show_dash|show_letter|left_click|sound_beep|left_click,correct,left_click,1
sub-009,run-02,18,35,1,1,1,1,0,1,0,24,show_cross|show_letter|show_letter|show_letter|show_letter|show_letter|show_letter|show_letter|show_letter|show_dash|show_letter|left_click|sound_beep|show_letter|show_letter|show_letter|show_letter|show_letter|show_letter|show_letter|show_dash|left_click|sound_beep|show_letter|show_letter|show_letter|show_letter|show_letter|show_letter|show_letter|show_letter|show_dash|left_click|sound_beep|left_click,correct,left_click,1
sub-009,run-02,19,14,1,1,1,1,0,1,0,9,show_cross|show_letter|show_letter|show_letter|show_letter|show_letter|show_letter|show_letter|show_letter|show_dash|show_letter|left_click|sound_beep|left_click,correct,left_click,1
sub-009,run-02,20,12,1,1,1,0,1,1,0,7,show_cross|show_letter|show_letter|show_letter|show_letter|show_letter|show_letter|show_letter|show_dash|right_click|sound_beep|right_click,correct,right_click,1
sub-009,run-02,21,21,1,1,1,1,0,1,0,13,show_cross|show_letter|show_letter|show_letter|show_letter|show_letter|show_dash|left_click|sound_beep|show_letter|show_letter|show_letter|show_letter|show_letter|show_letter|show_letter|show_dash|show_letter|left_click|sound_beep|left_click,correct,left_click,1
sub-009,run-02,22,14,1,1,1,1,0,1,0,9,show_cross|show_letter|show_letter|show_letter|show_letter|show_letter|show_letter|show_letter|show_letter|show_dash|show_letter|left_click|sound_beep|left_click,correct,left_click,1
sub-009,run-03,1,14,1,1,1,0,1,1,0,9,show_cross|show_letter|show_letter|show_letter|show_letter|show_letter|show_letter|show_letter|show_letter|show_dash|show_letter|right_click|sound_beep|right_click,correct,right_click,1
sub-009,run-03,2,14,1,1,1,0,1,1,0,9,show_cross|show_letter|show_letter|show_letter|show_letter|show_letter|show_letter|show_letter|show_letter|show_dash|show_letter|right_click|sound_beep|right_click,correct,right_click,1
sub-009,run-03,3,14,1,1,1,0,1,1,0,9,show_cross|show_letter|show_letter|show_letter|show_letter|show_letter|show_letter|show_letter|show_letter|show_dash|show_letter|right_click|sound_beep|right_click,correct,right_click,1
sub-009,run-03,4,26,1,1,1,0,1,1,0,18,show_cross|show_letter|show_letter|show_letter|show_letter|show_letter|show_letter|show_letter|show_letter|show_dash|show_letter|right_click|sound_beep|show_letter|show_letter|show_letter|show_letter|show_letter|show_letter|show_letter|show_letter|show_dash|show_letter|right_click|sound_beep|right_click,correct,right_click,1
sub-009,run-03,5,14,1,1,1,1,0,1,0,9,show_cross|show_letter|show_letter|show_letter|show_letter|show_letter|show_letter|show_letter|show_letter|show_dash|show_letter|left_click|sound_beep|left_click,correct,left_click,1
sub-009,run-03,6,14,1,1,1,1,0,1,0,9,show_cross|show_letter|show_letter|show_letter|show_letter|show_letter|show_letter|show_letter|show_letter|show_dash|show_letter|left_click|sound_beep|left_click,correct,left_click,1
sub-009,run-03,7,14,1,1,1,0,1,1,0,9,show_cross|show_letter|show_letter|show_letter|show_letter|show_letter|show_letter|show_letter|show_letter|show_dash|show_letter|right_click|sound_beep|right_click,correct,right_click,1
sub-009,run-03,8,14,1,1,1,1,0,1,0,9,show_cross|show_letter|show_letter|show_letter|show_letter|show_letter|show_letter|show_letter|show_letter|show_dash|show_letter|left_click|sound_beep|left_click,correct,left_click,1
sub-009,run-03,9,14,1,1,1,0,1,1,0,9,show_cross|show_letter|show_letter|show_letter|show_letter|show_letter|show_letter|show_letter|show_letter|show_dash|show_letter|right_click|sound_beep|right_click,correct,right_click,1
sub-009,run-03,10,14,1,1,1,0,1,1,0,9,show_cross|show_letter|show_letter|show_letter|show_letter|show_letter|show_letter|show_letter|show_letter|show_dash|show_letter|right_click|sound_beep|right_click,correct,right_click,1
sub-009,run-03,11,14,1,1,1,1,0,1,0,9,show_cross|show_letter|show_letter|show_letter|show_letter|show_letter|show_letter|show_letter|show_letter|show_dash|show_letter|left_click|sound_beep|left_click,correct,left_click,1
sub-009,run-03,12,14,1,1,1,1,0,1,0,9,show_cross|show_letter|show_letter|show_letter|show_letter|show_letter|show_letter|show_letter|show_letter|show_dash|show_letter|left_click|sound_beep|left_click,correct,left_click,1
sub-009,run-03,13,14,1,1,1,0,1,1,0,9,show_cross|show_letter|show_letter|show_letter|show_letter|show_letter|show_letter|show_letter|show_letter|show_dash|show_letter|right_click|sound_beep|right_click,correct,right_click,1
sub-009,run-03,14,14,1,1,1,0,1,1,0,9,show_cross|show_letter|show_letter|show_letter|show_letter|show_letter|show_letter|show_letter|show_letter|show_dash|show_letter|right_click|sound_beep|right_click,correct,right_click,1
sub-009,run-03,15,14,1,1,1,1,0,1,0,9,show_cross|show_letter|show_letter|show_letter|show_letter|show_letter|show_letter|show_letter|show_letter|show_dash|show_letter|left_click|sound_beep|left_click,correct,left_click,1
sub-009,run-03,16,14,1,1,1,1,0,1,0,9,show_cross|show_letter|show_letter|show_letter|show_letter|show_letter|show_letter|show_letter|show_letter|show_dash|show_letter|left_click|sound_beep|left_click,correct,left_click,1
sub-009,run-03,17,14,1,1,1,1,0,1,0,9,show_cross|show_letter|show_letter|show_letter|show_letter|show_letter|show_letter|show_letter|show_letter|show_dash|show_letter|left_click|sound_beep|left_click,correct,left_click,1
sub-009,run-03,18,14,1,1,1,1,0,1,0,9,show_cross|show_letter|show_letter|show_letter|show_letter|show_letter|show_letter|show_letter|show_letter|show_dash|show_letter|left_click|sound_beep|left_click,correct,left_click,1
sub-009,run-03,19,12,1,1,1,0,1,0,0,9,show_cross|show_letter|show_letter|show_letter|show_letter|show_letter|show_letter|show_letter|show_letter|show_dash|show_letter|right_click,unknown,right_click,1
sub-009,run-03,20,14,1,1,1,0,1,1,0,9,show_cross|show_letter|show_letter|show_letter|show_letter|show_letter|show_letter|show_letter|show_letter|show_dash|show_letter|right_click|sound_beep|right_click,correct,right_click,1
sub-009,run-03,21,31,1,1,1,1,1,1,0,23,show_cross|show_letter|show_letter|show_letter|show_letter|show_letter|show_letter|show_letter|show_dash|show_letter|show_letter|show_letter|show_letter|show_letter|right_click|sound_beep|show_letter|show_letter|show_letter|show_letter|show_letter|show_letter|show_letter|show_letter|show_letter|show_letter|show_dash|show_letter|left_click|sound_beep|left_click,correct,right_click,1
sub-009,run-04,1,14,1,1,1,0,1,1,0,9,show_cross|show_letter|show_letter|show_letter|show_letter|show_letter|show_letter|show_letter|show_letter|show_dash|show_letter|right_click|sound_beep|right_click,correct,right_click,1
sub-009,run-04,2,14,1,1,1,0,1,1,0,9,show_cross|show_letter|show_letter|show_letter|show_letter|show_letter|show_letter|show_letter|show_letter|show_dash|show_letter|right_click|sound_beep|right_click,correct,right_click,1
sub-009,run-04,3,14,1,1,1,1,1,1,0,9,show_cross|show_letter|show_letter|show_letter|show_letter|show_letter|show_letter|show_letter|show_letter|show_dash|show_letter|left_click|sound_beep|right_click,correct,right_click,1
sub-009,run-04,4,14,1,1,1,1,1,1,0,9,show_cross|show_letter|show_letter|show_letter|show_letter|show_letter|show_letter|show_letter|show_letter|show_dash|show_letter|left_click|sound_beep|right_click,correct,right_click,1
sub-009,run-04,5,14,1,1,1,0,1,1,0,9,show_cross|show_letter|show_letter|show_letter|show_letter|show_letter|show_letter|show_letter|show_letter|show_dash|show_letter|right_click|sound_beep|right_click,correct,right_click,1
sub-009,run-04,6,14,1,1,1,0,1,1,0,9,show_cross|show_letter|show_letter|show_letter|show_letter|show_letter|show_letter|show_letter|show_letter|show_dash|show_letter|right_click|sound_beep|right_click,correct,right_click,1
sub-009,run-04,7,14,1,1,1,1,0,1,0,9,show_cross|show_letter|show_letter|show_letter|show_letter|show_letter|show_letter|show_letter|show_letter|show_dash|show_letter|left_click|sound_beep|left_click,correct,left_click,1
sub-009,run-04,8,14,1,1,1,0,1,1,0,9,show_cross|show_letter|show_letter|show_letter|show_letter|show_letter|show_letter|show_letter|show_letter|show_dash|show_letter|right_click|sound_beep|right_click,correct,right_click,1
sub-009,run-04,9,14,1,1,1,1,0,1,0,9,show_cross|show_letter|show_letter|show_letter|show_letter|show_letter|show_letter|show_letter|show_letter|show_dash|show_letter|left_click|sound_beep|left_click,correct,left_click,1
sub-009,run-04,10,14,1,1,1,0,1,1,0,9,show_cross|show_letter|show_letter|show_letter|show_letter|show_letter|show_letter|show_letter|show_letter|show_dash|show_letter|right_click|sound_beep|right_click,correct,right_click,1
sub-009,run-04,11,14,1,1,1,1,0,1,0,9,show_cross|show_letter|show_letter|show_letter|show_letter|show_letter|show_letter|show_letter|show_letter|show_dash|show_letter|left_click|sound_beep|left_click,correct,left_click,1
sub-009,run-04,12,14,1,1,1,1,0,1,0,9,show_cross|show_letter|show_letter|show_letter|show_letter|show_letter|show_letter|show_letter|show_letter|show_dash|show_letter|left_click|sound_beep|left_click,correct,left_click,1
sub-009,run-04,13,14,1,1,1,0,1,1,0,9,show_cross|show_letter|show_letter|show_letter|show_letter|show_letter|show_letter|show_letter|show_letter|show_dash|show_letter|right_click|sound_beep|right_click,correct,right_click,1
sub-009,run-04,14,14,1,1,1,0,1,1,0,9,show_cross|show_letter|show_letter|show_letter|show_letter|show_letter|show_letter|show_letter|show_letter|show_dash|show_letter|right_click|sound_beep|right_click,correct,right_click,1
sub-009,run-04,15,14,1,1,1,1,0,1,0,9,show_cross|show_letter|show_letter|show_letter|show_letter|show_letter|show_letter|show_letter|show_letter|show_dash|show_letter|left_click|sound_beep|left_click,correct,left_click,1
sub-009,run-04,16,14,1,1,1,0,1,1,0,9,show_cross|show_letter|show_letter|show_letter|show_letter|show_letter|show_letter|show_letter|show_letter|show_dash|show_letter|right_click|sound_beep|right_click,correct,right_click,1
sub-009,run-04,17,14,1,1,1,1,0,1,0,9,show_cross|show_letter|show_letter|show_letter|show_letter|show_letter|show_letter|show_letter|show_letter|show_dash|show_letter|left_click|sound_beep|left_click,correct,left_click,1
sub-009,run-04,18,14,1,1,1,0,1,1,0,9,show_cross|show_letter|show_letter|show_letter|show_letter|show_letter|show_letter|show_letter|show_letter|show_dash|show_letter|right_click|sound_beep|right_click,correct,right_click,1
sub-009,run-04,19,14,1,1,1,1,0,1,0,9,show_cross|show_letter|show_letter|show_letter|show_letter|show_letter|show_letter|show_letter|show_letter|show_dash|show_letter|left_click|sound_beep|left_click,correct,left_click,1
sub-009,run-04,20,14,1,1,1,1,0,1,0,9,show_cross|show_letter|show_letter|show_letter|show_letter|show_letter|show_letter|show_letter|show_letter|show_dash|show_letter|left_click|sound_beep|left_click,correct,left_click,1
sub-009,run-04,21,14,1,1,1,1,0,1,0,9,show_cross|show_letter|show_letter|show_letter|show_letter|show_letter|show_letter|show_letter|show_letter|show_dash|show_letter|left_click|sound_beep|left_click,correct,left_click,1
sub-009,run-04,22,14,1,1,1,1,0,1,0,9,show_cross|show_letter|show_letter|show_letter|show_letter|show_letter|show_letter|show_letter|show_letter|show_dash|show_letter|left_click|sound_beep|left_click,correct,left_click,1
sub-009,run-04,23,14,1,1,1,1,0,1,0,9,show_cross|show_letter|show_letter|show_letter|show_letter|show_letter|show_letter|show_letter|show_letter|show_dash|show_letter|left_click|sound_beep|left_click,correct,left_click,1
sub-009,run-04,24,14,1,1,1,1,0,1,0,9,show_cross|show_letter|show_letter|show_letter|show_letter|show_letter|show_letter|show_letter|show_letter|show_dash|show_letter|left_click|sound_beep|left_click,correct,left_click,1
sub-009,run-04,25,14,1,1,1,1,0,1,0,9,show_cross|show_letter|show_letter|show_letter|show_letter|show_letter|show_letter|show_letter|show_letter|show_dash|show_letter|left_click|sound_beep|left_click,correct,left_click,1
sub-010,run-01,1,13,1,1,1,1,1,1,0,8,show_cross|show_letter|show_letter|show_letter|show_letter|show_letter|show_letter|show_letter|show_dash|show_letter|left_click|sound_beep|right_click,correct,right_click,1
sub-010,run-01,2,13,1,1,1,1,1,1,0,8,show_cross|show_letter|show_letter|show_letter|show_letter|show_letter|show_letter|show_letter|show_dash|show_letter|left_click|sound_beep|right_click,correct,right_click,1
sub-010,run-01,3,13,1,1,1,0,1,1,0,8,show_cross|show_letter|show_letter|show_letter|show_letter|show_letter|show_letter|show_letter|show_dash|show_letter|right_click|sound_beep|right_click,correct,right_click,1
sub-010,run-01,4,32,1,1,1,1,1,1,0,23,show_cross|show_letter|show_letter|show_letter|show_letter|show_letter|show_letter|show_letter|show_dash|left_click|sound_beep|show_letter|show_letter|show_letter|show_letter|show_letter|show_letter|show_letter|show_dash|show_letter|right_click|show_letter|show_letter|show_letter|show_letter|show_letter|show_letter|show_letter|show_dash|show_letter|right_click|right_click,correct,right_click,1
sub-010,run-01,5,12,1,1,0,0,1,0,0,9,show_cross|show_letter|show_letter|show_letter|show_letter|show_letter|show_letter|show_letter|show_letter|show_letter|right_click|right_click,unknown,right_click,0
sub-010,run-01,6,12,1,1,1,0,1,0,0,8,show_cross|show_letter|show_letter|show_letter|show_letter|show_letter|show_letter|show_letter|show_letter|show_dash|right_click|right_click,unknown,right_click,1
sub-010,run-01,7,13,1,1,1,0,1,0,0,9,show_cross|show_letter|show_letter|show_letter|show_letter|show_letter|show_letter|show_letter|show_letter|show_dash|show_letter|right_click|right_click,unknown,right_click,1
sub-010,run-01,8,14,1,1,1,0,1,1,0,9,show_cross|show_letter|show_letter|show_letter|show_letter|show_letter|show_letter|show_letter|show_letter|show_dash|show_letter|right_click|sound_beep|right_click,correct,right_click,1
sub-010,run-01,9,32,1,1,1,1,1,0,0,25,show_cross|show_letter|show_letter|show_letter|show_letter|show_letter|show_letter|show_letter|show_letter|show_dash|left_click|show_letter|show_letter|show_letter|show_letter|show_letter|show_letter|show_letter|show_letter|show_dash|right_click|show_letter|show_letter|show_letter|show_letter|show_letter|show_letter|show_letter|show_letter|show_letter|right_click|right_click,unknown,right_click,1
sub-010,run-01,10,21,1,1,1,0,1,0,0,17,show_cross|show_letter|show_letter|show_letter|show_letter|show_letter|show_letter|show_letter|show_letter|show_letter|show_letter|show_letter|show_letter|show_letter|show_letter|show_letter|show_letter|show_dash|show_letter|right_click|right_click,unknown,right_click,1
sub-010,run-01,11,32,1,1,1,1,1,1,0,26,show_cross|show_letter|show_letter|show_letter|show_letter|show_letter|show_letter|show_letter|show_letter|show_letter|sound_beep|show_letter|show_letter|show_letter|show_letter|show_letter|show_letter|show_letter|show_dash|show_letter|sound_beep|show_letter|show_letter|show_letter|show_letter|show_letter|show_letter|show_letter|show_letter|show_letter|left_click|right_click,correct,right_click,1
sub-010,run-01,12,23,1,1,1,1,1,1,0,17,show_cross|show_letter|show_letter|show_letter|show_letter|show_letter|show_letter|show_letter|show_letter|show_dash|show_letter|left_click|show_letter|show_letter|show_letter|show_letter|show_letter|show_letter|show_letter|show_dash|show_letter|sound_beep|right_click,correct,right_click,1
sub-010,run-01,13,35,1,1,1,1,1,1,1,25,show_cross|show_letter|show_letter|show_letter|show_letter|show_letter|show_letter|show_letter|show_letter|show_dash|left_click|sound_beep|show_letter|show_letter|show_letter|show_letter|show_letter|show_letter|show_letter|show_letter|show_letter|left_click|sound_buzz|show_letter|show_letter|show_letter|show_letter|show_letter|show_letter|show_letter|show_letter|show_dash|right_click|sound_beep|left_click,correct,right_click,1
sub-010,run-01,14,23,1,1,1,0,1,1,0,17,show_cross|show_letter|show_letter|show_letter|show_letter|show_letter|show_letter|show_letter|show_dash|show_letter|sound_beep|show_letter|show_letter|show_letter|show_letter|show_letter|show_letter|show_letter|show_letter|show_dash|show_letter|sound_beep|right_click,correct,right_click,1
sub-010,run-02,1,31,1,1,1,1,1,1,0,22,show_cross|show_letter|show_letter|show_letter|show_letter|show_letter|show_letter|show_letter|show_dash|show_letter|right_click|sound_beep|show_letter|show_letter|show_letter|show_letter|show_letter|show_letter|show_letter|show_dash|left_click|show_letter|show_letter|show_letter|show_letter|show_letter|show_letter|show_dash|show_letter|right_click|left_click,correct,right_click,1
sub-010,run-02,2,12,1,1,1,1,1,0,0,8,show_cross|show_letter|show_letter|show_letter|show_letter|show_letter|show_letter|show_letter|show_dash|show_letter|right_click|left_click,unknown,right_click,1
sub-010,run-02,3,59,1,1,1,1,1,1,1,45,show_cross|show_letter|show_letter|show_letter|show_letter|show_letter|show_letter|show_dash|show_letter|sound_beep|show_letter|show_letter|show_letter|show_letter|show_letter|show_dash|show_letter|sound_beep|show_letter|show_letter|show_letter|show_letter|show_letter|show_letter|show_letter|show_dash|show_letter|right_click|sound_buzz|show_letter|show_letter|show_letter|show_letter|show_letter|show_letter|show_letter|show_dash|show_letter|left_click|show_letter|show_letter|show_letter|show_letter|show_letter|show_letter|show_letter|show_dash|show_letter|show_letter|show_letter|show_letter|show_letter|show_letter|show_letter|show_letter|show_dash|show_letter|sound_beep|left_click,correct,right_click,1
sub-010,run-02,4,11,1,1,1,0,1,0,0,8,show_cross|show_letter|show_letter|show_letter|show_letter|show_letter|show_letter|show_letter|show_dash|show_letter|right_click,unknown,right_click,1
sub-010,run-02,5,12,1,1,1,1,1,0,0,8,show_cross|show_letter|show_letter|show_letter|show_letter|show_letter|show_letter|show_letter|show_dash|show_letter|left_click|right_click,unknown,right_click,1
sub-010,run-02,6,32,1,1,1,1,1,1,1,23,show_cross|show_letter|show_letter|show_letter|show_letter|show_letter|show_letter|show_letter|show_dash|show_letter|right_click|sound_beep|show_letter|show_letter|show_letter|show_letter|show_letter|show_letter|show_dash|show_letter|show_letter|show_letter|show_letter|show_letter|show_letter|show_letter|show_letter|show_dash|show_letter|right_click|sound_buzz|left_click,correct,right_click,1
sub-010,run-02,7,48,1,1,1,1,1,1,0,37,show_cross|show_letter|show_letter|show_letter|show_letter|show_letter|show_letter|show_letter|show_dash|show_letter|show_letter|show_letter|show_letter|show_letter|show_letter|show_dash|show_letter|right_click|show_letter|show_letter|show_letter|show_letter|show_letter|show_letter|show_dash|right_click|sound_beep|show_letter|show_letter|show_letter|show_letter|show_letter|show_letter|show_letter|show_dash|show_letter|show_letter|show_letter|show_letter|show_letter|show_letter|show_letter|show_letter|show_letter|show_dash|show_letter|left_click|right_click,correct,right_click,1
sub-010,run-02,8,44,1,1,1,1,1,1,0,33,show_cross|show_letter|show_letter|show_letter|show_letter|show_letter|show_letter|show_dash|show_letter|show_letter|show_letter|show_letter|show_letter|show_letter|show_letter|show_dash|left_click|show_letter|show_letter|show_letter|show_letter|show_letter|show_letter|show_dash|right_click|show_letter|show_letter|show_letter|show_letter|show_letter|show_dash|show_letter|right_click|show_letter|show_letter|show_letter|show_letter|show_letter|show_letter|show_letter|show_dash|show_letter|sound_beep|right_click,correct,right_click,1
sub-010,run-03,1,11,1,1,1,1,1,0,0,7,show_cross|show_letter|show_letter|show_letter|show_letter|show_letter|show_letter|show_letter|show_dash|left_click|right_click,unknown,right_click,1
sub-010,run-03,2,58,1,1,1,1,0,1,0,47,show_cross|show_letter|show_letter|show_letter|show_letter|show_letter|show_letter|show_dash|show_letter|sound_beep|show_letter|show_letter|show_letter|show_letter|show_letter|show_letter|show_dash|show_letter|show_letter|show_letter|show_letter|show_letter|show_letter|show_dash|show_letter|show_letter|show_letter|show_letter|show_letter|show_letter|show_letter|show_dash|show_letter|show_letter|show_letter|show_letter|show_letter|show_letter|show_letter|show_dash|show_letter|show_letter|show_letter|show_letter|show_letter|show_dash|show_letter|sound_beep|show_letter|show_letter|show_letter|show_letter|show_letter|show_letter|show_letter|show_dash|show_letter|left_click,correct,left_click,1
sub-010,run-03,3,9,1,1,1,1,0,0,0,6,show_cross|show_letter|show_letter|show_letter|show_letter|show_letter|show_dash|show_letter|left_click,unknown,left_click,1
sub-010,run-03,4,48,1,1,1,1,1,1,1,37,show_cross|show_letter|show_letter|show_letter|show_letter|show_letter|show_letter|show_dash|show_letter|show_letter|show_letter|show_letter|show_letter|show_letter|show_letter|show_dash|right_click|sound_buzz|show_letter|show_letter|show_letter|show_letter|show_letter|show_letter|show_letter|show_dash|show_letter|right_click|show_letter|show_letter|show_letter|show_letter|show_letter|show_letter|show_letter|show_dash|show_letter|show_letter|show_letter|show_letter|show_letter|show_letter|show_letter|show_letter|show_dash|show_letter|sound_beep|left_click,correct,right_click,1
sub-010,run-03,5,7,1,1,1,1,0,0,0,4,show_cross|show_letter|show_letter|show_letter|show_letter|show_dash|left_click,unknown,left_click,1
sub-010,run-03,6,18,1,1,1,0,1,0,0,14,show_cross|show_letter|show_letter|show_letter|show_letter|show_letter|show_letter|show_dash|show_letter|show_letter|show_letter|show_letter|show_letter|show_letter|show_letter|show_dash|show_letter|right_click,unknown,right_click,1
sub-010,run-03,7,51,1,1,1,1,0,1,1,39,show_cross|show_letter|show_letter|show_letter|show_letter|show_letter|show_letter|show_letter|show_letter|show_letter|left_click|sound_beep|show_letter|show_letter|show_letter|show_letter|show_letter|show_letter|show_letter|show_letter|show_dash|sound_beep|show_letter|show_letter|show_letter|show_letter|show_letter|show_letter|show_dash|show_letter|left_click|sound_beep|show_letter|show_letter|show_letter|show_letter|show_letter|show_letter|show_letter|show_dash|show_letter|sound_buzz|show_letter|show_letter|show_letter|show_letter|show_letter|show_letter|show_letter|sound_beep|left_click,correct,left_click,1
sub-010,run-04,1,11,1,1,1,1,1,0,0,7,show_cross|show_letter|show_letter|show_letter|show_letter|show_letter|show_letter|show_letter|show_dash|right_click|left_click,unknown,right_click,1
sub-010,run-04,2,87,1,1,1,1,0,1,0,69,show_cross|show_letter|show_letter|show_letter|show_letter|show_letter|show_letter|show_dash|left_click|show_letter|show_letter|show_letter|show_letter|show_letter|show_letter|show_dash|sound_beep|show_letter|show_letter|show_letter|show_letter|show_letter|show_letter|show_letter|show_dash|show_letter|show_letter|show_letter|show_letter|show_letter|show_letter|show_letter|show_dash|show_letter|sound_beep|show_letter|show_letter|show_letter|show_letter|show_letter|show_letter|show_letter|show_dash|show_letter|sound_beep|show_letter|show_letter|show_letter|show_letter|show_letter|show_letter|show_letter|show_dash|show_letter|show_letter|show_letter|show_letter|show_letter|show_letter|show_letter|show_letter|left_click|sound_beep|show_letter|show_letter|show_letter|show_letter|show_letter|show_letter|show_letter|show_letter|show_letter|show_letter|show_letter|show_letter|show_dash|left_click|sound_beep|show_letter|show_letter|show_letter|show_letter|show_letter|show_letter|show_letter|show_dash|left_click,correct,left_click,1
sub-010,run-04,3,39,1,1,1,1,1,1,0,25,show_cross|show_letter|show_letter|show_letter|show_letter|show_letter|show_dash|left_click|sound_beep|show_letter|show_letter|show_letter|show_letter|show_letter|show_letter|show_letter|show_dash|left_click|sound_beep|right_click|show_letter|show_letter|show_letter|show_letter|show_letter|show_letter|show_letter|show_dash|right_click|sound_beep|show_letter|show_letter|show_letter|show_letter|show_letter|show_dash|show_letter|sound_beep|left_click,correct,right_click,1
sub-010,run-04,4,29,1,1,1,1,1,1,0,21,show_cross|show_letter|show_letter|show_letter|show_letter|show_letter|show_letter|show_dash|sound_beep|show_letter|show_letter|show_letter|show_letter|show_letter|show_letter|show_dash|show_letter|left_click|sound_beep|show_letter|show_letter|show_letter|show_letter|show_letter|show_letter|show_letter|show_letter|sound_beep|right_click,correct,right_click,1
sub-010,run-04,5,39,1,1,1,0,1,1,0,30,show_cross|show_letter|show_letter|show_letter|show_letter|show_letter|show_letter|show_letter|show_dash|show_letter|sound_beep|show_letter|show_letter|show_letter|show_letter|show_letter|show_dash|show_letter|show_letter|show_letter|show_letter|show_letter|show_letter|show_letter|show_dash|sound_beep|show_letter|show_letter|show_letter|show_letter|show_letter|show_dash|show_letter|show_letter|show_letter|show_letter|show_letter|show_dash|right_click,correct,right_click,1
sub-011,run-01,1,14,1,1,1,1,1,1,0,9,show_cross|show_letter|show_letter|show_letter|show_letter|show_letter|show_letter|show_letter|show_letter|show_dash|show_letter|left_click|sound_beep|right_click,correct,right_click,1
sub-011,run-01,2,14,1,1,1,0,1,1,0,9,show_cross|show_letter|show_letter|show_letter|show_letter|show_letter|show_letter|show_letter|show_letter|show_dash|show_letter|right_click|sound_beep|right_click,correct,right_click,1
sub-011,run-01,3,14,1,1,1,0,1,1,0,9,show_cross|show_letter|show_letter|show_letter|show_letter|show_letter|show_letter|show_letter|show_letter|show_dash|show_letter|right_click|sound_beep|right_click,correct,right_click,1
sub-011,run-01,4,14,1,1,1,0,1,1,0,9,show_cross|show_letter|show_letter|show_letter|show_letter|show_letter|show_letter|show_letter|show_letter|show_dash|show_letter|right_click|sound_beep|right_click,correct,right_click,1
sub-011,run-01,5,14,1,1,1,0,1,1,0,9,show_cross|show_letter|show_letter|show_letter|show_letter|show_letter|show_letter|show_letter|show_letter|show_dash|show_letter|right_click|sound_beep|right_click,correct,right_click,1
sub-011,run-01,6,14,1,1,1,0,1,1,0,9,show_cross|show_letter|show_letter|show_letter|show_letter|show_letter|show_letter|show_letter|show_letter|show_dash|show_letter|right_click|sound_beep|right_click,correct,right_click,1
sub-011,run-01,7,14,1,1,1,0,1,1,0,9,show_cross|show_letter|show_letter|show_letter|show_letter|show_letter|show_letter|show_letter|show_letter|show_dash|show_letter|right_click|sound_beep|right_click,correct,right_click,1
sub-011,run-01,8,14,1,1,1,0,1,1,0,9,show_cross|show_letter|show_letter|show_letter|show_letter|show_letter|show_letter|show_letter|show_letter|show_dash|show_letter|right_click|sound_beep|right_click,correct,right_click,1
sub-011,run-01,9,14,1,1,1,1,1,1,0,9,show_cross|show_letter|show_letter|show_letter|show_letter|show_letter|show_letter|show_letter|show_letter|show_dash|show_letter|left_click|sound_beep|right_click,correct,right_click,1
sub-011,run-01,10,14,1,1,1,1,1,1,0,9,show_cross|show_letter|show_letter|show_letter|show_letter|show_letter|show_letter|show_letter|show_letter|show_dash|show_letter|left_click|sound_beep|right_click,correct,right_click,1
sub-011,run-01,11,14,1,1,1,1,1,1,0,9,show_cross|show_letter|show_letter|show_letter|show_letter|show_letter|show_letter|show_letter|show_letter|show_dash|show_letter|left_click|sound_beep|right_click,correct,right_click,1
sub-011,run-01,12,14,1,1,1,1,1,1,0,9,show_cross|show_letter|show_letter|show_letter|show_letter|show_letter|show_letter|show_letter|show_letter|show_dash|show_letter|left_click|sound_beep|right_click,correct,right_click,1
sub-011,run-01,13,14,1,1,1,0,1,1,0,9,show_cross|show_letter|show_letter|show_letter|show_letter|show_letter|show_letter|show_letter|show_letter|show_dash|show_letter|right_click|sound_beep|right_click,correct,right_click,1
sub-011,run-01,14,14,1,1,1,1,1,1,0,9,show_cross|show_letter|show_letter|show_letter|show_letter|show_letter|show_letter|show_letter|show_letter|show_dash|show_letter|left_click|sound_beep|right_click,correct,right_click,1
sub-011,run-01,15,14,1,1,1,1,1,1,0,9,show_cross|show_letter|show_letter|show_letter|show_letter|show_letter|show_letter|show_letter|show_letter|show_dash|show_letter|left_click|sound_beep|right_click,correct,right_click,1
sub-011,run-01,16,14,1,1,1,0,1,1,0,9,show_cross|show_letter|show_letter|show_letter|show_letter|show_letter|show_letter|show_letter|show_letter|show_dash|show_letter|right_click|sound_beep|right_click,correct,right_click,1
sub-011,run-01,17,14,1,1,1,0,1,1,0,9,show_cross|show_letter|show_letter|show_letter|show_letter|show_letter|show_letter|show_letter|show_letter|show_dash|show_letter|right_click|sound_beep|right_click,correct,right_click,1
sub-011,run-01,18,14,1,1,1,0,1,1,0,9,show_cross|show_letter|show_letter|show_letter|show_letter|show_letter|show_letter|show_letter|show_letter|show_dash|show_letter|right_click|sound_beep|right_click,correct,right_click,1
sub-011,run-01,19,14,1,1,1,1,1,1,0,9,show_cross|show_letter|show_letter|show_letter|show_letter|show_letter|show_letter|show_letter|show_letter|show_dash|show_letter|left_click|sound_beep|right_click,correct,right_click,1
sub-011,run-01,20,14,1,1,1,1,1,1,0,9,show_cross|show_letter|show_letter|show_letter|show_letter|show_letter|show_letter|show_letter|show_letter|show_dash|show_letter|left_click|sound_beep|right_click,correct,right_click,1
sub-011,run-01,21,14,1,1,1,0,1,1,0,9,show_cross|show_letter|show_letter|show_letter|show_letter|show_letter|show_letter|show_letter|show_letter|show_dash|show_letter|right_click|sound_beep|right_click,correct,right_click,1
sub-011,run-01,22,14,1,1,1,0,1,1,0,9,show_cross|show_letter|show_letter|show_letter|show_letter|show_letter|show_letter|show_letter|show_letter|show_dash|show_letter|right_click|sound_beep|right_click,correct,right_click,1
sub-011,run-01,23,14,1,1,1,1,1,1,0,9,show_cross|show_letter|show_letter|show_letter|show_letter|show_letter|show_letter|show_letter|show_letter|show_dash|show_letter|left_click|sound_beep|right_click,correct,right_click,1
sub-011,run-01,24,14,1,1,1,0,1,1,0,9,show_cross|show_letter|show_letter|show_letter|show_letter|show_letter|show_letter|show_letter|show_letter|show_dash|show_letter|right_click|sound_beep|right_click,correct,right_click,1
sub-011,run-01,25,14,1,1,1,0,1,1,0,9,show_cross|show_letter|show_letter|show_letter|show_letter|show_letter|show_letter|show_letter|show_letter|show_dash|show_letter|right_click|sound_beep|right_click,correct,right_click,1
sub-011,run-02,1,14,1,1,1,1,1,1,0,9,show_cross|show_letter|show_letter|show_letter|show_letter|show_letter|show_letter|show_letter|show_letter|show_dash|show_letter|left_click|sound_beep|right_click,correct,right_click,1
sub-011,run-02,2,14,1,1,1,1,1,1,0,9,show_cross|show_letter|show_letter|show_letter|show_letter|show_letter|show_letter|show_letter|show_letter|show_dash|show_letter|left_click|sound_beep|right_click,correct,right_click,1
sub-011,run-02,3,14,1,1,1,0,1,1,0,9,show_cross|show_letter|show_letter|show_letter|show_letter|show_letter|show_letter|show_letter|show_letter|show_dash|show_letter|right_click|sound_beep|right_click,correct,right_click,1
sub-011,run-02,4,14,1,1,1,1,1,1,0,9,show_cross|show_letter|show_letter|show_letter|show_letter|show_letter|show_letter|show_letter|show_letter|show_dash|show_letter|left_click|sound_beep|right_click,correct,right_click,1
sub-011,run-02,5,14,1,1,1,1,1,1,0,9,show_cross|show_letter|show_letter|show_letter|show_letter|show_letter|show_letter|show_letter|show_letter|show_dash|show_letter|left_click|sound_beep|right_click,correct,right_click,1
sub-011,run-02,6,14,1,1,1,1,1,1,0,9,show_cross|show_letter|show_letter|show_letter|show_letter|show_letter|show_letter|show_letter|show_letter|show_dash|show_letter|left_click|sound_beep|right_click,correct,right_click,1
sub-011,run-02,7,14,1,1,1,0,1,1,0,9,show_cross|show_letter|show_letter|show_letter|show_letter|show_letter|show_letter|show_letter|show_letter|show_dash|show_letter|right_click|sound_beep|right_click,correct,right_click,1
sub-011,run-02,8,14,1,1,1,0,1,1,0,9,show_cross|show_letter|show_letter|show_letter|show_letter|show_letter|show_letter|show_letter|show_letter|show_dash|show_letter|right_click|sound_beep|right_click,correct,right_click,1
sub-011,run-02,9,14,1,1,1,0,1,1,0,9,show_cross|show_letter|show_letter|show_letter|show_letter|show_letter|show_letter|show_letter|show_letter|show_dash|show_letter|right_click|sound_beep|right_click,correct,right_click,1
sub-011,run-02,10,14,1,1,1,0,1,1,0,9,show_cross|show_letter|show_letter|show_letter|show_letter|show_letter|show_letter|show_letter|show_letter|show_dash|show_letter|right_click|sound_beep|right_click,correct,right_click,1
sub-011,run-02,11,14,1,1,1,0,1,1,0,9,show_cross|show_letter|show_letter|show_letter|show_letter|show_letter|show_letter|show_letter|show_letter|show_dash|show_letter|right_click|sound_beep|right_click,correct,right_click,1
sub-011,run-02,12,27,1,1,1,0,1,1,0,18,show_cross|show_letter|show_letter|show_letter|show_letter|show_letter|show_letter|show_letter|show_letter|show_dash|show_letter|right_click|sound_beep|right_click/show_cross|show_letter|show_letter|show_letter|show_letter|show_letter|show_letter|show_letter|show_letter|show_dash|show_letter|right_click|sound_beep|right_click,correct,right_click,1
sub-011,run-02,13,14,1,1,1,0,1,1,0,9,show_cross|show_letter|show_letter|show_letter|show_letter|show_letter|show_letter|show_letter|show_letter|show_dash|show_letter|right_click|sound_beep|right_click,correct,right_click,1
sub-011,run-02,14,14,1,1,1,1,1,1,0,9,show_cross|show_letter|show_letter|show_letter|show_letter|show_letter|show_letter|show_letter|show_letter|show_dash|show_letter|left_click|sound_beep|right_click,correct,right_click,1
sub-011,run-02,15,14,1,1,1,1,1,1,0,9,show_cross|show_letter|show_letter|show_letter|show_letter|show_letter|show_letter|show_letter|show_letter|show_dash|show_letter|left_click|sound_beep|right_click,correct,right_click,1
sub-011,run-02,16,14,1,1,1,0,1,1,0,9,show_cross|show_letter|show_letter|show_letter|show_letter|show_letter|show_letter|show_letter|show_letter|show_dash|show_letter|right_click|sound_beep|right_click,correct,right_click,1
sub-011,run-02,17,14,1,1,1,0,1,1,0,9,show_cross|show_letter|show_letter|show_letter|show_letter|show_letter|show_letter|show_letter|show_letter|show_dash|show_letter|right_click|sound_beep|right_click,correct,right_click,1
sub-011,run-02,18,14,1,1,1,1,1,1,0,9,show_cross|show_letter|show_letter|show_letter|show_letter|show_letter|show_letter|show_letter|show_letter|show_dash|show_letter|left_click|sound_beep|right_click,correct,right_click,1
sub-011,run-02,19,14,1,1,1,0,1,1,0,9,show_cross|show_letter|show_letter|show_letter|show_letter|show_letter|show_letter|show_letter|show_letter|show_dash|show_letter|right_click|sound_beep|right_click,correct,right_click,1
sub-011,run-02,20,14,1,1,1,1,1,1,0,9,show_cross|show_letter|show_letter|show_letter|show_letter|show_letter|show_letter|show_letter|show_letter|show_dash|show_letter|left_click|sound_beep|right_click,correct,right_click,1
sub-011,run-02,21,14,1,1,1,0,1,1,0,9,show_cross|show_letter|show_letter|show_letter|show_letter|show_letter|show_letter|show_letter|show_letter|show_dash|show_letter|right_click|sound_beep|right_click,correct,right_click,1
sub-011,run-02,22,14,1,1,1,1,1,1,0,9,show_cross|show_letter|show_letter|show_letter|show_letter|show_letter|show_letter|show_letter|show_letter|show_dash|show_letter|left_click|sound_beep|right_click,correct,right_click,1
sub-011,run-02,23,14,1,1,1,0,1,0,1,9,show_cross|show_letter|show_letter|show_letter|show_letter|show_letter|show_letter|show_letter|show_letter|show_dash|show_letter|right_click|sound_buzz|right_click,incorrect,right_click,1
sub-011,run-02,24,14,1,1,1,0,1,1,0,9,show_cross|show_letter|show_letter|show_letter|show_letter|show_letter|show_letter|show_letter|show_letter|show_dash|show_letter|right_click|sound_beep|right_click,correct,right_click,1
sub-011,run-03,1,14,1,1,1,0,1,1,0,9,show_cross|show_letter|show_letter|show_letter|show_letter|show_letter|show_letter|show_letter|show_letter|show_dash|show_letter|right_click|sound_beep|right_click,correct,right_click,1
sub-011,run-03,2,14,1,1,1,1,1,1,0,9,show_cross|show_letter|show_letter|show_letter|show_letter|show_letter|show_letter|show_letter|show_letter|show_dash|show_letter|left_click|sound_beep|right_click,correct,right_click,1
sub-011,run-03,3,14,1,1,1,0,1,1,0,9,show_cross|show_letter|show_letter|show_letter|show_letter|show_letter|show_letter|show_letter|show_letter|show_dash|show_letter|right_click|sound_beep|right_click,correct,right_click,1
sub-011,run-03,4,14,1,1,1,0,1,1,0,9,show_cross|show_letter|show_letter|show_letter|show_letter|show_letter|show_letter|show_letter|show_letter|show_dash|show_letter|right_click|sound_beep|right_click,correct,right_click,1
sub-011,run-03,5,14,1,1,1,0,1,1,0,9,show_cross|show_letter|show_letter|show_letter|show_letter|show_letter|show_letter|show_letter|show_letter|show_dash|show_letter|right_click|sound_beep|right_click,correct,right_click,1
sub-011,run-03,6,14,1,1,1,1,1,1,0,9,show_cross|show_letter|show_letter|show_letter|show_letter|show_letter|show_letter|show_letter|show_letter|show_dash|show_letter|left_click|sound_beep|right_click,correct,right_click,1
sub-011,run-03,7,14,1,1,1,1,1,1,0,9,show_cross|show_letter|show_letter|show_letter|show_letter|show_letter|show_letter|show_letter|show_letter|show_dash|show_letter|left_click|sound_beep|right_click,correct,right_click,1
sub-011,run-03,8,14,1,1,1,0,1,1,0,9,show_cross|show_letter|show_letter|show_letter|show_letter|show_letter|show_letter|show_letter|show_letter|show_dash|show_letter|right_click|sound_beep|right_click,correct,right_click,1
sub-011,run-03,9,14,1,1,1,0,1,1,0,9,show_cross|show_letter|show_letter|show_letter|show_letter|show_letter|show_letter|show_letter|show_letter|show_dash|show_letter|right_click|sound_beep|right_click,correct,right_click,1
sub-011,run-03,10,14,1,1,1,0,1,1,0,9,show_cross|show_letter|show_letter|show_letter|show_letter|show_letter|show_letter|show_letter|show_letter|show_dash|show_letter|right_click|sound_beep|right_click,correct,right_click,1
sub-011,run-03,11,14,1,1,1,0,1,1,0,9,show_cross|show_letter|show_letter|show_letter|show_letter|show_letter|show_letter|show_letter|show_letter|show_dash|show_letter|right_click|sound_beep|right_click,correct,right_click,1
sub-011,run-03,12,14,1,1,1,0,1,0,1,9,show_cross|show_letter|show_letter|show_letter|show_letter|show_letter|show_letter|show_letter|show_letter|show_dash|show_letter|right_click|sound_buzz|right_click,incorrect,right_click,1
sub-011,run-03,13,14,1,1,1,1,1,1,0,9,show_cross|show_letter|show_letter|show_letter|show_letter|show_letter|show_letter|show_letter|show_letter|show_dash|show_letter|left_click|sound_beep|right_click,correct,right_click,1
sub-011,run-03,14,14,1,1,1,0,1,1,0,9,show_cross|show_letter|show_letter|show_letter|show_letter|show_letter|show_letter|show_letter|show_letter|show_dash|show_letter|right_click|sound_beep|right_click,correct,right_click,1
sub-011,run-03,15,14,1,1,1,1,1,1,0,9,show_cross|show_letter|show_letter|show_letter|show_letter|show_letter|show_letter|show_letter|show_letter|show_dash|show_letter|left_click|sound_beep|right_click,correct,right_click,1
sub-011,run-03,16,14,1,1,1,0,1,1,0,9,show_cross|show_letter|show_letter|show_letter|show_letter|show_letter|show_letter|show_letter|show_letter|show_dash|show_letter|right_click|sound_beep|right_click,correct,right_click,1
sub-011,run-03,17,14,1,1,1,1,1,1,0,9,show_cross|show_letter|show_letter|show_letter|show_letter|show_letter|show_letter|show_letter|show_letter|show_dash|show_letter|left_click|sound_beep|right_click,correct,right_click,1
sub-011,run-03,18,14,1,1,1,0,1,1,0,9,show_cross|show_letter|show_letter|show_letter|show_letter|show_letter|show_letter|show_letter|show_letter|show_dash|show_letter|right_click|sound_beep|right_click,correct,right_click,1
sub-011,run-03,19,14,1,1,1,1,1,1,0,9,show_cross|show_letter|show_letter|show_letter|show_letter|show_letter|show_letter|show_letter|show_letter|show_dash|show_letter|left_click|sound_beep|right_click,correct,right_click,1
sub-011,run-03,20,14,1,1,1,1,1,1,0,9,show_cross|show_letter|show_letter|show_letter|show_letter|show_letter|show_letter|show_letter|show_letter|show_dash|show_letter|left_click|sound_beep|right_click,correct,right_click,1
sub-011,run-03,21,14,1,1,1,0,1,1,0,9,show_cross|show_letter|show_letter|show_letter|show_letter|show_letter|show_letter|show_letter|show_letter|show_dash|show_letter|right_click|sound_beep|right_click,correct,right_click,1
sub-011,run-03,22,14,1,1,1,0,1,1,0,9,show_cross|show_letter|show_letter|show_letter|show_letter|show_letter|show_letter|show_letter|show_letter|show_dash|show_letter|right_click|sound_beep|right_click,correct,right_click,1
sub-011,run-03,23,14,1,1,1,1,1,1,0,9,show_cross|show_letter|show_letter|show_letter|show_letter|show_letter|show_letter|show_letter|show_letter|show_dash|show_letter|left_click|sound_beep|right_click,correct,right_click,1
sub-011,run-03,24,14,1,1,1,0,1,1,0,9,show_cross|show_letter|show_letter|show_letter|show_letter|show_letter|show_letter|show_letter|show_letter|show_dash|show_letter|right_click|sound_beep|right_click,correct,right_click,1
sub-011,run-03,25,14,1,1,1,0,1,1,0,9,show_cross|show_letter|show_letter|show_letter|show_letter|show_letter|show_letter|show_letter|show_letter|show_dash|show_letter|right_click|sound_beep|right_click,correct,right_click,1
sub-011,run-04,1,14,1,1,1,0,1,1,0,9,show_cross|show_letter|show_letter|show_letter|show_letter|show_letter|show_letter|show_letter|show_letter|show_dash|show_letter|right_click|sound_beep|right_click,correct,right_click,1
sub-011,run-04,2,14,1,1,1,1,1,1,0,9,show_cross|show_letter|show_letter|show_letter|show_letter|show_letter|show_letter|show_letter|show_letter|show_dash|show_letter|left_click|sound_beep|right_click,correct,right_click,1
sub-011,run-04,3,12,1,1,1,0,1,0,0,9,show_cross|show_letter|show_letter|show_letter|show_letter|show_letter|show_letter|show_letter|show_letter|show_dash|show_letter|right_click,unknown,right_click,1
sub-011,run-04,4,14,1,1,1,1,1,1,0,9,show_cross|show_letter|show_letter|show_letter|show_letter|show_letter|show_letter|show_letter|show_letter|show_dash|show_letter|left_click|sound_beep|right_click,correct,right_click,1
sub-011,run-04,5,14,1,1,1,1,1,1,0,9,show_cross|show_letter|show_letter|show_letter|show_letter|show_letter|show_letter|show_letter|show_letter|show_dash|show_letter|left_click|sound_beep|right_click,correct,right_click,1
sub-011,run-04,6,14,1,1,1,1,1,1,0,9,show_cross|show_letter|show_letter|show_letter|show_letter|show_letter|show_letter|show_letter|show_letter|show_dash|show_letter|left_click|sound_beep|right_click,correct,right_click,1
sub-011,run-04,7,14,1,1,1,1,1,1,0,9,show_cross|show_letter|show_letter|show_letter|show_letter|show_letter|show_letter|show_letter|show_letter|show_dash|show_letter|left_click|sound_beep|right_click,correct,right_click,1
sub-011,run-04,8,14,1,1,1,0,1,1,0,9,show_cross|show_letter|show_letter|show_letter|show_letter|show_letter|show_letter|show_letter|show_letter|show_dash|show_letter|right_click|sound_beep|right_click,correct,right_click,1
sub-011,run-04,9,14,1,1,1,1,1,1,0,9,show_cross|show_letter|show_letter|show_letter|show_letter|show_letter|show_letter|show_letter|show_letter|show_dash|show_letter|left_click|sound_beep|right_click,correct,right_click,1
sub-011,run-04,10,14,1,1,1,0,1,1,0,9,show_cross|show_letter|show_letter|show_letter|show_letter|show_letter|show_letter|show_letter|show_letter|show_dash|show_letter|right_click|sound_beep|right_click,correct,right_click,1
sub-011,run-04,11,14,1,1,1,0,1,1,0,9,show_cross|show_letter|show_letter|show_letter|show_letter|show_letter|show_letter|show_letter|show_letter|show_dash|show_letter|right_click|sound_beep|right_click,correct,right_click,1
sub-011,run-04,12,14,1,1,1,1,1,1,0,9,show_cross|show_letter|show_letter|show_letter|show_letter|show_letter|show_letter|show_letter|show_letter|show_dash|show_letter|left_click|sound_beep|right_click,correct,right_click,1
sub-011,run-04,13,14,1,1,1,0,1,0,1,9,show_cross|show_letter|show_letter|show_letter|show_letter|show_letter|show_letter|show_letter|show_letter|show_dash|show_letter|right_click|sound_buzz|right_click,incorrect,right_click,1
sub-011,run-04,14,14,1,1,1,0,1,1,0,9,show_cross|show_letter|show_letter|show_letter|show_letter|show_letter|show_letter|show_letter|show_letter|show_dash|show_letter|right_click|sound_beep|right_click,correct,right_click,1
sub-011,run-04,15,14,1,1,1,0,1,1,0,9,show_cross|show_letter|show_letter|show_letter|show_letter|show_letter|show_letter|show_letter|show_letter|show_dash|show_letter|right_click|sound_beep|right_click,correct,right_click,1
sub-011,run-04,16,14,1,1,1,0,1,1,0,9,show_cross|show_letter|show_letter|show_letter|show_letter|show_letter|show_letter|show_letter|show_letter|show_dash|show_letter|right_click|sound_beep|right_click,correct,right_click,1
sub-011,run-04,17,14,1,1,1,0,1,1,0,9,show_cross|show_letter|show_letter|show_letter|show_letter|show_letter|show_letter|show_letter|show_letter|show_dash|show_letter|right_click|sound_beep|right_click,correct,right_click,1
sub-011,run-04,18,14,1,1,1,1,0,1,0,9,show_cross|show_letter|show_letter|show_letter|show_letter|show_letter|show_letter|show_letter|show_letter|show_dash|show_letter|left_click|sound_beep|left_click,correct,left_click,1
sub-011,run-04,19,14,1,1,1,0,1,1,0,9,show_cross|show_letter|show_letter|show_letter|show_letter|show_letter|show_letter|show_letter|show_letter|show_dash|show_letter|right_click|sound_beep|right_click,correct,right_click,1
sub-011,run-04,20,14,1,1,1,1,1,1,0,9,show_cross|show_letter|show_letter|show_letter|show_letter|show_letter|show_letter|show_letter|show_letter|show_dash|show_letter|left_click|sound_beep|right_click,correct,right_click,1
sub-011,run-04,21,14,1,1,1,0,1,0,1,9,show_cross|show_letter|show_letter|show_letter|show_letter|show_letter|show_letter|show_letter|show_letter|show_dash|show_letter|right_click|sound_buzz|right_click,incorrect,right_click,1
sub-011,run-04,22,14,1,1,1,1,1,1,0,9,show_cross|show_letter|show_letter|show_letter|show_letter|show_letter|show_letter|show_letter|show_letter|show_dash|show_letter|left_click|sound_beep|right_click,correct,right_click,1
sub-011,run-04,23,14,1,1,1,1,1,1,0,9,show_cross|show_letter|show_letter|show_letter|show_letter|show_letter|show_letter|show_letter|show_letter|show_dash|show_letter|left_click|sound_beep|right_click,correct,right_click,1
sub-011,run-04,24,14,1,1,1,1,1,1,0,9,show_cross|show_letter|show_letter|show_letter|show_letter|show_letter|show_letter|show_letter|show_letter|show_dash|show_letter|left_click|sound_beep|right_click,correct,right_click,1
sub-011,run-04,25,14,1,1,1,0,1,1,0,9,show_cross|show_letter|show_letter|show_letter|show_letter|show_letter|show_letter|show_letter|show_letter|show_dash|show_letter|right_click|sound_beep|right_click,correct,right_click,1
sub-012,run-01,1,107,1,1,0,1,1,1,0,84,show_cross|show_letter|show_letter|show_letter|show_letter|show_letter|show_letter|right_click|sound_beep|show_letter|show_letter|show_letter|show_letter|show_letter|sound_beep|show_letter|show_letter|show_letter|show_letter|show_letter|show_letter|right_click|sound_beep|show_letter|show_letter|show_letter|show_letter|show_letter|show_letter|show_letter|right_click|show_letter|show_letter|show_letter|show_letter|show_letter|right_click|sound_beep|show_letter|show_letter|show_letter|show_letter|show_letter|show_letter|right_click|show_letter|show_letter|show_letter|show_letter|show_letter|show_letter|left_click|sound_beep|show_letter|show_letter|show_letter|show_letter|show_letter|left_click|show_letter|show_letter|show_letter|show_letter|show_letter|show_letter|show_letter|show_letter|show_letter|right_click|sound_beep|show_letter|show_letter|show_letter|right_click|sound_beep|show_letter|show_letter|show_letter|show_letter|show_letter|show_letter|show_letter|show_letter|left_click|show_letter|show_letter|show_letter|show_letter|show_letter|right_click|show_letter|show_letter|show_letter|show_letter|show_letter|show_letter|show_letter|left_click|show_letter|show_letter|show_letter|show_letter|show_letter|show_letter|left_click|sound_beep|right_click,correct,right_click,0
sub-012,run-01,2,21,1,1,0,1,1,1,0,15,show_cross|show_letter|show_letter|show_letter|show_letter|show_letter|left_click|sound_beep|show_letter|show_letter|show_letter|show_letter|show_letter|show_letter|show_letter|show_letter|show_letter|show_letter|right_click|sound_beep|left_click,correct,right_click,0
sub-012,run-01,3,18,1,1,1,1,1,1,0,11,show_cross|show_letter|show_letter|show_letter|show_letter|show_letter|left_click|sound_beep|show_letter|show_letter|show_letter|show_letter|show_letter|show_dash|show_letter|right_click|sound_beep|left_click,correct,right_click,1
sub-012,run-01,4,48,1,1,1,1,1,1,0,36,show_cross|show_letter|show_letter|show_letter|show_letter|show_letter|right_click|sound_beep|show_letter|show_letter|show_letter|show_letter|show_letter|show_letter|show_letter|show_letter|show_letter|left_click|sound_beep|show_letter|show_letter|show_letter|right_click|show_letter|show_letter|show_letter|show_letter|show_letter|show_letter|show_letter|show_letter|show_letter|show_letter|show_letter|show_letter|right_click|sound_beep|show_letter|show_letter|show_letter|show_letter|show_letter|show_letter|show_dash|show_letter|right_click|sound_beep|left_click,correct,right_click,1
sub-012,run-02,1,72,1,1,1,1,1,1,0,55,show_cross|show_letter|show_letter|show_letter|show_letter|show_letter|show_letter|right_click|show_letter|show_letter|show_letter|show_letter|show_dash|show_letter|right_click|show_letter|show_letter|show_letter|show_letter|show_letter|show_letter|left_click|show_letter|show_letter|show_letter|show_letter|show_letter|show_letter|right_click|show_letter|show_letter|show_letter|show_letter|show_letter|right_click|show_letter|show_letter|show_letter|show_letter|left_click|sound_beep|show_letter|show_letter|show_letter|show_letter|show_letter|right_click|show_letter|show_letter|show_letter|show_letter|show_letter|show_letter|show_letter|right_click|sound_beep|show_letter|show_letter|show_letter|show_letter|right_click|show_letter|show_letter|show_letter|left_click|show_letter|show_letter|show_letter|show_letter|right_click|sound_beep|left_click,correct,right_click,1
sub-012,run-02,2,38,1,1,0,1,1,1,0,29,show_cross|show_letter|show_letter|show_letter|show_letter|show_letter|show_letter|show_letter|left_click|show_letter|show_letter|show_letter|show_letter|right_click|show_letter|show_letter|show_letter|show_letter|show_letter|left_click|show_letter|show_letter|show_letter|left_click|show_letter|show_letter|left_click|show_letter|show_letter|show_letter|show_letter|show_letter|show_letter|show_letter|show_letter|left_click|sound_beep|right_click,correct,right_click,0
sub-012,run-03,1,115,1,1,0,1,1,1,0,88,show_cross|show_letter|show_letter|show_letter|right_click|sound_beep|show_letter|show_letter|show_letter|show_letter|right_click|sound_beep|show_letter|show_letter|show_letter|show_letter|show_letter|show_letter|left_click|show_letter|show_letter|show_letter|show_letter|right_click|show_letter|show_letter|show_letter|show_letter|show_letter|left_click|sound_beep|show_letter|show_letter|show_letter|show_letter|show_letter|right_click|show_letter|show_letter|right_click|show_letter|show_letter|show_letter|show_letter|show_letter|show_letter|show_letter|show_letter|show_letter|show_letter|show_letter|show_letter|show_letter|show_letter|right_click|sound_beep|left_click|show_letter|show_letter|show_letter|show_letter|show_letter|show_letter|left_click|show_letter|show_letter|show_letter|show_letter|show_letter|show_letter|show_letter|right_click|sound_beep|show_letter|show_letter|show_letter|show_letter|show_letter|right_click|show_letter|show_letter|show_letter|show_letter|show_letter|show_letter|show_letter|show_letter|left_click|show_letter|show_letter|show_letter|show_letter|right_click|sound_beep|show_letter|show_letter|show_letter|show_letter|sound_beep|show_letter|show_letter|show_letter|right_click|sound_beep|show_letter|show_letter|show_letter|show_letter|show_letter|show_letter|show_letter|show_letter|left_click|sound_beep|right_click,correct,right_click,0
sub-012,run-03,2,11,1,1,0,1,1,1,0,7,show_cross|show_letter|show_letter|show_letter|show_letter|show_letter|show_letter|show_letter|right_click|sound_beep|left_click,correct,right_click,0
sub-012,run-03,3,16,1,1,0,1,1,1,0,10,show_cross|show_letter|show_letter|show_letter|show_letter|show_letter|show_letter|left_click|sound_beep|show_letter|show_letter|show_letter|show_letter|right_click|sound_beep|left_click,correct,right_click,0
sub-012,run-03,4,15,1,1,0,1,1,1,0,9,show_cross|show_letter|show_letter|show_letter|show_letter|left_click|sound_beep|show_letter|show_letter|show_letter|show_letter|show_letter|right_click|sound_beep|left_click,correct,right_click,0
sub-014,run-01,1,14,1,1,1,1,1,1,0,9,show_cross|show_letter|show_letter|show_letter|show_letter|show_letter|show_letter|show_letter|show_letter|show_dash|show_letter|left_click|sound_beep|right_click,correct,right_click,1
sub-014,run-01,2,14,1,1,1,0,1,1,0,9,show_cross|show_letter|show_letter|show_letter|show_letter|show_letter|show_letter|show_letter|show_letter|show_dash|show_letter|right_click|sound_beep|right_click,correct,right_click,1
sub-014,run-01,3,14,1,1,1,1,1,1,0,9,show_cross|show_letter|show_letter|show_letter|show_letter|show_letter|show_letter|show_letter|show_letter|show_dash|show_letter|left_click|sound_beep|right_click,correct,right_click,1
sub-014,run-01,4,14,1,1,1,0,1,1,0,9,show_cross|show_letter|show_letter|show_letter|show_letter|show_letter|show_letter|show_letter|show_letter|show_dash|show_letter|right_click|sound_beep|right_click,correct,right_click,1
sub-014,run-01,5,14,1,1,1,1,1,1,0,9,show_cross|show_letter|show_letter|show_letter|show_letter|show_letter|show_letter|show_letter|show_letter|show_dash|show_letter|left_click|sound_beep|right_click,correct,right_click,1
sub-014,run-01,6,14,1,1,1,0,1,1,0,9,show_cross|show_letter|show_letter|show_letter|show_letter|show_letter|show_letter|show_letter|show_letter|show_dash|show_letter|right_click|sound_beep|right_click,correct,right_click,1
sub-014,run-01,7,14,1,1,1,0,1,1,0,9,show_cross|show_letter|show_letter|show_letter|show_letter|show_letter|show_letter|show_letter|show_letter|show_dash|show_letter|right_click|sound_beep|right_click,correct,right_click,1
sub-014,run-01,8,14,1,1,1,0,1,1,0,9,show_cross|show_letter|show_letter|show_letter|show_letter|show_letter|show_letter|show_letter|show_letter|show_dash|show_letter|right_click|sound_beep|right_click,correct,right_click,1
sub-014,run-01,9,14,1,1,1,0,1,1,0,9,show_cross|show_letter|show_letter|show_letter|show_letter|show_letter|show_letter|show_letter|show_letter|show_dash|show_letter|right_click|sound_beep|right_click,correct,right_click,1
sub-014,run-01,10,14,1,1,1,0,1,1,0,9,show_cross|show_letter|show_letter|show_letter|show_letter|show_letter|show_letter|show_letter|show_letter|show_dash|show_letter|right_click|sound_beep|right_click,correct,right_click,1
sub-014,run-01,11,4,1,0,0,0,1,0,1,0,show_cross|right_click|sound_buzz|right_click,incorrect,right_click,0
sub-014,run-01,12,26,1,1,1,1,1,1,0,18,show_cross|show_letter|show_letter|show_letter|show_letter|show_letter|show_letter|show_letter|show_letter|show_dash|show_letter|left_click|sound_beep|show_letter|show_letter|show_letter|show_letter|show_letter|show_letter|show_letter|show_letter|show_dash|show_letter|left_click|sound_beep|right_click,correct,right_click,1
sub-014,run-01,13,38,1,1,1,1,1,1,0,27,show_cross|show_letter|show_letter|show_letter|show_letter|show_letter|show_letter|show_letter|show_letter|show_dash|show_letter|right_click|sound_beep|show_letter|show_letter|show_letter|show_letter|show_letter|show_letter|show_letter|show_letter|show_dash|show_letter|left_click|sound_beep|show_letter|show_letter|show_letter|show_letter|show_letter|show_letter|show_letter|show_letter|show_dash|show_letter|right_click|sound_beep|right_click,correct,right_click,1
sub-014,run-01,14,14,1,1,1,1,1,1,0,9,show_cross|show_letter|show_letter|show_letter|show_letter|show_letter|show_letter|show_letter|show_letter|show_dash|show_letter|left_click|sound_beep|right_click,correct,right_click,1
sub-014,run-01,15,14,1,1,1,0,1,1,0,9,show_cross|show_letter|show_letter|show_letter|show_letter|show_letter|show_letter|show_letter|show_letter|show_dash|show_letter|right_click|sound_beep|right_click,correct,right_click,1
sub-014,run-01,16,14,1,1,1,0,1,1,0,9,show_cross|show_letter|show_letter|show_letter|show_letter|show_letter|show_letter|show_letter|show_letter|show_dash|show_letter|right_click|sound_beep|right_click,correct,right_click,1
sub-014,run-01,17,14,1,1,1,0,1,1,0,9,show_cross|show_letter|show_letter|show_letter|show_letter|show_letter|show_letter|show_letter|show_letter|show_dash|show_letter|right_click|sound_beep|right_click,correct,right_click,1
sub-014,run-01,18,25,1,1,1,1,1,1,0,17,show_cross|show_letter|show_letter|show_letter|show_letter|show_letter|show_letter|show_letter|show_dash|show_letter|left_click|sound_beep|show_letter|show_letter|show_letter|show_letter|show_letter|show_letter|show_letter|show_letter|show_dash|show_letter|right_click|sound_beep|right_click,correct,right_click,1
sub-014,run-01,19,14,1,1,1,1,1,1,0,9,show_cross|show_letter|show_letter|show_letter|show_letter|show_letter|show_letter|show_letter|show_letter|show_dash|show_letter|left_click|sound_beep|right_click,correct,right_click,1
sub-014,run-01,20,14,1,1,1,0,1,1,0,9,show_cross|show_letter|show_letter|show_letter|show_letter|show_letter|show_letter|show_letter|show_letter|show_dash|show_letter|right_click|sound_beep|right_click,correct,right_click,1
sub-014,run-01,21,14,1,1,1,0,1,0,1,9,show_cross|show_letter|show_letter|show_letter|show_letter|show_letter|show_letter|show_letter|show_letter|show_dash|show_letter|right_click|sound_buzz|right_click,incorrect,right_click,1
sub-014,run-02,1,27,1,1,1,1,1,1,1,18,show_cross|show_letter|show_letter|show_letter|show_letter|show_letter|show_letter|show_letter|show_letter|show_dash|show_letter|left_click|sound_beep|right_click|show_letter|show_letter|show_letter|show_letter|show_letter|show_letter|show_letter|show_letter|show_dash|show_letter|left_click|sound_buzz|right_click,correct,right_click,1
sub-014,run-02,2,11,1,1,0,0,1,0,1,7,show_cross|show_letter|show_letter|show_letter|show_letter|show_letter|show_letter|show_letter|right_click|sound_buzz|right_click,incorrect,right_click,0
sub-014,run-02,3,14,1,1,1,0,1,1,0,9,show_cross|show_letter|show_letter|show_letter|show_letter|show_letter|show_letter|show_letter|show_letter|show_dash|show_letter|right_click|sound_beep|right_click,correct,right_click,1
sub-014,run-02,4,14,1,1,1,0,1,1,0,9,show_cross|show_letter|show_letter|show_letter|show_letter|show_letter|show_letter|show_letter|show_letter|show_dash|show_letter|right_click|sound_beep|right_click,correct,right_click,1
sub-014,run-02,5,14,1,1,1,0,1,1,0,9,show_cross|show_letter|show_letter|show_letter|show_letter|show_letter|show_letter|show_letter|show_letter|show_dash|show_letter|right_click|sound_beep|right_click,correct,right_click,1
sub-014,run-02,6,16,1,1,1,0,1,0,1,9,show_cross|show_letter|show_letter|show_letter|show_letter|show_letter|show_letter|show_letter|show_letter|show_dash|show_letter|right_click|sound_buzz|right_click|sound_buzz|right_click,incorrect,right_click,1
sub-014,run-02,7,24,1,1,1,1,1,1,0,17,show_cross|show_letter|show_letter|show_letter|show_letter|show_letter|show_letter|show_letter|show_letter|show_dash|show_letter|right_click|sound_beep|show_letter|show_letter|show_letter|show_letter|show_letter|show_letter|show_letter|show_dash|show_letter|left_click|right_click,correct,right_click,1
sub-014,run-02,8,14,1,1,1,1,1,1,0,9,show_cross|show_letter|show_letter|show_letter|show_letter|show_letter|show_letter|show_letter|show_letter|show_dash|show_letter|left_click|sound_beep|right_click,correct,right_click,1
sub-014,run-02,9,14,1,1,1,1,1,1,0,9,show_cross|show_letter|show_letter|show_letter|show_letter|show_letter|show_letter|show_letter|show_letter|show_dash|show_letter|left_click|sound_beep|right_click,correct,right_click,1
sub-014,run-02,10,14,1,1,1,0,1,1,0,9,show_cross|show_letter|show_letter|show_letter|show_letter|show_letter|show_letter|show_letter|show_letter|show_dash|show_letter|right_click|sound_beep|right_click,correct,right_click,1
sub-014,run-02,11,14,1,1,1,0,1,1,0,9,show_cross|show_letter|show_letter|show_letter|show_letter|show_letter|show_letter|show_letter|show_letter|show_dash|show_letter|right_click|sound_beep|right_click,correct,right_click,1
sub-014,run-02,12,26,1,1,1,1,1,1,0,18,show_cross|show_letter|show_letter|show_letter|show_letter|show_letter|show_letter|show_letter|show_letter|show_dash|show_letter|left_click|sound_beep|show_letter|show_letter|show_letter|show_letter|show_letter|show_letter|show_letter|show_letter|show_dash|show_letter|left_click|sound_beep|right_click,correct,right_click,1
sub-014,run-02,13,14,1,1,1,1,1,1,0,9,show_cross|show_letter|show_letter|show_letter|show_letter|show_letter|show_letter|show_letter|show_letter|show_dash|show_letter|left_click|sound_beep|right_click,correct,right_click,1
sub-014,run-02,14,14,1,1,1,0,1,1,0,9,show_cross|show_letter|show_letter|show_letter|show_letter|show_letter|show_letter|show_letter|show_letter|show_dash|show_letter|right_click|sound_beep|right_click,correct,right_click,1
sub-014,run-02,15,14,1,1,1,1,1,1,0,9,show_cross|show_letter|show_letter|show_letter|show_letter|show_letter|show_letter|show_letter|show_letter|show_dash|show_letter|left_click|sound_beep|right_click,correct,right_click,1
sub-014,run-02,16,14,1,1,1,0,1,1,0,9,show_cross|show_letter|show_letter|show_letter|show_letter|show_letter|show_letter|show_letter|show_letter|show_dash|show_letter|right_click|sound_beep|right_click,correct,right_click,1
sub-014,run-02,17,14,1,1,1,0,1,1,0,9,show_cross|show_letter|show_letter|show_letter|show_letter|show_letter|show_letter|show_letter|show_letter|show_dash|show_letter|right_click|sound_beep|right_click,correct,right_click,1
sub-014,run-02,18,14,1,1,1,0,1,1,0,9,show_cross|show_letter|show_letter|show_letter|show_letter|show_letter|show_letter|show_letter|show_letter|show_dash|show_letter|right_click|sound_beep|right_click,correct,right_click,1
sub-014,run-02,19,14,1,1,1,0,1,1,0,9,show_cross|show_letter|show_letter|show_letter|show_letter|show_letter|show_letter|show_letter|show_letter|show_dash|show_letter|right_click|sound_beep|right_click,correct,right_click,1
sub-014,run-02,20,14,1,1,1,0,1,1,0,9,show_cross|show_letter|show_letter|show_letter|show_letter|show_letter|show_letter|show_letter|show_letter|show_dash|show_letter|right_click|sound_beep|right_click,correct,right_click,1
sub-014,run-02,21,14,1,1,1,1,1,1,0,9,show_cross|show_letter|show_letter|show_letter|show_letter|show_letter|show_letter|show_letter|show_letter|show_dash|show_letter|left_click|sound_beep|right_click,correct,right_click,1
sub-014,run-03,1,12,1,1,1,1,1,1,0,7,show_cross|show_letter|show_letter|show_letter|show_letter|show_letter|show_letter|show_dash|show_letter|left_click|sound_beep|right_click,correct,right_click,1
sub-014,run-03,2,13,1,1,1,0,1,1,0,8,show_cross|show_letter|show_letter|show_letter|show_letter|show_letter|show_letter|show_letter|show_dash|show_letter|right_click|sound_beep|right_click,correct,right_click,1
sub-014,run-03,3,14,1,1,1,1,1,1,0,9,show_cross|show_letter|show_letter|show_letter|show_letter|show_letter|show_letter|show_letter|show_letter|show_dash|show_letter|left_click|sound_beep|right_click,correct,right_click,1
sub-014,run-03,4,14,1,1,1,1,1,1,0,9,show_cross|show_letter|show_letter|show_letter|show_letter|show_letter|show_letter|show_letter|show_letter|show_dash|show_letter|left_click|sound_beep|right_click,correct,right_click,1
sub-014,run-03,5,14,1,1,1,1,1,1,0,9,show_cross|show_letter|show_letter|show_letter|show_letter|show_letter|show_letter|show_letter|show_letter|show_dash|show_letter|left_click|sound_beep|right_click,correct,right_click,1
sub-014,run-03,6,14,1,1,1,1,1,1,0,9,show_cross|show_letter|show_letter|show_letter|show_letter|show_letter|show_letter|show_letter|show_letter|show_dash|show_letter|left_click|sound_beep|right_click,correct,right_click,1
sub-014,run-03,7,14,1,1,1,1,1,1,0,9,show_cross|show_letter|show_letter|show_letter|show_letter|show_letter|show_letter|show_letter|show_letter|show_dash|show_letter|left_click|sound_beep|right_click,correct,right_click,1
sub-014,run-03,8,14,1,1,1,0,1,1,0,9,show_cross|show_letter|show_letter|show_letter|show_letter|show_letter|show_letter|show_letter|show_letter|show_dash|show_letter|right_click|sound_beep|right_click,correct,right_click,1
sub-014,run-03,9,13,1,1,1,0,1,1,0,8,show_cross|show_letter|show_letter|show_letter|show_letter|show_letter|show_letter|show_letter|show_dash|show_letter|right_click|sound_beep|right_click,correct,right_click,1
sub-014,run-03,10,14,1,1,1,0,1,1,0,9,show_cross|show_letter|show_letter|show_letter|show_letter|show_letter|show_letter|show_letter|show_letter|show_dash|show_letter|right_click|sound_beep|right_click,correct,right_click,1
sub-014,run-03,11,14,1,1,1,0,1,1,0,9,show_cross|show_letter|show_letter|show_letter|show_letter|show_letter|show_letter|show_letter|show_letter|show_dash|show_letter|right_click|sound_beep|right_click,correct,right_click,1
sub-014,run-03,12,14,1,1,1,1,1,1,0,9,show_cross|show_letter|show_letter|show_letter|show_letter|show_letter|show_letter|show_letter|show_letter|show_dash|show_letter|left_click|sound_beep|right_click,correct,right_click,1
sub-014,run-03,13,14,1,1,1,1,1,1,0,9,show_cross|show_letter|show_letter|show_letter|show_letter|show_letter|show_letter|show_letter|show_letter|show_dash|show_letter|left_click|sound_beep|right_click,correct,right_click,1
sub-014,run-03,14,14,1,1,1,0,1,1,0,9,show_cross|show_letter|show_letter|show_letter|show_letter|show_letter|show_letter|show_letter|show_letter|show_dash|show_letter|right_click|sound_beep|right_click,correct,right_click,1
sub-014,run-03,15,14,1,1,1,0,1,1,0,9,show_cross|show_letter|show_letter|show_letter|show_letter|show_letter|show_letter|show_letter|show_letter|show_dash|show_letter|right_click|sound_beep|right_click,correct,right_click,1
sub-014,run-03,16,14,1,1,1,0,1,1,0,9,show_cross|show_letter|show_letter|show_letter|show_letter|show_letter|show_letter|show_letter|show_letter|show_dash|show_letter|right_click|sound_beep|right_click,correct,right_click,1
sub-014,run-03,17,14,1,1,1,1,1,1,0,9,show_cross|show_letter|show_letter|show_letter|show_letter|show_letter|show_letter|show_letter|show_letter|show_dash|show_letter|left_click|sound_beep|right_click,correct,right_click,1
sub-014,run-03,18,14,1,1,1,1,1,1,0,9,show_cross|show_letter|show_letter|show_letter|show_letter|show_letter|show_letter|show_letter|show_letter|show_dash|show_letter|left_click|sound_beep|right_click,correct,right_click,1
sub-014,run-03,19,14,1,1,1,1,1,1,0,9,show_cross|show_letter|show_letter|show_letter|show_letter|show_letter|show_letter|show_letter|show_letter|show_dash|show_letter|left_click|sound_beep|right_click,correct,right_click,1
sub-014,run-03,20,14,1,1,1,1,1,1,0,9,show_cross|show_letter|show_letter|show_letter|show_letter|show_letter|show_letter|show_letter|show_letter|show_dash|show_letter|left_click|sound_beep|right_click,correct,right_click,1
sub-014,run-03,21,28,1,1,1,0,1,1,1,18,show_cross|show_letter|show_letter|show_letter|show_letter|show_letter|show_letter|show_letter|show_letter|show_dash|show_letter|right_click|sound_buzz|right_click|sound_buzz|show_letter|show_letter|show_letter|show_letter|show_letter|show_letter|show_letter|show_letter|show_dash|show_letter|right_click|sound_beep|right_click,correct,right_click,1
sub-014,run-03,22,14,1,1,1,1,1,1,0,9,show_cross|show_letter|show_letter|show_letter|show_letter|show_letter|show_letter|show_letter|show_letter|show_dash|show_letter|left_click|sound_beep|right_click,correct,right_click,1
sub-014,run-03,23,14,1,1,1,0,1,1,0,9,show_cross|show_letter|show_letter|show_letter|show_letter|show_letter|show_letter|show_letter|show_letter|show_dash|show_letter|right_click|sound_beep|right_click,correct,right_click,1
sub-015,run-01,1,68,1,1,1,1,1,1,0,60,show_cross|show_letter|show_letter|show_letter|show_letter|show_letter|show_dash|show_letter|right_click|show_letter|show_letter|show_letter|show_letter|show_letter|show_letter|left_click|sound_beep|show_letter|show_letter|show_letter|show_letter|show_letter|show_letter|show_letter|show_letter|show_letter|show_letter|show_letter|show_letter|show_letter|show_letter|show_letter|show_letter|show_letter|show_letter|show_letter|show_letter|show_letter|show_letter|show_letter|show_letter|show_letter|show_letter|show_dash|show_letter|show_letter|show_letter|show_letter|show_letter|show_letter|show_letter|show_letter|show_letter|show_letter|show_letter|show_letter|show_letter|show_letter|show_letter|show_letter|show_letter|show_letter|show_letter|show_letter|show_letter|show_letter|right_click|right_click,correct,right_click,1
sub-015,run-01,2,7,1,1,0,1,0,1,0,4,show_cross|show_letter|show_letter|show_letter|show_letter|sound_beep|left_click,correct,left_click,0
sub-015,run-01,3,59,1,1,0,1,1,0,0,54,show_cross|show_letter|show_letter|show_letter|show_letter|show_letter|show_letter|show_letter|show_letter|show_letter|left_click|show_letter|show_letter|show_letter|show_letter|show_letter|show_letter|show_letter|show_letter|show_letter|show_letter|show_letter|show_letter|show_letter|show_letter|show_letter|show_letter|show_letter|show_letter|show_letter|show_letter|show_letter|show_letter|show_letter|show_letter|show_letter|show_letter|show_letter|show_letter|show_letter|show_letter|left_click|show_letter|show_letter|show_letter|show_letter|right_click|show_letter|show_letter|show_letter|show_letter|show_letter|show_letter|show_letter|show_letter|show_letter|show_letter|show_letter|left_click,unknown,right_click,0
sub-015,run-02,1,84,1,1,1,1,1,1,0,63,show_cross|show_letter|show_letter|show_letter|show_letter|show_letter|left_click|show_letter|show_letter|show_letter|right_click|sound_beep|show_letter|show_letter|right_click|sound_beep|show_letter|show_letter|show_letter|show_letter|left_click|sound_beep|show_letter|show_letter|show_letter|show_letter|show_letter|left_click|sound_beep|show_letter|show_letter|show_letter|show_letter|show_letter|show_letter|show_letter|show_letter|left_click|sound_beep|show_letter|show_letter|show_letter|show_dash|show_letter|right_click|sound_beep|show_letter|show_letter|show_letter|show_letter|show_letter|left_click|show_letter|show_letter|show_letter|show_letter|left_click|sound_beep|show_letter|show_letter|show_letter|show_letter|show_letter|right_click|show_letter|show_letter|show_letter|show_letter|show_letter|show_letter|show_letter|show_letter|show_letter|show_letter|left_click|show_letter|show_letter|show_letter|show_letter|show_letter|show_letter|show_letter|show_letter|left_click,correct,right_click,1
sub-015,run-02,2,3,1,1,0,0,1,0,0,1,show_cross|show_letter|right_click,unknown,right_click,0
sub-015,run-03,1,20,1,1,0,1,1,1,0,14,show_cross|show_letter|show_letter|show_letter|show_letter|show_letter|show_letter|show_letter|left_click|sound_beep|show_letter|show_letter|show_letter|show_letter|left_click|show_letter|show_letter|show_letter|right_click|right_click,correct,right_click,0
sub-015,run-03,2,52,1,1,1,1,1,1,1,37,show_cross|show_letter|show_dash|show_letter|right_click|show_letter|show_letter|show_letter|show_letter|right_click|show_letter|show_letter|show_letter|show_letter|left_click|sound_beep|show_letter|show_letter|show_letter|show_letter|show_letter|right_click|show_letter|show_letter|show_letter|show_letter|show_letter|right_click|show_letter|left_click|show_letter|show_letter|show_letter|right_click|sound_beep|show_letter|show_letter|left_click|sound_beep|show_letter|show_letter|show_letter|sound_buzz|show_letter|show_letter|show_letter|show_letter|show_letter|show_letter|show_letter|show_letter|left_click,correct,right_click,1
sub-015,run-03,3,27,1,1,0,0,1,1,1,19,show_cross|show_letter|show_letter|show_letter|show_letter|sound_beep|show_letter|show_letter|show_letter|show_letter|show_letter|show_letter|sound_beep|show_letter|show_letter|show_letter|show_letter|sound_beep|show_letter|show_letter|right_click|show_letter|show_letter|show_letter|right_click|sound_buzz|right_click,correct,right_click,0
sub-016,run-01,1,47,1,1,1,1,1,0,1,36,show_cross|show_letter|show_letter|show_letter|show_letter|show_dash|left_click|show_letter|show_letter|show_letter|show_letter|show_letter|show_letter|show_dash|show_letter|right_click|show_letter|show_letter|show_letter|show_letter|show_letter|show_letter|show_letter|show_letter|show_letter|show_letter|show_letter|show_letter|show_dash|show_letter|sound_buzz|show_letter|show_letter|show_letter|show_letter|show_letter|show_dash|show_letter|left_click|show_letter|show_letter|show_letter|show_letter|show_letter|show_dash|show_letter|left_click,incorrect,right_click,1
sub-016,run-01,2,29,1,1,1,1,1,0,0,20,show_cross|show_letter|show_letter|show_letter|show_letter|show_letter|show_letter|show_dash|left_click|show_letter|show_letter|show_letter|show_letter|show_letter|show_letter|show_dash|right_click|show_letter|show_letter|show_letter|show_letter|show_dash|show_letter|left_click|show_letter|show_letter|show_letter|show_dash|left_click,unknown,right_click,1
sub-016,run-01,3,72,1,1,1,1,1,1,0,57,show_cross|show_letter|show_letter|show_letter|show_dash|show_letter|show_letter|show_letter|show_letter|show_letter|show_letter|show_dash|right_click|show_letter|show_letter|show_letter|show_letter|show_letter|show_letter|show_letter|show_dash|show_letter|right_click|sound_beep|show_letter|show_letter|show_letter|show_letter|show_letter|show_letter|show_letter|show_dash|show_letter|show_letter|show_letter|show_letter|show_letter|show_letter|show_dash|show_letter|show_letter|show_letter|show_letter|show_letter|show_letter|show_dash|left_click|show_letter|show_letter|show_letter|show_letter|show_letter|show_dash|show_letter|show_letter|show_letter|show_letter|show_letter|show_letter|show_letter|show_letter|left_click|show_letter|show_letter|show_letter|show_letter|show_letter|show_letter|show_letter|show_letter|right_click|right_click,correct,right_click,1
sub-016,run-02,1,27,1,1,1,1,1,0,0,21,show_cross|show_letter|show_letter|show_letter|show_letter|right_click|show_letter|show_letter|show_letter|show_letter|show_letter|show_letter|show_dash|show_letter|show_letter|show_letter|show_letter|show_letter|show_letter|show_dash|show_letter|show_letter|show_letter|show_letter|show_letter|show_dash|left_click,unknown,right_click,1
sub-016,run-02,2,61,1,1,1,1,0,0,0,51,show_cross|show_letter|show_letter|show_letter|show_letter|show_letter|show_letter|show_letter|show_letter|show_letter|show_letter|show_letter|show_letter|show_dash|show_letter|show_letter|show_letter|show_letter|show_letter|show_letter|show_letter|show_letter|show_letter|show_letter|show_letter|show_letter|show_letter|show_letter|show_letter|show_dash|show_letter|show_letter|show_letter|show_letter|show_letter|show_letter|show_dash|show_letter|show_letter|show_letter|show_letter|show_letter|show_dash|show_letter|show_letter|show_dash|show_letter|show_letter|show_letter|show_letter|show_dash|show_letter|show_letter|show_letter|show_letter|show_letter|show_letter|show_letter|show_dash|left_click|left_click,unknown,left_click,1
sub-016,run-02,3,64,1,1,1,1,1,0,0,53,show_cross|show_letter|show_letter|show_letter|show_letter|show_letter|show_dash|right_click|show_letter|show_letter|show_letter|show_letter|show_letter|show_letter|show_letter|show_letter|show_letter|show_letter|show_letter|show_letter|show_letter|show_letter|show_dash|show_letter|show_letter|show_letter|show_letter|show_letter|show_letter|show_dash|show_letter|show_letter|show_letter|show_letter|show_letter|show_dash|show_letter|left_click|show_letter|show_letter|show_letter|show_letter|show_letter|show_dash|show_letter|show_letter|show_letter|show_letter|show_letter|show_letter|show_dash|show_letter|show_letter|show_letter|show_letter|show_letter|show_letter|show_letter|show_letter|show_letter|show_letter|show_letter|show_dash|left_click,unknown,right_click,1
sub-016,run-02,4,7,1,1,1,1,0,0,0,4,show_cross|show_letter|show_letter|show_letter|show_dash|show_letter|left_click,unknown,left_click,1
sub-016,run-03,1,10,1,1,1,1,0,0,0,7,show_cross|show_letter|show_letter|show_letter|show_letter|show_letter|show_letter|show_dash|show_letter|left_click,unknown,left_click,1
sub-016,run-03,2,21,1,1,1,1,1,1,0,15,show_cross|show_letter|show_letter|show_letter|show_letter|show_letter|show_letter|show_letter|show_dash|show_letter|right_click|sound_beep|show_letter|show_letter|show_letter|show_letter|show_letter|show_letter|show_dash|show_letter|left_click,correct,right_click,1
sub-016,run-03,3,31,1,1,1,0,1,0,0,26,show_cross|show_letter|show_letter|show_letter|show_letter|show_letter|show_letter|show_letter|show_dash|show_letter|show_letter|show_letter|show_letter|show_letter|show_letter|show_letter|show_letter|show_letter|show_letter|show_letter|show_dash|show_letter|show_letter|show_letter|show_letter|show_letter|show_letter|show_letter|show_dash|show_letter|right_click,unknown,right_click,1
sub-016,run-03,4,103,1,1,1,1,1,1,0,80,show_cross|show_letter|show_letter|show_letter|show_letter|show_dash|show_letter|show_letter|show_letter|show_letter|show_letter|show_letter|show_letter|show_letter|show_dash|show_letter|show_letter|show_dash|show_letter|show_letter|show_letter|show_letter|show_letter|show_letter|show_dash|show_letter|show_letter|show_letter|show_letter|show_letter|show_dash|show_letter|show_letter|show_letter|show_dash|show_letter|show_letter|show_letter|show_dash|right_click|sound_beep|show_letter|show_letter|show_letter|show_dash|show_letter|sound_beep|show_letter|show_letter|show_letter|show_dash|right_click|show_letter|show_dash|show_letter|show_letter|show_letter|show_letter|show_letter|show_letter|show_letter|show_letter|show_letter|show_dash|show_letter|show_letter|show_letter|show_letter|show_dash|show_letter|show_letter|show_letter|show_dash|show_letter|left_click|show_letter|show_letter|show_letter|show_letter|show_letter|left_click|show_letter|show_letter|show_letter|show_letter|show_letter|show_letter|show_dash|show_letter|show_letter|show_letter|show_letter|show_letter|show_letter|show_letter|show_letter|show_letter|show_letter|show_letter|show_letter|show_dash|show_letter|left_click,correct,right_click,1
sub-017,run-01,1,17,1,1,0,1,1,1,0,7,show_cross|show_letter|left_click|sound_beep|right_click|sound_beep|right_click|sound_beep|show_letter|show_letter|show_letter|show_letter|show_letter|show_letter|right_click|sound_beep|left_click,correct,right_click,0
sub-017,run-01,2,21,1,1,1,1,1,1,0,12,show_cross|show_letter|show_letter|show_letter|show_letter|show_dash|left_click|sound_beep|show_letter|show_letter|show_letter|show_letter|show_letter|show_letter|show_letter|right_click|sound_beep|show_letter|left_click|sound_beep|left_click,correct,right_click,1
sub-017,run-01,3,7,1,1,1,1,1,1,0,2,show_cross|show_letter|show_letter|show_dash|right_click|sound_beep|left_click,correct,right_click,1
sub-017,run-01,4,44,1,1,1,1,1,1,0,27,show_cross|show_letter|show_letter|show_letter|right_click|sound_beep|show_letter|show_letter|show_letter|show_letter|show_letter|right_click|sound_beep|show_letter|show_letter|show_letter|show_letter|show_letter|left_click|sound_beep|show_letter|show_letter|show_letter|show_letter|show_dash|right_click|sound_beep|show_letter|right_click|sound_beep|show_letter|show_letter|show_letter|show_letter|show_letter|left_click|sound_beep|show_letter|show_letter|show_letter|show_letter|right_click|sound_beep|left_click,correct,right_click,1
sub-017,run-01,5,9,1,1,0,1,0,1,0,4,show_cross|show_letter|show_letter|sound_beep|show_letter|show_letter|sound_beep|sound_beep|left_click,correct,left_click,0
sub-017,run-01,6,7,1,1,0,1,1,1,0,3,show_cross|show_letter|show_letter|show_letter|right_click|sound_beep|left_click,correct,right_click,0
sub-017,run-01,7,16,1,1,1,1,1,1,0,9,show_cross|show_letter|show_dash|sound_beep|show_letter|show_letter|right_click|show_letter|show_letter|show_dash|show_letter|show_letter|show_letter|show_letter|sound_beep|left_click,correct,right_click,1
sub-017,run-02,1,35,1,1,1,1,1,1,1,24,show_cross|show_letter|show_letter|show_letter|show_letter|right_click|sound_beep|show_letter|show_letter|show_letter|show_letter|show_letter|show_letter|show_letter|show_letter|show_letter|left_click|sound_beep|show_letter|show_letter|show_letter|show_letter|show_letter|show_letter|show_dash|show_letter|right_click|show_letter|show_letter|show_letter|show_letter|show_dash|left_click|sound_buzz|left_click,correct,right_click,1
sub-017,run-02,2,8,1,1,0,1,0,1,0,4,show_cross|show_letter|show_letter|show_letter|show_letter|left_click|sound_beep|left_click,correct,left_click,0
sub-017,run-02,3,10,1,1,1,1,1,1,0,5,show_cross|show_letter|show_letter|show_letter|show_letter|show_dash|show_letter|right_click|sound_beep|left_click,correct,right_click,1
sub-017,run-02,4,17,1,1,0,1,1,1,0,12,show_cross|show_letter|show_letter|show_letter|show_letter|show_letter|show_letter|show_letter|show_letter|sound_beep|show_letter|show_letter|show_letter|show_letter|right_click|sound_beep|left_click,correct,right_click,0
sub-017,run-02,5,44,1,1,1,1,1,1,0,34,show_cross|show_letter|show_letter|show_letter|show_letter|show_letter|show_dash|show_letter|show_letter|show_letter|show_letter|show_letter|show_letter|show_letter|show_letter|sound_beep|show_letter|show_letter|show_letter|show_letter|show_letter|left_click|sound_beep|show_letter|show_letter|show_letter|show_letter|show_letter|show_letter|show_letter|show_letter|show_dash|show_letter|right_click|show_letter|show_letter|show_letter|show_letter|show_letter|show_letter|show_letter|right_click|sound_beep|left_click,correct,right_click,1
sub-017,run-02,6,9,1,1,1,1,1,1,0,4,show_cross|show_letter|show_letter|show_letter|show_dash|show_letter|right_click|sound_beep|left_click,correct,right_click,1
sub-017,run-02,7,11,1,1,0,1,0,1,0,7,show_cross|show_letter|show_letter|show_letter|show_letter|show_letter|show_letter|show_letter|left_click|sound_beep|left_click,correct,left_click,0
sub-017,run-02,8,9,1,1,1,1,1,1,0,4,show_cross|show_letter|show_letter|show_letter|show_dash|show_letter|right_click|sound_beep|left_click,correct,right_click,1
sub-017,run-02,9,8,1,1,0,1,1,1,0,4,show_cross|show_letter|show_letter|show_letter|show_letter|right_click|sound_beep|left_click,correct,right_click,0
sub-017,run-02,10,6,1,1,0,1,0,0,0,4,show_cross|show_letter|show_letter|show_letter|show_letter|left_click,unknown,left_click,0
sub-017,run-02,11,13,1,1,0,1,0,1,1,8,show_cross|show_letter|show_letter|sound_buzz|show_letter|show_letter|show_letter|show_letter|show_letter|show_letter|left_click|sound_beep|left_click,correct,left_click,0
sub-017,run-02,12,14,1,1,0,1,1,1,0,10,show_cross|show_letter|show_letter|show_letter|show_letter|show_letter|right_click|show_letter|show_letter|show_letter|show_letter|show_letter|sound_beep|left_click,correct,right_click,0
sub-017,run-03,1,20,1,1,1,1,1,1,0,13,show_cross|show_letter|show_letter|show_letter|show_letter|show_letter|show_letter|show_letter|left_click|left_click|show_letter|show_letter|show_letter|show_letter|show_letter|show_dash|show_letter|right_click|sound_beep|left_click,correct,right_click,1
sub-017,run-03,2,11,1,1,0,1,1,1,1,5,show_cross|left_click|sound_buzz|show_letter|show_letter|show_letter|show_letter|show_letter|right_click|sound_beep|left_click,correct,right_click,0
sub-017,run-03,3,10,1,1,1,1,1,1,0,5,show_cross|show_letter|show_letter|show_letter|show_letter|show_letter|show_dash|right_click|sound_beep|left_click,correct,right_click,1
sub-017,run-03,4,5,1,1,1,1,0,1,0,1,show_cross|show_letter|show_dash|sound_beep|left_click,correct,left_click,1
sub-017,run-03,5,17,1,1,0,1,1,1,0,11,show_cross|show_letter|show_letter|show_letter|show_letter|show_letter|right_click|sound_beep|show_letter|show_letter|show_letter|show_letter|show_letter|show_letter|left_click|sound_beep|left_click,correct,right_click,0
sub-017,run-03,6,8,1,1,0,1,1,1,0,4,show_cross|show_letter|show_letter|show_letter|show_letter|right_click|sound_beep|left_click,correct,right_click,0
sub-017,run-03,7,47,1,1,1,1,1,1,0,36,show_cross|show_letter|show_letter|show_letter|show_letter|show_letter|right_click|sound_beep|show_letter|show_letter|show_letter|show_letter|show_letter|show_letter|show_letter|right_click|show_letter|show_letter|show_letter|show_letter|show_letter|show_letter|show_dash|sound_beep|show_letter|show_letter|show_letter|show_letter|show_letter|right_click|sound_beep|show_letter|show_letter|show_letter|show_letter|show_letter|show_letter|show_letter|show_letter|show_letter|show_letter|show_letter|show_letter|show_letter|left_click|sound_beep|left_click,correct,right_click,1
sub-017,run-03,8,19,1,1,1,1,0,1,0,12,show_cross|show_letter|show_letter|show_letter|show_letter|show_letter|show_dash|show_letter|left_click|sound_beep|show_letter|show_letter|show_letter|show_letter|show_letter|show_letter|left_click|sound_beep|left_click,correct,left_click,1
sub-017,run-03,9,18,1,1,0,1,0,1,0,13,show_cross|show_letter|show_letter|show_letter|show_letter|show_letter|show_letter|show_letter|sound_beep|show_letter|show_letter|show_letter|show_letter|show_letter|show_letter|left_click|sound_beep|left_click,correct,left_click,0
sub-017,run-03,10,10,1,1,0,1,1,1,0,6,show_cross|show_letter|show_letter|show_letter|show_letter|show_letter|show_letter|right_click|sound_beep|left_click,correct,right_click,0
sub-017,run-03,11,20,1,1,1,1,1,1,0,14,show_cross|show_letter|show_letter|show_letter|show_letter|show_letter|show_letter|show_letter|show_letter|show_letter|right_click|show_letter|show_letter|show_letter|show_letter|show_dash|show_letter|right_click|sound_beep|left_click,correct,right_click,1
sub-018,run-01,1,14,1,1,1,1,1,1,0,9,show_cross|show_letter|show_letter|show_letter|show_letter|show_letter|show_letter|show_letter|show_letter|show_dash|show_letter|right_click|sound_beep|left_click,correct,right_click,1
sub-018,run-01,2,14,1,1,1,1,0,1,0,9,show_cross|show_letter|show_letter|show_letter|show_letter|show_letter|show_letter|show_letter|show_letter|show_dash|show_letter|left_click|sound_beep|left_click,correct,left_click,1
sub-018,run-01,3,14,1,1,1,1,0,1,0,9,show_cross|show_letter|show_letter|show_letter|show_letter|show_letter|show_letter|show_letter|show_letter|show_dash|show_letter|left_click|sound_beep|left_click,correct,left_click,1
sub-018,run-01,4,14,1,1,1,1,1,1,0,9,show_cross|show_letter|show_letter|show_letter|show_letter|show_letter|show_letter|show_letter|show_letter|show_dash|show_letter|right_click|sound_beep|left_click,correct,right_click,1
sub-018,run-01,5,8,1,1,0,1,1,0,0,5,show_cross|show_letter|show_letter|show_letter|show_letter|show_letter|right_click|left_click,unknown,right_click,0
sub-018,run-01,6,14,1,1,1,1,0,1,0,9,show_cross|show_letter|show_letter|show_letter|show_letter|show_letter|show_letter|show_letter|show_letter|show_dash|show_letter|left_click|sound_beep|left_click,correct,left_click,1
sub-018,run-01,7,21,1,1,1,1,1,1,0,13,show_cross|show_letter|show_letter|show_letter|show_letter|show_letter|show_letter|show_dash|show_letter|left_click|sound_beep|show_letter|show_letter|show_letter|show_letter|show_letter|show_dash|show_letter|right_click|sound_beep|left_click,correct,right_click,1
sub-018,run-01,8,23,1,1,1,1,1,1,0,15,show_cross|show_letter|show_letter|show_letter|show_letter|show_letter|show_letter|show_dash|show_letter|right_click|sound_beep|show_letter|show_letter|show_letter|show_letter|show_letter|show_letter|show_letter|show_dash|show_letter|right_click|sound_beep|left_click,correct,right_click,1
sub-018,run-01,9,23,1,1,1,1,0,1,0,16,show_cross|show_letter|show_letter|show_letter|show_letter|show_letter|show_letter|show_letter|show_letter|show_dash|show_letter|left_click|sound_beep|show_letter|show_letter|show_letter|show_letter|show_letter|show_letter|show_letter|left_click|sound_beep|left_click,correct,left_click,1
sub-018,run-01,10,13,1,1,1,1,1,1,0,8,show_cross|show_letter|show_letter|show_letter|show_letter|show_letter|show_letter|show_letter|show_dash|show_letter|right_click|sound_beep|left_click,correct,right_click,1
sub-018,run-01,11,14,1,1,1,1,1,1,0,9,show_cross|show_letter|show_letter|show_letter|show_letter|show_letter|show_letter|show_letter|show_letter|show_dash|show_letter|right_click|sound_beep|left_click,correct,right_click,1
sub-018,run-01,12,14,1,1,1,1,1,1,0,9,show_cross|show_letter|show_letter|show_letter|show_letter|show_letter|show_letter|show_letter|show_letter|show_dash|show_letter|right_click|sound_beep|left_click,correct,right_click,1
sub-018,run-01,13,14,1,1,1,1,1,1,0,9,show_cross|show_letter|show_letter|show_letter|show_letter|show_letter|show_letter|show_letter|show_letter|show_dash|show_letter|right_click|sound_beep|left_click,correct,right_click,1
sub-018,run-01,14,12,1,1,1,1,1,0,1,7,show_cross|show_letter|show_letter|show_letter|show_letter|show_letter|show_letter|show_dash|show_letter|right_click|sound_buzz|left_click,incorrect,right_click,1
sub-018,run-01,15,26,1,1,1,1,1,1,0,20,show_cross|show_letter|show_letter|show_letter|show_letter|show_letter|show_letter|left_click|sound_beep|show_letter|show_letter|show_letter|show_letter|show_letter|show_letter|show_letter|show_letter|show_letter|show_letter|show_letter|show_letter|show_letter|show_dash|show_letter|right_click|left_click,correct,right_click,1
sub-018,run-01,16,22,1,1,1,1,1,1,0,14,show_cross|show_letter|show_letter|show_letter|show_dash|show_letter|show_letter|show_letter|show_letter|show_letter|show_letter|show_letter|show_letter|show_dash|show_letter|right_click|sound_beep|show_letter|show_letter|right_click|sound_beep|left_click,correct,right_click,1
sub-018,run-01,17,12,1,1,1,1,0,1,0,7,show_cross|show_letter|show_letter|show_letter|show_letter|show_letter|show_letter|show_dash|show_letter|left_click|sound_beep|left_click,correct,left_click,1
sub-018,run-01,18,11,1,1,1,1,0,0,0,8,show_cross|show_letter|show_letter|show_letter|show_letter|show_letter|show_letter|show_letter|show_letter|show_dash|left_click,unknown,left_click,1
sub-018,run-02,1,14,1,1,1,1,1,1,0,9,show_cross|show_letter|show_letter|show_letter|show_letter|show_letter|show_letter|show_letter|show_letter|show_dash|show_letter|right_click|sound_beep|left_click,correct,right_click,1
sub-018,run-02,2,14,1,1,1,1,1,1,0,9,show_cross|show_letter|show_letter|show_letter|show_letter|show_letter|show_letter|show_letter|show_letter|show_dash|show_letter|right_click|sound_beep|left_click,correct,right_click,1
sub-018,run-02,3,14,1,1,1,1,1,1,0,9,show_cross|show_letter|show_letter|show_letter|show_letter|show_letter|show_letter|show_letter|show_letter|show_dash|show_letter|right_click|sound_beep|left_click,correct,right_click,1
sub-018,run-02,4,14,1,1,1,1,1,1,0,9,show_cross|show_letter|show_letter|show_letter|show_letter|show_letter|show_letter|show_letter|show_letter|show_dash|show_letter|right_click|sound_beep|left_click,correct,right_click,1
sub-018,run-02,5,14,1,1,1,1,1,1,0,9,show_cross|show_letter|show_letter|show_letter|show_letter|show_letter|show_letter|show_letter|show_letter|show_dash|show_letter|right_click|sound_beep|left_click,correct,right_click,1
sub-018,run-02,6,14,1,1,1,1,0,1,0,9,show_cross|show_letter|show_letter|show_letter|show_letter|show_letter|show_letter|show_letter|show_letter|show_dash|show_letter|left_click|sound_beep|left_click,correct,left_click,1
sub-018,run-02,7,14,1,1,1,1,1,1,0,9,show_cross|show_letter|show_letter|show_letter|show_letter|show_letter|show_letter|show_letter|show_letter|show_dash|show_letter|right_click|sound_beep|left_click,correct,right_click,1
sub-018,run-02,8,14,1,1,1,1,1,1,0,9,show_cross|show_letter|show_letter|show_letter|show_letter|show_letter|show_letter|show_letter|show_letter|show_dash|show_letter|right_click|sound_beep|left_click,correct,right_click,1
sub-018,run-02,9,13,1,1,1,1,0,0,0,9,show_cross|show_letter|show_letter|show_letter|show_letter|show_letter|show_letter|show_letter|show_letter|show_dash|show_letter|left_click|left_click,unknown,left_click,1
sub-018,run-02,10,14,1,1,1,1,0,1,0,9,show_cross|show_letter|show_letter|show_letter|show_letter|show_letter|show_letter|show_letter|show_letter|show_dash|show_letter|left_click|sound_beep|left_click,correct,left_click,1
sub-018,run-02,11,14,1,1,1,1,1,1,0,9,show_cross|show_letter|show_letter|show_letter|show_letter|show_letter|show_letter|show_letter|show_letter|show_dash|show_letter|right_click|sound_beep|left_click,correct,right_click,1
sub-018,run-02,12,14,1,1,1,1,0,1,0,9,show_cross|show_letter|show_letter|show_letter|show_letter|show_letter|show_letter|show_letter|show_letter|show_dash|show_letter|left_click|sound_beep|left_click,correct,left_click,1
sub-018,run-02,13,14,1,1,1,1,1,1,0,9,show_cross|show_letter|show_letter|show_letter|show_letter|show_letter|show_letter|show_letter|show_letter|show_dash|show_letter|right_click|sound_beep|left_click,correct,right_click,1
sub-018,run-02,14,14,1,1,1,1,0,1,0,9,show_cross|show_letter|show_letter|show_letter|show_letter|show_letter|show_letter|show_letter|show_letter|show_dash|show_letter|left_click|sound_beep|left_click,correct,left_click,1
sub-018,run-02,15,14,1,1,1,1,1,1,0,9,show_cross|show_letter|show_letter|show_letter|show_letter|show_letter|show_letter|show_letter|show_letter|show_dash|show_letter|right_click|sound_beep|left_click,correct,right_click,1
sub-018,run-02,16,14,1,1,1,1,1,1,0,9,show_cross|show_letter|show_letter|show_letter|show_letter|show_letter|show_letter|show_letter|show_letter|show_dash|show_letter|right_click|sound_beep|left_click,correct,right_click,1
sub-018,run-02,17,14,1,1,1,1,0,1,0,9,show_cross|show_letter|show_letter|show_letter|show_letter|show_letter|show_letter|show_letter|show_letter|show_dash|show_letter|left_click|sound_beep|left_click,correct,left_click,1
sub-018,run-02,18,14,1,1,1,1,1,1,0,9,show_cross|show_letter|show_letter|show_letter|show_letter|show_letter|show_letter|show_letter|show_letter|show_dash|show_letter|right_click|sound_beep|left_click,correct,right_click,1
sub-018,run-02,19,14,1,1,1,1,0,1,0,9,show_cross|show_letter|show_letter|show_letter|show_letter|show_letter|show_letter|show_letter|show_letter|show_dash|show_letter|left_click|sound_beep|left_click,correct,left_click,1
sub-018,run-02,20,14,1,1,1,1,0,1,0,9,show_cross|show_letter|show_letter|show_letter|show_letter|show_letter|show_letter|show_letter|show_letter|show_dash|show_letter|left_click|sound_beep|left_click,correct,left_click,1
sub-018,run-02,21,14,1,1,1,1,0,1,0,9,show_cross|show_letter|show_letter|show_letter|show_letter|show_letter|show_letter|show_letter|show_letter|show_dash|show_letter|left_click|sound_beep|left_click,correct,left_click,1
sub-018,run-02,22,12,1,1,1,1,0,0,1,7,show_cross|show_letter|show_letter|show_letter|show_letter|show_letter|show_letter|show_dash|show_letter|left_click|sound_buzz|left_click,incorrect,left_click,1
sub-018,run-02,23,14,1,1,1,1,0,1,0,9,show_cross|show_letter|show_letter|show_letter|show_letter|show_letter|show_letter|show_letter|show_letter|show_dash|show_letter|left_click|sound_beep|left_click,correct,left_click,1
sub-018,run-02,24,14,1,1,1,1,0,1,0,9,show_cross|show_letter|show_letter|show_letter|show_letter|show_letter|show_letter|show_letter|show_letter|show_dash|show_letter|left_click|sound_beep|left_click,correct,left_click,1
sub-018,run-02,25,14,1,1,1,1,1,1,0,9,show_cross|show_letter|show_letter|show_letter|show_letter|show_letter|show_letter|show_letter|show_letter|show_dash|show_letter|right_click|sound_beep|left_click,correct,right_click,1
sub-018,run-03,1,14,1,1,1,1,0,1,0,9,show_cross|show_letter|show_letter|show_letter|show_letter|show_letter|show_letter|show_letter|show_letter|show_dash|show_letter|left_click|sound_beep|left_click,correct,left_click,1
sub-018,run-03,2,14,1,1,1,1,0,1,0,9,show_cross|show_letter|show_letter|show_letter|show_letter|show_letter|show_letter|show_letter|show_letter|show_dash|show_letter|left_click|sound_beep|left_click,correct,left_click,1
sub-018,run-03,3,13,1,1,1,1,1,1,0,8,show_cross|show_letter|show_letter|show_letter|show_letter|show_letter|show_letter|show_letter|show_dash|show_letter|right_click|sound_beep|left_click,correct,right_click,1
sub-018,run-03,4,14,1,1,1,1,1,1,0,9,show_cross|show_letter|show_letter|show_letter|show_letter|show_letter|show_letter|show_letter|show_letter|show_dash|show_letter|right_click|sound_beep|left_click,correct,right_click,1
sub-018,run-03,5,14,1,1,1,1,1,1,0,9,show_cross|show_letter|show_letter|show_letter|show_letter|show_letter|show_letter|show_letter|show_letter|show_dash|show_letter|right_click|sound_beep|left_click,correct,right_click,1
sub-018,run-03,6,13,1,1,1,1,1,0,0,9,show_cross|show_letter|show_letter|show_letter|show_letter|show_letter|show_letter|show_letter|show_letter|show_dash|show_letter|right_click|left_click,unknown,right_click,1
sub-018,run-03,7,14,1,1,1,1,1,1,0,9,show_cross|show_letter|show_letter|show_letter|show_letter|show_letter|show_letter|show_letter|show_letter|show_dash|show_letter|right_click|sound_beep|left_click,correct,right_click,1
sub-018,run-03,8,13,1,1,1,1,1,0,0,9,show_cross|show_letter|show_letter|show_letter|show_letter|show_letter|show_letter|show_letter|show_letter|show_dash|show_letter|right_click|left_click,unknown,right_click,1
sub-018,run-03,9,14,1,1,1,1,1,1,0,9,show_cross|show_letter|show_letter|show_letter|show_letter|show_letter|show_letter|show_letter|show_letter|show_dash|show_letter|right_click|sound_beep|left_click,correct,right_click,1
sub-018,run-03,10,14,1,1,1,1,0,1,0,9,show_cross|show_letter|show_letter|show_letter|show_letter|show_letter|show_letter|show_letter|show_letter|show_dash|show_letter|left_click|sound_beep|left_click,correct,left_click,1
sub-018,run-03,11,14,1,1,1,1,1,1,0,9,show_cross|show_letter|show_letter|show_letter|show_letter|show_letter|show_letter|show_letter|show_letter|show_dash|show_letter|right_click|sound_beep|left_click,correct,right_click,1
sub-018,run-03,12,14,1,1,1,1,1,0,1,9,show_cross|show_letter|show_letter|show_letter|show_letter|show_letter|show_letter|show_letter|show_letter|show_dash|show_letter|right_click|sound_buzz|left_click,incorrect,right_click,1
sub-018,run-03,13,14,1,1,1,1,1,1,0,9,show_cross|show_letter|show_letter|show_letter|show_letter|show_letter|show_letter|show_letter|show_letter|show_dash|show_letter|right_click|sound_beep|left_click,correct,right_click,1
sub-018,run-03,14,14,1,1,1,1,0,1,0,9,show_cross|show_letter|show_letter|show_letter|show_letter|show_letter|show_letter|show_letter|show_letter|show_dash|show_letter|left_click|sound_beep|left_click,correct,left_click,1
sub-018,run-03,15,14,1,1,1,1,1,1,0,9,show_cross|show_letter|show_letter|show_letter|show_letter|show_letter|show_letter|show_letter|show_letter|show_dash|show_letter|right_click|sound_beep|left_click,correct,right_click,1
sub-018,run-03,16,14,1,1,1,1,0,1,0,9,show_cross|show_letter|show_letter|show_letter|show_letter|show_letter|show_letter|show_letter|show_letter|show_dash|show_letter|left_click|sound_beep|left_click,correct,left_click,1
sub-018,run-03,17,14,1,1,1,1,1,1,0,9,show_cross|show_letter|show_letter|show_letter|show_letter|show_letter|show_letter|show_letter|show_letter|show_dash|show_letter|right_click|sound_beep|left_click,correct,right_click,1
sub-018,run-03,18,14,1,1,1,1,1,1,0,9,show_cross|show_letter|show_letter|show_letter|show_letter|show_letter|show_letter|show_letter|show_letter|show_dash|show_letter|right_click|sound_beep|left_click,correct,right_click,1
sub-018,run-03,19,14,1,1,1,1,1,1,0,9,show_cross|show_letter|show_letter|show_letter|show_letter|show_letter|show_letter|show_letter|show_letter|show_dash|show_letter|right_click|sound_beep|left_click,correct,right_click,1
sub-018,run-03,20,14,1,1,1,1,1,1,0,9,show_cross|show_letter|show_letter|show_letter|show_letter|show_letter|show_letter|show_letter|show_letter|show_dash|show_letter|right_click|sound_beep|left_click,correct,right_click,1
sub-018,run-03,21,13,1,1,1,1,0,0,0,9,show_cross|show_letter|show_letter|show_letter|show_letter|show_letter|show_letter|show_letter|show_letter|show_dash|show_letter|left_click|left_click,unknown,left_click,1
sub-018,run-03,22,14,1,1,1,1,0,1,0,9,show_cross|show_letter|show_letter|show_letter|show_letter|show_letter|show_letter|show_letter|show_letter|show_dash|show_letter|left_click|sound_beep|left_click,correct,left_click,1
sub-018,run-03,23,14,1,1,1,1,0,1,0,9,show_cross|show_letter|show_letter|show_letter|show_letter|show_letter|show_letter|show_letter|show_letter|show_dash|show_letter|left_click|sound_beep|left_click,correct,left_click,1
sub-018,run-03,24,14,1,1,1,1,0,1,0,9,show_cross|show_letter|show_letter|show_letter|show_letter|show_letter|show_letter|show_letter|show_letter|show_dash|show_letter|left_click|sound_beep|left_click,correct,left_click,1
sub-018,run-03,25,14,1,1,1,1,1,1,0,9,show_cross|show_letter|show_letter|show_letter|show_letter|show_letter|show_letter|show_letter|show_letter|show_dash|show_letter|right_click|sound_beep|left_click,correct,right_click,1
sub-019,run-01,1,14,1,1,1,1,1,1,0,9,show_cross|show_letter|show_letter|show_letter|show_letter|show_letter|show_letter|show_letter|show_letter|show_dash|show_letter|right_click|sound_beep|left_click,correct,right_click,1
sub-019,run-01,2,14,1,1,1,1,0,1,0,9,show_cross|show_letter|show_letter|show_letter|show_letter|show_letter|show_letter|show_letter|show_letter|show_dash|show_letter|left_click|sound_beep|left_click,correct,left_click,1
sub-019,run-01,3,14,1,1,1,1,1,1,0,9,show_cross|show_letter|show_letter|show_letter|show_letter|show_letter|show_letter|show_letter|show_letter|show_dash|show_letter|right_click|sound_beep|left_click,correct,right_click,1
sub-019,run-01,4,14,1,1,1,1,1,1,0,9,show_cross|show_letter|show_letter|show_letter|show_letter|show_letter|show_letter|show_letter|show_letter|show_dash|show_letter|right_click|sound_beep|left_click,correct,right_click,1
sub-019,run-01,5,14,1,1,1,1,1,1,0,9,show_cross|show_letter|show_letter|show_letter|show_letter|show_letter|show_letter|show_letter|show_letter|show_dash|show_letter|right_click|sound_beep|left_click,correct,right_click,1
sub-019,run-01,6,14,1,1,1,1,1,1,0,9,show_cross|show_letter|show_letter|show_letter|show_letter|show_letter|show_letter|show_letter|show_letter|show_dash|show_letter|right_click|sound_beep|left_click,correct,right_click,1
sub-019,run-01,7,14,1,1,1,1,1,1,0,9,show_cross|show_letter|show_letter|show_letter|show_letter|show_letter|show_letter|show_letter|show_letter|show_dash|show_letter|right_click|sound_beep|left_click,correct,right_click,1
sub-019,run-01,8,14,1,1,1,1,1,1,0,9,show_cross|show_letter|show_letter|show_letter|show_letter|show_letter|show_letter|show_letter|show_letter|show_dash|show_letter|right_click|sound_beep|left_click,correct,right_click,1
sub-019,run-01,9,14,1,1,1,1,1,0,1,9,show_cross|show_letter|show_letter|show_letter|show_letter|show_letter|show_letter|show_letter|show_letter|show_dash|show_letter|right_click|sound_buzz|left_click,incorrect,right_click,1
sub-019,run-01,10,14,1,1,1,1,1,1,0,9,show_cross|show_letter|show_letter|show_letter|show_letter|show_letter|show_letter|show_letter|show_letter|show_dash|show_letter|right_click|sound_beep|left_click,correct,right_click,1
sub-019,run-01,11,14,1,1,1,1,0,1,0,9,show_cross|show_letter|show_letter|show_letter|show_letter|show_letter|show_letter|show_letter|show_letter|show_dash|show_letter|left_click|sound_beep|left_click,correct,left_click,1
sub-019,run-01,12,14,1,1,1,1,0,1,0,9,show_cross|show_letter|show_letter|show_letter|show_letter|show_letter|show_letter|show_letter|show_letter|show_dash|show_letter|left_click|sound_beep|left_click,correct,left_click,1
sub-019,run-01,13,14,1,1,1,1,1,1,0,9,show_cross|show_letter|show_letter|show_letter|show_letter|show_letter|show_letter|show_letter|show_letter|show_dash|show_letter|right_click|sound_beep|left_click,correct,right_click,1
sub-019,run-01,14,14,1,1,1,1,0,1,0,9,show_cross|show_letter|show_letter|show_letter|show_letter|show_letter|show_letter|show_letter|show_letter|show_dash|show_letter|left_click|sound_beep|left_click,correct,left_click,1
sub-019,run-01,15,26,1,1,1,1,0,1,0,18,show_cross|show_letter|show_letter|show_letter|show_letter|show_letter|show_letter|show_letter|show_letter|show_dash|show_letter|left_click|sound_beep|show_letter|show_letter|show_letter|show_letter|show_letter|show_letter|show_letter|show_letter|show_dash|show_letter|left_click|sound_beep|left_click,correct,left_click,1
sub-019,run-01,16,14,1,1,1,1,0,1,0,9,show_cross|show_letter|show_letter|show_letter|show_letter|show_letter|show_letter|show_letter|show_letter|show_dash|show_letter|left_click|sound_beep|left_click,correct,left_click,1
sub-019,run-01,17,14,1,1,1,1,0,1,0,9,show_cross|show_letter|show_letter|show_letter|show_letter|show_letter|show_letter|show_letter|show_letter|show_dash|show_letter|left_click|sound_beep|left_click,correct,left_click,1
sub-019,run-01,18,14,1,1,1,1,1,1,0,9,show_cross|show_letter|show_letter|show_letter|show_letter|show_letter|show_letter|show_letter|show_letter|show_dash|show_letter|right_click|sound_beep|left_click,correct,right_click,1
sub-019,run-01,19,14,1,1,1,1,0,1,0,9,show_cross|show_letter|show_letter|show_letter|show_letter|show_letter|show_letter|show_letter|show_letter|show_dash|show_letter|left_click|sound_beep|left_click,correct,left_click,1
sub-019,run-01,20,14,1,1,1,1,1,0,1,9,show_cross|show_letter|show_letter|show_letter|show_letter|show_letter|show_letter|show_letter|show_letter|show_dash|show_letter|left_click|sound_buzz|right_click,incorrect,right_click,1
sub-019,run-01,21,14,1,1,1,1,1,1,0,9,show_cross|show_letter|show_letter|show_letter|show_letter|show_letter|show_letter|show_letter|show_letter|show_dash|show_letter|right_click|sound_beep|left_click,correct,right_click,1
sub-019,run-01,22,14,1,1,1,1,1,1,0,9,show_cross|show_letter|show_letter|show_letter|show_letter|show_letter|show_letter|show_letter|show_letter|show_dash|show_letter|right_click|sound_beep|left_click,correct,right_click,1
sub-019,run-01,23,14,1,1,1,1,1,1,0,9,show_cross|show_letter|show_letter|show_letter|show_letter|show_letter|show_letter|show_letter|show_letter|show_dash|show_letter|right_click|sound_beep|left_click,correct,right_click,1
sub-019,run-01,24,14,1,1,1,1,1,1,0,9,show_cross|show_letter|show_letter|show_letter|show_letter|show_letter|show_letter|show_letter|show_letter|show_dash|show_letter|right_click|sound_beep|left_click,correct,right_click,1
sub-019,run-02,1,14,1,1,1,1,1,1,0,9,show_cross|show_letter|show_letter|show_letter|show_letter|show_letter|show_letter|show_letter|show_letter|show_dash|show_letter|right_click|sound_beep|left_click,correct,right_click,1
sub-019,run-02,2,14,1,1,1,1,0,1,0,9,show_cross|show_letter|show_letter|show_letter|show_letter|show_letter|show_letter|show_letter|show_letter|show_dash|show_letter|left_click|sound_beep|left_click,correct,left_click,1
sub-019,run-02,3,14,1,1,1,1,1,1,0,9,show_cross|show_letter|show_letter|show_letter|show_letter|show_letter|show_letter|show_letter|show_letter|show_dash|show_letter|right_click|sound_beep|left_click,correct,right_click,1
sub-019,run-02,4,14,1,1,1,1,0,1,0,9,show_cross|show_letter|show_letter|show_letter|show_letter|show_letter|show_letter|show_letter|show_letter|show_dash|show_letter|left_click|sound_beep|left_click,correct,left_click,1
sub-019,run-02,5,14,1,1,1,1,1,1,0,9,show_cross|show_letter|show_letter|show_letter|show_letter|show_letter|show_letter|show_letter|show_letter|show_dash|show_letter|right_click|sound_beep|left_click,correct,right_click,1
sub-019,run-02,6,14,1,1,1,1,1,1,0,9,show_cross|show_letter|show_letter|show_letter|show_letter|show_letter|show_letter|show_letter|show_letter|show_dash|show_letter|right_click|sound_beep|left_click,correct,right_click,1
sub-019,run-02,7,14,1,1,1,1,0,1,0,9,show_cross|show_letter|show_letter|show_letter|show_letter|show_letter|show_letter|show_letter|show_letter|show_dash|show_letter|left_click|sound_beep|left_click,correct,left_click,1
sub-019,run-02,8,14,1,1,1,1,1,1,0,9,show_cross|show_letter|show_letter|show_letter|show_letter|show_letter|show_letter|show_letter|show_letter|show_dash|show_letter|right_click|sound_beep|left_click,correct,right_click,1
sub-019,run-02,9,14,1,1,1,1,1,1,0,9,show_cross|show_letter|show_letter|show_letter|show_letter|show_letter|show_letter|show_letter|show_letter|show_dash|show_letter|right_click|sound_beep|left_click,correct,right_click,1
sub-019,run-02,10,14,1,1,1,1,1,1,0,9,show_cross|show_letter|show_letter|show_letter|show_letter|show_letter|show_letter|show_letter|show_letter|show_dash|show_letter|right_click|sound_beep|left_click,correct,right_click,1
sub-019,run-02,11,14,1,1,1,1,1,1,0,9,show_cross|show_letter|show_letter|show_letter|show_letter|show_letter|show_letter|show_letter|show_letter|show_dash|show_letter|right_click|sound_beep|left_click,correct,right_click,1
sub-019,run-02,12,14,1,1,1,1,0,1,0,9,show_cross|show_letter|show_letter|show_letter|show_letter|show_letter|show_letter|show_letter|show_letter|show_dash|show_letter|left_click|sound_beep|left_click,correct,left_click,1
sub-019,run-02,13,14,1,1,1,1,0,1,0,9,show_cross|show_letter|show_letter|show_letter|show_letter|show_letter|show_letter|show_letter|show_letter|show_dash|show_letter|left_click|sound_beep|left_click,correct,left_click,1
sub-019,run-02,14,14,1,1,1,1,0,1,0,9,show_cross|show_letter|show_letter|show_letter|show_letter|show_letter|show_letter|show_letter|show_letter|show_dash|show_letter|left_click|sound_beep|left_click,correct,left_click,1
sub-019,run-02,15,14,1,1,1,1,0,1,0,9,show_cross|show_letter|show_letter|show_letter|show_letter|show_letter|show_letter|show_letter|show_letter|show_dash|show_letter|left_click|sound_beep|left_click,correct,left_click,1
sub-019,run-02,16,12,1,1,1,1,0,0,0,9,show_cross|show_letter|show_letter|show_letter|show_letter|show_letter|show_letter|show_letter|show_letter|show_dash|show_letter|left_click,unknown,left_click,1
sub-019,run-02,17,14,1,1,1,1,0,1,0,9,show_cross|show_letter|show_letter|show_letter|show_letter|show_letter|show_letter|show_letter|show_letter|show_dash|show_letter|left_click|sound_beep|left_click,correct,left_click,1
sub-019,run-02,18,26,1,1,1,1,1,1,0,18,show_cross|show_letter|show_letter|show_letter|show_letter|show_letter|show_letter|show_letter|show_letter|show_dash|show_letter|right_click|sound_beep|show_letter|show_letter|show_letter|show_letter|show_letter|show_letter|show_letter|show_letter|show_dash|show_letter|right_click|sound_beep|left_click,correct,right_click,1
sub-019,run-02,19,14,1,1,1,1,1,1,0,9,show_cross|show_letter|show_letter|show_letter|show_letter|show_letter|show_letter|show_letter|show_letter|show_dash|show_letter|right_click|sound_beep|left_click,correct,right_click,1
sub-019,run-02,20,12,1,1,1,1,0,0,0,9,show_cross|show_letter|show_letter|show_letter|show_letter|show_letter|show_letter|show_letter|show_letter|show_dash|show_letter|left_click,unknown,left_click,1
sub-019,run-02,21,14,1,1,1,1,0,1,0,9,show_cross|show_letter|show_letter|show_letter|show_letter|show_letter|show_letter|show_letter|show_letter|show_dash|show_letter|left_click|sound_beep|left_click,correct,left_click,1
sub-019,run-02,22,12,1,1,1,1,0,0,0,9,show_cross|show_letter|show_letter|show_letter|show_letter|show_letter|show_letter|show_letter|show_letter|show_dash|show_letter|left_click,unknown,left_click,1
sub-019,run-02,23,13,1,1,1,1,0,1,0,9,show_cross|show_letter|show_letter|show_letter|show_letter|show_letter|show_letter|show_letter|show_letter|show_dash|show_letter|sound_beep|left_click,correct,left_click,1
sub-019,run-02,24,14,1,1,1,1,1,1,0,9,show_cross|show_letter|show_letter|show_letter|show_letter|show_letter|show_letter|show_letter|show_letter|show_dash|show_letter|right_click|sound_beep|left_click,correct,right_click,1
sub-019,run-03,1,14,1,1,1,1,0,1,0,9,show_cross|show_letter|show_letter|show_letter|show_letter|show_letter|show_letter|show_letter|show_letter|show_dash|show_letter|left_click|sound_beep|left_click,correct,left_click,1
sub-019,run-03,2,14,1,1,1,1,1,1,0,9,show_cross|show_letter|show_letter|show_letter|show_letter|show_letter|show_letter|show_letter|show_letter|show_dash|show_letter|right_click|sound_beep|left_click,correct,right_click,1
sub-019,run-03,3,14,1,1,1,1,1,1,0,9,show_cross|show_letter|show_letter|show_letter|show_letter|show_letter|show_letter|show_letter|show_letter|show_dash|show_letter|right_click|sound_beep|left_click,correct,right_click,1
sub-019,run-03,4,13,1,1,1,1,0,0,0,9,show_cross|show_letter|show_letter|show_letter|show_letter|show_letter|show_letter|show_letter|show_letter|show_dash|show_letter|left_click|left_click,unknown,left_click,1
sub-019,run-03,5,25,1,1,1,1,1,1,0,17,show_cross|show_letter|show_letter|show_letter|show_letter|show_letter|show_letter|show_letter|show_letter|show_dash|show_letter|right_click|sound_beep|show_letter|show_letter|show_letter|show_letter|show_letter|show_letter|show_letter|show_letter|show_dash|left_click|sound_beep|left_click,correct,right_click,1
sub-019,run-03,6,14,1,1,1,1,1,1,0,9,show_cross|show_letter|show_letter|show_letter|show_letter|show_letter|show_letter|show_letter|show_letter|show_dash|show_letter|right_click|sound_beep|left_click,correct,right_click,1
sub-019,run-03,7,14,1,1,1,1,0,1,0,9,show_cross|show_letter|show_letter|show_letter|show_letter|show_letter|show_letter|show_letter|show_letter|show_dash|show_letter|left_click|sound_beep|left_click,correct,left_click,1
sub-019,run-03,8,14,1,1,1,1,1,1,0,9,show_cross|show_letter|show_letter|show_letter|show_letter|show_letter|show_letter|show_letter|show_letter|show_dash|show_letter|right_click|sound_beep|left_click,correct,right_click,1
sub-019,run-03,9,14,1,1,1,1,1,1,0,9,show_cross|show_letter|show_letter|show_letter|show_letter|show_letter|show_letter|show_letter|show_letter|show_dash|show_letter|right_click|sound_beep|left_click,correct,right_click,1
sub-019,run-03,10,14,1,1,1,1,1,1,0,9,show_cross|show_letter|show_letter|show_letter|show_letter|show_letter|show_letter|show_letter|show_letter|show_dash|show_letter|right_click|sound_beep|left_click,correct,right_click,1
sub-019,run-03,11,14,1,1,1,1,0,0,1,9,show_cross|show_letter|show_letter|show_letter|show_letter|show_letter|show_letter|show_letter|show_letter|show_dash|show_letter|left_click|sound_buzz|left_click,incorrect,left_click,1
sub-019,run-03,12,14,1,1,1,1,1,1,0,9,show_cross|show_letter|show_letter|show_letter|show_letter|show_letter|show_letter|show_letter|show_letter|show_dash|show_letter|right_click|sound_beep|left_click,correct,right_click,1
sub-019,run-03,13,14,1,1,1,1,1,1,0,9,show_cross|show_letter|show_letter|show_letter|show_letter|show_letter|show_letter|show_letter|show_letter|show_dash|show_letter|right_click|sound_beep|left_click,correct,right_click,1
sub-019,run-03,14,14,1,1,1,1,0,1,0,9,show_cross|show_letter|show_letter|show_letter|show_letter|show_letter|show_letter|show_letter|show_letter|show_dash|show_letter|left_click|sound_beep|left_click,correct,left_click,1
sub-019,run-03,15,14,1,1,1,1,1,0,1,9,show_cross|show_letter|show_letter|show_letter|show_letter|show_letter|show_letter|show_letter|show_letter|show_dash|show_letter|right_click|sound_buzz|left_click,incorrect,right_click,1
sub-019,run-03,16,14,1,1,1,1,1,0,1,9,show_cross|show_letter|show_letter|show_letter|show_letter|show_letter|show_letter|show_letter|show_letter|show_dash|show_letter|left_click|sound_buzz|right_click,incorrect,right_click,1
sub-019,run-03,17,14,1,1,1,1,0,1,0,9,show_cross|show_letter|show_letter|show_letter|show_letter|show_letter|show_letter|show_letter|show_letter|show_dash|show_letter|left_click|sound_beep|left_click,correct,left_click,1
sub-019,run-03,18,26,1,1,1,1,1,1,0,18,show_cross|show_letter|show_letter|show_letter|show_letter|show_letter|show_letter|show_letter|show_letter|show_dash|show_letter|right_click|sound_beep|show_letter|show_letter|show_letter|show_letter|show_letter|show_letter|show_letter|show_letter|show_dash|show_letter|left_click|sound_beep|left_click,correct,right_click,1
sub-019,run-03,19,12,1,1,1,1,1,1,0,7,show_cross|show_letter|show_letter|show_letter|show_letter|show_letter|show_letter|show_dash|show_letter|right_click|sound_beep|left_click,correct,right_click,1
sub-019,run-03,20,14,1,1,1,1,0,1,0,9,show_cross|show_letter|show_letter|show_letter|show_letter|show_letter|show_letter|show_letter|show_letter|show_dash|show_letter|left_click|sound_beep|left_click,correct,left_click,1
sub-019,run-03,21,24,1,1,1,1,0,1,0,18,show_cross|show_letter|show_letter|show_letter|show_letter|show_letter|show_letter|show_letter|show_letter|show_dash|show_letter|show_letter|show_letter|show_letter|show_letter|show_letter|show_letter|show_letter|show_letter|show_dash|show_letter|left_click|sound_beep|left_click,correct,left_click,1
sub-019,run-03,22,13,1,1,1,1,1,1,0,8,show_cross|show_letter|show_letter|show_letter|show_letter|show_letter|show_letter|show_letter|show_dash|show_letter|right_click|sound_beep|left_click,correct,right_click,1
sub-020,run-01,1,14,1,1,1,1,1,1,0,9,show_cross|show_letter|show_letter|show_letter|show_letter|show_letter|show_letter|show_letter|show_letter|show_dash|show_letter|right_click|sound_beep|left_click,correct,right_click,1
sub-020,run-01,2,14,1,1,1,1,1,1,0,9,show_cross|show_letter|show_letter|show_letter|show_letter|show_letter|show_letter|show_letter|show_letter|show_dash|show_letter|right_click|sound_beep|left_click,correct,right_click,1
sub-020,run-01,3,14,1,1,1,1,0,1,0,9,show_cross|show_letter|show_letter|show_letter|show_letter|show_letter|show_letter|show_letter|show_letter|show_dash|show_letter|left_click|sound_beep|left_click,correct,left_click,1
sub-020,run-01,4,14,1,1,1,1,1,1,0,9,show_cross|show_letter|show_letter|show_letter|show_letter|show_letter|show_letter|show_letter|show_letter|show_dash|show_letter|right_click|sound_beep|left_click,correct,right_click,1
sub-020,run-01,5,14,1,1,1,1,0,1,0,9,show_cross|show_letter|show_letter|show_letter|show_letter|show_letter|show_letter|show_letter|show_letter|show_dash|show_letter|left_click|sound_beep|left_click,correct,left_click,1
sub-020,run-01,6,14,1,1,1,1,0,1,0,9,show_cross|show_letter|show_letter|show_letter|show_letter|show_letter|show_letter|show_letter|show_letter|show_dash|show_letter|left_click|sound_beep|left_click,correct,left_click,1
sub-020,run-01,7,14,1,1,1,1,0,1,0,9,show_cross|show_letter|show_letter|show_letter|show_letter|show_letter|show_letter|show_letter|show_letter|show_dash|show_letter|left_click|sound_beep|left_click,correct,left_click,1
sub-020,run-01,8,14,1,1,1,1,0,1,0,9,show_cross|show_letter|show_letter|show_letter|show_letter|show_letter|show_letter|show_letter|show_letter|show_dash|show_letter|left_click|sound_beep|left_click,correct,left_click,1
sub-020,run-01,9,14,1,1,1,1,1,1,0,9,show_cross|show_letter|show_letter|show_letter|show_letter|show_letter|show_letter|show_letter|show_letter|show_dash|show_letter|right_click|sound_beep|left_click,correct,right_click,1
sub-020,run-01,10,14,1,1,1,1,1,0,1,9,show_cross|show_letter|show_letter|show_letter|show_letter|show_letter|show_letter|show_letter|show_letter|show_dash|show_letter|right_click|sound_buzz|left_click,incorrect,right_click,1
sub-020,run-01,11,14,1,1,1,1,1,1,0,9,show_cross|show_letter|show_letter|show_letter|show_letter|show_letter|show_letter|show_letter|show_letter|show_dash|show_letter|right_click|sound_beep|left_click,correct,right_click,1
sub-020,run-01,12,14,1,1,1,1,0,1,0,9,show_cross|show_letter|show_letter|show_letter|show_letter|show_letter|show_letter|show_letter|show_letter|show_dash|show_letter|left_click|sound_beep|left_click,correct,left_click,1
sub-020,run-01,13,14,1,1,1,1,1,1,0,9,show_cross|show_letter|show_letter|show_letter|show_letter|show_letter|show_letter|show_letter|show_letter|show_dash|show_letter|right_click|sound_beep|left_click,correct,right_click,1
sub-020,run-01,14,14,1,1,1,1,1,1,0,9,show_cross|show_letter|show_letter|show_letter|show_letter|show_letter|show_letter|show_letter|show_letter|show_dash|show_letter|right_click|sound_beep|left_click,correct,right_click,1
sub-020,run-01,15,14,1,1,1,1,1,1,0,9,show_cross|show_letter|show_letter|show_letter|show_letter|show_letter|show_letter|show_letter|show_letter|show_dash|show_letter|right_click|sound_beep|left_click,correct,right_click,1
sub-020,run-01,16,14,1,1,1,1,0,1,0,9,show_cross|show_letter|show_letter|show_letter|show_letter|show_letter|show_letter|show_letter|show_letter|show_dash|show_letter|left_click|sound_beep|left_click,correct,left_click,1
sub-020,run-01,17,14,1,1,1,1,0,1,0,9,show_cross|show_letter|show_letter|show_letter|show_letter|show_letter|show_letter|show_letter|show_letter|show_dash|show_letter|left_click|sound_beep|left_click,correct,left_click,1
sub-020,run-01,18,13,1,1,1,1,1,0,0,9,show_cross|show_letter|show_letter|show_letter|show_letter|show_letter|show_letter|show_letter|show_letter|show_dash|show_letter|right_click|left_click,unknown,right_click,1
sub-020,run-01,19,13,1,1,1,1,1,1,0,8,show_cross|show_letter|show_letter|show_letter|show_letter|show_letter|show_letter|show_letter|show_dash|show_letter|right_click|sound_beep|left_click,correct,right_click,1
sub-020,run-01,20,13,1,1,0,1,1,1,0,9,show_cross|show_letter|show_letter|show_letter|show_letter|show_letter|show_letter|show_letter|show_letter|show_letter|right_click|sound_beep|left_click,correct,right_click,0
sub-020,run-01,21,12,1,1,0,1,1,0,0,9,show_cross|show_letter|show_letter|show_letter|show_letter|show_letter|show_letter|show_letter|show_letter|show_letter|right_click|left_click,unknown,right_click,0
sub-020,run-01,22,14,1,1,1,1,0,1,0,9,show_cross|show_letter|show_letter|show_letter|show_letter|show_letter|show_letter|show_letter|show_letter|show_dash|show_letter|left_click|sound_beep|left_click,correct,left_click,1
sub-020,run-01,23,13,1,1,0,1,1,1,0,9,show_cross|show_letter|show_letter|show_letter|show_letter|show_letter|show_letter|show_letter|show_letter|show_letter|right_click|sound_beep|left_click,correct,right_click,0
sub-020,run-01,24,12,1,1,0,1,0,1,0,9,show_cross|show_letter|show_letter|show_letter|show_letter|show_letter|show_letter|show_letter|show_letter|show_letter|sound_beep|left_click,correct,left_click,0
sub-020,run-01,25,12,1,1,1,1,0,0,0,9,show_cross|show_letter|show_letter|show_letter|show_letter|show_letter|show_letter|show_letter|show_letter|show_dash|show_letter|left_click,unknown,left_click,1
sub-020,run-02,1,13,1,1,1,1,1,1,0,8,show_cross|show_letter|show_letter|show_letter|show_letter|show_letter|show_letter|show_letter|show_dash|show_letter|right_click|sound_beep|left_click,correct,right_click,1
sub-020,run-02,2,13,1,1,1,1,1,1,0,8,show_cross|show_letter|show_letter|show_letter|show_letter|show_letter|show_letter|show_letter|show_dash|show_letter|right_click|sound_beep|left_click,correct,right_click,1
sub-020,run-02,3,14,1,1,1,1,1,1,0,9,show_cross|show_letter|show_letter|show_letter|show_letter|show_letter|show_letter|show_letter|show_letter|show_dash|show_letter|right_click|sound_beep|left_click,correct,right_click,1
sub-020,run-02,4,13,1,1,1,1,0,0,0,9,show_cross|show_letter|show_letter|show_letter|show_letter|show_letter|show_letter|show_letter|show_letter|show_dash|show_letter|left_click|left_click,unknown,left_click,1
sub-020,run-02,5,13,1,1,1,1,1,0,0,9,show_cross|show_letter|show_letter|show_letter|show_letter|show_letter|show_letter|show_letter|show_letter|show_dash|show_letter|right_click|left_click,unknown,right_click,1
sub-020,run-02,6,13,1,1,0,1,0,1,0,9,show_cross|show_letter|show_letter|show_letter|show_letter|show_letter|show_letter|show_letter|show_letter|show_letter|left_click|sound_beep|left_click,correct,left_click,0
sub-020,run-02,7,14,1,1,1,1,0,1,0,9,show_cross|show_letter|show_letter|show_letter|show_letter|show_letter|show_letter|show_letter|show_letter|show_dash|show_letter|left_click|sound_beep|left_click,correct,left_click,1
sub-020,run-02,8,11,1,1,1,1,0,0,0,8,show_cross|show_letter|show_letter|show_letter|show_letter|show_letter|show_letter|show_letter|show_letter|show_dash|left_click,unknown,left_click,1
sub-020,run-02,9,14,1,1,1,1,0,1,0,9,show_cross|show_letter|show_letter|show_letter|show_letter|show_letter|show_letter|show_letter|show_letter|show_dash|show_letter|left_click|sound_beep|left_click,correct,left_click,1
sub-020,run-02,10,18,1,1,1,1,0,0,0,15,show_cross|show_letter|show_letter|show_letter|show_letter|show_letter|show_letter|show_letter|show_letter|show_letter|show_letter|show_letter|show_letter|show_letter|show_letter|show_letter|show_dash|left_click,unknown,left_click,1
sub-020,run-02,11,24,1,1,1,1,1,1,0,18,show_cross|show_letter|show_letter|show_letter|show_letter|show_letter|show_letter|show_letter|show_letter|show_dash|show_letter|left_click|show_letter|show_letter|show_letter|show_letter|show_letter|show_letter|show_letter|show_letter|show_letter|right_click|sound_beep|left_click,correct,right_click,1
sub-020,run-02,12,11,1,1,0,1,0,0,0,9,show_cross|show_letter|show_letter|show_letter|show_letter|show_letter|show_letter|show_letter|show_letter|show_letter|left_click,unknown,left_click,0
sub-020,run-02,13,14,1,1,1,1,0,1,0,9,show_cross|show_letter|show_letter|show_letter|show_letter|show_letter|show_letter|show_letter|show_letter|show_dash|show_letter|left_click|sound_beep|left_click,correct,left_click,1
sub-020,run-02,14,11,1,1,1,1,0,0,0,8,show_cross|show_letter|show_letter|show_letter|show_letter|show_letter|show_letter|show_letter|show_letter|show_dash|left_click,unknown,left_click,1
sub-020,run-02,15,11,1,1,0,1,1,0,0,8,show_cross|show_letter|show_letter|show_letter|show_letter|show_letter|show_letter|show_letter|show_letter|right_click|left_click,unknown,right_click,0
sub-020,run-02,16,13,1,1,1,1,1,0,0,9,show_cross|show_letter|show_letter|show_letter|show_letter|show_letter|show_letter|show_letter|show_letter|show_dash|show_letter|right_click|left_click,unknown,right_click,1
sub-020,run-02,17,13,1,1,1,1,1,0,0,9,show_cross|show_letter|show_letter|show_letter|show_letter|show_letter|show_letter|show_letter|show_letter|show_dash|show_letter|right_click|left_click,unknown,right_click,1
sub-020,run-02,18,12,1,1,1,1,0,1,0,8,show_cross|show_letter|show_letter|show_letter|show_letter|show_letter|show_letter|show_letter|show_letter|show_dash|sound_beep|left_click,correct,left_click,1
sub-020,run-02,19,12,1,1,1,1,0,1,0,8,show_cross|show_letter|show_letter|show_letter|show_letter|show_letter|show_letter|show_letter|show_letter|show_dash|sound_beep|left_click,correct,left_click,1
sub-020,run-02,20,12,1,1,1,1,0,0,0,9,show_cross|show_letter|show_letter|show_letter|show_letter|show_letter|show_letter|show_letter|show_letter|show_dash|show_letter|left_click,unknown,left_click,1
sub-020,run-02,21,14,1,1,1,1,1,1,0,9,show_cross|show_letter|show_letter|show_letter|show_letter|show_letter|show_letter|show_letter|show_letter|show_dash|show_letter|right_click|sound_beep|left_click,correct,right_click,1
sub-020,run-02,22,24,1,1,1,1,1,1,0,18,show_cross|show_letter|show_letter|show_letter|show_letter|show_letter|show_letter|show_letter|show_letter|show_letter|right_click|show_letter|show_letter|show_letter|show_letter|show_letter|show_letter|show_letter|show_letter|show_dash|show_letter|right_click|sound_beep|left_click,correct,right_click,1
sub-020,run-03,1,14,1,1,1,1,1,1,0,9,show_cross|show_letter|show_letter|show_letter|show_letter|show_letter|show_letter|show_letter|show_letter|show_dash|show_letter|right_click|sound_beep|left_click,correct,right_click,1
sub-020,run-03,2,14,1,1,1,1,1,1,0,9,show_cross|show_letter|show_letter|show_letter|show_letter|show_letter|show_letter|show_letter|show_letter|show_dash|show_letter|right_click|sound_beep|left_click,correct,right_click,1
sub-020,run-03,3,14,1,1,1,1,1,1,0,9,show_cross|show_letter|show_letter|show_letter|show_letter|show_letter|show_letter|show_letter|show_letter|show_dash|show_letter|right_click|sound_beep|left_click,correct,right_click,1
sub-020,run-03,4,14,1,1,1,1,1,1,0,9,show_cross|show_letter|show_letter|show_letter|show_letter|show_letter|show_letter|show_letter|show_letter|show_dash|show_letter|right_click|sound_beep|left_click,correct,right_click,1
sub-020,run-03,5,14,1,1,1,1,1,1,0,9,show_cross|show_letter|show_letter|show_letter|show_letter|show_letter|show_letter|show_letter|show_letter|show_dash|show_letter|right_click|sound_beep|left_click,correct,right_click,1
sub-020,run-03,6,14,1,1,1,1,1,1,0,9,show_cross|show_letter|show_letter|show_letter|show_letter|show_letter|show_letter|show_letter|show_letter|show_dash|show_letter|right_click|sound_beep|left_click,correct,right_click,1
sub-020,run-03,7,24,1,1,1,1,0,1,0,18,show_cross|show_letter|show_letter|show_letter|show_letter|show_letter|show_letter|show_letter|show_letter|show_dash|show_letter|show_letter|show_letter|show_letter|show_letter|show_letter|show_letter|show_letter|show_letter|show_dash|show_letter|left_click|sound_beep|left_click,correct,left_click,1
sub-020,run-03,8,13,1,1,1,1,0,0,0,9,show_cross|show_letter|show_letter|show_letter|show_letter|show_letter|show_letter|show_letter|show_letter|show_dash|show_letter|left_click|left_click,unknown,left_click,1
sub-020,run-03,9,13,1,1,1,1,1,0,0,9,show_cross|show_letter|show_letter|show_letter|show_letter|show_letter|show_letter|show_letter|show_letter|show_dash|show_letter|right_click|left_click,unknown,right_click,1
sub-020,run-03,10,14,1,1,1,1,0,1,0,9,show_cross|show_letter|show_letter|show_letter|show_letter|show_letter|show_letter|show_letter|show_letter|show_dash|show_letter|left_click|sound_beep|left_click,correct,left_click,1
sub-020,run-03,11,14,1,1,1,1,0,0,1,9,show_cross|show_letter|show_letter|show_letter|show_letter|show_letter|show_letter|show_letter|show_letter|show_dash|show_letter|left_click|sound_buzz|left_click,incorrect,left_click,1
sub-020,run-03,12,14,1,1,1,1,1,1,0,9,show_cross|show_letter|show_letter|show_letter|show_letter|show_letter|show_letter|show_letter|show_letter|show_dash|show_letter|left_click|sound_beep|right_click,correct,right_click,1
sub-020,run-03,13,14,1,1,1,1,0,1,0,9,show_cross|show_letter|show_letter|show_letter|show_letter|show_letter|show_letter|show_letter|show_letter|show_dash|show_letter|left_click|sound_beep|left_click,correct,left_click,1
sub-020,run-03,14,12,1,1,1,1,0,0,0,9,show_cross|show_letter|show_letter|show_letter|show_letter|show_letter|show_letter|show_letter|show_letter|show_dash|show_letter|left_click,unknown,left_click,1
sub-020,run-03,15,12,1,1,1,1,0,0,0,9,show_cross|show_letter|show_letter|show_letter|show_letter|show_letter|show_letter|show_letter|show_letter|show_dash|show_letter|left_click,unknown,left_click,1
sub-020,run-03,16,12,1,1,1,1,0,0,0,9,show_cross|show_letter|show_letter|show_letter|show_letter|show_letter|show_letter|show_letter|show_letter|show_dash|show_letter|left_click,unknown,left_click,1
sub-020,run-03,17,14,1,1,1,1,0,1,0,9,show_cross|show_letter|show_letter|show_letter|show_letter|show_letter|show_letter|show_letter|show_letter|show_dash|show_letter|left_click|sound_beep|left_click,correct,left_click,1
sub-020,run-03,18,14,1,1,1,1,0,1,0,9,show_cross|show_letter|show_letter|show_letter|show_letter|show_letter|show_letter|show_letter|show_letter|show_dash|show_letter|left_click|sound_beep|left_click,correct,left_click,1
sub-020,run-03,19,14,1,1,1,1,0,1,0,9,show_cross|show_letter|show_letter|show_letter|show_letter|show_letter|show_letter|show_letter|show_letter|show_dash|show_letter|left_click|sound_beep|left_click,correct,left_click,1
sub-020,run-03,20,14,1,1,1,1,0,1,0,9,show_cross|show_letter|show_letter|show_letter|show_letter|show_letter|show_letter|show_letter|show_letter|show_dash|show_letter|left_click|sound_beep|left_click,correct,left_click,1
sub-020,run-03,21,14,1,1,1,1,0,1,0,9,show_cross|show_letter|show_letter|show_letter|show_letter|show_letter|show_letter|show_letter|show_letter|show_dash|show_letter|left_click|sound_beep|left_click,correct,left_click,1
sub-020,run-03,22,14,1,1,1,1,1,1,0,9,show_cross|show_letter|show_letter|show_letter|show_letter|show_letter|show_letter|show_letter|show_letter|show_dash|show_letter|right_click|sound_beep|left_click,correct,right_click,1
sub-020,run-03,23,12,1,1,1,1,0,0,0,9,show_cross|show_letter|show_letter|show_letter|show_letter|show_letter|show_letter|show_letter|show_letter|show_dash|show_letter|left_click,unknown,left_click,1
sub-020,run-03,24,12,1,1,1,0,1,0,0,9,show_cross|show_letter|show_letter|show_letter|show_letter|show_letter|show_letter|show_letter|show_letter|show_dash|show_letter|right_click,unknown,right_click,1
sub-021,run-01,1,14,1,1,1,1,0,1,0,9,show_cross|show_letter|show_letter|show_letter|show_letter|show_letter|show_letter|show_letter|show_letter|show_dash|show_letter|left_click|sound_beep|left_click,correct,left_click,1
sub-021,run-01,2,26,1,1,1,1,1,1,0,18,show_cross|show_letter|show_letter|show_letter|show_letter|show_letter|show_letter|show_letter|show_letter|show_dash|show_letter|right_click|sound_beep|show_letter|show_letter|show_letter|show_letter|show_letter|show_letter|show_letter|show_letter|show_dash|show_letter|left_click|sound_beep|left_click,correct,right_click,1
sub-021,run-01,3,13,1,1,1,1,0,0,0,9,show_cross|show_letter|show_letter|show_letter|show_letter|show_letter|show_letter|show_letter|show_letter|show_dash|show_letter|left_click|left_click,unknown,left_click,1
sub-021,run-01,4,14,1,1,1,1,1,1,0,9,show_cross|show_letter|show_letter|show_letter|show_letter|show_letter|show_letter|show_letter|show_letter|show_dash|show_letter|right_click|sound_beep|left_click,correct,right_click,1
sub-021,run-01,5,12,1,1,1,1,0,0,0,9,show_cross|show_letter|show_letter|show_letter|show_letter|show_letter|show_letter|show_letter|show_letter|show_dash|show_letter|left_click,unknown,left_click,1
sub-021,run-01,6,14,1,1,1,1,1,1,0,9,show_cross|show_letter|show_letter|show_letter|show_letter|show_letter|show_letter|show_letter|show_letter|show_dash|show_letter|right_click|sound_beep|left_click,correct,right_click,1
sub-021,run-01,7,14,1,1,1,1,0,1,0,9,show_cross|show_letter|show_letter|show_letter|show_letter|show_letter|show_letter|show_letter|show_letter|show_dash|show_letter|left_click|sound_beep|left_click,correct,left_click,1
sub-021,run-01,8,14,1,1,1,1,1,1,0,9,show_cross|show_letter|show_letter|show_letter|show_letter|show_letter|show_letter|show_letter|show_letter|show_dash|show_letter|right_click|sound_beep|left_click,correct,right_click,1
sub-021,run-01,9,25,1,1,1,1,0,1,0,18,show_cross|show_letter|show_letter|show_letter|show_letter|show_letter|show_letter|show_letter|show_letter|show_letter|left_click|sound_beep|show_letter|show_letter|show_letter|show_letter|show_letter|show_letter|show_letter|show_letter|show_dash|show_letter|left_click|sound_beep|left_click,correct,left_click,1
sub-021,run-01,10,13,1,1,1,1,1,1,0,8,show_cross|show_letter|show_letter|show_letter|show_letter|show_letter|show_letter|show_letter|show_dash|show_letter|right_click|sound_beep|left_click,correct,right_click,1
sub-021,run-01,11,24,1,1,1,1,0,1,0,18,show_cross|show_letter|show_letter|show_letter|show_letter|show_letter|show_letter|show_letter|show_letter|show_dash|show_letter|show_letter|show_letter|show_letter|show_letter|show_letter|show_letter|show_letter|show_letter|show_dash|show_letter|left_click|sound_beep|left_click,correct,left_click,1
sub-021,run-01,12,12,1,1,1,1,0,0,0,9,show_cross|show_letter|show_letter|show_letter|show_letter|show_letter|show_letter|show_letter|show_letter|show_dash|show_letter|left_click,unknown,left_click,1
sub-021,run-01,13,14,1,1,1,1,1,1,0,9,show_cross|show_letter|show_letter|show_letter|show_letter|show_letter|show_letter|show_letter|show_letter|show_dash|show_letter|right_click|sound_beep|left_click,correct,right_click,1
sub-021,run-01,14,14,1,1,1,1,1,1,0,9,show_cross|show_letter|show_letter|show_letter|show_letter|show_letter|show_letter|show_letter|show_letter|show_dash|show_letter|right_click|sound_beep|left_click,correct,right_click,1
sub-021,run-01,15,14,1,1,1,1,0,1,0,9,show_cross|show_letter|show_letter|show_letter|show_letter|show_letter|show_letter|show_letter|show_letter|show_dash|show_letter|left_click|sound_beep|left_click,correct,left_click,1
sub-021,run-01,16,12,1,1,1,1,0,0,0,9,show_cross|show_letter|show_letter|show_letter|show_letter|show_letter|show_letter|show_letter|show_letter|show_dash|show_letter|left_click,unknown,left_click,1
sub-021,run-01,17,13,1,1,1,1,1,0,0,9,show_cross|show_letter|show_letter|show_letter|show_letter|show_letter|show_letter|show_letter|show_letter|show_dash|show_letter|right_click|left_click,unknown,right_click,1
sub-021,run-01,18,26,1,1,1,1,1,1,0,18,show_cross|show_letter|show_letter|show_letter|show_letter|show_letter|show_letter|show_letter|show_letter|show_dash|show_letter|right_click|sound_beep|show_letter|show_letter|show_letter|show_letter|show_letter|show_letter|show_letter|show_letter|show_dash|show_letter|right_click|sound_beep|left_click,correct,right_click,1
sub-021,run-01,19,14,1,1,1,1,0,1,0,9,show_cross|show_letter|show_letter|show_letter|show_letter|show_letter|show_letter|show_letter|show_letter|show_dash|show_letter|left_click|sound_beep|left_click,correct,left_click,1
sub-021,run-01,20,14,1,1,1,1,1,1,0,9,show_cross|show_letter|show_letter|show_letter|show_letter|show_letter|show_letter|show_letter|show_letter|show_dash|show_letter|right_click|sound_beep|left_click,correct,right_click,1
sub-021,run-01,21,12,1,1,1,0,0,1,0,9,show_cross|show_letter|show_letter|show_letter|show_letter|show_letter|show_letter|show_letter|show_letter|show_dash|show_letter|sound_beep,correct,none,0
sub-021,run-02,1,13,1,1,1,1,0,1,0,9,show_cross|show_letter|show_letter|show_letter|show_letter|show_letter|show_letter|show_letter|show_letter|show_dash|show_letter|sound_beep|left_click,correct,left_click,1
sub-021,run-02,2,14,1,1,1,1,1,1,0,9,show_cross|show_letter|show_letter|show_letter|show_letter|show_letter|show_letter|show_letter|show_letter|show_dash|show_letter|right_click|sound_beep|left_click,correct,right_click,1
sub-021,run-02,3,12,1,1,1,1,0,0,0,9,show_cross|show_letter|show_letter|show_letter|show_letter|show_letter|show_letter|show_letter|show_letter|show_dash|show_letter|left_click,unknown,left_click,1
sub-021,run-02,4,14,1,1,1,1,0,1,0,9,show_cross|show_letter|show_letter|show_letter|show_letter|show_letter|show_letter|show_letter|show_letter|show_dash|show_letter|left_click|sound_beep|left_click,correct,left_click,1
sub-021,run-02,5,13,1,1,1,1,0,1,0,9,show_cross|show_letter|show_letter|show_letter|show_letter|show_letter|show_letter|show_letter|show_letter|show_dash|show_letter|sound_beep|left_click,correct,left_click,1
sub-021,run-02,6,13,1,1,1,1,0,1,0,9,show_cross|show_letter|show_letter|show_letter|show_letter|show_letter|show_letter|show_letter|show_letter|show_dash|show_letter|sound_beep|left_click,correct,left_click,1
sub-021,run-02,7,14,1,1,1,1,1,1,0,9,show_cross|show_letter|show_letter|show_letter|show_letter|show_letter|show_letter|show_letter|show_letter|show_dash|show_letter|right_click|sound_beep|left_click,correct,right_click,1
sub-021,run-02,8,14,1,1,1,1,0,1,0,9,show_cross|show_letter|show_letter|show_letter|show_letter|show_letter|show_letter|show_letter|show_letter|show_dash|show_letter|left_click|sound_beep|left_click,correct,left_click,1
sub-021,run-02,9,14,1,1,1,1,1,1,0,9,show_cross|show_letter|show_letter|show_letter|show_letter|show_letter|show_letter|show_letter|show_letter|show_dash|show_letter|right_click|sound_beep|left_click,correct,right_click,1
sub-021,run-02,10,13,1,1,1,1,0,1,0,9,show_cross|show_letter|show_letter|show_letter|show_letter|show_letter|show_letter|show_letter|show_letter|show_dash|show_letter|sound_beep|left_click,correct,left_click,1
sub-021,run-02,11,14,1,1,1,1,0,1,0,9,show_cross|show_letter|show_letter|show_letter|show_letter|show_letter|show_letter|show_letter|show_letter|show_dash|show_letter|left_click|sound_beep|left_click,correct,left_click,1
sub-021,run-02,12,12,1,1,1,1,0,0,0,9,show_cross|show_letter|show_letter|show_letter|show_letter|show_letter|show_letter|show_letter|show_letter|show_dash|show_letter|left_click,unknown,left_click,1
sub-021,run-02,13,14,1,1,1,1,0,1,0,9,show_cross|show_letter|show_letter|show_letter|show_letter|show_letter|show_letter|show_letter|show_letter|show_dash|show_letter|left_click|sound_beep|left_click,correct,left_click,1
sub-021,run-02,14,13,1,1,1,1,0,1,0,9,show_cross|show_letter|show_letter|show_letter|show_letter|show_letter|show_letter|show_letter|show_letter|show_dash|show_letter|sound_beep|left_click,correct,left_click,1
sub-021,run-02,15,14,1,1,1,1,1,1,0,9,show_cross|show_letter|show_letter|show_letter|show_letter|show_letter|show_letter|show_letter|show_letter|show_dash|show_letter|right_click|sound_beep|left_click,correct,right_click,1
sub-021,run-02,16,13,1,1,1,1,0,1,0,9,show_cross|show_letter|show_letter|show_letter|show_letter|show_letter|show_letter|show_letter|show_letter|show_dash|show_letter|sound_beep|left_click,correct,left_click,1
sub-021,run-02,17,14,1,1,1,1,0,1,0,9,show_cross|show_letter|show_letter|show_letter|show_letter|show_letter|show_letter|show_letter|show_letter|show_dash|show_letter|left_click|sound_beep|left_click,correct,left_click,1
sub-021,run-02,18,14,1,1,1,1,0,1,0,9,show_cross|show_letter|show_letter|show_letter|show_letter|show_letter|show_letter|show_letter|show_letter|show_dash|show_letter|left_click|sound_beep|left_click,correct,left_click,1
sub-021,run-02,19,12,1,1,1,1,0,0,0,9,show_cross|show_letter|show_letter|show_letter|show_letter|show_letter|show_letter|show_letter|show_letter|show_dash|show_letter|left_click,unknown,left_click,1
sub-021,run-02,20,12,1,1,1,1,0,0,0,9,show_cross|show_letter|show_letter|show_letter|show_letter|show_letter|show_letter|show_letter|show_letter|show_dash|show_letter|left_click,unknown,left_click,1
sub-021,run-02,21,11,1,1,0,1,0,0,0,9,show_cross|show_letter|show_letter|show_letter|show_letter|show_letter|show_letter|show_letter|show_letter|show_letter|left_click,unknown,left_click,0
sub-021,run-02,22,13,1,1,1,1,1,0,0,9,show_cross|show_letter|show_letter|show_letter|show_letter|show_letter|show_letter|show_letter|show_letter|show_dash|show_letter|right_click|left_click,unknown,right_click,1
sub-021,run-02,23,14,1,1,1,1,1,0,1,9,show_cross|show_letter|show_letter|show_letter|show_letter|show_letter|show_letter|show_letter|show_letter|show_dash|show_letter|right_click|sound_buzz|left_click,incorrect,right_click,1
sub-021,run-02,24,14,1,1,1,1,1,1,0,9,show_cross|show_letter|show_letter|show_letter|show_letter|show_letter|show_letter|show_letter|show_letter|show_dash|show_letter|right_click|sound_beep|left_click,correct,right_click,1
sub-021,run-02,25,14,1,1,1,1,1,1,0,9,show_cross|show_letter|show_letter|show_letter|show_letter|show_letter|show_letter|show_letter|show_letter|show_dash|show_letter|right_click|sound_beep|left_click,correct,right_click,1
sub-021,run-03,1,11,1,1,0,1,0,0,0,9,show_cross|show_letter|show_letter|show_letter|show_letter|show_letter|show_letter|show_letter|show_letter|show_letter|left_click,unknown,left_click,0
sub-021,run-03,2,14,1,1,1,1,0,1,0,9,show_cross|show_letter|show_letter|show_letter|show_letter|show_letter|show_letter|show_letter|show_letter|show_dash|show_letter|left_click|sound_beep|left_click,correct,left_click,1
sub-021,run-03,3,13,1,1,1,1,1,1,0,8,show_cross|show_letter|show_letter|show_letter|show_letter|show_letter|show_letter|show_letter|show_dash|show_letter|right_click|sound_beep|left_click,correct,right_click,1
sub-021,run-03,4,13,1,1,1,1,0,0,0,9,show_cross|show_letter|show_letter|show_letter|show_letter|show_letter|show_letter|show_letter|show_letter|show_dash|show_letter|left_click|left_click,unknown,left_click,1
sub-021,run-03,5,25,1,1,1,1,1,1,0,20,show_cross|show_letter|show_letter|show_letter|show_letter|show_letter|show_letter|show_letter|show_letter|show_letter|show_letter|show_letter|show_letter|show_letter|show_letter|show_letter|show_letter|show_letter|show_letter|show_letter|show_dash|show_letter|right_click|sound_beep|left_click,correct,right_click,1
sub-021,run-03,6,10,1,1,1,1,0,0,0,7,show_cross|show_letter|show_letter|show_letter|show_letter|show_letter|show_letter|show_letter|show_dash|left_click,unknown,left_click,1
sub-021,run-03,7,11,1,1,0,1,1,1,0,7,show_cross|show_letter|show_letter|show_letter|show_letter|show_letter|show_letter|show_letter|right_click|sound_beep|left_click,correct,right_click,0
sub-021,run-03,8,12,1,1,1,1,0,1,0,7,show_cross|show_letter|show_letter|show_letter|show_letter|show_letter|show_letter|show_dash|show_letter|left_click|sound_beep|left_click,correct,left_click,1
sub-021,run-03,9,11,1,1,0,1,1,1,0,7,show_cross|show_letter|show_letter|show_letter|show_letter|show_letter|show_letter|show_letter|right_click|sound_beep|left_click,correct,right_click,0
sub-021,run-03,10,12,1,1,1,1,1,1,0,7,show_cross|show_letter|show_letter|show_letter|show_letter|show_letter|show_letter|show_dash|show_letter|left_click|sound_beep|right_click,correct,right_click,1
sub-021,run-03,11,14,1,1,1,1,1,1,0,9,show_cross|show_letter|show_letter|show_letter|show_letter|show_letter|show_letter|show_letter|show_letter|show_dash|show_letter|right_click|sound_beep|left_click,correct,right_click,1
sub-021,run-03,12,13,1,1,0,1,1,1,0,9,show_cross|show_letter|show_letter|show_letter|show_letter|show_letter|show_letter|show_letter|show_letter|show_letter|right_click|sound_beep|left_click,correct,right_click,0
sub-021,run-03,13,14,1,1,1,1,1,1,0,9,show_cross|show_letter|show_letter|show_letter|show_letter|show_letter|show_letter|show_letter|show_letter|show_dash|show_letter|left_click|sound_beep|right_click,correct,right_click,1
sub-021,run-03,14,14,1,1,1,1,1,1,0,9,show_cross|show_letter|show_letter|show_letter|show_letter|show_letter|show_letter|show_letter|show_letter|show_dash|show_letter|right_click|sound_beep|left_click,correct,right_click,1
sub-021,run-03,15,14,1,1,1,1,1,1,0,9,show_cross|show_letter|show_letter|show_letter|show_letter|show_letter|show_letter|show_letter|show_letter|show_dash|show_letter|right_click|sound_beep|left_click,correct,right_click,1
sub-021,run-03,16,11,1,1,0,1,0,0,0,9,show_cross|show_letter|show_letter|show_letter|show_letter|show_letter|show_letter|show_letter|show_letter|show_letter|left_click,unknown,left_click,0
sub-021,run-03,17,14,1,1,1,1,0,1,0,9,show_cross|show_letter|show_letter|show_letter|show_letter|show_letter|show_letter|show_letter|show_letter|show_dash|show_letter|left_click|sound_beep|left_click,correct,left_click,1
sub-021,run-03,18,12,1,1,1,0,1,0,0,9,show_cross|show_letter|show_letter|show_letter|show_letter|show_letter|show_letter|show_letter|show_letter|show_dash|show_letter|right_click,unknown,right_click,1
sub-021,run-03,19,7,1,1,1,1,0,0,0,4,show_cross|show_letter|show_letter|show_letter|show_letter|show_dash|left_click,unknown,left_click,1
sub-021,run-03,20,14,1,1,1,1,1,1,0,9,show_cross|show_letter|show_letter|show_letter|show_letter|show_letter|show_letter|show_letter|show_letter|show_dash|show_letter|right_click|sound_beep|left_click,correct,right_click,1
sub-021,run-03,21,13,1,1,1,1,0,0,0,9,show_cross|show_letter|show_letter|show_letter|show_letter|show_letter|show_letter|show_letter|show_letter|show_dash|show_letter|left_click|left_click,unknown,left_click,1
sub-021,run-03,22,14,1,1,1,1,0,1,0,9,show_cross|show_letter|show_letter|show_letter|show_letter|show_letter|show_letter|show_letter|show_letter|show_dash|show_letter|left_click|sound_beep|left_click,correct,left_click,1
sub-021,run-03,23,12,1,1,1,1,0,0,0,9,show_cross|show_letter|show_letter|show_letter|show_letter|show_letter|show_letter|show_letter|show_letter|show_dash|show_letter|left_click,unknown,left_click,1
sub-022,run-01,1,14,1,1,1,0,1,1,0,9,show_cross|show_letter|show_letter|show_letter|show_letter|show_letter|show_letter|show_letter|show_letter|show_dash|show_letter|right_click|sound_beep|right_click,correct,right_click,1
sub-022,run-01,2,14,1,1,1,1,0,1,0,9,show_cross|show_letter|show_letter|show_letter|show_letter|show_letter|show_letter|show_letter|show_letter|show_dash|show_letter|left_click|sound_beep|left_click,correct,left_click,1
sub-022,run-01,3,14,1,1,1,0,1,1,0,9,show_cross|show_letter|show_letter|show_letter|show_letter|show_letter|show_letter|show_letter|show_letter|show_dash|show_letter|right_click|sound_beep|right_click,correct,right_click,1
sub-022,run-01,4,14,1,1,1,1,1,1,0,9,show_cross|show_letter|show_letter|show_letter|show_letter|show_letter|show_letter|show_letter|show_letter|show_dash|show_letter|left_click|sound_beep|right_click,correct,right_click,1
sub-022,run-01,5,14,1,1,1,1,0,1,0,9,show_cross|show_letter|show_letter|show_letter|show_letter|show_letter|show_letter|show_letter|show_letter|show_dash|show_letter|left_click|sound_beep|left_click,correct,left_click,1
sub-022,run-01,6,14,1,1,1,1,0,1,0,9,show_cross|show_letter|show_letter|show_letter|show_letter|show_letter|show_letter|show_letter|show_letter|show_dash|show_letter|left_click|sound_beep|left_click,correct,left_click,1
sub-022,run-01,7,14,1,1,1,0,1,1,0,9,show_cross|show_letter|show_letter|show_letter|show_letter|show_letter|show_letter|show_letter|show_letter|show_dash|show_letter|right_click|sound_beep|right_click,correct,right_click,1
sub-022,run-01,8,14,1,1,1,1,1,1,0,9,show_cross|show_letter|show_letter|show_letter|show_letter|show_letter|show_letter|show_letter|show_letter|show_dash|show_letter|left_click|sound_beep|right_click,correct,right_click,1
sub-022,run-01,9,14,1,1,1,0,1,1,0,9,show_cross|show_letter|show_letter|show_letter|show_letter|show_letter|show_letter|show_letter|show_letter|show_dash|show_letter|right_click|sound_beep|right_click,correct,right_click,1
sub-022,run-01,10,14,1,1,1,0,1,1,0,9,show_cross|show_letter|show_letter|show_letter|show_letter|show_letter|show_letter|show_letter|show_letter|show_dash|show_letter|right_click|sound_beep|right_click,correct,right_click,1
sub-022,run-01,11,14,1,1,1,0,1,1,0,9,show_cross|show_letter|show_letter|show_letter|show_letter|show_letter|show_letter|show_letter|show_letter|show_dash|show_letter|right_click|sound_beep|right_click,correct,right_click,1
sub-022,run-01,12,14,1,1,1,0,1,1,0,9,show_cross|show_letter|show_letter|show_letter|show_letter|show_letter|show_letter|show_letter|show_letter|show_dash|show_letter|right_click|sound_beep|right_click,correct,right_click,1
sub-022,run-01,13,14,1,1,1,0,1,1,0,9,show_cross|show_letter|show_letter|show_letter|show_letter|show_letter|show_letter|show_letter|show_letter|show_dash|show_letter|right_click|sound_beep|right_click,correct,right_click,1
sub-022,run-01,14,14,1,1,1,0,1,1,0,9,show_cross|show_letter|show_letter|show_letter|show_letter|show_letter|show_letter|show_letter|show_letter|show_dash|show_letter|right_click|sound_beep|right_click,correct,right_click,1
sub-022,run-01,15,14,1,1,1,0,1,1,0,9,show_cross|show_letter|show_letter|show_letter|show_letter|show_letter|show_letter|show_letter|show_letter|show_dash|show_letter|right_click|sound_beep|right_click,correct,right_click,1
sub-022,run-01,16,14,1,1,1,1,0,1,0,9,show_cross|show_letter|show_letter|show_letter|show_letter|show_letter|show_letter|show_letter|show_letter|show_dash|show_letter|left_click|sound_beep|left_click,correct,left_click,1
sub-022,run-01,17,14,1,1,1,1,0,1,0,9,show_cross|show_letter|show_letter|show_letter|show_letter|show_letter|show_letter|show_letter|show_letter|show_dash|show_letter|left_click|sound_beep|left_click,correct,left_click,1
sub-022,run-01,18,14,1,1,1,1,0,0,1,9,show_cross|show_letter|show_letter|show_letter|show_letter|show_letter|show_letter|show_letter|show_letter|show_dash|show_letter|left_click|sound_buzz|left_click,incorrect,left_click,1
sub-022,run-01,19,14,1,1,1,1,1,0,1,9,show_cross|show_letter|show_letter|show_letter|show_letter|show_letter|show_letter|show_letter|show_letter|show_dash|show_letter|left_click|sound_buzz|right_click,incorrect,right_click,1
sub-022,run-01,20,14,1,1,1,1,1,1,0,9,show_cross|show_letter|show_letter|show_letter|show_letter|show_letter|show_letter|show_letter|show_letter|show_dash|show_letter|left_click|sound_beep|right_click,correct,right_click,1
sub-022,run-01,21,14,1,1,1,1,1,1,0,9,show_cross|show_letter|show_letter|show_letter|show_letter|show_letter|show_letter|show_letter|show_letter|show_dash|show_letter|left_click|sound_beep|right_click,correct,right_click,1
sub-022,run-01,22,13,1,1,1,0,1,1,0,9,show_cross|show_letter|show_letter|show_letter|show_letter|show_letter|show_letter|show_letter|show_letter|show_dash|show_letter|right_click|sound_beep,correct,right_click,1
sub-022,run-02,1,14,1,1,1,1,1,1,0,9,show_cross|show_letter|show_letter|show_letter|show_letter|show_letter|show_letter|show_letter|show_letter|show_dash|show_letter|left_click|sound_beep|right_click,correct,right_click,1
sub-022,run-02,2,14,1,1,1,1,1,1,0,9,show_cross|show_letter|show_letter|show_letter|show_letter|show_letter|show_letter|show_letter|show_letter|show_dash|show_letter|left_click|sound_beep|right_click,correct,right_click,1
sub-022,run-02,3,14,1,1,1,1,1,1,0,9,show_cross|show_letter|show_letter|show_letter|show_letter|show_letter|show_letter|show_letter|show_letter|show_dash|show_letter|left_click|sound_beep|right_click,correct,right_click,1
sub-022,run-02,4,14,1,1,1,0,1,1,0,9,show_cross|show_letter|show_letter|show_letter|show_letter|show_letter|show_letter|show_letter|show_letter|show_dash|show_letter|right_click|sound_beep|right_click,correct,right_click,1
sub-022,run-02,5,14,1,1,1,0,1,1,0,9,show_cross|show_letter|show_letter|show_letter|show_letter|show_letter|show_letter|show_letter|show_letter|show_dash|show_letter|right_click|sound_beep|right_click,correct,right_click,1
sub-022,run-02,6,14,1,1,1,0,1,1,0,9,show_cross|show_letter|show_letter|show_letter|show_letter|show_letter|show_letter|show_letter|show_letter|show_dash|show_letter|right_click|sound_beep|right_click,correct,right_click,1
sub-022,run-02,7,14,1,1,1,1,1,1,0,9,show_cross|show_letter|show_letter|show_letter|show_letter|show_letter|show_letter|show_letter|show_letter|show_dash|show_letter|left_click|sound_beep|right_click,correct,right_click,1
sub-022,run-02,8,14,1,1,1,1,1,1,0,9,show_cross|show_letter|show_letter|show_letter|show_letter|show_letter|show_letter|show_letter|show_letter|show_dash|show_letter|left_click|sound_beep|right_click,correct,right_click,1
sub-022,run-02,9,14,1,1,1,0,1,1,0,9,show_cross|show_letter|show_letter|show_letter|show_letter|show_letter|show_letter|show_letter|show_letter|show_dash|show_letter|right_click|sound_beep|right_click,correct,right_click,1
sub-022,run-02,10,14,1,1,1,1,1,1,0,9,show_cross|show_letter|show_letter|show_letter|show_letter|show_letter|show_letter|show_letter|show_letter|show_dash|show_letter|left_click|sound_beep|right_click,correct,right_click,1
sub-022,run-02,11,14,1,1,1,0,1,1,0,9,show_cross|show_letter|show_letter|show_letter|show_letter|show_letter|show_letter|show_letter|show_letter|show_dash|show_letter|right_click|sound_beep|right_click,correct,right_click,1
sub-022,run-02,12,14,1,1,1,0,1,1,0,9,show_cross|show_letter|show_letter|show_letter|show_letter|show_letter|show_letter|show_letter|show_letter|show_dash|show_letter|right_click|sound_beep|right_click,correct,right_click,1
sub-022,run-02,13,14,1,1,1,0,1,1,0,9,show_cross|show_letter|show_letter|show_letter|show_letter|show_letter|show_letter|show_letter|show_letter|show_dash|show_letter|right_click|sound_beep|right_click,correct,right_click,1
sub-022,run-02,14,13,1,1,1,0,1,1,0,9,show_cross|show_letter|show_letter|show_letter|show_letter|show_letter|show_letter|show_letter|show_letter|show_dash|show_letter|right_click|sound_beep,correct,right_click,1
sub-022,run-03,1,14,1,1,1,0,1,1,0,9,show_cross|show_letter|show_letter|show_letter|show_letter|show_letter|show_letter|show_letter|show_letter|show_dash|show_letter|right_click|sound_beep|right_click,correct,right_click,1
sub-022,run-03,2,14,1,1,1,0,1,1,0,9,show_cross|show_letter|show_letter|show_letter|show_letter|show_letter|show_letter|show_letter|show_letter|show_dash|show_letter|right_click|sound_beep|right_click,correct,right_click,1
sub-022,run-03,3,14,1,1,1,1,1,1,0,9,show_cross|show_letter|show_letter|show_letter|show_letter|show_letter|show_letter|show_letter|show_letter|show_dash|show_letter|left_click|sound_beep|right_click,correct,right_click,1
sub-022,run-03,4,14,1,1,1,1,1,0,1,9,show_cross|show_letter|show_letter|show_letter|show_letter|show_letter|show_letter|show_letter|show_letter|show_dash|show_letter|left_click|sound_buzz|right_click,incorrect,right_click,1
sub-022,run-03,5,14,1,1,1,1,1,1,0,9,show_cross|show_letter|show_letter|show_letter|show_letter|show_letter|show_letter|show_letter|show_letter|show_dash|show_letter|left_click|sound_beep|right_click,correct,right_click,1
sub-022,run-03,6,14,1,1,1,1,1,1,0,9,show_cross|show_letter|show_letter|show_letter|show_letter|show_letter|show_letter|show_letter|show_letter|show_dash|show_letter|right_click|sound_beep|left_click,correct,right_click,1
sub-022,run-03,7,14,1,1,1,1,1,1,0,9,show_cross|show_letter|show_letter|show_letter|show_letter|show_letter|show_letter|show_letter|show_letter|show_dash|show_letter|left_click|sound_beep|right_click,correct,right_click,1
sub-022,run-03,8,14,1,1,1,0,1,1,0,9,show_cross|show_letter|show_letter|show_letter|show_letter|show_letter|show_letter|show_letter|show_letter|show_dash|show_letter|right_click|sound_beep|right_click,correct,right_click,1
sub-022,run-03,9,14,1,1,1,0,1,1,0,9,show_cross|show_letter|show_letter|show_letter|show_letter|show_letter|show_letter|show_letter|show_letter|show_dash|show_letter|right_click|sound_beep|right_click,correct,right_click,1
sub-022,run-03,10,14,1,1,1,0,1,1,0,9,show_cross|show_letter|show_letter|show_letter|show_letter|show_letter|show_letter|show_letter|show_letter|show_dash|show_letter|right_click|sound_beep|right_click,correct,right_click,1
sub-022,run-03,11,14,1,1,1,1,1,1,0,9,show_cross|show_letter|show_letter|show_letter|show_letter|show_letter|show_letter|show_letter|show_letter|show_dash|show_letter|left_click|sound_beep|right_click,correct,right_click,1
sub-022,run-03,12,14,1,1,1,1,1,1,0,9,show_cross|show_letter|show_letter|show_letter|show_letter|show_letter|show_letter|show_letter|show_letter|show_dash|show_letter|left_click|sound_beep|right_click,correct,right_click,1
sub-022,run-03,13,14,1,1,1,0,1,1,0,9,show_cross|show_letter|show_letter|show_letter|show_letter|show_letter|show_letter|show_letter|show_letter|show_dash|show_letter|right_click|sound_beep|right_click,correct,right_click,1
sub-022,run-03,14,14,1,1,1,0,1,1,0,9,show_cross|show_letter|show_letter|show_letter|show_letter|show_letter|show_letter|show_letter|show_letter|show_dash|show_letter|right_click|sound_beep|right_click,correct,right_click,1
sub-022,run-03,15,14,1,1,1,0,1,1,0,9,show_cross|show_letter|show_letter|show_letter|show_letter|show_letter|show_letter|show_letter|show_letter|show_dash|show_letter|right_click|sound_beep|right_click,correct,right_click,1
sub-022,run-03,16,14,1,1,1,0,1,1,0,9,show_cross|show_letter|show_letter|show_letter|show_letter|show_letter|show_letter|show_letter|show_letter|show_dash|show_letter|right_click|sound_beep|right_click,correct,right_click,1
sub-022,run-03,17,14,1,1,1,1,1,1,0,9,show_cross|show_letter|show_letter|show_letter|show_letter|show_letter|show_letter|show_letter|show_letter|show_dash|show_letter|left_click|sound_beep|right_click,correct,right_click,1
sub-022,run-03,18,14,1,1,1,1,1,0,1,9,show_cross|show_letter|show_letter|show_letter|show_letter|show_letter|show_letter|show_letter|show_letter|show_dash|show_letter|left_click|sound_buzz|right_click,incorrect,right_click,1
sub-022,run-03,19,14,1,1,1,0,1,1,0,9,show_cross|show_letter|show_letter|show_letter|show_letter|show_letter|show_letter|show_letter|show_letter|show_dash|show_letter|right_click|sound_beep|right_click,correct,right_click,1
sub-022,run-03,20,14,1,1,1,1,1,1,0,9,show_cross|show_letter|show_letter|show_letter|show_letter|show_letter|show_letter|show_letter|show_letter|show_dash|show_letter|left_click|sound_beep|right_click,correct,right_click,1
sub-022,run-03,21,14,1,1,1,1,1,1,0,9,show_cross|show_letter|show_letter|show_letter|show_letter|show_letter|show_letter|show_letter|show_letter|show_dash|show_letter|left_click|sound_beep|right_click,correct,right_click,1
sub-022,run-03,22,14,1,1,1,0,1,1,0,9,show_cross|show_letter|show_letter|show_letter|show_letter|show_letter|show_letter|show_letter|show_letter|show_dash|show_letter|right_click|sound_beep|right_click,correct,right_click,1
sub-022,run-03,23,14,1,1,1,1,1,1,0,9,show_cross|show_letter|show_letter|show_letter|show_letter|show_letter|show_letter|show_letter|show_letter|show_dash|show_letter|left_click|sound_beep|right_click,correct,right_click,1
sub-022,run-03,24,14,1,1,1,1,1,1,0,9,show_cross|show_letter|show_letter|show_letter|show_letter|show_letter|show_letter|show_letter|show_letter|show_dash|show_letter|left_click|sound_beep|right_click,correct,right_click,1
sub-022,run-03,25,14,1,1,1,0,1,1,0,9,show_cross|show_letter|show_letter|show_letter|show_letter|show_letter|show_letter|show_letter|show_letter|show_dash|show_letter|right_click|sound_beep|right_click,correct,right_click,1
sub-022,run-04,1,14,1,1,1,1,1,1,0,9,show_cross|show_letter|show_letter|show_letter|show_letter|show_letter|show_letter|show_letter|show_letter|show_dash|show_letter|left_click|sound_beep|right_click,correct,right_click,1
sub-022,run-04,2,14,1,1,1,1,0,1,0,9,show_cross|show_letter|show_letter|show_letter|show_letter|show_letter|show_letter|show_letter|show_letter|show_dash|show_letter|left_click|sound_beep|left_click,correct,left_click,1
sub-022,run-04,3,14,1,1,1,0,1,1,0,9,show_cross|show_letter|show_letter|show_letter|show_letter|show_letter|show_letter|show_letter|show_letter|show_dash|show_letter|right_click|sound_beep|right_click,correct,right_click,1
sub-022,run-04,4,14,1,1,1,0,1,1,0,9,show_cross|show_letter|show_letter|show_letter|show_letter|show_letter|show_letter|show_letter|show_letter|show_dash|show_letter|right_click|sound_beep|right_click,correct,right_click,1
sub-022,run-04,5,14,1,1,1,0,1,1,0,9,show_cross|show_letter|show_letter|show_letter|show_letter|show_letter|show_letter|show_letter|show_letter|show_dash|show_letter|right_click|sound_beep|right_click,correct,right_click,1
sub-022,run-04,6,14,1,1,1,0,1,1,0,9,show_cross|show_letter|show_letter|show_letter|show_letter|show_letter|show_letter|show_letter|show_letter|show_dash|show_letter|right_click|sound_beep|right_click,correct,right_click,1
sub-022,run-04,7,14,1,1,1,1,1,1,0,9,show_cross|show_letter|show_letter|show_letter|show_letter|show_letter|show_letter|show_letter|show_letter|show_dash|show_letter|left_click|sound_beep|right_click,correct,right_click,1
sub-022,run-04,8,14,1,1,1,0,1,1,0,9,show_cross|show_letter|show_letter|show_letter|show_letter|show_letter|show_letter|show_letter|show_letter|show_dash|show_letter|right_click|sound_beep|right_click,correct,right_click,1
sub-022,run-04,9,14,1,1,1,1,0,1,0,9,show_cross|show_letter|show_letter|show_letter|show_letter|show_letter|show_letter|show_letter|show_letter|show_dash|show_letter|left_click|sound_beep|left_click,correct,left_click,1
sub-022,run-04,10,14,1,1,1,1,1,1,0,9,show_cross|show_letter|show_letter|show_letter|show_letter|show_letter|show_letter|show_letter|show_letter|show_dash|show_letter|left_click|sound_beep|right_click,correct,right_click,1
sub-022,run-04,11,14,1,1,1,0,1,1,0,9,show_cross|show_letter|show_letter|show_letter|show_letter|show_letter|show_letter|show_letter|show_letter|show_dash|show_letter|right_click|sound_beep|right_click,correct,right_click,1
sub-022,run-04,12,14,1,1,1,1,1,1,0,9,show_cross|show_letter|show_letter|show_letter|show_letter|show_letter|show_letter|show_letter|show_letter|show_dash|show_letter|left_click|sound_beep|right_click,correct,right_click,1
sub-022,run-04,13,14,1,1,1,0,1,1,0,9,show_cross|show_letter|show_letter|show_letter|show_letter|show_letter|show_letter|show_letter|show_letter|show_dash|show_letter|right_click|sound_beep|right_click,correct,right_click,1
sub-022,run-04,14,14,1,1,1,1,0,1,0,9,show_cross|show_letter|show_letter|show_letter|show_letter|show_letter|show_letter|show_letter|show_letter|show_dash|show_letter|left_click|sound_beep|left_click,correct,left_click,1
sub-022,run-04,15,14,1,1,1,0,1,1,0,9,show_cross|show_letter|show_letter|show_letter|show_letter|show_letter|show_letter|show_letter|show_letter|show_dash|show_letter|right_click|sound_beep|right_click,correct,right_click,1
sub-022,run-04,16,14,1,1,1,1,1,1,0,9,show_cross|show_letter|show_letter|show_letter|show_letter|show_letter|show_letter|show_letter|show_letter|show_dash|show_letter|left_click|sound_beep|right_click,correct,right_click,1
sub-022,run-04,17,14,1,1,1,1,0,1,0,9,show_cross|show_letter|show_letter|show_letter|show_letter|show_letter|show_letter|show_letter|show_letter|show_dash|show_letter|left_click|sound_beep|left_click,correct,left_click,1
sub-022,run-04,18,14,1,1,1,1,0,1,0,9,show_cross|show_letter|show_letter|show_letter|show_letter|show_letter|show_letter|show_letter|show_letter|show_dash|show_letter|left_click|sound_beep|left_click,correct,left_click,1
sub-022,run-04,19,14,1,1,1,1,0,1,0,9,show_cross|show_letter|show_letter|show_letter|show_letter|show_letter|show_letter|show_letter|show_letter|show_dash|show_letter|left_click|sound_beep|left_click,correct,left_click,1
sub-022,run-04,20,14,1,1,1,1,1,0,1,9,show_cross|show_letter|show_letter|show_letter|show_letter|show_letter|show_letter|show_letter|show_letter|show_dash|show_letter|left_click|sound_buzz|right_click,incorrect,right_click,1
sub-022,run-04,21,14,1,1,1,0,1,1,0,9,show_cross|show_letter|show_letter|show_letter|show_letter|show_letter|show_letter|show_letter|show_letter|show_dash|show_letter|right_click|sound_beep|right_click,correct,right_click,1
sub-022,run-04,22,14,1,1,1,1,1,1,0,9,show_cross|show_letter|show_letter|show_letter|show_letter|show_letter|show_letter|show_letter|show_letter|show_dash|show_letter|left_click|sound_beep|right_click,correct,right_click,1
sub-022,run-04,23,14,1,1,1,1,1,1,0,9,show_cross|show_letter|show_letter|show_letter|show_letter|show_letter|show_letter|show_letter|show_letter|show_dash|show_letter|left_click|sound_beep|right_click,correct,right_click,1
sub-022,run-04,24,14,1,1,1,1,1,1,0,9,show_cross|show_letter|show_letter|show_letter|show_letter|show_letter|show_letter|show_letter|show_letter|show_dash|show_letter|left_click|sound_beep|right_click,correct,right_click,1
sub-022,run-04,25,14,1,1,1,1,0,1,0,9,show_cross|show_letter|show_letter|show_letter|show_letter|show_letter|show_letter|show_letter|show_letter|show_dash|show_letter|left_click|sound_beep|left_click,correct,left_click,1
sub-022,run-05,1,14,1,1,1,1,0,1,0,9,show_cross|show_letter|show_letter|show_letter|show_letter|show_letter|show_letter|show_letter|show_letter|show_dash|show_letter|left_click|sound_beep|left_click,correct,left_click,1
sub-022,run-05,2,14,1,1,1,1,1,1,0,9,show_cross|show_letter|show_letter|show_letter|show_letter|show_letter|show_letter|show_letter|show_letter|show_dash|show_letter|left_click|sound_beep|right_click,correct,right_click,1
sub-022,run-05,3,14,1,1,1,1,0,1,0,9,show_cross|show_letter|show_letter|show_letter|show_letter|show_letter|show_letter|show_letter|show_letter|show_dash|show_letter|left_click|sound_beep|left_click,correct,left_click,1
sub-022,run-05,4,14,1,1,1,1,1,1,0,9,show_cross|show_letter|show_letter|show_letter|show_letter|show_letter|show_letter|show_letter|show_letter|show_dash|show_letter|right_click|sound_beep|left_click,correct,right_click,1
sub-022,run-05,5,14,1,1,1,1,1,1,0,9,show_cross|show_letter|show_letter|show_letter|show_letter|show_letter|show_letter|show_letter|show_letter|show_dash|show_letter|left_click|sound_beep|right_click,correct,right_click,1
sub-022,run-05,6,14,1,1,1,0,1,1,0,9,show_cross|show_letter|show_letter|show_letter|show_letter|show_letter|show_letter|show_letter|show_letter|show_dash|show_letter|right_click|sound_beep|right_click,correct,right_click,1
sub-022,run-05,7,14,1,1,1,0,1,1,0,9,show_cross|show_letter|show_letter|show_letter|show_letter|show_letter|show_letter|show_letter|show_letter|show_dash|show_letter|right_click|sound_beep|right_click,correct,right_click,1
sub-022,run-05,8,14,1,1,1,0,1,1,0,9,show_cross|show_letter|show_letter|show_letter|show_letter|show_letter|show_letter|show_letter|show_letter|show_dash|show_letter|right_click|sound_beep|right_click,correct,right_click,1
sub-022,run-05,9,14,1,1,1,0,1,1,0,9,show_cross|show_letter|show_letter|show_letter|show_letter|show_letter|show_letter|show_letter|show_letter|show_dash|show_letter|right_click|sound_beep|right_click,correct,right_click,1
sub-022,run-05,10,14,1,1,1,1,0,1,0,9,show_cross|show_letter|show_letter|show_letter|show_letter|show_letter|show_letter|show_letter|show_letter|show_dash|show_letter|left_click|sound_beep|left_click,correct,left_click,1
sub-022,run-05,11,14,1,1,1,0,1,1,0,9,show_cross|show_letter|show_letter|show_letter|show_letter|show_letter|show_letter|show_letter|show_letter|show_dash|show_letter|right_click|sound_beep|right_click,correct,right_click,1
sub-022,run-05,12,14,1,1,1,0,1,1,0,9,show_cross|show_letter|show_letter|show_letter|show_letter|show_letter|show_letter|show_letter|show_letter|show_dash|show_letter|right_click|sound_beep|right_click,correct,right_click,1
sub-022,run-05,13,14,1,1,1,1,0,1,0,9,show_cross|show_letter|show_letter|show_letter|show_letter|show_letter|show_letter|show_letter|show_letter|show_dash|show_letter|left_click|sound_beep|left_click,correct,left_click,1
sub-022,run-05,14,14,1,1,1,0,1,1,0,9,show_cross|show_letter|show_letter|show_letter|show_letter|show_letter|show_letter|show_letter|show_letter|show_dash|show_letter|right_click|sound_beep|right_click,correct,right_click,1
sub-022,run-05,15,14,1,1,1,0,1,1,0,9,show_cross|show_letter|show_letter|show_letter|show_letter|show_letter|show_letter|show_letter|show_letter|show_dash|show_letter|right_click|sound_beep|right_click,correct,right_click,1
sub-022,run-05,16,14,1,1,1,0,1,1,0,9,show_cross|show_letter|show_letter|show_letter|show_letter|show_letter|show_letter|show_letter|show_letter|show_dash|show_letter|right_click|sound_beep|right_click,correct,right_click,1
sub-022,run-05,17,14,1,1,1,1,0,1,0,9,show_cross|show_letter|show_letter|show_letter|show_letter|show_letter|show_letter|show_letter|show_letter|show_dash|show_letter|left_click|sound_beep|left_click,correct,left_click,1
sub-022,run-05,18,14,1,1,1,0,1,0,1,9,show_cross|show_letter|show_letter|show_letter|show_letter|show_letter|show_letter|show_letter|show_letter|show_dash|show_letter|right_click|sound_buzz|right_click,incorrect,right_click,1
sub-022,run-05,19,14,1,1,1,0,1,1,0,9,show_cross|show_letter|show_letter|show_letter|show_letter|show_letter|show_letter|show_letter|show_letter|show_dash|show_letter|right_click|sound_beep|right_click,correct,right_click,1
sub-022,run-05,20,14,1,1,1,1,1,1,0,9,show_cross|show_letter|show_letter|show_letter|show_letter|show_letter|show_letter|show_letter|show_letter|show_dash|show_letter|left_click|sound_beep|right_click,correct,right_click,1
sub-022,run-05,21,14,1,1,1,0,1,1,0,9,show_cross|show_letter|show_letter|show_letter|show_letter|show_letter|show_letter|show_letter|show_letter|show_dash|show_letter|right_click|sound_beep|right_click,correct,right_click,1
sub-022,run-05,22,14,1,1,1,1,1,1,0,9,show_cross|show_letter|show_letter|show_letter|show_letter|show_letter|show_letter|show_letter|show_letter|show_dash|show_letter|left_click|sound_beep|right_click,correct,right_click,1
sub-022,run-05,23,14,1,1,1,0,1,1,0,9,show_cross|show_letter|show_letter|show_letter|show_letter|show_letter|show_letter|show_letter|show_letter|show_dash|show_letter|right_click|sound_beep|right_click,correct,right_click,1
sub-022,run-05,24,14,1,1,1,0,1,1,0,9,show_cross|show_letter|show_letter|show_letter|show_letter|show_letter|show_letter|show_letter|show_letter|show_dash|show_letter|right_click|sound_beep|right_click,correct,right_click,1
sub-022,run-05,25,14,1,1,1,0,1,1,0,9,show_cross|show_letter|show_letter|show_letter|show_letter|show_letter|show_letter|show_letter|show_letter|show_dash|show_letter|right_click|sound_beep|right_click,correct,right_click,1
sub-022,run-06,1,14,1,1,1,1,0,1,0,9,show_cross|show_letter|show_letter|show_letter|show_letter|show_letter|show_letter|show_letter|show_letter|show_dash|show_letter|left_click|sound_beep|left_click,correct,left_click,1
sub-022,run-06,2,14,1,1,1,1,0,1,0,9,show_cross|show_letter|show_letter|show_letter|show_letter|show_letter|show_letter|show_letter|show_letter|show_dash|show_letter|left_click|sound_beep|left_click,correct,left_click,1
sub-022,run-06,3,14,1,1,1,1,0,1,0,9,show_cross|show_letter|show_letter|show_letter|show_letter|show_letter|show_letter|show_letter|show_letter|show_dash|show_letter|left_click|sound_beep|left_click,correct,left_click,1
sub-022,run-06,4,14,1,1,1,1,0,1,0,9,show_cross|show_letter|show_letter|show_letter|show_letter|show_letter|show_letter|show_letter|show_letter|show_dash|show_letter|left_click|sound_beep|left_click,correct,left_click,1
sub-022,run-06,5,14,1,1,1,1,1,0,1,9,show_cross|show_letter|show_letter|show_letter|show_letter|show_letter|show_letter|show_letter|show_letter|show_dash|show_letter|left_click|sound_buzz|right_click,incorrect,right_click,1
sub-022,run-06,6,4,1,0,0,1,1,0,1,0,show_cross|right_click|sound_buzz|left_click,incorrect,right_click,0
sub-022,run-06,7,14,1,1,1,1,0,1,0,9,show_cross|show_letter|show_letter|show_letter|show_letter|show_letter|show_letter|show_letter|show_letter|show_dash|show_letter|left_click|sound_beep|left_click,correct,left_click,1
sub-022,run-06,8,14,1,1,1,0,1,1,0,9,show_cross|show_letter|show_letter|show_letter|show_letter|show_letter|show_letter|show_letter|show_letter|show_dash|show_letter|right_click|sound_beep|right_click,correct,right_click,1
sub-022,run-06,9,14,1,1,1,0,1,1,0,9,show_cross|show_letter|show_letter|show_letter|show_letter|show_letter|show_letter|show_letter|show_letter|show_dash|show_letter|right_click|sound_beep|right_click,correct,right_click,1
sub-022,run-06,10,14,1,1,1,0,1,1,0,9,show_cross|show_letter|show_letter|show_letter|show_letter|show_letter|show_letter|show_letter|show_letter|show_dash|show_letter|right_click|sound_beep|right_click,correct,right_click,1
sub-022,run-06,11,14,1,1,1,1,0,1,0,9,show_cross|show_letter|show_letter|show_letter|show_letter|show_letter|show_letter|show_letter|show_letter|show_dash|show_letter|left_click|sound_beep|left_click,correct,left_click,1
sub-022,run-06,12,14,1,1,1,0,1,1,0,9,show_cross|show_letter|show_letter|show_letter|show_letter|show_letter|show_letter|show_letter|show_letter|show_dash|show_letter|right_click|sound_beep|right_click,correct,right_click,1
sub-022,run-06,13,14,1,1,1,0,1,1,0,9,show_cross|show_letter|show_letter|show_letter|show_letter|show_letter|show_letter|show_letter|show_letter|show_dash|show_letter|right_click|sound_beep|right_click,correct,right_click,1
sub-022,run-06,14,14,1,1,1,0,1,1,0,9,show_cross|show_letter|show_letter|show_letter|show_letter|show_letter|show_letter|show_letter|show_letter|show_dash|show_letter|right_click|sound_beep|right_click,correct,right_click,1
sub-022,run-06,15,14,1,1,1,0,1,1,0,9,show_cross|show_letter|show_letter|show_letter|show_letter|show_letter|show_letter|show_letter|show_letter|show_dash|show_letter|right_click|sound_beep|right_click,correct,right_click,1
sub-022,run-06,16,14,1,1,1,0,1,1,0,9,show_cross|show_letter|show_letter|show_letter|show_letter|show_letter|show_letter|show_letter|show_letter|show_dash|show_letter|right_click|sound_beep|right_click,correct,right_click,1
sub-022,run-06,17,14,1,1,1,1,1,1,0,9,show_cross|show_letter|show_letter|show_letter|show_letter|show_letter|show_letter|show_letter|show_letter|show_dash|show_letter|left_click|sound_beep|right_click,correct,right_click,1
sub-022,run-06,18,14,1,1,1,0,1,1,0,9,show_cross|show_letter|show_letter|show_letter|show_letter|show_letter|show_letter|show_letter|show_letter|show_dash|show_letter|right_click|sound_beep|right_click,correct,right_click,1
sub-022,run-06,19,14,1,1,1,1,1,1,0,9,show_cross|show_letter|show_letter|show_letter|show_letter|show_letter|show_letter|show_letter|show_letter|show_dash|show_letter|left_click|sound_beep|right_click,correct,right_click,1
sub-022,run-06,20,14,1,1,1,1,1,1,0,9,show_cross|show_letter|show_letter|show_letter|show_letter|show_letter|show_letter|show_letter|show_letter|show_dash|show_letter|left_click|sound_beep|right_click,correct,right_click,1
sub-022,run-06,21,14,1,1,1,1,0,1,0,9,show_cross|show_letter|show_letter|show_letter|show_letter|show_letter|show_letter|show_letter|show_letter|show_dash|show_letter|left_click|sound_beep|left_click,correct,left_click,1
sub-022,run-06,22,14,1,1,1,0,1,1,0,9,show_cross|show_letter|show_letter|show_letter|show_letter|show_letter|show_letter|show_letter|show_letter|show_dash|show_letter|right_click|sound_beep|right_click,correct,right_click,1
sub-022,run-06,23,14,1,1,1,0,1,1,0,9,show_cross|show_letter|show_letter|show_letter|show_letter|show_letter|show_letter|show_letter|show_letter|show_dash|show_letter|right_click|sound_beep|right_click,correct,right_click,1
sub-022,run-06,24,14,1,1,1,0,1,1,0,9,show_cross|show_letter|show_letter|show_letter|show_letter|show_letter|show_letter|show_letter|show_letter|show_dash|show_letter|right_click|sound_beep|right_click,correct,right_click,1
sub-022,run-06,25,14,1,1,1,0,1,1,0,9,show_cross|show_letter|show_letter|show_letter|show_letter|show_letter|show_letter|show_letter|show_letter|show_dash|show_letter|right_click|sound_beep|right_click,correct,right_click,1
sub-023,run-01,1,14,1,1,1,1,1,1,0,9,show_cross|show_letter|show_letter|show_letter|show_letter|show_letter|show_letter|show_letter|show_letter|show_dash|show_letter|left_click|sound_beep|right_click,correct,right_click,1
sub-023,run-01,2,14,1,1,1,0,1,0,1,9,show_cross|show_letter|show_letter|show_letter|show_letter|show_letter|show_letter|show_letter|show_letter|show_dash|show_letter|right_click|sound_buzz|right_click,incorrect,right_click,1
sub-023,run-01,3,14,1,1,1,0,1,1,0,9,show_cross|show_letter|show_letter|show_letter|show_letter|show_letter|show_letter|show_letter|show_letter|show_dash|show_letter|right_click|sound_beep|right_click,correct,right_click,1
sub-023,run-01,4,14,1,1,1,0,1,1,0,9,show_cross|show_letter|show_letter|show_letter|show_letter|show_letter|show_letter|show_letter|show_letter|show_dash|show_letter|right_click|sound_beep|right_click,correct,right_click,1
sub-023,run-01,5,14,1,1,1,0,1,1,0,9,show_cross|show_letter|show_letter|show_letter|show_letter|show_letter|show_letter|show_letter|show_letter|show_dash|show_letter|right_click|sound_beep|right_click,correct,right_click,1
sub-023,run-01,6,14,1,1,1,0,1,1,0,9,show_cross|show_letter|show_letter|show_letter|show_letter|show_letter|show_letter|show_letter|show_letter|show_dash|show_letter|right_click|sound_beep|right_click,correct,right_click,1
sub-023,run-01,7,14,1,1,1,0,1,1,0,9,show_cross|show_letter|show_letter|show_letter|show_letter|show_letter|show_letter|show_letter|show_letter|show_dash|show_letter|right_click|sound_beep|right_click,correct,right_click,1
sub-023,run-01,8,14,1,1,1,1,1,1,0,9,show_cross|show_letter|show_letter|show_letter|show_letter|show_letter|show_letter|show_letter|show_letter|show_dash|show_letter|left_click|sound_beep|right_click,correct,right_click,1
sub-023,run-01,9,14,1,1,1,0,1,1,0,9,show_cross|show_letter|show_letter|show_letter|show_letter|show_letter|show_letter|show_letter|show_letter|show_dash|show_letter|right_click|sound_beep|right_click,correct,right_click,1
sub-023,run-01,10,14,1,1,1,1,1,1,0,9,show_cross|show_letter|show_letter|show_letter|show_letter|show_letter|show_letter|show_letter|show_letter|show_dash|show_letter|left_click|sound_beep|right_click,correct,right_click,1
sub-023,run-01,11,14,1,1,1,1,1,1,0,9,show_cross|show_letter|show_letter|show_letter|show_letter|show_letter|show_letter|show_letter|show_letter|show_dash|show_letter|left_click|sound_beep|right_click,correct,right_click,1
sub-023,run-01,12,14,1,1,1,0,1,1,0,9,show_cross|show_letter|show_letter|show_letter|show_letter|show_letter|show_letter|show_letter|show_letter|show_dash|show_letter|right_click|sound_beep|right_click,correct,right_click,1
sub-023,run-01,13,14,1,1,1,0,1,1,0,9,show_cross|show_letter|show_letter|show_letter|show_letter|show_letter|show_letter|show_letter|show_letter|show_dash|show_letter|right_click|sound_beep|right_click,correct,right_click,1
sub-023,run-01,14,14,1,1,1,0,1,1,0,9,show_cross|show_letter|show_letter|show_letter|show_letter|show_letter|show_letter|show_letter|show_letter|show_dash|show_letter|right_click|sound_beep|right_click,correct,right_click,1
sub-023,run-01,15,14,1,1,1,0,1,1,0,9,show_cross|show_letter|show_letter|show_letter|show_letter|show_letter|show_letter|show_letter|show_letter|show_dash|show_letter|right_click|sound_beep|right_click,correct,right_click,1
sub-023,run-01,16,14,1,1,1,1,1,1,0,9,show_cross|show_letter|show_letter|show_letter|show_letter|show_letter|show_letter|show_letter|show_letter|show_dash|show_letter|left_click|sound_beep|right_click,correct,right_click,1
sub-023,run-01,17,14,1,1,1,0,1,0,1,9,show_cross|show_letter|show_letter|show_letter|show_letter|show_letter|show_letter|show_letter|show_letter|show_dash|show_letter|right_click|sound_buzz|right_click,incorrect,right_click,1
sub-023,run-01,18,14,1,1,1,0,1,1,0,9,show_cross|show_letter|show_letter|show_letter|show_letter|show_letter|show_letter|show_letter|show_letter|show_dash|show_letter|right_click|sound_beep|right_click,correct,right_click,1
sub-023,run-01,19,14,1,1,1,1,1,1,0,9,show_cross|show_letter|show_letter|show_letter|show_letter|show_letter|show_letter|show_letter|show_letter|show_dash|show_letter|left_click|sound_beep|right_click,correct,right_click,1
sub-023,run-01,20,14,1,1,1,0,1,1,0,9,show_cross|show_letter|show_letter|show_letter|show_letter|show_letter|show_letter|show_letter|show_letter|show_dash|show_letter|right_click|sound_beep|right_click,correct,right_click,1
sub-023,run-01,21,14,1,1,1,0,1,1,0,9,show_cross|show_letter|show_letter|show_letter|show_letter|show_letter|show_letter|show_letter|show_letter|show_dash|show_letter|right_click|sound_beep|right_click,correct,right_click,1
sub-023,run-01,22,14,1,1,1,0,1,1,0,9,show_cross|show_letter|show_letter|show_letter|show_letter|show_letter|show_letter|show_letter|show_letter|show_dash|show_letter|right_click|sound_beep|right_click,correct,right_click,1
sub-023,run-01,23,14,1,1,1,1,1,1,0,9,show_cross|show_letter|show_letter|show_letter|show_letter|show_letter|show_letter|show_letter|show_letter|show_dash|show_letter|left_click|sound_beep|right_click,correct,right_click,1
sub-023,run-01,24,14,1,1,1,1,1,1,0,9,show_cross|show_letter|show_letter|show_letter|show_letter|show_letter|show_letter|show_letter|show_letter|show_dash|show_letter|left_click|sound_beep|right_click,correct,right_click,1
sub-023,run-01,25,14,1,1,1,0,1,1,0,9,show_cross|show_letter|show_letter|show_letter|show_letter|show_letter|show_letter|show_letter|show_letter|show_dash|show_letter|right_click|sound_beep|right_click,correct,right_click,1
sub-023,run-02,1,14,1,1,1,0,1,1,0,9,show_cross|show_letter|show_letter|show_letter|show_letter|show_letter|show_letter|show_letter|show_letter|show_dash|show_letter|right_click|sound_beep|right_click,correct,right_click,1
sub-023,run-02,2,14,1,1,1,1,1,1,0,9,show_cross|show_letter|show_letter|show_letter|show_letter|show_letter|show_letter|show_letter|show_letter|show_dash|show_letter|left_click|sound_beep|right_click,correct,right_click,1
sub-023,run-02,3,14,1,1,1,0,1,1,0,9,show_cross|show_letter|show_letter|show_letter|show_letter|show_letter|show_letter|show_letter|show_letter|show_dash|show_letter|right_click|sound_beep|right_click,correct,right_click,1
sub-023,run-02,4,14,1,1,1,1,1,1,0,9,show_cross|show_letter|show_letter|show_letter|show_letter|show_letter|show_letter|show_letter|show_letter|show_dash|show_letter|left_click|sound_beep|right_click,correct,right_click,1
sub-023,run-02,5,14,1,1,1,0,1,1,0,9,show_cross|show_letter|show_letter|show_letter|show_letter|show_letter|show_letter|show_letter|show_letter|show_dash|show_letter|right_click|sound_beep|right_click,correct,right_click,1
sub-023,run-02,6,14,1,1,1,0,1,1,0,9,show_cross|show_letter|show_letter|show_letter|show_letter|show_letter|show_letter|show_letter|show_letter|show_dash|show_letter|right_click|sound_beep|right_click,correct,right_click,1
sub-023,run-02,7,14,1,1,1,0,1,1,0,9,show_cross|show_letter|show_letter|show_letter|show_letter|show_letter|show_letter|show_letter|show_letter|show_dash|show_letter|right_click|sound_beep|right_click,correct,right_click,1
sub-023,run-02,8,14,1,1,1,1,1,1,0,9,show_cross|show_letter|show_letter|show_letter|show_letter|show_letter|show_letter|show_letter|show_letter|show_dash|show_letter|left_click|sound_beep|right_click,correct,right_click,1
sub-023,run-02,9,14,1,1,1,0,1,1,0,9,show_cross|show_letter|show_letter|show_letter|show_letter|show_letter|show_letter|show_letter|show_letter|show_dash|show_letter|right_click|sound_beep|right_click,correct,right_click,1
sub-023,run-02,10,14,1,1,1,1,1,1,0,9,show_cross|show_letter|show_letter|show_letter|show_letter|show_letter|show_letter|show_letter|show_letter|show_dash|show_letter|left_click|sound_beep|right_click,correct,right_click,1
sub-023,run-02,11,14,1,1,1,1,1,1,0,9,show_cross|show_letter|show_letter|show_letter|show_letter|show_letter|show_letter|show_letter|show_letter|show_dash|show_letter|left_click|sound_beep|right_click,correct,right_click,1
sub-023,run-02,12,14,1,1,1,1,1,1,0,9,show_cross|show_letter|show_letter|show_letter|show_letter|show_letter|show_letter|show_letter|show_letter|show_dash|show_letter|left_click|sound_beep|right_click,correct,right_click,1
sub-023,run-02,13,14,1,1,1,0,1,1,0,9,show_cross|show_letter|show_letter|show_letter|show_letter|show_letter|show_letter|show_letter|show_letter|show_dash|show_letter|right_click|sound_beep|right_click,correct,right_click,1
sub-023,run-02,14,14,1,1,1,0,1,1,0,9,show_cross|show_letter|show_letter|show_letter|show_letter|show_letter|show_letter|show_letter|show_letter|show_dash|show_letter|right_click|sound_beep|right_click,correct,right_click,1
sub-023,run-02,15,14,1,1,1,0,1,1,0,9,show_cross|show_letter|show_letter|show_letter|show_letter|show_letter|show_letter|show_letter|show_letter|show_dash|show_letter|right_click|sound_beep|right_click,correct,right_click,1
sub-023,run-02,16,14,1,1,1,0,1,1,0,9,show_cross|show_letter|show_letter|show_letter|show_letter|show_letter|show_letter|show_letter|show_letter|show_dash|show_letter|right_click|sound_beep|right_click,correct,right_click,1
sub-023,run-02,17,14,1,1,1,1,1,1,0,9,show_cross|show_letter|show_letter|show_letter|show_letter|show_letter|show_letter|show_letter|show_letter|show_dash|show_letter|left_click|sound_beep|right_click,correct,right_click,1
sub-023,run-02,18,14,1,1,1,1,1,0,1,9,show_cross|show_letter|show_letter|show_letter|show_letter|show_letter|show_letter|show_letter|show_letter|show_dash|show_letter|left_click|sound_buzz|right_click,incorrect,right_click,1
sub-023,run-02,19,14,1,1,1,0,1,1,0,9,show_cross|show_letter|show_letter|show_letter|show_letter|show_letter|show_letter|show_letter|show_letter|show_dash|show_letter|right_click|sound_beep|right_click,correct,right_click,1
sub-023,run-02,20,14,1,1,1,0,1,1,0,9,show_cross|show_letter|show_letter|show_letter|show_letter|show_letter|show_letter|show_letter|show_letter|show_dash|show_letter|right_click|sound_beep|right_click,correct,right_click,1
sub-023,run-02,21,14,1,1,1,1,1,1,0,9,show_cross|show_letter|show_letter|show_letter|show_letter|show_letter|show_letter|show_letter|show_letter|show_dash|show_letter|left_click|sound_beep|right_click,correct,right_click,1
sub-023,run-02,22,14,1,1,1,1,1,1,0,9,show_cross|show_letter|show_letter|show_letter|show_letter|show_letter|show_letter|show_letter|show_letter|show_dash|show_letter|left_click|sound_beep|right_click,correct,right_click,1
sub-023,run-02,23,14,1,1,1,0,1,1,0,9,show_cross|show_letter|show_letter|show_letter|show_letter|show_letter|show_letter|show_letter|show_letter|show_dash|show_letter|right_click|sound_beep|right_click,correct,right_click,1
sub-023,run-02,24,14,1,1,1,1,1,1,0,9,show_cross|show_letter|show_letter|show_letter|show_letter|show_letter|show_letter|show_letter|show_letter|show_dash|show_letter|left_click|sound_beep|right_click,correct,right_click,1
sub-023,run-02,25,14,1,1,1,1,1,1,0,9,show_cross|show_letter|show_letter|show_letter|show_letter|show_letter|show_letter|show_letter|show_letter|show_dash|show_letter|left_click|sound_beep|right_click,correct,right_click,1
sub-023,run-03,1,14,1,1,1,1,1,1,0,9,show_cross|show_letter|show_letter|show_letter|show_letter|show_letter|show_letter|show_letter|show_letter|show_dash|show_letter|left_click|sound_beep|right_click,correct,right_click,1
sub-023,run-03,2,14,1,1,1,0,1,1,0,9,show_cross|show_letter|show_letter|show_letter|show_letter|show_letter|show_letter|show_letter|show_letter|show_dash|show_letter|right_click|sound_beep|right_click,correct,right_click,1
sub-023,run-03,3,14,1,1,1,1,1,1,0,9,show_cross|show_letter|show_letter|show_letter|show_letter|show_letter|show_letter|show_letter|show_letter|show_dash|show_letter|left_click|sound_beep|right_click,correct,right_click,1
sub-023,run-03,4,14,1,1,1,0,1,1,0,9,show_cross|show_letter|show_letter|show_letter|show_letter|show_letter|show_letter|show_letter|show_letter|show_dash|show_letter|right_click|sound_beep|right_click,correct,right_click,1
sub-023,run-03,5,14,1,1,1,0,1,1,0,9,show_cross|show_letter|show_letter|show_letter|show_letter|show_letter|show_letter|show_letter|show_letter|show_dash|show_letter|right_click|sound_beep|right_click,correct,right_click,1
sub-023,run-03,6,14,1,1,1,0,1,1,0,9,show_cross|show_letter|show_letter|show_letter|show_letter|show_letter|show_letter|show_letter|show_letter|show_dash|show_letter|right_click|sound_beep|right_click,correct,right_click,1
sub-023,run-03,7,14,1,1,1,1,1,1,0,9,show_cross|show_letter|show_letter|show_letter|show_letter|show_letter|show_letter|show_letter|show_letter|show_dash|show_letter|left_click|sound_beep|right_click,correct,right_click,1
sub-023,run-03,8,14,1,1,1,1,1,1,0,9,show_cross|show_letter|show_letter|show_letter|show_letter|show_letter|show_letter|show_letter|show_letter|show_dash|show_letter|left_click|sound_beep|right_click,correct,right_click,1
sub-023,run-03,9,14,1,1,1,1,1,0,1,9,show_cross|show_letter|show_letter|show_letter|show_letter|show_letter|show_letter|show_letter|show_letter|show_dash|show_letter|left_click|sound_buzz|right_click,incorrect,right_click,1
sub-023,run-03,10,14,1,1,1,0,1,1,0,9,show_cross|show_letter|show_letter|show_letter|show_letter|show_letter|show_letter|show_letter|show_letter|show_dash|show_letter|right_click|sound_beep|right_click,correct,right_click,1
sub-023,run-03,11,14,1,1,1,1,1,1,0,9,show_cross|show_letter|show_letter|show_letter|show_letter|show_letter|show_letter|show_letter|show_letter|show_dash|show_letter|left_click|sound_beep|right_click,correct,right_click,1
sub-023,run-03,12,14,1,1,1,1,1,1,0,9,show_cross|show_letter|show_letter|show_letter|show_letter|show_letter|show_letter|show_letter|show_letter|show_dash|show_letter|left_click|sound_beep|right_click,correct,right_click,1
sub-023,run-03,13,14,1,1,1,1,1,1,0,9,show_cross|show_letter|show_letter|show_letter|show_letter|show_letter|show_letter|show_letter|show_letter|show_dash|show_letter|left_click|sound_beep|right_click,correct,right_click,1
sub-023,run-03,14,14,1,1,1,1,1,1,0,9,show_cross|show_letter|show_letter|show_letter|show_letter|show_letter|show_letter|show_letter|show_letter|show_dash|show_letter|left_click|sound_beep|right_click,correct,right_click,1
sub-023,run-03,15,14,1,1,1,0,1,1,0,9,show_cross|show_letter|show_letter|show_letter|show_letter|show_letter|show_letter|show_letter|show_letter|show_dash|show_letter|right_click|sound_beep|right_click,correct,right_click,1
sub-023,run-03,16,14,1,1,1,0,1,1,0,9,show_cross|show_letter|show_letter|show_letter|show_letter|show_letter|show_letter|show_letter|show_letter|show_dash|show_letter|right_click|sound_beep|right_click,correct,right_click,1
sub-023,run-03,17,14,1,1,1,1,1,1,0,9,show_cross|show_letter|show_letter|show_letter|show_letter|show_letter|show_letter|show_letter|show_letter|show_dash|show_letter|left_click|sound_beep|right_click,correct,right_click,1
sub-023,run-03,18,14,1,1,1,0,1,1,0,9,show_cross|show_letter|show_letter|show_letter|show_letter|show_letter|show_letter|show_letter|show_letter|show_dash|show_letter|right_click|sound_beep|right_click,correct,right_click,1
sub-023,run-03,19,14,1,1,1,0,1,1,0,9,show_cross|show_letter|show_letter|show_letter|show_letter|show_letter|show_letter|show_letter|show_letter|show_dash|show_letter|right_click|sound_beep|right_click,correct,right_click,1
sub-023,run-03,20,14,1,1,1,0,1,1,0,9,show_cross|show_letter|show_letter|show_letter|show_letter|show_letter|show_letter|show_letter|show_letter|show_dash|show_letter|right_click|sound_beep|right_click,correct,right_click,1
sub-023,run-03,21,14,1,1,1,0,1,1,0,9,show_cross|show_letter|show_letter|show_letter|show_letter|show_letter|show_letter|show_letter|show_letter|show_dash|show_letter|right_click|sound_beep|right_click,correct,right_click,1
sub-023,run-03,22,14,1,1,1,1,1,1,0,9,show_cross|show_letter|show_letter|show_letter|show_letter|show_letter|show_letter|show_letter|show_letter|show_dash|show_letter|left_click|sound_beep|right_click,correct,right_click,1
sub-023,run-03,23,14,1,1,1,0,1,1,0,9,show_cross|show_letter|show_letter|show_letter|show_letter|show_letter|show_letter|show_letter|show_letter|show_dash|show_letter|right_click|sound_beep|right_click,correct,right_click,1
sub-023,run-03,24,14,1,1,1,0,1,1,0,9,show_cross|show_letter|show_letter|show_letter|show_letter|show_letter|show_letter|show_letter|show_letter|show_dash|show_letter|right_click|sound_beep|right_click,correct,right_click,1
sub-023,run-03,25,14,1,1,1,0,1,1,0,9,show_cross|show_letter|show_letter|show_letter|show_letter|show_letter|show_letter|show_letter|show_letter|show_dash|show_letter|right_click|sound_beep|right_click,correct,right_click,1
sub-023,run-04,1,14,1,1,1,0,1,1,0,9,show_cross|show_letter|show_letter|show_letter|show_letter|show_letter|show_letter|show_letter|show_letter|show_dash|show_letter|right_click|sound_beep|right_click,correct,right_click,1
sub-023,run-04,2,14,1,1,1,0,1,1,0,9,show_cross|show_letter|show_letter|show_letter|show_letter|show_letter|show_letter|show_letter|show_letter|show_dash|show_letter|right_click|sound_beep|right_click,correct,right_click,1
sub-023,run-04,3,14,1,1,1,0,1,1,0,9,show_cross|show_letter|show_letter|show_letter|show_letter|show_letter|show_letter|show_letter|show_letter|show_dash|show_letter|right_click|sound_beep|right_click,correct,right_click,1
sub-023,run-04,4,14,1,1,1,1,1,1,0,9,show_cross|show_letter|show_letter|show_letter|show_letter|show_letter|show_letter|show_letter|show_letter|show_dash|show_letter|left_click|sound_beep|right_click,correct,right_click,1
sub-023,run-04,5,14,1,1,1,0,1,1,0,9,show_cross|show_letter|show_letter|show_letter|show_letter|show_letter|show_letter|show_letter|show_letter|show_dash|show_letter|right_click|sound_beep|right_click,correct,right_click,1
sub-023,run-04,6,14,1,1,1,1,1,1,0,9,show_cross|show_letter|show_letter|show_letter|show_letter|show_letter|show_letter|show_letter|show_letter|show_dash|show_letter|left_click|sound_beep|right_click,correct,right_click,1
sub-023,run-04,7,14,1,1,1,1,1,1,0,9,show_cross|show_letter|show_letter|show_letter|show_letter|show_letter|show_letter|show_letter|show_letter|show_dash|show_letter|left_click|sound_beep|right_click,correct,right_click,1
sub-023,run-04,8,14,1,1,1,0,1,1,0,9,show_cross|show_letter|show_letter|show_letter|show_letter|show_letter|show_letter|show_letter|show_letter|show_dash|show_letter|right_click|sound_beep|right_click,correct,right_click,1
sub-023,run-04,9,14,1,1,1,0,1,0,1,9,show_cross|show_letter|show_letter|show_letter|show_letter|show_letter|show_letter|show_letter|show_letter|show_dash|show_letter|right_click|sound_buzz|right_click,incorrect,right_click,1
sub-023,run-04,10,14,1,1,1,0,1,1,0,9,show_cross|show_letter|show_letter|show_letter|show_letter|show_letter|show_letter|show_letter|show_letter|show_dash|show_letter|right_click|sound_beep|right_click,correct,right_click,1
sub-023,run-04,11,14,1,1,1,0,1,1,0,9,show_cross|show_letter|show_letter|show_letter|show_letter|show_letter|show_letter|show_letter|show_letter|show_dash|show_letter|right_click|sound_beep|right_click,correct,right_click,1
sub-023,run-04,12,14,1,1,1,1,1,1,0,9,show_cross|show_letter|show_letter|show_letter|show_letter|show_letter|show_letter|show_letter|show_letter|show_dash|show_letter|left_click|sound_beep|right_click,correct,right_click,1
sub-023,run-04,13,14,1,1,1,1,1,1,0,9,show_cross|show_letter|show_letter|show_letter|show_letter|show_letter|show_letter|show_letter|show_letter|show_dash|show_letter|left_click|sound_beep|right_click,correct,right_click,1
sub-023,run-04,14,14,1,1,1,0,1,1,0,9,show_cross|show_letter|show_letter|show_letter|show_letter|show_letter|show_letter|show_letter|show_letter|show_dash|show_letter|right_click|sound_beep|right_click,correct,right_click,1
sub-023,run-04,15,14,1,1,1,0,1,1,0,9,show_cross|show_letter|show_letter|show_letter|show_letter|show_letter|show_letter|show_letter|show_letter|show_dash|show_letter|right_click|sound_beep|right_click,correct,right_click,1
sub-023,run-04,16,14,1,1,1,1,1,1,0,9,show_cross|show_letter|show_letter|show_letter|show_letter|show_letter|show_letter|show_letter|show_letter|show_dash|show_letter|left_click|sound_beep|right_click,correct,right_click,1
sub-023,run-04,17,14,1,1,1,1,1,1,0,9,show_cross|show_letter|show_letter|show_letter|show_letter|show_letter|show_letter|show_letter|show_letter|show_dash|show_letter|left_click|sound_beep|right_click,correct,right_click,1
sub-023,run-04,18,14,1,1,1,1,1,1,0,9,show_cross|show_letter|show_letter|show_letter|show_letter|show_letter|show_letter|show_letter|show_letter|show_dash|show_letter|left_click|sound_beep|right_click,correct,right_click,1
sub-023,run-04,19,14,1,1,1,1,1,1,0,9,show_cross|show_letter|show_letter|show_letter|show_letter|show_letter|show_letter|show_letter|show_letter|show_dash|show_letter|left_click|sound_beep|right_click,correct,right_click,1
sub-023,run-04,20,14,1,1,1,0,1,1,0,9,show_cross|show_letter|show_letter|show_letter|show_letter|show_letter|show_letter|show_letter|show_letter|show_dash|show_letter|right_click|sound_beep|right_click,correct,right_click,1
sub-023,run-04,21,14,1,1,1,1,1,1,0,9,show_cross|show_letter|show_letter|show_letter|show_letter|show_letter|show_letter|show_letter|show_letter|show_dash|show_letter|left_click|sound_beep|right_click,correct,right_click,1
sub-023,run-04,22,14,1,1,1,1,1,1,0,9,show_cross|show_letter|show_letter|show_letter|show_letter|show_letter|show_letter|show_letter|show_letter|show_dash|show_letter|left_click|sound_beep|right_click,correct,right_click,1
sub-023,run-04,23,14,1,1,1,1,1,1,0,9,show_cross|show_letter|show_letter|show_letter|show_letter|show_letter|show_letter|show_letter|show_letter|show_dash|show_letter|left_click|sound_beep|right_click,correct,right_click,1
sub-023,run-04,24,14,1,1,1,1,1,1,0,9,show_cross|show_letter|show_letter|show_letter|show_letter|show_letter|show_letter|show_letter|show_letter|show_dash|show_letter|left_click|sound_beep|right_click,correct,right_click,1
sub-023,run-04,25,14,1,1,1,1,1,1,0,9,show_cross|show_letter|show_letter|show_letter|show_letter|show_letter|show_letter|show_letter|show_letter|show_dash|show_letter|left_click|sound_beep|right_click,correct,right_click,1
sub-023,run-05,1,14,1,1,1,0,1,1,0,9,show_cross|show_letter|show_letter|show_letter|show_letter|show_letter|show_letter|show_letter|show_letter|show_dash|show_letter|right_click|sound_beep|right_click,correct,right_click,1
sub-023,run-05,2,14,1,1,1,1,1,1,0,9,show_cross|show_letter|show_letter|show_letter|show_letter|show_letter|show_letter|show_letter|show_letter|show_dash|show_letter|left_click|sound_beep|right_click,correct,right_click,1
sub-023,run-05,3,14,1,1,1,1,1,1,0,9,show_cross|show_letter|show_letter|show_letter|show_letter|show_letter|show_letter|show_letter|show_letter|show_dash|show_letter|left_click|sound_beep|right_click,correct,right_click,1
sub-023,run-05,4,14,1,1,1,0,1,1,0,9,show_cross|show_letter|show_letter|show_letter|show_letter|show_letter|show_letter|show_letter|show_letter|show_dash|show_letter|right_click|sound_beep|right_click,correct,right_click,1
sub-023,run-05,5,14,1,1,1,0,1,1,0,9,show_cross|show_letter|show_letter|show_letter|show_letter|show_letter|show_letter|show_letter|show_letter|show_dash|show_letter|right_click|sound_beep|right_click,correct,right_click,1
sub-023,run-05,6,14,1,1,1,1,1,1,0,9,show_cross|show_letter|show_letter|show_letter|show_letter|show_letter|show_letter|show_letter|show_letter|show_dash|show_letter|left_click|sound_beep|right_click,correct,right_click,1
sub-023,run-05,7,14,1,1,1,0,1,1,0,9,show_cross|show_letter|show_letter|show_letter|show_letter|show_letter|show_letter|show_letter|show_letter|show_dash|show_letter|right_click|sound_beep|right_click,correct,right_click,1
sub-023,run-05,8,14,1,1,1,0,1,1,0,9,show_cross|show_letter|show_letter|show_letter|show_letter|show_letter|show_letter|show_letter|show_letter|show_dash|show_letter|right_click|sound_beep|right_click,correct,right_click,1
sub-023,run-05,9,14,1,1,1,0,1,1,0,9,show_cross|show_letter|show_letter|show_letter|show_letter|show_letter|show_letter|show_letter|show_letter|show_dash|show_letter|right_click|sound_beep|right_click,correct,right_click,1
sub-023,run-05,10,14,1,1,1,1,1,1,0,9,show_cross|show_letter|show_letter|show_letter|show_letter|show_letter|show_letter|show_letter|show_letter|show_dash|show_letter|left_click|sound_beep|right_click,correct,right_click,1
sub-023,run-05,11,14,1,1,1,0,1,1,0,9,show_cross|show_letter|show_letter|show_letter|show_letter|show_letter|show_letter|show_letter|show_letter|show_dash|show_letter|right_click|sound_beep|right_click,correct,right_click,1
sub-023,run-05,12,14,1,1,1,1,1,1,0,9,show_cross|show_letter|show_letter|show_letter|show_letter|show_letter|show_letter|show_letter|show_letter|show_dash|show_letter|left_click|sound_beep|right_click,correct,right_click,1
sub-023,run-05,13,14,1,1,1,0,1,1,0,9,show_cross|show_letter|show_letter|show_letter|show_letter|show_letter|show_letter|show_letter|show_letter|show_dash|show_letter|right_click|sound_beep|right_click,correct,right_click,1
sub-023,run-05,14,14,1,1,1,1,1,1,0,9,show_cross|show_letter|show_letter|show_letter|show_letter|show_letter|show_letter|show_letter|show_letter|show_dash|show_letter|left_click|sound_beep|right_click,correct,right_click,1
sub-023,run-05,15,14,1,1,1,0,1,1,0,9,show_cross|show_letter|show_letter|show_letter|show_letter|show_letter|show_letter|show_letter|show_letter|show_dash|show_letter|right_click|sound_beep|right_click,correct,right_click,1
sub-023,run-05,16,14,1,1,1,0,1,1,0,9,show_cross|show_letter|show_letter|show_letter|show_letter|show_letter|show_letter|show_letter|show_letter|show_dash|show_letter|right_click|sound_beep|right_click,correct,right_click,1
sub-023,run-05,17,14,1,1,1,0,1,1,0,9,show_cross|show_letter|show_letter|show_letter|show_letter|show_letter|show_letter|show_letter|show_letter|show_dash|show_letter|right_click|sound_beep|right_click,correct,right_click,1
sub-023,run-05,18,14,1,1,1,1,1,1,0,9,show_cross|show_letter|show_letter|show_letter|show_letter|show_letter|show_letter|show_letter|show_letter|show_dash|show_letter|left_click|sound_beep|right_click,correct,right_click,1
sub-023,run-05,19,14,1,1,1,1,1,1,0,9,show_cross|show_letter|show_letter|show_letter|show_letter|show_letter|show_letter|show_letter|show_letter|show_dash|show_letter|left_click|sound_beep|right_click,correct,right_click,1
sub-023,run-05,20,14,1,1,1,1,1,1,0,9,show_cross|show_letter|show_letter|show_letter|show_letter|show_letter|show_letter|show_letter|show_letter|show_dash|show_letter|left_click|sound_beep|right_click,correct,right_click,1
sub-023,run-05,21,14,1,1,1,1,1,1,0,9,show_cross|show_letter|show_letter|show_letter|show_letter|show_letter|show_letter|show_letter|show_letter|show_dash|show_letter|left_click|sound_beep|right_click,correct,right_click,1
sub-023,run-05,22,14,1,1,1,0,1,1,0,9,show_cross|show_letter|show_letter|show_letter|show_letter|show_letter|show_letter|show_letter|show_letter|show_dash|show_letter|right_click|sound_beep|right_click,correct,right_click,1
sub-023,run-05,23,14,1,1,1,0,1,1,0,9,show_cross|show_letter|show_letter|show_letter|show_letter|show_letter|show_letter|show_letter|show_letter|show_dash|show_letter|right_click|sound_beep|right_click,correct,right_click,1
sub-023,run-05,24,14,1,1,1,0,1,1,0,9,show_cross|show_letter|show_letter|show_letter|show_letter|show_letter|show_letter|show_letter|show_letter|show_dash|show_letter|right_click|sound_beep|right_click,correct,right_click,1
sub-023,run-05,25,14,1,1,1,0,1,1,0,9,show_cross|show_letter|show_letter|show_letter|show_letter|show_letter|show_letter|show_letter|show_letter|show_dash|show_letter|right_click|sound_beep|right_click,correct,right_click,1
sub-024,run-01,1,31,1,1,1,1,0,1,0,23,show_cross|show_letter|show_letter|show_letter|show_dash|left_click|show_letter|show_letter|show_letter|show_letter|show_letter|show_letter|show_dash|show_letter|left_click|sound_beep|show_letter|show_letter|show_letter|show_letter|show_letter|show_letter|show_letter|show_letter|show_letter|show_letter|show_letter|show_letter|show_dash|show_letter|left_click,correct,left_click,1
sub-024,run-01,2,11,1,1,1,1,0,1,0,7,show_cross|show_letter|show_letter|show_letter|show_letter|show_letter|show_letter|show_dash|show_letter|sound_beep|left_click,correct,left_click,1
sub-024,run-01,3,113,1,1,1,1,0,0,1,96,show_cross|show_letter|show_letter|show_letter|show_letter|show_letter|show_letter|left_click|show_letter|show_letter|show_letter|show_letter|show_letter|show_letter|show_letter|show_letter|show_letter|show_letter|show_letter|show_dash|show_letter|left_click|sound_buzz|show_letter|show_letter|show_letter|show_dash|show_letter|show_letter|show_letter|show_letter|show_letter|show_dash|show_letter|show_letter|show_letter|show_letter|show_letter|show_letter|show_letter|show_letter|show_letter|show_letter|show_letter|show_letter|show_dash|show_letter|show_letter|show_letter|show_letter|show_letter|show_letter|show_letter|show_letter|show_letter|show_letter|show_dash|show_letter|show_letter|show_letter|show_letter|show_letter|show_dash|show_letter|show_letter|show_letter|show_letter|show_letter|show_letter|show_dash|show_letter|show_letter|show_letter|show_letter|show_letter|left_click|show_letter|show_letter|show_letter|show_letter|show_letter|show_letter|show_letter|show_letter|show_letter|show_dash|show_letter|show_letter|show_letter|show_letter|show_letter|show_letter|show_letter|show_letter|show_letter|sound_buzz|show_letter|show_letter|show_letter|show_letter|show_letter|show_dash|show_letter|show_letter|show_letter|show_letter|show_letter|left_click|show_letter|show_letter|show_letter|show_dash|show_letter,incorrect,left_click,1
sub-024,run-02,1,50,1,1,1,1,0,1,1,39,show_cross|show_letter|show_dash|show_letter|show_letter|show_letter|show_letter|show_letter|show_letter|show_letter|show_letter|show_letter|show_dash|sound_buzz|show_letter|show_letter|show_letter|show_letter|show_letter|show_letter|show_letter|show_letter|left_click|show_letter|show_letter|show_letter|show_letter|show_letter|show_letter|show_dash|show_letter|show_letter|show_letter|show_letter|show_letter|show_letter|show_letter|show_letter|show_dash|show_letter|show_letter|show_letter|show_dash|sound_beep|show_letter|show_letter|show_letter|show_letter|left_click|left_click,correct,left_click,1
sub-024,run-02,2,35,1,1,1,1,0,1,1,29,show_cross|show_letter|show_letter|show_letter|show_letter|show_letter|show_letter|show_letter|show_letter|show_dash|show_letter|left_click|sound_buzz|show_letter|show_letter|show_letter|show_letter|show_letter|show_letter|show_dash|show_letter|show_letter|show_letter|show_letter|show_letter|show_letter|show_letter|show_letter|show_letter|show_letter|show_letter|show_letter|show_letter|show_letter|sound_beep,correct,left_click,1
sub-024,run-03,1,30,1,1,1,1,0,0,1,21,show_cross|show_letter|show_letter|left_click|show_letter|show_letter|left_click|show_letter|show_letter|show_letter|show_letter|show_dash|sound_buzz|show_letter|show_letter|show_letter|show_letter|show_letter|show_letter|show_letter|show_letter|show_letter|show_letter|show_letter|left_click|sound_buzz|show_letter|show_letter|left_click|left_click,incorrect,left_click,1
