target,feature,n_group_0,n_group_1,mean_group_0,mean_group_1,median_group_0,median_group_1,std_group_0,std_group_1,mean_difference,median_difference,t_stat,p_value,cohen_d,effect_magnitude,direction,p_fdr,significant_fdr,evidence_feature_type,evidence_mean_difference,evidence_cohen_d,evidence_abs_cohen_d,evidence_p_value,evidence_p_fdr,evidence_fdr_significant,evidence_target_direction,evidence_target_direction_consistency,evidence_target_robustness_class,evidence_subject_vs_statistical_direction,evidence_scientific_evidence_class,evidence_final_evidence_class_v2,evidence_scientific_priority_score,evidence_scientific_priority_score_v2,evidence_scientific_rank,evidence_scientific_rank_v2,evidence_n_group_0,evidence_n_group_1,evidence_mean_group_0,evidence_mean_group_1,evidence_median_group_0,evidence_median_group_1,evidence_std_group_0,evidence_std_group_1,evidence_median_difference,evidence_t_stat,evidence_effect_magnitude,evidence_direction,evidence_significant_fdr,evidence_remember_subject_count,evidence_remember_subject_effect_mean,evidence_remember_subject_effect_median,evidence_remember_subject_effect_std,evidence_remember_positive_fraction,evidence_remember_negative_fraction,evidence_remember_direction_consistency,evidence_remember_direction,evidence_remember_robustness_class,evidence_correct_subject_count,evidence_correct_subject_effect_mean,evidence_correct_subject_effect_median,evidence_correct_subject_effect_std,evidence_correct_positive_fraction,evidence_correct_negative_fraction,evidence_correct_direction_consistency,evidence_correct_direction,evidence_correct_robustness_class,evidence_overall_robustness_class,evidence_robustness_class,evidence_subject_robustness_available,evidence_target_subject_count,evidence_final_scientific_priority_score,evidence_final_scientific_rank,robust_remember_subject_count,robust_remember_subject_effect_mean,robust_remember_subject_effect_median,robust_remember_subject_effect_std,robust_remember_positive_fraction,robust_remember_negative_fraction,robust_remember_direction_consistency,robust_remember_direction,robust_remember_robustness_class,robust_correct_subject_count,robust_correct_subject_effect_mean,robust_correct_subject_effect_median,robust_correct_subject_effect_std,robust_correct_positive_fraction,robust_correct_negative_fraction,robust_correct_direction_consistency,robust_correct_direction,robust_correct_robustness_class,robust_overall_robustness_class,cross_target_remember_effect,cross_target_correct_effect,cross_target_remember_abs_effect,cross_target_correct_abs_effect,cross_target_effect_difference_correct_minus_remember,cross_target_absolute_cross_target_difference,cross_target_direction_relationship,cross_target_target_specificity,cross_target_cross_target_pattern,cross_target_remember_p_fdr,cross_target_correct_p_fdr,cross_target_remember_fdr_significant,cross_target_correct_fdr_significant,cross_target_significance_pattern,cross_target_target_dissociation_score,cross_target_cross_target_rank,interpretation_target,interpretation_frequency_band,interpretation_brain_region,interpretation_feature_measure,interpretation_mean_difference,interpretation_cohen_d,interpretation_abs_cohen_d_clean,interpretation_p_value,interpretation_p_fdr,interpretation_fdr_significant_clean,interpretation_target_direction,interpretation_target_direction_consistency,interpretation_target_robustness_class,interpretation_subject_vs_statistical_direction,interpretation_evidence_class,interpretation_effect_strength_v1,interpretation_scientific_priority_score_v2,interpretation_scientific_rank_v2,interpretation_scientific_interpretation_v1,final_master_priority,final_fdr_significant,subject_robustness_available,final_evidence_class
correct,alpha_beta_central_ratio,1059,20008,5.299144305615401,6.357961033562,3.521261533380698,4.138613145108845,5.161119958255464,6.757474720909835,1.0588167279465992,0.6173516117281475,6.392419431964029,2.29537880609731e-10,0.1583539341510638,negligible,positive,2.7374404943671806e-09,True,EEG_scientific_feature,1.0588167279465992,0.1583539341510638,0.1583539341510638,2.29537880609731e-10,2.7374404943671806e-09,True,positive,0.7647058823529411,moderate,agreement,moderate_replicated,strong_replicated,0.4425185407359574,8.158354,6,1,1059,20008,5.299144305615401,6.357961033562,3.521261533380698,4.138613145108845,5.161119958255464,6.757474720909835,0.6173516117281475,6.392419431964029,negligible,positive,True,22.0,-0.0064813694963937,-0.0012023537617123,0.1239208938602874,0.5,0.5,0.5,mixed,mixed,17.0,0.1440296475896215,0.0918357757863384,0.2560959076672984,0.7647058823529411,0.2352941176470588,0.7647058823529411,positive,moderate,moderate,not_available,True,17.0,8.0,1.0,22,-0.0064813694963937,-0.0012023537617123,0.1239208938602874,0.5,0.5,0.5,mixed,mixed,17,0.1440296475896215,0.0918357757863384,0.2560959076672984,0.7647058823529411,0.2352941176470588,0.7647058823529411,positive,moderate,moderate,-0.2817822470669995,1.0588167279465992,0.2817822470669995,1.0588167279465992,1.3405989750135987,1.3405989750135987,opposite_direction,correct_dominant,target_dissociated,0.0114251934499194,2.7374404943671806e-09,True,True,significant_both_targets,2.6811979500271974,3,correct,alpha,central,ratio,1.0588167279465992,0.1583539341510638,0.1583539341510638,2.29537880609731e-10,2.7374404943671806e-09,True,positive,0.7647058823529411,moderate,agreement,strong_replicated,negligible,8.158354,1,high_priority; alpha-band; central-region; positive; negligible-effect,8.0,True,True,moderate_replicated
correct,theta_temporal,1059,20008,1.2643126007221177,1.5751647756613032,0.7803062038442103,0.7870941391326471,1.959280515528048,2.7729473455585176,0.3108521749391855,0.0067879352884367,4.909350561482224,1.0302754697184571e-06,0.113538613324556,negligible,positive,5.245038754930327e-06,True,EEG_scientific_feature,0.3108521749391855,0.113538613324556,0.113538613324556,1.0302754697184571e-06,5.245038754930327e-06,True,positive,0.7058823529411765,moderate,agreement,moderate_replicated,strong_replicated,0.4021847519921004,8.113539,22,2,1059,20008,1.2643126007221177,1.5751647756613032,0.7803062038442103,0.7870941391326471,1.959280515528048,2.7729473455585176,0.0067879352884367,4.909350561482224,negligible,positive,True,22.0,-0.0033958097139939,0.0022911318684787,0.0896860351266982,0.5454545454545454,0.4545454545454545,0.5454545454545454,positive,mixed,17.0,0.1082657771770008,0.0660816722314345,0.216631356310664,0.7058823529411765,0.2941176470588235,0.7058823529411765,positive,moderate,moderate,not_available,True,17.0,8.0,1.0,22,-0.0033958097139939,0.0022911318684787,0.0896860351266982,0.5454545454545454,0.4545454545454545,0.5454545454545454,positive,mixed,17,0.1082657771770008,0.0660816722314345,0.216631356310664,0.7058823529411765,0.2941176470588235,0.7058823529411765,positive,moderate,moderate,-0.1777613758745846,0.3108521749391855,0.1777613758745846,0.3108521749391855,0.4886135508137701,0.4886135508137701,opposite_direction,correct_dominant,target_dissociated,6.358390947165893e-05,5.245038754930327e-06,True,True,significant_both_targets,0.9772271016275402,15,correct,theta,temporal,regional_power,0.3108521749391855,0.113538613324556,0.113538613324556,1.0302754697184571e-06,5.245038754930327e-06,True,positive,0.7058823529411765,moderate,agreement,strong_replicated,negligible,8.113539,2,high_priority; theta-band; temporal-region; positive; negligible-effect,8.0,True,True,moderate_replicated
correct,theta_occipital,1059,20008,2.573875777170403,3.225378560753268,1.2113182051748568,1.349802391002465,5.019496471107093,6.351574643893204,0.6515027835828651,0.1384841858276082,4.055453864697963,5.3146938140196856e-05,0.1035544831678395,negligible,positive,0.0001541677604189,True,EEG_scientific_feature,0.6515027835828651,0.1035544831678395,0.1035544831678395,5.3146938140196856e-05,0.0001541677604189,True,positive,0.7058823529411765,moderate,agreement,moderate_replicated,strong_replicated,0.3931990348510555,8.103554,27,3,1059,20008,2.573875777170403,3.225378560753268,1.2113182051748568,1.349802391002465,5.019496471107093,6.351574643893204,0.1384841858276082,4.055453864697963,negligible,positive,True,22.0,0.0014960811435249,0.0100555128668375,0.0925045353107332,0.5,0.5,0.5,mixed,mixed,17.0,0.0722755107648713,0.0680261649250033,0.1812572203455097,0.7058823529411765,0.2941176470588235,0.7058823529411765,positive,moderate,moderate,not_available,True,17.0,8.0,1.0,22,0.0014960811435249,0.0100555128668375,0.0925045353107332,0.5,0.5,0.5,mixed,mixed,17,0.0722755107648713,0.0680261649250033,0.1812572203455097,0.7058823529411765,0.2941176470588235,0.7058823529411765,positive,moderate,moderate,-0.1364415539417218,0.6515027835828651,0.1364415539417218,0.6515027835828651,0.7879443375245869,0.7879443375245869,opposite_direction,correct_dominant,target_dissociated,0.2217732219267152,0.0001541677604189,False,True,significant_correct_only,1.5758886750491738,9,correct,theta,occipital,regional_power,0.6515027835828651,0.1035544831678395,0.1035544831678395,5.3146938140196856e-05,0.0001541677604189,True,positive,0.7058823529411765,moderate,agreement,strong_replicated,negligible,8.103554,3,high_priority; theta-band; occipital-region; positive; negligible-effect,8.0,True,True,moderate_replicated
correct,beta_parietal,1059,20008,0.2974465511931445,0.3525618731700325,0.2495184071224784,0.2616003081450263,0.2685872507103882,0.3594827871454787,0.0551153219768879,0.0120819010225479,6.3821137096553135,2.4441432985421256e-10,0.1550481442910112,negligible,positive,2.7374404943671806e-09,True,EEG_scientific_feature,0.0551153219768879,0.1550481442910112,0.1550481442910112,2.4441432985421256e-10,2.7374404943671806e-09,True,positive,0.6470588235294118,weak,agreement,weak_replicated,moderate_replicated,0.43954332986191,7.155048,7,5,1059,20008,0.2974465511931445,0.3525618731700325,0.2495184071224784,0.2616003081450263,0.2685872507103882,0.3594827871454787,0.0120819010225479,6.3821137096553135,negligible,positive,True,22.0,-0.0059303388163629,0.0050942344560753,0.1370314278828085,0.5454545454545454,0.4545454545454545,0.5454545454545454,positive,mixed,17.0,0.0456835929960584,0.0300598021055862,0.2585608759860224,0.6470588235294118,0.3529411764705882,0.6470588235294118,positive,weak,weak,not_available,True,17.0,7.0,2.0,22,-0.0059303388163629,0.0050942344560753,0.1370314278828085,0.5454545454545454,0.4545454545454545,0.5454545454545454,positive,mixed,17,0.0456835929960584,0.0300598021055862,0.2585608759860224,0.6470588235294118,0.3529411764705882,0.6470588235294118,positive,weak,weak,0.00543485157311,0.0551153219768879,0.00543485157311,0.0551153219768879,0.0496804704037779,0.0496804704037779,same_direction,correct_dominant,weak_cross_target_pattern,0.3558232428929716,2.7374404943671806e-09,False,True,significant_correct_only,0.1102306439537758,34,correct,beta,parietal,regional_power,0.0551153219768879,0.1550481442910112,0.1550481442910112,2.4441432985421256e-10,2.7374404943671806e-09,True,positive,0.6470588235294118,weak,agreement,moderate_replicated,negligible,7.155048,5,replicated_candidate; beta-band; parietal-region; positive; negligible-effect,7.0,True,True,weak_replicated
correct,theta_central,1059,20008,1.0610205353673916,1.4103416282087649,0.5948337066072213,0.658484406128965,1.7628110542308992,2.3101343992417656,0.3493210928413732,0.0636506995217436,6.1741178369680165,8.960583513350942e-10,0.1528240647860177,negligible,positive,7.168466810680754e-09,True,EEG_scientific_feature,0.3493210928413732,0.1528240647860177,0.1528240647860177,8.96058351335094e-10,7.168466810680754e-09,True,positive,0.5882352941176471,weak,agreement,weak_replicated,moderate_replicated,0.4375416583074159,7.152824,9,6,1059,20008,1.0610205353673916,1.4103416282087649,0.5948337066072213,0.658484406128965,1.7628110542308992,2.3101343992417656,0.0636506995217436,6.1741178369680165,negligible,positive,True,22.0,-0.0041159072823488,0.011607086792101,0.113605800806231,0.5454545454545454,0.4545454545454545,0.5454545454545454,positive,mixed,17.0,0.1130771164149493,0.1026073676032386,0.3143562964532262,0.5882352941176471,0.4117647058823529,0.5882352941176471,positive,weak,weak,not_available,True,17.0,7.0,2.0,22,-0.0041159072823488,0.011607086792101,0.113605800806231,0.5454545454545454,0.4545454545454545,0.5454545454545454,positive,mixed,17,0.1130771164149493,0.1026073676032386,0.3143562964532262,0.5882352941176471,0.4117647058823529,0.5882352941176471,positive,weak,weak,-0.1245452053242046,0.3493210928413732,0.1245452053242046,0.3493210928413732,0.4738662981655778,0.4738662981655778,opposite_direction,correct_dominant,target_dissociated,0.0006842357801919,7.168466810680754e-09,True,True,significant_both_targets,0.9477325963311556,18,correct,theta,central,regional_power,0.3493210928413732,0.1528240647860177,0.1528240647860177,8.96058351335094e-10,7.168466810680754e-09,True,positive,0.5882352941176471,weak,agreement,moderate_replicated,negligible,7.152824,6,replicated_candidate; theta-band; central-region; positive; negligible-effect,7.0,True,True,weak_replicated
correct,delta_rel,1059,20008,0.4501330121080081,0.4106648975537708,0.4244882018453266,0.3894971039191753,0.2065849546148335,0.1885324429335318,-0.0394681145542373,-0.0349910979261512,-6.084546916966268,1.587265517897595e-09,-0.208296811598445,small,negative,1.1110858625283166e-08,True,EEG_scientific_feature,-0.0394681145542373,-0.208296811598445,0.208296811598445,1.587265517897595e-09,1.1110858625283166e-08,True,negative,0.6470588235294118,weak,agreement,weak_replicated,moderate_replicated,0.4874671304386004,7.208297,4,4,1059,20008,0.4501330121080081,0.4106648975537708,0.4244882018453266,0.3894971039191753,0.2065849546148335,0.1885324429335318,-0.0349910979261512,-6.084546916966268,small,negative,True,22.0,0.0128622264586155,0.0100134032748007,0.1057295040378319,0.5454545454545454,0.4545454545454545,0.5454545454545454,positive,mixed,17.0,-0.0743944603072778,-0.0181843987718074,0.2665142152639937,0.3529411764705882,0.6470588235294118,0.6470588235294118,negative,weak,weak,not_available,True,17.0,7.0,2.0,22,0.0128622264586155,0.0100134032748007,0.1057295040378319,0.5454545454545454,0.4545454545454545,0.5454545454545454,positive,mixed,17,-0.0743944603072778,-0.0181843987718074,0.2665142152639937,0.3529411764705882,0.6470588235294118,0.6470588235294118,negative,weak,weak,-0.0025564866389498,-0.0394681145542373,0.0025564866389498,0.0394681145542373,-0.0369116279152875,0.0369116279152875,same_direction,weak_both_targets,weak_cross_target_pattern,0.3948965932189974,1.1110858625283166e-08,False,True,significant_correct_only,0.0789362291084746,38,correct,delta,global,relative_power,-0.0394681145542373,-0.208296811598445,0.208296811598445,1.587265517897595e-09,1.1110858625283166e-08,True,negative,0.6470588235294118,weak,agreement,moderate_replicated,small,7.208297,4,replicated_candidate; delta-band; global-region; negative; small-effect,7.0,True,True,weak_replicated
correct,theta_abs,1059,20008,1.7327137941335682,2.155545448627481,0.9485327460233196,1.1286646587206688,2.703123212520705,3.450766361039049,0.4228316544939132,0.1801319126973491,4.884087561688353,1.1737778450184356e-06,0.1237392080186769,negligible,positive,5.477629943419366e-06,True,EEG_scientific_feature,0.4228316544939132,0.1237392080186769,0.1237392080186769,1.1737778450184356e-06,5.477629943419366e-06,True,positive,0.5882352941176471,weak,agreement,weak_replicated,moderate_replicated,0.4113652872168092,7.123739,18,10,1059,20008,1.7327137941335682,2.155545448627481,0.9485327460233196,1.1286646587206688,2.703123212520705,3.450766361039049,0.1801319126973491,4.884087561688353,negligible,positive,True,22.0,-0.0029891438300134,0.0321264622211444,0.1122553050630414,0.5909090909090909,0.4090909090909091,0.5909090909090909,positive,weak,17.0,0.093064392613907,0.1011817885579857,0.2524917028092643,0.5882352941176471,0.4117647058823529,0.5882352941176471,positive,weak,weak,not_available,True,17.0,7.0,2.0,22,-0.0029891438300134,0.0321264622211444,0.1122553050630414,0.5909090909090909,0.4090909090909091,0.5909090909090909,positive,weak,17,0.093064392613907,0.1011817885579857,0.2524917028092643,0.5882352941176471,0.4117647058823529,0.5882352941176471,positive,weak,weak,-0.1930376038406147,0.4228316544939132,0.1930376038406147,0.4228316544939132,0.6158692583345279,0.6158692583345279,opposite_direction,correct_dominant,target_dissociated,0.0004393692914317,5.477629943419366e-06,True,True,significant_both_targets,1.2317385166690558,13,correct,theta,global,absolute_power,0.4228316544939132,0.1237392080186769,0.1237392080186769,1.1737778450184356e-06,5.477629943419366e-06,True,positive,0.5882352941176471,weak,agreement,moderate_replicated,negligible,7.123739,10,replicated_candidate; theta-band; global-region; positive; negligible-effect,7.0,True,True,weak_replicated
correct,theta_parietal,1059,20008,2.305587252193009,2.9308820045937525,1.0445502415118426,1.3325680341355033,4.162152707768499,5.290287353976438,0.6252947524007433,0.2880177926236607,4.692431300025166,2.9978949276849037e-06,0.1193441987749964,negligible,positive,1.2914008919258045e-05,True,EEG_scientific_feature,0.6252947524007433,0.1193441987749964,0.1193441987749964,2.997894927684904e-06,1.2914008919258045e-05,True,positive,0.6470588235294118,weak,agreement,weak_replicated,moderate_replicated,0.4074097788974967,7.119344,21,12,1059,20008,2.305587252193009,2.9308820045937525,1.0445502415118426,1.3325680341355033,4.162152707768499,5.290287353976438,0.2880177926236607,4.692431300025166,negligible,positive,True,22.0,-0.0107984797255205,0.0151709516428865,0.1177219028773019,0.5909090909090909,0.4090909090909091,0.5909090909090909,positive,weak,17.0,0.0815579197743975,0.1098504300048916,0.2090348371121713,0.6470588235294118,0.3529411764705882,0.6470588235294118,positive,weak,weak,not_available,True,17.0,7.0,2.0,22,-0.0107984797255205,0.0151709516428865,0.1177219028773019,0.5909090909090909,0.4090909090909091,0.5909090909090909,positive,weak,17,0.0815579197743975,0.1098504300048916,0.2090348371121713,0.6470588235294118,0.3529411764705882,0.6470588235294118,positive,weak,weak,-0.3370532596592301,0.6252947524007433,0.3370532596592301,0.6252947524007433,0.9623480120599734,0.9623480120599734,opposite_direction,correct_dominant,target_dissociated,6.358390947165893e-05,1.2914008919258045e-05,True,True,significant_both_targets,1.924696024119947,8,correct,theta,parietal,regional_power,0.6252947524007433,0.1193441987749964,0.1193441987749964,2.997894927684904e-06,1.2914008919258045e-05,True,positive,0.6470588235294118,weak,agreement,moderate_replicated,negligible,7.119344,12,replicated_candidate; theta-band; parietal-region; positive; negligible-effect,7.0,True,True,weak_replicated
correct,alpha_beta_frontal_ratio,1059,20008,3.396731287888896,3.9892574387109416,2.06947738889579,2.5734395213353807,4.438216522700676,4.552452781254413,0.5925261508220454,0.5039621324395909,4.228429588160011,2.5352812416893972e-05,0.1303176474367501,negligible,positive,0.0001014112496675,True,EEG_scientific_feature,0.5925261508220454,0.1303176474367501,0.1303176474367501,2.535281241689397e-05,0.0001014112496675,True,positive,0.5882352941176471,weak,agreement,weak_replicated,moderate_replicated,0.4172858826930751,7.130318,14,7,1059,20008,3.396731287888896,3.9892574387109416,2.06947738889579,2.5734395213353807,4.438216522700676,4.552452781254413,0.5039621324395909,4.228429588160011,negligible,positive,True,22.0,0.0068680672331284,-0.0001755538643857,0.139233346238755,0.5,0.5,0.5,mixed,mixed,17.0,0.011768877838233,0.1052386511879747,0.2977090159764011,0.5882352941176471,0.4117647058823529,0.5882352941176471,positive,weak,weak,not_available,True,17.0,7.0,2.0,22,0.0068680672331284,-0.0001755538643857,0.139233346238755,0.5,0.5,0.5,mixed,mixed,17,0.011768877838233,0.1052386511879747,0.2977090159764011,0.5882352941176471,0.4117647058823529,0.5882352941176471,positive,weak,weak,-0.114316307364513,0.5925261508220454,0.114316307364513,0.5925261508220454,0.7068424581865584,0.7068424581865584,opposite_direction,correct_dominant,target_dissociated,0.1537306237957149,0.0001014112496675,False,True,significant_correct_only,1.4136849163731169,11,correct,alpha,frontal,ratio,0.5925261508220454,0.1303176474367501,0.1303176474367501,2.535281241689397e-05,0.0001014112496675,True,positive,0.5882352941176471,weak,agreement,moderate_replicated,negligible,7.130318,7,replicated_candidate; alpha-band; frontal-region; positive; negligible-effect,7.0,True,True,weak_replicated
correct,alpha_beta_parietal_ratio,1059,20008,7.559328819946231,8.542842623178089,5.407454733288842,5.896268726534624,7.37934077319379,8.219609024502853,0.9835138032318582,0.488813993245782,4.201455187952607,2.848251636495596e-05,0.1202418218023179,negligible,positive,0.0001063347277625,True,EEG_scientific_feature,0.9835138032318582,0.1202418218023179,0.1202418218023179,2.848251636495596e-05,0.0001063347277625,True,positive,0.5882352941176471,weak,agreement,weak_replicated,moderate_replicated,0.4082176396220861,7.120242,20,11,1059,20008,7.559328819946231,8.542842623178089,5.407454733288842,5.896268726534624,7.37934077319379,8.219609024502853,0.488813993245782,4.201455187952607,negligible,positive,True,22.0,-0.0088998782477433,-0.0071468796309285,0.1426602702448964,0.4090909090909091,0.5909090909090909,0.5909090909090909,negative,weak,17.0,0.0371328330699508,0.0382750490663845,0.1867175886361358,0.5882352941176471,0.4117647058823529,0.5882352941176471,positive,weak,weak,not_available,True,17.0,7.0,2.0,22,-0.0088998782477433,-0.0071468796309285,0.1426602702448964,0.4090909090909091,0.5909090909090909,0.5909090909090909,negative,weak,17,0.0371328330699508,0.0382750490663845,0.1867175886361358,0.5882352941176471,0.4117647058823529,0.5882352941176471,positive,weak,weak,-0.1230716605649302,0.9835138032318582,0.1230716605649302,0.9835138032318582,1.1065854637967885,1.1065854637967885,opposite_direction,correct_dominant,target_dissociated,0.3612440624792554,0.0001063347277625,False,True,significant_correct_only,2.213170927593577,7,correct,alpha,parietal,ratio,0.9835138032318582,0.1202418218023179,0.1202418218023179,2.848251636495596e-05,0.0001063347277625,True,positive,0.5882352941176471,weak,agreement,moderate_replicated,negligible,7.120242,11,replicated_candidate; alpha-band; parietal-region; positive; negligible-effect,7.0,True,True,weak_replicated
correct,alpha_rel,1059,20008,0.2155580591621264,0.2330884868868708,0.1899507481693337,0.2056888809138222,0.1357052701277565,0.1354180581138764,0.0175304277247444,0.0157381327444885,4.097230820359266,4.4687129872806026e-05,0.1294403336185308,negligible,positive,0.0001465080516652,True,EEG_scientific_feature,0.0175304277247444,0.1294403336185308,0.1294403336185308,4.4687129872806026e-05,0.0001465080516652,True,positive,0.6470588235294118,weak,agreement,weak_replicated,moderate_replicated,0.4164963002566777,7.12944,16,9,1059,20008,0.2155580591621264,0.2330884868868708,0.1899507481693337,0.2056888809138222,0.1357052701277565,0.1354180581138764,0.0157381327444885,4.097230820359266,negligible,positive,True,22.0,-0.0031567144845136,0.0027394348243675,0.1019434999876411,0.5454545454545454,0.4545454545454545,0.5454545454545454,positive,mixed,17.0,0.0509783235501128,0.0454504463368716,0.1775602368839881,0.6470588235294118,0.3529411764705882,0.6470588235294118,positive,weak,weak,not_available,True,17.0,7.0,2.0,22,-0.0031567144845136,0.0027394348243675,0.1019434999876411,0.5454545454545454,0.4545454545454545,0.5454545454545454,positive,mixed,17,0.0509783235501128,0.0454504463368716,0.1775602368839881,0.6470588235294118,0.3529411764705882,0.6470588235294118,positive,weak,weak,0.0034309465301826,0.0175304277247444,0.0034309465301826,0.0175304277247444,0.0140994811945618,0.0140994811945618,same_direction,weak_both_targets,weak_cross_target_pattern,0.1534755902104805,0.0001465080516652,False,True,significant_correct_only,0.0350608554494888,45,correct,alpha,global,relative_power,0.0175304277247444,0.1294403336185308,0.1294403336185308,4.4687129872806026e-05,0.0001465080516652,True,positive,0.6470588235294118,weak,agreement,moderate_replicated,negligible,7.12944,9,replicated_candidate; alpha-band; global-region; positive; negligible-effect,7.0,True,True,weak_replicated
correct,theta_beta_ratio,1059,20008,5.493911954938681,6.291705080550554,3.4068693718544467,3.972222741917045,6.342670931742388,7.470614067283957,0.7977931256118733,0.5653533700625983,3.950751104674228,8.237550091956377e-05,0.1075474890702915,negligible,positive,0.0002196680024521,True,EEG_scientific_feature,0.7977931256118733,0.1075474890702915,0.1075474890702915,8.237550091956377e-05,0.0002196680024521,True,positive,0.5882352941176471,weak,agreement,weak_replicated,moderate_replicated,0.3967927401632623,7.107547,25,15,1059,20008,5.493911954938681,6.291705080550554,3.4068693718544467,3.972222741917045,6.342670931742388,7.470614067283957,0.5653533700625983,3.950751104674228,negligible,positive,True,22.0,0.004779497052755,0.0087520573773678,0.1049825182098708,0.5909090909090909,0.4090909090909091,0.5909090909090909,positive,weak,17.0,0.0524425815804726,0.0847662864916092,0.3137039530896349,0.5882352941176471,0.4117647058823529,0.5882352941176471,positive,weak,weak,not_available,True,17.0,7.0,2.0,22,0.004779497052755,0.0087520573773678,0.1049825182098708,0.5909090909090909,0.4090909090909091,0.5909090909090909,positive,weak,17,0.0524425815804726,0.0847662864916092,0.3137039530896349,0.5882352941176471,0.4117647058823529,0.5882352941176471,positive,weak,weak,-0.3424385498736004,0.7977931256118733,0.3424385498736004,0.7977931256118733,1.1402316754854738,1.1402316754854738,opposite_direction,correct_dominant,target_dissociated,0.0053448649841291,0.0002196680024521,True,True,significant_both_targets,2.2804633509709475,5,correct,theta,global,ratio,0.7977931256118733,0.1075474890702915,0.1075474890702915,8.237550091956377e-05,0.0002196680024521,True,positive,0.5882352941176471,weak,agreement,moderate_replicated,negligible,7.107547,15,replicated_candidate; theta-band; global-region; positive; negligible-effect,7.0,True,True,weak_replicated
correct,alpha_beta_ratio,1059,20008,4.44795868236746,4.986200218096953,3.058741327547175,3.470083792818456,4.789411469669871,4.825895982705115,0.538241535729493,0.4113424652712805,3.562678697729061,0.000381800127919,0.1115741527988019,negligible,positive,0.0009296003114551,True,EEG_scientific_feature,0.538241535729493,0.1115741527988019,0.1115741527988019,0.000381800127919,0.0009296003114551,True,positive,0.6470588235294118,weak,agreement,weak_replicated,moderate_replicated,0.4004167375189217,7.111574,23,13,1059,20008,4.44795868236746,4.986200218096953,3.058741327547175,3.470083792818456,4.789411469669871,4.825895982705115,0.4113424652712805,3.562678697729061,negligible,positive,True,22.0,-0.0049461318247157,1.643148696604986e-05,0.1389065291916441,0.5,0.5,0.5,mixed,mixed,17.0,0.0461803906299056,0.027962344081358,0.3000689208728265,0.6470588235294118,0.3529411764705882,0.6470588235294118,positive,weak,weak,not_available,True,17.0,7.0,2.0,22,-0.0049461318247157,1.643148696604986e-05,0.1389065291916441,0.5,0.5,0.5,mixed,mixed,17,0.0461803906299056,0.027962344081358,0.3000689208728265,0.6470588235294118,0.3529411764705882,0.6470588235294118,positive,weak,weak,-0.1015785012376735,0.538241535729493,0.1015785012376735,0.538241535729493,0.6398200369671665,0.6398200369671665,opposite_direction,correct_dominant,target_dissociated,0.226355094182684,0.0009296003114551,False,True,significant_correct_only,1.279640073934333,12,correct,alpha,global,ratio,0.538241535729493,0.1115741527988019,0.1115741527988019,0.000381800127919,0.0009296003114551,True,positive,0.6470588235294118,weak,agreement,moderate_replicated,negligible,7.111574,13,replicated_candidate; alpha-band; global-region; positive; negligible-effect,7.0,True,True,weak_replicated
correct,alpha_temporal,1059,20008,1.1847106409695654,1.3850773742871143,0.613016713714967,0.6987007341947108,1.8932778125475511,2.0057432285320704,0.2003667333175489,0.0856840204797437,3.346019659007061,0.0008454520741474,0.100171074318177,negligible,positive,0.001972721506344,True,EEG_scientific_feature,0.2003667333175489,0.100171074318177,0.100171074318177,0.0008454520741474,0.001972721506344,True,positive,0.5882352941176471,weak,agreement,weak_replicated,moderate_replicated,0.3901539668863593,7.100171,29,16,1059,20008,1.1847106409695654,1.3850773742871143,0.613016713714967,0.6987007341947108,1.8932778125475511,2.0057432285320704,0.0856840204797437,3.346019659007061,negligible,positive,True,22.0,0.0162968696228716,0.025018799178911,0.0970860300322215,0.6818181818181818,0.3181818181818182,0.6818181818181818,positive,moderate,17.0,0.0272486358929177,0.0259348503649758,0.1769982665570434,0.5882352941176471,0.4117647058823529,0.5882352941176471,positive,weak,moderate,not_available,True,17.0,7.0,2.0,22,0.0162968696228716,0.025018799178911,0.0970860300322215,0.6818181818181818,0.3181818181818182,0.6818181818181818,positive,moderate,17,0.0272486358929177,0.0259348503649758,0.1769982665570434,0.5882352941176471,0.4117647058823529,0.5882352941176471,positive,weak,moderate,-0.0507766219419318,0.2003667333175489,0.0507766219419318,0.2003667333175489,0.2511433552594806,0.2511433552594806,opposite_direction,correct_dominant,target_dissociated,0.1534755902104805,0.001972721506344,False,True,significant_correct_only,0.5022867105189613,25,correct,alpha,temporal,regional_power,0.2003667333175489,0.100171074318177,0.100171074318177,0.0008454520741474,0.001972721506344,True,positive,0.5882352941176471,weak,agreement,moderate_replicated,negligible,7.100171,16,replicated_candidate; alpha-band; temporal-region; positive; negligible-effect,7.0,True,True,weak_replicated
correct,gamma_frontoparietal_ratio,1059,20008,4.2350290522799945,3.655334085047504,2.5288686630490886,1.6797818921195058,5.570120996384805,5.1995690760825415,-0.5796949672324905,-0.8490867709295828,-3.3112497799609337,0.0009574612765163,-0.1110780447761194,negligible,negative,0.0020622242878812,True,EEG_scientific_feature,-0.5796949672324905,-0.1110780447761194,0.1110780447761194,0.0009574612765163,0.0020622242878812,True,negative,0.5882352941176471,weak,agreement,weak_replicated,moderate_replicated,0.3999702402985075,7.111078,24,14,1059,20008,4.2350290522799945,3.655334085047504,2.5288686630490886,1.6797818921195058,5.570120996384805,5.1995690760825415,-0.8490867709295828,-3.3112497799609337,negligible,negative,True,22.0,0.0260232402428549,-0.035361980038823,0.2505133871276597,0.4090909090909091,0.5909090909090909,0.5909090909090909,negative,weak,17.0,0.0009702615712471,-0.1482127749572843,0.3868091289098094,0.4117647058823529,0.5882352941176471,0.5882352941176471,negative,weak,weak,not_available,True,17.0,7.0,2.0,22,0.0260232402428549,-0.035361980038823,0.2505133871276597,0.4090909090909091,0.5909090909090909,0.5909090909090909,negative,weak,17,0.0009702615712471,-0.1482127749572843,0.3868091289098094,0.4117647058823529,0.5882352941176471,0.5882352941176471,negative,weak,weak,-0.2465378010723733,-0.5796949672324905,0.2465378010723733,0.5796949672324905,-0.3331571661601171,0.3331571661601171,same_direction,correct_dominant,target_shared,0.0043090467750375,0.0020622242878812,True,True,significant_both_targets,1.159389934464981,14,correct,gamma,frontoparietal,ratio,-0.5796949672324905,-0.1110780447761194,0.1110780447761194,0.0009574612765163,0.0020622242878812,True,negative,0.5882352941176471,weak,agreement,moderate_replicated,negligible,7.111078,14,replicated_candidate; gamma-band; frontoparietal-region; negative; negligible-effect,7.0,True,True,weak_replicated
correct,beta_frontoparietal_diff,1059,20008,0.0794084499308361,0.0268612256465689,0.0011127848488406,-1.7155367644342447e-05,0.5328531183440398,0.3977675406030794,-0.0525472242842672,-0.0011299402164849,-3.162847891094436,0.0016042972183149,-0.1295457666058473,negligible,negative,0.0029946881408546,True,EEG_scientific_feature,-0.0525472242842672,-0.1295457666058473,0.1295457666058473,0.0016042972183149,0.0029946881408546,True,negative,0.6470588235294118,weak,agreement,weak_replicated,moderate_replicated,0.4165911899452625,7.129546,15,8,1059,20008,0.0794084499308361,0.0268612256465689,0.0011127848488406,-1.7155367644342447e-05,0.5328531183440398,0.3977675406030794,-0.0011299402164849,-3.162847891094436,negligible,negative,True,22.0,0.0150616756497997,0.0103621489766398,0.1535608676781241,0.5454545454545454,0.4545454545454545,0.5454545454545454,positive,mixed,17.0,-0.0394498609501584,-0.0650358100322439,0.3553253601600595,0.3529411764705882,0.6470588235294118,0.6470588235294118,negative,weak,weak,not_available,True,17.0,7.0,2.0,22,0.0150616756497997,0.0103621489766398,0.1535608676781241,0.5454545454545454,0.4545454545454545,0.5454545454545454,positive,mixed,17,-0.0394498609501584,-0.0650358100322439,0.3553253601600595,0.3529411764705882,0.6470588235294118,0.6470588235294118,negative,weak,weak,-0.0004816229401669,-0.0525472242842672,0.0004816229401669,0.0525472242842672,-0.0520656013441003,0.0520656013441003,same_direction,correct_dominant,weak_cross_target_pattern,0.9318645678505734,0.0029946881408546,False,True,significant_correct_only,0.1050944485685344,35,correct,beta,frontoparietal,difference,-0.0525472242842672,-0.1295457666058473,0.1295457666058473,0.0016042972183149,0.0029946881408546,True,negative,0.6470588235294118,weak,agreement,moderate_replicated,negligible,7.129546,8,replicated_candidate; beta-band; frontoparietal-region; negative; negligible-effect,7.0,True,True,weak_replicated
correct,beta_temporal,1059,20008,0.2828101388752191,0.3891441210972583,0.206783283865517,0.2336931596784688,0.3039105370997847,0.4976273015655859,0.1063339822220392,0.0269098758129518,10.65512627192095,1.576156117433395e-25,0.2171282757930247,small,positive,4.4132371288135055e-24,True,EEG_scientific_feature,0.1063339822220392,0.2171282757930247,0.2171282757930247,1.576156117433395e-25,4.4132371288135055e-24,True,positive,0.5294117647058824,mixed,agreement,significant_but_inconsistent,significant_but_inconsistent,0.4954154482137222,5.217128,3,23,1059,20008,0.2828101388752191,0.3891441210972583,0.206783283865517,0.2336931596784688,0.3039105370997847,0.4976273015655859,0.0269098758129518,10.65512627192095,small,positive,True,22.0,-0.0615807150903195,0.0123711741000296,0.343407308798852,0.5909090909090909,0.4090909090909091,0.5909090909090909,positive,weak,17.0,0.0020193839783318,0.0030800889060386,0.2078441837455416,0.5294117647058824,0.4705882352941176,0.5294117647058824,positive,mixed,weak,not_available,True,17.0,6.0,3.0,22,-0.0615807150903195,0.0123711741000296,0.343407308798852,0.5909090909090909,0.4090909090909091,0.5909090909090909,positive,weak,17,0.0020193839783318,0.0030800889060386,0.2078441837455416,0.5294117647058824,0.4705882352941176,0.5294117647058824,positive,mixed,weak,0.0102360165548607,0.1063339822220392,0.0102360165548607,0.1063339822220392,0.0960979656671785,0.0960979656671785,same_direction,correct_dominant,target_preferential,0.226355094182684,4.4132371288135055e-24,False,True,significant_correct_only,0.2126679644440784,31,correct,beta,temporal,regional_power,0.1063339822220392,0.2171282757930247,0.2171282757930247,1.576156117433395e-25,4.4132371288135055e-24,True,positive,0.5294117647058824,mixed,agreement,significant_but_inconsistent,small,5.217128,23,statistically_supported_but_inconsistent; beta-band; temporal-region; positive; small-effect,6.0,True,True,significant_but_inconsistent
correct,theta_rel,1059,20008,0.2325931932349373,0.2573315718389534,0.2111697214930472,0.2350614114945201,0.1250263311024991,0.1275860862263656,0.0247383786040161,0.0238916900014729,6.268550715813226,5.104154664632964e-10,0.1940892963849802,negligible,positive,4.763877686990766e-09,True,EEG_scientific_feature,0.0247383786040161,0.1940892963849802,0.1940892963849802,5.104154664632964e-10,4.763877686990766e-09,True,positive,0.5294117647058824,mixed,agreement,significant_but_inconsistent,significant_but_inconsistent,0.4746803667464822,5.194089,5,24,1059,20008,0.2325931932349373,0.2573315718389534,0.2111697214930472,0.2350614114945201,0.1250263311024991,0.1275860862263656,0.0238916900014729,6.268550715813226,negligible,positive,True,22.0,-0.0145365504845545,-0.0051443364529071,0.1239589740523093,0.4545454545454545,0.5454545454545454,0.5454545454545454,negative,mixed,17.0,0.0867910663605451,0.0267486725345396,0.3271216947006907,0.5294117647058824,0.4705882352941176,0.5294117647058824,positive,mixed,mixed_weak,not_available,True,17.0,6.0,3.0,22,-0.0145365504845545,-0.0051443364529071,0.1239589740523093,0.4545454545454545,0.5454545454545454,0.5454545454545454,negative,mixed,17,0.0867910663605451,0.0267486725345396,0.3271216947006907,0.5294117647058824,0.4705882352941176,0.5294117647058824,positive,mixed,mixed_weak,-0.0025920982226814,0.0247383786040161,0.0025920982226814,0.0247383786040161,0.0273304768266974,0.0273304768266974,opposite_direction,weak_both_targets,weak_cross_target_pattern,0.2365792551830987,4.763877686990766e-09,False,True,significant_correct_only,0.0546609536533949,43,correct,theta,global,relative_power,0.0247383786040161,0.1940892963849802,0.1940892963849802,5.104154664632964e-10,4.763877686990766e-09,True,positive,0.5294117647058824,mixed,agreement,significant_but_inconsistent,negligible,5.194089,24,statistically_supported_but_inconsistent; theta-band; global-region; positive; negligible-effect,6.0,True,True,significant_but_inconsistent
correct,alpha_central,1059,20008,1.023787324842088,1.3151591300007113,0.4880617107911881,0.5945635151894912,1.5643378036978308,1.8967972388876284,0.2913718051586234,0.1065018043983031,5.838381936701799,6.738738423844696e-09,0.1548613622822838,negligible,positive,4.1929927970589225e-08,True,EEG_scientific_feature,0.2913718051586234,0.1548613622822838,0.1548613622822838,6.738738423844696e-09,4.1929927970589225e-08,True,positive,0.5294117647058824,mixed,agreement,significant_but_inconsistent,significant_but_inconsistent,0.4393752260540554,5.154861,8,25,1059,20008,1.023787324842088,1.3151591300007113,0.4880617107911881,0.5945635151894912,1.5643378036978308,1.8967972388876284,0.1065018043983031,5.838381936701799,negligible,positive,True,22.0,-0.0150158622228335,-0.0150111942816996,0.1283688013368238,0.4545454545454545,0.5454545454545454,0.5454545454545454,negative,mixed,17.0,0.0424679598750947,0.0177681990916285,0.1878224523535868,0.5294117647058824,0.4705882352941176,0.5294117647058824,positive,mixed,mixed_weak,not_available,True,17.0,6.0,3.0,22,-0.0150158622228335,-0.0150111942816996,0.1283688013368238,0.4545454545454545,0.5454545454545454,0.5454545454545454,negative,mixed,17,0.0424679598750947,0.0177681990916285,0.1878224523535868,0.5294117647058824,0.4705882352941176,0.5294117647058824,positive,mixed,mixed_weak,-0.0777916514710383,0.2913718051586234,0.0777916514710383,0.2913718051586234,0.3691634566296616,0.3691634566296616,opposite_direction,correct_dominant,target_dissociated,0.013157370794358,4.1929927970589225e-08,True,True,significant_both_targets,0.7383269132593233,19,correct,alpha,central,regional_power,0.2913718051586234,0.1548613622822838,0.1548613622822838,6.7387384238446964e-09,4.1929927970589225e-08,True,positive,0.5294117647058824,mixed,agreement,significant_but_inconsistent,negligible,5.154861,25,statistically_supported_but_inconsistent; alpha-band; central-region; positive; negligible-effect,6.0,True,True,significant_but_inconsistent
correct,theta_frontoparietal_ratio,1059,20008,0.9615093347282856,0.8656380938191695,0.7608401254501825,0.6811663013591982,0.7358048103993945,0.6634199380077775,-0.095871240909116,-0.0796738240909843,-4.151699087112564,3.543647850067478e-05,-0.1436826853394754,negligible,negative,0.0001240276747523,True,EEG_scientific_feature,-0.095871240909116,-0.1436826853394754,0.1436826853394754,3.543647850067478e-05,0.0001240276747523,True,negative,0.5294117647058824,mixed,agreement,significant_but_inconsistent,significant_but_inconsistent,0.4293144168055278,5.143683,10,26,1059,20008,0.9615093347282856,0.8656380938191695,0.7608401254501825,0.6811663013591982,0.7358048103993945,0.6634199380077775,-0.0796738240909843,-4.151699087112564,negligible,negative,True,22.0,0.007059147266353,0.0123552143232427,0.1178773498353339,0.5454545454545454,0.4545454545454545,0.5454545454545454,positive,mixed,17.0,-0.0387700488042177,-0.0184003772783559,0.1319008647886554,0.4705882352941176,0.5294117647058824,0.5294117647058824,negative,mixed,mixed_weak,not_available,True,17.0,6.0,3.0,22,0.007059147266353,0.0123552143232427,0.1178773498353339,0.5454545454545454,0.4545454545454545,0.5454545454545454,positive,mixed,17,-0.0387700488042177,-0.0184003772783559,0.1319008647886554,0.4705882352941176,0.5294117647058824,0.5294117647058824,negative,mixed,mixed_weak,0.0131054124356159,-0.095871240909116,0.0131054124356159,0.095871240909116,-0.1089766533447319,0.1089766533447319,opposite_direction,correct_dominant,target_dissociated,0.2459270338739749,0.0001240276747523,False,True,significant_correct_only,0.2179533066894638,29,correct,theta,frontoparietal,ratio,-0.095871240909116,-0.1436826853394754,0.1436826853394754,3.543647850067478e-05,0.0001240276747523,True,negative,0.5294117647058824,mixed,agreement,significant_but_inconsistent,negligible,5.143683,26,statistically_supported_but_inconsistent; theta-band; frontoparietal-region; negative; negligible-effect,6.0,True,True,significant_but_inconsistent
correct,beta_abs,1059,20008,0.3275863027432677,0.3600098331015069,0.2922746307325617,0.3005269039990337,0.3298249717884696,0.3314115275293761,0.0324235303582391,0.008252273266472,3.116879384107149,0.0018721550892285,0.0978581244466391,negligible,positive,0.0033819575805418,True,EEG_scientific_feature,0.0324235303582391,0.0978581244466391,0.0978581244466391,0.0018721550892285,0.0033819575805418,True,positive,0.5882352941176471,weak,agreement,weak_replicated,moderate_replicated,0.3880723120019752,7.097858,32,17,1059,20008,0.3275863027432677,0.3600098331015069,0.2922746307325617,0.3005269039990337,0.3298249717884696,0.3314115275293761,0.008252273266472,3.116879384107149,negligible,positive,True,22.0,0.0118828398849201,0.0064287775629291,0.1218529682992227,0.5454545454545454,0.4545454545454545,0.5454545454545454,positive,mixed,17.0,0.0006445398145583,0.022617076858297,0.2999088933466001,0.5882352941176471,0.4117647058823529,0.5882352941176471,positive,weak,weak,not_available,True,17.0,6.0,3.0,22,0.0118828398849201,0.0064287775629291,0.1218529682992227,0.5454545454545454,0.4545454545454545,0.5454545454545454,positive,mixed,17,0.0006445398145583,0.022617076858297,0.2999088933466001,0.5882352941176471,0.4117647058823529,0.5882352941176471,positive,weak,weak,0.0058254016788378,0.0324235303582391,0.0058254016788378,0.0324235303582391,0.0265981286794012,0.0265981286794012,same_direction,weak_both_targets,weak_cross_target_pattern,0.2888167647544805,0.0033819575805418,False,True,significant_correct_only,0.0648470607164782,42,correct,beta,global,absolute_power,0.0324235303582391,0.0978581244466391,0.0978581244466391,0.0018721550892285,0.0033819575805418,True,positive,0.5882352941176471,weak,agreement,moderate_replicated,negligible,7.097858,17,replicated_candidate; beta-band; global-region; positive; negligible-effect,6.0,True,True,weak_replicated
correct,beta_frontoparietal_ratio,1059,20008,1.7679985410962409,1.5891910824230326,1.2462087316533097,0.9353212057919228,2.040134848192246,2.034047795105387,-0.178807458673208,-0.3108875258613868,-2.7799710774218607,0.0055233406112999,-0.0878939764907035,negligible,negative,0.0085918631731332,True,EEG_scientific_feature,-0.178807458673208,-0.0878939764907035,0.0878939764907035,0.0055233406112999,0.0085918631731332,True,negative,0.6470588235294118,weak,agreement,weak_replicated,moderate_replicated,0.3791045788416332,7.087894,34,18,1059,20008,1.7679985410962409,1.5891910824230326,1.2462087316533097,0.9353212057919228,2.040134848192246,2.034047795105387,-0.3108875258613868,-2.7799710774218607,negligible,negative,True,22.0,0.0099956186603657,0.0250422045529727,0.1581891824320837,0.5909090909090909,0.4090909090909091,0.5909090909090909,positive,weak,17.0,-0.0452594589488374,-0.0780281715566495,0.3546062538488824,0.3529411764705882,0.6470588235294118,0.6470588235294118,negative,weak,weak,not_available,True,17.0,6.0,3.0,22,0.0099956186603657,0.0250422045529727,0.1581891824320837,0.5909090909090909,0.4090909090909091,0.5909090909090909,positive,weak,17,-0.0452594589488374,-0.0780281715566495,0.3546062538488824,0.3529411764705882,0.6470588235294118,0.6470588235294118,negative,weak,weak,-0.0463761073516613,-0.178807458673208,0.0463761073516613,0.178807458673208,-0.1324313513215467,0.1324313513215467,same_direction,correct_dominant,target_preferential,0.1999256381151888,0.0085918631731332,False,True,significant_correct_only,0.357614917346416,27,correct,beta,frontoparietal,ratio,-0.178807458673208,-0.0878939764907035,0.0878939764907035,0.0055233406112999,0.0085918631731332,True,negative,0.6470588235294118,weak,agreement,moderate_replicated,negligible,7.087894,18,replicated_candidate; beta-band; frontoparietal-region; negative; negligible-effect,6.0,True,True,weak_replicated
correct,beta_occipital,1059,20008,0.4346150702633564,0.4715763372370865,0.329553108125756,0.3345917897434766,0.4443441825152349,0.5407349907374094,0.03696126697373,0.0050386816177206,2.6066864955924167,0.009252837907202,0.0689181029967217,negligible,positive,0.0140042952109003,True,EEG_scientific_feature,0.03696126697373,0.0689181029967217,0.0689181029967217,0.009252837907202,0.0140042952109003,True,positive,0.5882352941176471,weak,agreement,weak_replicated,moderate_replicated,0.3620262926970495,7.068918,37,19,1059,20008,0.4346150702633564,0.4715763372370865,0.329553108125756,0.3345917897434766,0.4443441825152349,0.5407349907374094,0.0050386816177206,2.6066864955924167,negligible,positive,True,22.0,-0.0113323067906554,0.010083622287565,0.10972234743933,0.5909090909090909,0.4090909090909091,0.5909090909090909,positive,weak,17.0,0.0562219765291697,0.075512730773342,0.3285323941092357,0.5882352941176471,0.4117647058823529,0.5882352941176471,positive,weak,weak,not_available,True,17.0,6.0,3.0,22,-0.0113323067906554,0.010083622287565,0.10972234743933,0.5909090909090909,0.4090909090909091,0.5909090909090909,positive,weak,17,0.0562219765291697,0.075512730773342,0.3285323941092357,0.5882352941176471,0.4117647058823529,0.5882352941176471,positive,weak,weak,0.0124622517896336,0.03696126697373,0.0124622517896336,0.03696126697373,0.0244990151840963,0.0244990151840963,same_direction,weak_both_targets,weak_cross_target_pattern,0.1912390089786783,0.0140042952109003,False,True,significant_correct_only,0.07392253394746,40,correct,beta,occipital,regional_power,0.03696126697373,0.0689181029967217,0.0689181029967217,0.009252837907202,0.0140042952109003,True,positive,0.5882352941176471,weak,agreement,moderate_replicated,negligible,7.068918,19,replicated_candidate; beta-band; occipital-region; positive; negligible-effect,6.0,True,True,weak_replicated
correct,theta_alpha_occipital_ratio,1059,20008,1.6724515781258793,1.8355614994811,0.9802415310623648,0.984306794289503,2.167709323595385,2.9412567251459247,0.1631099213552205,0.0040652632271381,2.3374163967642576,0.0195717891216527,0.056103224729366,negligible,positive,0.0288426366003303,True,EEG_scientific_feature,0.1631099213552205,0.056103224729366,0.056103224729366,0.0195717891216527,0.0288426366003303,True,positive,0.5882352941176471,weak,agreement,weak_replicated,moderate_replicated,0.3504929022564294,7.056103,40,21,1059,20008,1.6724515781258793,1.8355614994811,0.9802415310623648,0.984306794289503,2.167709323595385,2.9412567251459247,0.0040652632271381,2.3374163967642576,negligible,positive,True,22.0,0.019958592202797,-0.0003951778382678,0.0885949826535195,0.5,0.5,0.5,mixed,mixed,17.0,0.078780430655667,0.0375691400620294,0.1784651792808863,0.5882352941176471,0.4117647058823529,0.5882352941176471,positive,weak,weak,not_available,True,17.0,6.0,3.0,22,0.019958592202797,-0.0003951778382678,0.0885949826535195,0.5,0.5,0.5,mixed,mixed,17,0.078780430655667,0.0375691400620294,0.1784651792808863,0.5882352941176471,0.4117647058823529,0.5882352941176471,positive,weak,weak,0.0298974587509148,0.1631099213552205,0.0298974587509148,0.1631099213552205,0.1332124626043057,0.1332124626043057,same_direction,correct_dominant,target_preferential,0.5208818257007937,0.0288426366003303,False,True,significant_correct_only,0.326219842710441,28,correct,theta,occipital,ratio,0.1631099213552205,0.056103224729366,0.056103224729366,0.0195717891216527,0.0288426366003303,True,positive,0.5882352941176471,weak,agreement,moderate_replicated,negligible,7.056103,21,replicated_candidate; theta-band; occipital-region; positive; negligible-effect,6.0,True,True,weak_replicated
correct,theta_alpha_parietal_ratio,1059,20008,1.3583158108832687,1.4445347780083753,0.992819805539837,1.024125753667016,1.280285025445438,1.5407776410381198,0.0862189671251065,0.0313059481271791,2.112054858077687,0.0348835632970131,0.0563982204593509,negligible,positive,0.0488369886158184,True,EEG_scientific_feature,0.0862189671251065,0.0563982204593509,0.0563982204593509,0.0348835632970131,0.0488369886158184,True,positive,0.5882352941176471,weak,agreement,weak_replicated,moderate_replicated,0.3507583984134158,7.056398,39,20,1059,20008,1.3583158108832687,1.4445347780083753,0.992819805539837,1.024125753667016,1.280285025445438,1.5407776410381198,0.0313059481271791,2.112054858077687,negligible,positive,True,22.0,0.0181156212203537,-0.0151935362404102,0.1330299133616638,0.4545454545454545,0.5454545454545454,0.5454545454545454,negative,mixed,17.0,0.0576070598231411,0.0484739848887195,0.1923163828450809,0.5882352941176471,0.4117647058823529,0.5882352941176471,positive,weak,weak,not_available,True,17.0,6.0,3.0,22,0.0181156212203537,-0.0151935362404102,0.1330299133616638,0.4545454545454545,0.5454545454545454,0.5454545454545454,negative,mixed,17,0.0576070598231411,0.0484739848887195,0.1923163828450809,0.5882352941176471,0.4117647058823529,0.5882352941176471,positive,weak,weak,-0.021540623757889,0.0862189671251065,0.021540623757889,0.0862189671251065,0.1077595908829955,0.1077595908829955,opposite_direction,correct_dominant,target_dissociated,0.393430396838869,0.0488369886158184,False,True,significant_correct_only,0.215519181765991,30,correct,theta,parietal,ratio,0.0862189671251065,0.0563982204593509,0.0563982204593509,0.0348835632970131,0.0488369886158184,True,positive,0.5882352941176471,weak,agreement,moderate_replicated,negligible,7.056398,20,replicated_candidate; theta-band; parietal-region; positive; negligible-effect,6.0,True,True,weak_replicated
correct,theta_frontoparietal_diff,1059,20008,-0.6745373228121586,-0.9753159822255484,-0.109844360947468,-0.2513247304539397,2.444583008276121,3.095500243326052,-0.3007786594133896,-0.1414803695064717,-3.844162559734912,0.0001270764127851,-0.0980979543414767,negligible,negative,0.000323467232544,True,EEG_scientific_feature,-0.3007786594133896,-0.0980979543414767,0.0980979543414767,0.0001270764127851,0.000323467232544,True,negative,0.5294117647058824,mixed,agreement,significant_but_inconsistent,significant_but_inconsistent,0.388288158907329,5.098098,31,35,1059,20008,-0.6745373228121586,-0.9753159822255484,-0.109844360947468,-0.2513247304539397,2.444583008276121,3.095500243326052,-0.1414803695064717,-3.844162559734912,negligible,negative,True,22.0,0.0072164044764523,0.0012829558183184,0.1255770704033972,0.5454545454545454,0.4545454545454545,0.5454545454545454,positive,mixed,17.0,0.0061598328550241,-0.0620817786206806,0.151810708404082,0.4705882352941176,0.5294117647058824,0.5294117647058824,negative,mixed,mixed_weak,not_available,True,17.0,5.0,4.0,22,0.0072164044764523,0.0012829558183184,0.1255770704033972,0.5454545454545454,0.4545454545454545,0.5454545454545454,positive,mixed,17,0.0061598328550241,-0.0620817786206806,0.151810708404082,0.4705882352941176,0.5294117647058824,0.5294117647058824,negative,mixed,mixed_weak,0.1770006101954757,-0.3007786594133896,0.1770006101954757,0.3007786594133896,-0.4777792696088653,0.4777792696088653,opposite_direction,correct_dominant,target_dissociated,0.000384690812106,0.000323467232544,True,True,significant_both_targets,0.9555585392177306,16,correct,theta,frontoparietal,difference,-0.3007786594133896,-0.0980979543414767,0.0980979543414767,0.0001270764127851,0.000323467232544,True,negative,0.5294117647058824,mixed,agreement,significant_but_inconsistent,negligible,5.098098,35,statistically_supported_but_inconsistent; theta-band; frontoparietal-region; negative; negligible-effect,5.0,True,True,significant_but_inconsistent
correct,delta_frontoparietal_diff,1059,20008,3.052979816942811,1.5334688735747906,0.0001085160439868,-2.993234881037919e-05,15.25456706114462,10.8934484372506,-1.5195109433680205,-0.0001384483927971,-3.1986634691713904,0.0014195169546128,-0.1362394741852295,negligible,negative,0.0029074766612216,True,EEG_scientific_feature,-1.5195109433680205,-0.1362394741852295,0.1362394741852295,0.0014195169546128,0.0029074766612216,True,positive,0.7058823529411765,moderate,disagreement,moderate_replicated,significant_but_inconsistent,0.4226155267667065,5.136239,11,27,1059,20008,3.052979816942811,1.5334688735747906,0.0001085160439868,-2.993234881037919e-05,15.25456706114462,10.8934484372506,-0.0001384483927971,-3.1986634691713904,negligible,negative,True,22.0,-0.0088917986654164,-0.0035818687385868,0.0833683934062379,0.4545454545454545,0.5454545454545454,0.5454545454545454,negative,mixed,17.0,0.0627843531353025,0.0965889029100864,0.1483474735535856,0.7058823529411765,0.2941176470588235,0.7058823529411765,positive,moderate,moderate,not_available,True,17.0,5.0,4.0,22,-0.0088917986654164,-0.0035818687385868,0.0833683934062379,0.4545454545454545,0.5454545454545454,0.5454545454545454,negative,mixed,17,0.0627843531353025,0.0965889029100864,0.1483474735535856,0.7058823529411765,0.2941176470588235,0.7058823529411765,positive,moderate,moderate,-0.2501825786103073,-1.5195109433680205,0.2501825786103073,1.5195109433680205,-1.2693283647577132,1.2693283647577132,same_direction,correct_dominant,target_shared,0.2099856088182827,0.0029074766612216,False,True,significant_correct_only,3.039021886736041,1,correct,delta,frontoparietal,difference,-1.5195109433680205,-0.1362394741852295,0.1362394741852295,0.0014195169546128,0.0029074766612216,True,positive,0.7058823529411765,moderate,disagreement,significant_but_inconsistent,negligible,5.136239,27,statistically_supported_but_inconsistent; delta-band; frontoparietal-region; positive; negligible-effect,5.0,True,True,moderate_replicated
correct,alpha_beta_occipital_ratio,1059,20008,7.870757976968185,8.77865311202578,4.412732252026363,4.914993844084384,9.901325432287116,11.719703108991842,0.9078951350575944,0.5022615920580202,2.8791010796211967,0.0040576913265373,0.078030347565542,negligible,positive,0.0064923061224597,True,EEG_scientific_feature,0.9078951350575944,0.078030347565542,0.078030347565542,0.0040576913265373,0.0064923061224597,True,positive,0.5294117647058824,mixed,agreement,significant_but_inconsistent,significant_but_inconsistent,0.3702273128089878,5.07803,35,37,1059,20008,7.870757976968185,8.77865311202578,4.412732252026363,4.914993844084384,9.901325432287116,11.719703108991842,0.5022615920580202,2.8791010796211967,negligible,positive,True,22.0,-0.010147514905164,0.0075259452461013,0.1096482868230326,0.5454545454545454,0.4545454545454545,0.5454545454545454,positive,mixed,17.0,-0.036713842508474,0.0245095354919788,0.247436655780405,0.5294117647058824,0.4705882352941176,0.5294117647058824,positive,mixed,mixed_weak,not_available,True,17.0,5.0,4.0,22,-0.010147514905164,0.0075259452461013,0.1096482868230326,0.5454545454545454,0.4545454545454545,0.5454545454545454,positive,mixed,17,-0.036713842508474,0.0245095354919788,0.247436655780405,0.5294117647058824,0.4705882352941176,0.5294117647058824,positive,mixed,mixed_weak,-0.3011693679807816,0.9078951350575944,0.3011693679807816,0.9078951350575944,1.209064503038376,1.209064503038376,opposite_direction,correct_dominant,target_dissociated,0.1480707834853794,0.0064923061224597,False,True,significant_correct_only,2.418129006076752,4,correct,alpha,occipital,ratio,0.9078951350575944,0.078030347565542,0.078030347565542,0.0040576913265373,0.0064923061224597,True,positive,0.5294117647058824,mixed,agreement,significant_but_inconsistent,negligible,5.07803,37,statistically_supported_but_inconsistent; alpha-band; occipital-region; positive; negligible-effect,5.0,True,True,significant_but_inconsistent
correct,gamma_temporal,1059,20008,0.1135232011682079,0.1960199075875907,0.0502662104444622,0.063703814192752,0.2436388360371496,0.3720842005226344,0.0824967064193827,0.0134376037482898,10.395890960129725,2.147591775797726e-24,0.2249658894032735,small,positive,4.008837981489088e-23,True,EEG_scientific_feature,0.0824967064193827,0.2249658894032735,0.2249658894032735,2.147591775797726e-24,4.008837981489088e-23,True,negative,0.5882352941176471,weak,disagreement,weak_replicated,significant_but_inconsistent,0.5024693004629461,5.224966,2,22,1059,20008,0.1135232011682079,0.1960199075875907,0.0502662104444622,0.063703814192752,0.2436388360371496,0.3720842005226344,0.0134376037482898,10.395890960129725,small,positive,True,22.0,-0.0565181796486692,0.0202704899014949,0.3493310858182992,0.5909090909090909,0.4090909090909091,0.5909090909090909,positive,weak,17.0,-0.0368005532858521,-0.1385081681207297,0.3972402157267838,0.4117647058823529,0.5882352941176471,0.5882352941176471,negative,weak,weak,not_available,True,17.0,4.0,5.0,22,-0.0565181796486692,0.0202704899014949,0.3493310858182992,0.5909090909090909,0.4090909090909091,0.5909090909090909,positive,weak,17,-0.0368005532858521,-0.1385081681207297,0.3972402157267838,0.4117647058823529,0.5882352941176471,0.5882352941176471,negative,weak,weak,0.0114701590569815,0.0824967064193827,0.0114701590569815,0.0824967064193827,0.0710265473624012,0.0710265473624012,same_direction,correct_dominant,weak_cross_target_pattern,0.0695944480178895,4.008837981489088e-23,False,True,significant_correct_only,0.1649934128387654,32,correct,gamma,temporal,regional_power,0.0824967064193827,0.2249658894032735,0.2249658894032735,2.147591775797726e-24,4.008837981489088e-23,True,negative,0.5882352941176471,weak,disagreement,significant_but_inconsistent,small,5.224966,22,statistically_supported_but_inconsistent; gamma-band; temporal-region; negative; small-effect,4.0,True,True,weak_replicated
correct,gamma_parietal,1059,20008,0.065223980021049,0.0787938423540967,0.0490626903487014,0.0581455403515245,0.073800163997674,0.1107634435490851,0.0135698623330476,0.0090828500028231,5.655971644811494,1.896396451502325e-08,0.1242595828151386,negligible,positive,1.0619820128413021e-07,True,EEG_scientific_feature,0.0135698623330476,0.1242595828151386,0.1242595828151386,1.896396451502325e-08,1.0619820128413021e-07,True,negative,0.5882352941176471,weak,disagreement,weak_replicated,significant_but_inconsistent,0.4118336245336247,5.12426,17,30,1059,20008,0.065223980021049,0.0787938423540967,0.0490626903487014,0.0581455403515245,0.073800163997674,0.1107634435490851,0.0090828500028231,5.655971644811494,negligible,positive,True,22.0,0.0189420586857763,0.0202688948801176,0.1359139147136409,0.6363636363636364,0.3636363636363636,0.6363636363636364,positive,weak,17.0,-0.0595886252238728,-0.1006162409118598,0.3875455348607829,0.4117647058823529,0.5882352941176471,0.5882352941176471,negative,weak,weak,not_available,True,17.0,4.0,5.0,22,0.0189420586857763,0.0202688948801176,0.1359139147136409,0.6363636363636364,0.3636363636363636,0.6363636363636364,positive,weak,17,-0.0595886252238728,-0.1006162409118598,0.3875455348607829,0.4117647058823529,0.5882352941176471,0.5882352941176471,negative,weak,weak,0.0067033358779924,0.0135698623330476,0.0067033358779924,0.0135698623330476,0.0068665264550552,0.0068665264550552,same_direction,weak_both_targets,weak_cross_target_pattern,6.381952089290735e-05,1.0619820128413021e-07,True,True,significant_both_targets,0.0271397246660952,48,correct,gamma,parietal,regional_power,0.0135698623330476,0.1242595828151386,0.1242595828151386,1.896396451502325e-08,1.0619820128413021e-07,True,negative,0.5882352941176471,weak,disagreement,significant_but_inconsistent,negligible,5.12426,30,statistically_supported_but_inconsistent; gamma-band; parietal-region; negative; negligible-effect,4.0,True,True,weak_replicated
correct,gamma_occipital,1059,20008,0.0999053705470938,0.1131454845566236,0.0805149667519542,0.0848295985048592,0.1023366398489485,0.1275592328656856,0.0132401140095298,0.004314631752905,4.0471367137626,5.505991443534681e-05,0.1047373741240041,negligible,positive,0.0001541677604189,True,EEG_scientific_feature,0.0132401140095298,0.1047373741240041,0.1047373741240041,5.505991443534681e-05,0.0001541677604189,True,negative,0.6470588235294118,weak,disagreement,weak_replicated,significant_but_inconsistent,0.3942636367116037,5.104737,26,32,1059,20008,0.0999053705470938,0.1131454845566236,0.0805149667519542,0.0848295985048592,0.1023366398489485,0.1275592328656856,0.004314631752905,4.0471367137626,negligible,positive,True,22.0,0.0230310904732668,0.0133513575859867,0.0978360629189193,0.5909090909090909,0.4090909090909091,0.5909090909090909,positive,weak,17.0,-0.0894587959324887,-0.0548388597736076,0.3848998847228865,0.3529411764705882,0.6470588235294118,0.6470588235294118,negative,weak,weak,not_available,True,17.0,4.0,5.0,22,0.0230310904732668,0.0133513575859867,0.0978360629189193,0.5909090909090909,0.4090909090909091,0.5909090909090909,positive,weak,17,-0.0894587959324887,-0.0548388597736076,0.3848998847228865,0.3529411764705882,0.6470588235294118,0.6470588235294118,negative,weak,weak,0.0153329162954944,0.0132401140095298,0.0153329162954944,0.0132401140095298,-0.0020928022859646,0.0020928022859646,same_direction,weak_both_targets,weak_cross_target_pattern,1.877013265290833e-17,0.0001541677604189,True,True,significant_both_targets,0.0306658325909887,47,correct,gamma,occipital,regional_power,0.0132401140095298,0.1047373741240041,0.1047373741240041,5.505991443534681e-05,0.0001541677604189,True,negative,0.6470588235294118,weak,disagreement,significant_but_inconsistent,negligible,5.104737,32,statistically_supported_but_inconsistent; gamma-band; occipital-region; negative; negligible-effect,4.0,True,True,weak_replicated
correct,alpha_abs,1059,20008,1.5920737336602493,1.865859962254428,0.8401587647960757,0.9797968310771468,2.721546304423211,2.705341134704561,0.2737862285941788,0.1396380662810711,3.1913466946431046,0.0014537383306108,0.1011715846421198,negligible,positive,0.0029074766612216,True,EEG_scientific_feature,0.2737862285941788,0.1011715846421198,0.1011715846421198,0.0014537383306108,0.0029074766612216,True,negative,0.5882352941176471,weak,disagreement,weak_replicated,significant_but_inconsistent,0.3910544261779078,5.101172,28,33,1059,20008,1.5920737336602493,1.865859962254428,0.8401587647960757,0.9797968310771468,2.721546304423211,2.705341134704561,0.1396380662810711,3.1913466946431046,negligible,positive,True,22.0,-0.0042250807189996,0.0240140475402839,0.1410514771988568,0.6363636363636364,0.3636363636363636,0.6363636363636364,positive,weak,17.0,0.0039771690848747,-0.0314873277469293,0.2358383306446129,0.4117647058823529,0.5882352941176471,0.5882352941176471,negative,weak,weak,not_available,True,17.0,4.0,5.0,22,-0.0042250807189996,0.0240140475402839,0.1410514771988568,0.6363636363636364,0.3636363636363636,0.6363636363636364,positive,weak,17,0.0039771690848747,-0.0314873277469293,0.2358383306446129,0.4117647058823529,0.5882352941176471,0.5882352941176471,negative,weak,weak,-0.0458861984524665,0.2737862285941788,0.0458861984524665,0.2737862285941788,0.3196724270466453,0.3196724270466453,opposite_direction,correct_dominant,target_dissociated,0.3015399647253492,0.0029074766612216,False,True,significant_correct_only,0.6393448540932906,23,correct,alpha,global,absolute_power,0.2737862285941788,0.1011715846421198,0.1011715846421198,0.0014537383306108,0.0029074766612216,True,negative,0.5882352941176471,weak,disagreement,significant_but_inconsistent,negligible,5.101172,33,statistically_supported_but_inconsistent; alpha-band; global-region; negative; negligible-effect,4.0,True,True,weak_replicated
correct,delta_parietal,1059,20008,3.772238194453728,3.040661491318321,1.887914082660357,1.7248836295874828,7.701455738626258,5.933544521495236,-0.7315767031354068,-0.1630304530728743,-3.0438112879916424,0.0023902415828268,-0.1212282540480741,negligible,negative,0.0041829227699469,True,EEG_scientific_feature,-0.7315767031354068,-0.1212282540480741,0.1212282540480741,0.0023902415828268,0.0041829227699469,True,positive,0.6470588235294118,weak,disagreement,weak_replicated,significant_but_inconsistent,0.4091054286432666,5.121228,19,31,1059,20008,3.772238194453728,3.040661491318321,1.887914082660357,1.7248836295874828,7.701455738626258,5.933544521495236,-0.1630304530728743,-3.0438112879916424,negligible,negative,True,22.0,0.0076680929570523,-0.0127862519011169,0.1016395423390251,0.4090909090909091,0.5909090909090909,0.5909090909090909,negative,weak,17.0,0.0421458907380785,0.0816931621013528,0.1259700051732963,0.6470588235294118,0.3529411764705882,0.6470588235294118,positive,weak,weak,not_available,True,17.0,4.0,5.0,22,0.0076680929570523,-0.0127862519011169,0.1016395423390251,0.4090909090909091,0.5909090909090909,0.5909090909090909,negative,weak,17,0.0421458907380785,0.0816931621013528,0.1259700051732963,0.6470588235294118,0.3529411764705882,0.6470588235294118,positive,weak,weak,-0.2250862982627182,-0.7315767031354068,0.2250862982627182,0.7315767031354068,-0.5064904048726886,0.5064904048726886,same_direction,correct_dominant,target_shared,0.0286871524647912,0.0041829227699469,True,True,significant_both_targets,1.4631534062708136,10,correct,delta,parietal,regional_power,-0.7315767031354068,-0.1212282540480741,0.1212282540480741,0.0023902415828268,0.0041829227699469,True,positive,0.6470588235294118,weak,disagreement,significant_but_inconsistent,negligible,5.121228,31,statistically_supported_but_inconsistent; delta-band; parietal-region; positive; negligible-effect,4.0,True,True,weak_replicated
correct,delta_abs,1059,20008,5.385088971526914,3.9411313879280176,1.9447458753481093,1.8532234972235948,15.904127973746236,10.633306405815068,-1.443957583598896,-0.0915223781245144,-2.9202144897790414,0.0035686951792311,-0.1317639434412088,negligible,negative,0.0058778508834395,True,EEG_scientific_feature,-1.443957583598896,-0.1317639434412088,0.1317639434412088,0.0035686951792311,0.0058778508834395,True,positive,0.6470588235294118,weak,disagreement,weak_replicated,significant_but_inconsistent,0.4185875490970879,5.131764,13,29,1059,20008,5.385088971526914,3.9411313879280176,1.9447458753481093,1.8532234972235948,15.904127973746236,10.633306405815068,-0.0915223781245144,-2.9202144897790414,negligible,negative,True,22.0,0.0072287228564156,-0.0031531389258265,0.0982734110554901,0.5,0.5,0.5,mixed,mixed,17.0,0.0500998314822681,0.0751932060962368,0.1461365662717453,0.6470588235294118,0.3529411764705882,0.6470588235294118,positive,weak,weak,not_available,True,17.0,4.0,5.0,22,0.0072287228564156,-0.0031531389258265,0.0982734110554901,0.5,0.5,0.5,mixed,mixed,17,0.0500998314822681,0.0751932060962368,0.1461365662717453,0.6470588235294118,0.3529411764705882,0.6470588235294118,positive,weak,weak,-0.3359921307783562,-1.443957583598896,0.3359921307783562,1.443957583598896,-1.1079654528205398,1.1079654528205398,same_direction,correct_dominant,target_shared,0.075235628328045,0.0058778508834395,False,True,significant_correct_only,2.887915167197792,2,correct,delta,global,absolute_power,-1.443957583598896,-0.1317639434412088,0.1317639434412088,0.0035686951792311,0.0058778508834395,True,positive,0.6470588235294118,weak,disagreement,significant_but_inconsistent,negligible,5.131764,29,statistically_supported_but_inconsistent; delta-band; global-region; positive; negligible-effect,4.0,True,True,weak_replicated
correct,delta_central,1059,20008,1.9520497915337744,1.5912508099177396,1.1361888343582678,1.025525717034658,3.4805847153955543,2.655394016256188,-0.3607989816160346,-0.1106631173236096,-3.3225570645943896,0.0009206806685264,-0.1334880864554219,negligible,negative,0.0020622242878812,True,EEG_scientific_feature,-0.3607989816160346,-0.1334880864554219,0.1334880864554219,0.0009206806685264,0.0020622242878812,True,positive,0.5294117647058824,mixed,disagreement,significant_but_inconsistent,significant_but_inconsistent,0.4201392778098797,5.133488,12,28,1059,20008,1.9520497915337744,1.5912508099177396,1.1361888343582678,1.025525717034658,3.4805847153955543,2.655394016256188,-0.1106631173236096,-3.3225570645943896,negligible,negative,True,22.0,-0.0022428497844105,-0.0058486340347987,0.096834868017401,0.4545454545454545,0.5454545454545454,0.5454545454545454,negative,mixed,17.0,0.0159472314857199,0.053237904630791,0.1668033133563518,0.5294117647058824,0.4705882352941176,0.5294117647058824,positive,mixed,mixed_weak,not_available,True,17.0,3.0,6.0,22,-0.0022428497844105,-0.0058486340347987,0.096834868017401,0.4545454545454545,0.5454545454545454,0.5454545454545454,negative,mixed,17,0.0159472314857199,0.053237904630791,0.1668033133563518,0.5294117647058824,0.4705882352941176,0.5294117647058824,positive,mixed,mixed_weak,-0.0850755417405622,-0.3607989816160346,0.0850755417405622,0.3607989816160346,-0.2757234398754724,0.2757234398754724,same_direction,correct_dominant,target_shared,0.0704710631615681,0.0020622242878812,False,True,significant_correct_only,0.7215979632320692,20,correct,delta,central,regional_power,-0.3607989816160346,-0.1334880864554219,0.1334880864554219,0.0009206806685264,0.0020622242878812,True,positive,0.5294117647058824,mixed,disagreement,significant_but_inconsistent,negligible,5.133488,28,statistically_supported_but_inconsistent; delta-band; central-region; positive; negligible-effect,3.0,True,True,significant_but_inconsistent
correct,alpha_frontal,1059,20008,1.0837893013379056,1.2599437016328603,0.5857865071314567,0.6666552918051607,1.7635959279661235,1.7708221704455092,0.1761544002949546,0.0808687846737039,3.16703792214339,0.0015796926762239,0.099496406033894,negligible,positive,0.0029946881408546,True,EEG_scientific_feature,0.1761544002949546,0.099496406033894,0.099496406033894,0.0015796926762239,0.0029946881408546,True,negative,0.6470588235294118,weak,disagreement,weak_replicated,significant_but_inconsistent,0.3895467654305046,5.099496,30,34,1059,20008,1.0837893013379056,1.2599437016328603,0.5857865071314567,0.6666552918051607,1.7635959279661235,1.7708221704455092,0.0808687846737039,3.16703792214339,negligible,positive,True,22.0,-0.0030707927750683,0.0310583704474831,0.1082465587138514,0.5909090909090909,0.4090909090909091,0.5909090909090909,positive,weak,17.0,-0.0117935947338535,-0.0626760015310623,0.2438905060196912,0.3529411764705882,0.6470588235294118,0.6470588235294118,negative,weak,weak,not_available,True,17.0,3.0,6.0,22,-0.0030707927750683,0.0310583704474831,0.1082465587138514,0.5909090909090909,0.4090909090909091,0.5909090909090909,positive,weak,17,-0.0117935947338535,-0.0626760015310623,0.2438905060196912,0.3529411764705882,0.6470588235294118,0.6470588235294118,negative,weak,weak,-0.0242559269682092,0.1761544002949546,0.0242559269682092,0.1761544002949546,0.2004103272631638,0.2004103272631638,opposite_direction,correct_dominant,target_dissociated,0.3941173734800816,0.0029946881408546,False,True,significant_correct_only,0.4008206545263276,26,correct,alpha,frontal,regional_power,0.1761544002949546,0.099496406033894,0.099496406033894,0.0015796926762239,0.0029946881408546,True,negative,0.6470588235294118,weak,disagreement,significant_but_inconsistent,negligible,5.099496,34,statistically_supported_but_inconsistent; alpha-band; frontal-region; negative; negligible-effect,3.0,True,True,weak_replicated
correct,delta_frontoparietal_ratio,1059,20008,1.3653281424165298,1.2958002906109467,1.0237731642555958,0.9829777258862789,1.0157831784273434,1.22007255979228,-0.069527851805583,-0.0407954383693169,-2.146975824099827,0.0319909720903931,-0.0574309172897982,negligible,negative,0.0459357547964619,True,EEG_scientific_feature,-0.069527851805583,-0.0574309172897982,0.0574309172897982,0.0319909720903931,0.0459357547964619,True,positive,0.6470588235294118,weak,disagreement,weak_replicated,significant_but_inconsistent,0.3516878255608183,5.057431,38,39,1059,20008,1.3653281424165298,1.2958002906109467,1.0237731642555958,0.9829777258862789,1.0157831784273434,1.22007255979228,-0.0407954383693169,-2.146975824099827,negligible,negative,True,22.0,-0.0085554372937001,0.0055259200325376,0.0843500236524558,0.5,0.5,0.5,mixed,mixed,17.0,0.0076183626370432,0.0767235494216667,0.2102876425156623,0.6470588235294118,0.3529411764705882,0.6470588235294118,positive,weak,weak,not_available,True,17.0,3.0,6.0,22,-0.0085554372937001,0.0055259200325376,0.0843500236524558,0.5,0.5,0.5,mixed,mixed,17,0.0076183626370432,0.0767235494216667,0.2102876425156623,0.6470588235294118,0.3529411764705882,0.6470588235294118,positive,weak,weak,0.0091484223653113,-0.069527851805583,0.0091484223653113,0.069527851805583,-0.0786762741708943,0.0786762741708943,opposite_direction,correct_dominant,weak_cross_target_pattern,0.6195672198226734,0.0459357547964619,False,True,significant_correct_only,0.1573525483417886,33,correct,delta,frontoparietal,ratio,-0.069527851805583,-0.0574309172897982,0.0574309172897982,0.0319909720903931,0.0459357547964619,True,positive,0.6470588235294118,weak,disagreement,significant_but_inconsistent,negligible,5.057431,39,statistically_supported_but_inconsistent; delta-band; frontoparietal-region; positive; negligible-effect,3.0,True,True,weak_replicated
correct,delta_theta_ratio,1059,20008,3.909952877027022,2.795376200752407,1.9583703402328687,1.6045465472467373,8.468209170134681,11.647272012623818,-1.1145766762746154,-0.3538237929861314,-4.083613705757981,4.709187374955531e-05,-0.0968475666364546,negligible,negative,0.0001465080516652,True,EEG_scientific_feature,-1.1145766762746154,-0.0968475666364546,0.0968475666364546,4.709187374955531e-05,0.0001465080516652,True,positive,0.5294117647058824,mixed,disagreement,significant_but_inconsistent,significant_but_inconsistent,0.3871628099728091,5.096848,33,36,1059,20008,3.909952877027022,2.795376200752407,1.9583703402328687,1.6045465472467373,8.468209170134681,11.647272012623818,-0.3538237929861314,-4.083613705757981,negligible,negative,True,22.0,-0.0001899903231637,-0.0103091462388365,0.0921890152883362,0.4090909090909091,0.5909090909090909,0.5909090909090909,negative,weak,17.0,-0.0551064548574582,0.0119751868871558,0.2208501199178265,0.5294117647058824,0.4705882352941176,0.5294117647058824,positive,mixed,weak,not_available,True,17.0,2.0,7.0,22,-0.0001899903231637,-0.0103091462388365,0.0921890152883362,0.4090909090909091,0.5909090909090909,0.5909090909090909,negative,weak,17,-0.0551064548574582,0.0119751868871558,0.2208501199178265,0.5294117647058824,0.4705882352941176,0.5294117647058824,positive,mixed,weak,-0.4211713678033959,-1.1145766762746154,0.4211713678033959,1.1145766762746154,-0.6934053084712195,0.6934053084712195,same_direction,correct_dominant,target_shared,0.0528720554185598,0.0001465080516652,False,True,significant_correct_only,2.229153352549231,6,correct,delta,global,ratio,-1.1145766762746154,-0.0968475666364546,0.0968475666364546,4.709187374955531e-05,0.0001465080516652,True,positive,0.5294117647058824,mixed,disagreement,significant_but_inconsistent,negligible,5.096848,36,statistically_supported_but_inconsistent; delta-band; global-region; positive; negligible-effect,2.0,True,True,significant_but_inconsistent
correct,beta_central,1059,20008,0.1880137428671653,0.2039915543447625,0.1610269466849665,0.1679349199595506,0.1695953134463558,0.2089906623791523,0.0159778114775971,0.0069079732745841,2.949607716160606,0.0032417313755826,0.0771164318879058,negligible,positive,0.0055011199100795,True,EEG_scientific_feature,0.0159778114775971,0.0771164318879058,0.0771164318879058,0.0032417313755826,0.0055011199100795,True,negative,0.5294117647058824,mixed,disagreement,significant_but_inconsistent,significant_but_inconsistent,0.3694047886991152,5.077116,36,38,1059,20008,0.1880137428671653,0.2039915543447625,0.1610269466849665,0.1679349199595506,0.1695953134463558,0.2089906623791523,0.0069079732745841,2.949607716160606,negligible,positive,True,22.0,-0.0091083612602006,0.017305056347534,0.1453574424644503,0.5909090909090909,0.4090909090909091,0.5909090909090909,positive,weak,17.0,-0.087277461092839,-0.0573648282093374,0.3204597302611313,0.4705882352941176,0.5294117647058824,0.5294117647058824,negative,mixed,weak,not_available,True,17.0,2.0,7.0,22,-0.0091083612602006,0.017305056347534,0.1453574424644503,0.5909090909090909,0.4090909090909091,0.5909090909090909,positive,weak,17,-0.087277461092839,-0.0573648282093374,0.3204597302611313,0.4705882352941176,0.5294117647058824,0.5294117647058824,negative,mixed,weak,0.0062002185686043,0.0159778114775971,0.0062002185686043,0.0159778114775971,0.0097775929089928,0.0097775929089928,same_direction,weak_both_targets,weak_cross_target_pattern,0.075235628328045,0.0055011199100795,False,True,significant_correct_only,0.0319556229551942,46,correct,beta,central,regional_power,0.0159778114775971,0.0771164318879058,0.0771164318879058,0.0032417313755826,0.0055011199100795,True,negative,0.5294117647058824,mixed,disagreement,significant_but_inconsistent,negligible,5.077116,38,statistically_supported_but_inconsistent; beta-band; central-region; negative; negligible-effect,2.0,True,True,significant_but_inconsistent
correct,alpha_frontoparietal_ratio,1059,20008,0.5884908981784834,0.568431065140019,0.5044348214626597,0.480124144530659,0.3700377896835199,0.392117422294702,-0.0200598330384644,-0.0243106769320007,-1.713927055130936,0.0868031339206567,-0.0512989091636434,negligible,negative,0.115737511894209,False,EEG_scientific_feature,-0.0200598330384644,-0.0512989091636434,0.0512989091636434,0.0868031339206567,0.115737511894209,False,negative,0.7058823529411765,moderate,agreement,moderately_consistent,non_significant_agreement,0.046169018247279,3.051299,43,41,1059,20008,0.5884908981784834,0.568431065140019,0.5044348214626597,0.480124144530659,0.3700377896835199,0.392117422294702,-0.0243106769320007,-1.713927055130936,negligible,negative,False,22.0,0.0122766388643232,-0.0108589417481033,0.115933650765154,0.4545454545454545,0.5454545454545454,0.5454545454545454,negative,mixed,17.0,-0.0705934872071695,-0.0935569508164402,0.2209857381499035,0.2941176470588235,0.7058823529411765,0.7058823529411765,negative,moderate,moderate,not_available,True,17.0,4.0,5.0,22,0.0122766388643232,-0.0108589417481033,0.115933650765154,0.4545454545454545,0.5454545454545454,0.5454545454545454,negative,mixed,17,-0.0705934872071695,-0.0935569508164402,0.2209857381499035,0.2941176470588235,0.7058823529411765,0.7058823529411765,negative,moderate,moderate,0.0066978027009623,-0.0200598330384644,0.0066978027009623,0.0200598330384644,-0.0267576357394267,0.0267576357394267,opposite_direction,weak_both_targets,weak_cross_target_pattern,0.2988155563626926,0.115737511894209,False,False,not_fdr_significant,0.0535152714788534,44,correct,alpha,frontoparietal,ratio,-0.0200598330384644,-0.0512989091636434,0.0512989091636434,0.0868031339206567,0.115737511894209,False,negative,0.7058823529411765,moderate,agreement,non_significant_agreement,negligible,3.051299,41,directional_candidate; alpha-band; frontoparietal-region; negative; negligible-effect,4.0,False,True,moderately_consistent
correct,delta_occipital,1059,20008,5.362145822148371,5.838291978280698,2.0575060160394174,1.967031864717606,11.92370834792415,27.83800129153247,0.4761461561323274,-0.0904741513218114,1.1448134429603665,0.2524430963874046,0.0174660790826604,negligible,positive,0.314151408837659,False,EEG_scientific_feature,0.4761461561323274,0.0174660790826604,0.0174660790826604,0.2524430963874046,0.314151408837659,False,positive,0.6470588235294118,weak,agreement,weak_or_unresolved,non_significant_agreement,0.0157194711743943,3.017466,50,45,1059,20008,5.362145822148371,5.838291978280698,2.0575060160394174,1.967031864717606,11.92370834792415,27.83800129153247,-0.0904741513218114,1.1448134429603665,negligible,positive,False,22.0,0.0096595477497744,0.0202226940751393,0.0994514137861005,0.5454545454545454,0.4545454545454545,0.5454545454545454,positive,mixed,17.0,0.0388419751301787,0.0337134178161626,0.1533051450676223,0.6470588235294118,0.3529411764705882,0.6470588235294118,positive,weak,weak,not_available,True,17.0,3.0,6.0,22,0.0096595477497744,0.0202226940751393,0.0994514137861005,0.5454545454545454,0.4545454545454545,0.5454545454545454,positive,mixed,17,0.0388419751301787,0.0337134178161626,0.1533051450676223,0.6470588235294118,0.3529411764705882,0.6470588235294118,positive,weak,weak,0.4747954999468851,0.4761461561323274,0.4747954999468851,0.4761461561323274,0.0013506561854423,0.0013506561854423,same_direction,correct_dominant,target_shared,0.288006678655872,0.314151408837659,False,False,not_fdr_significant,0.9522923122646548,17,correct,delta,occipital,regional_power,0.4761461561323274,0.0174660790826604,0.0174660790826604,0.2524430963874046,0.314151408837659,False,positive,0.6470588235294118,weak,agreement,non_significant_agreement,negligible,3.017466,45,directional_candidate; delta-band; occipital-region; positive; negligible-effect,3.0,False,True,weak_or_unresolved
correct,gamma_rel,1059,20008,0.0331706707517426,0.0319173897034909,0.0234208460716408,0.023176923774843,0.0352938300042268,0.0325280256118003,-0.0012532810482517,-0.0002439222967977,-1.1304417224405223,0.258524798658871,-0.0383588679762054,negligible,negative,0.3147258418455821,False,EEG_scientific_feature,-0.0012532810482517,-0.0383588679762054,0.0383588679762054,0.258524798658871,0.3147258418455821,False,negative,0.5882352941176471,weak,agreement,weak_or_unresolved,non_significant_agreement,0.0345229811785848,3.038359,44,42,1059,20008,0.0331706707517426,0.0319173897034909,0.0234208460716408,0.023176923774843,0.0352938300042268,0.0325280256118003,-0.0002439222967977,-1.1304417224405223,negligible,negative,False,22.0,0.0263138658880355,0.0210692636781099,0.126564350549995,0.5454545454545454,0.4545454545454545,0.5454545454545454,positive,mixed,17.0,-0.1016647240431666,-0.0680082285851119,0.3599035361120348,0.4117647058823529,0.5882352941176471,0.5882352941176471,negative,weak,weak,not_available,True,17.0,3.0,6.0,22,0.0263138658880355,0.0210692636781099,0.126564350549995,0.5454545454545454,0.4545454545454545,0.5454545454545454,positive,mixed,17,-0.1016647240431666,-0.0680082285851119,0.3599035361120348,0.4117647058823529,0.5882352941176471,0.5882352941176471,negative,weak,weak,0.0002476360551346,-0.0012532810482517,0.0002476360551346,0.0012532810482517,-0.0015009171033863,0.0015009171033863,opposite_direction,weak_both_targets,weak_cross_target_pattern,0.6195672198226734,0.3147258418455821,False,False,not_fdr_significant,0.0030018342067726,55,correct,gamma,global,relative_power,-0.0012532810482517,-0.0383588679762054,0.0383588679762054,0.258524798658871,0.3147258418455821,False,negative,0.5882352941176471,weak,agreement,non_significant_agreement,negligible,3.038359,42,directional_candidate; gamma-band; global-region; negative; negligible-effect,3.0,False,True,weak_or_unresolved
correct,beta_rel,1059,20008,0.0685450647431852,0.0669976540169138,0.0596570245140746,0.0573598420523278,0.0470188407948696,0.0451776378262177,-0.0015474107262714,-0.0022971824617467,-1.0457356766213797,0.2959002353491021,-0.0341803801682514,negligible,negative,0.352561982543611,False,EEG_scientific_feature,-0.0015474107262714,-0.0341803801682514,0.0341803801682514,0.2959002353491021,0.352561982543611,False,negative,0.5882352941176471,weak,agreement,weak_or_unresolved,non_significant_agreement,0.0307623421514262,3.03418,45,43,1059,20008,0.0685450647431852,0.0669976540169138,0.0596570245140746,0.0573598420523278,0.0470188407948696,0.0451776378262177,-0.0022971824617467,-1.0457356766213797,negligible,negative,False,22.0,0.0105390336599697,0.0168174660327096,0.0752237173807767,0.5454545454545454,0.4545454545454545,0.5454545454545454,positive,mixed,17.0,0.0040036139019546,-0.0116664289571332,0.2898266178668848,0.4117647058823529,0.5882352941176471,0.5882352941176471,negative,weak,weak,not_available,True,17.0,3.0,6.0,22,0.0105390336599697,0.0168174660327096,0.0752237173807767,0.5454545454545454,0.4545454545454545,0.5454545454545454,positive,mixed,17,0.0040036139019546,-0.0116664289571332,0.2898266178668848,0.4117647058823529,0.5882352941176471,0.5882352941176471,negative,weak,weak,0.0014700022763138,-0.0015474107262714,0.0014700022763138,0.0015474107262714,-0.0030174130025852,0.0030174130025852,opposite_direction,weak_both_targets,weak_cross_target_pattern,0.0624524551161886,0.352561982543611,False,False,not_fdr_significant,0.0060348260051704,54,correct,beta,global,relative_power,-0.0015474107262714,-0.0341803801682514,0.0341803801682514,0.2959002353491021,0.352561982543611,False,negative,0.5882352941176471,weak,agreement,non_significant_agreement,negligible,3.03418,43,directional_candidate; beta-band; global-region; negative; negligible-effect,3.0,False,True,weak_or_unresolved
correct,gamma_frontal,1059,20008,0.1942844810516815,0.1846980161819798,0.1331482729377779,0.1111791377994493,0.6237166246533898,0.3395621889019984,-0.0095864648697016,-0.0219691351383286,-0.4962940535728096,0.6197868914981668,-0.0266857335426586,negligible,negative,0.6941613184779467,False,EEG_scientific_feature,-0.0095864648697016,-0.0266857335426586,0.0266857335426586,0.6197868914981668,0.6941613184779467,False,negative,0.6470588235294118,weak,agreement,weak_or_unresolved,non_significant_agreement,0.0240171601883927,3.026686,48,44,1059,20008,0.1942844810516815,0.1846980161819798,0.1331482729377779,0.1111791377994493,0.6237166246533898,0.3395621889019984,-0.0219691351383286,-0.4962940535728096,negligible,negative,False,22.0,0.0201437446285349,0.0143858938803237,0.1828667512902601,0.5454545454545454,0.4545454545454545,0.5454545454545454,positive,mixed,17.0,-0.0185708552725713,-0.0854695744567192,0.3811722512965448,0.3529411764705882,0.6470588235294118,0.6470588235294118,negative,weak,weak,not_available,True,17.0,3.0,6.0,22,0.0201437446285349,0.0143858938803237,0.1828667512902601,0.5454545454545454,0.4545454545454545,0.5454545454545454,positive,mixed,17,-0.0185708552725713,-0.0854695744567192,0.3811722512965448,0.3529411764705882,0.6470588235294118,0.6470588235294118,negative,weak,weak,0.0004946483939569,-0.0095864648697016,0.0004946483939569,0.0095864648697016,-0.0100811132636585,0.0100811132636585,opposite_direction,weak_both_targets,weak_cross_target_pattern,0.9318645678505734,0.6941613184779467,False,False,not_fdr_significant,0.020162226527317,50,correct,gamma,frontal,regional_power,-0.0095864648697016,-0.0266857335426586,0.0266857335426586,0.6197868914981668,0.6941613184779467,False,negative,0.6470588235294118,weak,agreement,non_significant_agreement,negligible,3.026686,44,directional_candidate; gamma-band; frontal-region; negative; negligible-effect,3.0,False,True,weak_or_unresolved
correct,theta_alpha_ratio,1059,20008,1.5621931275094916,1.5782094910205775,1.1979245870546449,1.2054665446477375,1.3471663615604044,1.4326746537867945,0.0160163635110861,0.0075419575930928,0.3758081401078487,0.7071266167373033,0.0112119990113349,negligible,positive,0.7615209718709419,False,EEG_scientific_feature,0.0160163635110861,0.0112119990113349,0.0112119990113349,0.7071266167373033,0.7615209718709419,False,positive,0.5882352941176471,weak,agreement,weak_or_unresolved,non_significant_agreement,0.0100907991102014,3.011212,52,46,1059,20008,1.5621931275094916,1.5782094910205775,1.1979245870546449,1.2054665446477375,1.3471663615604044,1.4326746537867945,0.0075419575930928,0.3758081401078487,negligible,positive,False,22.0,0.0137207920595349,0.0072135815711985,0.0770640189607318,0.5454545454545454,0.4545454545454545,0.5454545454545454,positive,mixed,17.0,0.0598512038501326,0.0618279945127793,0.1992110266949138,0.5882352941176471,0.4117647058823529,0.5882352941176471,positive,weak,weak,not_available,True,17.0,3.0,6.0,22,0.0137207920595349,0.0072135815711985,0.0770640189607318,0.5454545454545454,0.4545454545454545,0.5454545454545454,positive,mixed,17,0.0598512038501326,0.0618279945127793,0.1992110266949138,0.5882352941176471,0.4117647058823529,0.5882352941176471,positive,weak,weak,-0.0195697834671273,0.0160163635110861,0.0195697834671273,0.0160163635110861,0.0355861469782134,0.0355861469782134,opposite_direction,weak_both_targets,weak_cross_target_pattern,0.3941173734800816,0.7615209718709419,False,False,not_fdr_significant,0.0711722939564268,41,correct,theta,global,ratio,0.0160163635110861,0.0112119990113349,0.0112119990113349,0.7071266167373033,0.7615209718709419,False,positive,0.5882352941176471,weak,agreement,non_significant_agreement,negligible,3.011212,46,directional_candidate; theta-band; global-region; positive; negligible-effect,3.0,False,True,weak_or_unresolved
correct,theta_alpha_temporal_ratio,1059,20008,1.774175424213326,1.7642706125233545,1.223554303675093,1.187143326243831,1.7540660250091369,1.9761406690578585,-0.0099048116899713,-0.0364109774312622,-0.177880994922014,0.858846343090904,-0.0050391154361881,negligible,negative,0.8906554669090857,False,EEG_scientific_feature,-0.0099048116899713,-0.0050391154361881,0.0050391154361881,0.858846343090904,0.8906554669090857,False,negative,0.5882352941176471,weak,agreement,weak_or_unresolved,non_significant_agreement,0.0045352038925692,3.005039,55,47,1059,20008,1.774175424213326,1.7642706125233545,1.223554303675093,1.187143326243831,1.7540660250091369,1.9761406690578585,-0.0364109774312622,-0.177880994922014,negligible,negative,False,22.0,0.0003842089452644,-0.0043749302208013,0.1061904585230957,0.4545454545454545,0.5454545454545454,0.5454545454545454,negative,mixed,17.0,0.058508311526769,-0.019445121900486,0.1844772851206481,0.4117647058823529,0.5882352941176471,0.5882352941176471,negative,weak,weak,not_available,True,17.0,3.0,6.0,22,0.0003842089452644,-0.0043749302208013,0.1061904585230957,0.4545454545454545,0.5454545454545454,0.5454545454545454,negative,mixed,17,0.058508311526769,-0.019445121900486,0.1844772851206481,0.4117647058823529,0.5882352941176471,0.5882352941176471,negative,weak,weak,-0.0404204162061454,-0.0099048116899713,0.0404204162061454,0.0099048116899713,0.030515604516174,0.030515604516174,same_direction,weak_both_targets,weak_cross_target_pattern,0.2325156448518141,0.8906554669090857,False,False,not_fdr_significant,0.0808408324122908,36,correct,theta,temporal,ratio,-0.0099048116899713,-0.0050391154361881,0.0050391154361881,0.858846343090904,0.8906554669090857,False,negative,0.5882352941176471,weak,agreement,non_significant_agreement,negligible,3.005039,47,directional_candidate; theta-band; temporal-region; negative; negligible-effect,3.0,False,True,weak_or_unresolved
correct,theta_alpha_central_ratio,1059,20008,1.573943495672917,1.5751106793955842,1.148414293605131,1.129634527630889,1.4038049501023289,1.515809097770489,0.0011671837226672,-0.0187797659742419,0.02625893595596,0.9790552018633376,0.0007727739828918,negligible,positive,0.9790552018633376,False,EEG_scientific_feature,0.0011671837226672,0.0007727739828918,0.0007727739828918,0.9790552018633376,0.9790552018633376,False,positive,0.6470588235294118,weak,agreement,weak_or_unresolved,non_significant_agreement,0.0006954965846026,3.000773,56,48,1059,20008,1.573943495672917,1.5751106793955842,1.148414293605131,1.129634527630889,1.4038049501023289,1.515809097770489,-0.0187797659742419,0.02625893595596,negligible,positive,False,22.0,0.0240558146301228,0.0018794202919669,0.0971318279290581,0.5909090909090909,0.4090909090909091,0.5909090909090909,positive,weak,17.0,0.0192306820462131,0.024672152042746,0.1678111824226006,0.6470588235294118,0.3529411764705882,0.6470588235294118,positive,weak,weak,not_available,True,17.0,3.0,6.0,22,0.0240558146301228,0.0018794202919669,0.0971318279290581,0.5909090909090909,0.4090909090909091,0.5909090909090909,positive,weak,17,0.0192306820462131,0.024672152042746,0.1678111824226006,0.6470588235294118,0.3529411764705882,0.6470588235294118,positive,weak,weak,-0.0040230730696786,0.0011671837226672,0.0040230730696786,0.0011671837226672,0.0051902567923458,0.0051902567923458,opposite_direction,weak_both_targets,weak_cross_target_pattern,0.8787550533952064,0.9790552018633376,False,False,not_fdr_significant,0.0103805135846915,52,correct,theta,central,ratio,0.0011671837226672,0.0007727739828918,0.0007727739828918,0.9790552018633376,0.9790552018633376,False,positive,0.6470588235294118,weak,agreement,non_significant_agreement,negligible,3.000773,48,directional_candidate; theta-band; central-region; positive; negligible-effect,3.0,False,True,weak_or_unresolved
correct,alpha_frontoparietal_diff,1059,20008,-1.6191819604859878,-1.864980307351118,-0.4925413445312691,-0.5953570809919919,3.796129585138073,3.823720691654748,-0.2457983468651301,-0.1028157364607228,-2.0527081569515917,0.0403220684217714,-0.0643057311497376,negligible,negative,0.0550740446736389,False,EEG_scientific_feature,-0.2457983468651301,-0.0643057311497376,0.0643057311497376,0.0403220684217714,0.0550740446736389,False,negative,0.5294117647058824,mixed,agreement,weak_or_unresolved,non_significant_agreement,0.0578751580347638,3.064306,41,40,1059,20008,-1.6191819604859878,-1.864980307351118,-0.4925413445312691,-0.5953570809919919,3.796129585138073,3.823720691654748,-0.1028157364607228,-2.052708156951592,negligible,negative,False,22.0,0.0097489374978101,0.0002832907681079,0.1217687411757598,0.5454545454545454,0.4545454545454545,0.5454545454545454,positive,mixed,17.0,-0.0308501991692553,-0.0426794577245955,0.2167819097670074,0.4705882352941176,0.5294117647058824,0.5294117647058824,negative,mixed,mixed_weak,not_available,True,17.0,2.0,7.0,22,0.0097489374978101,0.0002832907681079,0.1217687411757598,0.5454545454545454,0.4545454545454545,0.5454545454545454,positive,mixed,17,-0.0308501991692553,-0.0426794577245955,0.2167819097670074,0.4705882352941176,0.5294117647058824,0.5294117647058824,negative,mixed,mixed_weak,0.0684199667011435,-0.2457983468651301,0.0684199667011435,0.2457983468651301,-0.3142183135662736,0.3142183135662736,opposite_direction,correct_dominant,target_dissociated,0.288006678655872,0.0550740446736389,False,False,not_fdr_significant,0.6284366271325472,24,correct,alpha,frontoparietal,difference,-0.2457983468651301,-0.0643057311497376,0.0643057311497376,0.0403220684217714,0.0550740446736389,False,negative,0.5294117647058824,mixed,agreement,non_significant_agreement,negligible,3.064306,40,directional_candidate; alpha-band; frontoparietal-region; negative; negligible-effect,2.0,False,True,weak_or_unresolved
correct,delta_temporal,1059,20008,2.724240641908163,2.4736161138832182,1.4309408177573415,1.234178312660049,5.609927026776439,7.703896529752618,-0.2506245280249448,-0.1967625050972925,-1.386290949512485,0.1658996761992047,-0.0329228639910991,negligible,negative,0.2160553922594293,False,EEG_scientific_feature,-0.2506245280249448,-0.0329228639910991,0.0329228639910991,0.1658996761992047,0.2160553922594293,False,positive,0.6470588235294118,weak,disagreement,weak_or_unresolved,weak_or_unresolved,0.0296305775919891,1.032923,46,50,1059,20008,2.724240641908163,2.4736161138832182,1.4309408177573415,1.234178312660049,5.609927026776439,7.703896529752618,-0.1967625050972925,-1.386290949512485,negligible,negative,False,22.0,-0.0044558976463017,0.0105329155251695,0.077872136332051,0.5909090909090909,0.4090909090909091,0.5909090909090909,positive,weak,17.0,0.052089331966129,0.0902600490670809,0.1413248791186551,0.6470588235294118,0.3529411764705882,0.6470588235294118,positive,weak,weak,not_available,True,17.0,0.0,8.0,22,-0.0044558976463017,0.0105329155251695,0.077872136332051,0.5909090909090909,0.4090909090909091,0.5909090909090909,positive,weak,17,0.052089331966129,0.0902600490670809,0.1413248791186551,0.6470588235294118,0.3529411764705882,0.6470588235294118,positive,weak,weak,-0.3563561735405196,-0.2506245280249448,0.3563561735405196,0.2506245280249448,0.1057316455155748,0.1057316455155748,same_direction,remember_dominant,target_shared,0.0055163795352057,0.2160553922594293,True,False,significant_remember_only,0.7127123470810393,21,correct,delta,temporal,regional_power,-0.2506245280249448,-0.0329228639910991,0.0329228639910991,0.1658996761992047,0.2160553922594293,False,positive,0.6470588235294118,weak,disagreement,weak_or_unresolved,negligible,1.032923,50,weak_or_unresolved; delta-band; temporal-region; positive; negligible-effect,0.0,False,True,weak_or_unresolved
correct,gamma_abs,1059,20008,0.1331259789121805,0.1460820304806362,0.1034048997832818,0.1075010037196615,0.3124551116204284,0.2086560274375206,0.0129560515684556,0.0040961039363797,1.3337274953584817,0.1825671508665955,0.0602417604193382,negligible,positive,0.2323581920120306,False,EEG_scientific_feature,0.0129560515684556,0.0602417604193382,0.0602417604193382,0.1825671508665955,0.2323581920120306,False,negative,0.5882352941176471,weak,disagreement,weak_or_unresolved,weak_or_unresolved,0.0542175843774043,1.060242,42,49,1059,20008,0.1331259789121805,0.1460820304806362,0.1034048997832818,0.1075010037196615,0.3124551116204284,0.2086560274375206,0.0040961039363797,1.3337274953584817,negligible,positive,False,22.0,0.0254953709108666,0.0276360582750616,0.1460266210612827,0.5909090909090909,0.4090909090909091,0.5909090909090909,positive,weak,17.0,-0.0568652427329352,-0.0685925280951577,0.4424956019022688,0.4117647058823529,0.5882352941176471,0.5882352941176471,negative,weak,weak,not_available,True,17.0,0.0,8.0,22,0.0254953709108666,0.0276360582750616,0.1460266210612827,0.5909090909090909,0.4090909090909091,0.5909090909090909,positive,weak,17,-0.0568652427329352,-0.0685925280951577,0.4424956019022688,0.4117647058823529,0.5882352941176471,0.5882352941176471,negative,weak,weak,0.0061325332000337,0.0129560515684556,0.0061325332000337,0.0129560515684556,0.0068235183684219,0.0068235183684219,same_direction,weak_both_targets,weak_cross_target_pattern,0.091290198291162,0.2323581920120306,False,False,not_fdr_significant,0.0259121031369112,49,correct,gamma,global,absolute_power,0.0129560515684556,0.0602417604193382,0.0602417604193382,0.1825671508665955,0.2323581920120306,False,negative,0.5882352941176471,weak,disagreement,weak_or_unresolved,negligible,1.060242,49,weak_or_unresolved; gamma-band; global-region; negative; negligible-effect,0.0,False,True,weak_or_unresolved
correct,alpha_occipital,1059,20008,4.023955499322334,4.349168601747582,1.2860647033559898,1.2946937061404098,11.867870594544655,10.811308458080289,0.3252131024252485,0.00862900278442,0.8727879540657941,0.3829604093532675,0.0299271492552854,negligible,positive,0.4467871442454787,False,EEG_scientific_feature,0.3252131024252485,0.0299271492552854,0.0299271492552854,0.3829604093532675,0.4467871442454787,False,negative,0.5882352941176471,weak,disagreement,weak_or_unresolved,weak_or_unresolved,0.0269344343297568,1.029927,47,51,1059,20008,4.023955499322334,4.349168601747582,1.2860647033559898,1.2946937061404098,11.867870594544655,10.811308458080289,0.00862900278442,0.8727879540657941,negligible,positive,False,22.0,-0.0138085748379195,0.006018385239761,0.1103612745857076,0.5,0.5,0.5,mixed,mixed,17.0,-0.0353875819230478,-0.0226737443574212,0.2244054755285758,0.4117647058823529,0.5882352941176471,0.5882352941176471,negative,weak,weak,not_available,True,17.0,0.0,8.0,22,-0.0138085748379195,0.006018385239761,0.1103612745857076,0.5,0.5,0.5,mixed,mixed,17,-0.0353875819230478,-0.0226737443574212,0.2244054755285758,0.4117647058823529,0.5882352941176471,0.5882352941176471,negative,weak,weak,0.0827543413084308,0.3252131024252485,0.0827543413084308,0.3252131024252485,0.2424587611168177,0.2424587611168177,same_direction,correct_dominant,target_shared,0.6195672198226734,0.4467871442454787,False,False,not_fdr_significant,0.650426204850497,22,correct,alpha,occipital,regional_power,0.3252131024252485,0.0299271492552854,0.0299271492552854,0.3829604093532675,0.4467871442454787,False,negative,0.5882352941176471,weak,disagreement,weak_or_unresolved,negligible,1.029927,51,weak_or_unresolved; alpha-band; occipital-region; negative; negligible-effect,0.0,False,True,weak_or_unresolved
correct,gamma_central,1059,20008,0.0573332652382607,0.0605572873550719,0.0425379253109407,0.04433684681024,0.1202826815614553,0.1588784137996108,0.0032240221168111,0.0017989214992992,0.8345702000379374,0.4041177145675652,0.0205134634057944,negligible,positive,0.4618488166486459,False,EEG_scientific_feature,0.0032240221168111,0.0205134634057944,0.0205134634057944,0.4041177145675652,0.4618488166486459,False,negative,0.6470588235294118,weak,disagreement,weak_or_unresolved,weak_or_unresolved,0.0184621170652149,1.020513,49,52,1059,20008,0.0573332652382607,0.0605572873550719,0.0425379253109407,0.04433684681024,0.1202826815614553,0.1588784137996108,0.0017989214992992,0.8345702000379374,negligible,positive,False,22.0,0.0145582842464065,0.0427861302894467,0.1595306176223097,0.6363636363636364,0.3636363636363636,0.6363636363636364,positive,weak,17.0,-0.1854763733313305,-0.0566883528600988,0.4396663151475614,0.3529411764705882,0.6470588235294118,0.6470588235294118,negative,weak,weak,not_available,True,17.0,0.0,8.0,22,0.0145582842464065,0.0427861302894467,0.1595306176223097,0.6363636363636364,0.3636363636363636,0.6363636363636364,positive,weak,17,-0.1854763733313305,-0.0566883528600988,0.4396663151475614,0.3529411764705882,0.6470588235294118,0.6470588235294118,negative,weak,weak,0.0055102751278641,0.0032240221168111,0.0055102751278641,0.0032240221168111,-0.002286253011053,0.002286253011053,same_direction,weak_both_targets,weak_cross_target_pattern,0.0298705373269322,0.4618488166486459,True,False,significant_remember_only,0.0110205502557282,51,correct,gamma,central,regional_power,0.0032240221168111,0.0205134634057944,0.0205134634057944,0.4041177145675652,0.4618488166486459,False,negative,0.6470588235294118,weak,disagreement,weak_or_unresolved,negligible,1.020513,52,weak_or_unresolved; gamma-band; central-region; negative; negligible-effect,0.0,False,True,weak_or_unresolved
correct,theta_alpha_frontal_ratio,1059,20008,2.059159952269411,2.0311709308202515,1.435996493993112,1.4755024791220157,1.9335042240430755,2.012028772766792,-0.0279890214491596,0.0395059851289036,-0.4581295611968201,0.6469435330429169,-0.0139376584825778,negligible,negative,0.7103693696157518,False,EEG_scientific_feature,-0.0279890214491596,-0.0139376584825778,0.0139376584825778,0.6469435330429169,0.7103693696157518,False,positive,0.5882352941176471,weak,disagreement,weak_or_unresolved,weak_or_unresolved,0.01254389263432,1.013938,51,53,1059,20008,2.059159952269411,2.0311709308202515,1.435996493993112,1.4755024791220157,1.9335042240430755,2.012028772766792,0.0395059851289036,-0.4581295611968201,negligible,negative,False,22.0,0.01020240238654,0.0102901272273364,0.0850637524403923,0.6363636363636364,0.3636363636363636,0.6363636363636364,positive,weak,17.0,0.055659694624723,0.0808250903691507,0.2315418556321866,0.5882352941176471,0.4117647058823529,0.5882352941176471,positive,weak,weak,not_available,True,17.0,0.0,8.0,22,0.01020240238654,0.0102901272273364,0.0850637524403923,0.6363636363636364,0.3636363636363636,0.6363636363636364,positive,weak,17,0.055659694624723,0.0808250903691507,0.2315418556321866,0.5882352941176471,0.4117647058823529,0.5882352941176471,positive,weak,weak,-0.0374592341778501,-0.0279890214491596,0.0374592341778501,0.0279890214491596,0.0094702127286904,0.0094702127286904,same_direction,weak_both_targets,weak_cross_target_pattern,0.27700194077565,0.7103693696157518,False,False,not_fdr_significant,0.0749184683557002,39,correct,theta,frontal,ratio,-0.0279890214491596,-0.0139376584825778,0.0139376584825778,0.6469435330429169,0.7103693696157518,False,positive,0.5882352941176471,weak,disagreement,weak_or_unresolved,negligible,1.013938,53,weak_or_unresolved; theta-band; frontal-region; positive; negligible-effect,0.0,False,True,weak_or_unresolved
correct,alpha_beta_temporal_ratio,1059,20008,4.558117521332053,4.52633818464675,2.921570820447669,2.9727256281207333,5.213145659924392,4.922982517974408,-0.0317793366853029,0.0511548076730643,-0.1938554301183805,0.8463230204581924,-0.0064357181233943,negligible,negative,0.8906554669090857,False,EEG_scientific_feature,-0.0317793366853029,-0.0064357181233943,0.0064357181233943,0.8463230204581924,0.8906554669090857,False,positive,0.5882352941176471,weak,disagreement,weak_or_unresolved,weak_or_unresolved,0.0057921463110548,1.006436,53,54,1059,20008,4.558117521332053,4.52633818464675,2.921570820447669,2.9727256281207333,5.213145659924392,4.922982517974408,0.0511548076730643,-0.1938554301183805,negligible,negative,False,22.0,0.0523368059108568,0.0315087420271479,0.1486178561793478,0.5909090909090909,0.4090909090909091,0.5909090909090909,positive,weak,17.0,0.0649429906876725,0.0617200039401055,0.2467043589216244,0.5882352941176471,0.4117647058823529,0.5882352941176471,positive,weak,weak,not_available,True,17.0,0.0,8.0,22,0.0523368059108568,0.0315087420271479,0.1486178561793478,0.5909090909090909,0.4090909090909091,0.5909090909090909,positive,weak,17,0.0649429906876725,0.0617200039401055,0.2467043589216244,0.5882352941176471,0.4117647058823529,0.5882352941176471,positive,weak,weak,-0.0396094661899448,-0.0317793366853029,0.0396094661899448,0.0317793366853029,0.0078301295046418,0.0078301295046418,same_direction,weak_both_targets,weak_cross_target_pattern,0.6195672198226734,0.8906554669090857,False,False,not_fdr_significant,0.0792189323798896,37,correct,alpha,temporal,ratio,-0.0317793366853029,-0.0064357181233943,0.0064357181233943,0.8463230204581924,0.8906554669090857,False,positive,0.5882352941176471,weak,disagreement,weak_or_unresolved,negligible,1.006436,54,weak_or_unresolved; alpha-band; temporal-region; positive; negligible-effect,0.0,False,True,weak_or_unresolved
correct,beta_frontal,1059,20008,0.3768550011239808,0.3794230988166014,0.3017545436047014,0.273004570273494,0.5728601822114144,0.4369454654606732,0.0025680976926206,-0.0287499733312073,0.1436895521676987,0.8857713755598634,0.0057740734374395,negligible,positive,0.901876309660952,False,EEG_scientific_feature,0.0025680976926206,0.0057740734374395,0.0057740734374395,0.8857713755598634,0.901876309660952,False,negative,0.5294117647058824,mixed,disagreement,weak_or_unresolved,weak_or_unresolved,0.0051966660936955,1.005774,54,55,1059,20008,0.3768550011239808,0.3794230988166014,0.3017545436047014,0.273004570273494,0.5728601822114144,0.4369454654606732,-0.0287499733312073,0.1436895521676987,negligible,positive,False,22.0,0.0062927556566842,0.0267613578821374,0.0993562057311301,0.6818181818181818,0.3181818181818182,0.6818181818181818,positive,moderate,17.0,0.0101741461455888,-0.0024640408308667,0.3239403608709913,0.4705882352941176,0.5294117647058824,0.5294117647058824,negative,mixed,moderate,not_available,True,17.0,-1.0,9.0,22,0.0062927556566842,0.0267613578821374,0.0993562057311301,0.6818181818181818,0.3181818181818182,0.6818181818181818,positive,moderate,17,0.0101741461455888,-0.0024640408308667,0.3239403608709913,0.4705882352941176,0.5294117647058824,0.5294117647058824,negative,mixed,moderate,0.0049532286329431,0.0025680976926206,0.0049532286329431,0.0025680976926206,-0.0023851309403225,0.0023851309403225,same_direction,weak_both_targets,weak_cross_target_pattern,0.4906610496685583,0.901876309660952,False,False,not_fdr_significant,0.0099064572658862,53,correct,beta,frontal,regional_power,0.0025680976926206,0.0057740734374395,0.0057740734374395,0.8857713755598634,0.901876309660952,False,negative,0.5294117647058824,mixed,disagreement,weak_or_unresolved,negligible,1.005774,55,weak_or_unresolved; beta-band; frontal-region; negative; negligible-effect,-1.0,False,True,weak_or_unresolved
remember,gamma_occipital,9507,11560,0.1040663658822985,0.1193992821777929,0.0797727016058776,0.0891877210608969,0.110237391402668,0.1379755297595788,0.0153329162954944,0.0094150194550192,8.965136341260353,3.35180940230506e-19,0.121482354178585,negligible,positive,1.8770132652908332e-17,True,EEG_scientific_feature,0.0153329162954944,0.121482354178585,0.121482354178585,3.35180940230506e-19,1.877013265290833e-17,True,positive,0.5909090909090909,weak,agreement,weak_replicated,moderate_replicated,0.4093341187607265,7.121482,1,1,9507,11560,0.1040663658822985,0.1193992821777929,0.0797727016058776,0.0891877210608969,0.110237391402668,0.1379755297595788,0.0094150194550192,8.965136341260353,negligible,positive,True,22.0,0.0230310904732668,0.0133513575859867,0.0978360629189193,0.5909090909090909,0.4090909090909091,0.5909090909090909,positive,weak,17.0,-0.0894587959324887,-0.0548388597736076,0.3848998847228865,0.3529411764705882,0.6470588235294118,0.6470588235294118,negative,weak,weak,not_available,True,22.0,7.0,1.0,22,0.0230310904732668,0.0133513575859867,0.0978360629189193,0.5909090909090909,0.4090909090909091,0.5909090909090909,positive,weak,17,-0.0894587959324887,-0.0548388597736076,0.3848998847228865,0.3529411764705882,0.6470588235294118,0.6470588235294118,negative,weak,weak,0.0153329162954944,0.0132401140095298,0.0153329162954944,0.0132401140095298,-0.0020928022859646,0.0020928022859646,same_direction,weak_both_targets,weak_cross_target_pattern,1.877013265290833e-17,0.0001541677604189,True,True,significant_both_targets,0.0306658325909887,47,correct,gamma,occipital,regional_power,0.0132401140095298,0.1047373741240041,0.1047373741240041,5.505991443534681e-05,0.0001541677604189,True,negative,0.6470588235294118,weak,disagreement,significant_but_inconsistent,negligible,5.104737,32,statistically_supported_but_inconsistent; gamma-band; occipital-region; negative; negligible-effect,7.0,True,True,weak_replicated
remember,gamma_parietal,9507,11560,0.0744334186126864,0.0811367544906788,0.0558257112212108,0.0591666769016407,0.0941608961796136,0.1201575780730667,0.0067033358779924,0.0033409656804299,4.538455384329596,5.698171508295299e-06,0.0613886340082469,negligible,positive,6.381952089290735e-05,True,EEG_scientific_feature,0.0067033358779924,0.0613886340082469,0.0613886340082469,5.698171508295299e-06,6.381952089290735e-05,True,positive,0.6363636363636364,weak,agreement,weak_replicated,moderate_replicated,0.3552497706074222,7.061389,5,2,9507,11560,0.0744334186126864,0.0811367544906788,0.0558257112212108,0.0591666769016407,0.0941608961796136,0.1201575780730667,0.0033409656804299,4.538455384329596,negligible,positive,True,22.0,0.0189420586857763,0.0202688948801176,0.1359139147136409,0.6363636363636364,0.3636363636363636,0.6363636363636364,positive,weak,17.0,-0.0595886252238728,-0.1006162409118598,0.3875455348607829,0.4117647058823529,0.5882352941176471,0.5882352941176471,negative,weak,weak,not_available,True,22.0,6.0,2.0,22,0.0189420586857763,0.0202688948801176,0.1359139147136409,0.6363636363636364,0.3636363636363636,0.6363636363636364,positive,weak,17,-0.0595886252238728,-0.1006162409118598,0.3875455348607829,0.4117647058823529,0.5882352941176471,0.5882352941176471,negative,weak,weak,0.0067033358779924,0.0135698623330476,0.0067033358779924,0.0135698623330476,0.0068665264550552,0.0068665264550552,same_direction,weak_both_targets,weak_cross_target_pattern,6.381952089290735e-05,1.0619820128413021e-07,True,True,significant_both_targets,0.0271397246660952,48,correct,gamma,parietal,regional_power,0.0135698623330476,0.1242595828151386,0.1242595828151386,1.896396451502325e-08,1.0619820128413021e-07,True,negative,0.5882352941176471,weak,disagreement,significant_but_inconsistent,negligible,5.12426,30,statistically_supported_but_inconsistent; gamma-band; parietal-region; negative; negligible-effect,6.0,True,True,weak_replicated
remember,gamma_frontoparietal_ratio,9507,11560,3.819755879830617,3.573218078758244,1.7895963596250517,1.6358481921703143,5.380541678093564,5.082121881197731,-0.2465378010723733,-0.1537481674547371,-3.393057117828136,0.0006925253745596,-0.0472393923056144,negligible,negative,0.0043090467750375,True,EEG_scientific_feature,-0.2465378010723733,-0.0472393923056144,0.0472393923056144,0.0006925253745596,0.0043090467750375,True,negative,0.5909090909090909,weak,agreement,weak_replicated,moderate_replicated,0.3425154530750529,7.047239,9,3,9507,11560,3.819755879830617,3.573218078758244,1.7895963596250517,1.6358481921703143,5.380541678093564,5.082121881197731,-0.1537481674547371,-3.393057117828136,negligible,negative,True,22.0,0.0260232402428549,-0.035361980038823,0.2505133871276597,0.4090909090909091,0.5909090909090909,0.5909090909090909,negative,weak,17.0,0.0009702615712471,-0.1482127749572843,0.3868091289098094,0.4117647058823529,0.5882352941176471,0.5882352941176471,negative,weak,weak,not_available,True,22.0,6.0,2.0,22,0.0260232402428549,-0.035361980038823,0.2505133871276597,0.4090909090909091,0.5909090909090909,0.5909090909090909,negative,weak,17,0.0009702615712471,-0.1482127749572843,0.3868091289098094,0.4117647058823529,0.5882352941176471,0.5882352941176471,negative,weak,weak,-0.2465378010723733,-0.5796949672324905,0.2465378010723733,0.5796949672324905,-0.3331571661601171,0.3331571661601171,same_direction,correct_dominant,target_shared,0.0043090467750375,0.0020622242878812,True,True,significant_both_targets,1.159389934464981,14,correct,gamma,frontoparietal,ratio,-0.5796949672324905,-0.1110780447761194,0.1110780447761194,0.0009574612765163,0.0020622242878812,True,negative,0.5882352941176471,weak,agreement,moderate_replicated,negligible,7.111078,14,replicated_candidate; gamma-band; frontoparietal-region; negative; negligible-effect,6.0,True,True,weak_replicated
remember,delta_parietal,9507,11560,3.200947119862368,2.9758608215996496,1.7804111190585772,1.697036296623632,6.09183047116702,5.98929563906291,-0.2250862982627182,-0.0833748224349451,-2.689034883202819,0.0071717881161978,-0.0372919849166802,negligible,negative,0.0286871524647912,True,EEG_scientific_feature,-0.2250862982627182,-0.0372919849166802,0.0372919849166802,0.0071717881161978,0.0286871524647912,True,negative,0.5909090909090909,weak,agreement,weak_replicated,moderate_replicated,0.3335627864250121,7.037292,14,4,9507,11560,3.200947119862368,2.9758608215996496,1.7804111190585772,1.697036296623632,6.09183047116702,5.98929563906291,-0.0833748224349451,-2.689034883202819,negligible,negative,True,22.0,0.0076680929570523,-0.0127862519011169,0.1016395423390251,0.4090909090909091,0.5909090909090909,0.5909090909090909,negative,weak,17.0,0.0421458907380785,0.0816931621013528,0.1259700051732963,0.6470588235294118,0.3529411764705882,0.6470588235294118,positive,weak,weak,not_available,True,22.0,6.0,2.0,22,0.0076680929570523,-0.0127862519011169,0.1016395423390251,0.4090909090909091,0.5909090909090909,0.5909090909090909,negative,weak,17,0.0421458907380785,0.0816931621013528,0.1259700051732963,0.6470588235294118,0.3529411764705882,0.6470588235294118,positive,weak,weak,-0.2250862982627182,-0.7315767031354068,0.2250862982627182,0.7315767031354068,-0.5064904048726886,0.5064904048726886,same_direction,correct_dominant,target_shared,0.0286871524647912,0.0041829227699469,True,True,significant_both_targets,1.4631534062708136,10,correct,delta,parietal,regional_power,-0.7315767031354068,-0.1212282540480741,0.1212282540480741,0.0023902415828268,0.0041829227699469,True,positive,0.6470588235294118,weak,disagreement,significant_but_inconsistent,negligible,5.121228,31,statistically_supported_but_inconsistent; delta-band; parietal-region; positive; negligible-effect,6.0,True,True,weak_replicated
remember,gamma_central,9507,11560,0.0573715931461283,0.0628818682739925,0.0430811727662515,0.0451513557536158,0.1114998358990546,0.1864893714959219,0.0055102751278641,0.0020701829873643,2.6523013761347496,0.0080010367839997,0.0350651750312705,negligible,positive,0.0298705373269322,True,EEG_scientific_feature,0.0055102751278641,0.0350651750312705,0.0350651750312705,0.0080010367839997,0.0298705373269322,True,positive,0.6363636363636364,weak,agreement,weak_replicated,moderate_replicated,0.3315586575281434,7.035065,15,5,9507,11560,0.0573715931461283,0.0628818682739925,0.0430811727662515,0.0451513557536158,0.1114998358990546,0.1864893714959219,0.0020701829873643,2.6523013761347496,negligible,positive,True,22.0,0.0145582842464065,0.0427861302894467,0.1595306176223097,0.6363636363636364,0.3636363636363636,0.6363636363636364,positive,weak,17.0,-0.1854763733313305,-0.0566883528600988,0.4396663151475614,0.3529411764705882,0.6470588235294118,0.6470588235294118,negative,weak,weak,not_available,True,22.0,6.0,2.0,22,0.0145582842464065,0.0427861302894467,0.1595306176223097,0.6363636363636364,0.3636363636363636,0.6363636363636364,positive,weak,17,-0.1854763733313305,-0.0566883528600988,0.4396663151475614,0.3529411764705882,0.6470588235294118,0.6470588235294118,negative,weak,weak,0.0055102751278641,0.0032240221168111,0.0055102751278641,0.0032240221168111,-0.002286253011053,0.002286253011053,same_direction,weak_both_targets,weak_cross_target_pattern,0.0298705373269322,0.4618488166486459,True,False,significant_remember_only,0.0110205502557282,51,correct,gamma,central,regional_power,0.0032240221168111,0.0205134634057944,0.0205134634057944,0.4041177145675652,0.4618488166486459,False,negative,0.6470588235294118,weak,disagreement,weak_or_unresolved,negligible,1.020513,52,weak_or_unresolved; gamma-band; central-region; negative; negligible-effect,6.0,True,True,weak_replicated
remember,theta_frontoparietal_diff,9507,11560,-1.0573211302552117,-0.8803205200597359,-0.2509681257515364,-0.2372338369586866,3.3446344170727915,2.81536748022879,0.1770006101954757,0.0137342887928497,4.101531652183409,4.1216872725643394e-05,0.0577387196849785,negligible,positive,0.000384690812106,True,EEG_scientific_feature,0.1770006101954757,0.0577387196849785,0.0577387196849785,4.1216872725643394e-05,0.000384690812106,True,positive,0.5454545454545454,mixed,agreement,significant_but_inconsistent,significant_but_inconsistent,0.3519648477164806,5.057739,6,8,9507,11560,-1.0573211302552117,-0.8803205200597359,-0.2509681257515364,-0.2372338369586866,3.3446344170727915,2.81536748022879,0.0137342887928497,4.101531652183409,negligible,positive,True,22.0,0.0072164044764523,0.0012829558183184,0.1255770704033972,0.5454545454545454,0.4545454545454545,0.5454545454545454,positive,mixed,17.0,0.0061598328550241,-0.0620817786206806,0.151810708404082,0.4705882352941176,0.5294117647058824,0.5294117647058824,negative,mixed,mixed_weak,not_available,True,22.0,5.0,3.0,22,0.0072164044764523,0.0012829558183184,0.1255770704033972,0.5454545454545454,0.4545454545454545,0.5454545454545454,positive,mixed,17,0.0061598328550241,-0.0620817786206806,0.151810708404082,0.4705882352941176,0.5294117647058824,0.5294117647058824,negative,mixed,mixed_weak,0.1770006101954757,-0.3007786594133896,0.1770006101954757,0.3007786594133896,-0.4777792696088653,0.4777792696088653,opposite_direction,correct_dominant,target_dissociated,0.000384690812106,0.000323467232544,True,True,significant_both_targets,0.9555585392177306,16,correct,theta,frontoparietal,difference,-0.3007786594133896,-0.0980979543414767,0.0980979543414767,0.0001270764127851,0.000323467232544,True,negative,0.5294117647058824,mixed,agreement,significant_but_inconsistent,negligible,5.098098,35,statistically_supported_but_inconsistent; theta-band; frontoparietal-region; negative; negligible-effect,5.0,True,True,significant_but_inconsistent
remember,alpha_central,9507,11560,1.3431986586161866,1.2654070071451482,0.5992435480603788,0.5761706417334798,1.961672084456398,1.81419796894205,-0.0777916514710383,-0.023072906326899,-2.962579689763423,0.0030543896486902,-0.0413306165575085,negligible,negative,0.013157370794358,True,EEG_scientific_feature,-0.0777916514710383,-0.0413306165575085,0.0413306165575085,0.0030543896486902,0.013157370794358,True,negative,0.5454545454545454,mixed,agreement,significant_but_inconsistent,significant_but_inconsistent,0.3371975549017576,5.041331,13,14,9507,11560,1.3431986586161866,1.2654070071451482,0.5992435480603788,0.5761706417334798,1.961672084456398,1.81419796894205,-0.023072906326899,-2.962579689763423,negligible,negative,True,22.0,-0.0150158622228335,-0.0150111942816996,0.1283688013368238,0.4545454545454545,0.5454545454545454,0.5454545454545454,negative,mixed,17.0,0.0424679598750947,0.0177681990916285,0.1878224523535868,0.5294117647058824,0.4705882352941176,0.5294117647058824,positive,mixed,mixed_weak,not_available,True,22.0,5.0,3.0,22,-0.0150158622228335,-0.0150111942816996,0.1283688013368238,0.4545454545454545,0.5454545454545454,0.5454545454545454,negative,mixed,17,0.0424679598750947,0.0177681990916285,0.1878224523535868,0.5294117647058824,0.4705882352941176,0.5294117647058824,positive,mixed,mixed_weak,-0.0777916514710383,0.2913718051586234,0.0777916514710383,0.2913718051586234,0.3691634566296616,0.3691634566296616,opposite_direction,correct_dominant,target_dissociated,0.013157370794358,4.1929927970589225e-08,True,True,significant_both_targets,0.7383269132593233,19,correct,alpha,central,regional_power,0.2913718051586234,0.1548613622822838,0.1548613622822838,6.7387384238446964e-09,4.1929927970589225e-08,True,positive,0.5294117647058824,mixed,agreement,significant_but_inconsistent,negligible,5.154861,25,statistically_supported_but_inconsistent; alpha-band; central-region; positive; negligible-effect,5.0,True,True,significant_but_inconsistent
remember,theta_parietal,9507,11560,3.084399284646361,2.7473460249871318,1.3326994391999654,1.3018700126615923,5.619182624123003,4.903371316788247,-0.3370532596592301,-0.0308294265383728,-4.586243383500818,4.541707819404209e-06,-0.064341317636975,negligible,negative,6.358390947165893e-05,True,EEG_scientific_feature,-0.3370532596592301,-0.064341317636975,0.064341317636975,4.541707819404209e-06,6.358390947165893e-05,True,positive,0.5909090909090909,weak,disagreement,weak_replicated,significant_but_inconsistent,0.3579071858732774,5.064341,4,7,9507,11560,3.084399284646361,2.747346024987132,1.3326994391999654,1.3018700126615923,5.619182624123003,4.903371316788247,-0.0308294265383728,-4.586243383500818,negligible,negative,True,22.0,-0.0107984797255205,0.0151709516428865,0.1177219028773019,0.5909090909090909,0.4090909090909091,0.5909090909090909,positive,weak,17.0,0.0815579197743975,0.1098504300048916,0.2090348371121713,0.6470588235294118,0.3529411764705882,0.6470588235294118,positive,weak,weak,not_available,True,22.0,3.0,5.0,22,-0.0107984797255205,0.0151709516428865,0.1177219028773019,0.5909090909090909,0.4090909090909091,0.5909090909090909,positive,weak,17,0.0815579197743975,0.1098504300048916,0.2090348371121713,0.6470588235294118,0.3529411764705882,0.6470588235294118,positive,weak,weak,-0.3370532596592301,0.6252947524007433,0.3370532596592301,0.6252947524007433,0.9623480120599734,0.9623480120599734,opposite_direction,correct_dominant,target_dissociated,6.358390947165893e-05,1.2914008919258045e-05,True,True,significant_both_targets,1.924696024119947,8,correct,theta,parietal,regional_power,0.6252947524007433,0.1193441987749964,0.1193441987749964,2.997894927684904e-06,1.2914008919258045e-05,True,positive,0.6470588235294118,weak,agreement,moderate_replicated,negligible,7.119344,12,replicated_candidate; theta-band; parietal-region; positive; negligible-effect,3.0,True,True,weak_replicated
remember,theta_abs,9507,11560,2.240215120545099,2.047177516704484,1.1244086550301942,1.1110843720525176,3.629930025076812,3.2314265853841992,-0.1930376038406147,-0.0133242829776765,-4.034538879851738,5.492116142896659e-05,-0.0564929984650997,negligible,negative,0.0004393692914317,True,EEG_scientific_feature,-0.1930376038406147,-0.0564929984650997,0.0564929984650997,5.492116142896659e-05,0.0004393692914317,True,positive,0.5909090909090909,weak,disagreement,weak_replicated,significant_but_inconsistent,0.3508436986185897,5.056493,7,9,9507,11560,2.240215120545099,2.047177516704484,1.1244086550301942,1.1110843720525176,3.629930025076812,3.2314265853841992,-0.0133242829776765,-4.034538879851738,negligible,negative,True,22.0,-0.0029891438300134,0.0321264622211444,0.1122553050630414,0.5909090909090909,0.4090909090909091,0.5909090909090909,positive,weak,17.0,0.093064392613907,0.1011817885579857,0.2524917028092643,0.5882352941176471,0.4117647058823529,0.5882352941176471,positive,weak,weak,not_available,True,22.0,3.0,5.0,22,-0.0029891438300134,0.0321264622211444,0.1122553050630414,0.5909090909090909,0.4090909090909091,0.5909090909090909,positive,weak,17,0.093064392613907,0.1011817885579857,0.2524917028092643,0.5882352941176471,0.4117647058823529,0.5882352941176471,positive,weak,weak,-0.1930376038406147,0.4228316544939132,0.1930376038406147,0.4228316544939132,0.6158692583345279,0.6158692583345279,opposite_direction,correct_dominant,target_dissociated,0.0004393692914317,5.477629943419366e-06,True,True,significant_both_targets,1.2317385166690558,13,correct,theta,global,absolute_power,0.4228316544939132,0.1237392080186769,0.1237392080186769,1.1737778450184356e-06,5.477629943419366e-06,True,positive,0.5882352941176471,weak,agreement,moderate_replicated,negligible,7.123739,10,replicated_candidate; theta-band; global-region; positive; negligible-effect,3.0,True,True,weak_replicated
remember,theta_beta_ratio,9507,11560,6.439506225303763,6.0970676754301625,3.9620010467044433,3.930974746168312,7.790189557048209,7.097581097887442,-0.3424385498736004,-0.0310263005361308,-3.30412898452384,0.0009544401757373,-0.0461622866138733,negligible,negative,0.0053448649841291,True,EEG_scientific_feature,-0.3424385498736004,-0.0461622866138733,0.0461622866138733,0.0009544401757373,0.0053448649841291,True,positive,0.5909090909090909,weak,disagreement,weak_replicated,significant_but_inconsistent,0.3415460579524859,5.046162,11,12,9507,11560,6.439506225303763,6.0970676754301625,3.9620010467044433,3.930974746168312,7.790189557048209,7.097581097887442,-0.0310263005361308,-3.30412898452384,negligible,negative,True,22.0,0.004779497052755,0.0087520573773678,0.1049825182098708,0.5909090909090909,0.4090909090909091,0.5909090909090909,positive,weak,17.0,0.0524425815804726,0.0847662864916092,0.3137039530896349,0.5882352941176471,0.4117647058823529,0.5882352941176471,positive,weak,weak,not_available,True,22.0,3.0,5.0,22,0.004779497052755,0.0087520573773678,0.1049825182098708,0.5909090909090909,0.4090909090909091,0.5909090909090909,positive,weak,17,0.0524425815804726,0.0847662864916092,0.3137039530896349,0.5882352941176471,0.4117647058823529,0.5882352941176471,positive,weak,weak,-0.3424385498736004,0.7977931256118733,0.3424385498736004,0.7977931256118733,1.1402316754854738,1.1402316754854738,opposite_direction,correct_dominant,target_dissociated,0.0053448649841291,0.0002196680024521,True,True,significant_both_targets,2.2804633509709475,5,correct,theta,global,ratio,0.7977931256118733,0.1075474890702915,0.1075474890702915,8.237550091956377e-05,0.0002196680024521,True,positive,0.5882352941176471,weak,agreement,moderate_replicated,negligible,7.107547,15,replicated_candidate; theta-band; global-region; positive; negligible-effect,3.0,True,True,weak_replicated
remember,delta_temporal,9507,11560,2.6817562734363976,2.325400099895878,1.2968194426731154,1.206800922046762,8.997691230240429,6.243066590476768,-0.3563561735405196,-0.0900185206263533,-3.2684585689494057,0.0010835745515582,-0.0468236166143879,negligible,negative,0.0055163795352057,True,EEG_scientific_feature,-0.3563561735405196,-0.0468236166143879,0.0468236166143879,0.0010835745515582,0.0055163795352057,True,positive,0.5909090909090909,weak,disagreement,weak_replicated,significant_but_inconsistent,0.3421412549529491,5.046824,10,11,9507,11560,2.6817562734363976,2.325400099895878,1.2968194426731154,1.206800922046762,8.997691230240429,6.243066590476768,-0.0900185206263533,-3.2684585689494057,negligible,negative,True,22.0,-0.0044558976463017,0.0105329155251695,0.077872136332051,0.5909090909090909,0.4090909090909091,0.5909090909090909,positive,weak,17.0,0.052089331966129,0.0902600490670809,0.1413248791186551,0.6470588235294118,0.3529411764705882,0.6470588235294118,positive,weak,weak,not_available,True,22.0,3.0,5.0,22,-0.0044558976463017,0.0105329155251695,0.077872136332051,0.5909090909090909,0.4090909090909091,0.5909090909090909,positive,weak,17,0.052089331966129,0.0902600490670809,0.1413248791186551,0.6470588235294118,0.3529411764705882,0.6470588235294118,positive,weak,weak,-0.3563561735405196,-0.2506245280249448,0.3563561735405196,0.2506245280249448,0.1057316455155748,0.1057316455155748,same_direction,remember_dominant,target_shared,0.0055163795352057,0.2160553922594293,True,False,significant_remember_only,0.7127123470810393,21,correct,delta,temporal,regional_power,-0.2506245280249448,-0.0329228639910991,0.0329228639910991,0.1658996761992047,0.2160553922594293,False,positive,0.6470588235294118,weak,disagreement,weak_or_unresolved,negligible,1.032923,50,weak_or_unresolved; delta-band; temporal-region; positive; negligible-effect,3.0,True,True,weak_replicated
remember,alpha_beta_central_ratio,9507,11560,6.459357333993911,6.177575086926911,4.171528609951062,4.043662216700944,6.844442704567614,6.558266686217972,-0.2817822470669995,-0.1278663932501178,-3.030051249502676,0.0024482557392684,-0.0421266841185034,negligible,negative,0.0114251934499194,True,EEG_scientific_feature,-0.2817822470669995,-0.0421266841185034,0.0421266841185034,0.0024482557392684,0.0114251934499194,True,mixed,0.5,mixed,not_available,significant_but_inconsistent,significant_but_inconsistent,0.337914015706653,5.042127,12,13,9507,11560,6.459357333993911,6.177575086926911,4.171528609951062,4.043662216700944,6.844442704567614,6.558266686217972,-0.1278663932501178,-3.030051249502676,negligible,negative,True,22.0,-0.0064813694963937,-0.0012023537617123,0.1239208938602874,0.5,0.5,0.5,mixed,mixed,17.0,0.1440296475896215,0.0918357757863384,0.2560959076672984,0.7647058823529411,0.2352941176470588,0.7647058823529411,positive,moderate,moderate,not_available,True,22.0,3.0,5.0,22,-0.0064813694963937,-0.0012023537617123,0.1239208938602874,0.5,0.5,0.5,mixed,mixed,17,0.1440296475896215,0.0918357757863384,0.2560959076672984,0.7647058823529411,0.2352941176470588,0.7647058823529411,positive,moderate,moderate,-0.2817822470669995,1.0588167279465992,0.2817822470669995,1.0588167279465992,1.3405989750135987,1.3405989750135987,opposite_direction,correct_dominant,target_dissociated,0.0114251934499194,2.7374404943671806e-09,True,True,significant_both_targets,2.6811979500271974,3,correct,alpha,central,ratio,1.0588167279465992,0.1583539341510638,0.1583539341510638,2.29537880609731e-10,2.7374404943671806e-09,True,positive,0.7647058823529411,moderate,agreement,strong_replicated,negligible,8.158354,1,high_priority; alpha-band; central-region; positive; negligible-effect,3.0,True,True,significant_but_inconsistent
remember,theta_temporal,9507,11560,1.6570809978025476,1.479319621927963,0.8081804285878832,0.7731667923531506,3.030420876478244,2.470247799956405,-0.1777613758745846,-0.0350136362347326,-4.599243747105195,4.268751359626459e-06,-0.0649411751065834,negligible,negative,6.358390947165893e-05,True,EEG_scientific_feature,-0.1777613758745846,-0.0649411751065834,0.0649411751065834,4.268751359626459e-06,6.358390947165893e-05,True,positive,0.5454545454545454,mixed,disagreement,significant_but_inconsistent,significant_but_inconsistent,0.358447057595925,5.064941,3,6,9507,11560,1.6570809978025476,1.479319621927963,0.8081804285878832,0.7731667923531506,3.030420876478244,2.470247799956405,-0.0350136362347326,-4.599243747105195,negligible,negative,True,22.0,-0.0033958097139939,0.0022911318684787,0.0896860351266982,0.5454545454545454,0.4545454545454545,0.5454545454545454,positive,mixed,17.0,0.1082657771770008,0.0660816722314345,0.216631356310664,0.7058823529411765,0.2941176470588235,0.7058823529411765,positive,moderate,moderate,not_available,True,22.0,2.0,6.0,22,-0.0033958097139939,0.0022911318684787,0.0896860351266982,0.5454545454545454,0.4545454545454545,0.5454545454545454,positive,mixed,17,0.1082657771770008,0.0660816722314345,0.216631356310664,0.7058823529411765,0.2941176470588235,0.7058823529411765,positive,moderate,moderate,-0.1777613758745846,0.3108521749391855,0.1777613758745846,0.3108521749391855,0.4886135508137701,0.4886135508137701,opposite_direction,correct_dominant,target_dissociated,6.358390947165893e-05,5.245038754930327e-06,True,True,significant_both_targets,0.9772271016275402,15,correct,theta,temporal,regional_power,0.3108521749391855,0.113538613324556,0.113538613324556,1.0302754697184571e-06,5.245038754930327e-06,True,positive,0.7058823529411765,moderate,agreement,strong_replicated,negligible,8.113539,2,high_priority; theta-band; temporal-region; positive; negligible-effect,2.0,True,True,significant_but_inconsistent
remember,theta_central,9507,11560,1.4611230178811807,1.336577812556976,0.6542069500434475,0.6510860621218449,2.408298650758028,2.1806836517412416,-0.1245452053242046,-0.0031208879216025,-3.8969277383454,9.774796859885116e-05,-0.0544767857481047,negligible,negative,0.0006842357801919,True,EEG_scientific_feature,-0.1245452053242046,-0.0544767857481047,0.0544767857481047,9.774796859885116e-05,0.0006842357801919,True,positive,0.5454545454545454,mixed,disagreement,significant_but_inconsistent,significant_but_inconsistent,0.3490291071732942,5.054477,8,10,9507,11560,1.4611230178811807,1.336577812556976,0.6542069500434475,0.6510860621218449,2.408298650758028,2.1806836517412416,-0.0031208879216025,-3.8969277383454,negligible,negative,True,22.0,-0.0041159072823488,0.011607086792101,0.113605800806231,0.5454545454545454,0.4545454545454545,0.5454545454545454,positive,mixed,17.0,0.1130771164149493,0.1026073676032386,0.3143562964532262,0.5882352941176471,0.4117647058823529,0.5882352941176471,positive,weak,weak,not_available,True,22.0,2.0,6.0,22,-0.0041159072823488,0.011607086792101,0.113605800806231,0.5454545454545454,0.4545454545454545,0.5454545454545454,positive,mixed,17,0.1130771164149493,0.1026073676032386,0.3143562964532262,0.5882352941176471,0.4117647058823529,0.5882352941176471,positive,weak,weak,-0.1245452053242046,0.3493210928413732,0.1245452053242046,0.3493210928413732,0.4738662981655778,0.4738662981655778,opposite_direction,correct_dominant,target_dissociated,0.0006842357801919,7.168466810680754e-09,True,True,significant_both_targets,0.9477325963311556,18,correct,theta,central,regional_power,0.3493210928413732,0.1528240647860177,0.1528240647860177,8.96058351335094e-10,7.168466810680754e-09,True,positive,0.5882352941176471,weak,agreement,moderate_replicated,negligible,7.152824,6,replicated_candidate; theta-band; central-region; positive; negligible-effect,2.0,True,True,significant_but_inconsistent
remember,beta_frontal,9507,11560,0.3765760423561036,0.3815292709890467,0.2770659441630305,0.2714889221071509,0.4414251102046008,0.4474787454865047,0.0049532286329431,-0.0055770220558795,0.8054549025251939,0.4205666140016214,0.0111369292690498,negligible,positive,0.4906610496685583,False,EEG_scientific_feature,0.0049532286329431,0.0111369292690498,0.0111369292690498,0.4205666140016214,0.4906610496685583,False,positive,0.6818181818181818,moderate,agreement,moderately_consistent,non_significant_agreement,0.0100232363421448,3.011137,48,34,9507,11560,0.3765760423561036,0.3815292709890467,0.2770659441630305,0.2714889221071509,0.4414251102046008,0.4474787454865047,-0.0055770220558795,0.8054549025251939,negligible,positive,False,22.0,0.0062927556566842,0.0267613578821374,0.0993562057311301,0.6818181818181818,0.3181818181818182,0.6818181818181818,positive,moderate,17.0,0.0101741461455888,-0.0024640408308667,0.3239403608709913,0.4705882352941176,0.5294117647058824,0.5294117647058824,negative,mixed,moderate,not_available,True,22.0,4.0,4.0,22,0.0062927556566842,0.0267613578821374,0.0993562057311301,0.6818181818181818,0.3181818181818182,0.6818181818181818,positive,moderate,17,0.0101741461455888,-0.0024640408308667,0.3239403608709913,0.4705882352941176,0.5294117647058824,0.5294117647058824,negative,mixed,moderate,0.0049532286329431,0.0025680976926206,0.0049532286329431,0.0025680976926206,-0.0023851309403225,0.0023851309403225,same_direction,weak_both_targets,weak_cross_target_pattern,0.4906610496685583,0.901876309660952,False,False,not_fdr_significant,0.0099064572658862,53,correct,beta,frontal,regional_power,0.0025680976926206,0.0057740734374395,0.0057740734374395,0.8857713755598634,0.901876309660952,False,negative,0.5294117647058824,mixed,disagreement,weak_or_unresolved,negligible,1.005774,55,weak_or_unresolved; beta-band; frontal-region; negative; negligible-effect,4.0,False,True,moderately_consistent
remember,delta_theta_ratio,9507,11560,3.0825114222828605,2.6613400544794645,1.6150505163227027,1.6218225774103228,16.396626848143217,4.505480516274426,-0.4211713678033959,0.00677206108762,-2.430212920408314,0.0151063015481599,-0.0365942103721929,negligible,negative,0.0528720554185598,False,EEG_scientific_feature,-0.4211713678033959,-0.0365942103721929,0.0365942103721929,0.0151063015481599,0.0528720554185598,False,negative,0.5909090909090909,weak,agreement,weak_or_unresolved,non_significant_agreement,0.0329347893349736,3.036594,16,15,9507,11560,3.0825114222828605,2.6613400544794645,1.6150505163227027,1.6218225774103228,16.396626848143217,4.505480516274426,0.00677206108762,-2.430212920408314,negligible,negative,False,22.0,-0.0001899903231637,-0.0103091462388365,0.0921890152883362,0.4090909090909091,0.5909090909090909,0.5909090909090909,negative,weak,17.0,-0.0551064548574582,0.0119751868871558,0.2208501199178265,0.5294117647058824,0.4705882352941176,0.5294117647058824,positive,mixed,weak,not_available,True,22.0,3.0,5.0,22,-0.0001899903231637,-0.0103091462388365,0.0921890152883362,0.4090909090909091,0.5909090909090909,0.5909090909090909,negative,weak,17,-0.0551064548574582,0.0119751868871558,0.2208501199178265,0.5294117647058824,0.4705882352941176,0.5294117647058824,positive,mixed,weak,-0.4211713678033959,-1.1145766762746154,0.4211713678033959,1.1145766762746154,-0.6934053084712195,0.6934053084712195,same_direction,correct_dominant,target_shared,0.0528720554185598,0.0001465080516652,False,True,significant_correct_only,2.229153352549231,6,correct,delta,global,ratio,-1.1145766762746154,-0.0968475666364546,0.0968475666364546,4.709187374955531e-05,0.0001465080516652,True,positive,0.5294117647058824,mixed,disagreement,significant_but_inconsistent,negligible,5.096848,36,statistically_supported_but_inconsistent; delta-band; global-region; positive; negligible-effect,3.0,False,True,weak_or_unresolved
remember,gamma_temporal,9507,11560,0.1855789786087692,0.1970491376657507,0.0643587197012619,0.0615050410498025,0.3414914570540223,0.3869025239843597,0.0114701590569815,-0.0028536786514594,2.28420148155177,0.0223696440057502,0.0312448118356394,negligible,positive,0.0695944480178895,False,EEG_scientific_feature,0.0114701590569815,0.0312448118356394,0.0312448118356394,0.0223696440057502,0.0695944480178895,False,positive,0.5909090909090909,weak,agreement,weak_or_unresolved,non_significant_agreement,0.0281203306520754,3.031245,19,18,9507,11560,0.1855789786087692,0.1970491376657507,0.0643587197012619,0.0615050410498025,0.3414914570540223,0.3869025239843597,-0.0028536786514594,2.28420148155177,negligible,positive,False,22.0,-0.0565181796486692,0.0202704899014949,0.3493310858182992,0.5909090909090909,0.4090909090909091,0.5909090909090909,positive,weak,17.0,-0.0368005532858521,-0.1385081681207297,0.3972402157267838,0.4117647058823529,0.5882352941176471,0.5882352941176471,negative,weak,weak,not_available,True,22.0,3.0,5.0,22,-0.0565181796486692,0.0202704899014949,0.3493310858182992,0.5909090909090909,0.4090909090909091,0.5909090909090909,positive,weak,17,-0.0368005532858521,-0.1385081681207297,0.3972402157267838,0.4117647058823529,0.5882352941176471,0.5882352941176471,negative,weak,weak,0.0114701590569815,0.0824967064193827,0.0114701590569815,0.0824967064193827,0.0710265473624012,0.0710265473624012,same_direction,correct_dominant,weak_cross_target_pattern,0.0695944480178895,4.008837981489088e-23,False,True,significant_correct_only,0.1649934128387654,32,correct,gamma,temporal,regional_power,0.0824967064193827,0.2249658894032735,0.2249658894032735,2.147591775797726e-24,4.008837981489088e-23,True,negative,0.5882352941176471,weak,disagreement,significant_but_inconsistent,small,5.224966,22,statistically_supported_but_inconsistent; gamma-band; temporal-region; negative; small-effect,3.0,False,True,weak_or_unresolved
remember,beta_central,9507,11560,0.199786160648088,0.2059863792166923,0.1702946564299725,0.1653572660258902,0.1867490356468771,0.2226104518891934,0.0062002185686043,-0.0049373904040822,2.198276055622148,0.0279402813102452,0.0299242403666285,negligible,positive,0.075235628328045,False,EEG_scientific_feature,0.0062002185686043,0.0299242403666285,0.0299242403666285,0.0279402813102452,0.075235628328045,False,positive,0.5909090909090909,weak,agreement,weak_or_unresolved,non_significant_agreement,0.0269318163299656,3.029924,21,19,9507,11560,0.199786160648088,0.2059863792166923,0.1702946564299725,0.1653572660258902,0.1867490356468771,0.2226104518891934,-0.0049373904040822,2.198276055622148,negligible,positive,False,22.0,-0.0091083612602006,0.017305056347534,0.1453574424644503,0.5909090909090909,0.4090909090909091,0.5909090909090909,positive,weak,17.0,-0.087277461092839,-0.0573648282093374,0.3204597302611313,0.4705882352941176,0.5294117647058824,0.5294117647058824,negative,mixed,weak,not_available,True,22.0,3.0,5.0,22,-0.0091083612602006,0.017305056347534,0.1453574424644503,0.5909090909090909,0.4090909090909091,0.5909090909090909,positive,weak,17,-0.087277461092839,-0.0573648282093374,0.3204597302611313,0.4705882352941176,0.5294117647058824,0.5294117647058824,negative,mixed,weak,0.0062002185686043,0.0159778114775971,0.0062002185686043,0.0159778114775971,0.0097775929089928,0.0097775929089928,same_direction,weak_both_targets,weak_cross_target_pattern,0.075235628328045,0.0055011199100795,False,True,significant_correct_only,0.0319556229551942,46,correct,beta,central,regional_power,0.0159778114775971,0.0771164318879058,0.0771164318879058,0.0032417313755826,0.0055011199100795,True,negative,0.5294117647058824,mixed,disagreement,significant_but_inconsistent,negligible,5.077116,38,statistically_supported_but_inconsistent; beta-band; central-region; negative; negligible-effect,3.0,False,True,weak_or_unresolved
remember,gamma_abs,9507,11560,0.1420656758784913,0.1481982090785251,0.1074106879305192,0.1070111498244472,0.1914380686596167,0.2327041224461837,0.0061325332000337,-0.0003995381060719,2.0986005125686136,0.0358640064715279,0.0285148435528455,negligible,positive,0.091290198291162,False,EEG_scientific_feature,0.0061325332000337,0.0285148435528455,0.0285148435528455,0.0358640064715279,0.091290198291162,False,positive,0.5909090909090909,weak,agreement,weak_or_unresolved,non_significant_agreement,0.0256633591975609,3.028515,22,20,9507,11560,0.1420656758784913,0.1481982090785251,0.1074106879305192,0.1070111498244472,0.1914380686596167,0.2327041224461837,-0.0003995381060719,2.0986005125686136,negligible,positive,False,22.0,0.0254953709108666,0.0276360582750616,0.1460266210612827,0.5909090909090909,0.4090909090909091,0.5909090909090909,positive,weak,17.0,-0.0568652427329352,-0.0685925280951577,0.4424956019022688,0.4117647058823529,0.5882352941176471,0.5882352941176471,negative,weak,weak,not_available,True,22.0,3.0,5.0,22,0.0254953709108666,0.0276360582750616,0.1460266210612827,0.5909090909090909,0.4090909090909091,0.5909090909090909,positive,weak,17,-0.0568652427329352,-0.0685925280951577,0.4424956019022688,0.4117647058823529,0.5882352941176471,0.5882352941176471,negative,weak,weak,0.0061325332000337,0.0129560515684556,0.0061325332000337,0.0129560515684556,0.0068235183684219,0.0068235183684219,same_direction,weak_both_targets,weak_cross_target_pattern,0.091290198291162,0.2323581920120306,False,False,not_fdr_significant,0.0259121031369112,49,correct,gamma,global,absolute_power,0.0129560515684556,0.0602417604193382,0.0602417604193382,0.1825671508665955,0.2323581920120306,False,negative,0.5882352941176471,weak,disagreement,weak_or_unresolved,negligible,1.060242,49,weak_or_unresolved; gamma-band; global-region; negative; negligible-effect,3.0,False,True,weak_or_unresolved
remember,beta_occipital,9507,11560,0.4628800058935945,0.4753422576832281,0.335280621109977,0.3335876021900197,0.5260478956427463,0.5446441125647465,0.0124622517896336,-0.0016930189199572,1.6839604031003736,0.0922045221861484,0.0232360755883752,negligible,positive,0.1912390089786783,False,EEG_scientific_feature,0.0124622517896336,0.0232360755883752,0.0232360755883752,0.0922045221861484,0.1912390089786783,False,positive,0.5909090909090909,weak,agreement,weak_or_unresolved,non_significant_agreement,0.0209124680295376,3.023236,27,22,9507,11560,0.4628800058935945,0.4753422576832281,0.335280621109977,0.3335876021900197,0.5260478956427463,0.5446441125647465,-0.0016930189199572,1.6839604031003736,negligible,positive,False,22.0,-0.0113323067906554,0.010083622287565,0.10972234743933,0.5909090909090909,0.4090909090909091,0.5909090909090909,positive,weak,17.0,0.0562219765291697,0.075512730773342,0.3285323941092357,0.5882352941176471,0.4117647058823529,0.5882352941176471,positive,weak,weak,not_available,True,22.0,3.0,5.0,22,-0.0113323067906554,0.010083622287565,0.10972234743933,0.5909090909090909,0.4090909090909091,0.5909090909090909,positive,weak,17,0.0562219765291697,0.075512730773342,0.3285323941092357,0.5882352941176471,0.4117647058823529,0.5882352941176471,positive,weak,weak,0.0124622517896336,0.03696126697373,0.0124622517896336,0.03696126697373,0.0244990151840963,0.0244990151840963,same_direction,weak_both_targets,weak_cross_target_pattern,0.1912390089786783,0.0140042952109003,False,True,significant_correct_only,0.07392253394746,40,correct,beta,occipital,regional_power,0.03696126697373,0.0689181029967217,0.0689181029967217,0.009252837907202,0.0140042952109003,True,positive,0.5882352941176471,weak,agreement,moderate_replicated,negligible,7.068918,19,replicated_candidate; beta-band; occipital-region; positive; negligible-effect,3.0,False,True,weak_or_unresolved
remember,beta_temporal,9507,11560,0.3781821408178008,0.3884181573726616,0.2409924448383419,0.2255824357434895,0.4679243632953807,0.5078812166953359,0.0102360165548607,-0.0154100090948524,1.5200932696292937,0.1285027390861878,0.020879038033935,negligible,positive,0.226355094182684,False,EEG_scientific_feature,0.0102360165548607,0.020879038033935,0.020879038033935,0.1285027390861878,0.226355094182684,False,positive,0.5909090909090909,weak,agreement,weak_or_unresolved,non_significant_agreement,0.0187911342305415,3.020879,32,24,9507,11560,0.3781821408178008,0.3884181573726616,0.2409924448383419,0.2255824357434895,0.4679243632953807,0.5078812166953359,-0.0154100090948524,1.5200932696292937,negligible,positive,False,22.0,-0.0615807150903195,0.0123711741000296,0.343407308798852,0.5909090909090909,0.4090909090909091,0.5909090909090909,positive,weak,17.0,0.0020193839783318,0.0030800889060386,0.2078441837455416,0.5294117647058824,0.4705882352941176,0.5294117647058824,positive,mixed,weak,not_available,True,22.0,3.0,5.0,22,-0.0615807150903195,0.0123711741000296,0.343407308798852,0.5909090909090909,0.4090909090909091,0.5909090909090909,positive,weak,17,0.0020193839783318,0.0030800889060386,0.2078441837455416,0.5294117647058824,0.4705882352941176,0.5294117647058824,positive,mixed,weak,0.0102360165548607,0.1063339822220392,0.0102360165548607,0.1063339822220392,0.0960979656671785,0.0960979656671785,same_direction,correct_dominant,target_preferential,0.226355094182684,4.4132371288135055e-24,False,True,significant_correct_only,0.2126679644440784,31,correct,beta,temporal,regional_power,0.1063339822220392,0.2171282757930247,0.2171282757930247,1.576156117433395e-25,4.4132371288135055e-24,True,positive,0.5294117647058824,mixed,agreement,significant_but_inconsistent,small,5.217128,23,statistically_supported_but_inconsistent; beta-band; temporal-region; positive; small-effect,3.0,False,True,weak_or_unresolved
remember,alpha_beta_parietal_ratio,9507,11560,8.56093572036839,8.43786405980346,5.900903600103262,5.823421099330101,8.189192698910178,8.176187187403714,-0.1230716605649302,-0.0774825007731605,-1.0862443074500483,0.2773838336894282,-0.0150416495942942,negligible,negative,0.3612440624792554,False,EEG_scientific_feature,-0.1230716605649302,-0.0150416495942942,0.0150416495942942,0.2773838336894282,0.3612440624792554,False,negative,0.5909090909090909,weak,agreement,weak_or_unresolved,non_significant_agreement,0.0135374846348647,3.015042,43,32,9507,11560,8.56093572036839,8.43786405980346,5.900903600103262,5.823421099330101,8.189192698910178,8.176187187403714,-0.0774825007731605,-1.0862443074500483,negligible,negative,False,22.0,-0.0088998782477433,-0.0071468796309285,0.1426602702448964,0.4090909090909091,0.5909090909090909,0.5909090909090909,negative,weak,17.0,0.0371328330699508,0.0382750490663845,0.1867175886361358,0.5882352941176471,0.4117647058823529,0.5882352941176471,positive,weak,weak,not_available,True,22.0,3.0,5.0,22,-0.0088998782477433,-0.0071468796309285,0.1426602702448964,0.4090909090909091,0.5909090909090909,0.5909090909090909,negative,weak,17,0.0371328330699508,0.0382750490663845,0.1867175886361358,0.5882352941176471,0.4117647058823529,0.5882352941176471,positive,weak,weak,-0.1230716605649302,0.9835138032318582,0.1230716605649302,0.9835138032318582,1.1065854637967885,1.1065854637967885,opposite_direction,correct_dominant,target_dissociated,0.3612440624792554,0.0001063347277625,False,True,significant_correct_only,2.213170927593577,7,correct,alpha,parietal,ratio,0.9835138032318582,0.1202418218023179,0.1202418218023179,2.848251636495596e-05,0.0001063347277625,True,positive,0.5882352941176471,weak,agreement,moderate_replicated,negligible,7.120242,11,replicated_candidate; alpha-band; parietal-region; positive; negligible-effect,3.0,False,True,weak_or_unresolved
remember,beta_rel,9507,11560,0.0662688118298408,0.0677388141061547,0.0565909960742771,0.0581188032992926,0.0451541337427152,0.0453600665648339,0.0014700022763138,0.0015278072250155,2.3465282493862376,0.0189587810174144,0.032473857696238,negligible,positive,0.0624524551161886,False,EEG_scientific_feature,0.0014700022763138,0.032473857696238,0.032473857696238,0.0189587810174144,0.0624524551161886,False,positive,0.5454545454545454,mixed,agreement,weak_or_unresolved,non_significant_agreement,0.0292264719266142,3.032474,17,16,9507,11560,0.0662688118298408,0.0677388141061547,0.0565909960742771,0.0581188032992926,0.0451541337427152,0.0453600665648339,0.0015278072250155,2.3465282493862376,negligible,positive,False,22.0,0.0105390336599697,0.0168174660327096,0.0752237173807767,0.5454545454545454,0.4545454545454545,0.5454545454545454,positive,mixed,17.0,0.0040036139019546,-0.0116664289571332,0.2898266178668848,0.4117647058823529,0.5882352941176471,0.5882352941176471,negative,weak,weak,not_available,True,22.0,2.0,6.0,22,0.0105390336599697,0.0168174660327096,0.0752237173807767,0.5454545454545454,0.4545454545454545,0.5454545454545454,positive,mixed,17,0.0040036139019546,-0.0116664289571332,0.2898266178668848,0.4117647058823529,0.5882352941176471,0.5882352941176471,negative,weak,weak,0.0014700022763138,-0.0015474107262714,0.0014700022763138,0.0015474107262714,-0.0030174130025852,0.0030174130025852,opposite_direction,weak_both_targets,weak_cross_target_pattern,0.0624524551161886,0.352561982543611,False,False,not_fdr_significant,0.0060348260051704,54,correct,beta,global,relative_power,-0.0015474107262714,-0.0341803801682514,0.0341803801682514,0.2959002353491021,0.352561982543611,False,negative,0.5882352941176471,weak,agreement,non_significant_agreement,negligible,3.03418,43,directional_candidate; beta-band; global-region; negative; negligible-effect,2.0,False,True,weak_or_unresolved
remember,delta_central,9507,11560,1.6560706411254236,1.5709950993848614,1.0487553216132586,1.0199677364679234,2.796658887727461,2.624735705986044,-0.0850755417405622,-0.0287875851453351,-2.258749633634505,0.0239098250012463,-0.0314666493462431,negligible,negative,0.0704710631615681,False,EEG_scientific_feature,-0.0850755417405622,-0.0314666493462431,0.0314666493462431,0.0239098250012463,0.0704710631615681,False,negative,0.5454545454545454,mixed,agreement,weak_or_unresolved,non_significant_agreement,0.0283199844116187,3.031467,18,17,9507,11560,1.6560706411254236,1.5709950993848614,1.0487553216132586,1.0199677364679234,2.796658887727461,2.624735705986044,-0.0287875851453351,-2.258749633634505,negligible,negative,False,22.0,-0.0022428497844105,-0.0058486340347987,0.096834868017401,0.4545454545454545,0.5454545454545454,0.5454545454545454,negative,mixed,17.0,0.0159472314857199,0.053237904630791,0.1668033133563518,0.5294117647058824,0.4705882352941176,0.5294117647058824,positive,mixed,mixed_weak,not_available,True,22.0,2.0,6.0,22,-0.0022428497844105,-0.0058486340347987,0.096834868017401,0.4545454545454545,0.5454545454545454,0.5454545454545454,negative,mixed,17,0.0159472314857199,0.053237904630791,0.1668033133563518,0.5294117647058824,0.4705882352941176,0.5294117647058824,positive,mixed,mixed_weak,-0.0850755417405622,-0.3607989816160346,0.0850755417405622,0.3607989816160346,-0.2757234398754724,0.2757234398754724,same_direction,correct_dominant,target_shared,0.0704710631615681,0.0020622242878812,False,True,significant_correct_only,0.7215979632320692,20,correct,delta,central,regional_power,-0.3607989816160346,-0.1334880864554219,0.1334880864554219,0.0009206806685264,0.0020622242878812,True,positive,0.5294117647058824,mixed,disagreement,significant_but_inconsistent,negligible,5.133488,28,statistically_supported_but_inconsistent; delta-band; central-region; positive; negligible-effect,2.0,False,True,weak_or_unresolved
remember,alpha_rel,9507,11560,0.2303246161483026,0.2337555626784853,0.2039003167962983,0.2060719655008904,0.1343391902255121,0.1364036193258792,0.0034309465301826,0.0021716487045921,1.8318783826112768,0.0669841143318217,0.0253251429847427,negligible,positive,0.1534755902104805,False,EEG_scientific_feature,0.0034309465301826,0.0253251429847427,0.0253251429847427,0.0669841143318217,0.1534755902104805,False,positive,0.5454545454545454,mixed,agreement,weak_or_unresolved,non_significant_agreement,0.0227926286862684,3.025325,25,21,9507,11560,0.2303246161483026,0.2337555626784853,0.2039003167962983,0.2060719655008904,0.1343391902255121,0.1364036193258792,0.0021716487045921,1.8318783826112768,negligible,positive,False,22.0,-0.0031567144845136,0.0027394348243675,0.1019434999876411,0.5454545454545454,0.4545454545454545,0.5454545454545454,positive,mixed,17.0,0.0509783235501128,0.0454504463368716,0.1775602368839881,0.6470588235294118,0.3529411764705882,0.6470588235294118,positive,weak,weak,not_available,True,22.0,2.0,6.0,22,-0.0031567144845136,0.0027394348243675,0.1019434999876411,0.5454545454545454,0.4545454545454545,0.5454545454545454,positive,mixed,17,0.0509783235501128,0.0454504463368716,0.1775602368839881,0.6470588235294118,0.3529411764705882,0.6470588235294118,positive,weak,weak,0.0034309465301826,0.0175304277247444,0.0034309465301826,0.0175304277247444,0.0140994811945618,0.0140994811945618,same_direction,weak_both_targets,weak_cross_target_pattern,0.1534755902104805,0.0001465080516652,False,True,significant_correct_only,0.0350608554494888,45,correct,alpha,global,relative_power,0.0175304277247444,0.1294403336185308,0.1294403336185308,4.4687129872806026e-05,0.0001465080516652,True,positive,0.6470588235294118,weak,agreement,moderate_replicated,negligible,7.12944,9,replicated_candidate; alpha-band; global-region; positive; negligible-effect,2.0,False,True,weak_or_unresolved
remember,delta_frontoparietal_diff,9507,11560,1.7471335006105284,1.496950922000221,-2.5551429365208725e-05,-2.5175666148426434e-05,11.755065371790543,10.640917043015214,-0.2501825786103073,3.757632167822903e-07,-1.6039446089643048,0.1087425474237535,-0.0224228531334693,negligible,negative,0.2099856088182827,False,EEG_scientific_feature,-0.2501825786103073,-0.0224228531334693,0.0224228531334693,0.1087425474237535,0.2099856088182827,False,negative,0.5454545454545454,mixed,agreement,weak_or_unresolved,non_significant_agreement,0.0201805678201223,3.022423,29,23,9507,11560,1.7471335006105284,1.496950922000221,-2.5551429365208725e-05,-2.5175666148426434e-05,11.755065371790543,10.640917043015214,3.757632167822903e-07,-1.6039446089643048,negligible,negative,False,22.0,-0.0088917986654164,-0.0035818687385868,0.0833683934062379,0.4545454545454545,0.5454545454545454,0.5454545454545454,negative,mixed,17.0,0.0627843531353025,0.0965889029100864,0.1483474735535856,0.7058823529411765,0.2941176470588235,0.7058823529411765,positive,moderate,moderate,not_available,True,22.0,2.0,6.0,22,-0.0088917986654164,-0.0035818687385868,0.0833683934062379,0.4545454545454545,0.5454545454545454,0.5454545454545454,negative,mixed,17,0.0627843531353025,0.0965889029100864,0.1483474735535856,0.7058823529411765,0.2941176470588235,0.7058823529411765,positive,moderate,moderate,-0.2501825786103073,-1.5195109433680205,0.2501825786103073,1.5195109433680205,-1.2693283647577132,1.2693283647577132,same_direction,correct_dominant,target_shared,0.2099856088182827,0.0029074766612216,False,True,significant_correct_only,3.039021886736041,1,correct,delta,frontoparietal,difference,-1.5195109433680205,-0.1362394741852295,0.1362394741852295,0.0014195169546128,0.0029074766612216,True,positive,0.7058823529411765,moderate,disagreement,significant_but_inconsistent,negligible,5.136239,27,statistically_supported_but_inconsistent; delta-band; frontoparietal-region; positive; negligible-effect,2.0,False,True,weak_or_unresolved
remember,theta_alpha_temporal_ratio,9507,11560,1.786948222383454,1.7465278061773086,1.220153089976174,1.1607606444255565,1.952876159280764,1.9757916466978709,-0.0404204162061454,-0.0593924455506176,-1.4870459600467674,0.1370181478591047,-0.0205651245509221,negligible,negative,0.2325156448518141,False,EEG_scientific_feature,-0.0404204162061454,-0.0205651245509221,0.0205651245509221,0.1370181478591047,0.2325156448518141,False,negative,0.5454545454545454,mixed,agreement,weak_or_unresolved,non_significant_agreement,0.0185086120958298,3.020565,33,25,9507,11560,1.786948222383454,1.7465278061773086,1.220153089976174,1.1607606444255565,1.952876159280764,1.9757916466978709,-0.0593924455506176,-1.4870459600467674,negligible,negative,False,22.0,0.0003842089452644,-0.0043749302208013,0.1061904585230957,0.4545454545454545,0.5454545454545454,0.5454545454545454,negative,mixed,17.0,0.058508311526769,-0.019445121900486,0.1844772851206481,0.4117647058823529,0.5882352941176471,0.5882352941176471,negative,weak,weak,not_available,True,22.0,2.0,6.0,22,0.0003842089452644,-0.0043749302208013,0.1061904585230957,0.4545454545454545,0.5454545454545454,0.5454545454545454,negative,mixed,17,0.058508311526769,-0.019445121900486,0.1844772851206481,0.4117647058823529,0.5882352941176471,0.5882352941176471,negative,weak,weak,-0.0404204162061454,-0.0099048116899713,0.0404204162061454,0.0099048116899713,0.030515604516174,0.030515604516174,same_direction,weak_both_targets,weak_cross_target_pattern,0.2325156448518141,0.8906554669090857,False,False,not_fdr_significant,0.0808408324122908,36,correct,theta,temporal,ratio,-0.0099048116899713,-0.0050391154361881,0.0050391154361881,0.858846343090904,0.8906554669090857,False,negative,0.5882352941176471,weak,agreement,non_significant_agreement,negligible,3.005039,47,directional_candidate; theta-band; temporal-region; negative; negligible-effect,2.0,False,True,weak_or_unresolved
remember,theta_rel,9507,11560,0.2575103686544727,0.2549182704317912,0.2351214469841146,0.2329333634121083,0.1300914403980751,0.1254524938543051,-0.0025920982226814,-0.0021880835720062,-1.4624363133384997,0.1436374049325956,-0.0203195364647338,negligible,negative,0.2365792551830987,False,EEG_scientific_feature,-0.0025920982226814,-0.0203195364647338,0.0203195364647338,0.1436374049325956,0.2365792551830987,False,negative,0.5454545454545454,mixed,agreement,weak_or_unresolved,non_significant_agreement,0.0182875828182604,3.02032,34,26,9507,11560,0.2575103686544727,0.2549182704317912,0.2351214469841146,0.2329333634121083,0.1300914403980751,0.1254524938543051,-0.0021880835720062,-1.4624363133384997,negligible,negative,False,22.0,-0.0145365504845545,-0.0051443364529071,0.1239589740523093,0.4545454545454545,0.5454545454545454,0.5454545454545454,negative,mixed,17.0,0.0867910663605451,0.0267486725345396,0.3271216947006907,0.5294117647058824,0.4705882352941176,0.5294117647058824,positive,mixed,mixed_weak,not_available,True,22.0,2.0,6.0,22,-0.0145365504845545,-0.0051443364529071,0.1239589740523093,0.4545454545454545,0.5454545454545454,0.5454545454545454,negative,mixed,17,0.0867910663605451,0.0267486725345396,0.3271216947006907,0.5294117647058824,0.4705882352941176,0.5294117647058824,positive,mixed,mixed_weak,-0.0025920982226814,0.0247383786040161,0.0025920982226814,0.0247383786040161,0.0273304768266974,0.0273304768266974,opposite_direction,weak_both_targets,weak_cross_target_pattern,0.2365792551830987,4.763877686990766e-09,False,True,significant_correct_only,0.0546609536533949,43,correct,theta,global,relative_power,0.0247383786040161,0.1940892963849802,0.1940892963849802,5.104154664632964e-10,4.763877686990766e-09,True,positive,0.5294117647058824,mixed,agreement,significant_but_inconsistent,negligible,5.194089,24,statistically_supported_but_inconsistent; theta-band; global-region; positive; negligible-effect,2.0,False,True,weak_or_unresolved
remember,theta_frontoparietal_ratio,9507,11560,0.8632660938365917,0.8763715062722076,0.6807679924619336,0.6880377491741687,0.6444692126536398,0.6859314745649556,0.0131054124356159,0.007269756712235,1.4266205020541785,0.1537043961712343,0.0196324079613274,negligible,positive,0.2459270338739749,False,EEG_scientific_feature,0.0131054124356159,0.0196324079613274,0.0196324079613274,0.1537043961712343,0.2459270338739749,False,positive,0.5454545454545454,mixed,agreement,weak_or_unresolved,non_significant_agreement,0.0176691671651946,3.019632,35,27,9507,11560,0.8632660938365917,0.8763715062722076,0.6807679924619336,0.6880377491741687,0.6444692126536398,0.6859314745649556,0.007269756712235,1.4266205020541785,negligible,positive,False,22.0,0.007059147266353,0.0123552143232427,0.1178773498353339,0.5454545454545454,0.4545454545454545,0.5454545454545454,positive,mixed,17.0,-0.0387700488042177,-0.0184003772783559,0.1319008647886554,0.4705882352941176,0.5294117647058824,0.5294117647058824,negative,mixed,mixed_weak,not_available,True,22.0,2.0,6.0,22,0.007059147266353,0.0123552143232427,0.1178773498353339,0.5454545454545454,0.4545454545454545,0.5454545454545454,positive,mixed,17,-0.0387700488042177,-0.0184003772783559,0.1319008647886554,0.4705882352941176,0.5294117647058824,0.5294117647058824,negative,mixed,mixed_weak,0.0131054124356159,-0.095871240909116,0.0131054124356159,0.095871240909116,-0.1089766533447319,0.1089766533447319,opposite_direction,correct_dominant,target_dissociated,0.2459270338739749,0.0001240276747523,False,True,significant_correct_only,0.2179533066894638,29,correct,theta,frontoparietal,ratio,-0.095871240909116,-0.1436826853394754,0.1436826853394754,3.543647850067478e-05,0.0001240276747523,True,negative,0.5294117647058824,mixed,agreement,significant_but_inconsistent,negligible,5.143683,26,statistically_supported_but_inconsistent; theta-band; frontoparietal-region; negative; negligible-effect,2.0,False,True,weak_or_unresolved
remember,alpha_frontoparietal_diff,9507,11560,-1.890168248953389,-1.8217482822522453,-0.608427474886459,-0.5686505721238762,3.7904114649813705,3.848807077028103,0.0684199667011435,0.0397769027625828,1.2947153309142434,0.1954331033736274,0.0178989658652217,negligible,positive,0.288006678655872,False,EEG_scientific_feature,0.0684199667011435,0.0178989658652217,0.0178989658652217,0.1954331033736274,0.288006678655872,False,positive,0.5454545454545454,mixed,agreement,weak_or_unresolved,non_significant_agreement,0.0161090692786995,3.017899,37,28,9507,11560,-1.890168248953389,-1.8217482822522453,-0.608427474886459,-0.5686505721238762,3.7904114649813705,3.848807077028103,0.0397769027625828,1.2947153309142434,negligible,positive,False,22.0,0.0097489374978101,0.0002832907681079,0.1217687411757598,0.5454545454545454,0.4545454545454545,0.5454545454545454,positive,mixed,17.0,-0.0308501991692553,-0.0426794577245955,0.2167819097670074,0.4705882352941176,0.5294117647058824,0.5294117647058824,negative,mixed,mixed_weak,not_available,True,22.0,2.0,6.0,22,0.0097489374978101,0.0002832907681079,0.1217687411757598,0.5454545454545454,0.4545454545454545,0.5454545454545454,positive,mixed,17,-0.0308501991692553,-0.0426794577245955,0.2167819097670074,0.4705882352941176,0.5294117647058824,0.5294117647058824,negative,mixed,mixed_weak,0.0684199667011435,-0.2457983468651301,0.0684199667011435,0.2457983468651301,-0.3142183135662736,0.3142183135662736,opposite_direction,correct_dominant,target_dissociated,0.288006678655872,0.0550740446736389,False,False,not_fdr_significant,0.6284366271325472,24,correct,alpha,frontoparietal,difference,-0.2457983468651301,-0.0643057311497376,0.0643057311497376,0.0403220684217714,0.0550740446736389,False,negative,0.5294117647058824,mixed,agreement,non_significant_agreement,negligible,3.064306,40,directional_candidate; alpha-band; frontoparietal-region; negative; negligible-effect,2.0,False,True,weak_or_unresolved
remember,delta_occipital,9507,11560,5.553824576242907,6.028620076189792,2.007288640624895,1.953740195590688,22.257048869169218,30.77134735413737,0.4747954999468851,-0.0535484450342069,1.296964337845435,0.1946578866987924,0.0174170614251832,negligible,positive,0.288006678655872,False,EEG_scientific_feature,0.4747954999468851,0.0174170614251832,0.0174170614251832,0.1946578866987924,0.288006678655872,False,positive,0.5454545454545454,mixed,agreement,weak_or_unresolved,non_significant_agreement,0.0156753552826648,3.017417,39,30,9507,11560,5.553824576242907,6.028620076189792,2.007288640624895,1.953740195590688,22.257048869169218,30.77134735413737,-0.0535484450342069,1.296964337845435,negligible,positive,False,22.0,0.0096595477497744,0.0202226940751393,0.0994514137861005,0.5454545454545454,0.4545454545454545,0.5454545454545454,positive,mixed,17.0,0.0388419751301787,0.0337134178161626,0.1533051450676223,0.6470588235294118,0.3529411764705882,0.6470588235294118,positive,weak,weak,not_available,True,22.0,2.0,6.0,22,0.0096595477497744,0.0202226940751393,0.0994514137861005,0.5454545454545454,0.4545454545454545,0.5454545454545454,positive,mixed,17,0.0388419751301787,0.0337134178161626,0.1533051450676223,0.6470588235294118,0.3529411764705882,0.6470588235294118,positive,weak,weak,0.4747954999468851,0.4761461561323274,0.4747954999468851,0.4761461561323274,0.0013506561854423,0.0013506561854423,same_direction,correct_dominant,target_shared,0.288006678655872,0.314151408837659,False,False,not_fdr_significant,0.9522923122646548,17,correct,delta,occipital,regional_power,0.4761461561323274,0.0174660790826604,0.0174660790826604,0.2524430963874046,0.314151408837659,False,positive,0.6470588235294118,weak,agreement,non_significant_agreement,negligible,3.017466,45,directional_candidate; delta-band; occipital-region; positive; negligible-effect,2.0,False,True,weak_or_unresolved
remember,beta_abs,9507,11560,0.3551834144345519,0.3610088161133898,0.3072805406205033,0.2948038631551062,0.3184660245885602,0.3416613695603796,0.0058254016788378,-0.0124766774653971,1.278350298422123,0.2011402468825846,0.0175784192476756,negligible,positive,0.2888167647544805,False,EEG_scientific_feature,0.0058254016788378,0.0175784192476756,0.0175784192476756,0.2011402468825846,0.2888167647544805,False,positive,0.5454545454545454,mixed,agreement,weak_or_unresolved,non_significant_agreement,0.015820577322908,3.017578,38,29,9507,11560,0.3551834144345519,0.3610088161133898,0.3072805406205033,0.2948038631551062,0.3184660245885602,0.3416613695603796,-0.0124766774653971,1.278350298422123,negligible,positive,False,22.0,0.0118828398849201,0.0064287775629291,0.1218529682992227,0.5454545454545454,0.4545454545454545,0.5454545454545454,positive,mixed,17.0,0.0006445398145583,0.022617076858297,0.2999088933466001,0.5882352941176471,0.4117647058823529,0.5882352941176471,positive,weak,weak,not_available,True,22.0,2.0,6.0,22,0.0118828398849201,0.0064287775629291,0.1218529682992227,0.5454545454545454,0.4545454545454545,0.5454545454545454,positive,mixed,17,0.0006445398145583,0.022617076858297,0.2999088933466001,0.5882352941176471,0.4117647058823529,0.5882352941176471,positive,weak,weak,0.0058254016788378,0.0324235303582391,0.0058254016788378,0.0324235303582391,0.0265981286794012,0.0265981286794012,same_direction,weak_both_targets,weak_cross_target_pattern,0.2888167647544805,0.0033819575805418,False,True,significant_correct_only,0.0648470607164782,42,correct,beta,global,absolute_power,0.0324235303582391,0.0978581244466391,0.0978581244466391,0.0018721550892285,0.0033819575805418,True,positive,0.5882352941176471,weak,agreement,moderate_replicated,negligible,7.097858,17,replicated_candidate; beta-band; global-region; positive; negligible-effect,2.0,False,True,weak_or_unresolved
remember,beta_parietal,9507,11560,0.346809083966127,0.352243935539237,0.2661890454385959,0.2566670681128631,0.3434970104879649,0.3653700160483274,0.00543485157311,-0.0095219773257327,1.1103353859206735,0.2668674321697287,0.0152807745495806,negligible,positive,0.3558232428929716,False,EEG_scientific_feature,0.00543485157311,0.0152807745495806,0.0152807745495806,0.2668674321697287,0.3558232428929716,False,positive,0.5454545454545454,mixed,agreement,weak_or_unresolved,non_significant_agreement,0.0137526970946225,3.015281,42,31,9507,11560,0.346809083966127,0.352243935539237,0.2661890454385959,0.2566670681128631,0.3434970104879649,0.3653700160483274,-0.0095219773257327,1.1103353859206735,negligible,positive,False,22.0,-0.0059303388163629,0.0050942344560753,0.1370314278828085,0.5454545454545454,0.4545454545454545,0.5454545454545454,positive,mixed,17.0,0.0456835929960584,0.0300598021055862,0.2585608759860224,0.6470588235294118,0.3529411764705882,0.6470588235294118,positive,weak,weak,not_available,True,22.0,2.0,6.0,22,-0.0059303388163629,0.0050942344560753,0.1370314278828085,0.5454545454545454,0.4545454545454545,0.5454545454545454,positive,mixed,17,0.0456835929960584,0.0300598021055862,0.2585608759860224,0.6470588235294118,0.3529411764705882,0.6470588235294118,positive,weak,weak,0.00543485157311,0.0551153219768879,0.00543485157311,0.0551153219768879,0.0496804704037779,0.0496804704037779,same_direction,correct_dominant,weak_cross_target_pattern,0.3558232428929716,2.7374404943671806e-09,False,True,significant_correct_only,0.1102306439537758,34,correct,beta,parietal,regional_power,0.0551153219768879,0.1550481442910112,0.1550481442910112,2.4441432985421256e-10,2.7374404943671806e-09,True,positive,0.6470588235294118,weak,agreement,moderate_replicated,negligible,7.155048,5,replicated_candidate; beta-band; parietal-region; positive; negligible-effect,2.0,False,True,weak_or_unresolved
remember,theta_alpha_parietal_ratio,9507,11560,1.452020595849345,1.430479972091456,1.0419107895450277,1.0056518602255151,1.533574026752808,1.5249208392079985,-0.021540623757889,-0.0362589293195125,-1.017087664794677,0.3091238832305399,-0.014089596638575,negligible,negative,0.393430396838869,False,EEG_scientific_feature,-0.021540623757889,-0.014089596638575,0.014089596638575,0.3091238832305399,0.393430396838869,False,negative,0.5454545454545454,mixed,agreement,weak_or_unresolved,non_significant_agreement,0.0126806369747175,3.01409,44,33,9507,11560,1.452020595849345,1.430479972091456,1.0419107895450277,1.0056518602255151,1.533574026752808,1.5249208392079985,-0.0362589293195125,-1.017087664794677,negligible,negative,False,22.0,0.0181156212203537,-0.0151935362404102,0.1330299133616638,0.4545454545454545,0.5454545454545454,0.5454545454545454,negative,mixed,17.0,0.0576070598231411,0.0484739848887195,0.1923163828450809,0.5882352941176471,0.4117647058823529,0.5882352941176471,positive,weak,weak,not_available,True,22.0,2.0,6.0,22,0.0181156212203537,-0.0151935362404102,0.1330299133616638,0.4545454545454545,0.5454545454545454,0.5454545454545454,negative,mixed,17,0.0576070598231411,0.0484739848887195,0.1923163828450809,0.5882352941176471,0.4117647058823529,0.5882352941176471,positive,weak,weak,-0.021540623757889,0.0862189671251065,0.021540623757889,0.0862189671251065,0.1077595908829955,0.1077595908829955,opposite_direction,correct_dominant,target_dissociated,0.393430396838869,0.0488369886158184,False,True,significant_correct_only,0.215519181765991,30,correct,theta,parietal,ratio,0.0862189671251065,0.0563982204593509,0.0563982204593509,0.0348835632970131,0.0488369886158184,True,positive,0.5882352941176471,weak,agreement,moderate_replicated,negligible,7.056398,20,replicated_candidate; theta-band; parietal-region; positive; negligible-effect,2.0,False,True,weak_or_unresolved
remember,gamma_rel,9507,11560,0.0318445056589065,0.0320921417140412,0.0229039386496442,0.0233737321584897,0.0337784013974824,0.0317359145698938,0.0002476360551346,0.0004697935088455,0.5441038980302835,0.5863761187607445,0.0075791241470586,negligible,positive,0.6195672198226734,False,EEG_scientific_feature,0.0002476360551346,0.0075791241470586,0.0075791241470586,0.5863761187607445,0.6195672198226734,False,positive,0.5454545454545454,mixed,agreement,weak_or_unresolved,non_significant_agreement,0.0068212117323527,3.007579,52,35,9507,11560,0.0318445056589065,0.0320921417140412,0.0229039386496442,0.0233737321584897,0.0337784013974824,0.0317359145698938,0.0004697935088455,0.5441038980302835,negligible,positive,False,22.0,0.0263138658880355,0.0210692636781099,0.126564350549995,0.5454545454545454,0.4545454545454545,0.5454545454545454,positive,mixed,17.0,-0.1016647240431666,-0.0680082285851119,0.3599035361120348,0.4117647058823529,0.5882352941176471,0.5882352941176471,negative,weak,weak,not_available,True,22.0,2.0,6.0,22,0.0263138658880355,0.0210692636781099,0.126564350549995,0.5454545454545454,0.4545454545454545,0.5454545454545454,positive,mixed,17,-0.1016647240431666,-0.0680082285851119,0.3599035361120348,0.4117647058823529,0.5882352941176471,0.5882352941176471,negative,weak,weak,0.0002476360551346,-0.0012532810482517,0.0002476360551346,0.0012532810482517,-0.0015009171033863,0.0015009171033863,opposite_direction,weak_both_targets,weak_cross_target_pattern,0.6195672198226734,0.3147258418455821,False,False,not_fdr_significant,0.0030018342067726,55,correct,gamma,global,relative_power,-0.0012532810482517,-0.0383588679762054,0.0383588679762054,0.258524798658871,0.3147258418455821,False,negative,0.5882352941176471,weak,agreement,non_significant_agreement,negligible,3.038359,42,directional_candidate; gamma-band; global-region; negative; negligible-effect,2.0,False,True,weak_or_unresolved
remember,gamma_frontal,9507,11560,0.1849084842535074,0.1854031326474643,0.1115759960928353,0.1125752606302258,0.339196898783928,0.3749239542103607,0.0004946483939569,0.0009992645373904,0.1004231387035395,0.9200093650043816,0.001376924039651,negligible,positive,0.9318645678505734,False,EEG_scientific_feature,0.0004946483939569,0.001376924039651,0.001376924039651,0.9200093650043816,0.9318645678505734,False,positive,0.5454545454545454,mixed,agreement,weak_or_unresolved,non_significant_agreement,0.0012392316356859,3.001377,55,36,9507,11560,0.1849084842535074,0.1854031326474643,0.1115759960928353,0.1125752606302258,0.339196898783928,0.3749239542103607,0.0009992645373904,0.1004231387035395,negligible,positive,False,22.0,0.0201437446285349,0.0143858938803237,0.1828667512902601,0.5454545454545454,0.4545454545454545,0.5454545454545454,positive,mixed,17.0,-0.0185708552725713,-0.0854695744567192,0.3811722512965448,0.3529411764705882,0.6470588235294118,0.6470588235294118,negative,weak,weak,not_available,True,22.0,2.0,6.0,22,0.0201437446285349,0.0143858938803237,0.1828667512902601,0.5454545454545454,0.4545454545454545,0.5454545454545454,positive,mixed,17,-0.0185708552725713,-0.0854695744567192,0.3811722512965448,0.3529411764705882,0.6470588235294118,0.6470588235294118,negative,weak,weak,0.0004946483939569,-0.0095864648697016,0.0004946483939569,0.0095864648697016,-0.0100811132636585,0.0100811132636585,opposite_direction,weak_both_targets,weak_cross_target_pattern,0.9318645678505734,0.6941613184779467,False,False,not_fdr_significant,0.020162226527317,50,correct,gamma,frontal,regional_power,-0.0095864648697016,-0.0266857335426586,0.0266857335426586,0.6197868914981668,0.6941613184779467,False,negative,0.6470588235294118,weak,agreement,non_significant_agreement,negligible,3.026686,44,directional_candidate; gamma-band; frontal-region; negative; negligible-effect,2.0,False,True,weak_or_unresolved
remember,alpha_temporal,9507,11560,1.4028677278763984,1.3520911059344665,0.70470083504721,0.6862104771760863,2.0706954343668755,1.9409925020024503,-0.0507766219419318,-0.0184903578711237,-1.8216984226425177,0.0685158884868216,-0.0253811414745022,negligible,negative,0.1534755902104805,False,EEG_scientific_feature,-0.0507766219419318,-0.0253811414745022,0.0253811414745022,0.0685158884868216,0.1534755902104805,False,positive,0.6818181818181818,moderate,disagreement,moderately_consistent,weak_or_unresolved,0.0228430273270519,1.025381,24,39,9507,11560,1.4028677278763984,1.3520911059344665,0.70470083504721,0.6862104771760863,2.0706954343668755,1.9409925020024503,-0.0184903578711237,-1.8216984226425177,negligible,negative,False,22.0,0.0162968696228716,0.025018799178911,0.0970860300322215,0.6818181818181818,0.3181818181818182,0.6818181818181818,positive,moderate,17.0,0.0272486358929177,0.0259348503649758,0.1769982665570434,0.5882352941176471,0.4117647058823529,0.5882352941176471,positive,weak,moderate,not_available,True,22.0,1.0,7.0,22,0.0162968696228716,0.025018799178911,0.0970860300322215,0.6818181818181818,0.3181818181818182,0.6818181818181818,positive,moderate,17,0.0272486358929177,0.0259348503649758,0.1769982665570434,0.5882352941176471,0.4117647058823529,0.5882352941176471,positive,weak,moderate,-0.0507766219419318,0.2003667333175489,0.0507766219419318,0.2003667333175489,0.2511433552594806,0.2511433552594806,opposite_direction,correct_dominant,target_dissociated,0.1534755902104805,0.001972721506344,False,True,significant_correct_only,0.5022867105189613,25,correct,alpha,temporal,regional_power,0.2003667333175489,0.100171074318177,0.100171074318177,0.0008454520741474,0.001972721506344,True,positive,0.5882352941176471,weak,agreement,moderate_replicated,negligible,7.100171,16,replicated_candidate; alpha-band; temporal-region; positive; negligible-effect,1.0,False,True,moderately_consistent
remember,delta_abs,9507,11560,4.198083973147984,3.862091842369628,1.9099314380056256,1.8183703708665715,11.495413053732031,10.50292454395877,-0.3359921307783562,-0.0915610671390541,-2.1944705234649,0.0282133606230168,-0.0306508017913887,negligible,negative,0.075235628328045,False,EEG_scientific_feature,-0.3359921307783562,-0.0306508017913887,0.0306508017913887,0.0282133606230168,0.075235628328045,False,mixed,0.5,mixed,not_available,weak_or_unresolved,weak_or_unresolved,0.0275857216122498,1.030651,20,37,9507,11560,4.198083973147984,3.862091842369628,1.9099314380056256,1.8183703708665715,11.495413053732031,10.50292454395877,-0.0915610671390541,-2.1944705234649,negligible,negative,False,22.0,0.0072287228564156,-0.0031531389258265,0.0982734110554901,0.5,0.5,0.5,mixed,mixed,17.0,0.0500998314822681,0.0751932060962368,0.1461365662717453,0.6470588235294118,0.3529411764705882,0.6470588235294118,positive,weak,weak,not_available,True,22.0,0.0,8.0,22,0.0072287228564156,-0.0031531389258265,0.0982734110554901,0.5,0.5,0.5,mixed,mixed,17,0.0500998314822681,0.0751932060962368,0.1461365662717453,0.6470588235294118,0.3529411764705882,0.6470588235294118,positive,weak,weak,-0.3359921307783562,-1.443957583598896,0.3359921307783562,1.443957583598896,-1.1079654528205398,1.1079654528205398,same_direction,correct_dominant,target_shared,0.075235628328045,0.0058778508834395,False,True,significant_correct_only,2.887915167197792,2,correct,delta,global,absolute_power,-1.443957583598896,-0.1317639434412088,0.1317639434412088,0.0035686951792311,0.0058778508834395,True,positive,0.6470588235294118,weak,disagreement,significant_but_inconsistent,negligible,5.131764,29,statistically_supported_but_inconsistent; delta-band; global-region; positive; negligible-effect,0.0,False,True,weak_or_unresolved
remember,alpha_beta_frontal_ratio,9507,11560,4.02220049274869,3.9078841853841766,2.5317602359689424,2.5664422666351534,4.718530634077366,4.4033206355828165,-0.114316307364513,0.034682030666211,-1.803181899278317,0.0713749324765819,-0.0251340145453779,negligible,negative,0.1537306237957149,False,EEG_scientific_feature,-0.114316307364513,-0.0251340145453779,0.0251340145453779,0.0713749324765819,0.1537306237957149,False,mixed,0.5,mixed,not_available,weak_or_unresolved,weak_or_unresolved,0.0226206130908401,1.025134,26,40,9507,11560,4.02220049274869,3.9078841853841766,2.5317602359689424,2.5664422666351534,4.718530634077366,4.4033206355828165,0.034682030666211,-1.803181899278317,negligible,negative,False,22.0,0.0068680672331284,-0.0001755538643857,0.139233346238755,0.5,0.5,0.5,mixed,mixed,17.0,0.011768877838233,0.1052386511879747,0.2977090159764011,0.5882352941176471,0.4117647058823529,0.5882352941176471,positive,weak,weak,not_available,True,22.0,0.0,8.0,22,0.0068680672331284,-0.0001755538643857,0.139233346238755,0.5,0.5,0.5,mixed,mixed,17,0.011768877838233,0.1052386511879747,0.2977090159764011,0.5882352941176471,0.4117647058823529,0.5882352941176471,positive,weak,weak,-0.114316307364513,0.5925261508220454,0.114316307364513,0.5925261508220454,0.7068424581865584,0.7068424581865584,opposite_direction,correct_dominant,target_dissociated,0.1537306237957149,0.0001014112496675,False,True,significant_correct_only,1.4136849163731169,11,correct,alpha,frontal,ratio,0.5925261508220454,0.1303176474367501,0.1303176474367501,2.535281241689397e-05,0.0001014112496675,True,positive,0.5882352941176471,weak,agreement,moderate_replicated,negligible,7.130318,7,replicated_candidate; alpha-band; frontal-region; positive; negligible-effect,0.0,False,True,weak_or_unresolved
remember,beta_frontoparietal_ratio,9507,11560,1.6236271625350625,1.5772510551834011,0.9479668096228696,0.9465636059756944,2.043033346790009,2.027634965611246,-0.0463761073516613,-0.0014032036471752,-1.6451092583573177,0.0999628190575944,-0.0227937422186211,negligible,negative,0.1999256381151888,False,EEG_scientific_feature,-0.0463761073516613,-0.0227937422186211,0.0227937422186211,0.0999628190575944,0.1999256381151888,False,positive,0.5909090909090909,weak,disagreement,weak_or_unresolved,weak_or_unresolved,0.0205143679967589,1.022794,28,41,9507,11560,1.6236271625350625,1.5772510551834011,0.9479668096228696,0.9465636059756944,2.043033346790009,2.027634965611246,-0.0014032036471752,-1.6451092583573177,negligible,negative,False,22.0,0.0099956186603657,0.0250422045529727,0.1581891824320837,0.5909090909090909,0.4090909090909091,0.5909090909090909,positive,weak,17.0,-0.0452594589488374,-0.0780281715566495,0.3546062538488824,0.3529411764705882,0.6470588235294118,0.6470588235294118,negative,weak,weak,not_available,True,22.0,0.0,8.0,22,0.0099956186603657,0.0250422045529727,0.1581891824320837,0.5909090909090909,0.4090909090909091,0.5909090909090909,positive,weak,17,-0.0452594589488374,-0.0780281715566495,0.3546062538488824,0.3529411764705882,0.6470588235294118,0.6470588235294118,negative,weak,weak,-0.0463761073516613,-0.178807458673208,0.0463761073516613,0.178807458673208,-0.1324313513215467,0.1324313513215467,same_direction,correct_dominant,target_preferential,0.1999256381151888,0.0085918631731332,False,True,significant_correct_only,0.357614917346416,27,correct,beta,frontoparietal,ratio,-0.178807458673208,-0.0878939764907035,0.0878939764907035,0.0055233406112999,0.0085918631731332,True,negative,0.6470588235294118,weak,agreement,moderate_replicated,negligible,7.087894,18,replicated_candidate; beta-band; frontoparietal-region; negative; negligible-effect,0.0,False,True,weak_or_unresolved
remember,theta_occipital,9507,11560,3.2674976529710515,3.1310560990293297,1.3671297725530325,1.3192943328286646,6.43238937576803,6.175351687061482,-0.1364415539417218,-0.0478354397243678,-1.5598673892071604,0.118807083175026,-0.0216827027461096,negligible,negative,0.2217732219267152,False,EEG_scientific_feature,-0.1364415539417218,-0.0216827027461096,0.0216827027461096,0.118807083175026,0.2217732219267152,False,mixed,0.5,mixed,not_available,weak_or_unresolved,weak_or_unresolved,0.0195144324714986,1.021683,30,42,9507,11560,3.2674976529710515,3.1310560990293297,1.3671297725530325,1.3192943328286646,6.43238937576803,6.175351687061482,-0.0478354397243678,-1.5598673892071604,negligible,negative,False,22.0,0.0014960811435249,0.0100555128668375,0.0925045353107332,0.5,0.5,0.5,mixed,mixed,17.0,0.0722755107648713,0.0680261649250033,0.1812572203455097,0.7058823529411765,0.2941176470588235,0.7058823529411765,positive,moderate,moderate,not_available,True,22.0,0.0,8.0,22,0.0014960811435249,0.0100555128668375,0.0925045353107332,0.5,0.5,0.5,mixed,mixed,17,0.0722755107648713,0.0680261649250033,0.1812572203455097,0.7058823529411765,0.2941176470588235,0.7058823529411765,positive,moderate,moderate,-0.1364415539417218,0.6515027835828651,0.1364415539417218,0.6515027835828651,0.7879443375245869,0.7879443375245869,opposite_direction,correct_dominant,target_dissociated,0.2217732219267152,0.0001541677604189,False,True,significant_correct_only,1.5758886750491738,9,correct,theta,occipital,regional_power,0.6515027835828651,0.1035544831678395,0.1035544831678395,5.3146938140196856e-05,0.0001541677604189,True,positive,0.7058823529411765,moderate,agreement,strong_replicated,negligible,8.103554,3,high_priority; theta-band; occipital-region; positive; negligible-effect,0.0,False,True,weak_or_unresolved
remember,alpha_beta_ratio,9507,11560,5.0148825026163415,4.913304001378668,3.438350242407703,3.462306973132669,4.891791284611813,4.76981090360805,-0.1015785012376735,0.0239567307249655,-1.516749149407136,0.1293457681043908,-0.0210514973095009,negligible,negative,0.226355094182684,False,EEG_scientific_feature,-0.1015785012376735,-0.0210514973095009,0.0210514973095009,0.1293457681043908,0.226355094182684,False,mixed,0.5,mixed,not_available,weak_or_unresolved,weak_or_unresolved,0.0189463475785508,1.021051,31,43,9507,11560,5.0148825026163415,4.913304001378668,3.438350242407703,3.462306973132669,4.891791284611813,4.76981090360805,0.0239567307249655,-1.516749149407136,negligible,negative,False,22.0,-0.0049461318247157,1.643148696604986e-05,0.1389065291916441,0.5,0.5,0.5,mixed,mixed,17.0,0.0461803906299056,0.027962344081358,0.3000689208728265,0.6470588235294118,0.3529411764705882,0.6470588235294118,positive,weak,weak,not_available,True,22.0,0.0,8.0,22,-0.0049461318247157,1.643148696604986e-05,0.1389065291916441,0.5,0.5,0.5,mixed,mixed,17,0.0461803906299056,0.027962344081358,0.3000689208728265,0.6470588235294118,0.3529411764705882,0.6470588235294118,positive,weak,weak,-0.1015785012376735,0.538241535729493,0.1015785012376735,0.538241535729493,0.6398200369671665,0.6398200369671665,opposite_direction,correct_dominant,target_dissociated,0.226355094182684,0.0009296003114551,False,True,significant_correct_only,1.279640073934333,12,correct,alpha,global,ratio,0.538241535729493,0.1115741527988019,0.1115741527988019,0.000381800127919,0.0009296003114551,True,positive,0.6470588235294118,weak,agreement,moderate_replicated,negligible,7.111574,13,replicated_candidate; alpha-band; global-region; positive; negligible-effect,0.0,False,True,weak_or_unresolved
remember,theta_alpha_frontal_ratio,9507,11560,2.053132725134136,2.015673490956286,1.497847702043532,1.4592886945144836,2.01294211066953,2.00407419282043,-0.0374592341778501,-0.0385590075290482,-1.346759797986521,0.1780726762129178,-0.0186542458605755,negligible,negative,0.27700194077565,False,EEG_scientific_feature,-0.0374592341778501,-0.0186542458605755,0.0186542458605755,0.1780726762129178,0.27700194077565,False,positive,0.6363636363636364,weak,disagreement,weak_or_unresolved,weak_or_unresolved,0.0167888212745179,1.018654,36,44,9507,11560,2.053132725134136,2.015673490956286,1.497847702043532,1.4592886945144836,2.01294211066953,2.00407419282043,-0.0385590075290482,-1.346759797986521,negligible,negative,False,22.0,0.01020240238654,0.0102901272273364,0.0850637524403923,0.6363636363636364,0.3636363636363636,0.6363636363636364,positive,weak,17.0,0.055659694624723,0.0808250903691507,0.2315418556321866,0.5882352941176471,0.4117647058823529,0.5882352941176471,positive,weak,weak,not_available,True,22.0,0.0,8.0,22,0.01020240238654,0.0102901272273364,0.0850637524403923,0.6363636363636364,0.3636363636363636,0.6363636363636364,positive,weak,17,0.055659694624723,0.0808250903691507,0.2315418556321866,0.5882352941176471,0.4117647058823529,0.5882352941176471,positive,weak,weak,-0.0374592341778501,-0.0279890214491596,0.0374592341778501,0.0279890214491596,0.0094702127286904,0.0094702127286904,same_direction,weak_both_targets,weak_cross_target_pattern,0.27700194077565,0.7103693696157518,False,False,not_fdr_significant,0.0749184683557002,39,correct,theta,frontal,ratio,-0.0279890214491596,-0.0139376584825778,0.0139376584825778,0.6469435330429169,0.7103693696157518,False,positive,0.5882352941176471,weak,disagreement,weak_or_unresolved,negligible,1.013938,53,weak_or_unresolved; theta-band; frontal-region; positive; negligible-effect,0.0,False,True,weak_or_unresolved
remember,alpha_abs,9507,11560,1.877276150512333,1.8313899520598664,0.9831575482937016,0.9563793726929816,2.7057329924293545,2.707535489557378,-0.0458861984524665,-0.0267781756007201,-1.2245200274510744,0.2207703313167735,-0.0169526810028491,negligible,negative,0.3015399647253492,False,EEG_scientific_feature,-0.0458861984524665,-0.0169526810028491,0.0169526810028491,0.2207703313167735,0.3015399647253492,False,positive,0.6363636363636364,weak,disagreement,weak_or_unresolved,weak_or_unresolved,0.0152574129025641,1.016953,41,46,9507,11560,1.877276150512333,1.8313899520598664,0.9831575482937016,0.9563793726929816,2.7057329924293545,2.707535489557378,-0.0267781756007201,-1.2245200274510744,negligible,negative,False,22.0,-0.0042250807189996,0.0240140475402839,0.1410514771988568,0.6363636363636364,0.3636363636363636,0.6363636363636364,positive,weak,17.0,0.0039771690848747,-0.0314873277469293,0.2358383306446129,0.4117647058823529,0.5882352941176471,0.5882352941176471,negative,weak,weak,not_available,True,22.0,0.0,8.0,22,-0.0042250807189996,0.0240140475402839,0.1410514771988568,0.6363636363636364,0.3636363636363636,0.6363636363636364,positive,weak,17,0.0039771690848747,-0.0314873277469293,0.2358383306446129,0.4117647058823529,0.5882352941176471,0.5882352941176471,negative,weak,weak,-0.0458861984524665,0.2737862285941788,0.0458861984524665,0.2737862285941788,0.3196724270466453,0.3196724270466453,opposite_direction,correct_dominant,target_dissociated,0.3015399647253492,0.0029074766612216,False,True,significant_correct_only,0.6393448540932906,23,correct,alpha,global,absolute_power,0.2737862285941788,0.1011715846421198,0.1011715846421198,0.0014537383306108,0.0029074766612216,True,negative,0.5882352941176471,weak,disagreement,significant_but_inconsistent,negligible,5.101172,33,statistically_supported_but_inconsistent; alpha-band; global-region; negative; negligible-effect,0.0,False,True,weak_or_unresolved
remember,alpha_frontal,9507,11560,1.2643985839530836,1.2401426569848744,0.6694094296524153,0.6545975951532219,1.7959198341781888,1.7499400391213409,-0.0242559269682092,-0.0148118344991934,-0.9868271548115573,0.3237392710729241,-0.0136974350604846,negligible,negative,0.3941173734800816,False,EEG_scientific_feature,-0.0242559269682092,-0.0136974350604846,0.0136974350604846,0.3237392710729241,0.3941173734800816,False,positive,0.5909090909090909,weak,disagreement,weak_or_unresolved,weak_or_unresolved,0.0123276915544361,1.013697,46,48,9507,11560,1.2643985839530836,1.2401426569848744,0.6694094296524153,0.6545975951532219,1.7959198341781888,1.7499400391213409,-0.0148118344991934,-0.9868271548115573,negligible,negative,False,22.0,-0.0030707927750683,0.0310583704474831,0.1082465587138514,0.5909090909090909,0.4090909090909091,0.5909090909090909,positive,weak,17.0,-0.0117935947338535,-0.0626760015310623,0.2438905060196912,0.3529411764705882,0.6470588235294118,0.6470588235294118,negative,weak,weak,not_available,True,22.0,0.0,8.0,22,-0.0030707927750683,0.0310583704474831,0.1082465587138514,0.5909090909090909,0.4090909090909091,0.5909090909090909,positive,weak,17,-0.0117935947338535,-0.0626760015310623,0.2438905060196912,0.3529411764705882,0.6470588235294118,0.6470588235294118,negative,weak,weak,-0.0242559269682092,0.1761544002949546,0.0242559269682092,0.1761544002949546,0.2004103272631638,0.2004103272631638,opposite_direction,correct_dominant,target_dissociated,0.3941173734800816,0.0029946881408546,False,True,significant_correct_only,0.4008206545263276,26,correct,alpha,frontal,regional_power,0.1761544002949546,0.099496406033894,0.099496406033894,0.0015796926762239,0.0029946881408546,True,negative,0.6470588235294118,weak,disagreement,significant_but_inconsistent,negligible,5.099496,34,statistically_supported_but_inconsistent; alpha-band; frontal-region; negative; negligible-effect,0.0,False,True,weak_or_unresolved
remember,theta_alpha_occipital_ratio,9507,11560,1.8109567607961536,1.8408542195470687,0.9898382514984664,0.9791459086981528,2.837877682500145,2.9635285492720134,0.0298974587509148,-0.0106923428003137,0.7458416424397041,0.4557715974881944,0.0102828802101789,negligible,positive,0.5208818257007937,False,EEG_scientific_feature,0.0298974587509148,0.0102828802101789,0.0102828802101789,0.4557715974881944,0.5208818257007937,False,mixed,0.5,mixed,not_available,weak_or_unresolved,weak_or_unresolved,0.009254592189161,1.010283,49,50,9507,11560,1.8109567607961536,1.8408542195470687,0.9898382514984664,0.9791459086981528,2.837877682500145,2.9635285492720134,-0.0106923428003137,0.7458416424397041,negligible,positive,False,22.0,0.019958592202797,-0.0003951778382678,0.0885949826535195,0.5,0.5,0.5,mixed,mixed,17.0,0.078780430655667,0.0375691400620294,0.1784651792808863,0.5882352941176471,0.4117647058823529,0.5882352941176471,positive,weak,weak,not_available,True,22.0,0.0,8.0,22,0.019958592202797,-0.0003951778382678,0.0885949826535195,0.5,0.5,0.5,mixed,mixed,17,0.078780430655667,0.0375691400620294,0.1784651792808863,0.5882352941176471,0.4117647058823529,0.5882352941176471,positive,weak,weak,0.0298974587509148,0.1631099213552205,0.0298974587509148,0.1631099213552205,0.1332124626043057,0.1332124626043057,same_direction,correct_dominant,target_preferential,0.5208818257007937,0.0288426366003303,False,True,significant_correct_only,0.326219842710441,28,correct,theta,occipital,ratio,0.1631099213552205,0.056103224729366,0.056103224729366,0.0195717891216527,0.0288426366003303,True,positive,0.5882352941176471,weak,agreement,moderate_replicated,negligible,7.056103,21,replicated_candidate; theta-band; occipital-region; positive; negligible-effect,0.0,False,True,weak_or_unresolved
remember,alpha_occipital,9507,11560,4.287411310201857,4.370165651510288,1.330900205960777,1.262556649621169,10.514347256042573,11.148625687825636,0.0827543413084308,-0.0683435563396077,0.5531687280838157,0.5801538593957482,0.0076152108796948,negligible,positive,0.6195672198226734,False,EEG_scientific_feature,0.0827543413084308,0.0076152108796948,0.0076152108796948,0.5801538593957482,0.6195672198226734,False,mixed,0.5,mixed,not_available,weak_or_unresolved,weak_or_unresolved,0.0068536897917253,1.007615,51,52,9507,11560,4.287411310201857,4.370165651510288,1.330900205960777,1.262556649621169,10.514347256042573,11.148625687825636,-0.0683435563396077,0.5531687280838157,negligible,positive,False,22.0,-0.0138085748379195,0.006018385239761,0.1103612745857076,0.5,0.5,0.5,mixed,mixed,17.0,-0.0353875819230478,-0.0226737443574212,0.2244054755285758,0.4117647058823529,0.5882352941176471,0.5882352941176471,negative,weak,weak,not_available,True,22.0,0.0,8.0,22,-0.0138085748379195,0.006018385239761,0.1103612745857076,0.5,0.5,0.5,mixed,mixed,17,-0.0353875819230478,-0.0226737443574212,0.2244054755285758,0.4117647058823529,0.5882352941176471,0.5882352941176471,negative,weak,weak,0.0827543413084308,0.3252131024252485,0.0827543413084308,0.3252131024252485,0.2424587611168177,0.2424587611168177,same_direction,correct_dominant,target_shared,0.6195672198226734,0.4467871442454787,False,False,not_fdr_significant,0.650426204850497,22,correct,alpha,occipital,regional_power,0.3252131024252485,0.0299271492552854,0.0299271492552854,0.3829604093532675,0.4467871442454787,False,negative,0.5882352941176471,weak,disagreement,weak_or_unresolved,negligible,1.029927,51,weak_or_unresolved; alpha-band; occipital-region; negative; negligible-effect,0.0,False,True,weak_or_unresolved
remember,delta_frontoparietal_ratio,9507,11560,1.2942753574225057,1.303423779787817,0.9878781427381546,0.9829839046158249,1.0526685525445234,1.3266663255883453,0.0091484223653113,-0.0048942381223296,0.5579859496223334,0.5768599159559353,0.0075561753071401,negligible,positive,0.6195672198226734,False,EEG_scientific_feature,0.0091484223653113,0.0075561753071401,0.0075561753071401,0.5768599159559353,0.6195672198226734,False,mixed,0.5,mixed,not_available,weak_or_unresolved,weak_or_unresolved,0.006800557776426,1.007556,53,53,9507,11560,1.2942753574225057,1.303423779787817,0.9878781427381546,0.9829839046158249,1.0526685525445234,1.3266663255883453,-0.0048942381223296,0.5579859496223334,negligible,positive,False,22.0,-0.0085554372937001,0.0055259200325376,0.0843500236524558,0.5,0.5,0.5,mixed,mixed,17.0,0.0076183626370432,0.0767235494216667,0.2102876425156623,0.6470588235294118,0.3529411764705882,0.6470588235294118,positive,weak,weak,not_available,True,22.0,0.0,8.0,22,-0.0085554372937001,0.0055259200325376,0.0843500236524558,0.5,0.5,0.5,mixed,mixed,17,0.0076183626370432,0.0767235494216667,0.2102876425156623,0.6470588235294118,0.3529411764705882,0.6470588235294118,positive,weak,weak,0.0091484223653113,-0.069527851805583,0.0091484223653113,0.069527851805583,-0.0786762741708943,0.0786762741708943,opposite_direction,correct_dominant,weak_cross_target_pattern,0.6195672198226734,0.0459357547964619,False,True,significant_correct_only,0.1573525483417886,33,correct,delta,frontoparietal,ratio,-0.069527851805583,-0.0574309172897982,0.0574309172897982,0.0319909720903931,0.0459357547964619,True,positive,0.6470588235294118,weak,disagreement,significant_but_inconsistent,negligible,5.057431,39,statistically_supported_but_inconsistent; delta-band; frontoparietal-region; positive; negligible-effect,0.0,False,True,weak_or_unresolved
remember,alpha_beta_temporal_ratio,9507,11560,4.549670398379389,4.510060932189444,2.9358464782860763,2.998470325972157,4.999550065635605,4.886669020996874,-0.0396094661899448,0.0626238476860803,-0.5780789089705242,0.5632173202639649,-0.0080214744846278,negligible,negative,0.6195672198226734,False,EEG_scientific_feature,-0.0396094661899448,-0.0080214744846278,0.0080214744846278,0.5632173202639649,0.6195672198226734,False,positive,0.5909090909090909,weak,disagreement,weak_or_unresolved,weak_or_unresolved,0.007219327036165,1.008021,50,51,9507,11560,4.549670398379389,4.510060932189444,2.9358464782860763,2.998470325972157,4.999550065635605,4.886669020996874,0.0626238476860803,-0.5780789089705242,negligible,negative,False,22.0,0.0523368059108568,0.0315087420271479,0.1486178561793478,0.5909090909090909,0.4090909090909091,0.5909090909090909,positive,weak,17.0,0.0649429906876725,0.0617200039401055,0.2467043589216244,0.5882352941176471,0.4117647058823529,0.5882352941176471,positive,weak,weak,not_available,True,22.0,0.0,8.0,22,0.0523368059108568,0.0315087420271479,0.1486178561793478,0.5909090909090909,0.4090909090909091,0.5909090909090909,positive,weak,17,0.0649429906876725,0.0617200039401055,0.2467043589216244,0.5882352941176471,0.4117647058823529,0.5882352941176471,positive,weak,weak,-0.0396094661899448,-0.0317793366853029,0.0396094661899448,0.0317793366853029,0.0078301295046418,0.0078301295046418,same_direction,weak_both_targets,weak_cross_target_pattern,0.6195672198226734,0.8906554669090857,False,False,not_fdr_significant,0.0792189323798896,37,correct,alpha,temporal,ratio,-0.0317793366853029,-0.0064357181233943,0.0064357181233943,0.8463230204581924,0.8906554669090857,False,positive,0.5882352941176471,weak,disagreement,weak_or_unresolved,negligible,1.006436,54,weak_or_unresolved; alpha-band; temporal-region; positive; negligible-effect,0.0,False,True,weak_or_unresolved
remember,theta_alpha_central_ratio,9507,11560,1.577259569941138,1.5732364968714594,1.1395931781760722,1.12405436189,1.5063294730686527,1.5137038019136173,-0.0040230730696786,-0.0155388162860723,-0.1924764397389245,0.8473709443453776,-0.0026636156982537,negligible,negative,0.8787550533952064,False,EEG_scientific_feature,-0.0040230730696786,-0.0026636156982537,0.0026636156982537,0.8473709443453776,0.8787550533952064,False,positive,0.5909090909090909,weak,disagreement,weak_or_unresolved,weak_or_unresolved,0.0023972541284283,1.002664,54,54,9507,11560,1.577259569941138,1.5732364968714594,1.1395931781760722,1.12405436189,1.5063294730686527,1.5137038019136173,-0.0155388162860723,-0.1924764397389245,negligible,negative,False,22.0,0.0240558146301228,0.0018794202919669,0.0971318279290581,0.5909090909090909,0.4090909090909091,0.5909090909090909,positive,weak,17.0,0.0192306820462131,0.024672152042746,0.1678111824226006,0.6470588235294118,0.3529411764705882,0.6470588235294118,positive,weak,weak,not_available,True,22.0,0.0,8.0,22,0.0240558146301228,0.0018794202919669,0.0971318279290581,0.5909090909090909,0.4090909090909091,0.5909090909090909,positive,weak,17,0.0192306820462131,0.024672152042746,0.1678111824226006,0.6470588235294118,0.3529411764705882,0.6470588235294118,positive,weak,weak,-0.0040230730696786,0.0011671837226672,0.0040230730696786,0.0011671837226672,0.0051902567923458,0.0051902567923458,opposite_direction,weak_both_targets,weak_cross_target_pattern,0.8787550533952064,0.9790552018633376,False,False,not_fdr_significant,0.0103805135846915,52,correct,theta,central,ratio,0.0011671837226672,0.0007727739828918,0.0007727739828918,0.9790552018633376,0.9790552018633376,False,positive,0.6470588235294118,weak,agreement,non_significant_agreement,negligible,3.000773,48,directional_candidate; theta-band; central-region; positive; negligible-effect,0.0,False,True,weak_or_unresolved
remember,alpha_beta_occipital_ratio,9507,11560,8.898274175576917,8.597104807596136,5.048535134322637,4.74966380787717,11.442162467414814,11.792807369602064,-0.3011693679807816,-0.2988713264454672,-1.874942880793618,0.0608147860743522,-0.0258828177785306,negligible,negative,0.1480707834853794,False,EEG_scientific_feature,-0.3011693679807816,-0.0258828177785306,0.0258828177785306,0.0608147860743522,0.1480707834853794,False,positive,0.5454545454545454,mixed,disagreement,weak_or_unresolved,weak_or_unresolved,0.0232945360006775,1.025883,23,38,9507,11560,8.898274175576917,8.597104807596136,5.048535134322637,4.74966380787717,11.442162467414814,11.792807369602064,-0.2988713264454672,-1.874942880793618,negligible,negative,False,22.0,-0.010147514905164,0.0075259452461013,0.1096482868230326,0.5454545454545454,0.4545454545454545,0.5454545454545454,positive,mixed,17.0,-0.036713842508474,0.0245095354919788,0.247436655780405,0.5294117647058824,0.4705882352941176,0.5294117647058824,positive,mixed,mixed_weak,not_available,True,22.0,-1.0,9.0,22,-0.010147514905164,0.0075259452461013,0.1096482868230326,0.5454545454545454,0.4545454545454545,0.5454545454545454,positive,mixed,17,-0.036713842508474,0.0245095354919788,0.247436655780405,0.5294117647058824,0.4705882352941176,0.5294117647058824,positive,mixed,mixed_weak,-0.3011693679807816,0.9078951350575944,0.3011693679807816,0.9078951350575944,1.209064503038376,1.209064503038376,opposite_direction,correct_dominant,target_dissociated,0.1480707834853794,0.0064923061224597,False,True,significant_correct_only,2.418129006076752,4,correct,alpha,occipital,ratio,0.9078951350575944,0.078030347565542,0.078030347565542,0.0040576913265373,0.0064923061224597,True,positive,0.5294117647058824,mixed,agreement,significant_but_inconsistent,negligible,5.07803,37,statistically_supported_but_inconsistent; alpha-band; occipital-region; positive; negligible-effect,-1.0,False,True,weak_or_unresolved
remember,alpha_frontoparietal_ratio,9507,11560,0.5657641815763701,0.5724619842773324,0.4798198743575481,0.482415680191378,0.3782906071458238,0.4012366970664253,0.0066978027009623,0.0025958058338299,1.244201044220816,0.213439683116209,0.0171278030209513,negligible,positive,0.2988155563626926,False,EEG_scientific_feature,0.0066978027009623,0.0171278030209513,0.0171278030209513,0.213439683116209,0.2988155563626926,False,negative,0.5454545454545454,mixed,disagreement,weak_or_unresolved,weak_or_unresolved,0.0154150227188561,1.017128,40,45,9507,11560,0.5657641815763701,0.5724619842773324,0.4798198743575481,0.482415680191378,0.3782906071458238,0.4012366970664253,0.0025958058338299,1.244201044220816,negligible,positive,False,22.0,0.0122766388643232,-0.0108589417481033,0.115933650765154,0.4545454545454545,0.5454545454545454,0.5454545454545454,negative,mixed,17.0,-0.0705934872071695,-0.0935569508164402,0.2209857381499035,0.2941176470588235,0.7058823529411765,0.7058823529411765,negative,moderate,moderate,not_available,True,22.0,-1.0,9.0,22,0.0122766388643232,-0.0108589417481033,0.115933650765154,0.4545454545454545,0.5454545454545454,0.5454545454545454,negative,mixed,17,-0.0705934872071695,-0.0935569508164402,0.2209857381499035,0.2941176470588235,0.7058823529411765,0.7058823529411765,negative,moderate,moderate,0.0066978027009623,-0.0200598330384644,0.0066978027009623,0.0200598330384644,-0.0267576357394267,0.0267576357394267,opposite_direction,weak_both_targets,weak_cross_target_pattern,0.2988155563626926,0.115737511894209,False,False,not_fdr_significant,0.0535152714788534,44,correct,alpha,frontoparietal,ratio,-0.0200598330384644,-0.0512989091636434,0.0512989091636434,0.0868031339206567,0.115737511894209,False,negative,0.7058823529411765,moderate,agreement,non_significant_agreement,negligible,3.051299,41,directional_candidate; alpha-band; frontoparietal-region; negative; negligible-effect,-1.0,False,True,weak_or_unresolved
remember,theta_alpha_ratio,9507,11560,1.5881428165022198,1.5685730330350924,1.214274466871894,1.1965534116304144,1.4262797348557528,1.4302744422818072,-0.0195697834671273,-0.0177210552414797,-0.9897639593297284,0.3223012969016605,-0.0136997910549058,negligible,negative,0.3941173734800816,False,EEG_scientific_feature,-0.0195697834671273,-0.0136997910549058,0.0136997910549058,0.3223012969016605,0.3941173734800816,False,positive,0.5454545454545454,mixed,disagreement,weak_or_unresolved,weak_or_unresolved,0.0123298119494152,1.0137,45,47,9507,11560,1.5881428165022198,1.5685730330350924,1.214274466871894,1.1965534116304144,1.4262797348557528,1.4302744422818072,-0.0177210552414797,-0.9897639593297284,negligible,negative,False,22.0,0.0137207920595349,0.0072135815711985,0.0770640189607318,0.5454545454545454,0.4545454545454545,0.5454545454545454,positive,mixed,17.0,0.0598512038501326,0.0618279945127793,0.1992110266949138,0.5882352941176471,0.4117647058823529,0.5882352941176471,positive,weak,weak,not_available,True,22.0,-1.0,9.0,22,0.0137207920595349,0.0072135815711985,0.0770640189607318,0.5454545454545454,0.4545454545454545,0.5454545454545454,positive,mixed,17,0.0598512038501326,0.0618279945127793,0.1992110266949138,0.5882352941176471,0.4117647058823529,0.5882352941176471,positive,weak,weak,-0.0195697834671273,0.0160163635110861,0.0195697834671273,0.0160163635110861,0.0355861469782134,0.0355861469782134,opposite_direction,weak_both_targets,weak_cross_target_pattern,0.3941173734800816,0.7615209718709419,False,False,not_fdr_significant,0.0711722939564268,41,correct,theta,global,ratio,0.0160163635110861,0.0112119990113349,0.0112119990113349,0.7071266167373033,0.7615209718709419,False,positive,0.5882352941176471,weak,agreement,non_significant_agreement,negligible,3.011212,46,directional_candidate; theta-band; global-region; positive; negligible-effect,-1.0,False,True,weak_or_unresolved
remember,delta_rel,9507,11560,0.4140516977084771,0.4114952110695272,0.3906901299672807,0.3913209549934913,0.1921319215793281,0.1876249296990437,-0.0025564866389498,0.0006308250262106,-0.971258878823682,0.3314310693088014,-0.0134784566816841,negligible,negative,0.3948965932189974,False,EEG_scientific_feature,-0.0025564866389498,-0.0134784566816841,0.0134784566816841,0.3314310693088014,0.3948965932189974,False,positive,0.5454545454545454,mixed,disagreement,weak_or_unresolved,weak_or_unresolved,0.0121306110135156,1.013478,47,49,9507,11560,0.4140516977084771,0.4114952110695272,0.3906901299672807,0.3913209549934913,0.1921319215793281,0.1876249296990437,0.0006308250262106,-0.971258878823682,negligible,negative,False,22.0,0.0128622264586155,0.0100134032748007,0.1057295040378319,0.5454545454545454,0.4545454545454545,0.5454545454545454,positive,mixed,17.0,-0.0743944603072778,-0.0181843987718074,0.2665142152639937,0.3529411764705882,0.6470588235294118,0.6470588235294118,negative,weak,weak,not_available,True,22.0,-1.0,9.0,22,0.0128622264586155,0.0100134032748007,0.1057295040378319,0.5454545454545454,0.4545454545454545,0.5454545454545454,positive,mixed,17,-0.0743944603072778,-0.0181843987718074,0.2665142152639937,0.3529411764705882,0.6470588235294118,0.6470588235294118,negative,weak,weak,-0.0025564866389498,-0.0394681145542373,0.0025564866389498,0.0394681145542373,-0.0369116279152875,0.0369116279152875,same_direction,weak_both_targets,weak_cross_target_pattern,0.3948965932189974,1.1110858625283166e-08,False,True,significant_correct_only,0.0789362291084746,38,correct,delta,global,relative_power,-0.0394681145542373,-0.208296811598445,0.208296811598445,1.587265517897595e-09,1.1110858625283166e-08,True,negative,0.6470588235294118,weak,agreement,moderate_replicated,small,7.208297,4,replicated_candidate; delta-band; global-region; negative; small-effect,-1.0,False,True,weak_or_unresolved
remember,beta_frontoparietal_diff,9507,11560,0.0297669583899765,0.0292853354498096,-1.2004154624146822e-05,-1.4521497478981362e-05,0.4117523190987018,0.4008185815940254,-0.0004816229401669,-2.5173428548345395e-06,-0.0855002269695896,0.9318645678505733,-0.0011868798601503,negligible,negative,0.9318645678505734,False,EEG_scientific_feature,-0.0004816229401669,-0.0011868798601503,0.0011868798601503,0.9318645678505733,0.9318645678505734,False,positive,0.5454545454545454,mixed,disagreement,weak_or_unresolved,weak_or_unresolved,0.0010681918741352,1.001187,56,55,9507,11560,0.0297669583899765,0.0292853354498096,-1.2004154624146822e-05,-1.4521497478981362e-05,0.4117523190987018,0.4008185815940254,-2.5173428548345395e-06,-0.0855002269695896,negligible,negative,False,22.0,0.0150616756497997,0.0103621489766398,0.1535608676781241,0.5454545454545454,0.4545454545454545,0.5454545454545454,positive,mixed,17.0,-0.0394498609501584,-0.0650358100322439,0.3553253601600595,0.3529411764705882,0.6470588235294118,0.6470588235294118,negative,weak,weak,not_available,True,22.0,-1.0,9.0,22,0.0150616756497997,0.0103621489766398,0.1535608676781241,0.5454545454545454,0.4545454545454545,0.5454545454545454,positive,mixed,17,-0.0394498609501584,-0.0650358100322439,0.3553253601600595,0.3529411764705882,0.6470588235294118,0.6470588235294118,negative,weak,weak,-0.0004816229401669,-0.0525472242842672,0.0004816229401669,0.0525472242842672,-0.0520656013441003,0.0520656013441003,same_direction,correct_dominant,weak_cross_target_pattern,0.9318645678505734,0.0029946881408546,False,True,significant_correct_only,0.1050944485685344,35,correct,beta,frontoparietal,difference,-0.0525472242842672,-0.1295457666058473,0.1295457666058473,0.0016042972183149,0.0029946881408546,True,negative,0.6470588235294118,weak,agreement,moderate_replicated,negligible,7.129546,8,replicated_candidate; beta-band; frontoparietal-region; negative; negligible-effect,-1.0,False,True,weak_or_unresolved
