subject,feature,remember_effect_size,correct_effect_size,remember_abs_effect,correct_abs_effect
sub-001,delta_abs,0.1247964328667809,0.027829422495179924,0.1247964328667809,0.027829422495179924
sub-001,theta_abs,0.045997598295529796,-0.19995363358462423,0.045997598295529796,0.19995363358462423
sub-001,alpha_abs,0.06644853661940467,-0.033348763999967675,0.06644853661940467,0.033348763999967675
sub-001,beta_abs,0.05134322424773897,-0.019261100825668048,0.05134322424773897,0.019261100825668048
sub-001,gamma_abs,-0.027497210729669794,-0.22544576318474774,0.027497210729669794,0.22544576318474774
sub-001,delta_rel,-0.034042801195459896,-0.018184398771807452,0.034042801195459896,0.018184398771807452
sub-001,theta_rel,-0.1700211168849586,-0.3539015182139233,0.1700211168849586,0.3539015182139233
sub-001,alpha_rel,0.10237935671412488,0.08217271594557032,0.10237935671412488,0.08217271594557032
sub-001,beta_rel,-0.012409449247513612,0.41174993324932074,0.012409449247513612,0.41174993324932074
sub-001,gamma_rel,-0.010324585133905955,0.010987239184897142,0.010324585133905955,0.010987239184897142
sub-001,theta_alpha_ratio,-0.02362449903399333,-0.18248841157657697,0.02362449903399333,0.18248841157657697
sub-001,theta_beta_ratio,0.01782838054679566,-0.4677524143599767,0.01782838054679566,0.4677524143599767
sub-001,alpha_beta_ratio,0.05557058361402237,-0.15300658388747604,0.05557058361402237,0.15300658388747604
sub-001,delta_theta_ratio,0.07087625924935353,0.1621630934977301,0.07087625924935353,0.1621630934977301
sub-001,alpha_frontal,0.04129229878271826,-0.16109406690228087,0.04129229878271826,0.16109406690228087
sub-001,beta_frontal,0.021323395341413573,-0.06046108006676671,0.021323395341413573,0.06046108006676671
sub-001,gamma_frontal,-0.05034888764898409,-0.20754353961135463,0.05034888764898409,0.20754353961135463
sub-001,delta_central,0.006205274368828199,-0.2716499613482576,0.006205274368828199,0.2716499613482576
sub-001,theta_central,0.04194932023665783,-0.08520617477872838,0.04194932023665783,0.08520617477872838
sub-001,alpha_central,0.07917327340261548,-0.026775965480442275,0.07917327340261548,0.026775965480442275
sub-001,beta_central,-0.025537140014407277,-0.06313491294445213,0.025537140014407277,0.06313491294445213
sub-001,gamma_central,-0.013177614623762327,-0.2242028733304175,0.013177614623762327,0.2242028733304175
sub-001,delta_parietal,0.15661112887802664,0.109622797687366,0.15661112887802664,0.109622797687366
sub-001,theta_parietal,-0.007200477177442718,-0.09770935711822346,0.007200477177442718,0.09770935711822346
sub-001,beta_parietal,0.09329247230596514,0.29166944632616526,0.09329247230596514,0.29166944632616526
sub-001,gamma_parietal,0.011580128788354413,-0.11102182990196316,0.011580128788354413,0.11102182990196316
sub-001,delta_occipital,0.1820302047267857,0.2166592323694382,0.1820302047267857,0.2166592323694382
sub-001,theta_occipital,-0.018622492129209803,-0.257852391932795,0.018622492129209803,0.257852391932795
sub-001,alpha_occipital,0.032002062011231895,-0.06549897036498958,0.032002062011231895,0.06549897036498958
sub-001,beta_occipital,0.06347212516977795,0.26759304170104353,0.06347212516977795,0.26759304170104353
sub-001,gamma_occipital,-0.06673645345050142,0.1807799617426002,0.06673645345050142,0.1807799617426002
sub-001,delta_temporal,0.034954613344220634,-0.22082663590433993,0.034954613344220634,0.22082663590433993
sub-001,theta_temporal,0.030525396428722377,0.04261707161236082,0.030525396428722377,0.04261707161236082
sub-001,alpha_temporal,0.04970428594450148,0.025934850364975837,0.04970428594450148,0.025934850364975837
sub-001,beta_temporal,0.09828052907299846,0.003080088906038684,0.09828052907299846,0.003080088906038684
sub-001,gamma_temporal,0.041039568588650384,-0.5422885454905226,0.041039568588650384,0.5422885454905226
sub-001,theta_alpha_frontal_ratio,-0.017673936581132168,-0.2878232590201264,0.017673936581132168,0.2878232590201264
sub-001,alpha_beta_frontal_ratio,0.00898891948210377,-0.30396711266185344,0.00898891948210377,0.30396711266185344
sub-001,theta_alpha_central_ratio,-0.045620874948670224,-0.030325508168320706,0.045620874948670224,0.030325508168320706
sub-001,alpha_beta_central_ratio,0.1588106401398667,0.05452684559471066,0.1588106401398667,0.05452684559471066
sub-001,theta_alpha_parietal_ratio,-0.057118450355164295,-0.171175874486769,0.057118450355164295,0.171175874486769
sub-001,alpha_beta_parietal_ratio,0.10518566684554262,-0.08100241827672934,0.10518566684554262,0.08100241827672934
sub-001,theta_alpha_occipital_ratio,-0.07155988840561546,-0.10861976135954689,0.07155988840561546,0.10861976135954689
sub-001,alpha_beta_occipital_ratio,0.037726426768604104,-0.039441263337225765,0.037726426768604104,0.039441263337225765
sub-001,theta_alpha_temporal_ratio,0.020270172153596742,-0.046901648419329985,0.020270172153596742,0.046901648419329985
sub-001,alpha_beta_temporal_ratio,-0.022833738642846164,0.11834998333117627,0.022833738642846164,0.11834998333117627
sub-001,delta_frontoparietal_diff,0.08885864654846319,-0.012390257338405406,0.08885864654846319,0.012390257338405406
sub-001,delta_frontoparietal_ratio,-0.04215726768548731,-0.211009985138499,0.04215726768548731,0.211009985138499
sub-001,theta_frontoparietal_diff,0.05780413997977797,-0.12698318019850743,0.05780413997977797,0.12698318019850743
sub-001,theta_frontoparietal_ratio,0.02645615336347708,-0.29359085812267444,0.02645615336347708,0.29359085812267444
sub-001,alpha_frontoparietal_diff,-0.09504864901680325,-0.1381025645446432,0.09504864901680325,0.1381025645446432
sub-001,alpha_frontoparietal_ratio,-0.11649289572054089,-0.23723457662559508,0.11649289572054089,0.23723457662559508
sub-001,beta_frontoparietal_diff,-0.019084143996474186,-0.12828081677809364,0.019084143996474186,0.12828081677809364
sub-001,beta_frontoparietal_ratio,0.0008757263006903055,-0.07802817155664953,0.0008757263006903055,0.07802817155664953
sub-001,gamma_frontoparietal_ratio,0.10144336206504576,0.2492114215641382,0.10144336206504576,0.2492114215641382
sub-002,delta_abs,-0.006531098689670166,,0.006531098689670166,
sub-002,theta_abs,-0.0214893069190447,,0.0214893069190447,
sub-002,alpha_abs,0.026687191914705685,,0.026687191914705685,
sub-002,beta_abs,0.05396050603061991,,0.05396050603061991,
sub-002,gamma_abs,0.04547040480081726,,0.04547040480081726,
sub-002,delta_rel,-0.03478680094492975,,0.03478680094492975,
sub-002,theta_rel,-0.002916815112368781,,0.002916815112368781,
sub-002,alpha_rel,0.007989722064015667,,0.007989722064015667,
sub-002,beta_rel,0.08077829770781615,,0.08077829770781615,
sub-002,gamma_rel,0.0755405694489668,,0.0755405694489668,
sub-002,theta_alpha_ratio,-0.019719137012044308,,0.019719137012044308,
sub-002,theta_beta_ratio,-0.01893793174572344,,0.01893793174572344,
sub-002,alpha_beta_ratio,-0.004756225031468532,,0.004756225031468532,
sub-002,delta_theta_ratio,0.02302741633922522,,0.02302741633922522,
sub-002,alpha_frontal,0.06539242613111332,,0.06539242613111332,
sub-002,beta_frontal,0.08106894120463734,,0.08106894120463734,
sub-002,gamma_frontal,0.05019106714285878,,0.05019106714285878,
sub-002,delta_central,0.05645417246714183,,0.05645417246714183,
sub-002,theta_central,-0.009988963301245657,,0.009988963301245657,
sub-002,alpha_central,-0.05194807343291752,,0.05194807343291752,
sub-002,beta_central,-0.02048565691052367,,0.02048565691052367,
sub-002,gamma_central,0.01116787118692521,,0.01116787118692521,
sub-002,delta_parietal,-0.017186677667095175,,0.017186677667095175,
sub-002,theta_parietal,-0.06630070432363426,,0.06630070432363426,
sub-002,beta_parietal,0.061371595732714036,,0.061371595732714036,
sub-002,gamma_parietal,0.05656128109097832,,0.05656128109097832,
sub-002,delta_occipital,-0.039343551519690496,,0.039343551519690496,
sub-002,theta_occipital,-0.003584352829589551,,0.003584352829589551,
sub-002,alpha_occipital,0.013909449649853814,,0.013909449649853814,
sub-002,beta_occipital,0.0007310155413073416,,0.0007310155413073416,
sub-002,gamma_occipital,0.010657100168314995,,0.010657100168314995,
sub-002,delta_temporal,0.006833852445537152,,0.006833852445537152,
sub-002,theta_temporal,0.03723911757103522,,0.03723911757103522,
sub-002,alpha_temporal,-0.011269222704362805,,0.011269222704362805,
sub-002,beta_temporal,0.015219576839643706,,0.015219576839643706,
sub-002,gamma_temporal,0.009732050367790316,,0.009732050367790316,
sub-002,theta_alpha_frontal_ratio,-0.05292397200340789,,0.05292397200340789,
sub-002,alpha_beta_frontal_ratio,0.0013925920281986136,,0.0013925920281986136,
sub-002,theta_alpha_central_ratio,-0.0006285039030491649,,0.0006285039030491649,
sub-002,alpha_beta_central_ratio,-0.02596232784145937,,0.02596232784145937,
sub-002,theta_alpha_parietal_ratio,-0.06415575551131468,,0.06415575551131468,
sub-002,alpha_beta_parietal_ratio,0.001206065408308795,,0.001206065408308795,
sub-002,theta_alpha_occipital_ratio,0.03447529983665389,,0.03447529983665389,
sub-002,alpha_beta_occipital_ratio,0.012205721463785662,,0.012205721463785662,
sub-002,theta_alpha_temporal_ratio,0.09431074887533356,,0.09431074887533356,
sub-002,alpha_beta_temporal_ratio,-0.04168441010923674,,0.04168441010923674,
sub-002,delta_frontoparietal_diff,0.02845236790231388,,0.02845236790231388,
sub-002,delta_frontoparietal_ratio,0.05685133891152707,,0.05685133891152707,
sub-002,theta_frontoparietal_diff,0.046758347466085703,,0.046758347466085703,
sub-002,theta_frontoparietal_ratio,0.07290844574585588,,0.07290844574585588,
sub-002,alpha_frontoparietal_diff,0.02330362382006475,,0.02330362382006475,
sub-002,alpha_frontoparietal_ratio,0.012895000248201177,,0.012895000248201177,
sub-002,beta_frontoparietal_diff,-0.012848447942122164,,0.012848447942122164,
sub-002,beta_frontoparietal_ratio,0.019755595298748676,,0.019755595298748676,
sub-002,gamma_frontoparietal_ratio,-0.055672563122624336,,0.055672563122624336,
sub-003,delta_abs,0.0002248208380170041,,0.0002248208380170041,
sub-003,theta_abs,0.07769935305298546,,0.07769935305298546,
sub-003,alpha_abs,0.08375058307406608,,0.08375058307406608,
sub-003,beta_abs,-0.162134013962684,,0.162134013962684,
sub-003,gamma_abs,-0.2647642529107697,,0.2647642529107697,
sub-003,delta_rel,-0.09577725827057404,,0.09577725827057404,
sub-003,theta_rel,0.08481820680072569,,0.08481820680072569,
sub-003,alpha_rel,0.12743243484813285,,0.12743243484813285,
sub-003,beta_rel,-0.11501066843586334,,0.11501066843586334,
sub-003,gamma_rel,-0.1591263526608605,,0.1591263526608605,
sub-003,theta_alpha_ratio,-0.03511157763086535,,0.03511157763086535,
sub-003,theta_beta_ratio,0.12933810215115046,,0.12933810215115046,
sub-003,alpha_beta_ratio,0.19288715869319803,,0.19288715869319803,
sub-003,delta_theta_ratio,-0.023963377775870796,,0.023963377775870796,
sub-003,alpha_frontal,0.07689761519084691,,0.07689761519084691,
sub-003,beta_frontal,-0.27936298583497055,,0.27936298583497055,
sub-003,gamma_frontal,-0.30877121336446867,,0.30877121336446867,
sub-003,delta_central,0.030432671634752453,,0.030432671634752453,
sub-003,theta_central,0.040932841385876724,,0.040932841385876724,
sub-003,alpha_central,0.08335149237066478,,0.08335149237066478,
sub-003,beta_central,0.08632767149547171,,0.08632767149547171,
sub-003,gamma_central,-0.15682670727251719,,0.15682670727251719,
sub-003,delta_parietal,-0.020586020068582175,,0.020586020068582175,
sub-003,theta_parietal,0.055705696364110706,,0.055705696364110706,
sub-003,beta_parietal,0.11359597917811369,,0.11359597917811369,
sub-003,gamma_parietal,0.025281967547589122,,0.025281967547589122,
sub-003,delta_occipital,0.07888199084805825,,0.07888199084805825,
sub-003,theta_occipital,0.11883280353240078,,0.11883280353240078,
sub-003,alpha_occipital,0.08718345705813824,,0.08718345705813824,
sub-003,beta_occipital,0.08767816869242612,,0.08767816869242612,
sub-003,gamma_occipital,-0.009173624598761511,,0.009173624598761511,
sub-003,delta_temporal,0.015434923503729906,,0.015434923503729906,
sub-003,theta_temporal,0.0478184882776315,,0.0478184882776315,
sub-003,alpha_temporal,0.079592060819801,,0.079592060819801,
sub-003,beta_temporal,0.04502334581356752,,0.04502334581356752,
sub-003,gamma_temporal,0.043171518256973046,,0.043171518256973046,
sub-003,theta_alpha_frontal_ratio,-0.02457638908925125,,0.02457638908925125,
sub-003,alpha_beta_frontal_ratio,0.25683882503117356,,0.25683882503117356,
sub-003,theta_alpha_central_ratio,-0.07023358392563045,,0.07023358392563045,
sub-003,alpha_beta_central_ratio,0.10158398019605538,,0.10158398019605538,
sub-003,theta_alpha_parietal_ratio,-0.06415296745512564,,0.06415296745512564,
sub-003,alpha_beta_parietal_ratio,-0.010095396748667983,,0.010095396748667983,
sub-003,theta_alpha_occipital_ratio,0.02141091229541135,,0.02141091229541135,
sub-003,alpha_beta_occipital_ratio,-6.543891449321507e-05,,6.543891449321507e-05,
sub-003,theta_alpha_temporal_ratio,0.03509953550756812,,0.03509953550756812,
sub-003,alpha_beta_temporal_ratio,0.04556138023606781,,0.04556138023606781,
sub-003,delta_frontoparietal_diff,0.013403895361811479,,0.013403895361811479,
sub-003,delta_frontoparietal_ratio,0.04062460118628448,,0.04062460118628448,
sub-003,theta_frontoparietal_diff,0.0020020843047849632,,0.0020020843047849632,
sub-003,theta_frontoparietal_ratio,0.019264375627034626,,0.019264375627034626,
sub-003,alpha_frontoparietal_diff,-0.041149124531659025,,0.041149124531659025,
sub-003,alpha_frontoparietal_ratio,0.0335032179081184,,0.0335032179081184,
sub-003,beta_frontoparietal_diff,-0.33316803468181666,,0.33316803468181666,
sub-003,beta_frontoparietal_ratio,-0.24734358490153668,,0.24734358490153668,
sub-003,gamma_frontoparietal_ratio,-0.2408114720658283,,0.2408114720658283,
sub-004,delta_abs,-0.05985915825252776,0.2578573760522809,0.05985915825252776,0.2578573760522809
sub-004,theta_abs,-0.059846839750675715,0.2600487013660519,0.059846839750675715,0.2600487013660519
sub-004,alpha_abs,-0.17902494515731918,0.29598742803052197,0.17902494515731918,0.29598742803052197
sub-004,beta_abs,-0.04910362166662038,0.20686305456358753,0.04910362166662038,0.20686305456358753
sub-004,gamma_abs,0.086733167406979,0.056271329318209176,0.086733167406979,0.056271329318209176
sub-004,delta_rel,0.06303745881664319,-0.06602887325691831,0.06303745881664319,0.06602887325691831
sub-004,theta_rel,0.13643752901668577,-0.14413445763964988,0.13643752901668577,0.14413445763964988
sub-004,alpha_rel,-0.16002861707679777,0.186984084551028,0.16002861707679777,0.186984084551028
sub-004,beta_rel,0.05068184152718768,-0.16160789401141878,0.05068184152718768,0.16160789401141878
sub-004,gamma_rel,0.10457613118412658,-0.06800822858511194,0.10457613118412658,0.06800822858511194
sub-004,theta_alpha_ratio,0.12984352377413885,-0.21928766076751918,0.12984352377413885,0.21928766076751918
sub-004,theta_beta_ratio,0.022952455644631678,0.03366479309497246,0.022952455644631678,0.03366479309497246
sub-004,alpha_beta_ratio,-0.18204500612730876,0.3321543556538437,0.18204500612730876,0.3321543556538437
sub-004,delta_theta_ratio,-0.12287300628641586,0.09865502011011862,0.12287300628641586,0.09865502011011862
sub-004,alpha_frontal,-0.1344961223632058,0.3331902400105177,0.1344961223632058,0.3331902400105177
sub-004,beta_frontal,0.018325687443861243,0.10138521974433339,0.018325687443861243,0.10138521974433339
sub-004,gamma_frontal,0.10357834657394614,0.005981326568349246,0.10357834657394614,0.005981326568349246
sub-004,delta_central,-0.03165947013111094,0.2225594730350432,0.03165947013111094,0.2225594730350432
sub-004,theta_central,-0.02961499451606554,0.2107456334942676,0.02961499451606554,0.2107456334942676
sub-004,alpha_central,-0.20934556576802782,0.3031637981492475,0.20934556576802782,0.3031637981492475
sub-004,beta_central,-0.13679374987522733,0.30515578970001306,0.13679374987522733,0.30515578970001306
sub-004,gamma_central,0.06652113275099208,0.14920483860435285,0.06652113275099208,0.14920483860435285
sub-004,delta_parietal,-0.03941903828371454,0.24311538704247196,0.03941903828371454,0.24311538704247196
sub-004,theta_parietal,-0.03742180833133364,0.3103422049574775,0.03742180833133364,0.3103422049574775
sub-004,beta_parietal,-0.11274308828402281,0.24617200720973081,0.11274308828402281,0.24617200720973081
sub-004,gamma_parietal,0.038491094431116694,0.1711143502198045,0.038491094431116694,0.1711143502198045
sub-004,delta_occipital,-0.040001376819378896,0.26242159548402383,0.040001376819378896,0.26242159548402383
sub-004,theta_occipital,-0.05096840891941918,0.32491334603457245,0.05096840891941918,0.32491334603457245
sub-004,alpha_occipital,-0.15787747130930552,0.16930162443531513,0.15787747130930552,0.16930162443531513
sub-004,beta_occipital,-0.12161081763960994,0.16810838961252939,0.12161081763960994,0.16810838961252939
sub-004,gamma_occipital,-0.053293239348917665,0.15325600760722746,0.053293239348917665,0.15325600760722746
sub-004,delta_temporal,-0.05425696067139266,0.22807603463574616,0.05425696067139266,0.22807603463574616
sub-004,theta_temporal,-0.029153993181898215,0.2256915431891582,0.029153993181898215,0.2256915431891582
sub-004,alpha_temporal,-0.11129587579878629,0.3048125940121992,0.11129587579878629,0.3048125940121992
sub-004,beta_temporal,-0.08297315321258548,0.3016398484530897,0.08297315321258548,0.3016398484530897
sub-004,gamma_temporal,-0.1046519705639591,0.19343438610612473,0.1046519705639591,0.19343438610612473
sub-004,theta_alpha_frontal_ratio,0.060439198411478476,-0.268497271026605,0.060439198411478476,0.268497271026605
sub-004,alpha_beta_frontal_ratio,-0.171521485966151,0.3409110043741289,0.171521485966151,0.3409110043741289
sub-004,theta_alpha_central_ratio,0.1979268979079883,-0.17435096794441873,0.1979268979079883,0.17435096794441873
sub-004,alpha_beta_central_ratio,-0.13836732154799067,0.3076144172122076,0.13836732154799067,0.3076144172122076
sub-004,theta_alpha_parietal_ratio,0.1594129650104918,-0.15682898910586718,0.1594129650104918,0.15682898910586718
sub-004,alpha_beta_parietal_ratio,-0.1615965419656641,0.27320355021421877,0.1615965419656641,0.27320355021421877
sub-004,theta_alpha_occipital_ratio,0.1345270946603208,-0.16930920885131284,0.1345270946603208,0.16930920885131284
sub-004,alpha_beta_occipital_ratio,-0.14805768599228286,0.3005581047412402,0.14805768599228286,0.3005581047412402
sub-004,theta_alpha_temporal_ratio,0.12888224275466217,-0.09483521428095315,0.12888224275466217,0.09483521428095315
sub-004,alpha_beta_temporal_ratio,-0.053814360660850484,0.05822107524045233,0.053814360660850484,0.05822107524045233
sub-004,delta_frontoparietal_diff,-0.07422808223678787,0.21844226050486248,0.07422808223678787,0.21844226050486248
sub-004,delta_frontoparietal_ratio,-0.020172373101144923,-0.07382130830938612,0.020172373101144923,0.07382130830938612
sub-004,theta_frontoparietal_diff,-0.08159825563037851,0.13623908901488835,0.08159825563037851,0.13623908901488835
sub-004,theta_frontoparietal_ratio,-0.03971768464690323,-0.08057272754057065,0.03971768464690323,0.08057272754057065
sub-004,alpha_frontoparietal_diff,0.13133081922815878,-0.18404737805264737,0.13133081922815878,0.18404737805264737
sub-004,alpha_frontoparietal_ratio,0.06777477473270463,-0.04006446339444917,0.06777477473270463,0.04006446339444917
sub-004,beta_frontoparietal_diff,0.13124995089278124,-0.09176406429734255,0.13124995089278124,0.09176406429734255
sub-004,beta_frontoparietal_ratio,0.1390124420361585,-0.07965733531298129,0.1390124420361585,0.07965733531298129
sub-004,gamma_frontoparietal_ratio,0.06982228520658869,-0.15505336057878966,0.06982228520658869,0.15505336057878966
sub-005,delta_abs,0.03368356967079793,0.08813623115667052,0.03368356967079793,0.08813623115667052
sub-005,theta_abs,0.056585092122045016,0.018243812712795602,0.056585092122045016,0.018243812712795602
sub-005,alpha_abs,0.04403314548811192,-0.008576582597214317,0.04403314548811192,0.008576582597214317
sub-005,beta_abs,-0.04885652221089211,0.11251164663624537,0.04885652221089211,0.11251164663624537
sub-005,gamma_abs,-0.037224829401564255,0.047520588191277496,0.037224829401564255,0.047520588191277496
sub-005,delta_rel,0.05949597895682548,-0.006061819604281942,0.05949597895682548,0.006061819604281942
sub-005,theta_rel,0.005404179257749123,0.06375543145218401,0.005404179257749123,0.06375543145218401
sub-005,alpha_rel,-0.010511154541814678,-0.20562508258310488,0.010511154541814678,0.20562508258310488
sub-005,beta_rel,-0.08817865188349988,0.3014491793965626,0.08817865188349988,0.3014491793965626
sub-005,gamma_rel,-0.05536525944745571,0.13982735630593135,0.05536525944745571,0.13982735630593135
sub-005,theta_alpha_ratio,0.01637061346314375,0.07600218008474822,0.01637061346314375,0.07600218008474822
sub-005,theta_beta_ratio,0.09274611037713104,-0.18549732112935585,0.09274611037713104,0.18549732112935585
sub-005,alpha_beta_ratio,0.07574484371798076,-0.3567077446922288,0.07574484371798076,0.3567077446922288
sub-005,delta_theta_ratio,0.059619824967148564,-0.07742862020535665,0.059619824967148564,0.07742862020535665
sub-005,alpha_frontal,0.06922638032337344,-0.05894840751333185,0.06922638032337344,0.05894840751333185
sub-005,beta_frontal,-0.07597085031773146,0.13428279130905646,0.07597085031773146,0.13428279130905646
sub-005,gamma_frontal,-0.061082370953020985,0.06687320786489356,0.061082370953020985,0.06687320786489356
sub-005,delta_central,0.03780811746444161,0.053237904630791096,0.03780811746444161,0.053237904630791096
sub-005,theta_central,0.057390743127435494,0.12502857144607346,0.057390743127435494,0.12502857144607346
sub-005,alpha_central,0.06993602783708511,0.1108186858766239,0.06993602783708511,0.1108186858766239
sub-005,beta_central,0.07343722183768975,0.06414970538446325,0.07343722183768975,0.06414970538446325
sub-005,gamma_central,0.08998180201963799,-0.008930105694740077,0.08998180201963799,0.008930105694740077
sub-005,delta_parietal,0.06217924839603339,0.030314867278503833,0.06217924839603339,0.030314867278503833
sub-005,theta_parietal,0.03738021585061659,0.10985043000489166,0.03738021585061659,0.10985043000489166
sub-005,beta_parietal,0.14030014458235554,0.04962569112815964,0.14030014458235554,0.04962569112815964
sub-005,gamma_parietal,0.2159749940425611,-0.051156758453818195,0.2159749940425611,0.051156758453818195
sub-005,delta_occipital,0.06261894419163117,0.018802584286809903,0.06261894419163117,0.018802584286809903
sub-005,theta_occipital,0.043707136409628526,0.036417107818837634,0.043707136409628526,0.036417107818837634
sub-005,alpha_occipital,-0.0018726791703318954,-0.06570178965057082,0.0018726791703318954,0.06570178965057082
sub-005,beta_occipital,0.05856062929677201,0.0678061969386411,0.05856062929677201,0.0678061969386411
sub-005,gamma_occipital,0.10473565939563013,-0.054838859773607675,0.10473565939563013,0.054838859773607675
sub-005,delta_temporal,0.010589210039798838,0.09026004906708095,0.010589210039798838,0.09026004906708095
sub-005,theta_temporal,-0.02792856148843151,-0.009024154427442655,0.02792856148843151,0.009024154427442655
sub-005,alpha_temporal,0.018857001809993317,-0.12246441035040964,0.018857001809993317,0.12246441035040964
sub-005,beta_temporal,0.012692690211392578,-0.09733726998138521,0.012692690211392578,0.09733726998138521
sub-005,gamma_temporal,-0.017263550258430307,-0.0008822092151898267,0.017263550258430307,0.0008822092151898267
sub-005,theta_alpha_frontal_ratio,0.012405460018272045,-0.00037526636364770767,0.012405460018272045,0.00037526636364770767
sub-005,alpha_beta_frontal_ratio,0.15360443511584987,-0.5165194518133608,0.15360443511584987,0.5165194518133608
sub-005,theta_alpha_central_ratio,0.0060613015953769325,0.02467215204274602,0.0060613015953769325,0.02467215204274602
sub-005,alpha_beta_central_ratio,-0.002524684190691608,0.031645829579976685,0.002524684190691608,0.031645829579976685
sub-005,theta_alpha_parietal_ratio,-0.028208660099384383,0.17151068253873528,0.028208660099384383,0.17151068253873528
sub-005,alpha_beta_parietal_ratio,-0.04168437566171363,0.02336179959442636,0.04168437566171363,0.02336179959442636
sub-005,theta_alpha_occipital_ratio,-0.0244839864259166,0.17751424284596504,0.0244839864259166,0.17751424284596504
sub-005,alpha_beta_occipital_ratio,-0.015549850671710443,-0.1434127817060106,0.015549850671710443,0.1434127817060106
sub-005,theta_alpha_temporal_ratio,-0.04546912595276039,0.2523953149761017,0.04546912595276039,0.2523953149761017
sub-005,alpha_beta_temporal_ratio,0.0076340916189038,-0.13441964503830556,0.0076340916189038,0.13441964503830556
sub-005,delta_frontoparietal_diff,0.023618782979423037,0.0965889029100864,0.023618782979423037,0.0965889029100864
sub-005,delta_frontoparietal_ratio,0.014915436267702956,0.11719169299415867,0.014915436267702956,0.11719169299415867
sub-005,theta_frontoparietal_diff,0.009098733925562359,-0.22472902634899575,0.009098733925562359,0.22472902634899575
sub-005,theta_frontoparietal_ratio,0.050609221278693696,-0.07921452838130265,0.050609221278693696,0.07921452838130265
sub-005,alpha_frontoparietal_diff,0.00021574203549197947,-0.06904378002032523,0.00021574203549197947,0.06904378002032523
sub-005,alpha_frontoparietal_ratio,0.07299742738534717,-0.0644859967491331,0.07299742738534717,0.0644859967491331
sub-005,beta_frontoparietal_diff,-0.10130433831890065,0.13069378150197494,0.10130433831890065,0.13069378150197494
sub-005,beta_frontoparietal_ratio,-0.1348327890705984,0.2811928238060806,0.1348327890705984,0.2811928238060806
sub-005,gamma_frontoparietal_ratio,-0.08287991380002979,0.30525713080955563,0.08287991380002979,0.30525713080955563
sub-006,delta_abs,-0.25193015010851055,,0.25193015010851055,
sub-006,theta_abs,-0.30600231935540984,,0.30600231935540984,
sub-006,alpha_abs,-0.4056984158412985,,0.4056984158412985,
sub-006,beta_abs,-0.04856892153912277,,0.04856892153912277,
sub-006,gamma_abs,0.3304961651906727,,0.3304961651906727,
sub-006,delta_rel,0.05667449930382908,,0.05667449930382908,
sub-006,theta_rel,0.028376649878159754,,0.028376649878159754,
sub-006,alpha_rel,-0.1798316972579442,,0.1798316972579442,
sub-006,beta_rel,0.1599045786406358,,0.1599045786406358,
sub-006,gamma_rel,0.44136767112174974,,0.44136767112174974,
sub-006,theta_alpha_ratio,0.13105096734512586,,0.13105096734512586,
sub-006,theta_beta_ratio,-0.30366265525198677,,0.30366265525198677,
sub-006,alpha_beta_ratio,-0.44975152728809975,,0.44975152728809975,
sub-006,delta_theta_ratio,0.08124537337908627,,0.08124537337908627,
sub-006,alpha_frontal,-0.31416954237851147,,0.31416954237851147,
sub-006,beta_frontal,0.027289001276116963,,0.027289001276116963,
sub-006,gamma_frontal,0.6425618377913871,,0.6425618377913871,
sub-006,delta_central,-0.20407050231491058,,0.20407050231491058,
sub-006,theta_central,-0.23247484722371972,,0.23247484722371972,
sub-006,alpha_central,-0.2996441178810243,,0.2996441178810243,
sub-006,beta_central,-0.12733875969598699,,0.12733875969598699,
sub-006,gamma_central,0.20146530833837523,,0.20146530833837523,
sub-006,delta_parietal,-0.27815273907389415,,0.27815273907389415,
sub-006,theta_parietal,-0.25843551216827776,,0.25843551216827776,
sub-006,beta_parietal,0.0014058908518956238,,0.0014058908518956238,
sub-006,gamma_parietal,-0.1960495735077037,,0.1960495735077037,
sub-006,delta_occipital,-0.2716811541517767,,0.2716811541517767,
sub-006,theta_occipital,-0.15063746731985572,,0.15063746731985572,
sub-006,alpha_occipital,-0.3689094446403763,,0.3689094446403763,
sub-006,beta_occipital,-0.1568664314137925,,0.1568664314137925,
sub-006,gamma_occipital,0.13437725107248819,,0.13437725107248819,
sub-006,delta_temporal,-0.2849932918601326,,0.2849932918601326,
sub-006,theta_temporal,-0.2692452740848727,,0.2692452740848727,
sub-006,alpha_temporal,0.0004455735472907929,,0.0004455735472907929,
sub-006,beta_temporal,-0.1307921862969079,,0.1307921862969079,
sub-006,gamma_temporal,-0.2187640936234684,,0.2187640936234684,
sub-006,theta_alpha_frontal_ratio,-0.14791096677769505,,0.14791096677769505,
sub-006,alpha_beta_frontal_ratio,-0.357010874170721,,0.357010874170721,
sub-006,theta_alpha_central_ratio,0.24741704244405419,,0.24741704244405419,
sub-006,alpha_beta_central_ratio,-0.3949942081411162,,0.3949942081411162,
sub-006,theta_alpha_parietal_ratio,0.4939741405459903,,0.4939741405459903,
sub-006,alpha_beta_parietal_ratio,-0.47592574258517567,,0.47592574258517567,
sub-006,theta_alpha_occipital_ratio,0.2742804621503255,,0.2742804621503255,
sub-006,alpha_beta_occipital_ratio,-0.24750946793513284,,0.24750946793513284,
sub-006,theta_alpha_temporal_ratio,-0.27285867521126533,,0.27285867521126533,
sub-006,alpha_beta_temporal_ratio,0.09013151882728078,,0.09013151882728078,
sub-006,delta_frontoparietal_diff,-0.24087621834363804,,0.24087621834363804,
sub-006,delta_frontoparietal_ratio,0.10415875877282806,,0.10415875877282806,
sub-006,theta_frontoparietal_diff,-0.27948131218076505,,0.27948131218076505,
sub-006,theta_frontoparietal_ratio,-0.3034327616575564,,0.3034327616575564,
sub-006,alpha_frontoparietal_diff,0.20361837382389272,,0.20361837382389272,
sub-006,alpha_frontoparietal_ratio,0.12164022648953556,,0.12164022648953556,
sub-006,beta_frontoparietal_diff,0.008835068853273826,,0.008835068853273826,
sub-006,beta_frontoparietal_ratio,0.10839398238839609,,0.10839398238839609,
sub-006,gamma_frontoparietal_ratio,0.8876228050740556,,0.8876228050740556,
sub-007,delta_abs,0.16261023340429492,-0.2735052641484799,0.16261023340429492,0.2735052641484799
sub-007,theta_abs,0.04126608789702323,0.7962689579812812,0.04126608789702323,0.7962689579812812
sub-007,alpha_abs,0.0014058946426756434,0.6808920404458276,0.0014058946426756434,0.6808920404458276
sub-007,beta_abs,0.21600420507630141,-0.24966113911115184,0.21600420507630141,0.24966113911115184
sub-007,gamma_abs,0.2574574813489365,-0.5039595488440947,0.2574574813489365,0.5039595488440947
sub-007,delta_rel,0.2697728287794073,-0.8914898032232449,0.2697728287794073,0.8914898032232449
sub-007,theta_rel,-0.2084703257883378,0.9668207327874964,0.2084703257883378,0.9668207327874964
sub-007,alpha_rel,-0.14139513425783432,0.48843037959259905,0.14139513425783432,0.48843037959259905
sub-007,beta_rel,-0.009979775242034663,-0.5151515610127921,0.009979775242034663,0.5151515610127921
sub-007,gamma_rel,0.14706675457795962,-0.6942712056052469,0.14706675457795962,0.6942712056052469
sub-007,theta_alpha_ratio,0.06291100819779027,0.5792584017408232,0.06291100819779027,0.5792584017408232
sub-007,theta_beta_ratio,-0.058157203101666125,0.8587229505434976,0.058157203101666125,0.8587229505434976
sub-007,alpha_beta_ratio,-0.13126154941417328,0.8353856826365484,0.13126154941417328,0.8353856826365484
sub-007,delta_theta_ratio,0.1522055125983457,-0.5653419257380623,0.1522055125983457,0.5653419257380623
sub-007,alpha_frontal,0.020824442112248296,0.47966957406964505,0.020824442112248296,0.47966957406964505
sub-007,beta_frontal,0.06708470668464703,-0.3699908253426698,0.06708470668464703,0.3699908253426698
sub-007,gamma_frontal,0.0987236022645625,-0.4839489047416685,0.0987236022645625,0.4839489047416685
sub-007,delta_central,0.10307604440686605,-0.19135232829464985,0.10307604440686605,0.19135232829464985
sub-007,theta_central,-0.03610667699553946,1.1199169971169438,0.03610667699553946,1.1199169971169438
sub-007,alpha_central,-0.05453288356291881,0.4337045884788924,0.05453288356291881,0.4337045884788924
sub-007,beta_central,0.04562329990506911,-0.36567556873196844,0.04562329990506911,0.36567556873196844
sub-007,gamma_central,0.05092092970118228,-0.5289435219436117,0.05092092970118228,0.5289435219436117
sub-007,delta_parietal,0.1521150544601451,-0.15575378172469462,0.1521150544601451,0.15575378172469462
sub-007,theta_parietal,-0.06399424464604872,0.5918744501435638,0.06399424464604872,0.5918744501435638
sub-007,beta_parietal,-0.12779372814883536,0.5625443445056879,0.12779372814883536,0.5625443445056879
sub-007,gamma_parietal,0.015144670940785481,-0.4625210215064704,0.015144670940785481,0.4625210215064704
sub-007,delta_occipital,0.16712843520232046,-0.22619638546226653,0.16712843520232046,0.22619638546226653
sub-007,theta_occipital,0.023695378563264587,0.49713097596260925,0.023695378563264587,0.49713097596260925
sub-007,alpha_occipital,-0.048617108045517846,0.3579112808110343,0.048617108045517846,0.3579112808110343
sub-007,beta_occipital,-0.04496428805800952,0.8082524236257655,0.04496428805800952,0.8082524236257655
sub-007,gamma_occipital,-0.05333397370329827,-0.2115304431727537,0.05333397370329827,0.2115304431727537
sub-007,delta_temporal,0.010476621010540442,-0.2122395455148012,0.010476621010540442,0.2122395455148012
sub-007,theta_temporal,-0.0005302222956351685,0.5838298306300853,0.0005302222956351685,0.5838298306300853
sub-007,alpha_temporal,0.04358008697515456,0.1823213119605951,0.04358008697515456,0.1823213119605951
sub-007,beta_temporal,0.06969392357211704,-0.24342805012009347,0.06969392357211704,0.24342805012009347
sub-007,gamma_temporal,0.07110890770621692,-0.4501543731163806,0.07110890770621692,0.4501543731163806
sub-007,theta_alpha_frontal_ratio,0.08005863265614917,0.6556553756591085,0.08005863265614917,0.6556553756591085
sub-007,alpha_beta_frontal_ratio,-0.05020216129320148,0.6248156270084703,0.05020216129320148,0.6248156270084703
sub-007,theta_alpha_central_ratio,0.00226399750202077,0.29376025409357975,0.00226399750202077,0.29376025409357975
sub-007,alpha_beta_central_ratio,-0.11363976459540064,0.779592929674243,0.11363976459540064,0.779592929674243
sub-007,theta_alpha_parietal_ratio,0.11708269878266586,0.3850255672248367,0.11708269878266586,0.3850255672248367
sub-007,alpha_beta_parietal_ratio,-0.03281525000844321,0.3725912299416324,0.03281525000844321,0.3725912299416324
sub-007,theta_alpha_occipital_ratio,0.12874058191923007,0.20516023261913324,0.12874058191923007,0.20516023261913324
sub-007,alpha_beta_occipital_ratio,-0.0735454924258708,-0.37187121169737863,0.0735454924258708,0.37187121169737863
sub-007,theta_alpha_temporal_ratio,-0.09802084691441915,0.5149381503217052,0.09802084691441915,0.5149381503217052
sub-007,alpha_beta_temporal_ratio,-0.04525296540544287,0.2453229399713665,0.04525296540544287,0.2453229399713665
sub-007,delta_frontoparietal_diff,0.0558992545947088,-0.3343128254388745,0.0558992545947088,0.3343128254388745
sub-007,delta_frontoparietal_ratio,0.05071550954042006,-0.3845508047977524,0.05071550954042006,0.3845508047977524
sub-007,theta_frontoparietal_diff,0.17562614828254614,-0.2210213718548955,0.17562614828254614,0.2210213718548955
sub-007,theta_frontoparietal_ratio,0.059549141645457875,-0.02512332306671151,0.059549141645457875,0.02512332306671151
sub-007,alpha_frontoparietal_diff,0.12898930153690963,-0.6750765295591744,0.12898930153690963,0.6750765295591744
sub-007,alpha_frontoparietal_ratio,0.1696331138909973,-0.4566623705469677,0.1696331138909973,0.4566623705469677
sub-007,beta_frontoparietal_diff,0.19027325588938793,-0.8244486392335079,0.19027325588938793,0.8244486392335079
sub-007,beta_frontoparietal_ratio,0.1643051869162377,-0.8676833612756856,0.1643051869162377,0.8676833612756856
sub-007,gamma_frontoparietal_ratio,0.15791326577984913,-0.5120000802139367,0.15791326577984913,0.5120000802139367
sub-008,delta_abs,0.02048161565254302,0.20447030592132345,0.02048161565254302,0.20447030592132345
sub-008,theta_abs,0.08305910854381812,0.21645598438532934,0.08305910854381812,0.21645598438532934
sub-008,alpha_abs,0.2109591226083731,0.19170965678475635,0.2109591226083731,0.19170965678475635
sub-008,beta_abs,0.18014132815109352,0.08878375705131844,0.18014132815109352,0.08878375705131844
sub-008,gamma_abs,0.07830329213514411,-0.0893407513201484,0.07830329213514411,0.0893407513201484
sub-008,delta_rel,-0.019101193946933555,0.09819048535610948,0.019101193946933555,0.09819048535610948
sub-008,theta_rel,-0.032854110545059476,-0.16499787962052678,0.032854110545059476,0.16499787962052678
sub-008,alpha_rel,0.09150948597204654,0.08154993120635973,0.09150948597204654,0.08154993120635973
sub-008,beta_rel,-0.02395641274635694,-0.06620289920463934,0.02395641274635694,0.06620289920463934
sub-008,gamma_rel,-0.08329976202827816,-0.18829681474032114,0.08329976202827816,0.18829681474032114
sub-008,theta_alpha_ratio,-0.09589376164034304,-0.029084234241328142,0.09589376164034304,0.029084234241328142
sub-008,theta_beta_ratio,0.023489830973327054,0.09569767055888746,0.023489830973327054,0.09569767055888746
sub-008,alpha_beta_ratio,0.14509731139705814,0.14733318761547828,0.14509731139705814,0.14733318761547828
sub-008,delta_theta_ratio,-0.04031885522479826,-0.07095795309147761,0.04031885522479826,0.07095795309147761
sub-008,alpha_frontal,0.07861216243998201,0.1424281115166552,0.07861216243998201,0.1424281115166552
sub-008,beta_frontal,0.027490492865951538,-0.05418353260138857,0.027490492865951538,0.05418353260138857
sub-008,gamma_frontal,-0.06523127369558761,-0.15725351448218905,0.06523127369558761,0.15725351448218905
sub-008,delta_central,-0.010753344532194429,0.1862829930576299,0.010753344532194429,0.1862829930576299
sub-008,theta_central,0.014613888470685368,0.039535729802150844,0.014613888470685368,0.039535729802150844
sub-008,alpha_central,0.13611890827629486,0.18987780774517032,0.13611890827629486,0.18987780774517032
sub-008,beta_central,0.022813653637855355,0.02086445952966302,0.022813653637855355,0.02086445952966302
sub-008,gamma_central,-0.0847609261216324,-0.14596268193202722,0.0847609261216324,0.14596268193202722
sub-008,delta_parietal,0.012011207155281926,0.16191934061109736,0.012011207155281926,0.16191934061109736
sub-008,theta_parietal,0.054202978233861714,-0.054574284238702885,0.054202978233861714,0.054574284238702885
sub-008,beta_parietal,-0.019602137716591125,0.002654836109941841,0.019602137716591125,0.002654836109941841
sub-008,gamma_parietal,-0.08819651151724332,-0.10061624091185985,0.08819651151724332,0.10061624091185985
sub-008,delta_occipital,0.03576997082249882,0.20151765316093412,0.03576997082249882,0.20151765316093412
sub-008,theta_occipital,0.03593793016060923,-0.015026379508919321,0.03593793016060923,0.015026379508919321
sub-008,alpha_occipital,0.05141753539765001,-0.02267374435742124,0.05141753539765001,0.02267374435742124
sub-008,beta_occipital,-0.01848085399911275,0.13304215326858146,0.01848085399911275,0.13304215326858146
sub-008,gamma_occipital,-0.024675524615762598,-0.01395867854723526,0.024675524615762598,0.01395867854723526
sub-008,delta_temporal,0.011778809858825836,0.1163083771933951,0.011778809858825836,0.1163083771933951
sub-008,theta_temporal,-0.05958071937055038,0.06608167223143453,0.05958071937055038,0.06608167223143453
sub-008,alpha_temporal,0.060159751057608485,0.10749957092546869,0.060159751057608485,0.10749957092546869
sub-008,beta_temporal,-0.11092368274352751,-0.1290817711744383,0.11092368274352751,0.1290817711744383
sub-008,gamma_temporal,-0.09779983778789698,-0.17546702326501848,0.09779983778789698,0.17546702326501848
sub-008,theta_alpha_frontal_ratio,-0.07310584786694517,-0.1109136557565262,0.07310584786694517,0.1109136557565262
sub-008,alpha_beta_frontal_ratio,0.06986983440231838,0.10523865118797472,0.06986983440231838,0.10523865118797472
sub-008,theta_alpha_central_ratio,-0.11451187752844377,-0.10261067286381917,0.11451187752844377,0.10261067286381917
sub-008,alpha_beta_central_ratio,0.17340715082221392,0.161258978743447,0.17340715082221392,0.161258978743447
sub-008,theta_alpha_parietal_ratio,-0.06756085200535251,-0.056362076896649065,0.06756085200535251,0.056362076896649065
sub-008,alpha_beta_parietal_ratio,0.18787387573338485,0.12036309568315356,0.18787387573338485,0.12036309568315356
sub-008,theta_alpha_occipital_ratio,0.0022400203155615284,0.1641910527263512,0.0022400203155615284,0.1641910527263512
sub-008,alpha_beta_occipital_ratio,0.13256825838988165,-0.09499572094534829,0.13256825838988165,0.09499572094534829
sub-008,theta_alpha_temporal_ratio,-0.07523836367405426,-0.02432647537572392,0.07523836367405426,0.02432647537572392
sub-008,alpha_beta_temporal_ratio,0.08431506571957705,0.19143163279411435,0.08431506571957705,0.19143163279411435
sub-008,delta_frontoparietal_diff,-0.007338484324537645,0.20303405750846376,0.007338484324537645,0.20303405750846376
sub-008,delta_frontoparietal_ratio,-0.08162875498066045,0.11476921420074919,0.08162875498066045,0.11476921420074919
sub-008,theta_frontoparietal_diff,-0.007162861208678272,0.22623836539519432,0.007162861208678272,0.22623836539519432
sub-008,theta_frontoparietal_ratio,-0.03913424546286378,0.09132681617390365,0.03913424546286378,0.09132681617390365
sub-008,alpha_frontoparietal_diff,-0.10529181848073291,0.012171100157745387,0.10529181848073291,0.012171100157745387
sub-008,alpha_frontoparietal_ratio,-0.04411034665728155,0.24151860257671132,0.04411034665728155,0.24151860257671132
sub-008,beta_frontoparietal_diff,0.05043354445761402,-0.05114843045280407,0.05043354445761402,0.05114843045280407
sub-008,beta_frontoparietal_ratio,0.06699694737865225,-0.06097843396629464,0.06699694737865225,0.06097843396629464
sub-008,gamma_frontoparietal_ratio,0.07175499612852503,-0.15790902420492928,0.07175499612852503,0.15790902420492928
sub-009,delta_abs,0.0990011847482889,0.07519320609623689,0.0990011847482889,0.07519320609623689
sub-009,theta_abs,0.006057792922471297,-0.11618334798810429,0.006057792922471297,0.11618334798810429
sub-009,alpha_abs,-0.10980408980956455,-0.04233111258009386,0.10980408980956455,0.04233111258009386
sub-009,beta_abs,0.05605005887967217,0.022617076858297055,0.05605005887967217,0.022617076858297055
sub-009,gamma_abs,0.06316379030232146,-0.02668918159064433,0.06316379030232146,0.02668918159064433
sub-009,delta_rel,0.14104041695730735,0.0321246794804371,0.14104041695730735,0.0321246794804371
sub-009,theta_rel,0.018012245989345484,-0.09802382664037014,0.018012245989345484,0.09802382664037014
sub-009,alpha_rel,-0.18684581064844977,0.04545044633687162,0.18684581064844977,0.04545044633687162
sub-009,beta_rel,0.08140788036771757,-0.0038104430301653188,0.08140788036771757,0.0038104430301653188
sub-009,gamma_rel,0.05648192478046455,-0.1303683794443466,0.05648192478046455,0.1303683794443466
sub-009,theta_alpha_ratio,0.0989713439643699,-0.10075045382692097,0.0989713439643699,0.10075045382692097
sub-009,theta_beta_ratio,0.011619514191085202,-0.07716802049311114,0.011619514191085202,0.07716802049311114
sub-009,alpha_beta_ratio,-0.11334570108364028,0.013392250896423692,0.11334570108364028,0.013392250896423692
sub-009,delta_theta_ratio,0.05854624964716463,0.01197518688715584,0.05854624964716463,0.01197518688715584
sub-009,alpha_frontal,-0.0911729880309912,-0.05780221503428531,0.0911729880309912,0.05780221503428531
sub-009,beta_frontal,0.059774733469071736,0.01947494748775668,0.059774733469071736,0.01947494748775668
sub-009,gamma_frontal,0.06402542858929262,-0.046718591845180714,0.06402542858929262,0.046718591845180714
sub-009,delta_central,0.07548650000285612,0.08988889954906767,0.07548650000285612,0.08988889954906767
sub-009,theta_central,0.012095112726485757,0.1026073676032386,0.012095112726485757,0.1026073676032386
sub-009,alpha_central,-0.09498374238324603,0.025567794388290568,0.09498374238324603,0.025567794388290568
sub-009,beta_central,0.021329199433523207,0.0716569665592141,0.021329199433523207,0.0716569665592141
sub-009,gamma_central,0.058104487134497416,0.012535353184624308,0.058104487134497416,0.012535353184624308
sub-009,delta_parietal,0.10612730665796981,0.08169316210135281,0.10612730665796981,0.08169316210135281
sub-009,theta_parietal,0.0010027518486577102,-0.1115079712474995,0.0010027518486577102,0.1115079712474995
sub-009,beta_parietal,0.008782578060255257,0.015255290989668213,0.008782578060255257,0.015255290989668213
sub-009,gamma_parietal,0.015255822212646254,0.14038743446464358,0.015255822212646254,0.14038743446464358
sub-009,delta_occipital,0.06084644879154957,0.0337134178161626,0.06084644879154957,0.0337134178161626
sub-009,theta_occipital,0.037091395920433555,-0.17116340636280125,0.037091395920433555,0.17116340636280125
sub-009,alpha_occipital,-0.1025942765488579,0.011762551592775644,0.1025942765488579,0.011762551592775644
sub-009,beta_occipital,0.02988827261486871,-0.0965898321822513,0.02988827261486871,0.0965898321822513
sub-009,gamma_occipital,-0.051339764049555016,-0.09203068356679178,0.051339764049555016,0.09203068356679178
sub-009,delta_temporal,0.029333552942474028,-0.03726623829963456,0.029333552942474028,0.03726623829963456
sub-009,theta_temporal,-0.04066805264376809,-0.16680824069095565,0.04066805264376809,0.16680824069095565
sub-009,alpha_temporal,-0.09163507575500775,-0.2972776932591084,0.09163507575500775,0.2972776932591084
sub-009,beta_temporal,-0.0012741848500621392,-0.13961036814490316,0.0012741848500621392,0.13961036814490316
sub-009,gamma_temporal,0.029127495172988405,-0.1470876660411054,0.029127495172988405,0.1470876660411054
sub-009,theta_alpha_frontal_ratio,0.07092373101489097,-0.15733492191837375,0.07092373101489097,0.15733492191837375
sub-009,alpha_beta_frontal_ratio,-0.08848799043525576,0.013247089611670784,0.08848799043525576,0.013247089611670784
sub-009,theta_alpha_central_ratio,0.06178547583299153,0.05344317228264693,0.06178547583299153,0.05344317228264693
sub-009,alpha_beta_central_ratio,-0.0921350587457604,0.009522728891183475,0.0921350587457604,0.009522728891183475
sub-009,theta_alpha_parietal_ratio,0.12731147560727474,-0.06769858831434915,0.12731147560727474,0.06769858831434915
sub-009,alpha_beta_parietal_ratio,-0.11947295506652697,0.06797312462927106,0.11947295506652697,0.06797312462927106
sub-009,theta_alpha_occipital_ratio,0.11060725634155912,-0.09754095071966536,0.11060725634155912,0.09754095071966536
sub-009,alpha_beta_occipital_ratio,-0.12861477960035775,0.12320870512694765,0.12861477960035775,0.12320870512694765
sub-009,theta_alpha_temporal_ratio,-0.00030327584693184365,-0.07631866020596573,0.00030327584693184365,0.07631866020596573
sub-009,alpha_beta_temporal_ratio,-0.055283755146080506,-0.17374956735271835,0.055283755146080506,0.17374956735271835
sub-009,delta_frontoparietal_diff,0.060437940435373136,0.04902418472648347,0.060437940435373136,0.04902418472648347
sub-009,delta_frontoparietal_ratio,0.049865973842930615,0.10540086684358144,0.049865973842930615,0.10540086684358144
sub-009,theta_frontoparietal_diff,0.004962306985523566,0.07373537617339625,0.004962306985523566,0.07373537617339625
sub-009,theta_frontoparietal_ratio,0.036115098917075074,0.0722320758030071,0.036115098917075074,0.0722320758030071
sub-009,alpha_frontoparietal_diff,0.1181368948933149,-0.04267945772459558,0.1181368948933149,0.04267945772459558
sub-009,alpha_frontoparietal_ratio,0.14034419874683848,0.12708015720841737,0.14034419874683848,0.12708015720841737
sub-009,beta_frontoparietal_diff,0.051788729600687464,0.006630982774943972,0.051788729600687464,0.006630982774943972
sub-009,beta_frontoparietal_ratio,0.03875922054257782,-0.013164315244880485,0.03875922054257782,0.013164315244880485
sub-009,gamma_frontoparietal_ratio,-0.017064164993122116,-0.2800940957499156,0.017064164993122116,0.2800940957499156
sub-010,delta_abs,-0.017023405745305333,0.16006512258102018,0.017023405745305333,0.16006512258102018
sub-010,theta_abs,-0.026564541926085716,0.10118178855798575,0.026564541926085716,0.10118178855798575
sub-010,alpha_abs,-0.05326113264538928,-0.2843427049220822,0.05326113264538928,0.2843427049220822
sub-010,beta_abs,-0.03561908389691175,-0.6718849307567372,0.03561908389691175,0.6718849307567372
sub-010,gamma_abs,0.005776952154730301,-0.4504615039711708,0.005776952154730301,0.4504615039711708
sub-010,delta_rel,0.0012608412923472174,0.1978631911336969,0.0012608412923472174,0.1978631911336969
sub-010,theta_rel,0.10860325548885795,0.16049613375488034,0.10860325548885795,0.16049613375488034
sub-010,alpha_rel,-0.05470999599483953,-0.13633453794206155,0.05470999599483953,0.13633453794206155
sub-010,beta_rel,-0.06531125895162888,-0.4570091503888221,0.06531125895162888,0.4570091503888221
sub-010,gamma_rel,-0.08015742005884868,-0.42441529270982664,0.08015742005884868,0.42441529270982664
sub-010,theta_alpha_ratio,-0.002035842826386311,0.19220174685048938,0.002035842826386311,0.19220174685048938
sub-010,theta_beta_ratio,0.005041801172547496,0.27791169635483415,0.005041801172547496,0.27791169635483415
sub-010,alpha_beta_ratio,0.004789088005400645,0.26384507994775014,0.004789088005400645,0.26384507994775014
sub-010,delta_theta_ratio,-0.027636647117096274,0.0840043021981323,0.027636647117096274,0.0840043021981323
sub-010,alpha_frontal,-0.04648606331687863,-0.33877929273945406,0.04648606331687863,0.33877929273945406
sub-010,beta_frontal,-0.02663483564177923,-0.6649313452866314,0.02663483564177923,0.6649313452866314
sub-010,gamma_frontal,-0.018335260970480355,-0.5040027524700752,0.018335260970480355,0.5040027524700752
sub-010,delta_central,-0.009882130607484918,0.13044579741262033,0.009882130607484918,0.13044579741262033
sub-010,theta_central,-0.025349257802089232,-0.07600286683655369,0.025349257802089232,0.07600286683655369
sub-010,alpha_central,-0.0922616752187044,-0.16630196299765984,0.0922616752187044,0.16630196299765984
sub-010,beta_central,-0.05660636377435474,-0.9390709023982284,0.05660636377435474,0.9390709023982284
sub-010,gamma_central,-0.030563155560770383,-0.7616198905750501,0.030563155560770383,0.7616198905750501
sub-010,delta_parietal,-0.006174007565667286,0.14120621666517919,0.006174007565667286,0.14120621666517919
sub-010,theta_parietal,0.06828258857492317,0.1358407955353642,0.06828258857492317,0.1358407955353642
sub-010,beta_parietal,-0.04558479408113471,-0.31749545442357924,0.04558479408113471,0.31749545442357924
sub-010,gamma_parietal,-0.023774402746064655,-0.1604542803018977,0.023774402746064655,0.1604542803018977
sub-010,delta_occipital,-0.016630288413863423,0.15716194051120835,0.016630288413863423,0.15716194051120835
sub-010,theta_occipital,-0.024230626850233528,0.13836877067408407,0.024230626850233528,0.13836877067408407
sub-010,alpha_occipital,0.017901470961546644,-0.23522499042913003,0.017901470961546644,0.23522499042913003
sub-010,beta_occipital,-0.0062549650898547846,-0.6188507205407828,0.0062549650898547846,0.6188507205407828
sub-010,gamma_occipital,-0.09299013498097208,-0.6866981361444411,0.09299013498097208,0.6866981361444411
sub-010,delta_temporal,-0.004480379743344496,0.13288712155518093,0.004480379743344496,0.13288712155518093
sub-010,theta_temporal,0.012336387035915743,0.08687383146700488,0.012336387035915743,0.08687383146700488
sub-010,alpha_temporal,-0.021212061487253554,-0.06663019767072699,0.021212061487253554,0.06663019767072699
sub-010,beta_temporal,0.012049657988666713,-0.13707059768230445,0.012049657988666713,0.13707059768230445
sub-010,gamma_temporal,0.06972946789335802,0.04188195616129157,0.06972946789335802,0.04188195616129157
sub-010,theta_alpha_frontal_ratio,0.006950312048760452,0.15913780410883327,0.006950312048760452,0.15913780410883327
sub-010,alpha_beta_frontal_ratio,0.0277738981696787,0.18444283056305244,0.0277738981696787,0.18444283056305244
sub-010,theta_alpha_central_ratio,0.011408814822257349,0.07443782653712604,0.011408814822257349,0.07443782653712604
sub-010,alpha_beta_central_ratio,-0.032122269887413624,0.5026316906544316,0.032122269887413624,0.5026316906544316
sub-010,theta_alpha_parietal_ratio,0.001961344368600645,0.17526709797362358,0.001961344368600645,0.17526709797362358
sub-010,alpha_beta_parietal_ratio,-0.029714369150687547,-0.007405048690052876,0.029714369150687547,0.007405048690052876
sub-010,theta_alpha_occipital_ratio,-0.017768944865660722,0.14732687365099925,0.017768944865660722,0.14732687365099925
sub-010,alpha_beta_occipital_ratio,0.04330994485904014,0.18027335089592833,0.04330994485904014,0.18027335089592833
sub-010,theta_alpha_temporal_ratio,-0.02615610252960359,-0.0004778447200429043,0.02615610252960359,0.0004778447200429043
sub-010,alpha_beta_temporal_ratio,-0.04731982385388681,0.33813911463375285,0.04731982385388681,0.33813911463375285
sub-010,delta_frontoparietal_diff,-0.02652750156340217,0.1664206874027483,0.02652750156340217,0.1664206874027483
sub-010,delta_frontoparietal_ratio,-0.10738516603606302,0.0465315298865801,0.10738516603606302,0.0465315298865801
sub-010,theta_frontoparietal_diff,-0.09014051623032332,-0.06562509190357045,0.09014051623032332,0.06562509190357045
sub-010,theta_frontoparietal_ratio,-0.03251551263525656,-0.3451480945409029,0.03251551263525656,0.3451480945409029
sub-010,alpha_frontoparietal_diff,0.003711138539681953,0.13160368266332342,0.003711138539681953,0.13160368266332342
sub-010,alpha_frontoparietal_ratio,-0.07961327839568097,-0.17373471458675763,0.07961327839568097,0.17373471458675763
sub-010,beta_frontoparietal_diff,0.011889229100005812,-0.45044830526920626,0.011889229100005812,0.45044830526920626
sub-010,beta_frontoparietal_ratio,-0.06921299828232728,-0.31493356060579186,0.06921299828232728,0.31493356060579186
sub-010,gamma_frontoparietal_ratio,-0.06310156817709231,-0.4756272681217368,0.06310156817709231,0.4756272681217368
sub-011,delta_abs,-0.016751869519120534,-0.09985636459522743,0.016751869519120534,0.09985636459522743
sub-011,theta_abs,-0.009833923733891985,-0.09667553424122793,0.009833923733891985,0.09667553424122793
sub-011,alpha_abs,0.14498451908608573,-0.1426036688887051,0.14498451908608573,0.1426036688887051
sub-011,beta_abs,0.11691828803218994,0.36760982535132614,0.11691828803218994,0.36760982535132614
sub-011,gamma_abs,0.09776754968873047,0.7015238829376059,0.09776754968873047,0.7015238829376059
sub-011,delta_rel,-0.12651532089824363,-0.021663816369742874,0.12651532089824363,0.021663816369742874
sub-011,theta_rel,-0.04377859945524463,-0.05389726133776322,0.04377859945524463,0.05389726133776322
sub-011,alpha_rel,0.18845702526318436,-0.08445224640825343,0.18845702526318436,0.08445224640825343
sub-011,beta_rel,0.015615154430355186,0.38471995463053893,0.015615154430355186,0.38471995463053893
sub-011,gamma_rel,-0.015601730961480804,0.46264256415757476,0.015601730961480804,0.46264256415757476
sub-011,theta_alpha_ratio,-0.14018669786187293,0.07904494613602249,0.14018669786187293,0.07904494613602249
sub-011,theta_beta_ratio,-0.0549950147972294,-0.2514288536885735,0.0549950147972294,0.2514288536885735
sub-011,alpha_beta_ratio,0.10960375855315958,-0.30128149490668477,0.10960375855315958,0.30128149490668477
sub-011,delta_theta_ratio,-0.018879806924044434,0.035583201467817786,0.018879806924044434,0.035583201467817786
sub-011,alpha_frontal,0.116255801286799,-0.09653483837603206,0.116255801286799,0.09653483837603206
sub-011,beta_frontal,0.10888698330191857,0.3340692929673595,0.10888698330191857,0.3340692929673595
sub-011,gamma_frontal,0.1574751260717361,0.5943362328816553,0.1574751260717361,0.5943362328816553
sub-011,delta_central,0.04311549985195526,0.06006058390064763,0.04311549985195526,0.06006058390064763
sub-011,theta_central,-0.0043491686510372185,-0.05709028554817319,0.0043491686510372185,0.05709028554817319
sub-011,alpha_central,0.09740396735678745,0.0177681990916285,0.09740396735678745,0.0177681990916285
sub-011,beta_central,0.12129262889411613,0.3464859675091124,0.12129262889411613,0.3464859675091124
sub-011,gamma_central,0.022848466900563857,0.32155230786779876,0.022848466900563857,0.32155230786779876
sub-011,delta_parietal,-0.0254917590408543,-0.10890236982958294,0.0254917590408543,0.10890236982958294
sub-011,theta_parietal,0.026259187731792377,-0.1863888405369676,0.026259187731792377,0.1863888405369676
sub-011,beta_parietal,0.06772523579435423,0.03005980210558622,0.06772523579435423,0.03005980210558622
sub-011,gamma_parietal,-0.019178178958558483,0.55067273624689,0.019178178958558483,0.55067273624689
sub-011,delta_occipital,-0.0034398770848972707,-0.09370205871416697,0.0034398770848972707,0.09370205871416697
sub-011,theta_occipital,-0.008837507902749021,-0.0036569824608448463,0.008837507902749021,0.0036569824608448463
sub-011,alpha_occipital,0.0998948420223047,-0.141219243712553,0.0998948420223047,0.141219243712553
sub-011,beta_occipital,0.020055537972365745,0.36777554156715025,0.020055537972365745,0.36777554156715025
sub-011,gamma_occipital,0.09322480018947359,0.6107717344887553,0.09322480018947359,0.6107717344887553
sub-011,delta_temporal,-0.013277215753422448,-0.02139746861794845,0.013277215753422448,0.02139746861794845
sub-011,theta_temporal,0.0003462722352739708,-0.029908928843025883,0.0003462722352739708,0.029908928843025883
sub-011,alpha_temporal,0.12319462567487267,0.06965151043052792,0.12319462567487267,0.06965151043052792
sub-011,beta_temporal,0.03290099560507058,0.3408056381226204,0.03290099560507058,0.3408056381226204
sub-011,gamma_temporal,0.04058192977370722,0.34127127985779526,0.04058192977370722,0.34127127985779526
sub-011,theta_alpha_frontal_ratio,-0.12765666870752684,0.13380516189196828,0.12765666870752684,0.13380516189196828
sub-011,alpha_beta_frontal_ratio,0.08223648076785983,-0.3086452063125785,0.08223648076785983,0.3086452063125785
sub-011,theta_alpha_central_ratio,-0.1138729571031022,0.004439635762104167,0.1138729571031022,0.004439635762104167
sub-011,alpha_beta_central_ratio,0.04772304261347675,-0.11071990746615702,0.04772304261347675,0.11071990746615702
sub-011,theta_alpha_parietal_ratio,-0.08634296478180035,0.04847398488871952,0.08634296478180035,0.04847398488871952
sub-011,alpha_beta_parietal_ratio,0.13110413856209815,-0.226275200220999,0.13110413856209815,0.226275200220999
sub-011,theta_alpha_occipital_ratio,-0.0332611842762721,-0.05035555381052383,0.0332611842762721,0.05035555381052383
sub-011,alpha_beta_occipital_ratio,0.052975225538739915,-0.2197530835141821,0.052975225538739915,0.2197530835141821
sub-011,theta_alpha_temporal_ratio,-0.10034713993836672,0.05566194440695346,0.10034713993836672,0.05566194440695346
sub-011,alpha_beta_temporal_ratio,0.12335359013576189,-0.16195212023357974,0.12335359013576189,0.16195212023357974
sub-011,delta_frontoparietal_diff,-0.0015450917898877333,0.055193073084490125,0.0015450917898877333,0.055193073084490125
sub-011,delta_frontoparietal_ratio,0.046341406633709024,0.058980011327290464,0.046341406633709024,0.058980011327290464
sub-011,theta_frontoparietal_diff,-0.06357961859080984,0.17501429444623587,0.06357961859080984,0.17501429444623587
sub-011,theta_frontoparietal_ratio,0.011277670990783977,0.030071779996222382,0.011277670990783977,0.030071779996222382
sub-011,alpha_frontoparietal_diff,-0.11643194774571179,0.21630864650143877,0.11643194774571179,0.21630864650143877
sub-011,alpha_frontoparietal_ratio,-0.016384338342551766,0.029222480248029332,0.016384338342551766,0.029222480248029332
sub-011,beta_frontoparietal_diff,0.0279594958062555,0.2450934490398967,0.0279594958062555,0.2450934490398967
sub-011,beta_frontoparietal_ratio,0.07276428955903497,0.16112174168000803,0.07276428955903497,0.16112174168000803
sub-011,gamma_frontoparietal_ratio,0.17237791193513188,-0.0889435556275824,0.17237791193513188,0.0889435556275824
sub-012,delta_abs,0.11386010694752832,,0.11386010694752832,
sub-012,theta_abs,0.1301666985660697,,0.1301666985660697,
sub-012,alpha_abs,0.12887733869060947,,0.12887733869060947,
sub-012,beta_abs,0.11096888717891466,,0.11096888717891466,
sub-012,gamma_abs,0.13398727287901568,,0.13398727287901568,
sub-012,delta_rel,0.13823773736878922,,0.13823773736878922,
sub-012,theta_rel,-0.21097215084353843,,0.21097215084353843,
sub-012,alpha_rel,0.00017465904388936978,,0.00017465904388936978,
sub-012,beta_rel,-0.04114846671957424,,0.04114846671957424,
sub-012,gamma_rel,0.04670972614237944,,0.04670972614237944,
sub-012,theta_alpha_ratio,0.05405314058181352,,0.05405314058181352,
sub-012,theta_beta_ratio,0.1991446800980064,,0.1991446800980064,
sub-012,alpha_beta_ratio,0.15678937415906033,,0.15678937415906033,
sub-012,delta_theta_ratio,-0.013294087905655413,,0.013294087905655413,
sub-012,alpha_frontal,0.09571567596903102,,0.09571567596903102,
sub-012,beta_frontal,0.026233714488158047,,0.026233714488158047,
sub-012,gamma_frontal,0.065205712113668,,0.065205712113668,
sub-012,delta_central,0.14234592197556434,,0.14234592197556434,
sub-012,theta_central,0.1827500416636213,,0.1827500416636213,
sub-012,alpha_central,0.11496406110689977,,0.11496406110689977,
sub-012,beta_central,0.1324843892275042,,0.1324843892275042,
sub-012,gamma_central,0.14906216065284983,,0.14906216065284983,
sub-012,delta_parietal,0.10492248864640914,,0.10492248864640914,
sub-012,theta_parietal,0.08136628913498842,,0.08136628913498842,
sub-012,beta_parietal,0.06722778865045408,,0.06722778865045408,
sub-012,gamma_parietal,0.11293653735764722,,0.11293653735764722,
sub-012,delta_occipital,0.10906979427566321,,0.10906979427566321,
sub-012,theta_occipital,0.16120786293475636,,0.16120786293475636,
sub-012,alpha_occipital,0.09455323132262175,,0.09455323132262175,
sub-012,beta_occipital,-0.17095959790640627,,0.17095959790640627,
sub-012,gamma_occipital,-0.1426408809606027,,0.1426408809606027,
sub-012,delta_temporal,0.08266423111125401,,0.08266423111125401,
sub-012,theta_temporal,0.0042359915016836214,,0.0042359915016836214,
sub-012,alpha_temporal,0.12458755067702974,,0.12458755067702974,
sub-012,beta_temporal,0.12269940976771529,,0.12269940976771529,
sub-012,gamma_temporal,0.14955879510369519,,0.14955879510369519,
sub-012,theta_alpha_frontal_ratio,0.07783741192039538,,0.07783741192039538,
sub-012,alpha_beta_frontal_ratio,0.2767025477114612,,0.2767025477114612,
sub-012,theta_alpha_central_ratio,0.1309262698209313,,0.1309262698209313,
sub-012,alpha_beta_central_ratio,0.06418826189326286,,0.06418826189326286,
sub-012,theta_alpha_parietal_ratio,0.025643475282984524,,0.025643475282984524,
sub-012,alpha_beta_parietal_ratio,0.16061744045486862,,0.16061744045486862,
sub-012,theta_alpha_occipital_ratio,-0.02855735663084809,,0.02855735663084809,
sub-012,alpha_beta_occipital_ratio,0.1815788672887033,,0.1815788672887033,
sub-012,theta_alpha_temporal_ratio,0.02811339354910126,,0.02811339354910126,
sub-012,alpha_beta_temporal_ratio,0.12621824011270485,,0.12621824011270485,
sub-012,delta_frontoparietal_diff,0.1063213112203585,,0.1063213112203585,
sub-012,delta_frontoparietal_ratio,0.06204330802871517,,0.06204330802871517,
sub-012,theta_frontoparietal_diff,0.06748334164498118,,0.06748334164498118,
sub-012,theta_frontoparietal_ratio,-0.0011545325280454136,,0.0011545325280454136,
sub-012,alpha_frontoparietal_diff,-0.027550059528234205,,0.027550059528234205,
sub-012,alpha_frontoparietal_ratio,-0.09701404866618833,,0.09701404866618833,
sub-012,beta_frontoparietal_diff,-0.046650793012837595,,0.046650793012837595,
sub-012,beta_frontoparietal_ratio,-0.20501965717068524,,0.20501965717068524,
sub-012,gamma_frontoparietal_ratio,-0.07017876672614173,,0.07017876672614173,
sub-014,delta_abs,0.10565191555459279,0.1315234130801034,0.10565191555459279,0.1315234130801034
sub-014,theta_abs,0.038906329143988054,0.17175998126982883,0.038906329143988054,0.17175998126982883
sub-014,alpha_abs,0.004344171348963652,0.10822460764555195,0.004344171348963652,0.10822460764555195
sub-014,beta_abs,0.09119469441265599,-0.11678555533525162,0.09119469441265599,0.11678555533525162
sub-014,gamma_abs,0.1414638749180413,-0.4598220762706895,0.1414638749180413,0.4598220762706895
sub-014,delta_rel,0.018765965257254272,0.005882805565854911,0.018765965257254272,0.005882805565854911
sub-014,theta_rel,-0.02892136476741385,0.16464815657895698,0.02892136476741385,0.16464815657895698
sub-014,alpha_rel,-0.05219057674560336,0.012190264520249832,0.05219057674560336,0.012190264520249832
sub-014,beta_rel,0.10659407695833821,-0.2725082160193933,0.10659407695833821,0.2725082160193933
sub-014,gamma_rel,0.1625311951397773,-0.4994759475152822,0.1625311951397773,0.4994759475152822
sub-014,theta_alpha_ratio,0.01391254109784198,0.16734052893624668,0.01391254109784198,0.16734052893624668
sub-014,theta_beta_ratio,0.005884600563650585,0.202781239672055,0.005884600563650585,0.202781239672055
sub-014,alpha_beta_ratio,-0.07487573324321696,0.1824774671997759,0.07487573324321696,0.1824774671997759
sub-014,delta_theta_ratio,0.03225111783069383,0.03866837580313864,0.03225111783069383,0.03866837580313864
sub-014,alpha_frontal,-0.028877385775997664,0.17935276850946488,0.028877385775997664,0.17935276850946488
sub-014,beta_frontal,0.039791169010907325,-0.032985433715011524,0.039791169010907325,0.032985433715011524
sub-014,gamma_frontal,0.022912000976172967,-0.19095517059957576,0.022912000976172967,0.19095517059957576
sub-014,delta_central,0.17195432263939342,0.12794334500602147,0.17195432263939342,0.12794334500602147
sub-014,theta_central,0.09172706745571511,0.12492748891405199,0.09172706745571511,0.12492748891405199
sub-014,alpha_central,0.07144713874810601,-0.018054547686019686,0.07144713874810601,0.018054547686019686
sub-014,beta_central,0.17145767094123307,0.21796950550144162,0.17145767094123307,0.21796950550144162
sub-014,gamma_central,0.16330202830367957,-0.04863621253826465,0.16330202830367957,0.04863621253826465
sub-014,delta_parietal,0.09158803805864553,0.09176763309752961,0.09158803805864553,0.09176763309752961
sub-014,theta_parietal,0.015084548826329638,0.17042485432050936,0.015084548826329638,0.17042485432050936
sub-014,beta_parietal,0.15616722763175026,-0.366845866971271,0.15616722763175026,0.366845866971271
sub-014,gamma_parietal,0.31524303195647346,-0.8290513725750147,0.31524303195647346,0.8290513725750147
sub-014,delta_occipital,0.08355254433626932,0.15870510980313993,0.08355254433626932,0.15870510980313993
sub-014,theta_occipital,-0.028816974745068204,0.09541490942561391,0.028816974745068204,0.09541490942561391
sub-014,alpha_occipital,-0.033801079824647536,0.18785727421046322,0.033801079824647536,0.18785727421046322
sub-014,beta_occipital,0.20534507541660296,-0.28904433171225963,0.20534507541660296,0.28904433171225963
sub-014,gamma_occipital,0.23616185237390044,-0.6408769166908345,0.23616185237390044,0.6408769166908345
sub-014,delta_temporal,0.07466150157774852,0.12449494617089854,0.07466150157774852,0.12449494617089854
sub-014,theta_temporal,0.07769984806376824,0.23785966884070636,0.07769984806376824,0.23785966884070636
sub-014,alpha_temporal,0.006010857965318677,0.13864150975690964,0.006010857965318677,0.13864150975690964
sub-014,beta_temporal,-0.004084428837557479,0.020266826434423943,0.004084428837557479,0.020266826434423943
sub-014,gamma_temporal,0.012859527821010464,-0.13850816812072977,0.012859527821010464,0.13850816812072977
sub-014,theta_alpha_frontal_ratio,0.02263159293079058,0.12757278233937358,0.02263159293079058,0.12757278233937358
sub-014,alpha_beta_frontal_ratio,-0.07146737582176599,0.2156861939000447,0.07146737582176599,0.2156861939000447
sub-014,theta_alpha_central_ratio,0.0014948430819132575,0.03542392057268258,0.0014948430819132575,0.03542392057268258
sub-014,alpha_beta_central_ratio,0.00011997666726698055,-0.1640277982979353,0.00011997666726698055,0.1640277982979353
sub-014,theta_alpha_parietal_ratio,-0.041730729787067204,0.26278960068902707,0.041730729787067204,0.26278960068902707
sub-014,alpha_beta_parietal_ratio,-0.12028464210766394,0.3015602847572432,0.12028464210766394,0.3015602847572432
sub-014,theta_alpha_occipital_ratio,-0.01736203042690861,-0.0013589743113166012,0.01736203042690861,0.0013589743113166012
sub-014,alpha_beta_occipital_ratio,-0.15939673887270803,0.20555585882916375,0.15939673887270803,0.20555585882916375
sub-014,theta_alpha_temporal_ratio,0.16101470666034573,0.29290746278266644,0.16101470666034573,0.29290746278266644
sub-014,alpha_beta_temporal_ratio,-0.07426559487685985,0.11651317511946765,0.07426559487685985,0.11651317511946765
sub-014,delta_frontoparietal_diff,0.07010204527642862,0.13482577496508688,0.07010204527642862,0.13482577496508688
sub-014,delta_frontoparietal_ratio,-0.08413067296427297,0.17915080956625148,0.08413067296427297,0.17915080956625148
sub-014,theta_frontoparietal_diff,0.010931452957531113,-0.06735042609583414,0.010931452957531113,0.06735042609583414
sub-014,theta_frontoparietal_ratio,-0.02390088376226694,0.08652243292366865,0.02390088376226694,0.08652243292366865
sub-014,alpha_frontoparietal_diff,-0.028688925055687226,0.04390581093970131,0.028688925055687226,0.04390581093970131
sub-014,alpha_frontoparietal_ratio,-0.033574810131852005,0.2775611175748321,0.033574810131852005,0.2775611175748321
sub-014,beta_frontoparietal_diff,-0.06717936836247178,0.24953679912895585,0.06717936836247178,0.24953679912895585
sub-014,beta_frontoparietal_ratio,-0.04594508121907001,0.3056929862575226,0.04594508121907001,0.3056929862575226
sub-014,gamma_frontoparietal_ratio,-0.16998494186308538,0.7777375807552446,0.16998494186308538,0.7777375807552446
sub-015,delta_abs,-0.12844003677868548,,0.12844003677868548,
sub-015,theta_abs,0.06196970043666121,,0.06196970043666121,
sub-015,alpha_abs,0.04016631001537676,,0.04016631001537676,
sub-015,beta_abs,-0.0019175941842190425,,0.0019175941842190425,
sub-015,gamma_abs,0.08676857773601972,,0.08676857773601972,
sub-015,delta_rel,-0.25244104565010517,,0.25244104565010517,
sub-015,theta_rel,0.2957997236775975,,0.2957997236775975,
sub-015,alpha_rel,0.06702458998667131,,0.06702458998667131,
sub-015,beta_rel,0.04890398896712287,,0.04890398896712287,
sub-015,gamma_rel,0.058803927551187254,,0.058803927551187254,
sub-015,theta_alpha_ratio,0.09441357398866641,,0.09441357398866641,
sub-015,theta_beta_ratio,0.061809281217983104,,0.061809281217983104,
sub-015,alpha_beta_ratio,-0.009043019236423437,,0.009043019236423437,
sub-015,delta_theta_ratio,-0.290556588747779,,0.290556588747779,
sub-015,alpha_frontal,-0.014322847946722521,,0.014322847946722521,
sub-015,beta_frontal,0.076116637554077,,0.076116637554077,
sub-015,gamma_frontal,0.07518947268659032,,0.07518947268659032,
sub-015,delta_central,-0.18845092079722497,,0.18845092079722497,
sub-015,theta_central,0.01645569513654607,,0.01645569513654607,
sub-015,alpha_central,-0.02978242468308112,,0.02978242468308112,
sub-015,beta_central,0.06321417633789446,,0.06321417633789446,
sub-015,gamma_central,0.1298042486249313,,0.1298042486249313,
sub-015,delta_parietal,-0.11352025342010763,,0.11352025342010763,
sub-015,theta_parietal,0.1687347909003743,,0.1687347909003743,
sub-015,beta_parietal,-0.07172750594010771,,0.07172750594010771,
sub-015,gamma_parietal,0.09325511602346796,,0.09325511602346796,
sub-015,delta_occipital,-0.11956793615529437,,0.11956793615529437,
sub-015,theta_occipital,0.10022243102886869,,0.10022243102886869,
sub-015,alpha_occipital,0.07624911254831261,,0.07624911254831261,
sub-015,beta_occipital,-0.08330032909056141,,0.08330032909056141,
sub-015,gamma_occipital,0.06085546386627157,,0.06085546386627157,
sub-015,delta_temporal,-0.07398836638314592,,0.07398836638314592,
sub-015,theta_temporal,0.16045906885685793,,0.16045906885685793,
sub-015,alpha_temporal,0.0468284202312973,,0.0468284202312973,
sub-015,beta_temporal,0.006296743370288077,,0.006296743370288077,
sub-015,gamma_temporal,0.11598160296652978,,0.11598160296652978,
sub-015,theta_alpha_frontal_ratio,0.16696186136551788,,0.16696186136551788,
sub-015,alpha_beta_frontal_ratio,-0.08018816532915031,,0.08018816532915031,
sub-015,theta_alpha_central_ratio,0.17308489694472615,,0.17308489694472615,
sub-015,alpha_beta_central_ratio,-0.04488177672987157,,0.04488177672987157,
sub-015,theta_alpha_parietal_ratio,0.0893839033327279,,0.0893839033327279,
sub-015,alpha_beta_parietal_ratio,0.061092906000933166,,0.061092906000933166,
sub-015,theta_alpha_occipital_ratio,-0.04252581245204104,,0.04252581245204104,
sub-015,alpha_beta_occipital_ratio,0.012908881836995059,,0.012908881836995059,
sub-015,theta_alpha_temporal_ratio,0.18559338396386482,,0.18559338396386482,
sub-015,alpha_beta_temporal_ratio,0.04933160441978173,,0.04933160441978173,
sub-015,delta_frontoparietal_diff,-0.13236081101440483,,0.13236081101440483,
sub-015,delta_frontoparietal_ratio,-0.23807664823243962,,0.23807664823243962,
sub-015,theta_frontoparietal_diff,-0.010188832169806405,,0.010188832169806405,
sub-015,theta_frontoparietal_ratio,-0.09193032521776467,,0.09193032521776467,
sub-015,alpha_frontoparietal_diff,-0.24035625520672352,,0.24035625520672352,
sub-015,alpha_frontoparietal_ratio,-0.22954306104987338,,0.22954306104987338,
sub-015,beta_frontoparietal_diff,0.13092707305404996,,0.13092707305404996,
sub-015,beta_frontoparietal_ratio,0.030328813807196865,,0.030328813807196865,
sub-015,gamma_frontoparietal_ratio,-0.04714916855347849,,0.04714916855347849,
sub-016,delta_abs,0.03834249350646768,,0.03834249350646768,
sub-016,theta_abs,-0.24930318888770717,,0.24930318888770717,
sub-016,alpha_abs,-0.24878206301399586,,0.24878206301399586,
sub-016,beta_abs,-0.35485683897309084,,0.35485683897309084,
sub-016,gamma_abs,-0.26486484874122634,,0.26486484874122634,
sub-016,delta_rel,0.12061373156267906,,0.12061373156267906,
sub-016,theta_rel,-0.24177758437613792,,0.24177758437613792,
sub-016,alpha_rel,0.02858730978775607,,0.02858730978775607,
sub-016,beta_rel,0.0953842548296907,,0.0953842548296907,
sub-016,gamma_rel,0.05924005743952263,,0.05924005743952263,
sub-016,theta_alpha_ratio,0.08082828781566101,,0.08082828781566101,
sub-016,theta_beta_ratio,-0.08799891555452927,,0.08799891555452927,
sub-016,alpha_beta_ratio,-0.007611270299347938,,0.007611270299347938,
sub-016,delta_theta_ratio,0.14938848112083986,,0.14938848112083986,
sub-016,alpha_frontal,-0.1764460984644386,,0.1764460984644386,
sub-016,beta_frontal,0.10927854479294132,,0.10927854479294132,
sub-016,gamma_frontal,0.15793306564614254,,0.15793306564614254,
sub-016,delta_central,-0.05101301412625367,,0.05101301412625367,
sub-016,theta_central,-0.31350983253527737,,0.31350983253527737,
sub-016,alpha_central,-0.17828444961902695,,0.17828444961902695,
sub-016,beta_central,-0.5111340061600875,,0.5111340061600875,
sub-016,gamma_central,-0.5549776209114982,,0.5549776209114982,
sub-016,delta_parietal,-0.013634938007030611,,0.013634938007030611,
sub-016,theta_parietal,-0.33641514974059566,,0.33641514974059566,
sub-016,beta_parietal,-0.5141538730069081,,0.5141538730069081,
sub-016,gamma_parietal,-0.36285418018497706,,0.36285418018497706,
sub-016,delta_occipital,-0.028415044226623092,,0.028415044226623092,
sub-016,theta_occipital,-0.2617498281246905,,0.2617498281246905,
sub-016,alpha_occipital,-0.07826815486957982,,0.07826815486957982,
sub-016,beta_occipital,-0.3265984711815197,,0.3265984711815197,
sub-016,gamma_occipital,0.02432174059102578,,0.02432174059102578,
sub-016,delta_temporal,-0.00973506626122056,,0.00973506626122056,
sub-016,theta_temporal,-0.11736857640937484,,0.11736857640937484,
sub-016,alpha_temporal,-0.23309788468682838,,0.23309788468682838,
sub-016,beta_temporal,-1.5665514513980134,,1.5665514513980134,
sub-016,gamma_temporal,-1.5616469287019545,,1.5616469287019545,
sub-016,theta_alpha_frontal_ratio,0.19277375806870994,,0.19277375806870994,
sub-016,alpha_beta_frontal_ratio,-0.05587473620177767,,0.05587473620177767,
sub-016,theta_alpha_central_ratio,-0.0072503351241748355,,0.0072503351241748355,
sub-016,alpha_beta_central_ratio,0.13634024228090402,,0.13634024228090402,
sub-016,theta_alpha_parietal_ratio,-0.0841768874835763,,0.0841768874835763,
sub-016,alpha_beta_parietal_ratio,-0.07751516394827798,,0.07751516394827798,
sub-016,theta_alpha_occipital_ratio,0.023058918240706546,,0.023058918240706546,
sub-016,alpha_beta_occipital_ratio,0.1477357371092672,,0.1477357371092672,
sub-016,theta_alpha_temporal_ratio,0.14441338299849113,,0.14441338299849113,
sub-016,alpha_beta_temporal_ratio,0.6482794166114361,,0.6482794166114361,
sub-016,delta_frontoparietal_diff,0.08061899128864437,,0.08061899128864437,
sub-016,delta_frontoparietal_ratio,0.05722101600394944,,0.05722101600394944,
sub-016,theta_frontoparietal_diff,0.39230476328682096,,0.39230476328682096,
sub-016,theta_frontoparietal_ratio,0.36261142924001283,,0.36261142924001283,
sub-016,alpha_frontoparietal_diff,0.32485837486062624,,0.32485837486062624,
sub-016,alpha_frontoparietal_ratio,0.2516784816925256,,0.2516784816925256,
sub-016,beta_frontoparietal_diff,0.4701897890014192,,0.4701897890014192,
sub-016,beta_frontoparietal_ratio,0.4680969937059135,,0.4680969937059135,
sub-016,gamma_frontoparietal_ratio,0.4702104810648746,,0.4702104810648746,
sub-017,delta_abs,-0.1284851360396289,-6.676060410825468e-05,0.1284851360396289,6.676060410825468e-05
sub-017,theta_abs,-0.15999303617836577,-0.32523772875003326,0.15999303617836577,0.32523772875003326
sub-017,alpha_abs,-0.06921773130658378,-0.22079209355175253,0.06921773130658378,0.22079209355175253
sub-017,beta_abs,-0.07979324094180676,0.012792815663542904,0.07979324094180676,0.012792815663542904
sub-017,gamma_abs,-0.0277812628215232,0.6079376663782594,0.0277812628215232,0.6079376663782594
sub-017,delta_rel,-0.037316166963027274,0.2595005111174329,0.037316166963027274,0.2595005111174329
sub-017,theta_rel,-0.09834006892801767,-0.3337932940500691,0.09834006892801767,0.3337932940500691
sub-017,alpha_rel,0.10733501055397487,-0.06365922245755139,0.10733501055397487,0.06365922245755139
sub-017,beta_rel,0.05338267299837911,0.16649512967920715,0.05338267299837911,0.16649512967920715
sub-017,gamma_rel,0.010789098049559733,0.33791222914592856,0.010789098049559733,0.33791222914592856
sub-017,theta_alpha_ratio,-0.14216313819294488,-0.08676595972765858,0.14216313819294488,0.08676595972765858
sub-017,theta_beta_ratio,-0.13836388613209955,-0.343233120990942,0.13836388613209955,0.343233120990942
sub-017,alpha_beta_ratio,-0.021498058657980733,-0.2051284498031887,0.021498058657980733,0.2051284498031887
sub-017,delta_theta_ratio,-0.04116792210003085,0.23391449242538448,0.04116792210003085,0.23391449242538448
sub-017,alpha_frontal,-0.07324230857551044,-0.2919656057227682,0.07324230857551044,0.2919656057227682
sub-017,beta_frontal,-0.16280058767938674,0.035797626160719985,0.16280058767938674,0.035797626160719985
sub-017,gamma_frontal,-0.1418852766177993,0.5266169518015581,0.1418852766177993,0.5266169518015581
sub-017,delta_central,-0.18970711675236235,-0.0803958647950587,0.18970711675236235,0.0803958647950587
sub-017,theta_central,-0.14684044694173046,-0.3726659863543264,0.14684044694173046,0.3726659863543264
sub-017,alpha_central,-0.20976649137131745,-0.3777516842030136,0.20976649137131745,0.3777516842030136
sub-017,beta_central,-0.1784902602172199,-0.2766805057476246,0.1784902602172199,0.2766805057476246
sub-017,gamma_central,0.14584362862644396,0.14993608378941717,0.14584362862644396,0.14993608378941717
sub-017,delta_parietal,-0.10073721985915252,0.05038512539556697,0.10073721985915252,0.05038512539556697
sub-017,theta_parietal,-0.14255153480581495,-0.23993488731313276,0.14255153480581495,0.23993488731313276
sub-017,beta_parietal,-0.005753008091626597,0.03607540407099763,0.005753008091626597,0.03607540407099763
sub-017,gamma_parietal,0.10177056322039557,0.5255871293938431,0.10177056322039557,0.5255871293938431
sub-017,delta_occipital,-0.08970899252200663,0.13907356900612905,0.08970899252200663,0.13907356900612905
sub-017,theta_occipital,-0.08745218386802542,-0.1435529139745222,0.08745218386802542,0.1435529139745222
sub-017,alpha_occipital,-0.027902959523678834,-0.10265556187265415,0.027902959523678834,0.10265556187265415
sub-017,beta_occipital,0.05435107899644848,0.07551273077334206,0.05435107899644848,0.07551273077334206
sub-017,gamma_occipital,0.016045615003658593,0.3205850258865228,0.016045615003658593,0.3205850258865228
sub-017,delta_temporal,-0.07437879254490784,0.020851500156727612,0.07437879254490784,0.020851500156727612
sub-017,theta_temporal,-0.12797591333259628,-0.2685511040917275,0.12797591333259628,0.2685511040917275
sub-017,alpha_temporal,-0.12121101492596137,-0.29341562153701717,0.12121101492596137,0.29341562153701717
sub-017,beta_temporal,-0.08477894788770368,0.0652792050398612,0.08477894788770368,0.0652792050398612
sub-017,gamma_temporal,0.1240570947880705,0.5506477100587168,0.1240570947880705,0.5506477100587168
sub-017,theta_alpha_frontal_ratio,-0.09684774272567827,-0.11574679786586191,0.09684774272567827,0.11574679786586191
sub-017,alpha_beta_frontal_ratio,-0.0017436997569701945,-0.24546000206608745,0.0017436997569701945,0.24546000206608745
sub-017,theta_alpha_central_ratio,-0.03318316757578213,0.07530001830165416,0.03318316757578213,0.07530001830165416
sub-017,alpha_beta_central_ratio,-0.10868754938459196,-0.24792029134415436,0.10868754938459196,0.24792029134415436
sub-017,theta_alpha_parietal_ratio,-0.1724912513306973,-0.08210791050563683,0.1724912513306973,0.08210791050563683
sub-017,alpha_beta_parietal_ratio,-0.004198362513189337,-0.15056169970288474,0.004198362513189337,0.15056169970288474
sub-017,theta_alpha_occipital_ratio,-0.14067054607350904,0.06296374645873465,0.14067054607350904,0.06296374645873465
sub-017,alpha_beta_occipital_ratio,-0.054731399585262366,-0.063611898424495,0.054731399585262366,0.063611898424495
sub-017,theta_alpha_temporal_ratio,-0.07040512935178359,-0.03673981388985222,0.07040512935178359,0.03673981388985222
sub-017,alpha_beta_temporal_ratio,-0.0386584840735982,-0.2985937192707728,0.0386584840735982,0.2985937192707728
sub-017,delta_frontoparietal_diff,-0.10845392463807552,-0.05198588148668142,0.10845392463807552,0.05198588148668142
sub-017,delta_frontoparietal_ratio,-0.11345310905263811,0.07672354942166676,0.11345310905263811,0.07672354942166676
sub-017,theta_frontoparietal_diff,0.07895701913614164,0.022252633918895013,0.07895701913614164,0.022252633918895013
sub-017,theta_frontoparietal_ratio,-0.09130967130400248,-0.1421566819781293,0.09130967130400248,0.1421566819781293
sub-017,alpha_frontoparietal_diff,0.02275538589628999,0.08219970299800211,0.02275538589628999,0.08219970299800211
sub-017,alpha_frontoparietal_ratio,-0.12768181785505928,-0.1958575330183285,0.12768181785505928,0.1958575330183285
sub-017,beta_frontoparietal_diff,-0.08538256118561192,-0.025961828564287623,0.08538256118561192,0.025961828564287623
sub-017,beta_frontoparietal_ratio,-0.2034008462014353,0.000369414041685543,0.2034008462014353,0.000369414041685543
sub-017,gamma_frontoparietal_ratio,-0.16436063194289555,0.2182357862607423,0.16436063194289555,0.2182357862607423
sub-018,delta_abs,0.1400718756901657,-0.08974178337381673,0.1400718756901657,0.08974178337381673
sub-018,theta_abs,0.16882120571430656,0.14806264788557413,0.16882120571430656,0.14806264788557413
sub-018,alpha_abs,0.10728006032350423,-0.031487327746929354,0.10728006032350423,0.031487327746929354
sub-018,beta_abs,0.011275256614594697,-0.29464147180920264,0.011275256614594697,0.29464147180920264
sub-018,gamma_abs,-0.03460199228933865,-0.2711822566316816,0.03460199228933865,0.2711822566316816
sub-018,delta_rel,0.02745252817571597,-0.3804773774068687,0.02745252817571597,0.3804773774068687
sub-018,theta_rel,0.04912532468376122,0.39423479150417035,0.04912532468376122,0.39423479150417035
sub-018,alpha_rel,-0.040614392222265865,0.24217805736267348,0.040614392222265865,0.24217805736267348
sub-018,beta_rel,-0.14366544185864358,-0.06445198766223427,0.14366544185864358,0.06445198766223427
sub-018,gamma_rel,-0.10545379458091529,-0.2943393746390326,0.10545379458091529,0.2943393746390326
sub-018,theta_alpha_ratio,0.09103502819999751,0.11408880997426052,0.09103502819999751,0.11408880997426052
sub-018,theta_beta_ratio,0.16630043332768493,0.3846494400544577,0.16630043332768493,0.3846494400544577
sub-018,alpha_beta_ratio,0.054867463956584026,0.19739698458468355,0.054867463956584026,0.19739698458468355
sub-018,delta_theta_ratio,0.05390169949338409,-0.21754349073935766,0.05390169949338409,0.21754349073935766
sub-018,alpha_frontal,0.07608247463136772,-0.06267600153106233,0.07608247463136772,0.06267600153106233
sub-018,beta_frontal,-0.02519643494575211,-0.2701889070842655,0.02519643494575211,0.2701889070842655
sub-018,gamma_frontal,-0.04912833772437842,-0.2578542072489391,0.04912833772437842,0.2578542072489391
sub-018,delta_central,-0.0022208002599433804,-0.2796184579786244,0.0022208002599433804,0.2796184579786244
sub-018,theta_central,0.16521710347415866,0.221819666829169,0.16521710347415866,0.221819666829169
sub-018,alpha_central,0.0954411908084078,-0.07156383911885981,0.0954411908084078,0.07156383911885981
sub-018,beta_central,0.0036774124297046713,-0.21603493360855913,0.0036774124297046713,0.21603493360855913
sub-018,gamma_central,0.03465133087771122,-0.2518469631591624,0.03465133087771122,0.2518469631591624
sub-018,delta_parietal,0.1614451943048934,-0.1472111508655435,0.1614451943048934,0.1472111508655435
sub-018,theta_parietal,0.1603729794400515,0.13699410772308812,0.1603729794400515,0.13699410772308812
sub-018,beta_parietal,0.06836825393692524,-0.21920136288990405,0.06836825393692524,0.21920136288990405
sub-018,gamma_parietal,0.1091483813557119,-0.3749550410448228,0.1091483813557119,0.3749550410448228
sub-018,delta_occipital,0.05588419833257993,-0.22675694742397082,0.05588419833257993,0.22675694742397082
sub-018,theta_occipital,0.09388974209575682,0.08724055872306007,0.09388974209575682,0.08724055872306007
sub-018,alpha_occipital,0.035442308794188665,0.06524245046005668,0.035442308794188665,0.06524245046005668
sub-018,beta_occipital,0.049998409457480075,-0.09848890495353191,0.049998409457480075,0.09848890495353191
sub-018,gamma_occipital,0.06091879653220179,-0.009417339494546406,0.06091879653220179,0.009417339494546406
sub-018,delta_temporal,0.11368018747442986,0.01800243862992881,0.11368018747442986,0.01800243862992881
sub-018,theta_temporal,0.1081555701165381,0.0169359997096887,0.1081555701165381,0.0169359997096887
sub-018,alpha_temporal,0.1543416478168698,-0.11282743914064745,0.1543416478168698,0.11282743914064745
sub-018,beta_temporal,0.06016793197152401,-0.1871797435441863,0.06016793197152401,0.1871797435441863
sub-018,gamma_temporal,-0.021732144084938003,-0.3618543399011281,0.021732144084938003,0.3618543399011281
sub-018,theta_alpha_frontal_ratio,0.08472903483411659,0.19227185452188741,0.08472903483411659,0.19227185452188741
sub-018,alpha_beta_frontal_ratio,0.015729782172548404,0.24318403333724842,0.015729782172548404,0.24318403333724842
sub-018,theta_alpha_central_ratio,0.10800536255317626,0.10214526319216741,0.10800536255317626,0.10214526319216741
sub-018,alpha_beta_central_ratio,0.062114391487716136,0.09183577578633843,0.062114391487716136,0.09183577578633843
sub-018,theta_alpha_parietal_ratio,0.06294170282288744,0.030518701578056764,0.06294170282288744,0.030518701578056764
sub-018,alpha_beta_parietal_ratio,0.07678452287819429,0.22017560601957123,0.07678452287819429,0.22017560601957123
sub-018,theta_alpha_occipital_ratio,-0.003030375992097128,0.12849710503043066,0.003030375992097128,0.12849710503043066
sub-018,alpha_beta_occipital_ratio,0.002846169028417013,0.12910148697990115,0.002846169028417013,0.12910148697990115
sub-018,theta_alpha_temporal_ratio,0.06682575599534614,0.20514407055148176,0.06682575599534614,0.20514407055148176
sub-018,alpha_beta_temporal_ratio,0.08743301381065739,0.12897774594815856,0.08743301381065739,0.12897774594815856
sub-018,delta_frontoparietal_diff,-0.07241087216980853,0.1467279080473549,0.07241087216980853,0.1467279080473549
sub-018,delta_frontoparietal_ratio,-0.0038635962026276256,0.12437135283254291,0.0038635962026276256,0.12437135283254291
sub-018,theta_frontoparietal_diff,-0.10509460299307366,-0.10025162680342421,0.10509460299307366,0.10025162680342421
sub-018,theta_frontoparietal_ratio,0.05417443901449401,0.033011082723723724,0.05417443901449401,0.033011082723723724
sub-018,alpha_frontoparietal_diff,-0.11141228410508122,-0.11111461269862395,0.11141228410508122,0.11111461269862395
sub-018,alpha_frontoparietal_ratio,-0.00873023006493151,-0.1323947831236624,0.00873023006493151,0.1323947831236624
sub-018,beta_frontoparietal_diff,-0.07419034576329234,-0.21088706038878358,0.07419034576329234,0.21088706038878358
sub-018,beta_frontoparietal_ratio,-0.019098407190741132,-0.21018160700883334,0.019098407190741132,0.21018160700883334
sub-018,gamma_frontoparietal_ratio,-0.023574791524167724,-0.2615812490449953,0.023574791524167724,0.2615812490449953
sub-019,delta_abs,-0.015865956749947386,0.18370867505508534,0.015865956749947386,0.18370867505508534
sub-019,theta_abs,0.05243236131554174,0.23650241331840915,0.05243236131554174,0.23650241331840915
sub-019,alpha_abs,0.05523756100911938,0.008827637000000351,0.05523756100911938,0.008827637000000351
sub-019,beta_abs,0.10332032098869462,0.6586787215852185,0.10332032098869462,0.6586787215852185
sub-019,gamma_abs,0.009801711749306196,0.806569375867217,0.009801711749306196,0.806569375867217
sub-019,delta_rel,0.037140554530828956,-0.03494996608178664,0.037140554530828956,0.03494996608178664
sub-019,theta_rel,-0.007371857793445687,0.026748672534539646,0.007371857793445687,0.026748672534539646
sub-019,alpha_rel,-0.047852612273972,-0.19243044562975653,0.047852612273972,0.19243044562975653
sub-019,beta_rel,0.037908645019137065,0.37951795647462855,0.037908645019137065,0.37951795647462855
sub-019,gamma_rel,-0.011847049146206955,0.5128038430289514,0.011847049146206955,0.5128038430289514
sub-019,theta_alpha_ratio,-0.02427860573550981,0.15927496746184683,0.02427860573550981,0.15927496746184683
sub-019,theta_beta_ratio,-0.037036337401085785,-0.11537440436936469,0.037036337401085785,0.11537440436936469
sub-019,alpha_beta_ratio,-0.046567435320908505,-0.32555402587594945,0.046567435320908505,0.32555402587594945
sub-019,delta_theta_ratio,-0.0042553346840885275,0.05206476847175944,0.0042553346840885275,0.05206476847175944
sub-019,alpha_frontal,0.04815661561346487,0.17508900961315413,0.04815661561346487,0.17508900961315413
sub-019,beta_frontal,0.10367234469325284,0.7899462327001084,0.10367234469325284,0.7899462327001084
sub-019,gamma_frontal,0.005859786784474553,0.7877965876750761,0.005859786784474553,0.7877965876750761
sub-019,delta_central,-0.009476467809654112,0.17761430229912617,0.009476467809654112,0.17761430229912617
sub-019,theta_central,0.08661117833981224,0.23880155880514226,0.08661117833981224,0.23880155880514226
sub-019,alpha_central,0.09739943405646818,0.16087194485331766,0.09739943405646818,0.16087194485331766
sub-019,beta_central,0.07084104792281833,0.23657422184262838,0.07084104792281833,0.23657422184262838
sub-019,gamma_central,0.053055305652732414,0.4870761782791021,0.053055305652732414,0.4870761782791021
sub-019,delta_parietal,0.04799527261934475,0.16503207899487096,0.04799527261934475,0.16503207899487096
sub-019,theta_parietal,0.06228542609221884,0.1813373654439188,0.06228542609221884,0.1813373654439188
sub-019,beta_parietal,0.04804162781687245,0.06099673165168339,0.04804162781687245,0.06099673165168339
sub-019,gamma_parietal,0.061087403466286085,0.5146920333391285,0.061087403466286085,0.5146920333391285
sub-019,delta_occipital,0.056830768248291336,0.019219903816810182,0.056830768248291336,0.019219903816810182
sub-019,theta_occipital,0.05018838390516753,0.060862656443222266,0.05018838390516753,0.060862656443222266
sub-019,alpha_occipital,-0.002858899297328585,-0.12926319073911766,0.002858899297328585,0.12926319073911766
sub-019,beta_occipital,0.004291555410276624,-0.15648756167910916,0.004291555410276624,0.15648756167910916
sub-019,gamma_occipital,0.07045372177175707,0.4900720194573888,0.07045372177175707,0.4900720194573888
sub-019,delta_temporal,0.034472897474865025,0.22172484324494263,0.034472897474865025,0.22172484324494263
sub-019,theta_temporal,0.056653194523428894,0.20519600317921027,0.056653194523428894,0.20519600317921027
sub-019,alpha_temporal,0.09355799649895935,-0.009407514111138934,0.09355799649895935,0.009407514111138934
sub-019,beta_temporal,0.07293523662204447,0.31313168203551695,0.07293523662204447,0.31313168203551695
sub-019,gamma_temporal,0.027681451981979566,0.6423786050565463,0.027681451981979566,0.6423786050565463
sub-019,theta_alpha_frontal_ratio,0.008174794436400814,0.05408656096079092,0.008174794436400814,0.05408656096079092
sub-019,alpha_beta_frontal_ratio,-0.09547356809597639,-0.19631932178826494,0.09547356809597639,0.19631932178826494
sub-019,theta_alpha_central_ratio,0.0012181226221050867,0.03662487696759194,0.0012181226221050867,0.03662487696759194
sub-019,alpha_beta_central_ratio,0.04157800046429438,-0.06539969620341757,0.04157800046429438,0.06539969620341757
sub-019,theta_alpha_parietal_ratio,-0.04157374084726889,0.22855474954347593,0.04157374084726889,0.22855474954347593
sub-019,alpha_beta_parietal_ratio,-0.0007082374776261764,-0.09115834255880184,0.0007082374776261764,0.09115834255880184
sub-019,theta_alpha_occipital_ratio,-0.020946093715538273,0.2739780189736815,0.020946093715538273,0.2739780189736815
sub-019,alpha_beta_occipital_ratio,0.035913963266734635,0.031855992839748916,0.035913963266734635,0.031855992839748916
sub-019,theta_alpha_temporal_ratio,-0.07953365018449025,0.15759150382274592,0.07953365018449025,0.15759150382274592
sub-019,alpha_beta_temporal_ratio,0.04131577791113083,-0.20475131490156256,0.04131577791113083,0.20475131490156256
sub-019,delta_frontoparietal_diff,-0.06307387556876151,0.17033977972055292,0.06307387556876151,0.17033977972055292
sub-019,delta_frontoparietal_ratio,-0.07024761937792755,0.24963058266064456,0.07024761937792755,0.24963058266064456
sub-019,theta_frontoparietal_diff,-0.07098228385379252,-0.06852315587913284,0.07098228385379252,0.06852315587913284
sub-019,theta_frontoparietal_ratio,-0.01615497801863558,0.11212504325168889,0.01615497801863558,0.11212504325168889
sub-019,alpha_frontoparietal_diff,-0.04212074099336121,0.20217488400137318,0.04212074099336121,0.20217488400137318
sub-019,alpha_frontoparietal_ratio,-0.08489640754478413,0.3666410798233448,0.08489640754478413,0.3666410798233448
sub-019,beta_frontoparietal_diff,0.08915649518334987,0.8213918448988781,0.08915649518334987,0.8213918448988781
sub-019,beta_frontoparietal_ratio,0.07746078861969222,0.7073358623158321,0.07746078861969222,0.7073358623158321
sub-019,gamma_frontoparietal_ratio,-0.061546153384476984,0.4361421891484296,0.061546153384476984,0.4361421891484296
sub-020,delta_abs,-0.007848383645221182,0.06215571397343909,0.007848383645221182,0.06215571397343909
sub-020,theta_abs,0.02534659529830084,-0.07674615743860723,0.02534659529830084,0.07674615743860723
sub-020,alpha_abs,-0.003259287980655405,0.01949522840604962,0.003259287980655405,0.01949522840604962
sub-020,beta_abs,-0.02270394764232064,0.13030043305903705,0.02270394764232064,0.13030043305903705
sub-020,gamma_abs,-0.18034795193183428,0.18834718960819188,0.18034795193183428,0.18834718960819188
sub-020,delta_rel,-0.0062478071652724695,-0.0010912924727039725,0.0062478071652724695,0.0010912924727039725
sub-020,theta_rel,0.03402439244470334,-0.07214105455733708,0.03402439244470334,0.07214105455733708
sub-020,alpha_rel,-0.03371346822188985,0.17275256644593787,0.03371346822188985,0.17275256644593787
sub-020,beta_rel,-0.0075892880584219995,-0.011666428957133252,0.0075892880584219995,0.011666428957133252
sub-020,gamma_rel,-0.1394600881409459,0.019373524673539692,0.1394600881409459,0.019373524673539692
sub-020,theta_alpha_ratio,0.03771772698437554,-0.11032225942419369,0.03771772698437554,0.11032225942419369
sub-020,theta_beta_ratio,0.037411044545925184,-0.18251217040146975,0.037411044545925184,0.18251217040146975
sub-020,alpha_beta_ratio,0.053437136852182626,0.007145954511180849,0.053437136852182626,0.007145954511180849
sub-020,delta_theta_ratio,-0.010372589344845959,-0.047081768234531245,0.010372589344845959,0.047081768234531245
sub-020,alpha_frontal,0.043589245546014184,-0.06947591157195139,0.043589245546014184,0.06947591157195139
sub-020,beta_frontal,-0.11690881949642845,0.2972530844772484,0.11690881949642845,0.2972530844772484
sub-020,gamma_frontal,-0.23400357344439374,0.3707660520486659,0.23400357344439374,0.3707660520486659
sub-020,delta_central,-0.00957717800936114,-0.0014986995073166282,0.00957717800936114,0.0014986995073166282
sub-020,theta_central,0.011119060857716556,-0.07784970586953402,0.011119060857716556,0.07784970586953402
sub-020,alpha_central,-0.026900697962908972,0.16200369592332173,0.026900697962908972,0.16200369592332173
sub-020,beta_central,0.01328091326154509,-0.10422676590618625,0.01328091326154509,0.10422676590618625
sub-020,gamma_central,-0.045298901354839036,-0.3463064385980777,0.045298901354839036,0.3463064385980777
sub-020,delta_parietal,-0.01193756579520324,-0.0243902808792046,0.01193756579520324,0.0243902808792046
sub-020,theta_parietal,0.020367095275010898,-0.12348386356923786,0.020367095275010898,0.12348386356923786
sub-020,beta_parietal,0.0586333125014099,-0.062343594637660954,0.0586333125014099,0.062343594637660954
sub-020,gamma_parietal,-0.05365841178255763,-0.12001843037153842,0.05365841178255763,0.12001843037153842
sub-020,delta_occipital,0.007064018665874533,-0.040857029406911174,0.007064018665874533,0.040857029406911174
sub-020,theta_occipital,-0.009992643201688462,0.0007148170343382995,0.009992643201688462,0.0007148170343382995
sub-020,alpha_occipital,-0.0883999233800702,0.12777514088664033,0.0883999233800702,0.12777514088664033
sub-020,beta_occipital,0.07874665591129869,0.1921865345014595,0.07874665591129869,0.1921865345014595
sub-020,gamma_occipital,-0.12108248496262365,-0.22097000015564006,0.12108248496262365,0.22097000015564006
sub-020,delta_temporal,-0.033815739843916975,0.24695083255781194,0.033815739843916975,0.24695083255781194
sub-020,theta_temporal,0.03508989853283502,0.2974579899285791,0.03508989853283502,0.2974579899285791
sub-020,alpha_temporal,0.03118059654782876,0.3591150891444964,0.03118059654782876,0.3591150891444964
sub-020,beta_temporal,0.03585767233281602,-0.15517325778822388,0.03585767233281602,0.15517325778822388
sub-020,gamma_temporal,-0.023171385376631767,-0.3638310210476376,0.023171385376631767,0.3638310210476376
sub-020,theta_alpha_frontal_ratio,0.01489911050779359,-0.0953314000874543,0.01489911050779359,0.0953314000874543
sub-020,alpha_beta_frontal_ratio,0.16177110317296547,-0.15829814675020232,0.16177110317296547,0.15829814675020232
sub-020,theta_alpha_central_ratio,0.05157695618109775,-0.20395830417251107,0.05157695618109775,0.20395830417251107
sub-020,alpha_beta_central_ratio,-0.02456725684014248,0.24590265999671562,0.02456725684014248,0.24590265999671562
sub-020,theta_alpha_parietal_ratio,0.033224895950052534,-0.13457648337532904,0.033224895950052534,0.13457648337532904
sub-020,alpha_beta_parietal_ratio,-0.033288082419513,0.03827504906638454,0.033288082419513,0.03827504906638454
sub-020,theta_alpha_occipital_ratio,0.08638061281290814,-0.021151897388852037,0.08638061281290814,0.021151897388852037
sub-020,alpha_beta_occipital_ratio,-0.1538818697248539,0.04513714191611222,0.1538818697248539,0.04513714191611222
sub-020,theta_alpha_temporal_ratio,0.024548442919061768,0.1824609530912678,0.024548442919061768,0.1824609530912678
sub-020,alpha_beta_temporal_ratio,0.08195187352290743,0.5143072958485693,0.08195187352290743,0.5143072958485693
sub-020,delta_frontoparietal_diff,-0.005618645687285982,0.11002069451999465,0.005618645687285982,0.11002069451999465
sub-020,delta_frontoparietal_ratio,-0.04065556597267286,0.31231175869870187,0.04065556597267286,0.31231175869870187
sub-020,theta_frontoparietal_diff,0.000563827331851934,0.14080695171885893,0.000563827331851934,0.14080695171885893
sub-020,theta_frontoparietal_ratio,0.015730392801224166,0.05911428444917451,0.015730392801224166,0.05911428444917451
sub-020,alpha_frontoparietal_diff,0.07492175005349545,-0.04675811604731141,0.07492175005349545,0.04675811604731141
sub-020,alpha_frontoparietal_ratio,0.1382460470750841,-0.07959786698740162,0.1382460470750841,0.07959786698740162
sub-020,beta_frontoparietal_diff,-0.1683349414020437,0.36174597160704564,0.1683349414020437,0.36174597160704564
sub-020,beta_frontoparietal_ratio,-0.15178465331568405,0.39945514450705727,0.15178465331568405,0.39945514450705727
sub-020,gamma_frontoparietal_ratio,-0.29756573105460615,0.5184392244699675,0.29756573105460615,0.5184392244699675
sub-021,delta_abs,0.03366777521404169,0.2462927826481188,0.03366777521404169,0.2462927826481188
sub-021,theta_abs,0.04619037588172321,0.2130209445992041,0.04619037588172321,0.2130209445992041
sub-021,alpha_abs,0.1349245863837022,0.039100440715594355,0.1349245863837022,0.039100440715594355
sub-021,beta_abs,0.11319223212463317,0.19854624379710248,0.11319223212463317,0.19854624379710248
sub-021,gamma_abs,0.16865301264307475,-0.6692814630708863,0.16865301264307475,0.6692814630708863
sub-021,delta_rel,-0.005186551195023941,-0.14619823146595545,0.005186551195023941,0.14619823146595545
sub-021,theta_rel,-0.05434122366217662,0.10788861607996246,0.05434122366217662,0.10788861607996246
sub-021,alpha_rel,0.07717351473140327,0.15877799249045982,0.07717351473140327,0.15877799249045982
sub-021,beta_rel,-0.04800915050718743,0.18112662949524844,0.04800915050718743,0.18112662949524844
sub-021,gamma_rel,0.07185826285454583,-0.5528222950576812,0.07185826285454583,0.5528222950576812
sub-021,theta_alpha_ratio,-0.00032136277891141963,-0.07868121073090643,0.00032136277891141963,0.07868121073090643
sub-021,theta_beta_ratio,0.06698263960393593,0.17406053057951523,0.06698263960393593,0.17406053057951523
sub-021,alpha_beta_ratio,0.13122683320914655,0.027962344081358056,0.13122683320914655,0.027962344081358056
sub-021,delta_theta_ratio,-0.010245703132827163,0.1240005241375282,0.010245703132827163,0.1240005241375282
sub-021,alpha_frontal,0.1410345466964541,0.2794839976241864,0.1410345466964541,0.2794839976241864
sub-021,beta_frontal,0.1302168852880041,0.29985892481339715,0.1302168852880041,0.29985892481339715
sub-021,gamma_frontal,0.09310857763002116,-0.32037401675625504,0.09310857763002116,0.32037401675625504
sub-021,delta_central,0.05927815863604863,0.26748088561540295,0.05927815863604863,0.26748088561540295
sub-021,theta_central,0.07840193491586915,0.11532179053137637,0.07840193491586915,0.11532179053137637
sub-021,alpha_central,0.16185624789735306,0.16007884490081375,0.16185624789735306,0.16007884490081375
sub-021,beta_central,0.14103582900311215,-0.43855468677451126,0.14103582900311215,0.43855468677451126
sub-021,gamma_central,0.18206342332153522,-1.3413514676279055,0.18206342332153522,1.3413514676279055
sub-021,delta_parietal,-0.014589414118095874,0.18270055974574242,0.014589414118095874,0.18270055974574242
sub-021,theta_parietal,-0.02557081153939135,0.16153444356220156,0.02557081153939135,0.16153444356220156
sub-021,beta_parietal,-0.023860513161115385,0.5494580086076087,0.023860513161115385,0.5494580086076087
sub-021,gamma_parietal,0.09510159555622134,0.0641115021286408,0.09510159555622134,0.0641115021286408
sub-021,delta_occipital,0.03338136948440411,0.1633865419115873,0.03338136948440411,0.1633865419115873
sub-021,theta_occipital,0.05292217490623806,0.2606480517042999,0.05292217490623806,0.2606480517042999
sub-021,alpha_occipital,0.1565188343752659,-0.0015550669452750238,0.1565188343752659,0.0015550669452750238
sub-021,beta_occipital,0.015875689164853532,0.31907783331635764,0.015875689164853532,0.31907783331635764
sub-021,gamma_occipital,0.1769774221480981,-0.6406707830503743,0.1769774221480981,0.6406707830503743
sub-021,delta_temporal,0.02126308210962992,0.15222288927796052,0.02126308210962992,0.15222288927796052
sub-021,theta_temporal,0.07494631173751498,0.23489909380383764,0.07494631173751498,0.23489909380383764
sub-021,alpha_temporal,0.16887064651517783,0.10763335825415864,0.16887064651517783,0.10763335825415864
sub-021,beta_temporal,0.11859931179738174,0.14506155973538737,0.11859931179738174,0.14506155973538737
sub-021,gamma_temporal,0.20958664731341786,-0.41504638381432907,0.20958664731341786,0.41504638381432907
sub-021,theta_alpha_frontal_ratio,0.002163182234086295,0.09155274070703687,0.002163182234086295,0.09155274070703687
sub-021,alpha_beta_frontal_ratio,0.10521882672561393,0.19881614445037804,0.10521882672561393,0.19881614445037804
sub-021,theta_alpha_central_ratio,-0.058052221766887464,-0.29250233887937355,0.058052221766887464,0.29250233887937355
sub-021,alpha_beta_central_ratio,0.09427824436303855,0.2658861998237921,0.09427824436303855,0.2658861998237921
sub-021,theta_alpha_parietal_ratio,-0.009297027907583896,-0.21256199141636628,0.009297027907583896,0.21256199141636628
sub-021,alpha_beta_parietal_ratio,0.16861039212847942,-0.16671964771939143,0.16861039212847942,0.16671964771939143
sub-021,theta_alpha_occipital_ratio,0.01995089528757166,-0.003701165410203712,0.01995089528757166,0.003701165410203712
sub-021,alpha_beta_occipital_ratio,0.11337478486962271,-0.028098347091385208,0.11337478486962271,0.028098347091385208
sub-021,theta_alpha_temporal_ratio,-0.0924675166497838,-0.2360589016665992,0.0924675166497838,0.2360589016665992
sub-021,alpha_beta_temporal_ratio,0.12959010282612776,0.06172000394010556,0.12959010282612776,0.06172000394010556
sub-021,delta_frontoparietal_diff,0.06430541248008115,0.25131551616056763,0.06430541248008115,0.25131551616056763
sub-021,delta_frontoparietal_ratio,0.09480589338553608,-0.09917370541918322,0.09480589338553608,0.09917370541918322
sub-021,theta_frontoparietal_diff,0.10721985134021014,0.13217430161492666,0.10721985134021014,0.13217430161492666
sub-021,theta_frontoparietal_ratio,0.15375915565220308,-0.01840037727835594,0.15375915565220308,0.01840037727835594
sub-021,alpha_frontoparietal_diff,0.0003508395007239152,0.1844202009734307,0.0003508395007239152,0.1844202009734307
sub-021,alpha_frontoparietal_ratio,0.13747665385777036,-0.2949581602452029,0.13747665385777036,0.2949581602452029
sub-021,beta_frontoparietal_diff,0.13739928545930552,-0.2724413462279631,0.13739928545930552,0.2724413462279631
sub-021,beta_frontoparietal_ratio,0.15359990123054576,-0.2957579032870037,0.15359990123054576,0.2957579032870037
sub-021,gamma_frontoparietal_ratio,0.02447864364276925,-0.5308140400280125,0.02447864364276925,0.5308140400280125
sub-022,delta_abs,-0.04187662801524525,-0.0957700032968161,0.04187662801524525,0.0957700032968161
sub-022,theta_abs,-0.03624058334866734,-0.006030510325918172,0.03624058334866734,0.006030510325918172
sub-022,alpha_abs,0.021340903165862322,-0.056611562231710336,0.021340903165862322,0.056611562231710336
sub-022,beta_abs,0.0015822985112636343,-0.12707026736657687,0.0015822985112636343,0.12707026736657687
sub-022,gamma_abs,-0.037437566084589514,-0.06859252809515771,0.037437566084589514,0.06859252809515771
sub-022,delta_rel,0.030398261254501725,0.13174137957580112,0.030398261254501725,0.13174137957580112
sub-022,theta_rel,-0.042573506810756175,-0.0029577482542064103,0.042573506810756175,0.0029577482542064103
sub-022,alpha_rel,0.005304210604845887,-0.11147697560963966,0.005304210604845887,0.11147697560963966
sub-022,beta_rel,0.018019777635064193,-0.17721587933681138,0.018019777635064193,0.17721587933681138
sub-022,gamma_rel,-0.02677365590121939,-0.05862329166652782,0.02677365590121939,0.05862329166652782
sub-022,theta_alpha_ratio,-0.026430329434839913,0.06182799451277939,0.026430329434839913,0.06182799451277939
sub-022,theta_beta_ratio,-0.025684141513637772,0.08476628649160928,0.025684141513637772,0.08476628649160928
sub-022,alpha_beta_ratio,0.02009866166202344,0.091439040264346,0.02009866166202344,0.091439040264346
sub-022,delta_theta_ratio,-0.012278398743438267,-0.07825994618941763,0.012278398743438267,0.07825994618941763
sub-022,alpha_frontal,0.012341798517139745,-0.09868443028215287,0.012341798517139745,0.09868443028215287
sub-022,beta_frontal,0.00798680785326519,-0.15018555681625748,0.00798680785326519,0.15018555681625748
sub-022,gamma_frontal,-0.031239238109386575,-0.08546957445671927,0.031239238109386575,0.08546957445671927
sub-022,delta_central,-0.02004080885021509,-0.030103089845880983,0.02004080885021509,0.030103089845880983
sub-022,theta_central,-0.053984257200550605,-0.0584537205152688,0.053984257200550605,0.0584537205152688
sub-022,alpha_central,-0.0031216906004904814,-0.07232150242690634,0.0031216906004904814,0.07232150242690634
sub-022,beta_central,-0.041092953814458016,0.024647550499880322,0.041092953814458016,0.024647550499880322
sub-022,gamma_central,-0.059290315792044385,0.049435617292185374,0.059290315792044385,0.049435617292185374
sub-022,delta_parietal,-0.04590542016128369,-0.10558063561317736,0.04590542016128369,0.10558063561317736
sub-022,theta_parietal,0.015257354459443494,0.07575512604536622,0.015257354459443494,0.07575512604536622
sub-022,beta_parietal,-0.044560371752673605,-0.009041625613867295,0.044560371752673605,0.009041625613867295
sub-022,gamma_parietal,-0.04924332103291237,0.13094002922514136,0.04924332103291237,0.13094002922514136
sub-022,delta_occipital,-0.07207735641264161,-0.12655406985682421,0.07207735641264161,0.12655406985682421
sub-022,theta_occipital,0.035369947770913186,0.11140694175258332,0.035369947770913186,0.11140694175258332
sub-022,alpha_occipital,0.02700638392319501,0.008631854969142554,0.02700638392319501,0.008631854969142554
sub-022,beta_occipital,-0.009153283943926655,-0.18943960627657172,0.009153283943926655,0.18943960627657172
sub-022,gamma_occipital,0.0012967641544832478,-0.20322934695821696,0.0012967641544832478,0.20322934695821696
sub-022,delta_temporal,0.02944672028093395,-0.03284504173613927,0.02944672028093395,0.03284504173613927
sub-022,theta_temporal,-0.013090045399563491,-0.13318399687010263,0.013090045399563491,0.13318399687010263
sub-022,alpha_temporal,0.007854429690926718,-0.013276813226293758,0.007854429690926718,0.013276813226293758
sub-022,beta_temporal,-0.006923831166067933,0.057395329626100056,0.006923831166067933,0.057395329626100056
sub-022,gamma_temporal,-0.03784091134082121,0.07236318009127657,0.03784091134082121,0.07236318009127657
sub-022,theta_alpha_frontal_ratio,-0.05402942402239902,0.11514202116691598,0.05402942402239902,0.11514202116691598
sub-022,alpha_beta_frontal_ratio,-0.005513531331079343,0.1526455534606325,0.005513531331079343,0.1526455534606325
sub-022,theta_alpha_central_ratio,-0.07037113866019623,-0.0036184798359323663,0.07037113866019623,0.0036184798359323663
sub-022,alpha_beta_central_ratio,0.025629959813154277,0.025380404508748677,0.025629959813154277,0.025380404508748677
sub-022,theta_alpha_parietal_ratio,0.025506397281678375,0.09038435896796054,0.025506397281678375,0.09038435896796054
sub-022,alpha_beta_parietal_ratio,0.07752633236110265,0.04620058882104382,0.07752633236110265,0.04620058882104382
sub-022,theta_alpha_occipital_ratio,0.0763068475215138,0.03756914006202942,0.0763068475215138,0.03756914006202942
sub-022,alpha_beta_occipital_ratio,0.038466296078281226,0.024509535491978842,0.038466296078281226,0.024509535491978842
sub-022,theta_alpha_temporal_ratio,-0.011372757733424355,-0.04279672233875816,0.011372757733424355,0.04279672233875816
sub-022,alpha_beta_temporal_ratio,0.021701706143165064,-0.016714486083531932,0.021701706143165064,0.016714486083531932
sub-022,delta_frontoparietal_diff,-0.01593553869550761,-0.1038748242559117,0.01593553869550761,0.1038748242559117
sub-022,delta_frontoparietal_ratio,0.07920835741173742,0.07786769198739994,0.07920835741173742,0.07786769198739994
sub-022,theta_frontoparietal_diff,-0.07929090219877075,-0.12465135164074641,0.07929090219877075,0.12465135164074641
sub-022,theta_frontoparietal_ratio,-0.08133644683895223,-0.04681709192203931,0.08133644683895223,0.04681709192203931
sub-022,alpha_frontoparietal_diff,-0.043499558974051625,-0.11389433125189002,0.043499558974051625,0.11389433125189002
sub-022,alpha_frontoparietal_ratio,-0.0250741991519917,-0.09355695081644029,0.0250741991519917,0.09355695081644029
sub-022,beta_frontoparietal_diff,0.014621236916444945,-0.15919305674142495,0.014621236916444945,0.15919305674142495
sub-022,beta_frontoparietal_ratio,0.0626418279322717,-0.11864130030798152,0.0626418279322717,0.11864130030798152
sub-022,gamma_frontoparietal_ratio,0.04510895699860783,-0.1482127749572843,0.04510895699860783,0.1482127749572843
sub-023,delta_abs,-0.038748297708511126,-0.10901070138319842,0.038748297708511126,0.10901070138319842
sub-023,theta_abs,-0.030985723350911192,-0.040211705643395226,0.030985723350911192,0.040211705643395226
sub-023,alpha_abs,-0.09434403443374746,-0.11166857583361163,0.09434403443374746,0.11166857583361163
sub-023,beta_abs,-0.04097503776246097,-0.3432072284743452,0.04097503776246097,0.3432072284743452
sub-023,gamma_abs,-0.07042517800420685,-0.6168929331565405,0.07042517800420685,0.6168929331565405
sub-023,delta_rel,-0.06950687393701765,-0.07252236221198603,0.06950687393701765,0.07252236221198603
sub-023,theta_rel,0.06193310706966944,0.25490198745277376,0.06193310706966944,0.25490198745277376
sub-023,alpha_rel,0.03487842101206612,0.15069270844671287,0.03487842101206612,0.15069270844671287
sub-023,beta_rel,0.038536135088614774,-0.25472546291674203,0.038536135088614774,0.25472546291674203
sub-023,gamma_rel,0.03134942930666015,-0.48766686287397226,0.03134942930666015,0.48766686287397226
sub-023,theta_alpha_ratio,0.0005146220445551156,0.04868778183474115,0.0005146220445551156,0.04868778183474115
sub-023,theta_beta_ratio,-0.01056385375528493,0.2337271505313565,0.01056385375528493,0.2337271505313565
sub-023,alpha_beta_ratio,-0.06817158826099425,0.24419247481375617,0.06817158826099425,0.24419247481375617
sub-023,delta_theta_ratio,-0.06939940374795325,-0.17780706698750048,0.06939940374795325,0.17780706698750048
sub-023,alpha_frontal,-0.07376556743979983,-0.1392950462808248,0.07376556743979983,0.1392950462808248
sub-023,beta_frontal,-0.07922490690512224,-0.23371691344111153,0.07922490690512224,0.23371691344111153
sub-023,gamma_frontal,-0.13357620991458466,-0.4077164302545049,0.13357620991458466,0.4077164302545049
sub-023,delta_central,-0.04864762451416388,-0.10681835475148563,0.04864762451416388,0.10681835475148563
sub-023,theta_central,-0.03759550283499886,-0.05992424674405612,0.03759550283499886,0.05992424674405612
sub-023,alpha_central,-0.08686889827935637,-0.04167591512637468,0.08686889827935637,0.04167591512637468
sub-023,beta_central,-0.06972017158968623,-0.31047790078381293,0.06972017158968623,0.31047790078381293
sub-023,gamma_central,-0.09361462903404884,-0.6083502173907438,0.09361462903404884,0.6083502173907438
sub-023,delta_parietal,-0.038961841060917726,-0.09488305995926939,0.038961841060917726,0.09488305995926939
sub-023,theta_parietal,-0.0659782139612915,0.02735369989813275,0.0659782139612915,0.02735369989813275
sub-023,beta_parietal,-0.04960054082003389,-0.18924053634751617,0.04960054082003389,0.18924053634751617
sub-023,gamma_parietal,-0.05715271717313673,-0.5846877748102094,0.05715271717313673,0.5846877748102094
sub-023,delta_occipital,-0.039683060124716465,-0.09414230737424993,0.039683060124716465,0.09414230737424993
sub-023,theta_occipital,-0.07525891617995953,0.06802616492500331,0.07525891617995953,0.06802616492500331
sub-023,alpha_occipital,-0.08476533788884572,-0.05992995810508888,0.08476533788884572,0.05992995810508888
sub-023,beta_occipital,0.019884075283896633,-0.29699491353203294,0.019884075283896633,0.29699491353203294
sub-023,gamma_occipital,0.1319238838155626,-0.5415930767324507,0.1319238838155626,0.5415930767324507
sub-023,delta_temporal,-0.024694138331142774,-0.08557154951001243,0.024694138331142774,0.08557154951001243
sub-023,theta_temporal,-0.034672000382380955,0.023011305672654907,0.034672000382380955,0.023011305672654907
sub-023,alpha_temporal,-0.060513264711253095,0.057863760895045614,0.060513264711253095,0.057863760895045614
sub-023,beta_temporal,-0.06889089055983143,-0.3503796233034414,0.06889089055983143,0.3503796233034414
sub-023,gamma_temporal,-0.10474518826701003,-0.5102763988204876,0.10474518826701003,0.5102763988204876
sub-023,theta_alpha_frontal_ratio,0.018229719830554873,0.08082509036915073,0.018229719830554873,0.08082509036915073
sub-023,alpha_beta_frontal_ratio,-0.0315461772488966,0.16027033554013762,0.0315461772488966,0.16027033554013762
sub-023,theta_alpha_central_ratio,0.04978260109000147,0.017491527258255986,0.04978260109000147,0.017491527258255986
sub-023,alpha_beta_central_ratio,-0.07048180175747332,0.3656460721552946,0.07048180175747332,0.3656460721552946
sub-023,theta_alpha_parietal_ratio,-0.02109004457323679,0.05266127619760087,0.02109004457323679,0.05266127619760087
sub-023,alpha_beta_parietal_ratio,-0.058499542170117456,0.14850785812558293,0.058499542170117456,0.14850785812558293
sub-023,theta_alpha_occipital_ratio,-0.07272365365581937,0.0085811119788221,0.07272365365581937,0.0085811119788221
sub-023,alpha_beta_occipital_ratio,-0.05350288068900961,0.05594864991548628,0.05350288068900961,0.05594864991548628
sub-023,theta_alpha_temporal_ratio,-0.008446584594670965,-0.08855770120013824,0.008446584594670965,0.08855770120013824
sub-023,alpha_beta_temporal_ratio,-0.006294519087849737,0.5218422846027639,0.006294519087849737,0.5218422846027639
sub-023,delta_frontoparietal_diff,-0.039269172694671374,-0.1103512839632745,0.039269172694671374,0.1103512839632745
sub-023,delta_frontoparietal_ratio,-0.04320044684080898,-0.08460340070562233,0.04320044684080898,0.08460340070562233
sub-023,theta_frontoparietal_diff,-0.007431933103467582,-0.06208177862068067,0.007431933103467582,0.06208177862068067
sub-023,theta_frontoparietal_ratio,0.0134327576557016,-0.1485093446725756,0.0134327576557016,0.1485093446725756
sub-023,alpha_frontoparietal_diff,0.03383374440121979,-0.20493125720982183,0.03383374440121979,0.20493125720982183
sub-023,alpha_frontoparietal_ratio,-0.012987653431275345,-0.1719927639580367,0.012987653431275345,0.1719927639580367
sub-023,beta_frontoparietal_diff,-0.07522331525340908,-0.20613110711873106,0.07522331525340908,0.20613110711873106
sub-023,beta_frontoparietal_ratio,-0.10645008783599055,-0.2550769645217169,0.10645008783599055,0.2550769645217169
sub-023,gamma_frontoparietal_ratio,-0.13433155534508928,-0.18804362573281158,0.13433155534508928,0.18804362573281158
sub-024,delta_abs,,0.0824157635407463,,0.0824157635407463
sub-024,theta_abs,,0.2815880603318698,,0.2815880603318698
sub-024,alpha_abs,,-0.34486277223336537,,0.34486277223336537
sub-024,beta_abs,,0.03476529596075049,,0.03476529596075049
sub-024,gamma_abs,,0.006788847375101384,,0.006788847375101384
sub-024,delta_rel,,-0.35134093658775956,,0.35134093658775956
sub-024,theta_rel,,0.5598006462981503,,0.5598006462981503
sub-024,alpha_rel,,0.03943086408382367,,0.03943086408382367
sub-024,beta_rel,,0.22735257594787414,,0.22735257594787414
sub-024,gamma_rel,,0.18644062760669397,,0.18644062760669397
sub-024,theta_alpha_ratio,,0.34712329821540094,,0.34712329821540094
sub-024,theta_beta_ratio,,0.16850843441964383,,0.16850843441964383
sub-024,alpha_beta_ratio,,-0.21597988233122029,,0.21597988233122029
sub-024,delta_theta_ratio,,-0.5434179263898521,,0.5434179263898521
sub-024,alpha_frontal,,-0.41444899586498957,,0.41444899586498957
sub-024,beta_frontal,,-0.00246404083086679,,0.00246404083086679
sub-024,gamma_frontal,,-0.006238196007449037,,0.006238196007449037
sub-024,delta_central,,-0.08297449272783756,,0.08297449272783756
sub-024,theta_central,,0.4107991611583655,,0.4107991611583655
sub-024,alpha_central,,-0.06745462449142027,,0.06745462449142027
sub-024,beta_central,,-0.05736482820933742,,0.05736482820933742
sub-024,gamma_central,,-0.05668835286009883,,0.05668835286009883
sub-024,delta_parietal,,0.09544425279912662,,0.09544425279912662
sub-024,theta_parietal,,0.29877636255400836,,0.29877636255400836
sub-024,beta_parietal,,0.09627795911156323,,0.09627795911156323
sub-024,gamma_parietal,,-0.31602909394633544,,0.31602909394633544
sub-024,delta_occipital,,0.09786082728518485,,0.09786082728518485
sub-024,theta_occipital,,0.13879145674447135,,0.13879145674447135
sub-024,alpha_occipital,,-0.7063485538804402,,0.7063485538804402
sub-024,beta_occipital,,0.3023146265675543,,0.3023146265675543
sub-024,gamma_occipital,,0.039549984252089346,,0.039549984252089346
sub-024,delta_temporal,,0.14388609051739726,,0.14388609051739726
sub-024,theta_temporal,,0.42754062666754844,,0.42754062666754844
sub-024,alpha_temporal,,0.025052943730567583,,0.025052943730567583
sub-024,beta_temporal,,0.22693003101758005,,0.22693003101758005
sub-024,gamma_temporal,,0.6378096056412913,,0.6378096056412913
sub-024,theta_alpha_frontal_ratio,,0.37218798893382143,,0.37218798893382143
sub-024,alpha_beta_frontal_ratio,,-0.3099772987914293,,0.3099772987914293
sub-024,theta_alpha_central_ratio,,0.41654921963944497,,0.41654921963944497
sub-024,alpha_beta_central_ratio,,0.1951271697141419,,0.1951271697141419
sub-024,theta_alpha_parietal_ratio,,0.4154459114923303,,0.4154459114923303
sub-024,alpha_beta_parietal_ratio,,-0.25783166749450476,,0.25783166749450476
sub-024,theta_alpha_occipital_ratio,,0.5855233086516134,,0.5855233086516134
sub-024,alpha_beta_occipital_ratio,,-0.7590998426645399,,0.7590998426645399
sub-024,theta_alpha_temporal_ratio,,-0.01944512190048608,,0.01944512190048608
sub-024,alpha_beta_temporal_ratio,,-0.20061355685902216,,0.20061355685902216
sub-024,delta_frontoparietal_diff,,0.07831623623259906,,0.07831623623259906
sub-024,delta_frontoparietal_ratio,,-0.4802576912193884,,0.4802576912193884
sub-024,theta_frontoparietal_diff,,0.2594731555988016,,0.2594731555988016
sub-024,theta_frontoparietal_ratio,,0.0360386825101715,,0.0360386825101715
sub-024,alpha_frontoparietal_diff,,0.18841061299667652,,0.18841061299667652
sub-024,alpha_frontoparietal_ratio,,-0.3015725399012427,,0.3015725399012427
sub-024,beta_frontoparietal_diff,,-0.06503581003224392,,0.06503581003224392
sub-024,beta_frontoparietal_ratio,,-0.330475821650605,,0.330475821650605
sub-024,gamma_frontoparietal_ratio,,0.3097501879631181,,0.3097501879631181
