subject,run,trial,memory_cond,probe_role,probe_letter,response_role,feedback_role,feedback_value,rt_ms,click_count,response_feedback_consistent,behavior,status,issues,source_file
sub-001,1,1,3,probe_target,C,,feedback_correct,correct,,0,,correct,CHECK,missing_response;unexpected_click_count_0,sub-001_ses-01_task-WorkingMemory_run-1_eeg_events.csv
sub-001,1,2,7,probe_not_shown,B,ignored_correct,feedback_correct,correct,270.3760829750008,1,True,correct,CHECK,unexpected_click_count_1,sub-001_ses-01_task-WorkingMemory_run-1_eeg_events.csv
sub-001,1,3,3,probe_target,B,,feedback_correct,correct,,1,,correct,CHECK,missing_response;unexpected_click_count_1,sub-001_ses-01_task-WorkingMemory_run-1_eeg_events.csv
sub-001,1,4,7,probe_target,Z,,feedback_correct,correct,,0,,correct,CHECK,missing_response;unexpected_click_count_0,sub-001_ses-01_task-WorkingMemory_run-1_eeg_events.csv
sub-001,1,5,7,probe_not_shown,L,ignored_correct,feedback_correct,correct,349.6014002999982,1,True,correct,CHECK,unexpected_click_count_1,sub-001_ses-01_task-WorkingMemory_run-1_eeg_events.csv
sub-001,1,6,3,probe_not_shown,S,ignored_correct,feedback_correct,correct,285.65114415000426,1,True,correct,CHECK,unexpected_click_count_1,sub-001_ses-01_task-WorkingMemory_run-1_eeg_events.csv
sub-001,1,7,3,probe_not_shown,L,ignored_correct,feedback_correct,correct,248.9009969500039,1,True,correct,CHECK,unexpected_click_count_1,sub-001_ses-01_task-WorkingMemory_run-1_eeg_events.csv
sub-001,1,8,3,probe_target,V,,feedback_correct,correct,,1,,correct,CHECK,missing_response;unexpected_click_count_1,sub-001_ses-01_task-WorkingMemory_run-1_eeg_events.csv
sub-001,1,9,3,probe_target,J,,feedback_correct,correct,,0,,correct,CHECK,missing_response;unexpected_click_count_0,sub-001_ses-01_task-WorkingMemory_run-1_eeg_events.csv
sub-001,1,10,3,probe_target,V,,feedback_correct,correct,,0,,correct,CHECK,missing_response;unexpected_click_count_0,sub-001_ses-01_task-WorkingMemory_run-1_eeg_events.csv
sub-001,1,11,5,probe_target,L,,feedback_correct,correct,,0,,correct,CHECK,missing_response;unexpected_click_count_0,sub-001_ses-01_task-WorkingMemory_run-1_eeg_events.csv
sub-001,1,12,5,probe_target,G,,feedback_correct,correct,,0,,correct,CHECK,missing_response;unexpected_click_count_0,sub-001_ses-01_task-WorkingMemory_run-1_eeg_events.csv
sub-001,1,13,5,probe_target,R,,feedback_correct,correct,,0,,correct,CHECK,missing_response;unexpected_click_count_0,sub-001_ses-01_task-WorkingMemory_run-1_eeg_events.csv
sub-001,1,14,7,probe_not_shown,G,ignored_correct,feedback_correct,correct,303.72621654999966,1,True,correct,CHECK,unexpected_click_count_1,sub-001_ses-01_task-WorkingMemory_run-1_eeg_events.csv
sub-001,1,15,3,probe_target,D,,feedback_correct,correct,,0,,correct,CHECK,missing_response;unexpected_click_count_0,sub-001_ses-01_task-WorkingMemory_run-1_eeg_events.csv
sub-001,1,16,5,probe_not_shown,J,ignored_correct,feedback_correct,correct,367.15147060000163,1,True,correct,CHECK,unexpected_click_count_1,sub-001_ses-01_task-WorkingMemory_run-1_eeg_events.csv
sub-001,1,17,5,probe_target,L,,feedback_correct,correct,,1,,correct,CHECK,missing_response;unexpected_click_count_1,sub-001_ses-01_task-WorkingMemory_run-1_eeg_events.csv
sub-001,1,18,7,probe_target,B,,feedback_correct,correct,,1,,correct,CHECK,missing_response;unexpected_click_count_1,sub-001_ses-01_task-WorkingMemory_run-1_eeg_events.csv
sub-001,1,19,5,probe_not_shown,T,ignored_correct,feedback_correct,correct,333.4013353999908,1,True,correct,CHECK,unexpected_click_count_1,sub-001_ses-01_task-WorkingMemory_run-1_eeg_events.csv
sub-001,1,20,5,probe_target,J,ignored_incorrect,feedback_incorrect,wrong,278.40111510000133,1,True,wrong,CHECK,unexpected_click_count_1,sub-001_ses-01_task-WorkingMemory_run-1_eeg_events.csv
sub-001,1,21,5,probe_target,R,,feedback_correct,correct,,1,,correct,CHECK,missing_response;unexpected_click_count_1,sub-001_ses-01_task-WorkingMemory_run-1_eeg_events.csv
sub-001,1,22,7,probe_not_shown,C,ignored_correct,feedback_correct,correct,265.42606312502176,1,True,correct,CHECK,unexpected_click_count_1,sub-001_ses-01_task-WorkingMemory_run-1_eeg_events.csv
sub-001,1,23,7,probe_target,M,,feedback_correct,correct,,1,,correct,CHECK,missing_response;unexpected_click_count_1,sub-001_ses-01_task-WorkingMemory_run-1_eeg_events.csv
sub-001,1,24,5,probe_not_shown,Q,ignored_correct,feedback_correct,correct,289.82616087500355,1,True,correct,CHECK,unexpected_click_count_1,sub-001_ses-01_task-WorkingMemory_run-1_eeg_events.csv
sub-001,1,25,7,probe_not_shown,F,ignored_correct,feedback_correct,correct,277.3761110000196,1,True,correct,CHECK,unexpected_click_count_1,sub-001_ses-01_task-WorkingMemory_run-1_eeg_events.csv
sub-001,2,1,7,probe_not_shown,Y,ignored_correct,feedback_correct,correct,179.1242142000001,2,True,correct,OK,,sub-001_ses-01_task-WorkingMemory_run-2_eeg_events.csv
sub-001,2,2,3,probe_target,P,,feedback_correct,correct,,1,,correct,CHECK,missing_response;unexpected_click_count_1,sub-001_ses-01_task-WorkingMemory_run-2_eeg_events.csv
sub-001,2,3,5,probe_not_shown,J,ignored_correct,feedback_correct,correct,170.17425345000083,1,True,correct,CHECK,unexpected_click_count_1,sub-001_ses-01_task-WorkingMemory_run-2_eeg_events.csv
sub-001,2,4,5,probe_target,P,ignored_incorrect,feedback_incorrect,wrong,203.2741082499997,1,True,wrong,CHECK,unexpected_click_count_1,sub-001_ses-01_task-WorkingMemory_run-2_eeg_events.csv
sub-001,2,5,5,probe_target,X,,feedback_correct,correct,,1,,correct,CHECK,missing_response;unexpected_click_count_1,sub-001_ses-01_task-WorkingMemory_run-2_eeg_events.csv
sub-001,2,6,5,probe_not_shown,L,ignored_correct,feedback_correct,correct,206.79909277499974,1,True,correct,CHECK,unexpected_click_count_1,sub-001_ses-01_task-WorkingMemory_run-2_eeg_events.csv
sub-001,2,7,7,probe_target,X,,feedback_correct,correct,,1,,correct,CHECK,missing_response;unexpected_click_count_1,sub-001_ses-01_task-WorkingMemory_run-2_eeg_events.csv
sub-001,2,8,3,probe_not_shown,X,ignored_correct,feedback_correct,correct,258.87386434999644,1,True,correct,CHECK,unexpected_click_count_1,sub-001_ses-01_task-WorkingMemory_run-2_eeg_events.csv
sub-001,2,9,3,probe_target,R,,feedback_correct,correct,,1,,correct,CHECK,missing_response;unexpected_click_count_1,sub-001_ses-01_task-WorkingMemory_run-2_eeg_events.csv
sub-001,2,10,7,probe_target,S,,feedback_correct,correct,,1,,correct,CHECK,missing_response;unexpected_click_count_1,sub-001_ses-01_task-WorkingMemory_run-2_eeg_events.csv
sub-001,2,11,3,probe_target,L,,feedback_correct,correct,,1,,correct,CHECK,missing_response;unexpected_click_count_1,sub-001_ses-01_task-WorkingMemory_run-2_eeg_events.csv
sub-001,2,12,7,probe_not_shown,L,ignored_correct,feedback_correct,correct,375.7733515249856,1,True,correct,CHECK,unexpected_click_count_1,sub-001_ses-01_task-WorkingMemory_run-2_eeg_events.csv
sub-001,2,13,7,probe_target,Z,,feedback_correct,correct,,1,,correct,CHECK,missing_response;unexpected_click_count_1,sub-001_ses-01_task-WorkingMemory_run-2_eeg_events.csv
sub-001,2,14,3,probe_target,K,,feedback_correct,correct,,1,,correct,CHECK,missing_response;unexpected_click_count_1,sub-001_ses-01_task-WorkingMemory_run-2_eeg_events.csv
sub-001,2,15,5,probe_not_shown,Q,ignored_correct,feedback_correct,correct,195.24914344999706,1,True,correct,CHECK,unexpected_click_count_1,sub-001_ses-01_task-WorkingMemory_run-2_eeg_events.csv
sub-001,2,16,5,probe_not_shown,Z,ignored_correct,feedback_correct,correct,242.67393539998739,1,True,correct,CHECK,unexpected_click_count_1,sub-001_ses-01_task-WorkingMemory_run-2_eeg_events.csv
sub-001,2,17,7,probe_target,G,,feedback_correct,correct,,0,,correct,CHECK,missing_response;unexpected_click_count_0,sub-001_ses-01_task-WorkingMemory_run-2_eeg_events.csv
sub-001,2,18,3,probe_target,R,,feedback_correct,correct,,1,,correct,CHECK,missing_response;unexpected_click_count_1,sub-001_ses-01_task-WorkingMemory_run-2_eeg_events.csv
sub-001,2,19,3,probe_target,S,,feedback_correct,correct,,0,,correct,CHECK,missing_response;unexpected_click_count_0,sub-001_ses-01_task-WorkingMemory_run-2_eeg_events.csv
sub-001,2,20,3,probe_not_shown,Q,ignored_correct,feedback_correct,correct,194.54914652499428,1,True,correct,CHECK,unexpected_click_count_1,sub-001_ses-01_task-WorkingMemory_run-2_eeg_events.csv
sub-001,2,21,7,probe_not_shown,X,ignored_correct,feedback_correct,correct,248.2239110750088,1,True,correct,CHECK,unexpected_click_count_1,sub-001_ses-01_task-WorkingMemory_run-2_eeg_events.csv
sub-001,2,22,5,probe_target,K,,feedback_correct,correct,,1,,correct,CHECK,missing_response;unexpected_click_count_1,sub-001_ses-01_task-WorkingMemory_run-2_eeg_events.csv
sub-001,2,23,7,probe_not_shown,Z,,feedback_incorrect,wrong,,1,,wrong,CHECK,missing_response;unexpected_click_count_1,sub-001_ses-01_task-WorkingMemory_run-2_eeg_events.csv
sub-001,2,24,3,probe_not_shown,B,ignored_correct,feedback_correct,correct,294.27370905000134,1,True,correct,CHECK,unexpected_click_count_1,sub-001_ses-01_task-WorkingMemory_run-2_eeg_events.csv
sub-001,2,25,5,probe_target,Q,,feedback_correct,correct,,0,,correct,CHECK,missing_response;unexpected_click_count_0,sub-001_ses-01_task-WorkingMemory_run-2_eeg_events.csv
sub-002,1,1,7,probe_not_shown,F,ignored_correct,feedback_correct,correct,428.5497547999994,1,True,correct,CHECK,unexpected_click_count_1,sub-002_ses-01_task-WorkingMemory_run-1_eeg_events.csv
sub-002,1,2,5,probe_target,G,,feedback_correct,correct,,1,,correct,CHECK,missing_response;unexpected_click_count_1,sub-002_ses-01_task-WorkingMemory_run-1_eeg_events.csv
sub-002,1,3,7,probe_target,Z,,feedback_correct,correct,,0,,correct,CHECK,missing_response;unexpected_click_count_0,sub-002_ses-01_task-WorkingMemory_run-1_eeg_events.csv
sub-002,1,4,5,probe_not_shown,J,ignored_correct,feedback_correct,correct,466.4747330749997,1,True,correct,CHECK,unexpected_click_count_1,sub-002_ses-01_task-WorkingMemory_run-1_eeg_events.csv
sub-002,1,5,3,probe_target,B,,feedback_correct,correct,,1,,correct,CHECK,missing_response;unexpected_click_count_1,sub-002_ses-01_task-WorkingMemory_run-1_eeg_events.csv
sub-002,1,6,7,probe_not_shown,B,ignored_correct,feedback_correct,correct,370.82478782499675,1,True,correct,CHECK,unexpected_click_count_1,sub-002_ses-01_task-WorkingMemory_run-1_eeg_events.csv
sub-002,1,7,3,probe_target,J,,feedback_correct,correct,,1,,correct,CHECK,missing_response;unexpected_click_count_1,sub-002_ses-01_task-WorkingMemory_run-1_eeg_events.csv
sub-002,1,8,5,probe_target,R,,feedback_correct,correct,,0,,correct,CHECK,missing_response;unexpected_click_count_0,sub-002_ses-01_task-WorkingMemory_run-1_eeg_events.csv
sub-002,1,9,5,probe_not_shown,T,ignored_correct,feedback_correct,correct,304.02482605000114,1,True,correct,CHECK,unexpected_click_count_1,sub-002_ses-01_task-WorkingMemory_run-1_eeg_events.csv
sub-002,1,10,5,probe_target,J,,feedback_correct,correct,,1,,correct,CHECK,missing_response;unexpected_click_count_1,sub-002_ses-01_task-WorkingMemory_run-1_eeg_events.csv
sub-002,1,11,5,probe_target,L,,feedback_correct,correct,,0,,correct,CHECK,missing_response;unexpected_click_count_0,sub-002_ses-01_task-WorkingMemory_run-1_eeg_events.csv
sub-002,1,12,7,probe_target,B,,feedback_correct,correct,,0,,correct,CHECK,missing_response;unexpected_click_count_0,sub-002_ses-01_task-WorkingMemory_run-1_eeg_events.csv
sub-002,1,13,3,probe_target,D,,feedback_correct,correct,,0,,correct,CHECK,missing_response;unexpected_click_count_0,sub-002_ses-01_task-WorkingMemory_run-1_eeg_events.csv
sub-002,1,14,5,probe_target,R,,feedback_correct,correct,,0,,correct,CHECK,missing_response;unexpected_click_count_0,sub-002_ses-01_task-WorkingMemory_run-1_eeg_events.csv
sub-002,1,15,5,probe_target,L,,feedback_correct,correct,,0,,correct,CHECK,missing_response;unexpected_click_count_0,sub-002_ses-01_task-WorkingMemory_run-1_eeg_events.csv
sub-002,1,16,3,probe_target,C,,feedback_correct,correct,,0,,correct,CHECK,missing_response;unexpected_click_count_0,sub-002_ses-01_task-WorkingMemory_run-1_eeg_events.csv
sub-002,1,17,7,probe_target,M,,feedback_correct,correct,,0,,correct,CHECK,missing_response;unexpected_click_count_0,sub-002_ses-01_task-WorkingMemory_run-1_eeg_events.csv
sub-002,1,18,7,probe_not_shown,G,ignored_correct,feedback_correct,correct,330.874810674999,1,True,correct,CHECK,unexpected_click_count_1,sub-002_ses-01_task-WorkingMemory_run-1_eeg_events.csv
sub-002,1,19,3,probe_not_shown,L,ignored_correct,feedback_correct,correct,241.62486174999503,1,True,correct,CHECK,unexpected_click_count_1,sub-002_ses-01_task-WorkingMemory_run-1_eeg_events.csv
sub-002,1,20,7,probe_not_shown,C,ignored_correct,feedback_correct,correct,286.17483624999295,1,True,correct,CHECK,unexpected_click_count_1,sub-002_ses-01_task-WorkingMemory_run-1_eeg_events.csv
sub-002,1,21,3,probe_target,V,,feedback_correct,correct,,0,,correct,CHECK,missing_response;unexpected_click_count_0,sub-002_ses-01_task-WorkingMemory_run-1_eeg_events.csv
sub-002,1,22,7,probe_not_shown,L,ignored_correct,feedback_correct,correct,267.5748468999809,1,True,correct,CHECK,unexpected_click_count_1,sub-002_ses-01_task-WorkingMemory_run-1_eeg_events.csv
sub-002,1,23,3,probe_target,V,,feedback_correct,correct,,0,,correct,CHECK,missing_response;unexpected_click_count_0,sub-002_ses-01_task-WorkingMemory_run-1_eeg_events.csv
sub-002,1,24,3,probe_not_shown,S,ignored_correct,feedback_correct,correct,266.3748475750035,1,True,correct,CHECK,unexpected_click_count_1,sub-002_ses-01_task-WorkingMemory_run-1_eeg_events.csv
sub-002,1,25,5,probe_not_shown,Q,ignored_correct,feedback_correct,correct,221.54987322501256,1,True,correct,CHECK,unexpected_click_count_1,sub-002_ses-01_task-WorkingMemory_run-1_eeg_events.csv
sub-002,2,1,3,probe_target,R,,feedback_correct,correct,,0,,correct,CHECK,missing_response;unexpected_click_count_0,sub-002_ses-01_task-WorkingMemory_run-2_eeg_events.csv
sub-002,2,2,7,probe_not_shown,L,ignored_correct,feedback_correct,correct,229.2240162500002,1,True,correct,CHECK,unexpected_click_count_1,sub-002_ses-01_task-WorkingMemory_run-2_eeg_events.csv
sub-002,2,3,7,probe_target,G,,feedback_correct,correct,,0,,correct,CHECK,missing_response;unexpected_click_count_0,sub-002_ses-01_task-WorkingMemory_run-2_eeg_events.csv
sub-002,2,4,3,probe_not_shown,Q,ignored_correct,feedback_correct,correct,237.52398064999943,1,True,correct,CHECK,unexpected_click_count_1,sub-002_ses-01_task-WorkingMemory_run-2_eeg_events.csv
sub-002,2,5,5,probe_target,P,,feedback_correct,correct,,1,,correct,CHECK,missing_response;unexpected_click_count_1,sub-002_ses-01_task-WorkingMemory_run-2_eeg_events.csv
sub-002,2,6,5,probe_not_shown,J,ignored_correct,feedback_correct,correct,241.99896145000093,1,True,correct,CHECK,unexpected_click_count_1,sub-002_ses-01_task-WorkingMemory_run-2_eeg_events.csv
sub-002,2,7,7,probe_not_shown,Y,ignored_correct,feedback_correct,correct,266.3488569500041,1,True,correct,CHECK,unexpected_click_count_1,sub-002_ses-01_task-WorkingMemory_run-2_eeg_events.csv
sub-002,2,8,5,probe_target,X,,feedback_correct,correct,,1,,correct,CHECK,missing_response;unexpected_click_count_1,sub-002_ses-01_task-WorkingMemory_run-2_eeg_events.csv
sub-002,2,9,3,probe_target,K,,feedback_correct,correct,,0,,correct,CHECK,missing_response;unexpected_click_count_0,sub-002_ses-01_task-WorkingMemory_run-2_eeg_events.csv
sub-002,2,10,3,probe_not_shown,X,ignored_correct,feedback_correct,correct,242.94895737498882,2,True,correct,OK,,sub-002_ses-01_task-WorkingMemory_run-2_eeg_events.csv
sub-002,2,11,3,probe_target,S,,feedback_correct,correct,,1,,correct,CHECK,missing_response;unexpected_click_count_1,sub-002_ses-01_task-WorkingMemory_run-2_eeg_events.csv
sub-002,2,12,3,probe_target,P,,feedback_correct,correct,,1,,correct,CHECK,missing_response;unexpected_click_count_1,sub-002_ses-01_task-WorkingMemory_run-2_eeg_events.csv
sub-002,2,13,7,probe_not_shown,X,ignored_correct,feedback_correct,correct,255.4739036000101,1,True,correct,CHECK,unexpected_click_count_1,sub-002_ses-01_task-WorkingMemory_run-2_eeg_events.csv
sub-002,2,14,5,probe_target,K,,feedback_correct,correct,,1,,correct,CHECK,missing_response;unexpected_click_count_1,sub-002_ses-01_task-WorkingMemory_run-2_eeg_events.csv
sub-002,2,15,5,probe_not_shown,Z,ignored_correct,feedback_correct,correct,187.84919384999375,1,True,correct,CHECK,unexpected_click_count_1,sub-002_ses-01_task-WorkingMemory_run-2_eeg_events.csv
sub-002,2,16,7,probe_target,Z,,feedback_correct,correct,,1,,correct,CHECK,missing_response;unexpected_click_count_1,sub-002_ses-01_task-WorkingMemory_run-2_eeg_events.csv
sub-002,2,17,3,probe_not_shown,B,ignored_correct,feedback_correct,correct,211.27409330000228,1,True,correct,CHECK,unexpected_click_count_1,sub-002_ses-01_task-WorkingMemory_run-2_eeg_events.csv
sub-002,2,18,5,probe_not_shown,Q,ignored_correct,feedback_correct,correct,215.74907410000742,1,True,correct,CHECK,unexpected_click_count_1,sub-002_ses-01_task-WorkingMemory_run-2_eeg_events.csv
sub-002,2,19,5,probe_not_shown,L,ignored_correct,feedback_correct,correct,190.5241823749966,1,True,correct,CHECK,unexpected_click_count_1,sub-002_ses-01_task-WorkingMemory_run-2_eeg_events.csv
sub-002,2,20,3,probe_target,R,,feedback_correct,correct,,0,,correct,CHECK,missing_response;unexpected_click_count_0,sub-002_ses-01_task-WorkingMemory_run-2_eeg_events.csv
sub-002,2,21,7,probe_not_shown,Z,ignored_correct,feedback_correct,correct,288.8237605000031,1,True,correct,CHECK,unexpected_click_count_1,sub-002_ses-01_task-WorkingMemory_run-2_eeg_events.csv
sub-002,2,22,7,probe_target,X,,feedback_correct,correct,,1,,correct,CHECK,missing_response;unexpected_click_count_1,sub-002_ses-01_task-WorkingMemory_run-2_eeg_events.csv
sub-002,2,23,7,probe_target,S,,feedback_correct,correct,,1,,correct,CHECK,missing_response;unexpected_click_count_1,sub-002_ses-01_task-WorkingMemory_run-2_eeg_events.csv
sub-002,2,24,3,probe_target,L,,feedback_correct,correct,,1,,correct,CHECK,missing_response;unexpected_click_count_1,sub-002_ses-01_task-WorkingMemory_run-2_eeg_events.csv
sub-002,2,25,5,probe_target,Q,,feedback_correct,correct,,1,,correct,CHECK,missing_response;unexpected_click_count_1,sub-002_ses-01_task-WorkingMemory_run-2_eeg_events.csv
sub-002,3,1,3,probe_target,K,,feedback_correct,correct,,1,,correct,CHECK,missing_response;unexpected_click_count_1,sub-002_ses-01_task-WorkingMemory_run-3_eeg_events.csv
sub-002,3,2,3,probe_target,B,,feedback_correct,correct,,1,,correct,CHECK,missing_response;unexpected_click_count_1,sub-002_ses-01_task-WorkingMemory_run-3_eeg_events.csv
sub-002,3,3,7,probe_target,R,,feedback_correct,correct,,1,,correct,CHECK,missing_response;unexpected_click_count_1,sub-002_ses-01_task-WorkingMemory_run-3_eeg_events.csv
sub-002,3,4,7,probe_target,N,,feedback_correct,correct,,1,,correct,CHECK,missing_response;unexpected_click_count_1,sub-002_ses-01_task-WorkingMemory_run-3_eeg_events.csv
sub-002,3,5,7,probe_not_shown,Y,ignored_correct,feedback_correct,correct,216.39948407500196,1,True,correct,CHECK,unexpected_click_count_1,sub-002_ses-01_task-WorkingMemory_run-3_eeg_events.csv
sub-002,3,6,5,probe_target,F,,feedback_correct,correct,,1,,correct,CHECK,missing_response;unexpected_click_count_1,sub-002_ses-01_task-WorkingMemory_run-3_eeg_events.csv
sub-002,3,7,5,probe_target,H,,feedback_correct,correct,,0,,correct,CHECK,missing_response;unexpected_click_count_0,sub-002_ses-01_task-WorkingMemory_run-3_eeg_events.csv
sub-002,3,8,7,probe_target,G,,feedback_correct,correct,,0,,correct,CHECK,missing_response;unexpected_click_count_0,sub-002_ses-01_task-WorkingMemory_run-3_eeg_events.csv
sub-002,3,9,3,probe_not_shown,F,ignored_correct,feedback_correct,correct,215.77448554999137,2,True,correct,OK,,sub-002_ses-01_task-WorkingMemory_run-3_eeg_events.csv
sub-002,3,10,3,probe_not_shown,Z,ignored_correct,feedback_correct,correct,336.42419790000713,1,True,correct,CHECK,unexpected_click_count_1,sub-002_ses-01_task-WorkingMemory_run-3_eeg_events.csv
sub-002,3,11,5,probe_target,Q,,feedback_correct,correct,,0,,correct,CHECK,missing_response;unexpected_click_count_0,sub-002_ses-01_task-WorkingMemory_run-3_eeg_events.csv
sub-002,3,12,5,probe_not_shown,B,ignored_correct,feedback_correct,correct,242.04942292500346,1,True,correct,CHECK,unexpected_click_count_1,sub-002_ses-01_task-WorkingMemory_run-3_eeg_events.csv
sub-002,3,13,7,probe_target,W,,feedback_correct,correct,,0,,correct,CHECK,missing_response;unexpected_click_count_0,sub-002_ses-01_task-WorkingMemory_run-3_eeg_events.csv
sub-002,3,14,5,probe_not_shown,V,ignored_correct,feedback_correct,correct,230.59945019999577,1,True,correct,CHECK,unexpected_click_count_1,sub-002_ses-01_task-WorkingMemory_run-3_eeg_events.csv
sub-002,3,15,7,probe_target,V,,feedback_correct,correct,,1,,correct,CHECK,missing_response;unexpected_click_count_1,sub-002_ses-01_task-WorkingMemory_run-3_eeg_events.csv
sub-002,3,16,7,probe_target,P,,feedback_correct,correct,,1,,correct,CHECK,missing_response;unexpected_click_count_1,sub-002_ses-01_task-WorkingMemory_run-3_eeg_events.csv
sub-002,3,17,7,probe_not_shown,P,ignored_correct,feedback_correct,correct,302.8742779000022,1,True,correct,CHECK,unexpected_click_count_1,sub-002_ses-01_task-WorkingMemory_run-3_eeg_events.csv
sub-002,3,18,3,probe_target,T,,feedback_correct,correct,,1,,correct,CHECK,missing_response;unexpected_click_count_1,sub-002_ses-01_task-WorkingMemory_run-3_eeg_events.csv
sub-002,3,19,3,probe_not_shown,M,ignored_correct,feedback_correct,correct,294.39929809997557,1,True,correct,CHECK,unexpected_click_count_1,sub-002_ses-01_task-WorkingMemory_run-3_eeg_events.csv
sub-002,3,20,7,probe_target,C,,feedback_correct,correct,,1,,correct,CHECK,missing_response;unexpected_click_count_1,sub-002_ses-01_task-WorkingMemory_run-3_eeg_events.csv
sub-002,3,21,3,probe_not_shown,Y,ignored_correct,feedback_correct,correct,278.1743367750023,2,True,correct,OK,,sub-002_ses-01_task-WorkingMemory_run-3_eeg_events.csv
sub-002,3,22,5,probe_not_shown,G,ignored_correct,feedback_correct,correct,191.6995429500239,2,True,correct,OK,,sub-002_ses-01_task-WorkingMemory_run-3_eeg_events.csv
sub-002,3,23,5,probe_not_shown,H,ignored_correct,feedback_correct,correct,280.7243307000317,1,True,correct,CHECK,unexpected_click_count_1,sub-002_ses-01_task-WorkingMemory_run-3_eeg_events.csv
sub-002,3,24,5,probe_target,W,,feedback_correct,correct,,0,,correct,CHECK,missing_response;unexpected_click_count_0,sub-002_ses-01_task-WorkingMemory_run-3_eeg_events.csv
sub-002,3,25,3,probe_target,R,,feedback_correct,correct,,1,,correct,CHECK,missing_response;unexpected_click_count_1,sub-002_ses-01_task-WorkingMemory_run-3_eeg_events.csv
sub-002,4,1,5,probe_not_shown,B,ignored_correct,feedback_correct,correct,206.57444837500043,1,True,correct,CHECK,unexpected_click_count_1,sub-002_ses-01_task-WorkingMemory_run-4_eeg_events.csv
sub-002,4,2,7,probe_not_shown,Q,ignored_correct,feedback_correct,correct,213.39943015000063,1,True,correct,CHECK,unexpected_click_count_1,sub-002_ses-01_task-WorkingMemory_run-4_eeg_events.csv
sub-002,4,3,5,probe_target,F,,feedback_correct,correct,,1,,correct,CHECK,missing_response;unexpected_click_count_1,sub-002_ses-01_task-WorkingMemory_run-4_eeg_events.csv
sub-002,4,4,7,probe_target,D,,feedback_correct,correct,,0,,correct,CHECK,missing_response;unexpected_click_count_0,sub-002_ses-01_task-WorkingMemory_run-4_eeg_events.csv
sub-002,4,5,5,probe_target,M,,feedback_correct,correct,,0,,correct,CHECK,missing_response;unexpected_click_count_0,sub-002_ses-01_task-WorkingMemory_run-4_eeg_events.csv
sub-002,4,6,3,probe_not_shown,S,ignored_correct,feedback_correct,correct,198.34947035001096,1,True,correct,CHECK,unexpected_click_count_1,sub-002_ses-01_task-WorkingMemory_run-4_eeg_events.csv
sub-002,4,7,3,probe_target,S,,feedback_correct,correct,,1,,correct,CHECK,missing_response;unexpected_click_count_1,sub-002_ses-01_task-WorkingMemory_run-4_eeg_events.csv
sub-002,4,8,3,probe_target,N,,feedback_correct,correct,,0,,correct,CHECK,missing_response;unexpected_click_count_0,sub-002_ses-01_task-WorkingMemory_run-4_eeg_events.csv
sub-002,4,9,3,probe_not_shown,B,ignored_correct,feedback_correct,correct,188.7744959249976,1,True,correct,CHECK,unexpected_click_count_1,sub-002_ses-01_task-WorkingMemory_run-4_eeg_events.csv
sub-002,4,10,7,probe_not_shown,K,ignored_correct,feedback_correct,correct,276.89926060001017,1,True,correct,CHECK,unexpected_click_count_1,sub-002_ses-01_task-WorkingMemory_run-4_eeg_events.csv
sub-002,4,11,5,probe_target,Y,,feedback_correct,correct,,0,,correct,CHECK,missing_response;unexpected_click_count_0,sub-002_ses-01_task-WorkingMemory_run-4_eeg_events.csv
sub-002,4,12,5,probe_not_shown,K,ignored_correct,feedback_correct,correct,242.64935204999347,1,True,correct,CHECK,unexpected_click_count_1,sub-002_ses-01_task-WorkingMemory_run-4_eeg_events.csv
sub-002,4,13,3,probe_not_shown,J,ignored_correct,feedback_correct,correct,209.52444049998303,2,True,correct,OK,,sub-002_ses-01_task-WorkingMemory_run-4_eeg_events.csv
sub-002,4,14,7,probe_not_shown,V,ignored_correct,feedback_correct,correct,228.67438935000973,1,True,correct,CHECK,unexpected_click_count_1,sub-002_ses-01_task-WorkingMemory_run-4_eeg_events.csv
sub-002,4,15,5,probe_not_shown,Z,ignored_correct,feedback_correct,correct,370.39901092500077,1,True,correct,CHECK,unexpected_click_count_1,sub-002_ses-01_task-WorkingMemory_run-4_eeg_events.csv
sub-002,4,16,5,probe_target,L,,feedback_correct,correct,,0,,correct,CHECK,missing_response;unexpected_click_count_0,sub-002_ses-01_task-WorkingMemory_run-4_eeg_events.csv
sub-002,4,17,5,probe_not_shown,J,ignored_correct,feedback_correct,correct,261.59930144999817,1,True,correct,CHECK,unexpected_click_count_1,sub-002_ses-01_task-WorkingMemory_run-4_eeg_events.csv
sub-002,4,18,7,probe_not_shown,D,ignored_correct,feedback_correct,correct,243.29935030000343,1,True,correct,CHECK,unexpected_click_count_1,sub-002_ses-01_task-WorkingMemory_run-4_eeg_events.csv
sub-002,4,19,7,probe_target,K,,feedback_correct,correct,,0,,correct,CHECK,missing_response;unexpected_click_count_0,sub-002_ses-01_task-WorkingMemory_run-4_eeg_events.csv
sub-002,4,20,7,probe_target,H,,feedback_correct,correct,,0,,correct,CHECK,missing_response;unexpected_click_count_0,sub-002_ses-01_task-WorkingMemory_run-4_eeg_events.csv
sub-002,4,21,3,probe_not_shown,R,ignored_correct,feedback_correct,correct,226.2493958499981,1,True,correct,CHECK,unexpected_click_count_1,sub-002_ses-01_task-WorkingMemory_run-4_eeg_events.csv
sub-002,4,22,5,probe_not_shown,B,ignored_correct,feedback_correct,correct,197.6994720750081,1,True,correct,CHECK,unexpected_click_count_1,sub-002_ses-01_task-WorkingMemory_run-4_eeg_events.csv
sub-002,4,23,3,probe_target,C,,feedback_correct,correct,,1,,correct,CHECK,missing_response;unexpected_click_count_1,sub-002_ses-01_task-WorkingMemory_run-4_eeg_events.csv
sub-002,4,24,3,probe_not_shown,X,ignored_correct,feedback_correct,correct,192.5994856999605,1,True,correct,CHECK,unexpected_click_count_1,sub-002_ses-01_task-WorkingMemory_run-4_eeg_events.csv
sub-002,4,25,7,probe_not_shown,J,ignored_correct,feedback_correct,correct,174.72453342497465,1,True,correct,CHECK,unexpected_click_count_1,sub-002_ses-01_task-WorkingMemory_run-4_eeg_events.csv
sub-003,1,1,5,probe_target,R,,feedback_correct,correct,,0,,correct,CHECK,missing_response;unexpected_click_count_0,sub-003_ses-01_task-WorkingMemory_run-1_eeg_events.csv
sub-003,1,2,3,probe_target,C,,feedback_correct,correct,,0,,correct,CHECK,missing_response;unexpected_click_count_0,sub-003_ses-01_task-WorkingMemory_run-1_eeg_events.csv
sub-003,1,3,7,probe_target,M,,feedback_correct,correct,,0,,correct,CHECK,missing_response;unexpected_click_count_0,sub-003_ses-01_task-WorkingMemory_run-1_eeg_events.csv
sub-003,1,4,7,probe_not_shown,G,ignored_correct,feedback_correct,correct,403.09876984999937,1,True,correct,CHECK,unexpected_click_count_1,sub-003_ses-01_task-WorkingMemory_run-1_eeg_events.csv
sub-003,1,5,3,probe_not_shown,L,ignored_correct,feedback_correct,correct,244.1992547500049,1,True,correct,CHECK,unexpected_click_count_1,sub-003_ses-01_task-WorkingMemory_run-1_eeg_events.csv
sub-003,1,6,5,probe_target,G,,feedback_correct,correct,,0,,correct,CHECK,missing_response;unexpected_click_count_0,sub-003_ses-01_task-WorkingMemory_run-1_eeg_events.csv
sub-003,1,7,3,probe_target,J,,feedback_correct,correct,,0,,correct,CHECK,missing_response;unexpected_click_count_0,sub-003_ses-01_task-WorkingMemory_run-1_eeg_events.csv
sub-003,1,8,7,probe_target,Z,,feedback_correct,correct,,0,,correct,CHECK,missing_response;unexpected_click_count_0,sub-003_ses-01_task-WorkingMemory_run-1_eeg_events.csv
sub-003,1,9,5,probe_target,R,,feedback_correct,correct,,0,,correct,CHECK,missing_response;unexpected_click_count_0,sub-003_ses-01_task-WorkingMemory_run-1_eeg_events.csv
sub-003,1,10,5,probe_target,L,,feedback_correct,correct,,0,,correct,CHECK,missing_response;unexpected_click_count_0,sub-003_ses-01_task-WorkingMemory_run-1_eeg_events.csv
sub-003,1,11,3,probe_target,V,,feedback_correct,correct,,0,,correct,CHECK,missing_response;unexpected_click_count_0,sub-003_ses-01_task-WorkingMemory_run-1_eeg_events.csv
sub-003,1,12,5,probe_target,J,,feedback_correct,correct,,0,,correct,CHECK,missing_response;unexpected_click_count_0,sub-003_ses-01_task-WorkingMemory_run-1_eeg_events.csv
sub-003,1,13,5,probe_target,L,,feedback_correct,correct,,0,,correct,CHECK,missing_response;unexpected_click_count_0,sub-003_ses-01_task-WorkingMemory_run-1_eeg_events.csv
sub-003,1,14,5,probe_not_shown,Q,ignored_correct,feedback_correct,correct,525.1983972250018,1,True,correct,CHECK,unexpected_click_count_1,sub-003_ses-01_task-WorkingMemory_run-1_eeg_events.csv
sub-003,1,15,5,probe_not_shown,T,ignored_correct,feedback_correct,correct,473.22355582499586,1,True,correct,CHECK,unexpected_click_count_1,sub-003_ses-01_task-WorkingMemory_run-1_eeg_events.csv
sub-003,1,16,3,probe_target,D,,feedback_correct,correct,,0,,correct,CHECK,missing_response;unexpected_click_count_0,sub-003_ses-01_task-WorkingMemory_run-1_eeg_events.csv
sub-003,1,17,7,probe_not_shown,B,ignored_correct,feedback_correct,correct,513.9234316250077,1,True,correct,CHECK,unexpected_click_count_1,sub-003_ses-01_task-WorkingMemory_run-1_eeg_events.csv
sub-003,1,18,5,probe_not_shown,J,ignored_correct,feedback_correct,correct,538.0733579249936,1,True,correct,CHECK,unexpected_click_count_1,sub-003_ses-01_task-WorkingMemory_run-1_eeg_events.csv
sub-003,1,19,3,probe_target,B,,feedback_correct,correct,,0,,correct,CHECK,missing_response;unexpected_click_count_0,sub-003_ses-01_task-WorkingMemory_run-1_eeg_events.csv
sub-003,1,20,7,probe_not_shown,L,ignored_correct,feedback_correct,correct,500.19847352500074,1,True,correct,CHECK,unexpected_click_count_1,sub-003_ses-01_task-WorkingMemory_run-1_eeg_events.csv
sub-003,1,21,7,probe_target,B,,feedback_correct,correct,,0,,correct,CHECK,missing_response;unexpected_click_count_0,sub-003_ses-01_task-WorkingMemory_run-1_eeg_events.csv
sub-003,1,22,7,probe_not_shown,F,ignored_correct,feedback_correct,correct,469.02356864998,1,True,correct,CHECK,unexpected_click_count_1,sub-003_ses-01_task-WorkingMemory_run-1_eeg_events.csv
sub-003,1,23,3,probe_target,V,,feedback_correct,correct,,0,,correct,CHECK,missing_response;unexpected_click_count_0,sub-003_ses-01_task-WorkingMemory_run-1_eeg_events.csv
sub-003,1,24,3,probe_not_shown,S,ignored_correct,feedback_correct,correct,387.22381830002996,1,True,correct,CHECK,unexpected_click_count_1,sub-003_ses-01_task-WorkingMemory_run-1_eeg_events.csv
sub-003,1,25,7,probe_not_shown,C,ignored_correct,feedback_correct,correct,451.0236235749908,1,True,correct,CHECK,unexpected_click_count_1,sub-003_ses-01_task-WorkingMemory_run-1_eeg_events.csv
sub-003,2,1,5,probe_target,X,,feedback_correct,correct,,0,,correct,CHECK,missing_response;unexpected_click_count_0,sub-003_ses-01_task-WorkingMemory_run-2_eeg_events.csv
sub-003,2,2,7,probe_target,Z,,feedback_correct,correct,,0,,correct,CHECK,missing_response;unexpected_click_count_0,sub-003_ses-01_task-WorkingMemory_run-2_eeg_events.csv
sub-003,2,3,3,probe_target,S,,feedback_correct,correct,,1,,correct,CHECK,missing_response;unexpected_click_count_1,sub-003_ses-01_task-WorkingMemory_run-2_eeg_events.csv
sub-003,2,4,7,probe_not_shown,Z,ignored_correct,feedback_correct,correct,1027.8732355500033,1,True,correct,CHECK,unexpected_click_count_1,sub-003_ses-01_task-WorkingMemory_run-2_eeg_events.csv
sub-003,2,5,5,probe_not_shown,J,ignored_correct,feedback_correct,correct,315.5494583250038,1,True,correct,CHECK,unexpected_click_count_1,sub-003_ses-01_task-WorkingMemory_run-2_eeg_events.csv
sub-003,2,6,5,probe_not_shown,Z,ignored_correct,feedback_correct,correct,315.5744582750049,1,True,correct,CHECK,unexpected_click_count_1,sub-003_ses-01_task-WorkingMemory_run-2_eeg_events.csv
sub-003,2,7,3,probe_not_shown,B,ignored_correct,feedback_correct,correct,452.34922349999397,1,True,correct,CHECK,unexpected_click_count_1,sub-003_ses-01_task-WorkingMemory_run-2_eeg_events.csv
sub-003,2,8,7,probe_not_shown,X,ignored_correct,feedback_correct,correct,285.64950965000025,1,True,correct,CHECK,unexpected_click_count_1,sub-003_ses-01_task-WorkingMemory_run-2_eeg_events.csv
sub-003,2,9,5,probe_not_shown,Q,ignored_correct,feedback_correct,correct,278.0995225999941,1,True,correct,CHECK,unexpected_click_count_1,sub-003_ses-01_task-WorkingMemory_run-2_eeg_events.csv
sub-003,2,10,7,probe_target,X,,feedback_correct,correct,,0,,correct,CHECK,missing_response;unexpected_click_count_0,sub-003_ses-01_task-WorkingMemory_run-2_eeg_events.csv
sub-003,2,11,5,probe_target,K,,feedback_correct,correct,,0,,correct,CHECK,missing_response;unexpected_click_count_0,sub-003_ses-01_task-WorkingMemory_run-2_eeg_events.csv
sub-003,2,12,3,probe_target,R,,feedback_correct,correct,,0,,correct,CHECK,missing_response;unexpected_click_count_0,sub-003_ses-01_task-WorkingMemory_run-2_eeg_events.csv
sub-003,2,13,3,probe_target,P,,feedback_correct,correct,,0,,correct,CHECK,missing_response;unexpected_click_count_0,sub-003_ses-01_task-WorkingMemory_run-2_eeg_events.csv
sub-003,2,14,7,probe_not_shown,Y,ignored_correct,feedback_correct,correct,525.1490985249984,1,True,correct,CHECK,unexpected_click_count_1,sub-003_ses-01_task-WorkingMemory_run-2_eeg_events.csv
sub-003,2,15,3,probe_target,K,,feedback_correct,correct,,0,,correct,CHECK,missing_response;unexpected_click_count_0,sub-003_ses-01_task-WorkingMemory_run-2_eeg_events.csv
sub-003,2,16,3,probe_target,L,,feedback_correct,correct,,0,,correct,CHECK,missing_response;unexpected_click_count_0,sub-003_ses-01_task-WorkingMemory_run-2_eeg_events.csv
sub-003,2,17,3,probe_not_shown,Q,ignored_correct,feedback_correct,correct,328.6494358249911,1,True,correct,CHECK,unexpected_click_count_1,sub-003_ses-01_task-WorkingMemory_run-2_eeg_events.csv
sub-003,2,18,7,probe_not_shown,L,ignored_correct,feedback_correct,correct,507.199129325003,1,True,correct,CHECK,unexpected_click_count_1,sub-003_ses-01_task-WorkingMemory_run-2_eeg_events.csv
sub-003,2,19,5,probe_not_shown,L,ignored_correct,feedback_correct,correct,314.3744603249943,1,True,correct,CHECK,unexpected_click_count_1,sub-003_ses-01_task-WorkingMemory_run-2_eeg_events.csv
sub-003,2,20,7,probe_target,S,,feedback_correct,correct,,0,,correct,CHECK,missing_response;unexpected_click_count_0,sub-003_ses-01_task-WorkingMemory_run-2_eeg_events.csv
sub-003,2,21,7,probe_target,G,,feedback_correct,correct,,0,,correct,CHECK,missing_response;unexpected_click_count_0,sub-003_ses-01_task-WorkingMemory_run-2_eeg_events.csv
sub-003,2,22,5,probe_target,P,,feedback_correct,correct,,0,,correct,CHECK,missing_response;unexpected_click_count_0,sub-003_ses-01_task-WorkingMemory_run-2_eeg_events.csv
sub-003,2,23,3,probe_not_shown,X,ignored_correct,feedback_correct,correct,407.64930022499175,1,True,correct,CHECK,unexpected_click_count_1,sub-003_ses-01_task-WorkingMemory_run-2_eeg_events.csv
sub-003,2,24,5,probe_target,Q,,feedback_correct,correct,,0,,correct,CHECK,missing_response;unexpected_click_count_0,sub-003_ses-01_task-WorkingMemory_run-2_eeg_events.csv
sub-003,2,25,3,probe_target,R,,feedback_correct,correct,,0,,correct,CHECK,missing_response;unexpected_click_count_0,sub-003_ses-01_task-WorkingMemory_run-2_eeg_events.csv
sub-003,3,0,0,,,ignored_correct,,,,1,,correct,CHECK,missing_probe;missing_feedback;unexpected_click_count_1,sub-003_ses-01_task-WorkingMemory_run-3_eeg_events.csv
sub-003,3,1,5,probe_not_shown,V,ignored_correct,feedback_correct,correct,798.3968020500006,1,True,correct,CHECK,unexpected_click_count_1,sub-003_ses-01_task-WorkingMemory_run-3_eeg_events.csv
sub-003,3,2,7,probe_target,R,,feedback_correct,correct,,0,,correct,CHECK,missing_response;unexpected_click_count_0,sub-003_ses-01_task-WorkingMemory_run-3_eeg_events.csv
sub-003,3,3,5,probe_not_shown,G,ignored_correct,feedback_correct,correct,299.9737984750027,1,True,correct,CHECK,unexpected_click_count_1,sub-003_ses-01_task-WorkingMemory_run-3_eeg_events.csv
sub-003,3,4,5,probe_not_shown,H,ignored_correct,feedback_correct,correct,436.17325292500027,1,True,correct,CHECK,unexpected_click_count_1,sub-003_ses-01_task-WorkingMemory_run-3_eeg_events.csv
sub-003,3,5,3,probe_target,K,,feedback_correct,correct,,0,,correct,CHECK,missing_response;unexpected_click_count_0,sub-003_ses-01_task-WorkingMemory_run-3_eeg_events.csv
sub-003,3,6,7,probe_not_shown,P,ignored_correct,feedback_correct,correct,356.1735733749956,1,True,correct,CHECK,unexpected_click_count_1,sub-003_ses-01_task-WorkingMemory_run-3_eeg_events.csv
sub-003,3,7,5,probe_target,Q,,feedback_correct,correct,,1,,correct,CHECK,missing_response;unexpected_click_count_1,sub-003_ses-01_task-WorkingMemory_run-3_eeg_events.csv
sub-003,3,8,5,probe_not_shown,B,ignored_correct,feedback_correct,correct,691.9472284500007,1,True,correct,CHECK,unexpected_click_count_1,sub-003_ses-01_task-WorkingMemory_run-3_eeg_events.csv
sub-003,3,9,7,probe_target,N,,feedback_correct,correct,,1,,correct,CHECK,missing_response;unexpected_click_count_1,sub-003_ses-01_task-WorkingMemory_run-3_eeg_events.csv
sub-003,3,10,5,probe_target,F,,feedback_correct,correct,,1,,correct,CHECK,missing_response;unexpected_click_count_1,sub-003_ses-01_task-WorkingMemory_run-3_eeg_events.csv
sub-003,3,11,3,probe_target,T,,feedback_correct,correct,,0,,correct,CHECK,missing_response;unexpected_click_count_0,sub-003_ses-01_task-WorkingMemory_run-3_eeg_events.csv
sub-003,3,12,7,probe_target,G,,feedback_correct,correct,,0,,correct,CHECK,missing_response;unexpected_click_count_0,sub-003_ses-01_task-WorkingMemory_run-3_eeg_events.csv
sub-003,3,13,7,probe_target,P,,feedback_correct,correct,,1,,correct,CHECK,missing_response;unexpected_click_count_1,sub-003_ses-01_task-WorkingMemory_run-3_eeg_events.csv
sub-003,3,14,3,probe_not_shown,F,ignored_correct,feedback_correct,correct,267.5239284499985,1,True,correct,CHECK,unexpected_click_count_1,sub-003_ses-01_task-WorkingMemory_run-3_eeg_events.csv
sub-003,3,15,3,probe_target,B,,feedback_correct,correct,,0,,correct,CHECK,missing_response;unexpected_click_count_0,sub-003_ses-01_task-WorkingMemory_run-3_eeg_events.csv
sub-003,3,16,5,probe_target,W,,feedback_correct,correct,,0,,correct,CHECK,missing_response;unexpected_click_count_0,sub-003_ses-01_task-WorkingMemory_run-3_eeg_events.csv
sub-003,3,17,7,probe_target,V,,feedback_correct,correct,,0,,correct,CHECK,missing_response;unexpected_click_count_0,sub-003_ses-01_task-WorkingMemory_run-3_eeg_events.csv
sub-003,3,18,3,probe_not_shown,Y,ignored_correct,feedback_correct,correct,363.2235451250017,1,True,correct,CHECK,unexpected_click_count_1,sub-003_ses-01_task-WorkingMemory_run-3_eeg_events.csv
sub-003,3,19,3,probe_not_shown,Z,ignored_correct,feedback_correct,correct,294.79881919999025,1,True,correct,CHECK,unexpected_click_count_1,sub-003_ses-01_task-WorkingMemory_run-3_eeg_events.csv
sub-003,3,20,7,probe_target,C,,feedback_correct,correct,,1,,correct,CHECK,missing_response;unexpected_click_count_1,sub-003_ses-01_task-WorkingMemory_run-3_eeg_events.csv
sub-003,3,21,7,probe_target,W,,feedback_correct,correct,,0,,correct,CHECK,missing_response;unexpected_click_count_0,sub-003_ses-01_task-WorkingMemory_run-3_eeg_events.csv
sub-003,3,22,7,probe_not_shown,Y,ignored_correct,feedback_correct,correct,387.84844650002196,1,True,correct,CHECK,unexpected_click_count_1,sub-003_ses-01_task-WorkingMemory_run-3_eeg_events.csv
sub-003,3,23,3,probe_target,R,,feedback_correct,correct,,0,,correct,CHECK,missing_response;unexpected_click_count_0,sub-003_ses-01_task-WorkingMemory_run-3_eeg_events.csv
sub-003,3,24,3,probe_not_shown,M,ignored_correct,feedback_correct,correct,209.07416254997952,1,True,correct,CHECK,unexpected_click_count_1,sub-003_ses-01_task-WorkingMemory_run-3_eeg_events.csv
sub-003,3,25,5,probe_target,H,,feedback_correct,correct,,1,,correct,CHECK,missing_response;unexpected_click_count_1,sub-003_ses-01_task-WorkingMemory_run-3_eeg_events.csv
sub-003,4,1,3,probe_not_shown,B,ignored_correct,feedback_correct,correct,313.673982925,1,True,correct,CHECK,unexpected_click_count_1,sub-003_ses-01_task-WorkingMemory_run-4_eeg_events.csv
sub-003,4,2,5,probe_target,F,,feedback_correct,correct,,0,,correct,CHECK,missing_response;unexpected_click_count_0,sub-003_ses-01_task-WorkingMemory_run-4_eeg_events.csv
sub-003,4,3,3,probe_target,S,,feedback_correct,correct,,0,,correct,CHECK,missing_response;unexpected_click_count_0,sub-003_ses-01_task-WorkingMemory_run-4_eeg_events.csv
sub-003,4,4,5,probe_target,L,,feedback_correct,correct,,0,,correct,CHECK,missing_response;unexpected_click_count_0,sub-003_ses-01_task-WorkingMemory_run-4_eeg_events.csv
sub-003,4,5,3,probe_not_shown,S,ignored_correct,feedback_correct,correct,376.6737786500016,1,True,correct,CHECK,unexpected_click_count_1,sub-003_ses-01_task-WorkingMemory_run-4_eeg_events.csv
sub-003,4,6,5,probe_not_shown,K,ignored_correct,feedback_correct,correct,289.5740610499997,2,True,correct,OK,,sub-003_ses-01_task-WorkingMemory_run-4_eeg_events.csv
sub-003,4,7,7,probe_target,H,,feedback_correct,correct,,1,,correct,CHECK,missing_response;unexpected_click_count_1,sub-003_ses-01_task-WorkingMemory_run-4_eeg_events.csv
sub-003,4,8,3,probe_not_shown,R,ignored_correct,feedback_correct,correct,420.44863669999904,1,True,correct,CHECK,unexpected_click_count_1,sub-003_ses-01_task-WorkingMemory_run-4_eeg_events.csv
sub-003,4,9,5,probe_target,Y,,feedback_correct,correct,,1,,correct,CHECK,missing_response;unexpected_click_count_1,sub-003_ses-01_task-WorkingMemory_run-4_eeg_events.csv
sub-003,4,10,5,probe_not_shown,B,ignored_correct,feedback_correct,correct,506.87335644999985,1,True,correct,CHECK,unexpected_click_count_1,sub-003_ses-01_task-WorkingMemory_run-4_eeg_events.csv
sub-003,4,11,7,probe_target,K,,feedback_correct,correct,,0,,correct,CHECK,missing_response;unexpected_click_count_0,sub-003_ses-01_task-WorkingMemory_run-4_eeg_events.csv
sub-003,4,12,3,probe_not_shown,J,ignored_correct,feedback_correct,correct,959.3218893750163,1,True,correct,CHECK,unexpected_click_count_1,sub-003_ses-01_task-WorkingMemory_run-4_eeg_events.csv
sub-003,4,13,7,probe_not_shown,V,ignored_correct,feedback_correct,correct,327.9739365499845,1,True,correct,CHECK,unexpected_click_count_1,sub-003_ses-01_task-WorkingMemory_run-4_eeg_events.csv
sub-003,4,14,3,probe_not_shown,X,ignored_correct,feedback_correct,correct,303.67401534999954,1,True,correct,CHECK,unexpected_click_count_1,sub-003_ses-01_task-WorkingMemory_run-4_eeg_events.csv
sub-003,4,15,5,probe_not_shown,B,ignored_correct,feedback_correct,correct,238.54922649999207,1,True,correct,CHECK,unexpected_click_count_1,sub-003_ses-01_task-WorkingMemory_run-4_eeg_events.csv
sub-003,4,16,5,probe_target,M,,feedback_correct,correct,,0,,correct,CHECK,missing_response;unexpected_click_count_0,sub-003_ses-01_task-WorkingMemory_run-4_eeg_events.csv
sub-003,4,17,7,probe_not_shown,D,ignored_correct,feedback_correct,correct,249.82418994999898,1,True,correct,CHECK,unexpected_click_count_1,sub-003_ses-01_task-WorkingMemory_run-4_eeg_events.csv
sub-003,4,18,3,probe_target,N,,feedback_correct,correct,,0,,correct,CHECK,missing_response;unexpected_click_count_0,sub-003_ses-01_task-WorkingMemory_run-4_eeg_events.csv
sub-003,4,19,5,probe_not_shown,J,ignored_correct,feedback_correct,correct,1807.0941404999903,1,True,correct,CHECK,unexpected_click_count_1,sub-003_ses-01_task-WorkingMemory_run-4_eeg_events.csv
sub-003,4,20,5,probe_not_shown,Z,ignored_correct,feedback_correct,correct,282.77408309999737,1,True,correct,CHECK,unexpected_click_count_1,sub-003_ses-01_task-WorkingMemory_run-4_eeg_events.csv
sub-003,4,21,7,probe_target,D,ignored_incorrect,feedback_incorrect,wrong,334.99891377502354,1,True,wrong,CHECK,unexpected_click_count_1,sub-003_ses-01_task-WorkingMemory_run-4_eeg_events.csv
sub-003,4,22,7,probe_not_shown,J,ignored_correct,feedback_correct,correct,254.9991731500195,1,True,correct,CHECK,unexpected_click_count_1,sub-003_ses-01_task-WorkingMemory_run-4_eeg_events.csv
sub-003,4,23,7,probe_not_shown,Q,ignored_correct,feedback_correct,correct,651.847886374977,1,True,correct,CHECK,unexpected_click_count_1,sub-003_ses-01_task-WorkingMemory_run-4_eeg_events.csv
sub-003,4,24,3,probe_target,C,,feedback_correct,correct,,0,,correct,CHECK,missing_response;unexpected_click_count_0,sub-003_ses-01_task-WorkingMemory_run-4_eeg_events.csv
sub-003,4,25,7,probe_not_shown,K,ignored_correct,feedback_correct,correct,671.7728217749973,1,True,correct,CHECK,unexpected_click_count_1,sub-003_ses-01_task-WorkingMemory_run-4_eeg_events.csv
sub-004,1,1,5,probe_target,J,,feedback_correct,correct,,0,,correct,CHECK,missing_response;unexpected_click_count_0,sub-004_ses-01_task-WorkingMemory_run-1_eeg_events.csv
sub-004,1,2,3,probe_target,V,,feedback_correct,correct,,0,,correct,CHECK,missing_response;unexpected_click_count_0,sub-004_ses-01_task-WorkingMemory_run-1_eeg_events.csv
sub-004,1,3,7,probe_not_shown,B,ignored_correct,feedback_correct,correct,564.7472531999992,1,True,correct,CHECK,unexpected_click_count_1,sub-004_ses-01_task-WorkingMemory_run-1_eeg_events.csv
sub-004,1,4,5,probe_target,R,,feedback_correct,correct,,0,,correct,CHECK,missing_response;unexpected_click_count_0,sub-004_ses-01_task-WorkingMemory_run-1_eeg_events.csv
sub-004,1,5,5,probe_not_shown,Q,ignored_correct,feedback_correct,correct,387.8481135999973,1,True,correct,CHECK,unexpected_click_count_1,sub-004_ses-01_task-WorkingMemory_run-1_eeg_events.csv
sub-004,1,6,3,probe_not_shown,L,ignored_correct,feedback_correct,correct,308.6484988000011,1,True,correct,CHECK,unexpected_click_count_1,sub-004_ses-01_task-WorkingMemory_run-1_eeg_events.csv
sub-004,1,7,7,probe_target,M,,feedback_correct,correct,,0,,correct,CHECK,missing_response;unexpected_click_count_0,sub-004_ses-01_task-WorkingMemory_run-1_eeg_events.csv
sub-004,1,8,5,probe_not_shown,J,ignored_correct,feedback_correct,correct,445.3978336750006,1,True,correct,CHECK,unexpected_click_count_1,sub-004_ses-01_task-WorkingMemory_run-1_eeg_events.csv
sub-004,1,9,7,probe_not_shown,F,ignored_correct,feedback_correct,correct,423.04794240000047,1,True,correct,CHECK,unexpected_click_count_1,sub-004_ses-01_task-WorkingMemory_run-1_eeg_events.csv
sub-004,1,10,5,probe_not_shown,T,ignored_correct,feedback_correct,correct,299.9735409999994,1,True,correct,CHECK,unexpected_click_count_1,sub-004_ses-01_task-WorkingMemory_run-1_eeg_events.csv
sub-004,1,11,5,probe_target,G,,feedback_correct,correct,,0,,correct,CHECK,missing_response;unexpected_click_count_0,sub-004_ses-01_task-WorkingMemory_run-1_eeg_events.csv
sub-004,1,12,7,probe_target,Z,,feedback_correct,correct,,0,,correct,CHECK,missing_response;unexpected_click_count_0,sub-004_ses-01_task-WorkingMemory_run-1_eeg_events.csv
sub-004,1,13,7,probe_not_shown,C,ignored_correct,feedback_correct,correct,334.0733751499938,1,True,correct,CHECK,unexpected_click_count_1,sub-004_ses-01_task-WorkingMemory_run-1_eeg_events.csv
sub-004,1,14,3,probe_not_shown,S,ignored_correct,feedback_correct,correct,240.07383232499706,1,True,correct,CHECK,unexpected_click_count_1,sub-004_ses-01_task-WorkingMemory_run-1_eeg_events.csv
sub-004,1,15,5,probe_target,L,,feedback_correct,correct,,0,,correct,CHECK,missing_response;unexpected_click_count_0,sub-004_ses-01_task-WorkingMemory_run-1_eeg_events.csv
sub-004,1,16,7,probe_not_shown,G,ignored_correct,feedback_correct,correct,312.4234804250009,1,True,correct,CHECK,unexpected_click_count_1,sub-004_ses-01_task-WorkingMemory_run-1_eeg_events.csv
sub-004,1,17,7,probe_not_shown,L,ignored_correct,feedback_correct,correct,284.14861797500635,1,True,correct,CHECK,unexpected_click_count_1,sub-004_ses-01_task-WorkingMemory_run-1_eeg_events.csv
sub-004,1,18,3,probe_target,C,,feedback_correct,correct,,1,,correct,CHECK,missing_response;unexpected_click_count_1,sub-004_ses-01_task-WorkingMemory_run-1_eeg_events.csv
sub-004,1,19,3,probe_target,D,,feedback_correct,correct,,0,,correct,CHECK,missing_response;unexpected_click_count_0,sub-004_ses-01_task-WorkingMemory_run-1_eeg_events.csv
sub-004,1,20,3,probe_target,V,,feedback_correct,correct,,0,,correct,CHECK,missing_response;unexpected_click_count_0,sub-004_ses-01_task-WorkingMemory_run-1_eeg_events.csv
sub-004,1,21,5,probe_target,R,,feedback_correct,correct,,0,,correct,CHECK,missing_response;unexpected_click_count_0,sub-004_ses-01_task-WorkingMemory_run-1_eeg_events.csv
sub-004,1,22,3,probe_target,B,ignored_incorrect,feedback_incorrect,wrong,217.29894312500255,1,True,wrong,CHECK,unexpected_click_count_1,sub-004_ses-01_task-WorkingMemory_run-1_eeg_events.csv
sub-004,1,23,5,probe_target,L,,feedback_correct,correct,,0,,correct,CHECK,missing_response;unexpected_click_count_0,sub-004_ses-01_task-WorkingMemory_run-1_eeg_events.csv
sub-004,1,24,3,probe_target,J,,feedback_correct,correct,,0,,correct,CHECK,missing_response;unexpected_click_count_0,sub-004_ses-01_task-WorkingMemory_run-1_eeg_events.csv
sub-004,1,25,7,probe_target,B,,feedback_correct,correct,,0,,correct,CHECK,missing_response;unexpected_click_count_0,sub-004_ses-01_task-WorkingMemory_run-1_eeg_events.csv
sub-004,2,1,0,,,,,,,0,,unresolved,CHECK,missing_probe;missing_response;missing_feedback;unexpected_click_count_0;unresolved_behavior,sub-004_ses-01_task-WorkingMemory_run-2_eeg_events.csv
sub-004,2,2,5,probe_not_shown,L,ignored_correct,feedback_correct,correct,331.70050612499836,1,True,correct,CHECK,unexpected_click_count_1,sub-004_ses-01_task-WorkingMemory_run-2_eeg_events.csv
sub-004,2,3,5,probe_target,Q,,feedback_correct,correct,,0,,correct,CHECK,missing_response;unexpected_click_count_0,sub-004_ses-01_task-WorkingMemory_run-2_eeg_events.csv
sub-004,2,4,5,probe_target,K,,feedback_correct,correct,,0,,correct,CHECK,missing_response;unexpected_click_count_0,sub-004_ses-01_task-WorkingMemory_run-2_eeg_events.csv
sub-004,2,5,5,probe_not_shown,Z,ignored_correct,feedback_correct,correct,291.25044440000056,1,True,correct,CHECK,unexpected_click_count_1,sub-004_ses-01_task-WorkingMemory_run-2_eeg_events.csv
sub-004,2,6,7,probe_not_shown,Z,,feedback_incorrect,wrong,,0,,wrong,CHECK,missing_response;unexpected_click_count_0,sub-004_ses-01_task-WorkingMemory_run-2_eeg_events.csv
sub-004,2,7,3,probe_not_shown,B,ignored_correct,feedback_correct,correct,603.9759215999948,1,True,correct,CHECK,unexpected_click_count_1,sub-004_ses-01_task-WorkingMemory_run-2_eeg_events.csv
sub-004,2,8,3,probe_target,R,,feedback_correct,correct,,0,,correct,CHECK,missing_response;unexpected_click_count_0,sub-004_ses-01_task-WorkingMemory_run-2_eeg_events.csv
sub-004,2,9,7,probe_not_shown,Y,ignored_correct,feedback_correct,correct,305.1254655750017,1,True,correct,CHECK,unexpected_click_count_1,sub-004_ses-01_task-WorkingMemory_run-2_eeg_events.csv
sub-004,2,10,5,probe_not_shown,J,ignored_correct,feedback_correct,correct,288.4504401250015,1,True,correct,CHECK,unexpected_click_count_1,sub-004_ses-01_task-WorkingMemory_run-2_eeg_events.csv
sub-004,2,11,3,probe_target,L,,feedback_correct,correct,,0,,correct,CHECK,missing_response;unexpected_click_count_0,sub-004_ses-01_task-WorkingMemory_run-2_eeg_events.csv
sub-004,2,12,7,probe_not_shown,L,ignored_correct,feedback_correct,correct,418.7006389000162,1,True,correct,CHECK,unexpected_click_count_1,sub-004_ses-01_task-WorkingMemory_run-2_eeg_events.csv
sub-004,2,13,7,probe_target,X,,feedback_correct,correct,,0,,correct,CHECK,missing_response;unexpected_click_count_0,sub-004_ses-01_task-WorkingMemory_run-2_eeg_events.csv
sub-004,2,14,7,probe_target,S,,feedback_correct,correct,,0,,correct,CHECK,missing_response;unexpected_click_count_0,sub-004_ses-01_task-WorkingMemory_run-2_eeg_events.csv
sub-004,2,15,3,probe_target,K,,feedback_correct,correct,,0,,correct,CHECK,missing_response;unexpected_click_count_0,sub-004_ses-01_task-WorkingMemory_run-2_eeg_events.csv
sub-004,2,16,3,probe_not_shown,Q,ignored_correct,feedback_correct,correct,317.0004837000015,1,True,correct,CHECK,unexpected_click_count_1,sub-004_ses-01_task-WorkingMemory_run-2_eeg_events.csv
sub-004,2,17,5,probe_target,P,,feedback_correct,correct,,0,,correct,CHECK,missing_response;unexpected_click_count_0,sub-004_ses-01_task-WorkingMemory_run-2_eeg_events.csv
sub-004,2,18,7,probe_target,Z,,feedback_correct,correct,,0,,correct,CHECK,missing_response;unexpected_click_count_0,sub-004_ses-01_task-WorkingMemory_run-2_eeg_events.csv
sub-004,2,19,5,probe_target,X,,feedback_correct,correct,,0,,correct,CHECK,missing_response;unexpected_click_count_0,sub-004_ses-01_task-WorkingMemory_run-2_eeg_events.csv
sub-004,2,20,3,probe_not_shown,X,ignored_correct,feedback_correct,correct,306.8254681749968,1,True,correct,CHECK,unexpected_click_count_1,sub-004_ses-01_task-WorkingMemory_run-2_eeg_events.csv
sub-004,2,21,3,probe_target,R,,feedback_correct,correct,,0,,correct,CHECK,missing_response;unexpected_click_count_0,sub-004_ses-01_task-WorkingMemory_run-2_eeg_events.csv
sub-004,2,22,3,probe_target,S,,feedback_correct,correct,,0,,correct,CHECK,missing_response;unexpected_click_count_0,sub-004_ses-01_task-WorkingMemory_run-2_eeg_events.csv
sub-004,2,23,7,probe_not_shown,X,ignored_correct,feedback_correct,correct,267.77540859999135,1,True,correct,CHECK,unexpected_click_count_1,sub-004_ses-01_task-WorkingMemory_run-2_eeg_events.csv
sub-004,2,24,3,probe_target,P,,feedback_correct,correct,,0,,correct,CHECK,missing_response;unexpected_click_count_0,sub-004_ses-01_task-WorkingMemory_run-2_eeg_events.csv
sub-004,2,25,7,probe_target,G,,feedback_correct,correct,,0,,correct,CHECK,missing_response;unexpected_click_count_0,sub-004_ses-01_task-WorkingMemory_run-2_eeg_events.csv
sub-004,3,1,3,probe_target,B,,feedback_correct,correct,,0,,correct,CHECK,missing_response;unexpected_click_count_0,sub-004_ses-01_task-WorkingMemory_run-3_eeg_events.csv
sub-004,3,2,5,probe_target,W,,feedback_correct,correct,,0,,correct,CHECK,missing_response;unexpected_click_count_0,sub-004_ses-01_task-WorkingMemory_run-3_eeg_events.csv
sub-004,3,3,3,probe_not_shown,F,ignored_correct,feedback_correct,correct,288.175934400002,1,True,correct,CHECK,unexpected_click_count_1,sub-004_ses-01_task-WorkingMemory_run-3_eeg_events.csv
sub-004,3,4,7,probe_not_shown,P,ignored_correct,feedback_correct,correct,273.9758883499999,1,True,correct,CHECK,unexpected_click_count_1,sub-004_ses-01_task-WorkingMemory_run-3_eeg_events.csv
sub-004,3,5,7,probe_target,C,ignored_incorrect,feedback_incorrect,wrong,543.2017613249991,1,True,wrong,CHECK,unexpected_click_count_1,sub-004_ses-01_task-WorkingMemory_run-3_eeg_events.csv
sub-004,3,6,7,probe_target,R,,feedback_correct,correct,,0,,correct,CHECK,missing_response;unexpected_click_count_0,sub-004_ses-01_task-WorkingMemory_run-3_eeg_events.csv
sub-004,3,7,3,probe_target,K,,feedback_correct,correct,,0,,correct,CHECK,missing_response;unexpected_click_count_0,sub-004_ses-01_task-WorkingMemory_run-3_eeg_events.csv
sub-004,3,8,7,probe_target,N,,feedback_correct,correct,,0,,correct,CHECK,missing_response;unexpected_click_count_0,sub-004_ses-01_task-WorkingMemory_run-3_eeg_events.csv
sub-004,3,9,5,probe_not_shown,B,ignored_correct,feedback_correct,correct,299.9759726499906,1,True,correct,CHECK,unexpected_click_count_1,sub-004_ses-01_task-WorkingMemory_run-3_eeg_events.csv
sub-004,3,10,3,probe_target,T,,feedback_correct,correct,,0,,correct,CHECK,missing_response;unexpected_click_count_0,sub-004_ses-01_task-WorkingMemory_run-3_eeg_events.csv
sub-004,3,11,5,probe_not_shown,G,ignored_correct,feedback_correct,correct,519.1766834000009,1,True,correct,CHECK,unexpected_click_count_1,sub-004_ses-01_task-WorkingMemory_run-3_eeg_events.csv
sub-004,3,12,5,probe_target,H,,feedback_correct,correct,,0,,correct,CHECK,missing_response;unexpected_click_count_0,sub-004_ses-01_task-WorkingMemory_run-3_eeg_events.csv
sub-004,3,13,5,probe_target,F,ignored_incorrect,feedback_incorrect,wrong,426.6513834249927,1,True,wrong,CHECK,unexpected_click_count_1,sub-004_ses-01_task-WorkingMemory_run-3_eeg_events.csv
sub-004,3,14,7,probe_not_shown,Y,ignored_correct,feedback_correct,correct,392.8262737500045,1,True,correct,CHECK,unexpected_click_count_1,sub-004_ses-01_task-WorkingMemory_run-3_eeg_events.csv
sub-004,3,15,3,probe_not_shown,M,ignored_correct,feedback_correct,correct,271.7758812249958,1,True,correct,CHECK,unexpected_click_count_1,sub-004_ses-01_task-WorkingMemory_run-3_eeg_events.csv
sub-004,3,16,7,probe_target,P,,feedback_correct,correct,,0,,correct,CHECK,missing_response;unexpected_click_count_0,sub-004_ses-01_task-WorkingMemory_run-3_eeg_events.csv
sub-004,3,17,7,probe_target,V,,feedback_correct,correct,,0,,correct,CHECK,missing_response;unexpected_click_count_0,sub-004_ses-01_task-WorkingMemory_run-3_eeg_events.csv
sub-004,3,18,7,probe_target,G,,feedback_correct,correct,,0,,correct,CHECK,missing_response;unexpected_click_count_0,sub-004_ses-01_task-WorkingMemory_run-3_eeg_events.csv
sub-004,3,19,5,probe_target,Q,,feedback_correct,correct,,0,,correct,CHECK,missing_response;unexpected_click_count_0,sub-004_ses-01_task-WorkingMemory_run-3_eeg_events.csv
sub-004,3,20,5,probe_not_shown,H,ignored_correct,feedback_correct,correct,594.1519265250099,1,True,correct,CHECK,unexpected_click_count_1,sub-004_ses-01_task-WorkingMemory_run-3_eeg_events.csv
sub-004,3,21,3,probe_not_shown,Z,ignored_correct,feedback_correct,correct,446.851448899979,1,True,correct,CHECK,unexpected_click_count_1,sub-004_ses-01_task-WorkingMemory_run-3_eeg_events.csv
sub-004,3,22,5,probe_not_shown,V,ignored_correct,feedback_correct,correct,455.50147697501234,1,True,correct,CHECK,unexpected_click_count_1,sub-004_ses-01_task-WorkingMemory_run-3_eeg_events.csv
sub-004,3,23,3,probe_target,R,,feedback_correct,correct,,0,,correct,CHECK,missing_response;unexpected_click_count_0,sub-004_ses-01_task-WorkingMemory_run-3_eeg_events.csv
sub-004,3,24,3,probe_not_shown,Y,ignored_correct,feedback_correct,correct,273.6008871499798,1,True,correct,CHECK,unexpected_click_count_1,sub-004_ses-01_task-WorkingMemory_run-3_eeg_events.csv
sub-004,3,25,7,probe_target,W,,feedback_correct,correct,,0,,correct,CHECK,missing_response;unexpected_click_count_0,sub-004_ses-01_task-WorkingMemory_run-3_eeg_events.csv
sub-004,4,0,0,,,,,,,0,,unresolved,CHECK,missing_probe;missing_response;missing_feedback;unexpected_click_count_0;unresolved_behavior,sub-004_ses-01_task-WorkingMemory_run-4_eeg_events.csv
sub-004,4,1,5,probe_not_shown,B,ignored_correct,feedback_correct,correct,283.1738657749993,1,True,correct,CHECK,unexpected_click_count_1,sub-004_ses-01_task-WorkingMemory_run-4_eeg_events.csv
sub-004,4,2,7,probe_not_shown,Q,,feedback_incorrect,wrong,,0,,wrong,CHECK,missing_response;unexpected_click_count_0,sub-004_ses-01_task-WorkingMemory_run-4_eeg_events.csv
sub-004,4,3,3,probe_target,C,,feedback_correct,correct,,0,,correct,CHECK,missing_response;unexpected_click_count_0,sub-004_ses-01_task-WorkingMemory_run-4_eeg_events.csv
sub-004,4,4,5,probe_not_shown,Z,ignored_correct,feedback_correct,correct,257.0489704249994,1,True,correct,CHECK,unexpected_click_count_1,sub-004_ses-01_task-WorkingMemory_run-4_eeg_events.csv
sub-004,4,5,7,probe_not_shown,J,ignored_correct,feedback_correct,correct,306.9237706249987,1,True,correct,CHECK,unexpected_click_count_1,sub-004_ses-01_task-WorkingMemory_run-4_eeg_events.csv
sub-004,4,6,7,probe_not_shown,V,ignored_correct,feedback_correct,correct,550.4227953000081,1,True,correct,CHECK,unexpected_click_count_1,sub-004_ses-01_task-WorkingMemory_run-4_eeg_events.csv
sub-004,4,7,3,probe_target,S,,feedback_correct,correct,,0,,correct,CHECK,missing_response;unexpected_click_count_0,sub-004_ses-01_task-WorkingMemory_run-4_eeg_events.csv
sub-004,4,8,5,probe_target,F,ignored_incorrect,feedback_incorrect,wrong,480.22307650000585,1,True,wrong,CHECK,unexpected_click_count_1,sub-004_ses-01_task-WorkingMemory_run-4_eeg_events.csv
sub-004,4,9,3,probe_target,N,,feedback_correct,correct,,0,,correct,CHECK,missing_response;unexpected_click_count_0,sub-004_ses-01_task-WorkingMemory_run-4_eeg_events.csv
sub-004,4,10,3,probe_not_shown,J,ignored_correct,feedback_correct,correct,503.6979824750015,1,True,correct,CHECK,unexpected_click_count_1,sub-004_ses-01_task-WorkingMemory_run-4_eeg_events.csv
sub-004,4,11,7,probe_target,D,,feedback_correct,correct,,0,,correct,CHECK,missing_response;unexpected_click_count_0,sub-004_ses-01_task-WorkingMemory_run-4_eeg_events.csv
sub-004,4,12,7,probe_target,H,,feedback_correct,correct,,0,,correct,CHECK,missing_response;unexpected_click_count_0,sub-004_ses-01_task-WorkingMemory_run-4_eeg_events.csv
sub-004,4,13,7,probe_not_shown,K,ignored_correct,feedback_correct,correct,387.17344919999596,1,True,correct,CHECK,unexpected_click_count_1,sub-004_ses-01_task-WorkingMemory_run-4_eeg_events.csv
sub-004,4,14,5,probe_not_shown,J,ignored_correct,feedback_correct,correct,349.02360199998657,1,True,correct,CHECK,unexpected_click_count_1,sub-004_ses-01_task-WorkingMemory_run-4_eeg_events.csv
sub-004,4,15,5,probe_not_shown,B,ignored_correct,feedback_correct,correct,325.62369572500756,1,True,correct,CHECK,unexpected_click_count_1,sub-004_ses-01_task-WorkingMemory_run-4_eeg_events.csv
sub-004,4,16,5,probe_target,Y,,feedback_correct,correct,,0,,correct,CHECK,missing_response;unexpected_click_count_0,sub-004_ses-01_task-WorkingMemory_run-4_eeg_events.csv
sub-004,4,17,3,probe_not_shown,R,ignored_correct,feedback_correct,correct,291.1238339249976,1,True,correct,CHECK,unexpected_click_count_1,sub-004_ses-01_task-WorkingMemory_run-4_eeg_events.csv
sub-004,4,18,7,probe_not_shown,D,ignored_correct,feedback_correct,correct,525.747894125001,1,True,correct,CHECK,unexpected_click_count_1,sub-004_ses-01_task-WorkingMemory_run-4_eeg_events.csv
sub-004,4,19,3,probe_not_shown,B,ignored_correct,feedback_correct,correct,236.69905189999554,1,True,correct,CHECK,unexpected_click_count_1,sub-004_ses-01_task-WorkingMemory_run-4_eeg_events.csv
sub-004,4,20,7,probe_target,K,,feedback_correct,correct,,0,,correct,CHECK,missing_response;unexpected_click_count_0,sub-004_ses-01_task-WorkingMemory_run-4_eeg_events.csv
sub-004,4,21,3,probe_not_shown,S,ignored_correct,feedback_correct,correct,280.7488754750084,1,True,correct,CHECK,unexpected_click_count_1,sub-004_ses-01_task-WorkingMemory_run-4_eeg_events.csv
sub-004,4,22,3,probe_not_shown,X,ignored_correct,feedback_correct,correct,405.32337650001864,1,True,correct,CHECK,unexpected_click_count_1,sub-004_ses-01_task-WorkingMemory_run-4_eeg_events.csv
sub-004,4,23,5,probe_target,M,,feedback_correct,correct,,0,,correct,CHECK,missing_response;unexpected_click_count_0,sub-004_ses-01_task-WorkingMemory_run-4_eeg_events.csv
sub-004,4,24,5,probe_target,L,,feedback_correct,correct,,0,,correct,CHECK,missing_response;unexpected_click_count_0,sub-004_ses-01_task-WorkingMemory_run-4_eeg_events.csv
sub-004,4,25,5,probe_not_shown,K,ignored_correct,feedback_correct,correct,2848.738589525019,1,True,correct,CHECK,unexpected_click_count_1,sub-004_ses-01_task-WorkingMemory_run-4_eeg_events.csv
sub-005,1,1,5,probe_target,R,,,,,0,,unresolved,CHECK,missing_response;missing_feedback;unexpected_click_count_0;unresolved_behavior,sub-005_ses-01_task-WorkingMemory_run-1_eeg_events.csv
sub-005,1,2,7,probe_target,Z,,,,,0,,unresolved,CHECK,missing_response;missing_feedback;unexpected_click_count_0;unresolved_behavior,sub-005_ses-01_task-WorkingMemory_run-1_eeg_events.csv
sub-005,1,3,7,probe_target,B,,,,,0,,unresolved,CHECK,missing_response;missing_feedback;unexpected_click_count_0;unresolved_behavior,sub-005_ses-01_task-WorkingMemory_run-1_eeg_events.csv
sub-005,1,4,3,probe_target,J,,,,,0,,unresolved,CHECK,missing_response;missing_feedback;unexpected_click_count_0;unresolved_behavior,sub-005_ses-01_task-WorkingMemory_run-1_eeg_events.csv
sub-005,1,5,5,probe_target,L,,,,,0,,unresolved,CHECK,missing_response;missing_feedback;unexpected_click_count_0;unresolved_behavior,sub-005_ses-01_task-WorkingMemory_run-1_eeg_events.csv
sub-005,1,6,7,probe_not_shown,F,ignored_correct,,,270.0737636749909,1,,correct,CHECK,missing_feedback;unexpected_click_count_1,sub-005_ses-01_task-WorkingMemory_run-1_eeg_events.csv
sub-005,1,7,5,probe_not_shown,T,ignored_correct,,,282.04870890000893,1,,correct,CHECK,missing_feedback;unexpected_click_count_1,sub-005_ses-01_task-WorkingMemory_run-1_eeg_events.csv
sub-005,1,8,3,probe_target,C,,,,,0,,unresolved,CHECK,missing_response;missing_feedback;unexpected_click_count_0;unresolved_behavior,sub-005_ses-01_task-WorkingMemory_run-1_eeg_events.csv
sub-005,1,9,5,probe_target,R,,,,,0,,unresolved,CHECK,missing_response;missing_feedback;unexpected_click_count_0;unresolved_behavior,sub-005_ses-01_task-WorkingMemory_run-1_eeg_events.csv
sub-005,1,10,3,probe_not_shown,L,ignored_correct,,,247.27386804999696,1,,correct,CHECK,missing_feedback;unexpected_click_count_1,sub-005_ses-01_task-WorkingMemory_run-1_eeg_events.csv
sub-005,1,11,3,probe_not_shown,S,ignored_correct,,,347.57340892499633,1,,correct,CHECK,missing_feedback;unexpected_click_count_1,sub-005_ses-01_task-WorkingMemory_run-1_eeg_events.csv
sub-005,1,12,7,probe_not_shown,C,ignored_correct,,,592.4722878500033,1,,correct,CHECK,missing_feedback;unexpected_click_count_1,sub-005_ses-01_task-WorkingMemory_run-1_eeg_events.csv
sub-005,1,13,5,probe_target,J,,,,,0,,unresolved,CHECK,missing_response;missing_feedback;unexpected_click_count_0;unresolved_behavior,sub-005_ses-01_task-WorkingMemory_run-1_eeg_events.csv
sub-005,1,14,7,probe_not_shown,B,ignored_correct,,,406.77313792500354,1,,correct,CHECK,missing_feedback;unexpected_click_count_1,sub-005_ses-01_task-WorkingMemory_run-1_eeg_events.csv
sub-005,1,15,5,probe_target,L,,,,,0,,unresolved,CHECK,missing_response;missing_feedback;unexpected_click_count_0;unresolved_behavior,sub-005_ses-01_task-WorkingMemory_run-1_eeg_events.csv
sub-005,1,16,3,probe_target,B,,,,,0,,unresolved,CHECK,missing_response;missing_feedback;unexpected_click_count_0;unresolved_behavior,sub-005_ses-01_task-WorkingMemory_run-1_eeg_events.csv
sub-005,1,17,3,probe_target,V,,,,,0,,unresolved,CHECK,missing_response;missing_feedback;unexpected_click_count_0;unresolved_behavior,sub-005_ses-01_task-WorkingMemory_run-1_eeg_events.csv
sub-005,1,18,5,probe_not_shown,Q,ignored_correct,,,527.0975871249975,1,,correct,CHECK,missing_feedback;unexpected_click_count_1,sub-005_ses-01_task-WorkingMemory_run-1_eeg_events.csv
sub-005,1,19,7,probe_not_shown,G,ignored_correct,,,306.2735979749996,1,,correct,CHECK,missing_feedback;unexpected_click_count_1,sub-005_ses-01_task-WorkingMemory_run-1_eeg_events.csv
sub-005,1,20,3,probe_target,V,,,,,0,,unresolved,CHECK,missing_response;missing_feedback;unexpected_click_count_0;unresolved_behavior,sub-005_ses-01_task-WorkingMemory_run-1_eeg_events.csv
sub-005,1,21,7,probe_not_shown,L,ignored_correct,,,606.6722228750004,1,,correct,CHECK,missing_feedback;unexpected_click_count_1,sub-005_ses-01_task-WorkingMemory_run-1_eeg_events.csv
sub-005,1,22,3,probe_target,D,,,,,0,,unresolved,CHECK,missing_response;missing_feedback;unexpected_click_count_0;unresolved_behavior,sub-005_ses-01_task-WorkingMemory_run-1_eeg_events.csv
sub-005,1,23,5,probe_target,G,,,,,0,,unresolved,CHECK,missing_response;missing_feedback;unexpected_click_count_0;unresolved_behavior,sub-005_ses-01_task-WorkingMemory_run-1_eeg_events.csv
sub-005,1,24,7,probe_target,M,,,,,0,,unresolved,CHECK,missing_response;missing_feedback;unexpected_click_count_0;unresolved_behavior,sub-005_ses-01_task-WorkingMemory_run-1_eeg_events.csv
sub-005,1,25,5,probe_not_shown,J,ignored_correct,,,273.24874914999236,1,,correct,CHECK,missing_feedback;unexpected_click_count_1,sub-005_ses-01_task-WorkingMemory_run-1_eeg_events.csv
sub-005,2,1,5,probe_target,P,,,,,0,,unresolved,CHECK,missing_response;missing_feedback;unexpected_click_count_0;unresolved_behavior,sub-005_ses-01_task-WorkingMemory_run-2_eeg_events.csv
sub-005,2,2,3,probe_target,R,,,,,0,,unresolved,CHECK,missing_response;missing_feedback;unexpected_click_count_0;unresolved_behavior,sub-005_ses-01_task-WorkingMemory_run-2_eeg_events.csv
sub-005,2,3,7,probe_target,G,,,,,0,,unresolved,CHECK,missing_response;missing_feedback;unexpected_click_count_0;unresolved_behavior,sub-005_ses-01_task-WorkingMemory_run-2_eeg_events.csv
sub-005,2,4,3,probe_not_shown,X,ignored_correct,,,313.00113430000056,1,,correct,CHECK,missing_feedback;unexpected_click_count_1,sub-005_ses-01_task-WorkingMemory_run-2_eeg_events.csv
sub-005,2,5,5,probe_not_shown,J,ignored_correct,,,242.57587907500056,1,,correct,CHECK,missing_feedback;unexpected_click_count_1,sub-005_ses-01_task-WorkingMemory_run-2_eeg_events.csv
sub-005,2,6,7,probe_target,S,,,,,0,,unresolved,CHECK,missing_response;missing_feedback;unexpected_click_count_0;unresolved_behavior,sub-005_ses-01_task-WorkingMemory_run-2_eeg_events.csv
sub-005,2,7,7,probe_not_shown,Y,ignored_correct,,,239.77586895000422,1,,correct,CHECK,missing_feedback;unexpected_click_count_1,sub-005_ses-01_task-WorkingMemory_run-2_eeg_events.csv
sub-005,2,8,3,probe_target,S,,,,,0,,unresolved,CHECK,missing_response;missing_feedback;unexpected_click_count_0;unresolved_behavior,sub-005_ses-01_task-WorkingMemory_run-2_eeg_events.csv
sub-005,2,9,3,probe_not_shown,Q,ignored_correct,,,207.90075342500495,1,,correct,CHECK,missing_feedback;unexpected_click_count_1,sub-005_ses-01_task-WorkingMemory_run-2_eeg_events.csv
sub-005,2,10,3,probe_target,P,,,,,0,,unresolved,CHECK,missing_response;missing_feedback;unexpected_click_count_0;unresolved_behavior,sub-005_ses-01_task-WorkingMemory_run-2_eeg_events.csv
sub-005,2,11,3,probe_not_shown,B,ignored_correct,,,221.9258042500005,1,,correct,CHECK,missing_feedback;unexpected_click_count_1,sub-005_ses-01_task-WorkingMemory_run-2_eeg_events.csv
sub-005,2,12,5,probe_not_shown,L,ignored_correct,,,226.00081900000805,1,,correct,CHECK,missing_feedback;unexpected_click_count_1,sub-005_ses-01_task-WorkingMemory_run-2_eeg_events.csv
sub-005,2,13,5,probe_not_shown,Z,ignored_correct,,,192.35069707500224,1,,correct,CHECK,missing_feedback;unexpected_click_count_1,sub-005_ses-01_task-WorkingMemory_run-2_eeg_events.csv
sub-005,2,14,3,probe_target,R,,,,,0,,unresolved,CHECK,missing_response;missing_feedback;unexpected_click_count_0;unresolved_behavior,sub-005_ses-01_task-WorkingMemory_run-2_eeg_events.csv
sub-005,2,15,3,probe_target,K,,,,,0,,unresolved,CHECK,missing_response;missing_feedback;unexpected_click_count_0;unresolved_behavior,sub-005_ses-01_task-WorkingMemory_run-2_eeg_events.csv
sub-005,2,16,5,probe_target,K,,,,,0,,unresolved,CHECK,missing_response;missing_feedback;unexpected_click_count_0;unresolved_behavior,sub-005_ses-01_task-WorkingMemory_run-2_eeg_events.csv
sub-005,2,17,5,probe_not_shown,Q,ignored_correct,,,649.4023534000007,1,,correct,CHECK,missing_feedback;unexpected_click_count_1,sub-005_ses-01_task-WorkingMemory_run-2_eeg_events.csv
sub-005,2,18,7,probe_not_shown,X,ignored_correct,,,886.4782125499914,1,,correct,CHECK,missing_feedback;unexpected_click_count_1,sub-005_ses-01_task-WorkingMemory_run-2_eeg_events.csv
sub-005,2,19,5,probe_target,X,,,,,0,,unresolved,CHECK,missing_response;missing_feedback;unexpected_click_count_0;unresolved_behavior,sub-005_ses-01_task-WorkingMemory_run-2_eeg_events.csv
sub-005,2,20,7,probe_target,X,,,,,0,,unresolved,CHECK,missing_response;missing_feedback;unexpected_click_count_0;unresolved_behavior,sub-005_ses-01_task-WorkingMemory_run-2_eeg_events.csv
sub-005,2,21,7,probe_not_shown,Z,ignored_correct,,,241.55087537500367,1,,correct,CHECK,missing_feedback;unexpected_click_count_1,sub-005_ses-01_task-WorkingMemory_run-2_eeg_events.csv
sub-005,2,22,3,probe_target,L,,,,,0,,unresolved,CHECK,missing_response;missing_feedback;unexpected_click_count_0;unresolved_behavior,sub-005_ses-01_task-WorkingMemory_run-2_eeg_events.csv
sub-005,2,23,7,probe_not_shown,L,,,,,0,,unresolved,CHECK,missing_response;missing_feedback;unexpected_click_count_0;unresolved_behavior,sub-005_ses-01_task-WorkingMemory_run-2_eeg_events.csv
sub-005,2,24,5,probe_target,Q,,,,,0,,unresolved,CHECK,missing_response;missing_feedback;unexpected_click_count_0;unresolved_behavior,sub-005_ses-01_task-WorkingMemory_run-2_eeg_events.csv
sub-005,2,25,7,probe_target,Z,,,,,0,,unresolved,CHECK,missing_response;missing_feedback;unexpected_click_count_0;unresolved_behavior,sub-005_ses-01_task-WorkingMemory_run-2_eeg_events.csv
sub-005,3,1,7,probe_target,G,,,,,0,,unresolved,CHECK,missing_response;missing_feedback;unexpected_click_count_0;unresolved_behavior,sub-005_ses-01_task-WorkingMemory_run-3_eeg_events.csv
sub-005,3,2,5,probe_target,Q,,,,,0,,unresolved,CHECK,missing_response;missing_feedback;unexpected_click_count_0;unresolved_behavior,sub-005_ses-01_task-WorkingMemory_run-3_eeg_events.csv
sub-005,3,3,5,probe_target,W,,,,,0,,unresolved,CHECK,missing_response;missing_feedback;unexpected_click_count_0;unresolved_behavior,sub-005_ses-01_task-WorkingMemory_run-3_eeg_events.csv
sub-005,3,4,7,probe_target,P,,,,,0,,unresolved,CHECK,missing_response;missing_feedback;unexpected_click_count_0;unresolved_behavior,sub-005_ses-01_task-WorkingMemory_run-3_eeg_events.csv
sub-005,3,5,5,probe_not_shown,H,,,,,0,,unresolved,CHECK,missing_response;missing_feedback;unexpected_click_count_0;unresolved_behavior,sub-005_ses-01_task-WorkingMemory_run-3_eeg_events.csv
sub-005,3,6,3,probe_target,B,,,,,0,,unresolved,CHECK,missing_response;missing_feedback;unexpected_click_count_0;unresolved_behavior,sub-005_ses-01_task-WorkingMemory_run-3_eeg_events.csv
sub-005,3,7,3,probe_target,T,,,,,0,,unresolved,CHECK,missing_response;missing_feedback;unexpected_click_count_0;unresolved_behavior,sub-005_ses-01_task-WorkingMemory_run-3_eeg_events.csv
sub-005,3,8,5,probe_not_shown,B,ignored_correct,,,368.37352450000617,1,,correct,CHECK,missing_feedback;unexpected_click_count_1,sub-005_ses-01_task-WorkingMemory_run-3_eeg_events.csv
sub-005,3,9,3,probe_target,R,,,,,0,,unresolved,CHECK,missing_response;missing_feedback;unexpected_click_count_0;unresolved_behavior,sub-005_ses-01_task-WorkingMemory_run-3_eeg_events.csv
sub-005,3,10,5,probe_not_shown,V,ignored_correct,,,495.69801452499814,1,,correct,CHECK,missing_feedback;unexpected_click_count_1,sub-005_ses-01_task-WorkingMemory_run-3_eeg_events.csv
sub-005,3,11,7,probe_target,W,ignored_incorrect,,,280.2488774749945,1,,wrong,CHECK,missing_feedback;unexpected_click_count_1,sub-005_ses-01_task-WorkingMemory_run-3_eeg_events.csv
sub-005,3,12,3,probe_not_shown,Z,ignored_correct,,,269.1239220250136,1,,correct,CHECK,missing_feedback;unexpected_click_count_1,sub-005_ses-01_task-WorkingMemory_run-3_eeg_events.csv
sub-005,3,13,7,probe_target,V,,,,,0,,unresolved,CHECK,missing_response;missing_feedback;unexpected_click_count_0;unresolved_behavior,sub-005_ses-01_task-WorkingMemory_run-3_eeg_events.csv
sub-005,3,14,7,probe_target,R,,,,,0,,unresolved,CHECK,missing_response;missing_feedback;unexpected_click_count_0;unresolved_behavior,sub-005_ses-01_task-WorkingMemory_run-3_eeg_events.csv
sub-005,3,15,5,probe_not_shown,G,ignored_correct,,,244.74901967500045,1,,correct,CHECK,missing_feedback;unexpected_click_count_1,sub-005_ses-01_task-WorkingMemory_run-3_eeg_events.csv
sub-005,3,16,7,probe_target,C,,,,,0,,unresolved,CHECK,missing_response;missing_feedback;unexpected_click_count_0;unresolved_behavior,sub-005_ses-01_task-WorkingMemory_run-3_eeg_events.csv
sub-005,3,17,7,probe_target,N,,,,,0,,unresolved,CHECK,missing_response;missing_feedback;unexpected_click_count_0;unresolved_behavior,sub-005_ses-01_task-WorkingMemory_run-3_eeg_events.csv
sub-005,3,18,5,probe_target,F,,,,,0,,unresolved,CHECK,missing_response;missing_feedback;unexpected_click_count_0;unresolved_behavior,sub-005_ses-01_task-WorkingMemory_run-3_eeg_events.csv
sub-005,3,19,7,probe_not_shown,Y,ignored_correct,,,452.29818835000333,1,,correct,CHECK,missing_feedback;unexpected_click_count_1,sub-005_ses-01_task-WorkingMemory_run-3_eeg_events.csv
sub-005,3,20,7,probe_not_shown,P,ignored_correct,,,964.1211382750043,1,,correct,CHECK,missing_feedback;unexpected_click_count_1,sub-005_ses-01_task-WorkingMemory_run-3_eeg_events.csv
sub-005,3,21,3,probe_not_shown,F,ignored_correct,,,346.7736110249971,1,,correct,CHECK,missing_feedback;unexpected_click_count_1,sub-005_ses-01_task-WorkingMemory_run-3_eeg_events.csv
sub-005,3,22,5,probe_target,H,,,,,0,,unresolved,CHECK,missing_response;missing_feedback;unexpected_click_count_0;unresolved_behavior,sub-005_ses-01_task-WorkingMemory_run-3_eeg_events.csv
sub-005,3,23,3,probe_target,K,,,,,0,,unresolved,CHECK,missing_response;missing_feedback;unexpected_click_count_0;unresolved_behavior,sub-005_ses-01_task-WorkingMemory_run-3_eeg_events.csv
sub-005,3,24,3,probe_not_shown,M,ignored_correct,,,358.7485630499723,1,,correct,CHECK,missing_feedback;unexpected_click_count_1,sub-005_ses-01_task-WorkingMemory_run-3_eeg_events.csv
sub-005,3,25,3,probe_not_shown,Y,ignored_correct,,,306.67377162500634,1,,correct,CHECK,missing_feedback;unexpected_click_count_1,sub-005_ses-01_task-WorkingMemory_run-3_eeg_events.csv
sub-005,4,1,3,probe_not_shown,X,ignored_correct,,,252.32581814999958,1,,correct,CHECK,missing_feedback;unexpected_click_count_1,sub-005_ses-01_task-WorkingMemory_run-4_eeg_events.csv
sub-005,4,2,5,probe_not_shown,Z,ignored_correct,,,259.0258398749993,1,,correct,CHECK,missing_feedback;unexpected_click_count_1,sub-005_ses-01_task-WorkingMemory_run-4_eeg_events.csv
sub-005,4,3,3,probe_not_shown,B,ignored_correct,,,351.401139425001,1,,correct,CHECK,missing_feedback;unexpected_click_count_1,sub-005_ses-01_task-WorkingMemory_run-4_eeg_events.csv
sub-005,4,4,5,probe_not_shown,B,ignored_correct,,,319.9510374249985,1,,correct,CHECK,missing_feedback;unexpected_click_count_1,sub-005_ses-01_task-WorkingMemory_run-4_eeg_events.csv
sub-005,4,5,7,probe_target,K,,,,,1,,unresolved,CHECK,missing_response;missing_feedback;unexpected_click_count_1;unresolved_behavior,sub-005_ses-01_task-WorkingMemory_run-4_eeg_events.csv
sub-005,4,6,5,probe_not_shown,B,ignored_correct,,,228.77574180000374,1,,correct,CHECK,missing_feedback;unexpected_click_count_1,sub-005_ses-01_task-WorkingMemory_run-4_eeg_events.csv
sub-005,4,7,5,probe_target,L,,,,,0,,unresolved,CHECK,missing_response;missing_feedback;unexpected_click_count_0;unresolved_behavior,sub-005_ses-01_task-WorkingMemory_run-4_eeg_events.csv
sub-005,4,8,3,probe_not_shown,J,ignored_correct,,,366.55118852500163,1,,correct,CHECK,missing_feedback;unexpected_click_count_1,sub-005_ses-01_task-WorkingMemory_run-4_eeg_events.csv
sub-005,4,9,3,probe_not_shown,S,ignored_correct,,,547.2767745500023,1,,correct,CHECK,missing_feedback;unexpected_click_count_1,sub-005_ses-01_task-WorkingMemory_run-4_eeg_events.csv
sub-005,4,10,3,probe_target,S,,,,,0,,unresolved,CHECK,missing_response;missing_feedback;unexpected_click_count_0;unresolved_behavior,sub-005_ses-01_task-WorkingMemory_run-4_eeg_events.csv
sub-005,4,11,7,probe_not_shown,K,ignored_correct,,,501.9016274000023,1,,correct,CHECK,missing_feedback;unexpected_click_count_1,sub-005_ses-01_task-WorkingMemory_run-4_eeg_events.csv
sub-005,4,12,7,probe_not_shown,Q,,,,,0,,unresolved,CHECK,missing_response;missing_feedback;unexpected_click_count_0;unresolved_behavior,sub-005_ses-01_task-WorkingMemory_run-4_eeg_events.csv
sub-005,4,13,5,probe_not_shown,K,ignored_correct,,,282.9509174499981,1,,correct,CHECK,missing_feedback;unexpected_click_count_1,sub-005_ses-01_task-WorkingMemory_run-4_eeg_events.csv
sub-005,4,14,3,probe_target,C,,,,,0,,unresolved,CHECK,missing_response;missing_feedback;unexpected_click_count_0;unresolved_behavior,sub-005_ses-01_task-WorkingMemory_run-4_eeg_events.csv
sub-005,4,15,5,probe_target,M,,,,,0,,unresolved,CHECK,missing_response;missing_feedback;unexpected_click_count_0;unresolved_behavior,sub-005_ses-01_task-WorkingMemory_run-4_eeg_events.csv
sub-005,4,16,7,probe_not_shown,D,ignored_correct,,,625.627028575007,1,,correct,CHECK,missing_feedback;unexpected_click_count_1,sub-005_ses-01_task-WorkingMemory_run-4_eeg_events.csv
sub-005,4,17,5,probe_not_shown,J,ignored_correct,,,257.42583469999954,1,,correct,CHECK,missing_feedback;unexpected_click_count_1,sub-005_ses-01_task-WorkingMemory_run-4_eeg_events.csv
sub-005,4,18,3,probe_target,N,,,,,0,,unresolved,CHECK,missing_response;missing_feedback;unexpected_click_count_0;unresolved_behavior,sub-005_ses-01_task-WorkingMemory_run-4_eeg_events.csv
sub-005,4,19,3,probe_not_shown,R,ignored_correct,,,418.2513561749947,1,,correct,CHECK,missing_feedback;unexpected_click_count_1,sub-005_ses-01_task-WorkingMemory_run-4_eeg_events.csv
sub-005,4,20,5,probe_target,F,,,,,0,,unresolved,CHECK,missing_response;missing_feedback;unexpected_click_count_0;unresolved_behavior,sub-005_ses-01_task-WorkingMemory_run-4_eeg_events.csv
sub-005,4,21,7,probe_target,D,,,,,0,,unresolved,CHECK,missing_response;missing_feedback;unexpected_click_count_0;unresolved_behavior,sub-005_ses-01_task-WorkingMemory_run-4_eeg_events.csv
sub-005,4,22,7,probe_target,H,,,,,0,,unresolved,CHECK,missing_response;missing_feedback;unexpected_click_count_0;unresolved_behavior,sub-005_ses-01_task-WorkingMemory_run-4_eeg_events.csv
sub-005,4,23,7,probe_not_shown,J,ignored_correct,,,629.9520425999945,1,,correct,CHECK,missing_feedback;unexpected_click_count_1,sub-005_ses-01_task-WorkingMemory_run-4_eeg_events.csv
sub-005,4,24,5,probe_target,Y,,,,,0,,unresolved,CHECK,missing_response;missing_feedback;unexpected_click_count_0;unresolved_behavior,sub-005_ses-01_task-WorkingMemory_run-4_eeg_events.csv
sub-005,4,25,7,probe_not_shown,V,ignored_correct,,,653.5021189749823,1,,correct,CHECK,missing_feedback;unexpected_click_count_1,sub-005_ses-01_task-WorkingMemory_run-4_eeg_events.csv
sub-006,1,1,0,,,,,,,1,,unresolved,CHECK,missing_probe;missing_response;missing_feedback;unexpected_click_count_1;unresolved_behavior,sub-006_ses-01_task-WorkingMemory_run-1_eeg_events.csv
sub-006,1,2,0,,,,,,,0,,unresolved,CHECK,missing_probe;missing_response;missing_feedback;unexpected_click_count_0;unresolved_behavior,sub-006_ses-01_task-WorkingMemory_run-1_eeg_events.csv
sub-006,1,3,3,probe_target,V,ignored_incorrect,feedback_incorrect,wrong,1273.2726928249976,1,True,wrong,CHECK,unexpected_click_count_1,sub-006_ses-01_task-WorkingMemory_run-1_eeg_events.csv
sub-006,1,4,0,,,,,,,0,,unresolved,CHECK,missing_probe;missing_response;missing_feedback;unexpected_click_count_0;unresolved_behavior,sub-006_ses-01_task-WorkingMemory_run-1_eeg_events.csv
sub-006,1,5,0,,,,,,,1,,unresolved,CHECK,missing_probe;missing_response;missing_feedback;unexpected_click_count_1;unresolved_behavior,sub-006_ses-01_task-WorkingMemory_run-1_eeg_events.csv
sub-006,1,6,3,probe_target,D,,feedback_correct,correct,,0,,correct,CHECK,missing_response;unexpected_click_count_0,sub-006_ses-01_task-WorkingMemory_run-1_eeg_events.csv
sub-006,1,7,5,probe_target,L,,feedback_correct,correct,,0,,correct,CHECK,missing_response;unexpected_click_count_0,sub-006_ses-01_task-WorkingMemory_run-1_eeg_events.csv
sub-006,1,8,5,probe_target,G,,feedback_correct,correct,,0,,correct,CHECK,missing_response;unexpected_click_count_0,sub-006_ses-01_task-WorkingMemory_run-1_eeg_events.csv
sub-006,1,9,7,probe_not_shown,L,ignored_correct,feedback_correct,correct,171.9996883499989,1,True,correct,CHECK,unexpected_click_count_1,sub-006_ses-01_task-WorkingMemory_run-1_eeg_events.csv
sub-006,1,10,7,probe_not_shown,C,ignored_correct,feedback_correct,correct,207.02462487500452,1,True,correct,CHECK,unexpected_click_count_1,sub-006_ses-01_task-WorkingMemory_run-1_eeg_events.csv
sub-006,1,11,7,probe_not_shown,G,,feedback_incorrect,wrong,,0,,wrong,CHECK,missing_response;unexpected_click_count_0,sub-006_ses-01_task-WorkingMemory_run-1_eeg_events.csv
sub-006,1,12,7,probe_not_shown,F,ignored_correct,feedback_correct,correct,265.224519424999,1,True,correct,CHECK,unexpected_click_count_1,sub-006_ses-01_task-WorkingMemory_run-1_eeg_events.csv
sub-006,1,13,3,probe_target,J,ignored_incorrect,feedback_incorrect,wrong,160.72470877500018,1,True,wrong,CHECK,unexpected_click_count_1,sub-006_ses-01_task-WorkingMemory_run-1_eeg_events.csv
sub-006,1,14,5,probe_target,L,,feedback_correct,correct,,0,,correct,CHECK,missing_response;unexpected_click_count_0,sub-006_ses-01_task-WorkingMemory_run-1_eeg_events.csv
sub-006,1,15,5,probe_not_shown,T,ignored_correct,feedback_correct,correct,239.84956539999985,1,True,correct,CHECK,unexpected_click_count_1,sub-006_ses-01_task-WorkingMemory_run-1_eeg_events.csv
sub-006,1,16,3,probe_target,V,,feedback_correct,correct,,0,,correct,CHECK,missing_response;unexpected_click_count_0,sub-006_ses-01_task-WorkingMemory_run-1_eeg_events.csv
sub-006,1,17,5,probe_not_shown,J,ignored_correct,feedback_correct,correct,261.37452640000265,1,True,correct,CHECK,unexpected_click_count_1,sub-006_ses-01_task-WorkingMemory_run-1_eeg_events.csv
sub-006,1,18,7,probe_target,M,,feedback_correct,correct,,0,,correct,CHECK,missing_response;unexpected_click_count_0,sub-006_ses-01_task-WorkingMemory_run-1_eeg_events.csv
sub-006,1,19,3,probe_not_shown,L,ignored_correct,feedback_correct,correct,176.5246801499743,1,True,correct,CHECK,unexpected_click_count_1,sub-006_ses-01_task-WorkingMemory_run-1_eeg_events.csv
sub-006,1,20,5,probe_target,R,,feedback_correct,correct,,0,,correct,CHECK,missing_response;unexpected_click_count_0,sub-006_ses-01_task-WorkingMemory_run-1_eeg_events.csv
sub-006,1,21,5,probe_target,R,,feedback_correct,correct,,0,,correct,CHECK,missing_response;unexpected_click_count_0,sub-006_ses-01_task-WorkingMemory_run-1_eeg_events.csv
sub-006,1,22,3,probe_not_shown,S,ignored_correct,feedback_correct,correct,256.52453517500544,1,True,correct,CHECK,unexpected_click_count_1,sub-006_ses-01_task-WorkingMemory_run-1_eeg_events.csv
sub-006,1,23,5,probe_target,J,,feedback_correct,correct,,0,,correct,CHECK,missing_response;unexpected_click_count_0,sub-006_ses-01_task-WorkingMemory_run-1_eeg_events.csv
sub-006,1,24,7,probe_not_shown,B,ignored_correct,feedback_correct,correct,165.6996997499955,1,True,correct,CHECK,unexpected_click_count_1,sub-006_ses-01_task-WorkingMemory_run-1_eeg_events.csv
sub-006,1,25,3,probe_target,B,,feedback_correct,correct,,0,,correct,CHECK,missing_response;unexpected_click_count_0,sub-006_ses-01_task-WorkingMemory_run-1_eeg_events.csv
sub-006,2,1,5,probe_not_shown,Z,ignored_correct,feedback_correct,correct,181.0998100249999,1,True,correct,CHECK,unexpected_click_count_1,sub-006_ses-01_task-WorkingMemory_run-2_eeg_events.csv
sub-006,2,2,7,probe_target,G,,feedback_correct,correct,,0,,correct,CHECK,missing_response;unexpected_click_count_0,sub-006_ses-01_task-WorkingMemory_run-2_eeg_events.csv
sub-006,2,3,3,probe_not_shown,X,ignored_correct,feedback_correct,correct,122.12487187499937,1,True,correct,CHECK,unexpected_click_count_1,sub-006_ses-01_task-WorkingMemory_run-2_eeg_events.csv
sub-006,2,4,7,probe_not_shown,Z,,feedback_incorrect,wrong,,0,,wrong,CHECK,missing_response;unexpected_click_count_0,sub-006_ses-01_task-WorkingMemory_run-2_eeg_events.csv
sub-006,2,5,3,probe_target,S,,feedback_correct,correct,,0,,correct,CHECK,missing_response;unexpected_click_count_0,sub-006_ses-01_task-WorkingMemory_run-2_eeg_events.csv
sub-006,2,6,5,probe_target,K,,feedback_correct,correct,,0,,correct,CHECK,missing_response;unexpected_click_count_0,sub-006_ses-01_task-WorkingMemory_run-2_eeg_events.csv
sub-006,2,7,7,probe_not_shown,X,ignored_correct,feedback_correct,correct,199.77479042499908,1,True,correct,CHECK,unexpected_click_count_1,sub-006_ses-01_task-WorkingMemory_run-2_eeg_events.csv
sub-006,2,8,5,probe_target,X,,feedback_correct,correct,,0,,correct,CHECK,missing_response;unexpected_click_count_0,sub-006_ses-01_task-WorkingMemory_run-2_eeg_events.csv
sub-006,2,9,5,probe_not_shown,L,ignored_correct,feedback_correct,correct,235.14975332500035,1,True,correct,CHECK,unexpected_click_count_1,sub-006_ses-01_task-WorkingMemory_run-2_eeg_events.csv
sub-006,2,10,7,probe_not_shown,L,ignored_correct,feedback_correct,correct,201.19978892499785,1,True,correct,CHECK,unexpected_click_count_1,sub-006_ses-01_task-WorkingMemory_run-2_eeg_events.csv
sub-006,2,11,5,probe_not_shown,J,ignored_correct,feedback_correct,correct,180.67481045000022,1,True,correct,CHECK,unexpected_click_count_1,sub-006_ses-01_task-WorkingMemory_run-2_eeg_events.csv
sub-006,2,12,5,probe_target,Q,,feedback_correct,correct,,1,,correct,CHECK,missing_response;unexpected_click_count_1,sub-006_ses-01_task-WorkingMemory_run-2_eeg_events.csv
sub-006,2,13,5,probe_target,P,,feedback_correct,correct,,0,,correct,CHECK,missing_response;unexpected_click_count_0,sub-006_ses-01_task-WorkingMemory_run-2_eeg_events.csv
sub-006,2,14,7,probe_target,X,,feedback_correct,correct,,0,,correct,CHECK,missing_response;unexpected_click_count_0,sub-006_ses-01_task-WorkingMemory_run-2_eeg_events.csv
sub-006,2,15,3,probe_target,P,,feedback_correct,correct,,0,,correct,CHECK,missing_response;unexpected_click_count_0,sub-006_ses-01_task-WorkingMemory_run-2_eeg_events.csv
sub-006,2,16,7,probe_not_shown,Y,ignored_correct,feedback_correct,correct,186.07480479999504,1,True,correct,CHECK,unexpected_click_count_1,sub-006_ses-01_task-WorkingMemory_run-2_eeg_events.csv
sub-006,2,17,3,probe_target,K,,feedback_correct,correct,,0,,correct,CHECK,missing_response;unexpected_click_count_0,sub-006_ses-01_task-WorkingMemory_run-2_eeg_events.csv
sub-006,2,18,3,probe_target,R,,feedback_correct,correct,,0,,correct,CHECK,missing_response;unexpected_click_count_0,sub-006_ses-01_task-WorkingMemory_run-2_eeg_events.csv
sub-006,2,19,3,probe_target,R,,feedback_correct,correct,,0,,correct,CHECK,missing_response;unexpected_click_count_0,sub-006_ses-01_task-WorkingMemory_run-2_eeg_events.csv
sub-006,2,20,3,probe_target,L,,feedback_correct,correct,,0,,correct,CHECK,missing_response;unexpected_click_count_0,sub-006_ses-01_task-WorkingMemory_run-2_eeg_events.csv
sub-006,2,21,7,probe_target,S,,feedback_correct,correct,,0,,correct,CHECK,missing_response;unexpected_click_count_0,sub-006_ses-01_task-WorkingMemory_run-2_eeg_events.csv
sub-006,2,22,7,probe_target,Z,,feedback_correct,correct,,0,,correct,CHECK,missing_response;unexpected_click_count_0,sub-006_ses-01_task-WorkingMemory_run-2_eeg_events.csv
sub-006,2,23,3,probe_not_shown,B,ignored_correct,feedback_correct,correct,203.39978662499925,1,True,correct,CHECK,unexpected_click_count_1,sub-006_ses-01_task-WorkingMemory_run-2_eeg_events.csv
sub-006,2,24,5,probe_not_shown,Q,ignored_correct,feedback_correct,correct,187.92480285000056,1,True,correct,CHECK,unexpected_click_count_1,sub-006_ses-01_task-WorkingMemory_run-2_eeg_events.csv
sub-006,2,25,3,probe_not_shown,Q,ignored_correct,feedback_correct,correct,215.62477380002383,1,True,correct,CHECK,unexpected_click_count_1,sub-006_ses-01_task-WorkingMemory_run-2_eeg_events.csv
sub-006,3,1,7,probe_target,R,,feedback_correct,correct,,0,,correct,CHECK,missing_response;unexpected_click_count_0,sub-006_ses-01_task-WorkingMemory_run-3_eeg_events.csv
sub-006,3,2,7,probe_not_shown,Y,ignored_correct,feedback_correct,correct,227.25017337499776,1,True,correct,CHECK,unexpected_click_count_1,sub-006_ses-01_task-WorkingMemory_run-3_eeg_events.csv
sub-006,3,3,3,probe_not_shown,Y,ignored_correct,feedback_correct,correct,359.0252739000025,1,True,correct,CHECK,unexpected_click_count_1,sub-006_ses-01_task-WorkingMemory_run-3_eeg_events.csv
sub-006,3,4,7,probe_target,W,,feedback_correct,correct,,0,,correct,CHECK,missing_response;unexpected_click_count_0,sub-006_ses-01_task-WorkingMemory_run-3_eeg_events.csv
sub-006,3,5,5,probe_target,Q,,feedback_correct,correct,,0,,correct,CHECK,missing_response;unexpected_click_count_0,sub-006_ses-01_task-WorkingMemory_run-3_eeg_events.csv
sub-006,3,6,7,probe_not_shown,P,ignored_correct,feedback_correct,correct,198.4001513750045,1,True,correct,CHECK,unexpected_click_count_1,sub-006_ses-01_task-WorkingMemory_run-3_eeg_events.csv
sub-006,3,7,7,probe_target,C,,feedback_correct,correct,,0,,correct,CHECK,missing_response;unexpected_click_count_0,sub-006_ses-01_task-WorkingMemory_run-3_eeg_events.csv
sub-006,3,8,5,probe_not_shown,G,ignored_correct,feedback_correct,correct,197.4001505999986,1,True,correct,CHECK,unexpected_click_count_1,sub-006_ses-01_task-WorkingMemory_run-3_eeg_events.csv
sub-006,3,9,5,probe_target,H,,feedback_correct,correct,,0,,correct,CHECK,missing_response;unexpected_click_count_0,sub-006_ses-01_task-WorkingMemory_run-3_eeg_events.csv
sub-006,3,10,7,probe_target,V,,feedback_correct,correct,,1,,correct,CHECK,missing_response;unexpected_click_count_1,sub-006_ses-01_task-WorkingMemory_run-3_eeg_events.csv
sub-006,3,11,3,probe_not_shown,M,ignored_correct,feedback_correct,correct,261.62519960001373,1,True,correct,CHECK,unexpected_click_count_1,sub-006_ses-01_task-WorkingMemory_run-3_eeg_events.csv
sub-006,3,12,5,probe_target,W,,feedback_correct,correct,,1,,correct,CHECK,missing_response;unexpected_click_count_1,sub-006_ses-01_task-WorkingMemory_run-3_eeg_events.csv
sub-006,3,13,3,probe_target,B,,feedback_correct,correct,,1,,correct,CHECK,missing_response;unexpected_click_count_1,sub-006_ses-01_task-WorkingMemory_run-3_eeg_events.csv
sub-006,3,14,5,probe_not_shown,H,ignored_correct,feedback_correct,correct,166.37512694999168,1,True,correct,CHECK,unexpected_click_count_1,sub-006_ses-01_task-WorkingMemory_run-3_eeg_events.csv
sub-006,3,15,5,probe_not_shown,B,ignored_correct,feedback_correct,correct,236.6001804999978,1,True,correct,CHECK,unexpected_click_count_1,sub-006_ses-01_task-WorkingMemory_run-3_eeg_events.csv
sub-006,3,16,5,probe_not_shown,V,ignored_correct,feedback_correct,correct,198.3001512750052,1,True,correct,CHECK,unexpected_click_count_1,sub-006_ses-01_task-WorkingMemory_run-3_eeg_events.csv
sub-006,3,17,3,probe_target,R,,feedback_correct,correct,,0,,correct,CHECK,missing_response;unexpected_click_count_0,sub-006_ses-01_task-WorkingMemory_run-3_eeg_events.csv
sub-006,3,18,3,probe_target,K,,feedback_correct,correct,,0,,correct,CHECK,missing_response;unexpected_click_count_0,sub-006_ses-01_task-WorkingMemory_run-3_eeg_events.csv
sub-006,3,19,3,probe_not_shown,F,ignored_correct,feedback_correct,correct,182.97513960000651,1,True,correct,CHECK,unexpected_click_count_1,sub-006_ses-01_task-WorkingMemory_run-3_eeg_events.csv
sub-006,3,20,7,probe_target,G,,feedback_correct,correct,,1,,correct,CHECK,missing_response;unexpected_click_count_1,sub-006_ses-01_task-WorkingMemory_run-3_eeg_events.csv
sub-006,3,21,3,probe_target,T,,,,,1,,unresolved,CHECK,missing_response;missing_feedback;unexpected_click_count_1;unresolved_behavior,sub-006_ses-01_task-WorkingMemory_run-3_eeg_events.csv
sub-006,3,22,3,probe_not_shown,Z,ignored_correct,feedback_correct,correct,269.50020559999393,1,True,correct,CHECK,unexpected_click_count_1,sub-006_ses-01_task-WorkingMemory_run-3_eeg_events.csv
sub-006,3,23,5,probe_target,F,ignored_incorrect,feedback_incorrect,wrong,175.35013377500582,1,True,wrong,CHECK,unexpected_click_count_1,sub-006_ses-01_task-WorkingMemory_run-3_eeg_events.csv
sub-006,3,24,7,probe_target,P,,feedback_correct,correct,,1,,correct,CHECK,missing_response;unexpected_click_count_1,sub-006_ses-01_task-WorkingMemory_run-3_eeg_events.csv
sub-006,3,25,7,probe_target,N,,feedback_correct,correct,,1,,correct,CHECK,missing_response;unexpected_click_count_1,sub-006_ses-01_task-WorkingMemory_run-3_eeg_events.csv
sub-006,4,1,3,probe_target,C,,feedback_correct,correct,,1,,correct,CHECK,missing_response;unexpected_click_count_1,sub-006_ses-01_task-WorkingMemory_run-4_eeg_events.csv
sub-006,4,2,5,probe_target,Y,,feedback_correct,correct,,1,,correct,CHECK,missing_response;unexpected_click_count_1,sub-006_ses-01_task-WorkingMemory_run-4_eeg_events.csv
sub-006,4,3,7,probe_not_shown,V,ignored_correct,feedback_correct,correct,155.09912729999996,1,True,correct,CHECK,unexpected_click_count_1,sub-006_ses-01_task-WorkingMemory_run-4_eeg_events.csv
sub-006,4,4,5,probe_target,F,,feedback_correct,correct,,1,,correct,CHECK,missing_response;unexpected_click_count_1,sub-006_ses-01_task-WorkingMemory_run-4_eeg_events.csv
sub-006,4,5,5,probe_not_shown,K,ignored_correct,feedback_correct,correct,201.57386580000093,1,True,correct,CHECK,unexpected_click_count_1,sub-006_ses-01_task-WorkingMemory_run-4_eeg_events.csv
sub-006,4,6,3,probe_not_shown,J,ignored_correct,feedback_correct,correct,148.44916472499972,1,True,correct,CHECK,unexpected_click_count_1,sub-006_ses-01_task-WorkingMemory_run-4_eeg_events.csv
sub-006,4,7,7,probe_target,H,,feedback_correct,correct,,1,,correct,CHECK,missing_response;unexpected_click_count_1,sub-006_ses-01_task-WorkingMemory_run-4_eeg_events.csv
sub-006,4,8,7,probe_not_shown,K,ignored_correct,feedback_correct,correct,184.92395947500336,1,True,correct,CHECK,unexpected_click_count_1,sub-006_ses-01_task-WorkingMemory_run-4_eeg_events.csv
sub-006,4,9,5,probe_not_shown,Z,ignored_correct,feedback_correct,correct,196.29889549999643,1,True,correct,CHECK,unexpected_click_count_1,sub-006_ses-01_task-WorkingMemory_run-4_eeg_events.csv
sub-006,4,10,7,probe_target,D,,feedback_correct,correct,,1,,correct,CHECK,missing_response;unexpected_click_count_1,sub-006_ses-01_task-WorkingMemory_run-4_eeg_events.csv
sub-006,4,11,5,probe_not_shown,B,ignored_correct,feedback_correct,correct,136.67423097499704,1,True,correct,CHECK,unexpected_click_count_1,sub-006_ses-01_task-WorkingMemory_run-4_eeg_events.csv
sub-006,4,12,7,probe_not_shown,Q,ignored_correct,feedback_correct,correct,164.29907552499208,1,True,correct,CHECK,unexpected_click_count_1,sub-006_ses-01_task-WorkingMemory_run-4_eeg_events.csv
sub-006,4,13,3,probe_target,S,,feedback_correct,correct,,1,,correct,CHECK,missing_response;unexpected_click_count_1,sub-006_ses-01_task-WorkingMemory_run-4_eeg_events.csv
sub-006,4,14,3,probe_not_shown,X,ignored_correct,feedback_correct,correct,156.32412039999326,1,True,correct,CHECK,unexpected_click_count_1,sub-006_ses-01_task-WorkingMemory_run-4_eeg_events.csv
sub-006,4,15,5,probe_not_shown,J,ignored_correct,feedback_correct,correct,220.52375917500467,1,True,correct,CHECK,unexpected_click_count_1,sub-006_ses-01_task-WorkingMemory_run-4_eeg_events.csv
sub-006,4,16,5,probe_target,L,ignored_incorrect,feedback_incorrect,wrong,708.2210150500032,1,True,wrong,CHECK,unexpected_click_count_1,sub-006_ses-01_task-WorkingMemory_run-4_eeg_events.csv
sub-006,4,17,5,probe_not_shown,B,ignored_correct,feedback_correct,correct,203.12385707499925,1,True,correct,CHECK,unexpected_click_count_1,sub-006_ses-01_task-WorkingMemory_run-4_eeg_events.csv
sub-006,4,18,7,probe_not_shown,D,ignored_correct,feedback_correct,correct,180.47398452500056,1,True,correct,CHECK,unexpected_click_count_1,sub-006_ses-01_task-WorkingMemory_run-4_eeg_events.csv
sub-006,4,19,7,probe_not_shown,J,ignored_correct,feedback_correct,correct,181.07398115000979,1,True,correct,CHECK,unexpected_click_count_1,sub-006_ses-01_task-WorkingMemory_run-4_eeg_events.csv
sub-006,4,20,5,probe_target,M,,feedback_correct,correct,,1,,correct,CHECK,missing_response;unexpected_click_count_1,sub-006_ses-01_task-WorkingMemory_run-4_eeg_events.csv
sub-006,4,21,7,probe_target,K,,feedback_correct,correct,,1,,correct,CHECK,missing_response;unexpected_click_count_1,sub-006_ses-01_task-WorkingMemory_run-4_eeg_events.csv
sub-006,4,22,3,probe_target,N,,feedback_correct,correct,,1,,correct,CHECK,missing_response;unexpected_click_count_1,sub-006_ses-01_task-WorkingMemory_run-4_eeg_events.csv
sub-006,4,23,3,probe_not_shown,B,ignored_correct,feedback_correct,correct,181.34897962499235,1,True,correct,CHECK,unexpected_click_count_1,sub-006_ses-01_task-WorkingMemory_run-4_eeg_events.csv
sub-006,4,24,3,probe_not_shown,S,ignored_correct,feedback_correct,correct,188.8739372749842,1,True,correct,CHECK,unexpected_click_count_1,sub-006_ses-01_task-WorkingMemory_run-4_eeg_events.csv
sub-006,4,25,3,probe_not_shown,R,ignored_correct,feedback_correct,correct,154.1991323500115,1,True,correct,CHECK,unexpected_click_count_1,sub-006_ses-01_task-WorkingMemory_run-4_eeg_events.csv
sub-007,1,1,5,probe_target,R,,feedback_correct,correct,,0,,correct,CHECK,missing_response;unexpected_click_count_0,sub-007_ses-01_task-WorkingMemory_run-1_eeg_events.csv
sub-007,1,2,7,probe_not_shown,G,ignored_correct,feedback_correct,correct,220.5995792499998,2,True,correct,OK,,sub-007_ses-01_task-WorkingMemory_run-1_eeg_events.csv
sub-007,1,3,3,probe_target,V,,,,,0,,unresolved,CHECK,missing_response;missing_feedback;unexpected_click_count_0;unresolved_behavior,sub-007_ses-01_task-WorkingMemory_run-1_eeg_events.csv
sub-007,1,4,7,probe_not_shown,F,ignored_correct,feedback_correct,correct,213.02459367500342,2,True,correct,OK,,sub-007_ses-01_task-WorkingMemory_run-1_eeg_events.csv
sub-007,1,5,3,probe_target,J,,feedback_correct,correct,,0,,correct,CHECK,missing_response;unexpected_click_count_0,sub-007_ses-01_task-WorkingMemory_run-1_eeg_events.csv
sub-007,1,6,5,probe_target,L,,feedback_correct,correct,,0,,correct,CHECK,missing_response;unexpected_click_count_0,sub-007_ses-01_task-WorkingMemory_run-1_eeg_events.csv
sub-007,1,7,7,probe_target,Z,,feedback_correct,correct,,0,,correct,CHECK,missing_response;unexpected_click_count_0,sub-007_ses-01_task-WorkingMemory_run-1_eeg_events.csv
sub-007,1,8,3,probe_target,V,,feedback_correct,correct,,0,,correct,CHECK,missing_response;unexpected_click_count_0,sub-007_ses-01_task-WorkingMemory_run-1_eeg_events.csv
sub-007,1,9,3,probe_target,D,,feedback_correct,correct,,0,,correct,CHECK,missing_response;unexpected_click_count_0,sub-007_ses-01_task-WorkingMemory_run-1_eeg_events.csv
sub-007,1,10,5,probe_not_shown,J,ignored_correct,feedback_correct,correct,192.89963205000095,2,True,correct,OK,,sub-007_ses-01_task-WorkingMemory_run-1_eeg_events.csv
sub-007,1,11,3,probe_target,C,,feedback_correct,correct,,0,,correct,CHECK,missing_response;unexpected_click_count_0,sub-007_ses-01_task-WorkingMemory_run-1_eeg_events.csv
sub-007,1,12,5,probe_target,G,,feedback_correct,correct,,0,,correct,CHECK,missing_response;unexpected_click_count_0,sub-007_ses-01_task-WorkingMemory_run-1_eeg_events.csv
sub-007,1,13,7,probe_not_shown,L,ignored_correct,feedback_correct,correct,250.52452214999357,2,True,correct,OK,,sub-007_ses-01_task-WorkingMemory_run-1_eeg_events.csv
sub-007,1,14,5,probe_target,R,,feedback_correct,correct,,0,,correct,CHECK,missing_response;unexpected_click_count_0,sub-007_ses-01_task-WorkingMemory_run-1_eeg_events.csv
sub-007,1,15,3,probe_target,B,,feedback_correct,correct,,0,,correct,CHECK,missing_response;unexpected_click_count_0,sub-007_ses-01_task-WorkingMemory_run-1_eeg_events.csv
sub-007,1,16,5,probe_target,J,,feedback_correct,correct,,0,,correct,CHECK,missing_response;unexpected_click_count_0,sub-007_ses-01_task-WorkingMemory_run-1_eeg_events.csv
sub-007,1,17,5,probe_not_shown,Q,ignored_correct,feedback_correct,correct,671.9487183750025,2,True,correct,OK,,sub-007_ses-01_task-WorkingMemory_run-1_eeg_events.csv
sub-007,1,18,7,probe_target,B,,feedback_correct,correct,,0,,correct,CHECK,missing_response;unexpected_click_count_0,sub-007_ses-01_task-WorkingMemory_run-1_eeg_events.csv
sub-007,1,19,5,probe_target,L,,feedback_correct,correct,,0,,correct,CHECK,missing_response;unexpected_click_count_0,sub-007_ses-01_task-WorkingMemory_run-1_eeg_events.csv
sub-007,1,20,3,probe_not_shown,L,ignored_correct,feedback_correct,correct,360.9243115999998,2,True,correct,OK,,sub-007_ses-01_task-WorkingMemory_run-1_eeg_events.csv
sub-007,1,21,7,probe_not_shown,B,ignored_correct,feedback_correct,correct,341.6493483499944,2,True,correct,OK,,sub-007_ses-01_task-WorkingMemory_run-1_eeg_events.csv
sub-007,1,22,7,probe_target,M,,feedback_correct,correct,,0,,correct,CHECK,missing_response;unexpected_click_count_0,sub-007_ses-01_task-WorkingMemory_run-1_eeg_events.csv
sub-007,1,23,7,probe_not_shown,C,ignored_correct,feedback_correct,correct,190.37463690000004,2,True,correct,OK,,sub-007_ses-01_task-WorkingMemory_run-1_eeg_events.csv
sub-007,1,24,5,probe_not_shown,T,ignored_correct,feedback_correct,correct,321.2493872750201,2,True,correct,OK,,sub-007_ses-01_task-WorkingMemory_run-1_eeg_events.csv
sub-007,1,25,3,probe_not_shown,S,ignored_correct,feedback_correct,correct,362.22430910001276,2,True,correct,OK,,sub-007_ses-01_task-WorkingMemory_run-1_eeg_events.csv
sub-007,2,1,7,probe_target,S,,feedback_correct,correct,,0,,correct,CHECK,missing_response;unexpected_click_count_0,sub-007_ses-01_task-WorkingMemory_run-2_eeg_events.csv
sub-007,2,2,3,probe_target,L,,feedback_correct,correct,,0,,correct,CHECK,missing_response;unexpected_click_count_0,sub-007_ses-01_task-WorkingMemory_run-2_eeg_events.csv
sub-007,2,3,7,probe_not_shown,Z,ignored_correct,feedback_correct,correct,836.8707700250015,2,True,correct,OK,,sub-007_ses-01_task-WorkingMemory_run-2_eeg_events.csv
sub-007,2,4,7,probe_not_shown,Y,ignored_correct,feedback_correct,correct,379.7480805499981,2,True,correct,OK,,sub-007_ses-01_task-WorkingMemory_run-2_eeg_events.csv
sub-007,2,5,5,probe_target,Q,,feedback_correct,correct,,0,,correct,CHECK,missing_response;unexpected_click_count_0,sub-007_ses-01_task-WorkingMemory_run-2_eeg_events.csv
sub-007,2,6,7,probe_not_shown,X,ignored_correct,feedback_correct,correct,167.27415450000262,2,True,correct,OK,,sub-007_ses-01_task-WorkingMemory_run-2_eeg_events.csv
sub-007,2,7,3,probe_not_shown,Q,ignored_correct,feedback_correct,correct,218.17389725000248,2,True,correct,OK,,sub-007_ses-01_task-WorkingMemory_run-2_eeg_events.csv
sub-007,2,8,5,probe_target,P,,feedback_correct,correct,,0,,correct,CHECK,missing_response;unexpected_click_count_0,sub-007_ses-01_task-WorkingMemory_run-2_eeg_events.csv
sub-007,2,9,5,probe_target,K,,,,,0,,unresolved,CHECK,missing_response;missing_feedback;unexpected_click_count_0;unresolved_behavior,sub-007_ses-01_task-WorkingMemory_run-2_eeg_events.csv
sub-007,2,10,3,probe_target,R,,feedback_correct,correct,,0,,correct,CHECK,missing_response;unexpected_click_count_0,sub-007_ses-01_task-WorkingMemory_run-2_eeg_events.csv
sub-007,2,11,5,probe_not_shown,J,ignored_correct,feedback_correct,correct,359.5981824249975,2,True,correct,OK,,sub-007_ses-01_task-WorkingMemory_run-2_eeg_events.csv
sub-007,2,12,3,probe_target,P,,,,,0,,unresolved,CHECK,missing_response;missing_feedback;unexpected_click_count_0;unresolved_behavior,sub-007_ses-01_task-WorkingMemory_run-2_eeg_events.csv
sub-007,2,13,3,probe_target,R,,,,,0,,unresolved,CHECK,missing_response;missing_feedback;unexpected_click_count_0;unresolved_behavior,sub-007_ses-01_task-WorkingMemory_run-2_eeg_events.csv
sub-007,2,14,3,probe_target,K,,,,,0,,unresolved,CHECK,missing_response;missing_feedback;unexpected_click_count_0;unresolved_behavior,sub-007_ses-01_task-WorkingMemory_run-2_eeg_events.csv
sub-007,2,15,3,probe_target,S,,feedback_correct,correct,,0,,correct,CHECK,missing_response;unexpected_click_count_0,sub-007_ses-01_task-WorkingMemory_run-2_eeg_events.csv
sub-007,2,16,5,probe_target,X,,feedback_correct,correct,,0,,correct,CHECK,missing_response;unexpected_click_count_0,sub-007_ses-01_task-WorkingMemory_run-2_eeg_events.csv
sub-007,2,17,5,probe_not_shown,L,ignored_correct,feedback_correct,correct,235.32381055000587,2,True,correct,OK,,sub-007_ses-01_task-WorkingMemory_run-2_eeg_events.csv
sub-007,2,18,3,probe_not_shown,B,ignored_correct,feedback_correct,correct,230.04883722499653,2,True,correct,OK,,sub-007_ses-01_task-WorkingMemory_run-2_eeg_events.csv
sub-007,2,19,7,probe_target,Z,,feedback_correct,correct,,0,,correct,CHECK,missing_response;unexpected_click_count_0,sub-007_ses-01_task-WorkingMemory_run-2_eeg_events.csv
sub-007,2,20,3,probe_not_shown,X,ignored_correct,feedback_correct,correct,242.24877554998966,2,True,correct,OK,,sub-007_ses-01_task-WorkingMemory_run-2_eeg_events.csv
sub-007,2,21,5,probe_not_shown,Z,ignored_correct,feedback_correct,correct,489.59752532500715,2,True,correct,OK,,sub-007_ses-01_task-WorkingMemory_run-2_eeg_events.csv
sub-007,2,22,7,probe_target,X,,feedback_correct,correct,,0,,correct,CHECK,missing_response;unexpected_click_count_0,sub-007_ses-01_task-WorkingMemory_run-2_eeg_events.csv
sub-007,2,23,5,probe_not_shown,Q,ignored_correct,feedback_correct,correct,299.9734837750002,2,True,correct,OK,,sub-007_ses-01_task-WorkingMemory_run-2_eeg_events.csv
sub-007,2,24,7,probe_not_shown,L,ignored_correct,feedback_correct,correct,384.4480567999999,2,True,correct,OK,,sub-007_ses-01_task-WorkingMemory_run-2_eeg_events.csv
sub-007,2,25,7,probe_target,G,,feedback_correct,correct,,0,,correct,CHECK,missing_response;unexpected_click_count_0,sub-007_ses-01_task-WorkingMemory_run-2_eeg_events.csv
sub-007,3,1,5,probe_not_shown,G,ignored_correct,feedback_correct,correct,489.7738323000003,2,True,correct,OK,,sub-007_ses-01_task-WorkingMemory_run-3_eeg_events.csv
sub-007,3,2,5,probe_not_shown,H,ignored_correct,feedback_correct,correct,259.77438065000024,2,True,correct,OK,,sub-007_ses-01_task-WorkingMemory_run-3_eeg_events.csv
sub-007,3,3,3,probe_not_shown,Y,ignored_correct,feedback_correct,correct,447.24893367500044,2,True,correct,OK,,sub-007_ses-01_task-WorkingMemory_run-3_eeg_events.csv
sub-007,3,4,7,probe_target,R,ignored_incorrect,feedback_incorrect,wrong,678.8733814250008,2,True,wrong,OK,,sub-007_ses-01_task-WorkingMemory_run-3_eeg_events.csv
sub-007,3,5,3,probe_target,K,,feedback_correct,correct,,0,,correct,CHECK,missing_response;unexpected_click_count_0,sub-007_ses-01_task-WorkingMemory_run-3_eeg_events.csv
sub-007,3,6,7,probe_not_shown,P,ignored_correct,feedback_correct,correct,302.0742797999992,2,True,correct,OK,,sub-007_ses-01_task-WorkingMemory_run-3_eeg_events.csv
sub-007,3,7,7,probe_not_shown,Y,ignored_correct,feedback_correct,correct,311.6492569749971,2,True,correct,OK,,sub-007_ses-01_task-WorkingMemory_run-3_eeg_events.csv
sub-007,3,8,3,probe_target,R,,feedback_correct,correct,,0,,correct,CHECK,missing_response;unexpected_click_count_0,sub-007_ses-01_task-WorkingMemory_run-3_eeg_events.csv
sub-007,3,9,3,probe_target,B,,,,,0,,unresolved,CHECK,missing_response;missing_feedback;unexpected_click_count_0;unresolved_behavior,sub-007_ses-01_task-WorkingMemory_run-3_eeg_events.csv
sub-007,3,10,7,probe_target,P,,feedback_correct,correct,,0,,correct,CHECK,missing_response;unexpected_click_count_0,sub-007_ses-01_task-WorkingMemory_run-3_eeg_events.csv
sub-007,3,11,7,probe_target,G,,feedback_correct,correct,,0,,correct,CHECK,missing_response;unexpected_click_count_0,sub-007_ses-01_task-WorkingMemory_run-3_eeg_events.csv
sub-007,3,12,5,probe_not_shown,V,ignored_correct,feedback_correct,correct,281.9243278500071,2,True,correct,OK,,sub-007_ses-01_task-WorkingMemory_run-3_eeg_events.csv
sub-007,3,13,3,probe_target,T,,feedback_correct,correct,,1,,correct,CHECK,missing_response;unexpected_click_count_1,sub-007_ses-01_task-WorkingMemory_run-3_eeg_events.csv
sub-007,3,14,5,probe_target,W,,feedback_correct,correct,,0,,correct,CHECK,missing_response;unexpected_click_count_0,sub-007_ses-01_task-WorkingMemory_run-3_eeg_events.csv
sub-007,3,15,3,probe_not_shown,F,ignored_correct,feedback_correct,correct,222.04947059998813,2,True,correct,OK,,sub-007_ses-01_task-WorkingMemory_run-3_eeg_events.csv
sub-007,3,16,5,probe_target,Q,,,,,0,,unresolved,CHECK,missing_response;missing_feedback;unexpected_click_count_0;unresolved_behavior,sub-007_ses-01_task-WorkingMemory_run-3_eeg_events.csv
sub-007,3,17,3,probe_not_shown,M,ignored_correct,feedback_correct,correct,275.27434370000265,2,True,correct,OK,,sub-007_ses-01_task-WorkingMemory_run-3_eeg_events.csv
sub-007,3,18,5,probe_target,F,,feedback_correct,correct,,0,,correct,CHECK,missing_response;unexpected_click_count_0,sub-007_ses-01_task-WorkingMemory_run-3_eeg_events.csv
sub-007,3,19,7,probe_target,W,,feedback_correct,correct,,0,,correct,CHECK,missing_response;unexpected_click_count_0,sub-007_ses-01_task-WorkingMemory_run-3_eeg_events.csv
sub-007,3,20,7,probe_target,C,,feedback_correct,correct,,0,,correct,CHECK,missing_response;unexpected_click_count_0,sub-007_ses-01_task-WorkingMemory_run-3_eeg_events.csv
sub-007,3,21,5,probe_not_shown,B,ignored_correct,feedback_correct,correct,183.8495616500004,2,True,correct,OK,,sub-007_ses-01_task-WorkingMemory_run-3_eeg_events.csv
sub-007,3,22,7,probe_target,V,,feedback_correct,correct,,0,,correct,CHECK,missing_response;unexpected_click_count_0,sub-007_ses-01_task-WorkingMemory_run-3_eeg_events.csv
sub-007,3,23,7,probe_target,N,,feedback_correct,correct,,0,,correct,CHECK,missing_response;unexpected_click_count_0,sub-007_ses-01_task-WorkingMemory_run-3_eeg_events.csv
sub-007,3,24,5,probe_target,H,,feedback_correct,correct,,0,,correct,CHECK,missing_response;unexpected_click_count_0,sub-007_ses-01_task-WorkingMemory_run-3_eeg_events.csv
sub-007,3,25,3,probe_not_shown,Z,ignored_correct,feedback_correct,correct,255.69939037502627,2,True,correct,OK,,sub-007_ses-01_task-WorkingMemory_run-3_eeg_events.csv
sub-007,4,1,5,probe_not_shown,B,ignored_correct,feedback_correct,correct,209.42500000000018,2,True,correct,OK,,sub-007_ses-01_task-WorkingMemory_run-4_eeg_events.csv
sub-007,4,2,5,probe_not_shown,Z,ignored_correct,feedback_correct,correct,284.6749999999993,2,True,correct,OK,,sub-007_ses-01_task-WorkingMemory_run-4_eeg_events.csv
sub-007,4,3,3,probe_target,C,,feedback_correct,correct,,0,,correct,CHECK,missing_response;unexpected_click_count_0,sub-007_ses-01_task-WorkingMemory_run-4_eeg_events.csv
sub-007,4,4,7,probe_not_shown,K,ignored_correct,feedback_correct,correct,454.375,2,True,correct,OK,,sub-007_ses-01_task-WorkingMemory_run-4_eeg_events.csv
sub-007,4,5,5,probe_target,Y,,feedback_correct,correct,,0,,correct,CHECK,missing_response;unexpected_click_count_0,sub-007_ses-01_task-WorkingMemory_run-4_eeg_events.csv
sub-007,4,6,5,probe_target,M,,feedback_correct,correct,,0,,correct,CHECK,missing_response;unexpected_click_count_0,sub-007_ses-01_task-WorkingMemory_run-4_eeg_events.csv
sub-007,4,7,5,probe_not_shown,K,ignored_correct,feedback_correct,correct,273.8750000000073,2,True,correct,OK,,sub-007_ses-01_task-WorkingMemory_run-4_eeg_events.csv
sub-007,4,8,3,probe_not_shown,X,ignored_correct,,,229.97499999999854,2,,correct,CHECK,missing_feedback,sub-007_ses-01_task-WorkingMemory_run-4_eeg_events.csv
sub-007,4,9,7,probe_not_shown,J,ignored_correct,feedback_correct,correct,261.65000000000146,2,True,correct,OK,,sub-007_ses-01_task-WorkingMemory_run-4_eeg_events.csv
sub-007,4,10,7,probe_target,H,,feedback_correct,correct,,0,,correct,CHECK,missing_response;unexpected_click_count_0,sub-007_ses-01_task-WorkingMemory_run-4_eeg_events.csv
sub-007,4,11,3,probe_target,N,,feedback_correct,correct,,0,,correct,CHECK,missing_response;unexpected_click_count_0,sub-007_ses-01_task-WorkingMemory_run-4_eeg_events.csv
sub-007,4,12,7,probe_target,D,,feedback_correct,correct,,0,,correct,CHECK,missing_response;unexpected_click_count_0,sub-007_ses-01_task-WorkingMemory_run-4_eeg_events.csv
sub-007,4,13,3,probe_target,S,,,,,0,,unresolved,CHECK,missing_response;missing_feedback;unexpected_click_count_0;unresolved_behavior,sub-007_ses-01_task-WorkingMemory_run-4_eeg_events.csv
sub-007,4,14,7,probe_not_shown,D,ignored_correct,feedback_correct,correct,375.5,2,True,correct,OK,,sub-007_ses-01_task-WorkingMemory_run-4_eeg_events.csv
sub-007,4,15,5,probe_target,F,,feedback_correct,correct,,0,,correct,CHECK,missing_response;unexpected_click_count_0,sub-007_ses-01_task-WorkingMemory_run-4_eeg_events.csv
sub-007,4,16,5,probe_not_shown,J,ignored_correct,feedback_correct,correct,194.85000000000582,2,True,correct,OK,,sub-007_ses-01_task-WorkingMemory_run-4_eeg_events.csv
sub-007,4,17,3,probe_not_shown,B,ignored_correct,feedback_correct,correct,153.1750000000029,2,True,correct,OK,,sub-007_ses-01_task-WorkingMemory_run-4_eeg_events.csv
sub-007,4,18,5,probe_target,L,,feedback_correct,correct,,0,,correct,CHECK,missing_response;unexpected_click_count_0,sub-007_ses-01_task-WorkingMemory_run-4_eeg_events.csv
sub-007,4,19,3,probe_not_shown,J,ignored_correct,feedback_correct,correct,157.25,2,True,correct,OK,,sub-007_ses-01_task-WorkingMemory_run-4_eeg_events.csv
sub-007,4,20,7,probe_not_shown,Q,ignored_correct,feedback_correct,correct,525.5749999999971,2,True,correct,OK,,sub-007_ses-01_task-WorkingMemory_run-4_eeg_events.csv
sub-007,4,21,7,probe_not_shown,V,ignored_correct,feedback_correct,correct,353.6750000000029,2,True,correct,OK,,sub-007_ses-01_task-WorkingMemory_run-4_eeg_events.csv
sub-007,4,22,7,probe_target,K,,feedback_correct,correct,,0,,correct,CHECK,missing_response;unexpected_click_count_0,sub-007_ses-01_task-WorkingMemory_run-4_eeg_events.csv
sub-007,4,23,3,probe_not_shown,R,ignored_correct,feedback_correct,correct,318.7250000000204,2,True,correct,OK,,sub-007_ses-01_task-WorkingMemory_run-4_eeg_events.csv
sub-007,4,24,3,probe_not_shown,S,ignored_correct,feedback_correct,correct,283.4749999999767,2,True,correct,OK,,sub-007_ses-01_task-WorkingMemory_run-4_eeg_events.csv
sub-007,4,25,5,probe_not_shown,B,ignored_correct,feedback_correct,correct,184.4999999999709,2,True,correct,OK,,sub-007_ses-01_task-WorkingMemory_run-4_eeg_events.csv
sub-008,1,1,0,,,,,,,0,,unresolved,CHECK,missing_probe;missing_response;missing_feedback;unexpected_click_count_0;unresolved_behavior,sub-008_ses-01_task-WorkingMemory_run-1_eeg_events.csv
sub-008,1,2,5,probe_not_shown,J,ignored_correct,feedback_correct,correct,247.09959937500025,1,True,correct,CHECK,unexpected_click_count_1,sub-008_ses-01_task-WorkingMemory_run-1_eeg_events.csv
sub-008,1,3,7,probe_target,M,,feedback_correct,correct,,0,,correct,CHECK,missing_response;unexpected_click_count_0,sub-008_ses-01_task-WorkingMemory_run-1_eeg_events.csv
sub-008,1,4,3,probe_not_shown,S,ignored_correct,feedback_correct,correct,211.4746571249998,1,True,correct,CHECK,unexpected_click_count_1,sub-008_ses-01_task-WorkingMemory_run-1_eeg_events.csv
sub-008,1,5,7,probe_not_shown,F,ignored_correct,feedback_correct,correct,305.69950439999957,1,True,correct,CHECK,unexpected_click_count_1,sub-008_ses-01_task-WorkingMemory_run-1_eeg_events.csv
sub-008,1,6,7,probe_not_shown,C,ignored_correct,feedback_correct,correct,168.49972682500083,1,True,correct,CHECK,unexpected_click_count_1,sub-008_ses-01_task-WorkingMemory_run-1_eeg_events.csv
sub-008,1,7,5,probe_target,G,,feedback_correct,correct,,0,,correct,CHECK,missing_response;unexpected_click_count_0,sub-008_ses-01_task-WorkingMemory_run-1_eeg_events.csv
sub-008,1,8,3,probe_target,D,,feedback_correct,correct,,0,,correct,CHECK,missing_response;unexpected_click_count_0,sub-008_ses-01_task-WorkingMemory_run-1_eeg_events.csv
sub-008,1,9,3,probe_target,B,,feedback_correct,correct,,0,,correct,CHECK,missing_response;unexpected_click_count_0,sub-008_ses-01_task-WorkingMemory_run-1_eeg_events.csv
sub-008,1,10,5,probe_target,L,,feedback_correct,correct,,0,,correct,CHECK,missing_response;unexpected_click_count_0,sub-008_ses-01_task-WorkingMemory_run-1_eeg_events.csv
sub-008,1,11,3,probe_target,J,,feedback_correct,correct,,0,,correct,CHECK,missing_response;unexpected_click_count_0,sub-008_ses-01_task-WorkingMemory_run-1_eeg_events.csv
sub-008,1,12,3,probe_not_shown,L,ignored_correct,feedback_correct,correct,197.0246805749921,1,True,correct,CHECK,unexpected_click_count_1,sub-008_ses-01_task-WorkingMemory_run-1_eeg_events.csv
sub-008,1,13,5,probe_target,R,,feedback_correct,correct,,0,,correct,CHECK,missing_response;unexpected_click_count_0,sub-008_ses-01_task-WorkingMemory_run-1_eeg_events.csv
sub-008,1,14,3,probe_target,C,,feedback_correct,correct,,0,,correct,CHECK,missing_response;unexpected_click_count_0,sub-008_ses-01_task-WorkingMemory_run-1_eeg_events.csv
sub-008,1,15,7,probe_not_shown,G,ignored_correct,feedback_correct,correct,237.99961415000143,1,True,correct,CHECK,unexpected_click_count_1,sub-008_ses-01_task-WorkingMemory_run-1_eeg_events.csv
sub-008,1,16,7,probe_not_shown,L,ignored_correct,feedback_correct,correct,174.52471704999334,1,True,correct,CHECK,unexpected_click_count_1,sub-008_ses-01_task-WorkingMemory_run-1_eeg_events.csv
sub-008,1,17,7,probe_not_shown,B,ignored_correct,feedback_correct,correct,190.8746905500011,1,True,correct,CHECK,unexpected_click_count_1,sub-008_ses-01_task-WorkingMemory_run-1_eeg_events.csv
sub-008,1,18,7,probe_target,Z,,feedback_correct,correct,,1,,correct,CHECK,missing_response;unexpected_click_count_1,sub-008_ses-01_task-WorkingMemory_run-1_eeg_events.csv
sub-008,1,19,3,probe_target,V,,feedback_correct,correct,,0,,correct,CHECK,missing_response;unexpected_click_count_0,sub-008_ses-01_task-WorkingMemory_run-1_eeg_events.csv
sub-008,1,20,3,probe_target,V,,feedback_correct,correct,,0,,correct,CHECK,missing_response;unexpected_click_count_0,sub-008_ses-01_task-WorkingMemory_run-1_eeg_events.csv
sub-008,1,21,5,probe_target,L,,feedback_correct,correct,,0,,correct,CHECK,missing_response;unexpected_click_count_0,sub-008_ses-01_task-WorkingMemory_run-1_eeg_events.csv
sub-008,1,22,5,probe_target,R,,feedback_correct,correct,,0,,correct,CHECK,missing_response;unexpected_click_count_0,sub-008_ses-01_task-WorkingMemory_run-1_eeg_events.csv
sub-008,1,23,7,probe_target,B,,feedback_correct,correct,,0,,correct,CHECK,missing_response;unexpected_click_count_0,sub-008_ses-01_task-WorkingMemory_run-1_eeg_events.csv
sub-008,1,24,5,probe_not_shown,Q,ignored_correct,feedback_correct,correct,234.2246202749957,1,True,correct,CHECK,unexpected_click_count_1,sub-008_ses-01_task-WorkingMemory_run-1_eeg_events.csv
sub-008,1,25,5,probe_not_shown,T,ignored_correct,feedback_correct,correct,170.2247240249999,1,True,correct,CHECK,unexpected_click_count_1,sub-008_ses-01_task-WorkingMemory_run-1_eeg_events.csv
sub-008,2,1,7,probe_not_shown,Z,ignored_correct,feedback_correct,correct,284.8256519000006,1,True,correct,CHECK,unexpected_click_count_1,sub-008_ses-01_task-WorkingMemory_run-2_eeg_events.csv
sub-008,2,2,5,probe_target,X,,feedback_correct,correct,,0,,correct,CHECK,missing_response;unexpected_click_count_0,sub-008_ses-01_task-WorkingMemory_run-2_eeg_events.csv
sub-008,2,3,7,probe_target,S,,feedback_correct,correct,,0,,correct,CHECK,missing_response;unexpected_click_count_0,sub-008_ses-01_task-WorkingMemory_run-2_eeg_events.csv
sub-008,2,4,3,probe_target,K,,feedback_correct,correct,,0,,correct,CHECK,missing_response;unexpected_click_count_0,sub-008_ses-01_task-WorkingMemory_run-2_eeg_events.csv
sub-008,2,5,5,probe_not_shown,L,ignored_correct,feedback_correct,correct,233.87553529999786,1,True,correct,CHECK,unexpected_click_count_1,sub-008_ses-01_task-WorkingMemory_run-2_eeg_events.csv
sub-008,2,6,5,probe_target,K,,feedback_correct,correct,,0,,correct,CHECK,missing_response;unexpected_click_count_0,sub-008_ses-01_task-WorkingMemory_run-2_eeg_events.csv
sub-008,2,7,3,probe_target,P,,feedback_correct,correct,,0,,correct,CHECK,missing_response;unexpected_click_count_0,sub-008_ses-01_task-WorkingMemory_run-2_eeg_events.csv
sub-008,2,8,7,probe_target,G,ignored_incorrect,feedback_incorrect,wrong,306.8757023750004,1,True,wrong,CHECK,unexpected_click_count_1,sub-008_ses-01_task-WorkingMemory_run-2_eeg_events.csv
sub-008,2,9,5,probe_not_shown,J,ignored_correct,feedback_correct,correct,192.15043980000337,1,True,correct,CHECK,unexpected_click_count_1,sub-008_ses-01_task-WorkingMemory_run-2_eeg_events.csv
sub-008,2,10,3,probe_not_shown,Q,ignored_correct,feedback_correct,correct,185.8004252749961,1,True,correct,CHECK,unexpected_click_count_1,sub-008_ses-01_task-WorkingMemory_run-2_eeg_events.csv
sub-008,2,11,5,probe_target,P,,feedback_correct,correct,,0,,correct,CHECK,missing_response;unexpected_click_count_0,sub-008_ses-01_task-WorkingMemory_run-2_eeg_events.csv
sub-008,2,12,3,probe_not_shown,X,ignored_correct,feedback_correct,correct,167.90038430001005,1,True,correct,CHECK,unexpected_click_count_1,sub-008_ses-01_task-WorkingMemory_run-2_eeg_events.csv
sub-008,2,13,7,probe_target,Z,,feedback_correct,correct,,0,,correct,CHECK,missing_response;unexpected_click_count_0,sub-008_ses-01_task-WorkingMemory_run-2_eeg_events.csv
sub-008,2,14,7,probe_not_shown,Y,ignored_correct,feedback_correct,correct,169.07538697498967,1,True,correct,CHECK,unexpected_click_count_1,sub-008_ses-01_task-WorkingMemory_run-2_eeg_events.csv
sub-008,2,15,3,probe_target,S,,feedback_correct,correct,,0,,correct,CHECK,missing_response;unexpected_click_count_0,sub-008_ses-01_task-WorkingMemory_run-2_eeg_events.csv
sub-008,2,16,7,probe_not_shown,X,ignored_correct,feedback_correct,correct,180.47541307500796,1,True,correct,CHECK,unexpected_click_count_1,sub-008_ses-01_task-WorkingMemory_run-2_eeg_events.csv
sub-008,2,17,7,probe_target,X,ignored_incorrect,feedback_incorrect,wrong,181.77541605000442,1,True,wrong,CHECK,unexpected_click_count_1,sub-008_ses-01_task-WorkingMemory_run-2_eeg_events.csv
sub-008,2,18,3,probe_target,R,,feedback_correct,correct,,0,,correct,CHECK,missing_response;unexpected_click_count_0,sub-008_ses-01_task-WorkingMemory_run-2_eeg_events.csv
sub-008,2,19,5,probe_not_shown,Z,ignored_correct,feedback_correct,correct,158.87536365000415,1,True,correct,CHECK,unexpected_click_count_1,sub-008_ses-01_task-WorkingMemory_run-2_eeg_events.csv
sub-008,2,20,3,probe_target,R,,feedback_correct,correct,,0,,correct,CHECK,missing_response;unexpected_click_count_0,sub-008_ses-01_task-WorkingMemory_run-2_eeg_events.csv
sub-008,2,21,5,probe_not_shown,Q,ignored_correct,feedback_correct,correct,247.7005669499922,1,True,correct,CHECK,unexpected_click_count_1,sub-008_ses-01_task-WorkingMemory_run-2_eeg_events.csv
sub-008,2,22,3,probe_target,L,,feedback_correct,correct,,0,,correct,CHECK,missing_response;unexpected_click_count_0,sub-008_ses-01_task-WorkingMemory_run-2_eeg_events.csv
sub-008,2,23,7,probe_not_shown,L,ignored_correct,feedback_correct,correct,158.30036232499697,1,True,correct,CHECK,unexpected_click_count_1,sub-008_ses-01_task-WorkingMemory_run-2_eeg_events.csv
sub-008,2,24,5,probe_target,Q,,feedback_correct,correct,,0,,correct,CHECK,missing_response;unexpected_click_count_0,sub-008_ses-01_task-WorkingMemory_run-2_eeg_events.csv
sub-008,2,25,3,probe_not_shown,B,ignored_correct,feedback_correct,correct,150.6003447000112,1,True,correct,CHECK,unexpected_click_count_1,sub-008_ses-01_task-WorkingMemory_run-2_eeg_events.csv
sub-008,3,1,3,probe_not_shown,M,ignored_correct,feedback_correct,correct,152.9503208999995,1,True,correct,CHECK,unexpected_click_count_1,sub-008_ses-01_task-WorkingMemory_run-3_eeg_events.csv
sub-008,3,2,3,probe_not_shown,Z,ignored_correct,feedback_correct,correct,211.07544284999858,1,True,correct,CHECK,unexpected_click_count_1,sub-008_ses-01_task-WorkingMemory_run-3_eeg_events.csv
sub-008,3,3,5,probe_not_shown,H,ignored_correct,feedback_correct,correct,178.30037410000295,1,True,correct,CHECK,unexpected_click_count_1,sub-008_ses-01_task-WorkingMemory_run-3_eeg_events.csv
sub-008,3,4,5,probe_target,Q,,feedback_correct,correct,,0,,correct,CHECK,missing_response;unexpected_click_count_0,sub-008_ses-01_task-WorkingMemory_run-3_eeg_events.csv
sub-008,3,5,7,probe_target,W,,feedback_correct,correct,,0,,correct,CHECK,missing_response;unexpected_click_count_0,sub-008_ses-01_task-WorkingMemory_run-3_eeg_events.csv
sub-008,3,6,7,probe_target,G,,feedback_correct,correct,,0,,correct,CHECK,missing_response;unexpected_click_count_0,sub-008_ses-01_task-WorkingMemory_run-3_eeg_events.csv
sub-008,3,7,5,probe_not_shown,B,ignored_correct,feedback_correct,correct,118.00024757500069,1,True,correct,CHECK,unexpected_click_count_1,sub-008_ses-01_task-WorkingMemory_run-3_eeg_events.csv
sub-008,3,8,5,probe_not_shown,G,ignored_correct,feedback_correct,correct,171.57535997500236,1,True,correct,CHECK,unexpected_click_count_1,sub-008_ses-01_task-WorkingMemory_run-3_eeg_events.csv
sub-008,3,9,7,probe_target,R,ignored_incorrect,feedback_incorrect,wrong,186.17539060000126,1,True,wrong,CHECK,unexpected_click_count_1,sub-008_ses-01_task-WorkingMemory_run-3_eeg_events.csv
sub-008,3,10,5,probe_not_shown,V,ignored_correct,feedback_correct,correct,158.67533289999847,1,True,correct,CHECK,unexpected_click_count_1,sub-008_ses-01_task-WorkingMemory_run-3_eeg_events.csv
sub-008,3,11,5,probe_target,F,,feedback_correct,correct,,0,,correct,CHECK,missing_response;unexpected_click_count_0,sub-008_ses-01_task-WorkingMemory_run-3_eeg_events.csv
sub-008,3,12,3,probe_target,R,,feedback_correct,correct,,0,,correct,CHECK,missing_response;unexpected_click_count_0,sub-008_ses-01_task-WorkingMemory_run-3_eeg_events.csv
sub-008,3,13,7,probe_target,N,,feedback_correct,correct,,0,,correct,CHECK,missing_response;unexpected_click_count_0,sub-008_ses-01_task-WorkingMemory_run-3_eeg_events.csv
sub-008,3,14,7,probe_target,P,,feedback_correct,correct,,0,,correct,CHECK,missing_response;unexpected_click_count_0,sub-008_ses-01_task-WorkingMemory_run-3_eeg_events.csv
sub-008,3,15,3,probe_not_shown,Y,ignored_correct,feedback_correct,correct,135.97528527499526,1,True,correct,CHECK,unexpected_click_count_1,sub-008_ses-01_task-WorkingMemory_run-3_eeg_events.csv
sub-008,3,16,3,probe_not_shown,F,ignored_correct,feedback_correct,correct,135.42528412499814,1,True,correct,CHECK,unexpected_click_count_1,sub-008_ses-01_task-WorkingMemory_run-3_eeg_events.csv
sub-008,3,17,5,probe_target,W,,feedback_correct,correct,,0,,correct,CHECK,missing_response;unexpected_click_count_0,sub-008_ses-01_task-WorkingMemory_run-3_eeg_events.csv
sub-008,3,18,3,probe_target,B,,feedback_correct,correct,,0,,correct,CHECK,missing_response;unexpected_click_count_0,sub-008_ses-01_task-WorkingMemory_run-3_eeg_events.csv
sub-008,3,19,7,probe_target,V,,feedback_correct,correct,,0,,correct,CHECK,missing_response;unexpected_click_count_0,sub-008_ses-01_task-WorkingMemory_run-3_eeg_events.csv
sub-008,3,20,7,probe_not_shown,Y,ignored_correct,feedback_correct,correct,160.67533712499426,1,True,correct,CHECK,unexpected_click_count_1,sub-008_ses-01_task-WorkingMemory_run-3_eeg_events.csv
sub-008,3,21,3,probe_target,K,,feedback_correct,correct,,0,,correct,CHECK,missing_response;unexpected_click_count_0,sub-008_ses-01_task-WorkingMemory_run-3_eeg_events.csv
sub-008,3,22,3,probe_target,T,,feedback_correct,correct,,0,,correct,CHECK,missing_response;unexpected_click_count_0,sub-008_ses-01_task-WorkingMemory_run-3_eeg_events.csv
sub-008,3,23,7,probe_not_shown,P,ignored_correct,feedback_correct,correct,177.60037262500555,1,True,correct,CHECK,unexpected_click_count_1,sub-008_ses-01_task-WorkingMemory_run-3_eeg_events.csv
sub-008,3,24,5,probe_target,H,,feedback_correct,correct,,0,,correct,CHECK,missing_response;unexpected_click_count_0,sub-008_ses-01_task-WorkingMemory_run-3_eeg_events.csv
sub-008,3,25,7,probe_target,C,ignored_incorrect,feedback_incorrect,wrong,200.70042109998758,1,True,wrong,CHECK,unexpected_click_count_1,sub-008_ses-01_task-WorkingMemory_run-3_eeg_events.csv
sub-008,4,1,7,probe_target,H,,feedback_correct,correct,,0,,correct,CHECK,missing_response;unexpected_click_count_0,sub-008_ses-01_task-WorkingMemory_run-4_eeg_events.csv
sub-008,4,2,5,probe_target,Y,,feedback_correct,correct,,0,,correct,CHECK,missing_response;unexpected_click_count_0,sub-008_ses-01_task-WorkingMemory_run-4_eeg_events.csv
sub-008,4,3,3,probe_not_shown,X,ignored_correct,feedback_correct,correct,198.07443330000024,1,True,correct,CHECK,unexpected_click_count_1,sub-008_ses-01_task-WorkingMemory_run-4_eeg_events.csv
sub-008,4,4,3,probe_not_shown,B,,feedback_incorrect,wrong,,0,,wrong,CHECK,missing_response;unexpected_click_count_0,sub-008_ses-01_task-WorkingMemory_run-4_eeg_events.csv
sub-008,4,5,3,probe_target,S,,feedback_correct,correct,,0,,correct,CHECK,missing_response;unexpected_click_count_0,sub-008_ses-01_task-WorkingMemory_run-4_eeg_events.csv
sub-008,4,6,7,probe_target,K,,feedback_correct,correct,,0,,correct,CHECK,missing_response;unexpected_click_count_0,sub-008_ses-01_task-WorkingMemory_run-4_eeg_events.csv
sub-008,4,7,3,probe_not_shown,J,ignored_correct,feedback_correct,correct,141.2745958000014,1,True,correct,CHECK,unexpected_click_count_1,sub-008_ses-01_task-WorkingMemory_run-4_eeg_events.csv
sub-008,4,8,7,probe_not_shown,K,ignored_correct,feedback_correct,correct,245.1492986250014,1,True,correct,CHECK,unexpected_click_count_1,sub-008_ses-01_task-WorkingMemory_run-4_eeg_events.csv
sub-008,4,9,5,probe_not_shown,Z,ignored_correct,feedback_correct,correct,146.32458134999615,1,True,correct,CHECK,unexpected_click_count_1,sub-008_ses-01_task-WorkingMemory_run-4_eeg_events.csv
sub-008,4,10,7,probe_target,D,ignored_incorrect,feedback_incorrect,wrong,143.87458837500162,1,True,wrong,CHECK,unexpected_click_count_1,sub-008_ses-01_task-WorkingMemory_run-4_eeg_events.csv
sub-008,4,11,5,probe_not_shown,J,ignored_correct,feedback_correct,correct,162.44953522500145,1,True,correct,CHECK,unexpected_click_count_1,sub-008_ses-01_task-WorkingMemory_run-4_eeg_events.csv
sub-008,4,12,7,probe_not_shown,J,ignored_correct,feedback_correct,correct,215.6743829500192,1,True,correct,CHECK,unexpected_click_count_1,sub-008_ses-01_task-WorkingMemory_run-4_eeg_events.csv
sub-008,4,13,5,probe_not_shown,K,ignored_correct,feedback_correct,correct,147.44957812498615,1,True,correct,CHECK,unexpected_click_count_1,sub-008_ses-01_task-WorkingMemory_run-4_eeg_events.csv
sub-008,4,14,3,probe_target,C,,feedback_correct,correct,,0,,correct,CHECK,missing_response;unexpected_click_count_0,sub-008_ses-01_task-WorkingMemory_run-4_eeg_events.csv
sub-008,4,15,5,probe_target,M,,feedback_correct,correct,,0,,correct,CHECK,missing_response;unexpected_click_count_0,sub-008_ses-01_task-WorkingMemory_run-4_eeg_events.csv
sub-008,4,16,7,probe_not_shown,Q,ignored_correct,feedback_correct,correct,183.59947472499334,1,True,correct,CHECK,unexpected_click_count_1,sub-008_ses-01_task-WorkingMemory_run-4_eeg_events.csv
sub-008,4,17,5,probe_target,L,,feedback_correct,correct,,0,,correct,CHECK,missing_response;unexpected_click_count_0,sub-008_ses-01_task-WorkingMemory_run-4_eeg_events.csv
sub-008,4,18,3,probe_not_shown,R,ignored_correct,feedback_correct,correct,141.04959645000054,1,True,correct,CHECK,unexpected_click_count_1,sub-008_ses-01_task-WorkingMemory_run-4_eeg_events.csv
sub-008,4,19,7,probe_not_shown,D,ignored_correct,feedback_correct,correct,151.04956785000104,1,True,correct,CHECK,unexpected_click_count_1,sub-008_ses-01_task-WorkingMemory_run-4_eeg_events.csv
sub-008,4,20,3,probe_not_shown,S,ignored_correct,feedback_correct,correct,150.12457050000376,1,True,correct,CHECK,unexpected_click_count_1,sub-008_ses-01_task-WorkingMemory_run-4_eeg_events.csv
sub-008,4,21,7,probe_not_shown,V,,feedback_incorrect,wrong,,0,,wrong,CHECK,missing_response;unexpected_click_count_0,sub-008_ses-01_task-WorkingMemory_run-4_eeg_events.csv
sub-008,4,22,5,probe_not_shown,B,ignored_correct,feedback_correct,correct,159.97454229999857,1,True,correct,CHECK,unexpected_click_count_1,sub-008_ses-01_task-WorkingMemory_run-4_eeg_events.csv
sub-008,4,23,5,probe_target,F,,feedback_correct,correct,,0,,correct,CHECK,missing_response;unexpected_click_count_0,sub-008_ses-01_task-WorkingMemory_run-4_eeg_events.csv
sub-008,4,24,3,probe_target,N,,feedback_correct,correct,,0,,correct,CHECK,missing_response;unexpected_click_count_0,sub-008_ses-01_task-WorkingMemory_run-4_eeg_events.csv
sub-008,4,25,5,probe_not_shown,B,ignored_correct,feedback_correct,correct,179.34948687499855,1,True,correct,CHECK,unexpected_click_count_1,sub-008_ses-01_task-WorkingMemory_run-4_eeg_events.csv
sub-009,1,1,7,probe_target,M,,feedback_correct,correct,,0,,correct,CHECK,missing_response;unexpected_click_count_0,sub-009_ses-01_task-WorkingMemory_run-1_eeg_events.csv
sub-009,1,2,5,probe_target,R,ignored_incorrect,feedback_incorrect,wrong,648.2741963000008,1,True,wrong,CHECK,unexpected_click_count_1,sub-009_ses-01_task-WorkingMemory_run-1_eeg_events.csv
sub-009,1,3,7,probe_target,Z,,feedback_correct,correct,,0,,correct,CHECK,missing_response;unexpected_click_count_0,sub-009_ses-01_task-WorkingMemory_run-1_eeg_events.csv
sub-009,1,4,7,probe_target,B,,feedback_correct,correct,,0,,correct,CHECK,missing_response;unexpected_click_count_0,sub-009_ses-01_task-WorkingMemory_run-1_eeg_events.csv
sub-009,1,5,5,probe_not_shown,T,ignored_correct,feedback_correct,correct,565.8992984249999,2,True,correct,OK,,sub-009_ses-01_task-WorkingMemory_run-1_eeg_events.csv
sub-009,1,6,3,probe_not_shown,L,ignored_correct,feedback_correct,correct,360.57455297499837,2,True,correct,OK,,sub-009_ses-01_task-WorkingMemory_run-1_eeg_events.csv
sub-009,1,7,5,probe_target,J,,feedback_correct,correct,,0,,correct,CHECK,missing_response;unexpected_click_count_0,sub-009_ses-01_task-WorkingMemory_run-1_eeg_events.csv
sub-009,1,8,5,probe_not_shown,Q,ignored_correct,feedback_correct,correct,580.074280825007,2,True,correct,OK,,sub-009_ses-01_task-WorkingMemory_run-1_eeg_events.csv
sub-009,1,9,7,probe_not_shown,C,ignored_correct,feedback_correct,correct,366.2995458749938,2,True,correct,OK,,sub-009_ses-01_task-WorkingMemory_run-1_eeg_events.csv
sub-009,1,10,3,probe_not_shown,S,ignored_correct,feedback_correct,correct,287.6246434000059,2,True,correct,OK,,sub-009_ses-01_task-WorkingMemory_run-1_eeg_events.csv
sub-009,1,11,5,probe_target,L,,feedback_correct,correct,,0,,correct,CHECK,missing_response;unexpected_click_count_0,sub-009_ses-01_task-WorkingMemory_run-1_eeg_events.csv
sub-009,1,12,5,probe_target,G,,feedback_correct,correct,,0,,correct,CHECK,missing_response;unexpected_click_count_0,sub-009_ses-01_task-WorkingMemory_run-1_eeg_events.csv
sub-009,1,13,3,probe_target,C,,feedback_correct,correct,,0,,correct,CHECK,missing_response;unexpected_click_count_0,sub-009_ses-01_task-WorkingMemory_run-1_eeg_events.csv
sub-009,1,14,3,probe_target,D,,feedback_correct,correct,,0,,correct,CHECK,missing_response;unexpected_click_count_0,sub-009_ses-01_task-WorkingMemory_run-1_eeg_events.csv
sub-009,1,15,7,probe_not_shown,B,ignored_correct,feedback_correct,correct,384.2995235749986,2,True,correct,OK,,sub-009_ses-01_task-WorkingMemory_run-1_eeg_events.csv
sub-009,1,16,7,probe_not_shown,F,ignored_correct,feedback_correct,correct,283.0246490999998,2,True,correct,OK,,sub-009_ses-01_task-WorkingMemory_run-1_eeg_events.csv
sub-009,1,17,3,probe_target,B,,feedback_correct,correct,,0,,correct,CHECK,missing_response;unexpected_click_count_0,sub-009_ses-01_task-WorkingMemory_run-1_eeg_events.csv
sub-009,1,18,7,probe_not_shown,G,ignored_correct,feedback_correct,correct,440.1494543000008,2,True,correct,OK,,sub-009_ses-01_task-WorkingMemory_run-1_eeg_events.csv
sub-009,1,19,3,probe_target,J,,feedback_correct,correct,,0,,correct,CHECK,missing_response;unexpected_click_count_0,sub-009_ses-01_task-WorkingMemory_run-1_eeg_events.csv
sub-009,1,20,5,probe_not_shown,J,ignored_correct,feedback_correct,correct,459.97442972499994,2,True,correct,OK,,sub-009_ses-01_task-WorkingMemory_run-1_eeg_events.csv
sub-009,1,21,5,probe_target,L,,feedback_correct,correct,,0,,correct,CHECK,missing_response;unexpected_click_count_0,sub-009_ses-01_task-WorkingMemory_run-1_eeg_events.csv
sub-009,1,22,7,probe_not_shown,L,ignored_correct,feedback_correct,correct,518.0243577749934,2,True,correct,OK,,sub-009_ses-01_task-WorkingMemory_run-1_eeg_events.csv
sub-009,1,23,3,probe_target,V,,feedback_correct,correct,,0,,correct,CHECK,missing_response;unexpected_click_count_0,sub-009_ses-01_task-WorkingMemory_run-1_eeg_events.csv
sub-009,1,24,5,probe_target,R,ignored_incorrect,feedback_incorrect,wrong,371.5995392999903,1,True,wrong,CHECK,unexpected_click_count_1,sub-009_ses-01_task-WorkingMemory_run-1_eeg_events.csv
sub-009,1,25,3,probe_target,V,,feedback_correct,correct,,0,,correct,CHECK,missing_response;unexpected_click_count_0,sub-009_ses-01_task-WorkingMemory_run-1_eeg_events.csv
sub-009,2,1,3,probe_target,R,,feedback_correct,correct,,0,,correct,CHECK,missing_response;unexpected_click_count_0,sub-009_ses-01_task-WorkingMemory_run-2_eeg_events.csv
sub-009,2,2,7,probe_target,S,,feedback_correct,correct,,0,,correct,CHECK,missing_response;unexpected_click_count_0,sub-009_ses-01_task-WorkingMemory_run-2_eeg_events.csv
sub-009,2,3,3,probe_target,S,,feedback_correct,correct,,0,,correct,CHECK,missing_response;unexpected_click_count_0,sub-009_ses-01_task-WorkingMemory_run-2_eeg_events.csv
sub-009,2,4,7,probe_target,G,,feedback_correct,correct,,0,,correct,CHECK,missing_response;unexpected_click_count_0,sub-009_ses-01_task-WorkingMemory_run-2_eeg_events.csv
sub-009,2,5,7,probe_not_shown,X,ignored_correct,feedback_correct,correct,323.99925839999923,2,True,correct,OK,,sub-009_ses-01_task-WorkingMemory_run-2_eeg_events.csv
sub-009,2,6,5,probe_target,K,,feedback_correct,correct,,0,,correct,CHECK,missing_response;unexpected_click_count_0,sub-009_ses-01_task-WorkingMemory_run-2_eeg_events.csv
sub-009,2,7,7,probe_target,Z,ignored_incorrect,feedback_incorrect,wrong,622.2235758250026,2,True,wrong,OK,,sub-009_ses-01_task-WorkingMemory_run-2_eeg_events.csv
sub-009,2,8,5,probe_not_shown,Z,ignored_correct,feedback_correct,correct,964.3977926500011,2,True,correct,OK,,sub-009_ses-01_task-WorkingMemory_run-2_eeg_events.csv
sub-009,2,9,3,probe_target,K,,feedback_correct,correct,,0,,correct,CHECK,missing_response;unexpected_click_count_0,sub-009_ses-01_task-WorkingMemory_run-2_eeg_events.csv
sub-009,2,10,7,probe_not_shown,Y,ignored_correct,feedback_correct,correct,499.4488568500019,2,True,correct,OK,,sub-009_ses-01_task-WorkingMemory_run-2_eeg_events.csv
sub-009,2,11,3,probe_target,R,,feedback_correct,correct,,0,,correct,CHECK,missing_response;unexpected_click_count_0,sub-009_ses-01_task-WorkingMemory_run-2_eeg_events.csv
sub-009,2,12,5,probe_target,P,,feedback_correct,correct,,0,,correct,CHECK,missing_response;unexpected_click_count_0,sub-009_ses-01_task-WorkingMemory_run-2_eeg_events.csv
sub-009,2,13,3,probe_target,P,,feedback_correct,correct,,0,,correct,CHECK,missing_response;unexpected_click_count_0,sub-009_ses-01_task-WorkingMemory_run-2_eeg_events.csv
sub-009,2,14,5,probe_target,X,,feedback_correct,correct,,0,,correct,CHECK,missing_response;unexpected_click_count_0,sub-009_ses-01_task-WorkingMemory_run-2_eeg_events.csv
sub-009,2,15,5,probe_target,Q,,feedback_correct,correct,,0,,correct,CHECK,missing_response;unexpected_click_count_0,sub-009_ses-01_task-WorkingMemory_run-2_eeg_events.csv
sub-009,2,16,7,probe_target,X,,feedback_correct,correct,,0,,correct,CHECK,missing_response;unexpected_click_count_0,sub-009_ses-01_task-WorkingMemory_run-2_eeg_events.csv
sub-009,2,17,3,probe_not_shown,X,ignored_correct,feedback_correct,correct,543.398756249997,2,True,correct,OK,,sub-009_ses-01_task-WorkingMemory_run-2_eeg_events.csv
sub-009,2,18,7,probe_not_shown,L,ignored_correct,feedback_correct,correct,405.74907132500084,2,True,correct,OK,,sub-009_ses-01_task-WorkingMemory_run-2_eeg_events.csv
sub-009,2,19,7,probe_not_shown,Z,ignored_correct,feedback_correct,correct,598.6236298500007,2,True,correct,OK,,sub-009_ses-01_task-WorkingMemory_run-2_eeg_events.csv
sub-009,2,20,5,probe_not_shown,L,ignored_correct,feedback_correct,correct,359.1241780249984,2,True,correct,OK,,sub-009_ses-01_task-WorkingMemory_run-2_eeg_events.csv
sub-009,2,21,3,probe_not_shown,Q,ignored_correct,feedback_correct,correct,299.97431340000185,2,True,correct,OK,,sub-009_ses-01_task-WorkingMemory_run-2_eeg_events.csv
sub-009,2,22,3,probe_target,L,,feedback_correct,correct,,0,,correct,CHECK,missing_response;unexpected_click_count_0,sub-009_ses-01_task-WorkingMemory_run-2_eeg_events.csv
sub-009,2,23,5,probe_not_shown,Q,ignored_correct,feedback_correct,correct,321.1242649999913,2,True,correct,OK,,sub-009_ses-01_task-WorkingMemory_run-2_eeg_events.csv
sub-009,2,24,3,probe_not_shown,B,ignored_correct,feedback_correct,correct,493.47387052499107,2,True,correct,OK,,sub-009_ses-01_task-WorkingMemory_run-2_eeg_events.csv
sub-009,2,25,5,probe_not_shown,J,ignored_correct,feedback_correct,correct,299.9993133500102,2,True,correct,OK,,sub-009_ses-01_task-WorkingMemory_run-2_eeg_events.csv
sub-009,3,1,5,probe_target,W,,feedback_correct,correct,,0,,correct,CHECK,missing_response;unexpected_click_count_0,sub-009_ses-01_task-WorkingMemory_run-3_eeg_events.csv
sub-009,3,2,3,probe_target,R,,feedback_correct,correct,,0,,correct,CHECK,missing_response;unexpected_click_count_0,sub-009_ses-01_task-WorkingMemory_run-3_eeg_events.csv
sub-009,3,3,7,probe_target,W,,feedback_correct,correct,,0,,correct,CHECK,missing_response;unexpected_click_count_0,sub-009_ses-01_task-WorkingMemory_run-3_eeg_events.csv
sub-009,3,4,7,probe_target,G,,feedback_correct,correct,,0,,correct,CHECK,missing_response;unexpected_click_count_0,sub-009_ses-01_task-WorkingMemory_run-3_eeg_events.csv
sub-009,3,5,5,probe_target,H,,feedback_correct,correct,,0,,correct,CHECK,missing_response;unexpected_click_count_0,sub-009_ses-01_task-WorkingMemory_run-3_eeg_events.csv
sub-009,3,6,7,probe_not_shown,Y,ignored_correct,feedback_correct,correct,266.27505077500246,2,True,correct,OK,,sub-009_ses-01_task-WorkingMemory_run-3_eeg_events.csv
sub-009,3,7,7,probe_not_shown,P,ignored_correct,feedback_correct,correct,312.97505969999474,2,True,correct,OK,,sub-009_ses-01_task-WorkingMemory_run-3_eeg_events.csv
sub-009,3,8,3,probe_target,T,,feedback_correct,correct,,0,,correct,CHECK,missing_response;unexpected_click_count_0,sub-009_ses-01_task-WorkingMemory_run-3_eeg_events.csv
sub-009,3,9,5,probe_not_shown,V,ignored_correct,feedback_correct,correct,580.7251107750053,2,True,correct,OK,,sub-009_ses-01_task-WorkingMemory_run-3_eeg_events.csv
sub-009,3,10,3,probe_target,K,,feedback_correct,correct,,0,,correct,CHECK,missing_response;unexpected_click_count_0,sub-009_ses-01_task-WorkingMemory_run-3_eeg_events.csv
sub-009,3,11,7,probe_target,C,,feedback_correct,correct,,0,,correct,CHECK,missing_response;unexpected_click_count_0,sub-009_ses-01_task-WorkingMemory_run-3_eeg_events.csv
sub-009,3,12,3,probe_not_shown,F,ignored_correct,feedback_correct,correct,221.0750421499979,2,True,correct,OK,,sub-009_ses-01_task-WorkingMemory_run-3_eeg_events.csv
sub-009,3,13,5,probe_not_shown,G,ignored_correct,feedback_correct,correct,217.07504142500693,2,True,correct,OK,,sub-009_ses-01_task-WorkingMemory_run-3_eeg_events.csv
sub-009,3,14,5,probe_target,F,,feedback_correct,correct,,0,,correct,CHECK,missing_response;unexpected_click_count_0,sub-009_ses-01_task-WorkingMemory_run-3_eeg_events.csv
sub-009,3,15,7,probe_target,P,,feedback_correct,correct,,0,,correct,CHECK,missing_response;unexpected_click_count_0,sub-009_ses-01_task-WorkingMemory_run-3_eeg_events.csv
sub-009,3,16,3,probe_not_shown,M,ignored_correct,feedback_correct,correct,543.075103575,2,True,correct,OK,,sub-009_ses-01_task-WorkingMemory_run-3_eeg_events.csv
sub-009,3,17,5,probe_not_shown,B,ignored_correct,feedback_correct,correct,494.97509439999703,2,True,correct,OK,,sub-009_ses-01_task-WorkingMemory_run-3_eeg_events.csv
sub-009,3,18,3,probe_not_shown,Z,ignored_correct,feedback_correct,correct,558.3501065000019,2,True,correct,OK,,sub-009_ses-01_task-WorkingMemory_run-3_eeg_events.csv
sub-009,3,19,5,probe_not_shown,H,ignored_correct,feedback_correct,correct,347.3750662750099,2,True,correct,OK,,sub-009_ses-01_task-WorkingMemory_run-3_eeg_events.csv
sub-009,3,20,7,probe_target,V,,feedback_correct,correct,,0,,correct,CHECK,missing_response;unexpected_click_count_0,sub-009_ses-01_task-WorkingMemory_run-3_eeg_events.csv
sub-009,3,21,3,probe_target,B,,feedback_correct,correct,,0,,correct,CHECK,missing_response;unexpected_click_count_0,sub-009_ses-01_task-WorkingMemory_run-3_eeg_events.csv
sub-009,3,22,7,probe_target,R,,feedback_correct,correct,,0,,correct,CHECK,missing_response;unexpected_click_count_0,sub-009_ses-01_task-WorkingMemory_run-3_eeg_events.csv
sub-009,3,23,7,probe_target,N,,feedback_correct,correct,,0,,correct,CHECK,missing_response;unexpected_click_count_0,sub-009_ses-01_task-WorkingMemory_run-3_eeg_events.csv
sub-009,3,24,5,probe_target,Q,,feedback_correct,correct,,0,,correct,CHECK,missing_response;unexpected_click_count_0,sub-009_ses-01_task-WorkingMemory_run-3_eeg_events.csv
sub-009,3,25,3,probe_not_shown,Y,ignored_correct,feedback_correct,correct,347.3500662500446,2,True,correct,OK,,sub-009_ses-01_task-WorkingMemory_run-3_eeg_events.csv
sub-009,4,0,0,,,,,,,0,,unresolved,CHECK,missing_probe;missing_response;missing_feedback;unexpected_click_count_0;unresolved_behavior,sub-009_ses-01_task-WorkingMemory_run-4_eeg_events.csv
sub-009,4,1,7,probe_target,K,,feedback_correct,correct,,0,,correct,CHECK,missing_response;unexpected_click_count_0,sub-009_ses-01_task-WorkingMemory_run-4_eeg_events.csv
sub-009,4,2,3,probe_target,S,,feedback_correct,correct,,0,,correct,CHECK,missing_response;unexpected_click_count_0,sub-009_ses-01_task-WorkingMemory_run-4_eeg_events.csv
sub-009,4,3,3,probe_not_shown,B,ignored_correct,feedback_correct,correct,329.949496549998,1,True,correct,CHECK,unexpected_click_count_1,sub-009_ses-01_task-WorkingMemory_run-4_eeg_events.csv
sub-009,4,4,7,probe_not_shown,Q,ignored_correct,feedback_correct,correct,292.5745535749993,1,True,correct,CHECK,unexpected_click_count_1,sub-009_ses-01_task-WorkingMemory_run-4_eeg_events.csv
sub-009,4,5,5,probe_target,Y,,feedback_correct,correct,,0,,correct,CHECK,missing_response;unexpected_click_count_0,sub-009_ses-01_task-WorkingMemory_run-4_eeg_events.csv
sub-009,4,6,5,probe_target,F,,feedback_correct,correct,,0,,correct,CHECK,missing_response;unexpected_click_count_0,sub-009_ses-01_task-WorkingMemory_run-4_eeg_events.csv
sub-009,4,7,3,probe_not_shown,J,ignored_correct,feedback_correct,correct,394.6993977250022,2,True,correct,OK,,sub-009_ses-01_task-WorkingMemory_run-4_eeg_events.csv
sub-009,4,8,3,probe_target,C,,feedback_correct,correct,,0,,correct,CHECK,missing_response;unexpected_click_count_0,sub-009_ses-01_task-WorkingMemory_run-4_eeg_events.csv
sub-009,4,9,7,probe_not_shown,J,ignored_correct,feedback_correct,correct,325.4745033750005,2,True,correct,OK,,sub-009_ses-01_task-WorkingMemory_run-4_eeg_events.csv
sub-009,4,10,5,probe_target,M,,feedback_correct,correct,,0,,correct,CHECK,missing_response;unexpected_click_count_0,sub-009_ses-01_task-WorkingMemory_run-4_eeg_events.csv
sub-009,4,11,5,probe_not_shown,B,ignored_correct,feedback_correct,correct,242.49962997499097,2,True,correct,OK,,sub-009_ses-01_task-WorkingMemory_run-4_eeg_events.csv
sub-009,4,12,5,probe_not_shown,Z,ignored_correct,feedback_correct,correct,356.9994552749995,2,True,correct,OK,,sub-009_ses-01_task-WorkingMemory_run-4_eeg_events.csv
sub-009,4,13,3,probe_target,N,,feedback_correct,correct,,0,,correct,CHECK,missing_response;unexpected_click_count_0,sub-009_ses-01_task-WorkingMemory_run-4_eeg_events.csv
sub-009,4,14,7,probe_target,H,,feedback_correct,correct,,0,,correct,CHECK,missing_response;unexpected_click_count_0,sub-009_ses-01_task-WorkingMemory_run-4_eeg_events.csv
sub-009,4,15,7,probe_not_shown,V,ignored_correct,feedback_correct,correct,773.1988202000066,2,True,correct,OK,,sub-009_ses-01_task-WorkingMemory_run-4_eeg_events.csv
sub-009,4,16,7,probe_target,D,,feedback_correct,correct,,0,,correct,CHECK,missing_response;unexpected_click_count_0,sub-009_ses-01_task-WorkingMemory_run-4_eeg_events.csv
sub-009,4,17,7,probe_not_shown,D,ignored_correct,feedback_correct,correct,643.5240180499968,2,True,correct,OK,,sub-009_ses-01_task-WorkingMemory_run-4_eeg_events.csv
sub-009,4,18,5,probe_target,L,,feedback_correct,correct,,0,,correct,CHECK,missing_response;unexpected_click_count_0,sub-009_ses-01_task-WorkingMemory_run-4_eeg_events.csv
sub-009,4,19,7,probe_not_shown,K,ignored_correct,feedback_correct,correct,328.94949805000215,2,True,correct,OK,,sub-009_ses-01_task-WorkingMemory_run-4_eeg_events.csv
sub-009,4,20,5,probe_not_shown,B,ignored_correct,feedback_correct,correct,272.87458362500183,2,True,correct,OK,,sub-009_ses-01_task-WorkingMemory_run-4_eeg_events.csv
sub-009,4,21,5,probe_not_shown,J,ignored_correct,feedback_correct,correct,621.8990510750154,2,True,correct,OK,,sub-009_ses-01_task-WorkingMemory_run-4_eeg_events.csv
sub-009,4,22,3,probe_not_shown,R,ignored_correct,feedback_correct,correct,274.0495818250056,2,True,correct,OK,,sub-009_ses-01_task-WorkingMemory_run-4_eeg_events.csv
sub-009,4,23,5,probe_not_shown,K,ignored_correct,feedback_correct,correct,747.6988590999972,2,True,correct,OK,,sub-009_ses-01_task-WorkingMemory_run-4_eeg_events.csv
sub-009,4,24,3,probe_not_shown,S,ignored_correct,feedback_correct,correct,436.79933350000647,2,True,correct,OK,,sub-009_ses-01_task-WorkingMemory_run-4_eeg_events.csv
sub-009,4,25,3,probe_not_shown,X,ignored_correct,feedback_correct,correct,284.8995652750018,2,True,correct,OK,,sub-009_ses-01_task-WorkingMemory_run-4_eeg_events.csv
sub-010,1,1,5,probe_not_shown,Q,ignored_correct,feedback_correct,correct,279.3490409249998,1,True,correct,CHECK,unexpected_click_count_1,sub-010_ses-01_task-WorkingMemory_run-1_eeg_events.csv
sub-010,1,2,7,probe_not_shown,L,ignored_correct,feedback_correct,correct,212.97426879999875,1,True,correct,CHECK,unexpected_click_count_1,sub-010_ses-01_task-WorkingMemory_run-1_eeg_events.csv
sub-010,1,3,3,probe_target,V,,feedback_correct,correct,,0,,correct,CHECK,missing_response;unexpected_click_count_0,sub-010_ses-01_task-WorkingMemory_run-1_eeg_events.csv
sub-010,1,4,7,probe_not_shown,G,ignored_correct,feedback_correct,correct,304.5489544250013,1,True,correct,CHECK,unexpected_click_count_1,sub-010_ses-01_task-WorkingMemory_run-1_eeg_events.csv
sub-010,1,5,3,probe_target,J,,feedback_correct,correct,,0,,correct,CHECK,missing_response;unexpected_click_count_0,sub-010_ses-01_task-WorkingMemory_run-1_eeg_events.csv
sub-010,1,6,3,probe_target,V,,feedback_correct,correct,,0,,correct,CHECK,missing_response;unexpected_click_count_0,sub-010_ses-01_task-WorkingMemory_run-1_eeg_events.csv
sub-010,1,7,3,probe_target,D,,feedback_correct,correct,,0,,correct,CHECK,missing_response;unexpected_click_count_0,sub-010_ses-01_task-WorkingMemory_run-1_eeg_events.csv
sub-010,1,8,5,probe_target,J,,feedback_correct,correct,,0,,correct,CHECK,missing_response;unexpected_click_count_0,sub-010_ses-01_task-WorkingMemory_run-1_eeg_events.csv
sub-010,1,9,5,probe_target,R,,feedback_correct,correct,,0,,correct,CHECK,missing_response;unexpected_click_count_0,sub-010_ses-01_task-WorkingMemory_run-1_eeg_events.csv
sub-010,1,10,5,probe_target,G,,feedback_correct,correct,,0,,correct,CHECK,missing_response;unexpected_click_count_0,sub-010_ses-01_task-WorkingMemory_run-1_eeg_events.csv
sub-010,1,11,5,probe_not_shown,T,ignored_correct,feedback_correct,correct,268.1740792999917,1,True,correct,CHECK,unexpected_click_count_1,sub-010_ses-01_task-WorkingMemory_run-1_eeg_events.csv
sub-010,1,12,5,probe_target,L,,feedback_correct,correct,,0,,correct,CHECK,missing_response;unexpected_click_count_0,sub-010_ses-01_task-WorkingMemory_run-1_eeg_events.csv
sub-010,1,13,5,probe_target,L,,feedback_correct,correct,,0,,correct,CHECK,missing_response;unexpected_click_count_0,sub-010_ses-01_task-WorkingMemory_run-1_eeg_events.csv
sub-010,1,14,3,probe_not_shown,L,ignored_correct,feedback_correct,correct,290.024004299994,1,True,correct,CHECK,unexpected_click_count_1,sub-010_ses-01_task-WorkingMemory_run-1_eeg_events.csv
sub-010,1,15,3,probe_target,C,,feedback_correct,correct,,0,,correct,CHECK,missing_response;unexpected_click_count_0,sub-010_ses-01_task-WorkingMemory_run-1_eeg_events.csv
sub-010,1,16,7,probe_target,B,,feedback_correct,correct,,0,,correct,CHECK,missing_response;unexpected_click_count_0,sub-010_ses-01_task-WorkingMemory_run-1_eeg_events.csv
sub-010,1,17,7,probe_target,Z,,feedback_correct,correct,,0,,correct,CHECK,missing_response;unexpected_click_count_0,sub-010_ses-01_task-WorkingMemory_run-1_eeg_events.csv
sub-010,1,18,7,probe_not_shown,B,ignored_correct,feedback_correct,correct,242.87416615000984,1,True,correct,CHECK,unexpected_click_count_1,sub-010_ses-01_task-WorkingMemory_run-1_eeg_events.csv
sub-010,1,19,7,probe_not_shown,F,ignored_correct,feedback_correct,correct,208.04928572500648,1,True,correct,CHECK,unexpected_click_count_1,sub-010_ses-01_task-WorkingMemory_run-1_eeg_events.csv
sub-010,1,20,3,probe_target,B,,feedback_correct,correct,,0,,correct,CHECK,missing_response;unexpected_click_count_0,sub-010_ses-01_task-WorkingMemory_run-1_eeg_events.csv
sub-010,1,21,7,probe_not_shown,C,ignored_correct,feedback_correct,correct,255.52412272500806,1,True,correct,CHECK,unexpected_click_count_1,sub-010_ses-01_task-WorkingMemory_run-1_eeg_events.csv
sub-010,1,22,7,probe_target,M,ignored_incorrect,feedback_incorrect,wrong,548.5231167750026,1,True,wrong,CHECK,unexpected_click_count_1,sub-010_ses-01_task-WorkingMemory_run-1_eeg_events.csv
sub-010,1,23,5,probe_target,R,,feedback_correct,correct,,1,,correct,CHECK,missing_response;unexpected_click_count_1,sub-010_ses-01_task-WorkingMemory_run-1_eeg_events.csv
sub-010,1,24,3,probe_not_shown,S,ignored_correct,feedback_correct,correct,283.3740271249844,1,True,correct,CHECK,unexpected_click_count_1,sub-010_ses-01_task-WorkingMemory_run-1_eeg_events.csv
sub-010,1,25,5,probe_not_shown,J,ignored_correct,feedback_correct,correct,233.29919902500114,1,True,correct,CHECK,unexpected_click_count_1,sub-010_ses-01_task-WorkingMemory_run-1_eeg_events.csv
sub-010,2,1,7,probe_target,Z,,feedback_correct,correct,,0,,correct,CHECK,missing_response;unexpected_click_count_0,sub-010_ses-01_task-WorkingMemory_run-2_eeg_events.csv
sub-010,2,2,5,probe_not_shown,L,ignored_correct,feedback_correct,correct,229.14934439999888,1,True,correct,CHECK,unexpected_click_count_1,sub-010_ses-01_task-WorkingMemory_run-2_eeg_events.csv
sub-010,2,3,3,probe_target,P,,feedback_correct,correct,,1,,correct,CHECK,missing_response;unexpected_click_count_1,sub-010_ses-01_task-WorkingMemory_run-2_eeg_events.csv
sub-010,2,4,5,probe_target,P,,feedback_correct,correct,,1,,correct,CHECK,missing_response;unexpected_click_count_1,sub-010_ses-01_task-WorkingMemory_run-2_eeg_events.csv
sub-010,2,5,3,probe_not_shown,Q,ignored_correct,feedback_correct,correct,209.34940104999987,2,True,correct,OK,,sub-010_ses-01_task-WorkingMemory_run-2_eeg_events.csv
sub-010,2,6,5,probe_not_shown,J,ignored_correct,feedback_correct,correct,235.52432617500017,1,True,correct,CHECK,unexpected_click_count_1,sub-010_ses-01_task-WorkingMemory_run-2_eeg_events.csv
sub-010,2,7,7,probe_not_shown,Z,,feedback_incorrect,wrong,,1,,wrong,CHECK,missing_response;unexpected_click_count_1,sub-010_ses-01_task-WorkingMemory_run-2_eeg_events.csv
sub-010,2,8,7,probe_not_shown,Y,ignored_correct,feedback_correct,correct,235.54932607500086,1,True,correct,CHECK,unexpected_click_count_1,sub-010_ses-01_task-WorkingMemory_run-2_eeg_events.csv
sub-010,2,9,5,probe_target,K,,feedback_correct,correct,,1,,correct,CHECK,missing_response;unexpected_click_count_1,sub-010_ses-01_task-WorkingMemory_run-2_eeg_events.csv
sub-010,2,10,7,probe_target,G,,feedback_correct,correct,,1,,correct,CHECK,missing_response;unexpected_click_count_1,sub-010_ses-01_task-WorkingMemory_run-2_eeg_events.csv
sub-010,2,11,3,probe_not_shown,X,ignored_correct,feedback_correct,correct,221.79936542500218,1,True,correct,CHECK,unexpected_click_count_1,sub-010_ses-01_task-WorkingMemory_run-2_eeg_events.csv
sub-010,2,12,5,probe_not_shown,Q,ignored_correct,feedback_correct,correct,235.82432529999642,1,True,correct,CHECK,unexpected_click_count_1,sub-010_ses-01_task-WorkingMemory_run-2_eeg_events.csv
sub-010,2,13,7,probe_target,X,,feedback_correct,correct,,1,,correct,CHECK,missing_response;unexpected_click_count_1,sub-010_ses-01_task-WorkingMemory_run-2_eeg_events.csv
sub-010,2,14,3,probe_not_shown,B,ignored_correct,feedback_correct,correct,210.04939905001083,2,True,correct,OK,,sub-010_ses-01_task-WorkingMemory_run-2_eeg_events.csv
sub-010,2,15,7,probe_not_shown,X,,feedback_incorrect,wrong,,1,,wrong,CHECK,missing_response;unexpected_click_count_1,sub-010_ses-01_task-WorkingMemory_run-2_eeg_events.csv
sub-010,2,16,5,probe_target,Q,,feedback_correct,correct,,1,,correct,CHECK,missing_response;unexpected_click_count_1,sub-010_ses-01_task-WorkingMemory_run-2_eeg_events.csv
sub-010,2,17,3,probe_target,R,,feedback_correct,correct,,1,,correct,CHECK,missing_response;unexpected_click_count_1,sub-010_ses-01_task-WorkingMemory_run-2_eeg_events.csv
sub-010,2,18,7,probe_target,S,,feedback_correct,correct,,1,,correct,CHECK,missing_response;unexpected_click_count_1,sub-010_ses-01_task-WorkingMemory_run-2_eeg_events.csv
sub-010,2,19,3,probe_target,L,,feedback_correct,correct,,1,,correct,CHECK,missing_response;unexpected_click_count_1,sub-010_ses-01_task-WorkingMemory_run-2_eeg_events.csv
sub-010,2,20,5,probe_not_shown,Z,ignored_correct,feedback_correct,correct,323.8990733249957,1,True,correct,CHECK,unexpected_click_count_1,sub-010_ses-01_task-WorkingMemory_run-2_eeg_events.csv
sub-010,2,21,3,probe_target,K,,feedback_correct,correct,,1,,correct,CHECK,missing_response;unexpected_click_count_1,sub-010_ses-01_task-WorkingMemory_run-2_eeg_events.csv
sub-010,2,22,3,probe_target,S,,feedback_correct,correct,,1,,correct,CHECK,missing_response;unexpected_click_count_1,sub-010_ses-01_task-WorkingMemory_run-2_eeg_events.csv
sub-010,2,23,5,probe_target,X,,feedback_correct,correct,,1,,correct,CHECK,missing_response;unexpected_click_count_1,sub-010_ses-01_task-WorkingMemory_run-2_eeg_events.csv
sub-010,2,24,3,probe_target,R,,feedback_correct,correct,,1,,correct,CHECK,missing_response;unexpected_click_count_1,sub-010_ses-01_task-WorkingMemory_run-2_eeg_events.csv
sub-010,2,25,7,probe_not_shown,L,ignored_correct,feedback_correct,correct,276.3742092749744,1,True,correct,CHECK,unexpected_click_count_1,sub-010_ses-01_task-WorkingMemory_run-2_eeg_events.csv
sub-010,3,1,7,probe_target,P,,feedback_correct,correct,,1,,correct,CHECK,missing_response;unexpected_click_count_1,sub-010_ses-01_task-WorkingMemory_run-3_eeg_events.csv
sub-010,3,2,5,probe_not_shown,H,ignored_correct,feedback_correct,correct,255.84868239999923,1,True,correct,CHECK,unexpected_click_count_1,sub-010_ses-01_task-WorkingMemory_run-3_eeg_events.csv
sub-010,3,3,3,probe_target,T,,feedback_correct,correct,,1,,correct,CHECK,missing_response;unexpected_click_count_1,sub-010_ses-01_task-WorkingMemory_run-3_eeg_events.csv
sub-010,3,4,3,probe_not_shown,M,ignored_correct,feedback_correct,correct,412.1728773499999,1,True,correct,CHECK,unexpected_click_count_1,sub-010_ses-01_task-WorkingMemory_run-3_eeg_events.csv
sub-010,3,5,7,probe_target,N,,feedback_correct,correct,,1,,correct,CHECK,missing_response;unexpected_click_count_1,sub-010_ses-01_task-WorkingMemory_run-3_eeg_events.csv
sub-010,3,6,3,probe_not_shown,Y,ignored_correct,feedback_correct,correct,176.67409015000158,1,True,correct,CHECK,unexpected_click_count_1,sub-010_ses-01_task-WorkingMemory_run-3_eeg_events.csv
sub-010,3,7,7,probe_target,V,,feedback_correct,correct,,1,,correct,CHECK,missing_response;unexpected_click_count_1,sub-010_ses-01_task-WorkingMemory_run-3_eeg_events.csv
sub-010,3,8,7,probe_target,G,,feedback_correct,correct,,1,,correct,CHECK,missing_response;unexpected_click_count_1,sub-010_ses-01_task-WorkingMemory_run-3_eeg_events.csv
sub-010,3,9,5,probe_target,Q,,feedback_correct,correct,,1,,correct,CHECK,missing_response;unexpected_click_count_1,sub-010_ses-01_task-WorkingMemory_run-3_eeg_events.csv
sub-010,3,10,5,probe_not_shown,V,ignored_correct,feedback_correct,correct,357.7981573750003,1,True,correct,CHECK,unexpected_click_count_1,sub-010_ses-01_task-WorkingMemory_run-3_eeg_events.csv
sub-010,3,11,5,probe_target,W,,feedback_correct,correct,,1,,correct,CHECK,missing_response;unexpected_click_count_1,sub-010_ses-01_task-WorkingMemory_run-3_eeg_events.csv
sub-010,3,12,3,probe_target,B,,feedback_correct,correct,,1,,correct,CHECK,missing_response;unexpected_click_count_1,sub-010_ses-01_task-WorkingMemory_run-3_eeg_events.csv
sub-010,3,13,5,probe_target,F,,feedback_correct,correct,,1,,correct,CHECK,missing_response;unexpected_click_count_1,sub-010_ses-01_task-WorkingMemory_run-3_eeg_events.csv
sub-010,3,14,5,probe_not_shown,B,,feedback_incorrect,wrong,,1,,wrong,CHECK,missing_response;unexpected_click_count_1,sub-010_ses-01_task-WorkingMemory_run-3_eeg_events.csv
sub-010,3,15,7,probe_target,C,,feedback_correct,correct,,1,,correct,CHECK,missing_response;unexpected_click_count_1,sub-010_ses-01_task-WorkingMemory_run-3_eeg_events.csv
sub-010,3,16,5,probe_not_shown,G,ignored_correct,feedback_correct,correct,251.94870249999803,1,True,correct,CHECK,unexpected_click_count_1,sub-010_ses-01_task-WorkingMemory_run-3_eeg_events.csv
sub-010,3,17,5,probe_target,H,,feedback_correct,correct,,1,,correct,CHECK,missing_response;unexpected_click_count_1,sub-010_ses-01_task-WorkingMemory_run-3_eeg_events.csv
sub-010,3,18,3,probe_target,K,,feedback_correct,correct,,1,,correct,CHECK,missing_response;unexpected_click_count_1,sub-010_ses-01_task-WorkingMemory_run-3_eeg_events.csv
sub-010,3,19,3,probe_not_shown,F,ignored_correct,feedback_correct,correct,201.09896437499265,1,True,correct,CHECK,unexpected_click_count_1,sub-010_ses-01_task-WorkingMemory_run-3_eeg_events.csv
sub-010,3,20,3,probe_not_shown,Z,ignored_correct,feedback_correct,correct,255.42368459999852,1,True,correct,CHECK,unexpected_click_count_1,sub-010_ses-01_task-WorkingMemory_run-3_eeg_events.csv
sub-010,3,21,7,probe_not_shown,P,ignored_correct,feedback_correct,correct,253.8986924500059,1,True,correct,CHECK,unexpected_click_count_1,sub-010_ses-01_task-WorkingMemory_run-3_eeg_events.csv
sub-010,3,22,7,probe_target,R,,feedback_correct,correct,,0,,correct,CHECK,missing_response;unexpected_click_count_0,sub-010_ses-01_task-WorkingMemory_run-3_eeg_events.csv
sub-010,3,23,7,probe_not_shown,Y,ignored_correct,feedback_correct,correct,267.4736225499946,2,True,correct,OK,,sub-010_ses-01_task-WorkingMemory_run-3_eeg_events.csv
sub-010,3,24,7,probe_target,W,ignored_incorrect,feedback_incorrect,wrong,312.44839095001225,2,True,wrong,OK,,sub-010_ses-01_task-WorkingMemory_run-3_eeg_events.csv
sub-010,3,25,3,probe_target,R,,feedback_correct,correct,,1,,correct,CHECK,missing_response;unexpected_click_count_1,sub-010_ses-01_task-WorkingMemory_run-3_eeg_events.csv
sub-010,4,1,7,probe_not_shown,V,ignored_correct,feedback_correct,correct,263.173795275,1,True,correct,CHECK,unexpected_click_count_1,sub-010_ses-01_task-WorkingMemory_run-4_eeg_events.csv
sub-010,4,2,7,probe_target,H,,feedback_correct,correct,,1,,correct,CHECK,missing_response;unexpected_click_count_1,sub-010_ses-01_task-WorkingMemory_run-4_eeg_events.csv
sub-010,4,3,7,probe_target,K,,feedback_correct,correct,,1,,correct,CHECK,missing_response;unexpected_click_count_1,sub-010_ses-01_task-WorkingMemory_run-4_eeg_events.csv
sub-010,4,4,5,probe_not_shown,B,ignored_correct,feedback_correct,correct,352.6233858250016,1,True,correct,CHECK,unexpected_click_count_1,sub-010_ses-01_task-WorkingMemory_run-4_eeg_events.csv
sub-010,4,5,3,probe_target,C,,feedback_correct,correct,,1,,correct,CHECK,missing_response;unexpected_click_count_1,sub-010_ses-01_task-WorkingMemory_run-4_eeg_events.csv
sub-010,4,6,3,probe_not_shown,R,ignored_correct,feedback_correct,correct,193.6491135499964,1,True,correct,CHECK,unexpected_click_count_1,sub-010_ses-01_task-WorkingMemory_run-4_eeg_events.csv
sub-010,4,7,3,probe_not_shown,S,ignored_correct,feedback_correct,correct,239.94890160000068,1,True,correct,CHECK,unexpected_click_count_1,sub-010_ses-01_task-WorkingMemory_run-4_eeg_events.csv
sub-010,4,8,7,probe_not_shown,Q,ignored_correct,feedback_correct,correct,287.4236842750033,1,True,correct,CHECK,unexpected_click_count_1,sub-010_ses-01_task-WorkingMemory_run-4_eeg_events.csv
sub-010,4,9,5,probe_target,L,,feedback_correct,correct,,0,,correct,CHECK,missing_response;unexpected_click_count_0,sub-010_ses-01_task-WorkingMemory_run-4_eeg_events.csv
sub-010,4,10,7,probe_not_shown,K,ignored_correct,feedback_correct,correct,503.34769582500303,1,True,correct,CHECK,unexpected_click_count_1,sub-010_ses-01_task-WorkingMemory_run-4_eeg_events.csv
sub-010,4,11,3,probe_not_shown,B,ignored_correct,feedback_correct,correct,184.19915680000122,2,True,correct,OK,,sub-010_ses-01_task-WorkingMemory_run-4_eeg_events.csv
sub-010,4,12,5,probe_not_shown,K,ignored_correct,feedback_correct,correct,268.0987727250031,1,True,correct,CHECK,unexpected_click_count_1,sub-010_ses-01_task-WorkingMemory_run-4_eeg_events.csv
sub-010,4,13,5,probe_target,F,,feedback_correct,correct,,1,,correct,CHECK,missing_response;unexpected_click_count_1,sub-010_ses-01_task-WorkingMemory_run-4_eeg_events.csv
sub-010,4,14,5,probe_not_shown,B,ignored_correct,feedback_correct,correct,225.6739669500239,1,True,correct,CHECK,unexpected_click_count_1,sub-010_ses-01_task-WorkingMemory_run-4_eeg_events.csv
sub-010,4,15,5,probe_not_shown,J,ignored_correct,feedback_correct,correct,220.52399052499095,1,True,correct,CHECK,unexpected_click_count_1,sub-010_ses-01_task-WorkingMemory_run-4_eeg_events.csv
sub-010,4,16,7,probe_target,D,,feedback_correct,correct,,1,,correct,CHECK,missing_response;unexpected_click_count_1,sub-010_ses-01_task-WorkingMemory_run-4_eeg_events.csv
sub-010,4,17,5,probe_target,Y,,feedback_correct,correct,,1,,correct,CHECK,missing_response;unexpected_click_count_1,sub-010_ses-01_task-WorkingMemory_run-4_eeg_events.csv
sub-010,4,18,3,probe_not_shown,X,ignored_correct,feedback_correct,correct,198.79908995000005,1,True,correct,CHECK,unexpected_click_count_1,sub-010_ses-01_task-WorkingMemory_run-4_eeg_events.csv
sub-010,4,19,7,probe_not_shown,D,ignored_correct,feedback_correct,correct,245.4238765249902,1,True,correct,CHECK,unexpected_click_count_1,sub-010_ses-01_task-WorkingMemory_run-4_eeg_events.csv
sub-010,4,20,5,probe_not_shown,Z,ignored_correct,feedback_correct,correct,197.52409580000676,1,True,correct,CHECK,unexpected_click_count_1,sub-010_ses-01_task-WorkingMemory_run-4_eeg_events.csv
sub-010,4,21,7,probe_not_shown,J,ignored_correct,feedback_correct,correct,308.7485866749921,1,True,correct,CHECK,unexpected_click_count_1,sub-010_ses-01_task-WorkingMemory_run-4_eeg_events.csv
sub-010,4,22,5,probe_target,M,,feedback_correct,correct,,1,,correct,CHECK,missing_response;unexpected_click_count_1,sub-010_ses-01_task-WorkingMemory_run-4_eeg_events.csv
sub-010,4,23,3,probe_target,N,,feedback_correct,correct,,1,,correct,CHECK,missing_response;unexpected_click_count_1,sub-010_ses-01_task-WorkingMemory_run-4_eeg_events.csv
sub-010,4,24,3,probe_target,S,,feedback_correct,correct,,1,,correct,CHECK,missing_response;unexpected_click_count_1,sub-010_ses-01_task-WorkingMemory_run-4_eeg_events.csv
sub-010,4,25,3,probe_not_shown,J,ignored_correct,feedback_correct,correct,236.3489180749748,1,True,correct,CHECK,unexpected_click_count_1,sub-010_ses-01_task-WorkingMemory_run-4_eeg_events.csv
sub-011,1,1,5,probe_not_shown,T,ignored_correct,feedback_correct,correct,490.45037417500043,1,True,correct,CHECK,unexpected_click_count_1,sub-011_ses-01_task-WorkingMemory_run-1_eeg_events.csv
sub-011,1,2,3,probe_target,D,,feedback_correct,correct,,0,,correct,CHECK,missing_response;unexpected_click_count_0,sub-011_ses-01_task-WorkingMemory_run-1_eeg_events.csv
sub-011,1,3,5,probe_target,J,,feedback_correct,correct,,0,,correct,CHECK,missing_response;unexpected_click_count_0,sub-011_ses-01_task-WorkingMemory_run-1_eeg_events.csv
sub-011,1,4,7,probe_target,M,,feedback_correct,correct,,0,,correct,CHECK,missing_response;unexpected_click_count_0,sub-011_ses-01_task-WorkingMemory_run-1_eeg_events.csv
sub-011,1,5,5,probe_target,R,,feedback_correct,correct,,0,,correct,CHECK,missing_response;unexpected_click_count_0,sub-011_ses-01_task-WorkingMemory_run-1_eeg_events.csv
sub-011,1,6,5,probe_target,G,,feedback_correct,correct,,0,,correct,CHECK,missing_response;unexpected_click_count_0,sub-011_ses-01_task-WorkingMemory_run-1_eeg_events.csv
sub-011,1,7,3,probe_target,B,,feedback_correct,correct,,0,,correct,CHECK,missing_response;unexpected_click_count_0,sub-011_ses-01_task-WorkingMemory_run-1_eeg_events.csv
sub-011,1,8,5,probe_target,R,,feedback_correct,correct,,0,,correct,CHECK,missing_response;unexpected_click_count_0,sub-011_ses-01_task-WorkingMemory_run-1_eeg_events.csv
sub-011,1,9,5,probe_not_shown,J,ignored_correct,feedback_correct,correct,290.85022190000745,1,True,correct,CHECK,unexpected_click_count_1,sub-011_ses-01_task-WorkingMemory_run-1_eeg_events.csv
sub-011,1,10,3,probe_not_shown,L,ignored_correct,feedback_correct,correct,243.10018547499203,1,True,correct,CHECK,unexpected_click_count_1,sub-011_ses-01_task-WorkingMemory_run-1_eeg_events.csv
sub-011,1,11,7,probe_not_shown,G,ignored_correct,feedback_correct,correct,364.3502779749833,1,True,correct,CHECK,unexpected_click_count_1,sub-011_ses-01_task-WorkingMemory_run-1_eeg_events.csv
sub-011,1,12,7,probe_not_shown,F,ignored_correct,feedback_correct,correct,744.3755679000169,1,True,correct,CHECK,unexpected_click_count_1,sub-011_ses-01_task-WorkingMemory_run-1_eeg_events.csv
sub-011,1,13,3,probe_target,V,,feedback_correct,correct,,0,,correct,CHECK,missing_response;unexpected_click_count_0,sub-011_ses-01_task-WorkingMemory_run-1_eeg_events.csv
sub-011,1,14,7,probe_not_shown,L,ignored_correct,feedback_correct,correct,326.97524947499915,1,True,correct,CHECK,unexpected_click_count_1,sub-011_ses-01_task-WorkingMemory_run-1_eeg_events.csv
sub-011,1,15,7,probe_not_shown,B,ignored_correct,feedback_correct,correct,471.6753598750074,1,True,correct,CHECK,unexpected_click_count_1,sub-011_ses-01_task-WorkingMemory_run-1_eeg_events.csv
sub-011,1,16,5,probe_target,L,,feedback_correct,correct,,0,,correct,CHECK,missing_response;unexpected_click_count_0,sub-011_ses-01_task-WorkingMemory_run-1_eeg_events.csv
sub-011,1,17,7,probe_target,Z,,feedback_correct,correct,,0,,correct,CHECK,missing_response;unexpected_click_count_0,sub-011_ses-01_task-WorkingMemory_run-1_eeg_events.csv
sub-011,1,18,3,probe_target,V,,feedback_correct,correct,,0,,correct,CHECK,missing_response;unexpected_click_count_0,sub-011_ses-01_task-WorkingMemory_run-1_eeg_events.csv
sub-011,1,19,5,probe_not_shown,Q,ignored_correct,feedback_correct,correct,260.2001985249808,1,True,correct,CHECK,unexpected_click_count_1,sub-011_ses-01_task-WorkingMemory_run-1_eeg_events.csv
sub-011,1,20,3,probe_not_shown,S,ignored_correct,feedback_correct,correct,260.7501989499724,1,True,correct,CHECK,unexpected_click_count_1,sub-011_ses-01_task-WorkingMemory_run-1_eeg_events.csv
sub-011,1,21,5,probe_target,L,,feedback_correct,correct,,0,,correct,CHECK,missing_response;unexpected_click_count_0,sub-011_ses-01_task-WorkingMemory_run-1_eeg_events.csv
sub-011,1,22,3,probe_target,J,,feedback_correct,correct,,0,,correct,CHECK,missing_response;unexpected_click_count_0,sub-011_ses-01_task-WorkingMemory_run-1_eeg_events.csv
sub-011,1,23,7,probe_not_shown,C,ignored_correct,feedback_correct,correct,634.6004841500253,1,True,correct,CHECK,unexpected_click_count_1,sub-011_ses-01_task-WorkingMemory_run-1_eeg_events.csv
sub-011,1,24,3,probe_target,C,,feedback_correct,correct,,0,,correct,CHECK,missing_response;unexpected_click_count_0,sub-011_ses-01_task-WorkingMemory_run-1_eeg_events.csv
sub-011,1,25,7,probe_target,B,,feedback_correct,correct,,0,,correct,CHECK,missing_response;unexpected_click_count_0,sub-011_ses-01_task-WorkingMemory_run-1_eeg_events.csv
sub-011,2,1,5,probe_not_shown,Q,ignored_correct,feedback_correct,correct,305.8002333000004,1,True,correct,CHECK,unexpected_click_count_1,sub-011_ses-01_task-WorkingMemory_run-2_eeg_events.csv
sub-011,2,2,5,probe_not_shown,J,ignored_correct,feedback_correct,correct,325.77524854999865,1,True,correct,CHECK,unexpected_click_count_1,sub-011_ses-01_task-WorkingMemory_run-2_eeg_events.csv
sub-011,2,3,5,probe_target,Q,,feedback_correct,correct,,0,,correct,CHECK,missing_response;unexpected_click_count_0,sub-011_ses-01_task-WorkingMemory_run-2_eeg_events.csv
sub-011,2,4,3,probe_not_shown,B,ignored_correct,feedback_correct,correct,221.6751691249956,1,True,correct,CHECK,unexpected_click_count_1,sub-011_ses-01_task-WorkingMemory_run-2_eeg_events.csv
sub-011,2,5,7,probe_not_shown,Y,ignored_correct,feedback_correct,correct,332.0752533499981,1,True,correct,CHECK,unexpected_click_count_1,sub-011_ses-01_task-WorkingMemory_run-2_eeg_events.csv
sub-011,2,6,5,probe_not_shown,Z,ignored_correct,feedback_correct,correct,506.1003861249992,1,True,correct,CHECK,unexpected_click_count_1,sub-011_ses-01_task-WorkingMemory_run-2_eeg_events.csv
sub-011,2,7,3,probe_target,L,,feedback_correct,correct,,0,,correct,CHECK,missing_response;unexpected_click_count_0,sub-011_ses-01_task-WorkingMemory_run-2_eeg_events.csv
sub-011,2,8,7,probe_target,G,,feedback_correct,correct,,0,,correct,CHECK,missing_response;unexpected_click_count_0,sub-011_ses-01_task-WorkingMemory_run-2_eeg_events.csv
sub-011,2,9,5,probe_target,K,,feedback_correct,correct,,0,,correct,CHECK,missing_response;unexpected_click_count_0,sub-011_ses-01_task-WorkingMemory_run-2_eeg_events.csv
sub-011,2,10,3,probe_target,R,,feedback_correct,correct,,0,,correct,CHECK,missing_response;unexpected_click_count_0,sub-011_ses-01_task-WorkingMemory_run-2_eeg_events.csv
sub-011,2,11,3,probe_target,P,,feedback_correct,correct,,0,,correct,CHECK,missing_response;unexpected_click_count_0,sub-011_ses-01_task-WorkingMemory_run-2_eeg_events.csv
sub-011,2,12,5,probe_target,P,,feedback_correct,correct,,0,,correct,CHECK,missing_response;unexpected_click_count_0,sub-011_ses-01_task-WorkingMemory_run-2_eeg_events.csv
sub-011,2,13,7,probe_target,Z,,feedback_correct,correct,,0,,correct,CHECK,missing_response;unexpected_click_count_0,sub-011_ses-01_task-WorkingMemory_run-2_eeg_events.csv
sub-011,2,14,3,probe_target,R,,feedback_correct,correct,,0,,correct,CHECK,missing_response;unexpected_click_count_0,sub-011_ses-01_task-WorkingMemory_run-2_eeg_events.csv
sub-011,2,15,3,probe_not_shown,Q,ignored_correct,feedback_correct,correct,321.5502453250083,1,True,correct,CHECK,unexpected_click_count_1,sub-011_ses-01_task-WorkingMemory_run-2_eeg_events.csv
sub-011,2,16,3,probe_not_shown,X,ignored_correct,feedback_correct,correct,329.2502511999919,1,True,correct,CHECK,unexpected_click_count_1,sub-011_ses-01_task-WorkingMemory_run-2_eeg_events.csv
sub-011,2,17,5,probe_target,X,,feedback_correct,correct,,0,,correct,CHECK,missing_response;unexpected_click_count_0,sub-011_ses-01_task-WorkingMemory_run-2_eeg_events.csv
sub-011,2,18,7,probe_target,X,,feedback_correct,correct,,0,,correct,CHECK,missing_response;unexpected_click_count_0,sub-011_ses-01_task-WorkingMemory_run-2_eeg_events.csv
sub-011,2,19,7,probe_not_shown,X,ignored_correct,feedback_correct,correct,407.7253110750171,1,True,correct,CHECK,unexpected_click_count_1,sub-011_ses-01_task-WorkingMemory_run-2_eeg_events.csv
sub-011,2,20,7,probe_target,S,,feedback_correct,correct,,0,,correct,CHECK,missing_response;unexpected_click_count_0,sub-011_ses-01_task-WorkingMemory_run-2_eeg_events.csv
sub-011,2,21,5,probe_not_shown,L,ignored_correct,feedback_correct,correct,236.75018062497838,1,True,correct,CHECK,unexpected_click_count_1,sub-011_ses-01_task-WorkingMemory_run-2_eeg_events.csv
sub-011,2,22,3,probe_target,S,,feedback_correct,correct,,0,,correct,CHECK,missing_response;unexpected_click_count_0,sub-011_ses-01_task-WorkingMemory_run-2_eeg_events.csv
sub-011,2,23,7,probe_not_shown,L,ignored_correct,feedback_correct,correct,244.35018642499927,1,True,correct,CHECK,unexpected_click_count_1,sub-011_ses-01_task-WorkingMemory_run-2_eeg_events.csv
sub-011,2,24,7,probe_not_shown,Z,,feedback_incorrect,wrong,,0,,wrong,CHECK,missing_response;unexpected_click_count_0,sub-011_ses-01_task-WorkingMemory_run-2_eeg_events.csv
sub-011,2,25,3,probe_target,K,,feedback_correct,correct,,0,,correct,CHECK,missing_response;unexpected_click_count_0,sub-011_ses-01_task-WorkingMemory_run-2_eeg_events.csv
sub-011,3,1,7,probe_target,W,,feedback_correct,correct,,0,,correct,CHECK,missing_response;unexpected_click_count_0,sub-011_ses-01_task-WorkingMemory_run-3_eeg_events.csv
sub-011,3,2,3,probe_not_shown,M,ignored_correct,feedback_correct,correct,701.3727257750033,1,True,correct,CHECK,unexpected_click_count_1,sub-011_ses-01_task-WorkingMemory_run-3_eeg_events.csv
sub-011,3,3,3,probe_target,K,,feedback_correct,correct,,0,,correct,CHECK,missing_response;unexpected_click_count_0,sub-011_ses-01_task-WorkingMemory_run-3_eeg_events.csv
sub-011,3,4,7,probe_target,G,,feedback_correct,correct,,0,,correct,CHECK,missing_response;unexpected_click_count_0,sub-011_ses-01_task-WorkingMemory_run-3_eeg_events.csv
sub-011,3,5,7,probe_target,N,,feedback_correct,correct,,0,,correct,CHECK,missing_response;unexpected_click_count_0,sub-011_ses-01_task-WorkingMemory_run-3_eeg_events.csv
sub-011,3,6,3,probe_not_shown,F,ignored_correct,feedback_correct,correct,302.49901914999646,1,True,correct,CHECK,unexpected_click_count_1,sub-011_ses-01_task-WorkingMemory_run-3_eeg_events.csv
sub-011,3,7,7,probe_not_shown,P,ignored_correct,feedback_correct,correct,255.0491730250069,1,True,correct,CHECK,unexpected_click_count_1,sub-011_ses-01_task-WorkingMemory_run-3_eeg_events.csv
sub-011,3,8,3,probe_target,B,,feedback_correct,correct,,0,,correct,CHECK,missing_response;unexpected_click_count_0,sub-011_ses-01_task-WorkingMemory_run-3_eeg_events.csv
sub-011,3,9,3,probe_target,T,,feedback_correct,correct,,0,,correct,CHECK,missing_response;unexpected_click_count_0,sub-011_ses-01_task-WorkingMemory_run-3_eeg_events.csv
sub-011,3,10,7,probe_target,R,,feedback_correct,correct,,0,,correct,CHECK,missing_response;unexpected_click_count_0,sub-011_ses-01_task-WorkingMemory_run-3_eeg_events.csv
sub-011,3,11,7,probe_target,C,,feedback_correct,correct,,0,,correct,CHECK,missing_response;unexpected_click_count_0,sub-011_ses-01_task-WorkingMemory_run-3_eeg_events.csv
sub-011,3,12,5,probe_not_shown,B,,feedback_incorrect,wrong,,0,,wrong,CHECK,missing_response;unexpected_click_count_0,sub-011_ses-01_task-WorkingMemory_run-3_eeg_events.csv
sub-011,3,13,5,probe_not_shown,V,ignored_correct,feedback_correct,correct,271.1491207999934,1,True,correct,CHECK,unexpected_click_count_1,sub-011_ses-01_task-WorkingMemory_run-3_eeg_events.csv
sub-011,3,14,5,probe_target,F,,feedback_correct,correct,,0,,correct,CHECK,missing_response;unexpected_click_count_0,sub-011_ses-01_task-WorkingMemory_run-3_eeg_events.csv
sub-011,3,15,3,probe_not_shown,Y,ignored_correct,feedback_correct,correct,225.09927009999228,1,True,correct,CHECK,unexpected_click_count_1,sub-011_ses-01_task-WorkingMemory_run-3_eeg_events.csv
sub-011,3,16,5,probe_target,Q,,feedback_correct,correct,,0,,correct,CHECK,missing_response;unexpected_click_count_0,sub-011_ses-01_task-WorkingMemory_run-3_eeg_events.csv
sub-011,3,17,5,probe_not_shown,G,ignored_correct,feedback_correct,correct,347.9488717750064,1,True,correct,CHECK,unexpected_click_count_1,sub-011_ses-01_task-WorkingMemory_run-3_eeg_events.csv
sub-011,3,18,7,probe_target,V,,feedback_correct,correct,,0,,correct,CHECK,missing_response;unexpected_click_count_0,sub-011_ses-01_task-WorkingMemory_run-3_eeg_events.csv
sub-011,3,19,3,probe_not_shown,Z,ignored_correct,feedback_correct,correct,263.8741443750041,1,True,correct,CHECK,unexpected_click_count_1,sub-011_ses-01_task-WorkingMemory_run-3_eeg_events.csv
sub-011,3,20,7,probe_not_shown,Y,ignored_correct,feedback_correct,correct,200.9743483499915,1,True,correct,CHECK,unexpected_click_count_1,sub-011_ses-01_task-WorkingMemory_run-3_eeg_events.csv
sub-011,3,21,5,probe_target,W,,feedback_correct,correct,,0,,correct,CHECK,missing_response;unexpected_click_count_0,sub-011_ses-01_task-WorkingMemory_run-3_eeg_events.csv
sub-011,3,22,3,probe_target,R,,feedback_correct,correct,,0,,correct,CHECK,missing_response;unexpected_click_count_0,sub-011_ses-01_task-WorkingMemory_run-3_eeg_events.csv
sub-011,3,23,5,probe_not_shown,H,ignored_correct,feedback_correct,correct,291.52405472498504,1,True,correct,CHECK,unexpected_click_count_1,sub-011_ses-01_task-WorkingMemory_run-3_eeg_events.csv
sub-011,3,24,5,probe_target,H,,feedback_correct,correct,,0,,correct,CHECK,missing_response;unexpected_click_count_0,sub-011_ses-01_task-WorkingMemory_run-3_eeg_events.csv
sub-011,3,25,7,probe_target,P,,feedback_correct,correct,,0,,correct,CHECK,missing_response;unexpected_click_count_0,sub-011_ses-01_task-WorkingMemory_run-3_eeg_events.csv
sub-011,4,1,7,probe_target,D,,feedback_correct,correct,,0,,correct,CHECK,missing_response;unexpected_click_count_0,sub-011_ses-01_task-WorkingMemory_run-4_eeg_events.csv
sub-011,4,2,7,probe_not_shown,J,ignored_correct,feedback_correct,correct,210.0991584500007,1,True,correct,CHECK,unexpected_click_count_1,sub-011_ses-01_task-WorkingMemory_run-4_eeg_events.csv
sub-011,4,3,7,probe_not_shown,D,,feedback_incorrect,wrong,,0,,wrong,CHECK,missing_response;unexpected_click_count_0,sub-011_ses-01_task-WorkingMemory_run-4_eeg_events.csv
sub-011,4,4,3,probe_not_shown,S,ignored_correct,feedback_correct,correct,614.5975382500037,1,True,correct,CHECK,unexpected_click_count_1,sub-011_ses-01_task-WorkingMemory_run-4_eeg_events.csv
sub-011,4,5,7,probe_not_shown,V,ignored_correct,feedback_correct,correct,324.54870002499956,1,True,correct,CHECK,unexpected_click_count_1,sub-011_ses-01_task-WorkingMemory_run-4_eeg_events.csv
sub-011,4,6,5,probe_not_shown,B,ignored_correct,feedback_correct,correct,231.87407125000027,1,True,correct,CHECK,unexpected_click_count_1,sub-011_ses-01_task-WorkingMemory_run-4_eeg_events.csv
sub-011,4,7,3,probe_not_shown,R,ignored_correct,feedback_correct,correct,267.7739274249907,1,True,correct,CHECK,unexpected_click_count_1,sub-011_ses-01_task-WorkingMemory_run-4_eeg_events.csv
sub-011,4,8,7,probe_target,K,,feedback_correct,correct,,0,,correct,CHECK,missing_response;unexpected_click_count_0,sub-011_ses-01_task-WorkingMemory_run-4_eeg_events.csv
sub-011,4,9,7,probe_not_shown,Q,ignored_correct,feedback_correct,correct,464.4981394750066,1,True,correct,CHECK,unexpected_click_count_1,sub-011_ses-01_task-WorkingMemory_run-4_eeg_events.csv
sub-011,4,10,3,probe_target,C,,feedback_correct,correct,,0,,correct,CHECK,missing_response;unexpected_click_count_0,sub-011_ses-01_task-WorkingMemory_run-4_eeg_events.csv
sub-011,4,11,5,probe_target,Y,,feedback_correct,correct,,0,,correct,CHECK,missing_response;unexpected_click_count_0,sub-011_ses-01_task-WorkingMemory_run-4_eeg_events.csv
sub-011,4,12,5,probe_not_shown,K,ignored_correct,feedback_correct,correct,245.89901507500326,1,True,correct,CHECK,unexpected_click_count_1,sub-011_ses-01_task-WorkingMemory_run-4_eeg_events.csv
sub-011,4,13,5,probe_not_shown,J,,feedback_incorrect,wrong,,0,,wrong,CHECK,missing_response;unexpected_click_count_0,sub-011_ses-01_task-WorkingMemory_run-4_eeg_events.csv
sub-011,4,14,5,probe_target,F,,feedback_correct,correct,,0,,correct,CHECK,missing_response;unexpected_click_count_0,sub-011_ses-01_task-WorkingMemory_run-4_eeg_events.csv
sub-011,4,15,3,probe_target,N,,feedback_correct,correct,,0,,correct,CHECK,missing_response;unexpected_click_count_0,sub-011_ses-01_task-WorkingMemory_run-4_eeg_events.csv
sub-011,4,16,5,probe_target,L,,feedback_correct,correct,,0,,correct,CHECK,missing_response;unexpected_click_count_0,sub-011_ses-01_task-WorkingMemory_run-4_eeg_events.csv
sub-011,4,17,5,probe_target,M,,feedback_correct,correct,,0,,correct,CHECK,missing_response;unexpected_click_count_0,sub-011_ses-01_task-WorkingMemory_run-4_eeg_events.csv
sub-011,4,18,3,probe_not_shown,J,ignored_correct,feedback_correct,correct,227.2240898750024,2,True,correct,OK,,sub-011_ses-01_task-WorkingMemory_run-4_eeg_events.csv
sub-011,4,19,7,probe_target,H,,feedback_correct,correct,,0,,correct,CHECK,missing_response;unexpected_click_count_0,sub-011_ses-01_task-WorkingMemory_run-4_eeg_events.csv
sub-011,4,20,3,probe_not_shown,X,ignored_correct,feedback_correct,correct,224.72409987499123,1,True,correct,CHECK,unexpected_click_count_1,sub-011_ses-01_task-WorkingMemory_run-4_eeg_events.csv
sub-011,4,21,7,probe_not_shown,K,,feedback_incorrect,wrong,,0,,wrong,CHECK,missing_response;unexpected_click_count_0,sub-011_ses-01_task-WorkingMemory_run-4_eeg_events.csv
sub-011,4,22,5,probe_not_shown,B,ignored_correct,feedback_correct,correct,171.5243129749433,1,True,correct,CHECK,unexpected_click_count_1,sub-011_ses-01_task-WorkingMemory_run-4_eeg_events.csv
sub-011,4,23,3,probe_not_shown,B,ignored_correct,feedback_correct,correct,159.02436305000447,1,True,correct,CHECK,unexpected_click_count_1,sub-011_ses-01_task-WorkingMemory_run-4_eeg_events.csv
sub-011,4,24,5,probe_not_shown,Z,ignored_correct,feedback_correct,correct,203.49918490005075,1,True,correct,CHECK,unexpected_click_count_1,sub-011_ses-01_task-WorkingMemory_run-4_eeg_events.csv
sub-011,4,25,3,probe_target,S,,feedback_correct,correct,,0,,correct,CHECK,missing_response;unexpected_click_count_0,sub-011_ses-01_task-WorkingMemory_run-4_eeg_events.csv
sub-012,1,1,3,probe_target,V,,feedback_correct,correct,,1,,correct,CHECK,missing_response;unexpected_click_count_1,sub-012_ses-01_task-WorkingMemory_run-1_eeg_events.csv
sub-012,1,2,7,probe_not_shown,G,ignored_correct,feedback_correct,correct,346.22420754999985,1,True,correct,CHECK,unexpected_click_count_1,sub-012_ses-01_task-WorkingMemory_run-1_eeg_events.csv
sub-012,1,3,5,probe_target,R,,feedback_correct,correct,,1,,correct,CHECK,missing_response;unexpected_click_count_1,sub-012_ses-01_task-WorkingMemory_run-1_eeg_events.csv
sub-012,1,4,5,probe_target,J,,feedback_correct,correct,,1,,correct,CHECK,missing_response;unexpected_click_count_1,sub-012_ses-01_task-WorkingMemory_run-1_eeg_events.csv
sub-012,1,5,3,probe_target,V,,feedback_correct,correct,,1,,correct,CHECK,missing_response;unexpected_click_count_1,sub-012_ses-01_task-WorkingMemory_run-1_eeg_events.csv
sub-012,1,6,7,probe_target,Z,,feedback_correct,correct,,1,,correct,CHECK,missing_response;unexpected_click_count_1,sub-012_ses-01_task-WorkingMemory_run-1_eeg_events.csv
sub-012,1,7,3,probe_not_shown,S,ignored_correct,feedback_correct,correct,210.34951854999963,1,True,correct,CHECK,unexpected_click_count_1,sub-012_ses-01_task-WorkingMemory_run-1_eeg_events.csv
sub-012,1,8,5,probe_not_shown,Q,ignored_correct,feedback_correct,correct,197.12454882499878,1,True,correct,CHECK,unexpected_click_count_1,sub-012_ses-01_task-WorkingMemory_run-1_eeg_events.csv
sub-012,1,9,3,probe_target,B,,feedback_correct,correct,,1,,correct,CHECK,missing_response;unexpected_click_count_1,sub-012_ses-01_task-WorkingMemory_run-1_eeg_events.csv
sub-012,1,10,7,probe_target,B,,feedback_correct,correct,,1,,correct,CHECK,missing_response;unexpected_click_count_1,sub-012_ses-01_task-WorkingMemory_run-1_eeg_events.csv
sub-012,1,11,5,probe_not_shown,J,ignored_correct,feedback_correct,correct,325.34925532500347,1,True,correct,CHECK,unexpected_click_count_1,sub-012_ses-01_task-WorkingMemory_run-1_eeg_events.csv
sub-012,1,12,5,probe_target,G,,feedback_correct,correct,,1,,correct,CHECK,missing_response;unexpected_click_count_1,sub-012_ses-01_task-WorkingMemory_run-1_eeg_events.csv
sub-012,1,13,3,probe_not_shown,L,ignored_correct,feedback_correct,correct,394.74909647500317,1,True,correct,CHECK,unexpected_click_count_1,sub-012_ses-01_task-WorkingMemory_run-1_eeg_events.csv
sub-012,1,14,5,probe_not_shown,T,ignored_correct,feedback_correct,correct,197.32454834999226,1,True,correct,CHECK,unexpected_click_count_1,sub-012_ses-01_task-WorkingMemory_run-1_eeg_events.csv
sub-012,1,15,7,probe_not_shown,F,ignored_correct,feedback_correct,correct,197.52454790000047,1,True,correct,CHECK,unexpected_click_count_1,sub-012_ses-01_task-WorkingMemory_run-1_eeg_events.csv
sub-012,1,16,7,probe_not_shown,B,ignored_correct,feedback_correct,correct,243.59944242500933,1,True,correct,CHECK,unexpected_click_count_1,sub-012_ses-01_task-WorkingMemory_run-1_eeg_events.csv
sub-012,1,17,5,probe_target,R,,feedback_correct,correct,,1,,correct,CHECK,missing_response;unexpected_click_count_1,sub-012_ses-01_task-WorkingMemory_run-1_eeg_events.csv
sub-012,1,18,7,probe_not_shown,L,ignored_correct,feedback_correct,correct,194.9995536750066,1,True,correct,CHECK,unexpected_click_count_1,sub-012_ses-01_task-WorkingMemory_run-1_eeg_events.csv
sub-012,1,19,5,probe_target,L,,feedback_correct,correct,,1,,correct,CHECK,missing_response;unexpected_click_count_1,sub-012_ses-01_task-WorkingMemory_run-1_eeg_events.csv
sub-012,1,20,7,probe_target,M,,feedback_correct,correct,,1,,correct,CHECK,missing_response;unexpected_click_count_1,sub-012_ses-01_task-WorkingMemory_run-1_eeg_events.csv
sub-012,1,21,7,probe_not_shown,C,ignored_correct,feedback_correct,correct,181.19958527499693,1,True,correct,CHECK,unexpected_click_count_1,sub-012_ses-01_task-WorkingMemory_run-1_eeg_events.csv
sub-012,1,22,3,probe_target,D,,feedback_correct,correct,,1,,correct,CHECK,missing_response;unexpected_click_count_1,sub-012_ses-01_task-WorkingMemory_run-1_eeg_events.csv
sub-012,1,23,5,probe_target,L,,feedback_correct,correct,,1,,correct,CHECK,missing_response;unexpected_click_count_1,sub-012_ses-01_task-WorkingMemory_run-1_eeg_events.csv
sub-012,1,24,3,probe_target,C,,feedback_correct,correct,,1,,correct,CHECK,missing_response;unexpected_click_count_1,sub-012_ses-01_task-WorkingMemory_run-1_eeg_events.csv
sub-012,1,25,3,probe_target,J,,feedback_correct,correct,,1,,correct,CHECK,missing_response;unexpected_click_count_1,sub-012_ses-01_task-WorkingMemory_run-1_eeg_events.csv
sub-012,2,1,5,probe_not_shown,Q,ignored_correct,feedback_correct,correct,203.3004653250009,1,True,correct,CHECK,unexpected_click_count_1,sub-012_ses-01_task-WorkingMemory_run-2_eeg_events.csv
sub-012,2,2,3,probe_target,L,,feedback_correct,correct,,1,,correct,CHECK,missing_response;unexpected_click_count_1,sub-012_ses-01_task-WorkingMemory_run-2_eeg_events.csv
sub-012,2,3,7,probe_target,G,,feedback_correct,correct,,1,,correct,CHECK,missing_response;unexpected_click_count_1,sub-012_ses-01_task-WorkingMemory_run-2_eeg_events.csv
sub-012,2,4,3,probe_not_shown,B,ignored_correct,feedback_correct,correct,143.65032877500198,1,True,correct,CHECK,unexpected_click_count_1,sub-012_ses-01_task-WorkingMemory_run-2_eeg_events.csv
sub-012,2,5,3,probe_target,R,,feedback_correct,correct,,1,,correct,CHECK,missing_response;unexpected_click_count_1,sub-012_ses-01_task-WorkingMemory_run-2_eeg_events.csv
sub-012,2,6,3,probe_target,R,,feedback_correct,correct,,1,,correct,CHECK,missing_response;unexpected_click_count_1,sub-012_ses-01_task-WorkingMemory_run-2_eeg_events.csv
sub-012,2,7,7,probe_not_shown,X,ignored_correct,feedback_correct,correct,332.25076047499897,1,True,correct,CHECK,unexpected_click_count_1,sub-012_ses-01_task-WorkingMemory_run-2_eeg_events.csv
sub-012,2,8,7,probe_target,X,,feedback_correct,correct,,1,,correct,CHECK,missing_response;unexpected_click_count_1,sub-012_ses-01_task-WorkingMemory_run-2_eeg_events.csv
sub-012,2,9,5,probe_target,K,,feedback_correct,correct,,1,,correct,CHECK,missing_response;unexpected_click_count_1,sub-012_ses-01_task-WorkingMemory_run-2_eeg_events.csv
sub-012,2,10,7,probe_target,S,,feedback_correct,correct,,1,,correct,CHECK,missing_response;unexpected_click_count_1,sub-012_ses-01_task-WorkingMemory_run-2_eeg_events.csv
sub-012,2,11,7,probe_not_shown,L,ignored_correct,feedback_correct,correct,210.27548127499904,1,True,correct,CHECK,unexpected_click_count_1,sub-012_ses-01_task-WorkingMemory_run-2_eeg_events.csv
sub-012,2,12,3,probe_target,P,,feedback_correct,correct,,1,,correct,CHECK,missing_response;unexpected_click_count_1,sub-012_ses-01_task-WorkingMemory_run-2_eeg_events.csv
sub-012,2,13,3,probe_target,K,,feedback_correct,correct,,1,,correct,CHECK,missing_response;unexpected_click_count_1,sub-012_ses-01_task-WorkingMemory_run-2_eeg_events.csv
sub-012,2,14,7,probe_not_shown,Y,ignored_correct,feedback_correct,correct,208.60047744998883,1,True,correct,CHECK,unexpected_click_count_1,sub-012_ses-01_task-WorkingMemory_run-2_eeg_events.csv
sub-012,2,15,5,probe_target,Q,,feedback_correct,correct,,1,,correct,CHECK,missing_response;unexpected_click_count_1,sub-012_ses-01_task-WorkingMemory_run-2_eeg_events.csv
sub-012,2,16,5,probe_target,P,,feedback_correct,correct,,1,,correct,CHECK,missing_response;unexpected_click_count_1,sub-012_ses-01_task-WorkingMemory_run-2_eeg_events.csv
sub-012,2,17,7,probe_target,Z,,feedback_correct,correct,,1,,correct,CHECK,missing_response;unexpected_click_count_1,sub-012_ses-01_task-WorkingMemory_run-2_eeg_events.csv
sub-012,2,18,5,probe_not_shown,L,ignored_correct,feedback_correct,correct,178.97540964999644,1,True,correct,CHECK,unexpected_click_count_1,sub-012_ses-01_task-WorkingMemory_run-2_eeg_events.csv
sub-012,2,19,5,probe_target,X,,feedback_correct,correct,,1,,correct,CHECK,missing_response;unexpected_click_count_1,sub-012_ses-01_task-WorkingMemory_run-2_eeg_events.csv
sub-012,2,20,5,probe_not_shown,J,ignored_correct,feedback_correct,correct,154.20035292499233,1,True,correct,CHECK,unexpected_click_count_1,sub-012_ses-01_task-WorkingMemory_run-2_eeg_events.csv
sub-012,2,21,3,probe_target,S,,feedback_correct,correct,,1,,correct,CHECK,missing_response;unexpected_click_count_1,sub-012_ses-01_task-WorkingMemory_run-2_eeg_events.csv
sub-012,2,22,3,probe_not_shown,X,ignored_correct,feedback_correct,correct,154.55035372500424,1,True,correct,CHECK,unexpected_click_count_1,sub-012_ses-01_task-WorkingMemory_run-2_eeg_events.csv
sub-012,2,23,3,probe_not_shown,Q,ignored_correct,feedback_correct,correct,242.67555542499758,1,True,correct,CHECK,unexpected_click_count_1,sub-012_ses-01_task-WorkingMemory_run-2_eeg_events.csv
sub-012,2,24,5,probe_not_shown,Z,ignored_correct,feedback_correct,correct,159.0753640999901,1,True,correct,CHECK,unexpected_click_count_1,sub-012_ses-01_task-WorkingMemory_run-2_eeg_events.csv
sub-012,2,25,7,probe_not_shown,Z,ignored_correct,feedback_correct,correct,509.45116605001385,1,True,correct,CHECK,unexpected_click_count_1,sub-012_ses-01_task-WorkingMemory_run-2_eeg_events.csv
sub-012,3,1,3,probe_target,K,,feedback_correct,correct,,1,,correct,CHECK,missing_response;unexpected_click_count_1,sub-012_ses-01_task-WorkingMemory_run-3_eeg_events.csv
sub-012,3,2,5,probe_not_shown,G,ignored_correct,feedback_correct,correct,161.34952299999895,1,True,correct,CHECK,unexpected_click_count_1,sub-012_ses-01_task-WorkingMemory_run-3_eeg_events.csv
sub-012,3,3,5,probe_target,Q,,feedback_correct,correct,,1,,correct,CHECK,missing_response;unexpected_click_count_1,sub-012_ses-01_task-WorkingMemory_run-3_eeg_events.csv
sub-012,3,4,7,probe_target,N,,feedback_correct,correct,,1,,correct,CHECK,missing_response;unexpected_click_count_1,sub-012_ses-01_task-WorkingMemory_run-3_eeg_events.csv
sub-012,3,5,5,probe_target,F,,feedback_correct,correct,,1,,correct,CHECK,missing_response;unexpected_click_count_1,sub-012_ses-01_task-WorkingMemory_run-3_eeg_events.csv
sub-012,3,6,7,probe_not_shown,Y,ignored_correct,feedback_correct,correct,214.02436727500026,1,True,correct,CHECK,unexpected_click_count_1,sub-012_ses-01_task-WorkingMemory_run-3_eeg_events.csv
sub-012,3,7,3,probe_target,B,,feedback_correct,correct,,1,,correct,CHECK,missing_response;unexpected_click_count_1,sub-012_ses-01_task-WorkingMemory_run-3_eeg_events.csv
sub-012,3,8,3,probe_not_shown,Y,ignored_correct,feedback_correct,correct,152.849548124992,1,True,correct,CHECK,unexpected_click_count_1,sub-012_ses-01_task-WorkingMemory_run-3_eeg_events.csv
sub-012,3,9,3,probe_target,R,,feedback_correct,correct,,1,,correct,CHECK,missing_response;unexpected_click_count_1,sub-012_ses-01_task-WorkingMemory_run-3_eeg_events.csv
sub-012,3,10,7,probe_target,C,,feedback_correct,correct,,1,,correct,CHECK,missing_response;unexpected_click_count_1,sub-012_ses-01_task-WorkingMemory_run-3_eeg_events.csv
sub-012,3,11,5,probe_not_shown,H,ignored_correct,feedback_correct,correct,187.6244452999963,1,True,correct,CHECK,unexpected_click_count_1,sub-012_ses-01_task-WorkingMemory_run-3_eeg_events.csv
sub-012,3,12,3,probe_target,T,,feedback_correct,correct,,1,,correct,CHECK,missing_response;unexpected_click_count_1,sub-012_ses-01_task-WorkingMemory_run-3_eeg_events.csv
sub-012,3,13,3,probe_not_shown,M,ignored_correct,feedback_correct,correct,254.54924745000608,1,True,correct,CHECK,unexpected_click_count_1,sub-012_ses-01_task-WorkingMemory_run-3_eeg_events.csv
sub-012,3,14,7,probe_target,R,,feedback_correct,correct,,1,,correct,CHECK,missing_response;unexpected_click_count_1,sub-012_ses-01_task-WorkingMemory_run-3_eeg_events.csv
sub-012,3,15,7,probe_target,W,,feedback_correct,correct,,1,,correct,CHECK,missing_response;unexpected_click_count_1,sub-012_ses-01_task-WorkingMemory_run-3_eeg_events.csv
sub-012,3,16,3,probe_not_shown,Z,ignored_correct,feedback_correct,correct,188.74944200000027,1,True,correct,CHECK,unexpected_click_count_1,sub-012_ses-01_task-WorkingMemory_run-3_eeg_events.csv
sub-012,3,17,5,probe_target,H,,feedback_correct,correct,,1,,correct,CHECK,missing_response;unexpected_click_count_1,sub-012_ses-01_task-WorkingMemory_run-3_eeg_events.csv
sub-012,3,18,5,probe_not_shown,B,ignored_correct,feedback_correct,correct,539.073406274998,1,True,correct,CHECK,unexpected_click_count_1,sub-012_ses-01_task-WorkingMemory_run-3_eeg_events.csv
sub-012,3,19,7,probe_target,V,,feedback_correct,correct,,1,,correct,CHECK,missing_response;unexpected_click_count_1,sub-012_ses-01_task-WorkingMemory_run-3_eeg_events.csv
sub-012,3,20,5,probe_not_shown,V,ignored_correct,feedback_correct,correct,203.37439875000564,1,True,correct,CHECK,unexpected_click_count_1,sub-012_ses-01_task-WorkingMemory_run-3_eeg_events.csv
sub-012,3,21,7,probe_target,P,,feedback_correct,correct,,1,,correct,CHECK,missing_response;unexpected_click_count_1,sub-012_ses-01_task-WorkingMemory_run-3_eeg_events.csv
sub-012,3,22,3,probe_not_shown,F,ignored_correct,feedback_correct,correct,170.37449632499192,1,True,correct,CHECK,unexpected_click_count_1,sub-012_ses-01_task-WorkingMemory_run-3_eeg_events.csv
sub-012,3,23,5,probe_target,W,,feedback_correct,correct,,1,,correct,CHECK,missing_response;unexpected_click_count_1,sub-012_ses-01_task-WorkingMemory_run-3_eeg_events.csv
sub-012,3,24,7,probe_not_shown,P,ignored_correct,feedback_correct,correct,205.19939334999071,1,True,correct,CHECK,unexpected_click_count_1,sub-012_ses-01_task-WorkingMemory_run-3_eeg_events.csv
sub-012,3,25,7,probe_target,G,,feedback_correct,correct,,1,,correct,CHECK,missing_response;unexpected_click_count_1,sub-012_ses-01_task-WorkingMemory_run-3_eeg_events.csv
sub-014,1,1,7,probe_not_shown,Y,ignored_correct,feedback_correct,correct,882.9951954000062,1,True,correct,CHECK,unexpected_click_count_1,sub-014_ses-01_task-WorkingMemory_run-1_eeg_events.csv
sub-014,1,2,7,probe_target,X,,feedback_correct,correct,,0,,correct,CHECK,missing_response;unexpected_click_count_0,sub-014_ses-01_task-WorkingMemory_run-1_eeg_events.csv
sub-014,1,3,7,probe_not_shown,X,ignored_correct,feedback_correct,correct,839.3855550000007,1,True,correct,CHECK,unexpected_click_count_1,sub-014_ses-01_task-WorkingMemory_run-1_eeg_events.csv
sub-014,1,4,5,probe_target,Q,,feedback_correct,correct,,0,,correct,CHECK,missing_response;unexpected_click_count_0,sub-014_ses-01_task-WorkingMemory_run-1_eeg_events.csv
sub-014,1,5,3,probe_not_shown,Q,ignored_correct,feedback_correct,correct,1153.5550055000058,1,True,correct,CHECK,unexpected_click_count_1,sub-014_ses-01_task-WorkingMemory_run-1_eeg_events.csv
sub-014,1,6,5,probe_target,P,,feedback_correct,correct,,0,,correct,CHECK,missing_response;unexpected_click_count_0,sub-014_ses-01_task-WorkingMemory_run-1_eeg_events.csv
sub-014,1,7,5,probe_target,X,,feedback_correct,correct,,0,,correct,CHECK,missing_response;unexpected_click_count_0,sub-014_ses-01_task-WorkingMemory_run-1_eeg_events.csv
sub-014,1,8,3,probe_target,L,,feedback_correct,correct,,0,,correct,CHECK,missing_response;unexpected_click_count_0,sub-014_ses-01_task-WorkingMemory_run-1_eeg_events.csv
sub-014,1,9,7,probe_target,G,,feedback_correct,correct,,0,,correct,CHECK,missing_response;unexpected_click_count_0,sub-014_ses-01_task-WorkingMemory_run-1_eeg_events.csv
sub-014,1,10,5,probe_target,K,,feedback_correct,correct,,0,,correct,CHECK,missing_response;unexpected_click_count_0,sub-014_ses-01_task-WorkingMemory_run-1_eeg_events.csv
sub-014,1,11,0,,,,,,,0,,unresolved,CHECK,missing_probe;missing_response;missing_feedback;unexpected_click_count_0;unresolved_behavior,sub-014_ses-01_task-WorkingMemory_run-1_eeg_events.csv
sub-014,1,12,5,probe_not_shown,Z,ignored_correct,feedback_correct,correct,816.18042530003,1,True,correct,CHECK,unexpected_click_count_1,sub-014_ses-01_task-WorkingMemory_run-1_eeg_events.csv
sub-014,1,13,3,probe_not_shown,X,ignored_correct,feedback_correct,correct,1354.3994042999693,1,True,correct,CHECK,unexpected_click_count_1,sub-014_ses-01_task-WorkingMemory_run-1_eeg_events.csv
sub-014,1,14,3,probe_target,R,,feedback_correct,correct,,0,,correct,CHECK,missing_response;unexpected_click_count_0,sub-014_ses-01_task-WorkingMemory_run-1_eeg_events.csv
sub-014,1,15,5,probe_not_shown,Q,ignored_correct,feedback_correct,correct,978.7163555999869,1,True,correct,CHECK,unexpected_click_count_1,sub-014_ses-01_task-WorkingMemory_run-1_eeg_events.csv
sub-014,1,16,7,probe_target,S,,feedback_correct,correct,,0,,correct,CHECK,missing_response;unexpected_click_count_0,sub-014_ses-01_task-WorkingMemory_run-1_eeg_events.csv
sub-014,1,17,5,probe_not_shown,L,ignored_correct,feedback_correct,correct,1180.060864900006,1,True,correct,CHECK,unexpected_click_count_1,sub-014_ses-01_task-WorkingMemory_run-1_eeg_events.csv
sub-014,1,18,3,probe_target,P,,feedback_correct,correct,,0,,correct,CHECK,missing_response;unexpected_click_count_0,sub-014_ses-01_task-WorkingMemory_run-1_eeg_events.csv
sub-014,1,19,3,probe_target,K,,feedback_correct,correct,,0,,correct,CHECK,missing_response;unexpected_click_count_0,sub-014_ses-01_task-WorkingMemory_run-1_eeg_events.csv
sub-014,1,20,3,probe_target,R,,feedback_correct,correct,,0,,correct,CHECK,missing_response;unexpected_click_count_0,sub-014_ses-01_task-WorkingMemory_run-1_eeg_events.csv
sub-014,1,21,3,probe_not_shown,B,ignored_correct,feedback_correct,correct,1460.8229303000262,1,True,correct,CHECK,unexpected_click_count_1,sub-014_ses-01_task-WorkingMemory_run-1_eeg_events.csv
sub-014,1,22,7,probe_target,Z,,feedback_correct,correct,,0,,correct,CHECK,missing_response;unexpected_click_count_0,sub-014_ses-01_task-WorkingMemory_run-1_eeg_events.csv
sub-014,1,23,7,probe_not_shown,L,ignored_correct,feedback_correct,correct,1038.0294672999298,1,True,correct,CHECK,unexpected_click_count_1,sub-014_ses-01_task-WorkingMemory_run-1_eeg_events.csv
sub-014,1,24,3,probe_target,S,,feedback_correct,correct,,0,,correct,CHECK,missing_response;unexpected_click_count_0,sub-014_ses-01_task-WorkingMemory_run-1_eeg_events.csv
sub-014,1,25,7,probe_not_shown,Z,,feedback_incorrect,wrong,,0,,wrong,CHECK,missing_response;unexpected_click_count_0,sub-014_ses-01_task-WorkingMemory_run-1_eeg_events.csv
sub-014,2,1,5,probe_not_shown,G,ignored_correct,feedback_correct,correct,1237.9752016000057,1,True,correct,CHECK,unexpected_click_count_1,sub-014_ses-01_task-WorkingMemory_run-2_eeg_events.csv
sub-014,2,2,3,probe_target,T,ignored_incorrect,feedback_incorrect,wrong,875.1945554999984,1,True,wrong,CHECK,unexpected_click_count_1,sub-014_ses-01_task-WorkingMemory_run-2_eeg_events.csv
sub-014,2,3,3,,,,,,,0,,unresolved,CHECK,missing_probe;missing_response;missing_feedback;unexpected_click_count_0;unresolved_behavior,sub-014_ses-01_task-WorkingMemory_run-2_eeg_events.csv
sub-014,2,4,7,probe_target,R,,feedback_correct,correct,,0,,correct,CHECK,missing_response;unexpected_click_count_0,sub-014_ses-01_task-WorkingMemory_run-2_eeg_events.csv
sub-014,2,5,5,probe_target,W,,feedback_correct,correct,,0,,correct,CHECK,missing_response;unexpected_click_count_0,sub-014_ses-01_task-WorkingMemory_run-2_eeg_events.csv
sub-014,2,6,7,probe_target,G,,feedback_correct,correct,,0,,correct,CHECK,missing_response;unexpected_click_count_0,sub-014_ses-01_task-WorkingMemory_run-2_eeg_events.csv
sub-014,2,7,5,probe_not_shown,B,,feedback_incorrect,wrong,,0,,wrong,CHECK,missing_response;unexpected_click_count_0,sub-014_ses-01_task-WorkingMemory_run-2_eeg_events.csv
sub-014,2,8,0,,,,,,,0,,unresolved,CHECK,missing_probe;missing_response;missing_feedback;unexpected_click_count_0;unresolved_behavior,sub-014_ses-01_task-WorkingMemory_run-2_eeg_events.csv
sub-014,2,9,5,probe_target,H,,feedback_correct,correct,,0,,correct,CHECK,missing_response;unexpected_click_count_0,sub-014_ses-01_task-WorkingMemory_run-2_eeg_events.csv
sub-014,2,10,3,probe_not_shown,Z,ignored_correct,feedback_correct,correct,959.9133884999901,1,True,correct,CHECK,unexpected_click_count_1,sub-014_ses-01_task-WorkingMemory_run-2_eeg_events.csv
sub-014,2,11,3,probe_not_shown,M,ignored_correct,feedback_correct,correct,1193.565329200006,1,True,correct,CHECK,unexpected_click_count_1,sub-014_ses-01_task-WorkingMemory_run-2_eeg_events.csv
sub-014,2,12,5,probe_not_shown,V,ignored_correct,feedback_correct,correct,701.5559556999651,1,True,correct,CHECK,unexpected_click_count_1,sub-014_ses-01_task-WorkingMemory_run-2_eeg_events.csv
sub-014,2,13,7,probe_target,C,,feedback_correct,correct,,0,,correct,CHECK,missing_response;unexpected_click_count_0,sub-014_ses-01_task-WorkingMemory_run-2_eeg_events.csv
sub-014,2,14,3,probe_target,R,,feedback_correct,correct,,0,,correct,CHECK,missing_response;unexpected_click_count_0,sub-014_ses-01_task-WorkingMemory_run-2_eeg_events.csv
sub-014,2,15,7,probe_not_shown,Y,ignored_correct,feedback_correct,correct,963.3141445000074,1,True,correct,CHECK,unexpected_click_count_1,sub-014_ses-01_task-WorkingMemory_run-2_eeg_events.csv
sub-014,2,16,7,probe_not_shown,P,ignored_correct,feedback_correct,correct,1218.5708880000166,1,True,correct,CHECK,unexpected_click_count_1,sub-014_ses-01_task-WorkingMemory_run-2_eeg_events.csv
sub-014,2,17,3,probe_not_shown,F,ignored_correct,feedback_correct,correct,868.2930212999927,1,True,correct,CHECK,unexpected_click_count_1,sub-014_ses-01_task-WorkingMemory_run-2_eeg_events.csv
sub-014,2,18,5,probe_target,Q,,feedback_correct,correct,,0,,correct,CHECK,missing_response;unexpected_click_count_0,sub-014_ses-01_task-WorkingMemory_run-2_eeg_events.csv
sub-014,2,19,3,probe_not_shown,Y,ignored_correct,feedback_correct,correct,1007.2239056999679,1,True,correct,CHECK,unexpected_click_count_1,sub-014_ses-01_task-WorkingMemory_run-2_eeg_events.csv
sub-014,2,20,3,probe_target,K,,feedback_correct,correct,,0,,correct,CHECK,missing_response;unexpected_click_count_0,sub-014_ses-01_task-WorkingMemory_run-2_eeg_events.csv
sub-014,2,21,7,probe_target,V,,feedback_correct,correct,,0,,correct,CHECK,missing_response;unexpected_click_count_0,sub-014_ses-01_task-WorkingMemory_run-2_eeg_events.csv
sub-014,2,22,7,probe_target,N,,feedback_correct,correct,,0,,correct,CHECK,missing_response;unexpected_click_count_0,sub-014_ses-01_task-WorkingMemory_run-2_eeg_events.csv
sub-014,2,23,7,probe_target,W,,feedback_correct,correct,,0,,correct,CHECK,missing_response;unexpected_click_count_0,sub-014_ses-01_task-WorkingMemory_run-2_eeg_events.csv
sub-014,2,24,7,probe_target,P,,feedback_correct,correct,,0,,correct,CHECK,missing_response;unexpected_click_count_0,sub-014_ses-01_task-WorkingMemory_run-2_eeg_events.csv
sub-014,2,25,5,probe_not_shown,H,ignored_correct,feedback_correct,correct,1250.9780921000056,1,True,correct,CHECK,unexpected_click_count_1,sub-014_ses-01_task-WorkingMemory_run-2_eeg_events.csv
sub-014,3,1,7,probe_not_shown,J,ignored_correct,feedback_correct,correct,1369.4024923000034,1,True,correct,CHECK,unexpected_click_count_1,sub-014_ses-01_task-WorkingMemory_run-3_eeg_events.csv
sub-014,3,2,5,probe_target,M,,feedback_correct,correct,,0,,correct,CHECK,missing_response;unexpected_click_count_0,sub-014_ses-01_task-WorkingMemory_run-3_eeg_events.csv
sub-014,3,3,3,probe_not_shown,R,ignored_correct,feedback_correct,correct,669.8479651999951,1,True,correct,CHECK,unexpected_click_count_1,sub-014_ses-01_task-WorkingMemory_run-3_eeg_events.csv
sub-014,3,4,3,probe_not_shown,J,ignored_correct,feedback_correct,correct,863.7908059000183,1,True,correct,CHECK,unexpected_click_count_1,sub-014_ses-01_task-WorkingMemory_run-3_eeg_events.csv
sub-014,3,5,7,probe_not_shown,K,ignored_correct,feedback_correct,correct,1024.4262892999977,1,True,correct,CHECK,unexpected_click_count_1,sub-014_ses-01_task-WorkingMemory_run-3_eeg_events.csv
sub-014,3,6,5,probe_not_shown,B,ignored_correct,feedback_correct,correct,1335.6950466000126,1,True,correct,CHECK,unexpected_click_count_1,sub-014_ses-01_task-WorkingMemory_run-3_eeg_events.csv
sub-014,3,7,5,probe_not_shown,Z,ignored_correct,feedback_correct,correct,810.9791402000119,1,True,correct,CHECK,unexpected_click_count_1,sub-014_ses-01_task-WorkingMemory_run-3_eeg_events.csv
sub-014,3,8,7,probe_target,K,,feedback_correct,correct,,0,,correct,CHECK,missing_response;unexpected_click_count_0,sub-014_ses-01_task-WorkingMemory_run-3_eeg_events.csv
sub-014,3,9,3,probe_target,C,,feedback_correct,correct,,0,,correct,CHECK,missing_response;unexpected_click_count_0,sub-014_ses-01_task-WorkingMemory_run-3_eeg_events.csv
sub-014,3,10,5,probe_target,F,,feedback_correct,correct,,0,,correct,CHECK,missing_response;unexpected_click_count_0,sub-014_ses-01_task-WorkingMemory_run-3_eeg_events.csv
sub-014,3,11,5,probe_target,Y,,feedback_correct,correct,,0,,correct,CHECK,missing_response;unexpected_click_count_0,sub-014_ses-01_task-WorkingMemory_run-3_eeg_events.csv
sub-014,3,12,3,probe_not_shown,S,ignored_correct,feedback_correct,correct,676.049335000047,1,True,correct,CHECK,unexpected_click_count_1,sub-014_ses-01_task-WorkingMemory_run-3_eeg_events.csv
sub-014,3,13,7,probe_not_shown,V,ignored_correct,feedback_correct,correct,1098.9427495000418,1,True,correct,CHECK,unexpected_click_count_1,sub-014_ses-01_task-WorkingMemory_run-3_eeg_events.csv
sub-014,3,14,7,probe_target,H,,feedback_correct,correct,,0,,correct,CHECK,missing_response;unexpected_click_count_0,sub-014_ses-01_task-WorkingMemory_run-3_eeg_events.csv
sub-014,3,15,3,probe_target,S,,feedback_correct,correct,,0,,correct,CHECK,missing_response;unexpected_click_count_0,sub-014_ses-01_task-WorkingMemory_run-3_eeg_events.csv
sub-014,3,16,7,probe_target,D,,feedback_correct,correct,,0,,correct,CHECK,missing_response;unexpected_click_count_0,sub-014_ses-01_task-WorkingMemory_run-3_eeg_events.csv
sub-014,3,17,7,probe_not_shown,D,ignored_correct,feedback_correct,correct,2212.988835300028,1,True,correct,CHECK,unexpected_click_count_1,sub-014_ses-01_task-WorkingMemory_run-3_eeg_events.csv
sub-014,3,18,5,probe_not_shown,J,ignored_correct,feedback_correct,correct,1365.3015865000198,1,True,correct,CHECK,unexpected_click_count_1,sub-014_ses-01_task-WorkingMemory_run-3_eeg_events.csv
sub-014,3,19,5,probe_not_shown,B,ignored_correct,feedback_correct,correct,2134.471491299977,1,True,correct,CHECK,unexpected_click_count_1,sub-014_ses-01_task-WorkingMemory_run-3_eeg_events.csv
sub-014,3,20,5,probe_not_shown,K,ignored_correct,feedback_correct,correct,1358.4000619999715,1,True,correct,CHECK,unexpected_click_count_1,sub-014_ses-01_task-WorkingMemory_run-3_eeg_events.csv
sub-014,3,21,3,probe_not_shown,X,,feedback_incorrect,wrong,,0,,wrong,CHECK,missing_response;unexpected_click_count_0,sub-014_ses-01_task-WorkingMemory_run-3_eeg_events.csv
sub-014,3,22,0,,,,,,,0,,unresolved,CHECK,missing_probe;missing_response;missing_feedback;unexpected_click_count_0;unresolved_behavior,sub-014_ses-01_task-WorkingMemory_run-3_eeg_events.csv
sub-014,3,23,5,probe_target,L,,feedback_correct,correct,,0,,correct,CHECK,missing_response;unexpected_click_count_0,sub-014_ses-01_task-WorkingMemory_run-3_eeg_events.csv
sub-014,3,24,7,probe_not_shown,Q,ignored_correct,feedback_correct,correct,2091.4619907999877,1,True,correct,CHECK,unexpected_click_count_1,sub-014_ses-01_task-WorkingMemory_run-3_eeg_events.csv
sub-014,3,25,3,probe_target,N,,feedback_correct,correct,,0,,correct,CHECK,missing_response;unexpected_click_count_0,sub-014_ses-01_task-WorkingMemory_run-3_eeg_events.csv
sub-015,1,1,3,probe_target,C,,feedback_correct,correct,,0,,correct,CHECK,missing_response;unexpected_click_count_0,sub-015_ses-01_task-WorkingMemory_run-1_eeg_events.csv
sub-015,1,2,5,probe_not_shown,J,ignored_correct,feedback_correct,correct,469.57049910000205,2,True,correct,OK,,sub-015_ses-01_task-WorkingMemory_run-1_eeg_events.csv
sub-015,1,3,5,probe_target,R,,feedback_correct,correct,,0,,correct,CHECK,missing_response;unexpected_click_count_0,sub-015_ses-01_task-WorkingMemory_run-1_eeg_events.csv
sub-015,1,4,7,probe_target,B,,feedback_correct,correct,,0,,correct,CHECK,missing_response;unexpected_click_count_0,sub-015_ses-01_task-WorkingMemory_run-1_eeg_events.csv
sub-015,1,5,5,probe_target,G,,feedback_correct,correct,,0,,correct,CHECK,missing_response;unexpected_click_count_0,sub-015_ses-01_task-WorkingMemory_run-1_eeg_events.csv
sub-015,1,6,7,probe_not_shown,F,ignored_correct,feedback_correct,correct,629.6115680999937,2,True,correct,OK,,sub-015_ses-01_task-WorkingMemory_run-1_eeg_events.csv
sub-015,1,7,5,probe_target,R,,feedback_correct,correct,,0,,correct,CHECK,missing_response;unexpected_click_count_0,sub-015_ses-01_task-WorkingMemory_run-1_eeg_events.csv
sub-015,1,8,7,probe_not_shown,C,ignored_correct,feedback_correct,correct,629.5115424499963,2,True,correct,OK,,sub-015_ses-01_task-WorkingMemory_run-1_eeg_events.csv
sub-015,1,9,3,probe_target,V,,feedback_correct,correct,,0,,correct,CHECK,missing_response;unexpected_click_count_0,sub-015_ses-01_task-WorkingMemory_run-1_eeg_events.csv
sub-015,1,10,7,probe_not_shown,G,ignored_correct,feedback_correct,correct,532.9867726999946,2,True,correct,OK,,sub-015_ses-01_task-WorkingMemory_run-1_eeg_events.csv
sub-015,1,11,3,probe_target,D,,feedback_correct,correct,,0,,correct,CHECK,missing_response;unexpected_click_count_0,sub-015_ses-01_task-WorkingMemory_run-1_eeg_events.csv
sub-015,1,12,5,probe_not_shown,Q,ignored_correct,feedback_correct,correct,472.62128195000696,2,True,correct,OK,,sub-015_ses-01_task-WorkingMemory_run-1_eeg_events.csv
sub-015,1,13,3,probe_not_shown,L,ignored_correct,feedback_correct,correct,333.7356417499832,2,True,correct,OK,,sub-015_ses-01_task-WorkingMemory_run-1_eeg_events.csv
sub-015,1,14,7,probe_target,M,ignored_incorrect,feedback_incorrect,wrong,721.535157150036,2,True,wrong,OK,,sub-015_ses-01_task-WorkingMemory_run-1_eeg_events.csv
sub-015,1,15,7,probe_not_shown,B,ignored_correct,feedback_correct,correct,392.1506319499749,2,True,correct,OK,,sub-015_ses-01_task-WorkingMemory_run-1_eeg_events.csv
sub-015,1,16,7,probe_target,Z,,feedback_correct,correct,,0,,correct,CHECK,missing_response;unexpected_click_count_0,sub-015_ses-01_task-WorkingMemory_run-1_eeg_events.csv
sub-015,1,17,5,probe_target,J,,feedback_correct,correct,,0,,correct,CHECK,missing_response;unexpected_click_count_0,sub-015_ses-01_task-WorkingMemory_run-1_eeg_events.csv
sub-015,1,18,3,probe_target,V,,feedback_correct,correct,,0,,correct,CHECK,missing_response;unexpected_click_count_0,sub-015_ses-01_task-WorkingMemory_run-1_eeg_events.csv
sub-015,1,19,7,probe_not_shown,L,ignored_correct,feedback_correct,correct,468.6202552500181,2,True,correct,OK,,sub-015_ses-01_task-WorkingMemory_run-1_eeg_events.csv
sub-015,1,20,5,probe_not_shown,T,ignored_correct,feedback_correct,correct,438.2624649499776,2,True,correct,OK,,sub-015_ses-01_task-WorkingMemory_run-1_eeg_events.csv
sub-015,1,21,3,probe_target,J,,feedback_correct,correct,,0,,correct,CHECK,missing_response;unexpected_click_count_0,sub-015_ses-01_task-WorkingMemory_run-1_eeg_events.csv
sub-015,1,22,3,probe_target,B,,feedback_correct,correct,,0,,correct,CHECK,missing_response;unexpected_click_count_0,sub-015_ses-01_task-WorkingMemory_run-1_eeg_events.csv
sub-015,1,23,5,probe_target,L,,feedback_correct,correct,,0,,correct,CHECK,missing_response;unexpected_click_count_0,sub-015_ses-01_task-WorkingMemory_run-1_eeg_events.csv
sub-015,1,24,5,probe_target,L,,feedback_correct,correct,,0,,correct,CHECK,missing_response;unexpected_click_count_0,sub-015_ses-01_task-WorkingMemory_run-1_eeg_events.csv
sub-015,1,25,3,probe_not_shown,S,ignored_correct,feedback_correct,correct,401.45301910000853,2,True,correct,OK,,sub-015_ses-01_task-WorkingMemory_run-1_eeg_events.csv
sub-015,2,1,7,probe_target,X,,feedback_correct,correct,,0,,correct,CHECK,missing_response;unexpected_click_count_0,sub-015_ses-01_task-WorkingMemory_run-2_eeg_events.csv
sub-015,2,2,3,probe_not_shown,B,ignored_correct,feedback_correct,correct,321.6815519999982,2,True,correct,OK,,sub-015_ses-01_task-WorkingMemory_run-2_eeg_events.csv
sub-015,2,3,5,probe_target,K,,feedback_correct,correct,,0,,correct,CHECK,missing_response;unexpected_click_count_0,sub-015_ses-01_task-WorkingMemory_run-2_eeg_events.csv
sub-015,2,4,3,probe_target,L,,feedback_correct,correct,,0,,correct,CHECK,missing_response;unexpected_click_count_0,sub-015_ses-01_task-WorkingMemory_run-2_eeg_events.csv
sub-015,2,5,3,probe_not_shown,Q,ignored_correct,feedback_correct,correct,445.1628566500003,2,True,correct,OK,,sub-015_ses-01_task-WorkingMemory_run-2_eeg_events.csv
sub-015,2,6,5,probe_not_shown,J,ignored_correct,feedback_correct,correct,559.2917903999914,2,True,correct,OK,,sub-015_ses-01_task-WorkingMemory_run-2_eeg_events.csv
sub-015,2,7,5,probe_target,P,,feedback_correct,correct,,0,,correct,CHECK,missing_response;unexpected_click_count_0,sub-015_ses-01_task-WorkingMemory_run-2_eeg_events.csv
sub-015,2,8,7,probe_target,S,,feedback_correct,correct,,0,,correct,CHECK,missing_response;unexpected_click_count_0,sub-015_ses-01_task-WorkingMemory_run-2_eeg_events.csv
sub-015,2,9,5,probe_target,X,,feedback_correct,correct,,0,,correct,CHECK,missing_response;unexpected_click_count_0,sub-015_ses-01_task-WorkingMemory_run-2_eeg_events.csv
sub-015,2,10,7,probe_not_shown,X,ignored_correct,feedback_correct,correct,619.0569418999949,2,True,correct,OK,,sub-015_ses-01_task-WorkingMemory_run-2_eeg_events.csv
sub-015,2,11,3,probe_target,R,,feedback_correct,correct,,0,,correct,CHECK,missing_response;unexpected_click_count_0,sub-015_ses-01_task-WorkingMemory_run-2_eeg_events.csv
sub-015,2,12,5,probe_target,Q,,feedback_correct,correct,,0,,correct,CHECK,missing_response;unexpected_click_count_0,sub-015_ses-01_task-WorkingMemory_run-2_eeg_events.csv
sub-015,2,13,7,probe_not_shown,Z,ignored_correct,feedback_correct,correct,583.4979270499898,2,True,correct,OK,,sub-015_ses-01_task-WorkingMemory_run-2_eeg_events.csv
sub-015,2,14,7,probe_not_shown,L,ignored_correct,feedback_correct,correct,509.97928880000836,2,True,correct,OK,,sub-015_ses-01_task-WorkingMemory_run-2_eeg_events.csv
sub-015,2,15,7,probe_target,G,,feedback_correct,correct,,0,,correct,CHECK,missing_response;unexpected_click_count_0,sub-015_ses-01_task-WorkingMemory_run-2_eeg_events.csv
sub-015,2,16,3,probe_not_shown,X,ignored_correct,feedback_correct,correct,392.19942949997494,2,True,correct,OK,,sub-015_ses-01_task-WorkingMemory_run-2_eeg_events.csv
sub-015,2,17,3,probe_target,R,,feedback_correct,correct,,0,,correct,CHECK,missing_response;unexpected_click_count_0,sub-015_ses-01_task-WorkingMemory_run-2_eeg_events.csv
sub-015,2,18,5,probe_not_shown,Q,ignored_correct,feedback_correct,correct,516.5309497499838,2,True,correct,OK,,sub-015_ses-01_task-WorkingMemory_run-2_eeg_events.csv
sub-015,2,19,7,probe_not_shown,Y,ignored_correct,feedback_correct,correct,546.3885192000016,2,True,correct,OK,,sub-015_ses-01_task-WorkingMemory_run-2_eeg_events.csv
sub-015,2,20,3,probe_target,S,,feedback_correct,correct,,0,,correct,CHECK,missing_response;unexpected_click_count_0,sub-015_ses-01_task-WorkingMemory_run-2_eeg_events.csv
sub-015,2,21,3,probe_target,K,,feedback_correct,correct,,0,,correct,CHECK,missing_response;unexpected_click_count_0,sub-015_ses-01_task-WorkingMemory_run-2_eeg_events.csv
sub-015,2,22,5,probe_not_shown,Z,ignored_correct,feedback_correct,correct,482.9224294000014,2,True,correct,OK,,sub-015_ses-01_task-WorkingMemory_run-2_eeg_events.csv
sub-015,2,23,7,probe_target,Z,,feedback_correct,correct,,0,,correct,CHECK,missing_response;unexpected_click_count_0,sub-015_ses-01_task-WorkingMemory_run-2_eeg_events.csv
sub-015,2,24,5,probe_not_shown,L,ignored_correct,feedback_correct,correct,378.99608220002847,2,True,correct,OK,,sub-015_ses-01_task-WorkingMemory_run-2_eeg_events.csv
sub-015,2,25,3,probe_target,P,,feedback_correct,correct,,0,,correct,CHECK,missing_response;unexpected_click_count_0,sub-015_ses-01_task-WorkingMemory_run-2_eeg_events.csv
sub-015,3,1,5,probe_target,F,,feedback_correct,correct,,0,,correct,CHECK,missing_response;unexpected_click_count_0,sub-015_ses-01_task-WorkingMemory_run-3_eeg_events.csv
sub-015,3,2,5,probe_not_shown,H,ignored_correct,feedback_correct,correct,358.49120849999963,2,True,correct,OK,,sub-015_ses-01_task-WorkingMemory_run-3_eeg_events.csv
sub-015,3,3,3,probe_not_shown,Y,ignored_correct,feedback_correct,correct,371.3444786999971,2,True,correct,OK,,sub-015_ses-01_task-WorkingMemory_run-3_eeg_events.csv
sub-015,3,4,5,probe_target,H,,feedback_correct,correct,,0,,correct,CHECK,missing_response;unexpected_click_count_0,sub-015_ses-01_task-WorkingMemory_run-3_eeg_events.csv
sub-015,3,5,3,probe_target,T,,feedback_correct,correct,,0,,correct,CHECK,missing_response;unexpected_click_count_0,sub-015_ses-01_task-WorkingMemory_run-3_eeg_events.csv
sub-015,3,6,7,probe_target,W,,feedback_correct,correct,,0,,correct,CHECK,missing_response;unexpected_click_count_0,sub-015_ses-01_task-WorkingMemory_run-3_eeg_events.csv
sub-015,3,7,7,probe_not_shown,Y,ignored_correct,feedback_correct,correct,439.1117202000023,2,True,correct,OK,,sub-015_ses-01_task-WorkingMemory_run-3_eeg_events.csv
sub-015,3,8,5,probe_target,Q,,feedback_correct,correct,,0,,correct,CHECK,missing_response;unexpected_click_count_0,sub-015_ses-01_task-WorkingMemory_run-3_eeg_events.csv
sub-015,3,9,7,probe_target,R,,feedback_correct,correct,,0,,correct,CHECK,missing_response;unexpected_click_count_0,sub-015_ses-01_task-WorkingMemory_run-3_eeg_events.csv
sub-015,3,10,3,probe_not_shown,F,ignored_correct,feedback_correct,correct,337.1857878999872,2,True,correct,OK,,sub-015_ses-01_task-WorkingMemory_run-3_eeg_events.csv
sub-015,3,11,5,probe_target,W,,feedback_correct,correct,,0,,correct,CHECK,missing_response;unexpected_click_count_0,sub-015_ses-01_task-WorkingMemory_run-3_eeg_events.csv
sub-015,3,12,5,probe_not_shown,G,ignored_correct,feedback_correct,correct,457.5664155499835,2,True,correct,OK,,sub-015_ses-01_task-WorkingMemory_run-3_eeg_events.csv
sub-015,3,13,3,probe_target,K,,feedback_correct,correct,,0,,correct,CHECK,missing_response;unexpected_click_count_0,sub-015_ses-01_task-WorkingMemory_run-3_eeg_events.csv
sub-015,3,14,7,probe_target,G,ignored_incorrect,feedback_incorrect,wrong,612.9559502500051,1,True,wrong,CHECK,unexpected_click_count_1,sub-015_ses-01_task-WorkingMemory_run-3_eeg_events.csv
sub-015,3,15,3,probe_not_shown,M,ignored_correct,feedback_correct,correct,430.9096333999769,2,True,correct,OK,,sub-015_ses-01_task-WorkingMemory_run-3_eeg_events.csv
sub-015,3,16,5,probe_not_shown,B,ignored_correct,feedback_correct,correct,393.600141050003,2,True,correct,OK,,sub-015_ses-01_task-WorkingMemory_run-3_eeg_events.csv
sub-015,3,17,5,probe_not_shown,V,ignored_correct,feedback_correct,correct,470.3196602500102,2,True,correct,OK,,sub-015_ses-01_task-WorkingMemory_run-3_eeg_events.csv
sub-015,3,18,7,probe_target,P,,feedback_correct,correct,,0,,correct,CHECK,missing_response;unexpected_click_count_0,sub-015_ses-01_task-WorkingMemory_run-3_eeg_events.csv
sub-015,3,19,3,probe_target,R,,feedback_correct,correct,,0,,correct,CHECK,missing_response;unexpected_click_count_0,sub-015_ses-01_task-WorkingMemory_run-3_eeg_events.csv
sub-015,3,20,7,probe_target,N,,feedback_correct,correct,,0,,correct,CHECK,missing_response;unexpected_click_count_0,sub-015_ses-01_task-WorkingMemory_run-3_eeg_events.csv
sub-015,3,21,3,probe_not_shown,Z,ignored_correct,feedback_correct,correct,463.417904300004,2,True,correct,OK,,sub-015_ses-01_task-WorkingMemory_run-3_eeg_events.csv
sub-015,3,22,7,probe_not_shown,P,ignored_correct,feedback_correct,correct,510.57990340000833,2,True,correct,OK,,sub-015_ses-01_task-WorkingMemory_run-3_eeg_events.csv
sub-015,3,23,3,probe_target,B,,feedback_correct,correct,,0,,correct,CHECK,missing_response;unexpected_click_count_0,sub-015_ses-01_task-WorkingMemory_run-3_eeg_events.csv
sub-015,3,24,7,probe_target,V,ignored_incorrect,feedback_incorrect,wrong,684.2240824999753,1,True,wrong,CHECK,unexpected_click_count_1,sub-015_ses-01_task-WorkingMemory_run-3_eeg_events.csv
sub-015,3,25,0,,,,,,,0,,unresolved,CHECK,missing_probe;missing_response;missing_feedback;unexpected_click_count_0;unresolved_behavior,sub-015_ses-01_task-WorkingMemory_run-3_eeg_events.csv
sub-016,1,1,3,probe_target,C,,feedback_correct,correct,,0,,correct,CHECK,missing_response;unexpected_click_count_0,sub-016_ses-01_task-WorkingMemory_run-1_eeg_events.csv
sub-016,1,2,7,probe_target,Z,,feedback_correct,correct,,0,,correct,CHECK,missing_response;unexpected_click_count_0,sub-016_ses-01_task-WorkingMemory_run-1_eeg_events.csv
sub-016,1,3,5,probe_target,R,,feedback_correct,correct,,0,,correct,CHECK,missing_response;unexpected_click_count_0,sub-016_ses-01_task-WorkingMemory_run-1_eeg_events.csv
sub-016,1,4,5,probe_not_shown,Q,ignored_correct,feedback_correct,correct,628.0100497500098,2,True,correct,OK,,sub-016_ses-01_task-WorkingMemory_run-1_eeg_events.csv
sub-016,1,5,3,probe_not_shown,L,ignored_correct,feedback_correct,correct,506.9291920000105,2,True,correct,OK,,sub-016_ses-01_task-WorkingMemory_run-1_eeg_events.csv
sub-016,1,6,3,probe_target,D,,feedback_correct,correct,,0,,correct,CHECK,missing_response;unexpected_click_count_0,sub-016_ses-01_task-WorkingMemory_run-1_eeg_events.csv
sub-016,1,7,5,probe_not_shown,J,ignored_correct,feedback_correct,correct,515.681422499998,2,True,correct,OK,,sub-016_ses-01_task-WorkingMemory_run-1_eeg_events.csv
sub-016,1,8,5,probe_target,J,,feedback_correct,correct,,1,,correct,CHECK,missing_response;unexpected_click_count_1,sub-016_ses-01_task-WorkingMemory_run-1_eeg_events.csv
sub-016,1,9,3,probe_target,J,,feedback_correct,correct,,0,,correct,CHECK,missing_response;unexpected_click_count_0,sub-016_ses-01_task-WorkingMemory_run-1_eeg_events.csv
sub-016,1,10,7,probe_not_shown,G,,feedback_incorrect,wrong,,1,,wrong,CHECK,missing_response;unexpected_click_count_1,sub-016_ses-01_task-WorkingMemory_run-1_eeg_events.csv
sub-016,1,11,7,probe_not_shown,F,ignored_correct,feedback_correct,correct,477.37165919999825,2,True,correct,OK,,sub-016_ses-01_task-WorkingMemory_run-1_eeg_events.csv
sub-016,1,12,3,probe_target,B,,feedback_correct,correct,,1,,correct,CHECK,missing_response;unexpected_click_count_1,sub-016_ses-01_task-WorkingMemory_run-1_eeg_events.csv
sub-016,1,13,7,probe_target,B,ignored_incorrect,feedback_incorrect,wrong,647.4149951500003,2,True,wrong,OK,,sub-016_ses-01_task-WorkingMemory_run-1_eeg_events.csv
sub-016,1,14,5,probe_target,L,,feedback_correct,correct,,0,,correct,CHECK,missing_response;unexpected_click_count_0,sub-016_ses-01_task-WorkingMemory_run-1_eeg_events.csv
sub-016,1,15,7,probe_not_shown,C,ignored_correct,feedback_correct,correct,907.7813500500051,2,True,correct,OK,,sub-016_ses-01_task-WorkingMemory_run-1_eeg_events.csv
sub-016,1,16,7,probe_not_shown,B,ignored_correct,feedback_correct,correct,605.5543268499896,2,True,correct,OK,,sub-016_ses-01_task-WorkingMemory_run-1_eeg_events.csv
sub-016,1,17,7,probe_not_shown,L,ignored_correct,feedback_correct,correct,610.2555249499856,2,True,correct,OK,,sub-016_ses-01_task-WorkingMemory_run-1_eeg_events.csv
sub-016,1,18,5,probe_target,L,,feedback_correct,correct,,1,,correct,CHECK,missing_response;unexpected_click_count_1,sub-016_ses-01_task-WorkingMemory_run-1_eeg_events.csv
sub-016,1,19,5,probe_target,R,,feedback_correct,correct,,1,,correct,CHECK,missing_response;unexpected_click_count_1,sub-016_ses-01_task-WorkingMemory_run-1_eeg_events.csv
sub-016,1,20,5,probe_target,G,,feedback_correct,correct,,0,,correct,CHECK,missing_response;unexpected_click_count_0,sub-016_ses-01_task-WorkingMemory_run-1_eeg_events.csv
sub-016,1,21,3,probe_target,V,,feedback_correct,correct,,0,,correct,CHECK,missing_response;unexpected_click_count_0,sub-016_ses-01_task-WorkingMemory_run-1_eeg_events.csv
sub-016,1,22,3,probe_not_shown,S,ignored_correct,feedback_correct,correct,404.90319044998614,2,True,correct,OK,,sub-016_ses-01_task-WorkingMemory_run-1_eeg_events.csv
sub-016,1,23,7,probe_target,M,,feedback_correct,correct,,0,,correct,CHECK,missing_response;unexpected_click_count_0,sub-016_ses-01_task-WorkingMemory_run-1_eeg_events.csv
sub-016,1,24,5,probe_not_shown,T,ignored_correct,feedback_correct,correct,415.15580334997503,2,True,correct,OK,,sub-016_ses-01_task-WorkingMemory_run-1_eeg_events.csv
sub-016,1,25,3,probe_target,V,,feedback_correct,correct,,0,,correct,CHECK,missing_response;unexpected_click_count_0,sub-016_ses-01_task-WorkingMemory_run-1_eeg_events.csv
sub-016,2,1,7,probe_target,S,,feedback_correct,correct,,0,,correct,CHECK,missing_response;unexpected_click_count_0,sub-016_ses-01_task-WorkingMemory_run-2_eeg_events.csv
sub-016,2,2,3,probe_not_shown,X,ignored_correct,feedback_correct,correct,429.35962785000083,2,True,correct,OK,,sub-016_ses-01_task-WorkingMemory_run-2_eeg_events.csv
sub-016,2,3,7,probe_target,Z,,feedback_correct,correct,,1,,correct,CHECK,missing_response;unexpected_click_count_1,sub-016_ses-01_task-WorkingMemory_run-2_eeg_events.csv
sub-016,2,4,5,probe_target,P,,feedback_correct,correct,,1,,correct,CHECK,missing_response;unexpected_click_count_1,sub-016_ses-01_task-WorkingMemory_run-2_eeg_events.csv
sub-016,2,5,3,probe_not_shown,B,ignored_correct,feedback_correct,correct,336.3858889999974,2,True,correct,OK,,sub-016_ses-01_task-WorkingMemory_run-2_eeg_events.csv
sub-016,2,6,7,probe_not_shown,Z,ignored_correct,feedback_correct,correct,402.152681150008,2,True,correct,OK,,sub-016_ses-01_task-WorkingMemory_run-2_eeg_events.csv
sub-016,2,7,5,probe_not_shown,J,ignored_correct,feedback_correct,correct,476.4716569500015,2,True,correct,OK,,sub-016_ses-01_task-WorkingMemory_run-2_eeg_events.csv
sub-016,2,8,3,probe_target,R,,feedback_correct,correct,,1,,correct,CHECK,missing_response;unexpected_click_count_1,sub-016_ses-01_task-WorkingMemory_run-2_eeg_events.csv
sub-016,2,9,5,probe_target,X,,feedback_correct,correct,,0,,correct,CHECK,missing_response;unexpected_click_count_0,sub-016_ses-01_task-WorkingMemory_run-2_eeg_events.csv
sub-016,2,10,5,probe_target,K,,feedback_correct,correct,,1,,correct,CHECK,missing_response;unexpected_click_count_1,sub-016_ses-01_task-WorkingMemory_run-2_eeg_events.csv
sub-016,2,11,3,probe_target,R,,feedback_correct,correct,,0,,correct,CHECK,missing_response;unexpected_click_count_0,sub-016_ses-01_task-WorkingMemory_run-2_eeg_events.csv
sub-016,2,12,7,probe_not_shown,X,ignored_correct,feedback_correct,correct,540.9381170499837,2,True,correct,OK,,sub-016_ses-01_task-WorkingMemory_run-2_eeg_events.csv
sub-016,2,13,5,probe_not_shown,Z,ignored_correct,feedback_correct,correct,506.57934424999985,2,True,correct,OK,,sub-016_ses-01_task-WorkingMemory_run-2_eeg_events.csv
sub-016,2,14,3,probe_not_shown,Q,ignored_correct,feedback_correct,correct,501.5780672999972,2,True,correct,OK,,sub-016_ses-01_task-WorkingMemory_run-2_eeg_events.csv
sub-016,2,15,3,probe_target,L,,feedback_correct,correct,,0,,correct,CHECK,missing_response;unexpected_click_count_0,sub-016_ses-01_task-WorkingMemory_run-2_eeg_events.csv
sub-016,2,16,3,probe_target,S,,feedback_correct,correct,,0,,correct,CHECK,missing_response;unexpected_click_count_0,sub-016_ses-01_task-WorkingMemory_run-2_eeg_events.csv
sub-016,2,17,7,probe_target,X,,feedback_correct,correct,,0,,correct,CHECK,missing_response;unexpected_click_count_0,sub-016_ses-01_task-WorkingMemory_run-2_eeg_events.csv
sub-016,2,18,7,probe_not_shown,L,ignored_correct,feedback_correct,correct,424.45837644999847,2,True,correct,OK,,sub-016_ses-01_task-WorkingMemory_run-2_eeg_events.csv
sub-016,2,19,7,probe_target,G,,feedback_correct,correct,,1,,correct,CHECK,missing_response;unexpected_click_count_1,sub-016_ses-01_task-WorkingMemory_run-2_eeg_events.csv
sub-016,2,20,5,probe_not_shown,L,ignored_correct,feedback_correct,correct,592.4012570999912,2,True,correct,OK,,sub-016_ses-01_task-WorkingMemory_run-2_eeg_events.csv
sub-016,2,21,3,probe_target,K,,feedback_correct,correct,,1,,correct,CHECK,missing_response;unexpected_click_count_1,sub-016_ses-01_task-WorkingMemory_run-2_eeg_events.csv
sub-016,2,22,5,probe_not_shown,Q,ignored_correct,feedback_correct,correct,519.6826899500447,2,True,correct,OK,,sub-016_ses-01_task-WorkingMemory_run-2_eeg_events.csv
sub-016,2,23,3,probe_target,P,,feedback_correct,correct,,1,,correct,CHECK,missing_response;unexpected_click_count_1,sub-016_ses-01_task-WorkingMemory_run-2_eeg_events.csv
sub-016,2,24,5,probe_target,Q,,feedback_correct,correct,,1,,correct,CHECK,missing_response;unexpected_click_count_1,sub-016_ses-01_task-WorkingMemory_run-2_eeg_events.csv
sub-016,2,25,7,probe_not_shown,Y,ignored_correct,feedback_correct,correct,571.2458554999903,2,True,correct,OK,,sub-016_ses-01_task-WorkingMemory_run-2_eeg_events.csv
sub-016,3,1,3,probe_target,B,,feedback_correct,correct,,1,,correct,CHECK,missing_response;unexpected_click_count_1,sub-016_ses-01_task-WorkingMemory_run-3_eeg_events.csv
sub-016,3,2,5,probe_target,H,,feedback_correct,correct,,1,,correct,CHECK,missing_response;unexpected_click_count_1,sub-016_ses-01_task-WorkingMemory_run-3_eeg_events.csv
sub-016,3,3,7,probe_target,C,,feedback_correct,correct,,1,,correct,CHECK,missing_response;unexpected_click_count_1,sub-016_ses-01_task-WorkingMemory_run-3_eeg_events.csv
sub-016,3,4,7,probe_target,N,,feedback_correct,correct,,1,,correct,CHECK,missing_response;unexpected_click_count_1,sub-016_ses-01_task-WorkingMemory_run-3_eeg_events.csv
sub-016,3,5,5,probe_not_shown,H,ignored_correct,feedback_correct,correct,469.77048324999487,1,True,correct,CHECK,unexpected_click_count_1,sub-016_ses-01_task-WorkingMemory_run-3_eeg_events.csv
sub-016,3,6,7,probe_target,G,,feedback_correct,correct,,1,,correct,CHECK,missing_response;unexpected_click_count_1,sub-016_ses-01_task-WorkingMemory_run-3_eeg_events.csv
sub-016,3,7,3,probe_not_shown,Z,ignored_correct,feedback_correct,correct,390.4501397500135,1,True,correct,CHECK,unexpected_click_count_1,sub-016_ses-01_task-WorkingMemory_run-3_eeg_events.csv
sub-016,3,8,7,probe_target,V,,feedback_correct,correct,,1,,correct,CHECK,missing_response;unexpected_click_count_1,sub-016_ses-01_task-WorkingMemory_run-3_eeg_events.csv
sub-016,3,9,7,probe_target,P,,feedback_correct,correct,,1,,correct,CHECK,missing_response;unexpected_click_count_1,sub-016_ses-01_task-WorkingMemory_run-3_eeg_events.csv
sub-016,3,10,7,probe_target,W,,feedback_correct,correct,,1,,correct,CHECK,missing_response;unexpected_click_count_1,sub-016_ses-01_task-WorkingMemory_run-3_eeg_events.csv
sub-016,3,11,3,probe_target,R,,feedback_correct,correct,,1,,correct,CHECK,missing_response;unexpected_click_count_1,sub-016_ses-01_task-WorkingMemory_run-3_eeg_events.csv
sub-016,3,12,5,probe_not_shown,B,,feedback_incorrect,wrong,,1,,wrong,CHECK,missing_response;unexpected_click_count_1,sub-016_ses-01_task-WorkingMemory_run-3_eeg_events.csv
sub-016,3,13,5,probe_not_shown,G,ignored_correct,feedback_correct,correct,605.3552569999883,2,True,correct,OK,,sub-016_ses-01_task-WorkingMemory_run-3_eeg_events.csv
sub-016,3,14,3,probe_target,K,,feedback_correct,correct,,1,,correct,CHECK,missing_response;unexpected_click_count_1,sub-016_ses-01_task-WorkingMemory_run-3_eeg_events.csv
sub-016,3,15,7,probe_not_shown,Y,ignored_correct,feedback_correct,correct,528.0854394499911,2,True,correct,OK,,sub-016_ses-01_task-WorkingMemory_run-3_eeg_events.csv
sub-016,3,16,5,probe_target,F,,feedback_correct,correct,,1,,correct,CHECK,missing_response;unexpected_click_count_1,sub-016_ses-01_task-WorkingMemory_run-3_eeg_events.csv
sub-016,3,17,7,probe_target,R,,feedback_correct,correct,,1,,correct,CHECK,missing_response;unexpected_click_count_1,sub-016_ses-01_task-WorkingMemory_run-3_eeg_events.csv
sub-016,3,18,5,probe_target,W,,feedback_correct,correct,,1,,correct,CHECK,missing_response;unexpected_click_count_1,sub-016_ses-01_task-WorkingMemory_run-3_eeg_events.csv
sub-016,3,19,3,probe_target,T,,feedback_correct,correct,,1,,correct,CHECK,missing_response;unexpected_click_count_1,sub-016_ses-01_task-WorkingMemory_run-3_eeg_events.csv
sub-016,3,20,3,probe_not_shown,M,ignored_correct,feedback_correct,correct,512.1313476499927,1,True,correct,CHECK,unexpected_click_count_1,sub-016_ses-01_task-WorkingMemory_run-3_eeg_events.csv
sub-016,3,21,5,probe_not_shown,V,ignored_correct,feedback_correct,correct,471.3708936999901,1,True,correct,CHECK,unexpected_click_count_1,sub-016_ses-01_task-WorkingMemory_run-3_eeg_events.csv
sub-016,3,22,7,probe_not_shown,P,ignored_correct,feedback_correct,correct,422.708413150016,1,True,correct,CHECK,unexpected_click_count_1,sub-016_ses-01_task-WorkingMemory_run-3_eeg_events.csv
sub-016,3,23,3,probe_not_shown,Y,ignored_correct,feedback_correct,correct,532.3865425499971,1,True,correct,CHECK,unexpected_click_count_1,sub-016_ses-01_task-WorkingMemory_run-3_eeg_events.csv
sub-016,3,24,5,probe_target,Q,,feedback_correct,correct,,1,,correct,CHECK,missing_response;unexpected_click_count_1,sub-016_ses-01_task-WorkingMemory_run-3_eeg_events.csv
sub-016,3,25,3,probe_not_shown,F,ignored_correct,feedback_correct,correct,447.1646854999126,1,True,correct,CHECK,unexpected_click_count_1,sub-016_ses-01_task-WorkingMemory_run-3_eeg_events.csv
sub-017,1,1,5,probe_not_shown,Q,ignored_correct,feedback_correct,correct,446.31323339999835,2,True,correct,OK,,sub-017_ses-01_task-WorkingMemory_run-1_eeg_events.csv
sub-017,1,2,7,probe_target,B,,feedback_correct,correct,,1,,correct,CHECK,missing_response;unexpected_click_count_1,sub-017_ses-01_task-WorkingMemory_run-1_eeg_events.csv
sub-017,1,3,5,probe_target,R,,feedback_correct,correct,,1,,correct,CHECK,missing_response;unexpected_click_count_1,sub-017_ses-01_task-WorkingMemory_run-1_eeg_events.csv
sub-017,1,4,5,probe_target,G,,feedback_correct,correct,,1,,correct,CHECK,missing_response;unexpected_click_count_1,sub-017_ses-01_task-WorkingMemory_run-1_eeg_events.csv
sub-017,1,5,3,probe_not_shown,S,ignored_correct,feedback_correct,correct,533.6353877500005,2,True,correct,OK,,sub-017_ses-01_task-WorkingMemory_run-1_eeg_events.csv
sub-017,1,6,7,probe_not_shown,L,ignored_correct,feedback_correct,correct,399.4513441500021,2,True,correct,OK,,sub-017_ses-01_task-WorkingMemory_run-1_eeg_events.csv
sub-017,1,7,5,probe_target,J,,feedback_correct,correct,,1,,correct,CHECK,missing_response;unexpected_click_count_1,sub-017_ses-01_task-WorkingMemory_run-1_eeg_events.csv
sub-017,1,8,7,probe_not_shown,C,ignored_correct,feedback_correct,correct,378.4460148999933,2,True,correct,OK,,sub-017_ses-01_task-WorkingMemory_run-1_eeg_events.csv
sub-017,1,9,3,probe_target,D,,feedback_correct,correct,,1,,correct,CHECK,missing_response;unexpected_click_count_1,sub-017_ses-01_task-WorkingMemory_run-1_eeg_events.csv
sub-017,1,10,5,probe_target,L,,feedback_correct,correct,,1,,correct,CHECK,missing_response;unexpected_click_count_1,sub-017_ses-01_task-WorkingMemory_run-1_eeg_events.csv
sub-017,1,11,3,probe_target,J,,feedback_correct,correct,,1,,correct,CHECK,missing_response;unexpected_click_count_1,sub-017_ses-01_task-WorkingMemory_run-1_eeg_events.csv
sub-017,1,12,5,probe_not_shown,T,ignored_correct,feedback_correct,correct,521.1822282499925,2,True,correct,OK,,sub-017_ses-01_task-WorkingMemory_run-1_eeg_events.csv
sub-017,1,13,7,probe_not_shown,B,ignored_correct,feedback_correct,correct,470.81945085001644,2,True,correct,OK,,sub-017_ses-01_task-WorkingMemory_run-1_eeg_events.csv
sub-017,1,14,5,probe_target,R,,feedback_correct,correct,,1,,correct,CHECK,missing_response;unexpected_click_count_1,sub-017_ses-01_task-WorkingMemory_run-1_eeg_events.csv
sub-017,1,15,7,probe_target,M,,feedback_correct,correct,,1,,correct,CHECK,missing_response;unexpected_click_count_1,sub-017_ses-01_task-WorkingMemory_run-1_eeg_events.csv
sub-017,1,16,3,probe_not_shown,L,ignored_correct,feedback_correct,correct,409.5038945499982,2,True,correct,OK,,sub-017_ses-01_task-WorkingMemory_run-1_eeg_events.csv
sub-017,1,17,3,probe_target,V,,feedback_correct,correct,,1,,correct,CHECK,missing_response;unexpected_click_count_1,sub-017_ses-01_task-WorkingMemory_run-1_eeg_events.csv
sub-017,1,18,7,probe_not_shown,F,ignored_correct,feedback_correct,correct,424.20762500001,2,True,correct,OK,,sub-017_ses-01_task-WorkingMemory_run-1_eeg_events.csv
sub-017,1,19,7,probe_not_shown,G,ignored_correct,feedback_correct,correct,935.6373790499929,2,True,correct,OK,,sub-017_ses-01_task-WorkingMemory_run-1_eeg_events.csv
sub-017,1,20,5,probe_not_shown,J,ignored_correct,feedback_correct,correct,359.9413201000134,2,True,correct,OK,,sub-017_ses-01_task-WorkingMemory_run-1_eeg_events.csv
sub-017,1,21,3,probe_target,B,,feedback_correct,correct,,1,,correct,CHECK,missing_response;unexpected_click_count_1,sub-017_ses-01_task-WorkingMemory_run-1_eeg_events.csv
sub-017,1,22,5,probe_target,L,,feedback_correct,correct,,1,,correct,CHECK,missing_response;unexpected_click_count_1,sub-017_ses-01_task-WorkingMemory_run-1_eeg_events.csv
sub-017,1,23,3,probe_target,C,,feedback_correct,correct,,1,,correct,CHECK,missing_response;unexpected_click_count_1,sub-017_ses-01_task-WorkingMemory_run-1_eeg_events.csv
sub-017,1,24,3,probe_target,V,,feedback_correct,correct,,1,,correct,CHECK,missing_response;unexpected_click_count_1,sub-017_ses-01_task-WorkingMemory_run-1_eeg_events.csv
sub-017,1,25,7,probe_target,Z,,feedback_correct,correct,,1,,correct,CHECK,missing_response;unexpected_click_count_1,sub-017_ses-01_task-WorkingMemory_run-1_eeg_events.csv
sub-017,2,1,7,probe_target,Z,,feedback_correct,correct,,1,,correct,CHECK,missing_response;unexpected_click_count_1,sub-017_ses-01_task-WorkingMemory_run-2_eeg_events.csv
sub-017,2,2,7,probe_not_shown,L,ignored_correct,feedback_correct,correct,475.9213122500005,2,True,correct,OK,,sub-017_ses-01_task-WorkingMemory_run-2_eeg_events.csv
sub-017,2,3,5,probe_not_shown,Z,ignored_correct,feedback_correct,correct,496.47655179999856,2,True,correct,OK,,sub-017_ses-01_task-WorkingMemory_run-2_eeg_events.csv
sub-017,2,4,5,probe_target,Q,,feedback_correct,correct,,1,,correct,CHECK,missing_response;unexpected_click_count_1,sub-017_ses-01_task-WorkingMemory_run-2_eeg_events.csv
sub-017,2,5,5,probe_target,X,ignored_incorrect,feedback_incorrect,wrong,676.8725347,2,True,wrong,OK,,sub-017_ses-01_task-WorkingMemory_run-2_eeg_events.csv
sub-017,2,6,5,probe_not_shown,J,ignored_correct,feedback_correct,correct,519.4324032000004,2,True,correct,OK,,sub-017_ses-01_task-WorkingMemory_run-2_eeg_events.csv
sub-017,2,7,3,probe_target,R,,feedback_correct,correct,,1,,correct,CHECK,missing_response;unexpected_click_count_1,sub-017_ses-01_task-WorkingMemory_run-2_eeg_events.csv
sub-017,2,8,7,probe_not_shown,X,ignored_correct,feedback_correct,correct,905.4307942000014,2,True,correct,OK,,sub-017_ses-01_task-WorkingMemory_run-2_eeg_events.csv
sub-017,2,9,3,probe_target,P,,feedback_correct,correct,,1,,correct,CHECK,missing_response;unexpected_click_count_1,sub-017_ses-01_task-WorkingMemory_run-2_eeg_events.csv
sub-017,2,10,5,probe_not_shown,Q,ignored_correct,feedback_correct,correct,641.0133942000102,2,True,correct,OK,,sub-017_ses-01_task-WorkingMemory_run-2_eeg_events.csv
sub-017,2,11,7,probe_not_shown,Z,ignored_correct,feedback_correct,correct,616.8072240500042,2,True,correct,OK,,sub-017_ses-01_task-WorkingMemory_run-2_eeg_events.csv
sub-017,2,12,7,probe_not_shown,Y,ignored_correct,feedback_correct,correct,397.95143775001634,2,True,correct,OK,,sub-017_ses-01_task-WorkingMemory_run-2_eeg_events.csv
sub-017,2,13,3,probe_not_shown,X,ignored_correct,feedback_correct,correct,358.2913283999951,2,True,correct,OK,,sub-017_ses-01_task-WorkingMemory_run-2_eeg_events.csv
sub-017,2,14,3,probe_target,K,,feedback_correct,correct,,1,,correct,CHECK,missing_response;unexpected_click_count_1,sub-017_ses-01_task-WorkingMemory_run-2_eeg_events.csv
sub-017,2,15,3,probe_target,S,,feedback_correct,correct,,1,,correct,CHECK,missing_response;unexpected_click_count_1,sub-017_ses-01_task-WorkingMemory_run-2_eeg_events.csv
sub-017,2,16,5,probe_target,P,,feedback_correct,correct,,1,,correct,CHECK,missing_response;unexpected_click_count_1,sub-017_ses-01_task-WorkingMemory_run-2_eeg_events.csv
sub-017,2,17,7,probe_target,S,,feedback_correct,correct,,1,,correct,CHECK,missing_response;unexpected_click_count_1,sub-017_ses-01_task-WorkingMemory_run-2_eeg_events.csv
sub-017,2,18,5,probe_not_shown,L,ignored_correct,feedback_correct,correct,416.2561036499974,2,True,correct,OK,,sub-017_ses-01_task-WorkingMemory_run-2_eeg_events.csv
sub-017,2,19,5,probe_target,K,,feedback_correct,correct,,1,,correct,CHECK,missing_response;unexpected_click_count_1,sub-017_ses-01_task-WorkingMemory_run-2_eeg_events.csv
sub-017,2,20,3,probe_target,R,,feedback_correct,correct,,1,,correct,CHECK,missing_response;unexpected_click_count_1,sub-017_ses-01_task-WorkingMemory_run-2_eeg_events.csv
sub-017,2,21,3,probe_not_shown,Q,ignored_correct,feedback_correct,correct,473.42067485000007,2,True,correct,OK,,sub-017_ses-01_task-WorkingMemory_run-2_eeg_events.csv
sub-017,2,22,7,probe_target,X,ignored_incorrect,feedback_incorrect,wrong,421.1573529500165,2,True,wrong,OK,,sub-017_ses-01_task-WorkingMemory_run-2_eeg_events.csv
sub-017,2,23,3,probe_not_shown,B,ignored_correct,feedback_correct,correct,376.99609625001904,2,True,correct,OK,,sub-017_ses-01_task-WorkingMemory_run-2_eeg_events.csv
sub-017,2,24,3,probe_target,L,,feedback_correct,correct,,1,,correct,CHECK,missing_response;unexpected_click_count_1,sub-017_ses-01_task-WorkingMemory_run-2_eeg_events.csv
sub-017,2,25,7,probe_target,G,,feedback_correct,correct,,1,,correct,CHECK,missing_response;unexpected_click_count_1,sub-017_ses-01_task-WorkingMemory_run-2_eeg_events.csv
sub-017,3,1,7,probe_target,P,,feedback_correct,correct,,1,,correct,CHECK,missing_response;unexpected_click_count_1,sub-017_ses-01_task-WorkingMemory_run-3_eeg_events.csv
sub-017,3,2,3,probe_not_shown,M,ignored_correct,feedback_correct,correct,480.52166045000195,1,True,correct,CHECK,unexpected_click_count_1,sub-017_ses-01_task-WorkingMemory_run-3_eeg_events.csv
sub-017,3,3,0,,,,,,,2,,unresolved,CHECK,missing_probe;missing_response;missing_feedback;unresolved_behavior,sub-017_ses-01_task-WorkingMemory_run-3_eeg_events.csv
sub-017,3,4,3,probe_target,K,,feedback_correct,correct,,1,,correct,CHECK,missing_response;unexpected_click_count_1,sub-017_ses-01_task-WorkingMemory_run-3_eeg_events.csv
sub-017,3,5,0,,,,,,,2,,unresolved,CHECK,missing_probe;missing_response;missing_feedback;unresolved_behavior,sub-017_ses-01_task-WorkingMemory_run-3_eeg_events.csv
sub-017,3,6,7,probe_target,V,,feedback_correct,correct,,1,,correct,CHECK,missing_response;unexpected_click_count_1,sub-017_ses-01_task-WorkingMemory_run-3_eeg_events.csv
sub-017,3,7,3,probe_target,R,,feedback_correct,correct,,1,,correct,CHECK,missing_response;unexpected_click_count_1,sub-017_ses-01_task-WorkingMemory_run-3_eeg_events.csv
sub-017,3,8,7,probe_not_shown,Y,ignored_correct,feedback_correct,correct,452.6646074500022,2,True,correct,OK,,sub-017_ses-01_task-WorkingMemory_run-3_eeg_events.csv
sub-017,3,9,7,probe_target,N,,feedback_correct,correct,,1,,correct,CHECK,missing_response;unexpected_click_count_1,sub-017_ses-01_task-WorkingMemory_run-3_eeg_events.csv
sub-017,3,10,7,probe_not_shown,P,ignored_correct,feedback_correct,correct,405.1025654999976,2,True,correct,OK,,sub-017_ses-01_task-WorkingMemory_run-3_eeg_events.csv
sub-017,3,11,7,probe_target,C,,feedback_correct,correct,,1,,correct,CHECK,missing_response;unexpected_click_count_1,sub-017_ses-01_task-WorkingMemory_run-3_eeg_events.csv
sub-017,3,12,7,probe_target,R,,feedback_correct,correct,,1,,correct,CHECK,missing_response;unexpected_click_count_1,sub-017_ses-01_task-WorkingMemory_run-3_eeg_events.csv
sub-017,3,13,5,probe_target,W,,feedback_correct,correct,,1,,correct,CHECK,missing_response;unexpected_click_count_1,sub-017_ses-01_task-WorkingMemory_run-3_eeg_events.csv
sub-017,3,14,5,probe_not_shown,B,ignored_correct,feedback_correct,correct,421.5067187999957,2,True,correct,OK,,sub-017_ses-01_task-WorkingMemory_run-3_eeg_events.csv
sub-017,3,15,5,probe_target,H,,feedback_correct,correct,,1,,correct,CHECK,missing_response;unexpected_click_count_1,sub-017_ses-01_task-WorkingMemory_run-3_eeg_events.csv
sub-017,3,16,5,probe_not_shown,H,ignored_correct,feedback_correct,correct,875.1215668499935,2,True,correct,OK,,sub-017_ses-01_task-WorkingMemory_run-3_eeg_events.csv
sub-017,3,17,3,probe_not_shown,Y,ignored_correct,feedback_correct,correct,584.197909599985,2,True,correct,OK,,sub-017_ses-01_task-WorkingMemory_run-3_eeg_events.csv
sub-017,3,18,5,probe_not_shown,G,ignored_correct,feedback_correct,correct,464.26754514998174,2,True,correct,OK,,sub-017_ses-01_task-WorkingMemory_run-3_eeg_events.csv
sub-017,3,19,3,probe_not_shown,Z,ignored_correct,feedback_correct,correct,407.25311000001966,2,True,correct,OK,,sub-017_ses-01_task-WorkingMemory_run-3_eeg_events.csv
sub-017,3,20,3,probe_not_shown,F,ignored_correct,feedback_correct,correct,362.89187844999833,2,True,correct,OK,,sub-017_ses-01_task-WorkingMemory_run-3_eeg_events.csv
sub-017,3,21,5,probe_not_shown,V,ignored_correct,feedback_correct,correct,356.0401436999964,2,True,correct,OK,,sub-017_ses-01_task-WorkingMemory_run-3_eeg_events.csv
sub-017,3,22,3,probe_target,B,,feedback_correct,correct,,1,,correct,CHECK,missing_response;unexpected_click_count_1,sub-017_ses-01_task-WorkingMemory_run-3_eeg_events.csv
sub-017,3,23,7,probe_target,G,,feedback_correct,correct,,1,,correct,CHECK,missing_response;unexpected_click_count_1,sub-017_ses-01_task-WorkingMemory_run-3_eeg_events.csv
sub-017,3,24,7,probe_target,W,,feedback_correct,correct,,1,,correct,CHECK,missing_response;unexpected_click_count_1,sub-017_ses-01_task-WorkingMemory_run-3_eeg_events.csv
sub-017,3,25,5,probe_target,Q,,feedback_correct,correct,,1,,correct,CHECK,missing_response;unexpected_click_count_1,sub-017_ses-01_task-WorkingMemory_run-3_eeg_events.csv
sub-018,1,1,3,probe_target,V,,feedback_correct,correct,,1,,correct,CHECK,missing_response;unexpected_click_count_1,sub-018_ses-01_task-WorkingMemory_run-1_eeg_events.csv
sub-018,1,2,3,probe_not_shown,L,ignored_correct,feedback_correct,correct,509.1801054000025,2,True,correct,OK,,sub-018_ses-01_task-WorkingMemory_run-1_eeg_events.csv
sub-018,1,3,7,probe_not_shown,L,ignored_correct,feedback_correct,correct,492.7759137999965,2,True,correct,OK,,sub-018_ses-01_task-WorkingMemory_run-1_eeg_events.csv
sub-018,1,4,7,probe_target,M,,feedback_correct,correct,,1,,correct,CHECK,missing_response;unexpected_click_count_1,sub-018_ses-01_task-WorkingMemory_run-1_eeg_events.csv
sub-018,1,5,3,probe_target,D,,feedback_correct,correct,,1,,correct,CHECK,missing_response;unexpected_click_count_1,sub-018_ses-01_task-WorkingMemory_run-1_eeg_events.csv
sub-018,1,6,7,probe_not_shown,B,ignored_correct,feedback_correct,correct,530.6355877000024,2,True,correct,OK,,sub-018_ses-01_task-WorkingMemory_run-1_eeg_events.csv
sub-018,1,7,7,probe_not_shown,F,ignored_correct,feedback_correct,correct,751.8921230499982,2,True,correct,OK,,sub-018_ses-01_task-WorkingMemory_run-1_eeg_events.csv
sub-018,1,8,7,probe_target,Z,,feedback_correct,correct,,1,,correct,CHECK,missing_response;unexpected_click_count_1,sub-018_ses-01_task-WorkingMemory_run-1_eeg_events.csv
sub-018,1,9,5,probe_target,R,,feedback_correct,correct,,1,,correct,CHECK,missing_response;unexpected_click_count_1,sub-018_ses-01_task-WorkingMemory_run-1_eeg_events.csv
sub-018,1,10,3,probe_target,B,,feedback_correct,correct,,1,,correct,CHECK,missing_response;unexpected_click_count_1,sub-018_ses-01_task-WorkingMemory_run-1_eeg_events.csv
sub-018,1,11,5,probe_not_shown,T,ignored_correct,feedback_correct,correct,469.77003534999676,2,True,correct,OK,,sub-018_ses-01_task-WorkingMemory_run-1_eeg_events.csv
sub-018,1,12,3,probe_not_shown,S,ignored_correct,feedback_correct,correct,333.98533969998243,2,True,correct,OK,,sub-018_ses-01_task-WorkingMemory_run-1_eeg_events.csv
sub-018,1,13,5,probe_target,G,,feedback_correct,correct,,1,,correct,CHECK,missing_response;unexpected_click_count_1,sub-018_ses-01_task-WorkingMemory_run-1_eeg_events.csv
sub-018,1,14,5,probe_target,J,,feedback_correct,correct,,1,,correct,CHECK,missing_response;unexpected_click_count_1,sub-018_ses-01_task-WorkingMemory_run-1_eeg_events.csv
sub-018,1,15,3,probe_target,V,,feedback_correct,correct,,1,,correct,CHECK,missing_response;unexpected_click_count_1,sub-018_ses-01_task-WorkingMemory_run-1_eeg_events.csv
sub-018,1,16,7,probe_target,B,,feedback_correct,correct,,1,,correct,CHECK,missing_response;unexpected_click_count_1,sub-018_ses-01_task-WorkingMemory_run-1_eeg_events.csv
sub-018,1,17,7,probe_not_shown,G,,feedback_incorrect,wrong,,1,,wrong,CHECK,missing_response;unexpected_click_count_1,sub-018_ses-01_task-WorkingMemory_run-1_eeg_events.csv
sub-018,1,18,5,probe_not_shown,Q,ignored_correct,feedback_correct,correct,536.6371211999794,2,True,correct,OK,,sub-018_ses-01_task-WorkingMemory_run-1_eeg_events.csv
sub-018,1,19,7,probe_not_shown,C,ignored_correct,feedback_correct,correct,465.5189491500205,2,True,correct,OK,,sub-018_ses-01_task-WorkingMemory_run-1_eeg_events.csv
sub-018,1,20,5,probe_target,L,,feedback_correct,correct,,1,,correct,CHECK,missing_response;unexpected_click_count_1,sub-018_ses-01_task-WorkingMemory_run-1_eeg_events.csv
sub-018,1,21,3,probe_target,C,,feedback_correct,correct,,1,,correct,CHECK,missing_response;unexpected_click_count_1,sub-018_ses-01_task-WorkingMemory_run-1_eeg_events.csv
sub-018,1,22,3,probe_target,J,,feedback_correct,correct,,1,,correct,CHECK,missing_response;unexpected_click_count_1,sub-018_ses-01_task-WorkingMemory_run-1_eeg_events.csv
sub-018,1,23,5,probe_target,R,,feedback_correct,correct,,1,,correct,CHECK,missing_response;unexpected_click_count_1,sub-018_ses-01_task-WorkingMemory_run-1_eeg_events.csv
sub-018,1,24,5,probe_not_shown,J,ignored_correct,feedback_correct,correct,544.5891530999797,2,True,correct,OK,,sub-018_ses-01_task-WorkingMemory_run-1_eeg_events.csv
sub-018,1,25,5,probe_target,L,,feedback_correct,correct,,1,,correct,CHECK,missing_response;unexpected_click_count_1,sub-018_ses-01_task-WorkingMemory_run-1_eeg_events.csv
sub-018,2,1,5,probe_target,K,,feedback_correct,correct,,1,,correct,CHECK,missing_response;unexpected_click_count_1,sub-018_ses-01_task-WorkingMemory_run-2_eeg_events.csv
sub-018,2,2,5,probe_target,P,,feedback_correct,correct,,1,,correct,CHECK,missing_response;unexpected_click_count_1,sub-018_ses-01_task-WorkingMemory_run-2_eeg_events.csv
sub-018,2,3,3,probe_target,S,,feedback_correct,correct,,1,,correct,CHECK,missing_response;unexpected_click_count_1,sub-018_ses-01_task-WorkingMemory_run-2_eeg_events.csv
sub-018,2,4,3,probe_target,K,,feedback_correct,correct,,1,,correct,CHECK,missing_response;unexpected_click_count_1,sub-018_ses-01_task-WorkingMemory_run-2_eeg_events.csv
sub-018,2,5,3,probe_target,L,,feedback_correct,correct,,1,,correct,CHECK,missing_response;unexpected_click_count_1,sub-018_ses-01_task-WorkingMemory_run-2_eeg_events.csv
sub-018,2,6,5,probe_not_shown,Q,ignored_correct,feedback_correct,correct,502.7766480999853,2,True,correct,OK,,sub-018_ses-01_task-WorkingMemory_run-2_eeg_events.csv
sub-018,2,7,5,probe_target,Q,,feedback_correct,correct,,1,,correct,CHECK,missing_response;unexpected_click_count_1,sub-018_ses-01_task-WorkingMemory_run-2_eeg_events.csv
sub-018,2,8,3,probe_target,P,,feedback_correct,correct,,1,,correct,CHECK,missing_response;unexpected_click_count_1,sub-018_ses-01_task-WorkingMemory_run-2_eeg_events.csv
sub-018,2,9,3,probe_not_shown,Q,ignored_correct,feedback_correct,correct,427.00756204999925,2,True,correct,OK,,sub-018_ses-01_task-WorkingMemory_run-2_eeg_events.csv
sub-018,2,10,7,probe_not_shown,L,ignored_correct,feedback_correct,correct,569.2433908499806,2,True,correct,OK,,sub-018_ses-01_task-WorkingMemory_run-2_eeg_events.csv
sub-018,2,11,3,probe_target,R,,feedback_correct,correct,,1,,correct,CHECK,missing_response;unexpected_click_count_1,sub-018_ses-01_task-WorkingMemory_run-2_eeg_events.csv
sub-018,2,12,5,probe_not_shown,L,ignored_correct,feedback_correct,correct,354.5393075000029,2,True,correct,OK,,sub-018_ses-01_task-WorkingMemory_run-2_eeg_events.csv
sub-018,2,13,3,probe_target,R,,feedback_correct,correct,,1,,correct,CHECK,missing_response;unexpected_click_count_1,sub-018_ses-01_task-WorkingMemory_run-2_eeg_events.csv
sub-018,2,14,5,probe_not_shown,Z,ignored_correct,feedback_correct,correct,355.93966019997606,2,True,correct,OK,,sub-018_ses-01_task-WorkingMemory_run-2_eeg_events.csv
sub-018,2,15,5,probe_target,X,,feedback_correct,correct,,1,,correct,CHECK,missing_response;unexpected_click_count_1,sub-018_ses-01_task-WorkingMemory_run-2_eeg_events.csv
sub-018,2,16,7,probe_target,G,,feedback_correct,correct,,1,,correct,CHECK,missing_response;unexpected_click_count_1,sub-018_ses-01_task-WorkingMemory_run-2_eeg_events.csv
sub-018,2,17,7,probe_not_shown,X,ignored_correct,feedback_correct,correct,504.8271646000212,2,True,correct,OK,,sub-018_ses-01_task-WorkingMemory_run-2_eeg_events.csv
sub-018,2,18,7,probe_target,S,,feedback_correct,correct,,1,,correct,CHECK,missing_response;unexpected_click_count_1,sub-018_ses-01_task-WorkingMemory_run-2_eeg_events.csv
sub-018,2,19,7,probe_not_shown,Z,ignored_correct,feedback_correct,correct,867.6685633499874,2,True,correct,OK,,sub-018_ses-01_task-WorkingMemory_run-2_eeg_events.csv
sub-018,2,20,3,probe_not_shown,X,ignored_correct,feedback_correct,correct,378.3453041499888,2,True,correct,OK,,sub-018_ses-01_task-WorkingMemory_run-2_eeg_events.csv
sub-018,2,21,3,probe_not_shown,B,ignored_correct,feedback_correct,correct,471.9188751000038,2,True,correct,OK,,sub-018_ses-01_task-WorkingMemory_run-2_eeg_events.csv
sub-018,2,22,7,probe_target,Z,ignored_incorrect,feedback_incorrect,wrong,502.6766228500055,2,True,wrong,OK,,sub-018_ses-01_task-WorkingMemory_run-2_eeg_events.csv
sub-018,2,23,7,probe_not_shown,Y,ignored_correct,feedback_correct,correct,377.8451781999902,2,True,correct,OK,,sub-018_ses-01_task-WorkingMemory_run-2_eeg_events.csv
sub-018,2,24,5,probe_not_shown,J,ignored_correct,feedback_correct,correct,365.69211684999755,2,True,correct,OK,,sub-018_ses-01_task-WorkingMemory_run-2_eeg_events.csv
sub-018,2,25,7,probe_target,X,,feedback_correct,correct,,1,,correct,CHECK,missing_response;unexpected_click_count_1,sub-018_ses-01_task-WorkingMemory_run-2_eeg_events.csv
sub-018,3,1,7,probe_not_shown,P,ignored_correct,feedback_correct,correct,533.4847901500016,2,True,correct,OK,,sub-018_ses-01_task-WorkingMemory_run-3_eeg_events.csv
sub-018,3,2,3,probe_not_shown,Z,ignored_correct,feedback_correct,correct,402.30164544999934,2,True,correct,OK,,sub-018_ses-01_task-WorkingMemory_run-3_eeg_events.csv
sub-018,3,3,7,probe_target,W,,feedback_correct,correct,,1,,correct,CHECK,missing_response;unexpected_click_count_1,sub-018_ses-01_task-WorkingMemory_run-3_eeg_events.csv
sub-018,3,4,5,probe_target,Q,,feedback_correct,correct,,1,,correct,CHECK,missing_response;unexpected_click_count_1,sub-018_ses-01_task-WorkingMemory_run-3_eeg_events.csv
sub-018,3,5,7,probe_target,V,,feedback_correct,correct,,1,,correct,CHECK,missing_response;unexpected_click_count_1,sub-018_ses-01_task-WorkingMemory_run-3_eeg_events.csv
sub-018,3,6,3,probe_target,B,,feedback_correct,correct,,1,,correct,CHECK,missing_response;unexpected_click_count_1,sub-018_ses-01_task-WorkingMemory_run-3_eeg_events.csv
sub-018,3,7,7,probe_target,P,,feedback_correct,correct,,1,,correct,CHECK,missing_response;unexpected_click_count_1,sub-018_ses-01_task-WorkingMemory_run-3_eeg_events.csv
sub-018,3,8,7,probe_target,N,,feedback_correct,correct,,1,,correct,CHECK,missing_response;unexpected_click_count_1,sub-018_ses-01_task-WorkingMemory_run-3_eeg_events.csv
sub-018,3,9,7,probe_target,G,,feedback_correct,correct,,1,,correct,CHECK,missing_response;unexpected_click_count_1,sub-018_ses-01_task-WorkingMemory_run-3_eeg_events.csv
sub-018,3,10,5,probe_not_shown,B,ignored_correct,feedback_correct,correct,428.30821629999264,2,True,correct,OK,,sub-018_ses-01_task-WorkingMemory_run-3_eeg_events.csv
sub-018,3,11,5,probe_target,H,,feedback_correct,correct,,1,,correct,CHECK,missing_response;unexpected_click_count_1,sub-018_ses-01_task-WorkingMemory_run-3_eeg_events.csv
sub-018,3,12,3,probe_not_shown,M,,feedback_incorrect,wrong,,1,,wrong,CHECK,missing_response;unexpected_click_count_1,sub-018_ses-01_task-WorkingMemory_run-3_eeg_events.csv
sub-018,3,13,5,probe_target,W,,feedback_correct,correct,,1,,correct,CHECK,missing_response;unexpected_click_count_1,sub-018_ses-01_task-WorkingMemory_run-3_eeg_events.csv
sub-018,3,14,3,probe_not_shown,Y,ignored_correct,feedback_correct,correct,416.30518359999405,2,True,correct,OK,,sub-018_ses-01_task-WorkingMemory_run-3_eeg_events.csv
sub-018,3,15,3,probe_target,K,,feedback_correct,correct,,1,,correct,CHECK,missing_response;unexpected_click_count_1,sub-018_ses-01_task-WorkingMemory_run-3_eeg_events.csv
sub-018,3,16,5,probe_not_shown,V,ignored_correct,feedback_correct,correct,352.93917359999614,2,True,correct,OK,,sub-018_ses-01_task-WorkingMemory_run-3_eeg_events.csv
sub-018,3,17,3,probe_target,T,,feedback_correct,correct,,1,,correct,CHECK,missing_response;unexpected_click_count_1,sub-018_ses-01_task-WorkingMemory_run-3_eeg_events.csv
sub-018,3,18,5,probe_target,F,,feedback_correct,correct,,1,,correct,CHECK,missing_response;unexpected_click_count_1,sub-018_ses-01_task-WorkingMemory_run-3_eeg_events.csv
sub-018,3,19,7,probe_target,C,,feedback_correct,correct,,1,,correct,CHECK,missing_response;unexpected_click_count_1,sub-018_ses-01_task-WorkingMemory_run-3_eeg_events.csv
sub-018,3,20,7,probe_target,R,,feedback_correct,correct,,1,,correct,CHECK,missing_response;unexpected_click_count_1,sub-018_ses-01_task-WorkingMemory_run-3_eeg_events.csv
sub-018,3,21,3,probe_not_shown,F,ignored_correct,feedback_correct,correct,600.0516089500161,2,True,correct,OK,,sub-018_ses-01_task-WorkingMemory_run-3_eeg_events.csv
sub-018,3,22,7,probe_not_shown,Y,ignored_correct,feedback_correct,correct,464.7674281000218,2,True,correct,OK,,sub-018_ses-01_task-WorkingMemory_run-3_eeg_events.csv
sub-018,3,23,5,probe_not_shown,G,ignored_correct,feedback_correct,correct,447.36303065007087,2,True,correct,OK,,sub-018_ses-01_task-WorkingMemory_run-3_eeg_events.csv
sub-018,3,24,5,probe_not_shown,H,ignored_correct,feedback_correct,correct,491.07407469995087,2,True,correct,OK,,sub-018_ses-01_task-WorkingMemory_run-3_eeg_events.csv
sub-018,3,25,3,probe_target,R,,feedback_correct,correct,,1,,correct,CHECK,missing_response;unexpected_click_count_1,sub-018_ses-01_task-WorkingMemory_run-3_eeg_events.csv
sub-019,1,1,7,probe_target,Z,,feedback_correct,correct,,1,,correct,CHECK,missing_response;unexpected_click_count_1,sub-019_ses-01_task-WorkingMemory_run-1_eeg_events.csv
sub-019,1,2,5,probe_not_shown,Q,ignored_correct,feedback_correct,correct,585.3983251499994,2,True,correct,OK,,sub-019_ses-01_task-WorkingMemory_run-1_eeg_events.csv
sub-019,1,3,7,probe_target,M,,feedback_correct,correct,,1,,correct,CHECK,missing_response;unexpected_click_count_1,sub-019_ses-01_task-WorkingMemory_run-1_eeg_events.csv
sub-019,1,4,3,probe_target,V,,feedback_correct,correct,,1,,correct,CHECK,missing_response;unexpected_click_count_1,sub-019_ses-01_task-WorkingMemory_run-1_eeg_events.csv
sub-019,1,5,5,probe_target,J,,feedback_correct,correct,,1,,correct,CHECK,missing_response;unexpected_click_count_1,sub-019_ses-01_task-WorkingMemory_run-1_eeg_events.csv
sub-019,1,6,5,probe_target,R,,feedback_correct,correct,,1,,correct,CHECK,missing_response;unexpected_click_count_1,sub-019_ses-01_task-WorkingMemory_run-1_eeg_events.csv
sub-019,1,7,3,probe_target,B,,feedback_correct,correct,,1,,correct,CHECK,missing_response;unexpected_click_count_1,sub-019_ses-01_task-WorkingMemory_run-1_eeg_events.csv
sub-019,1,8,3,probe_target,J,,feedback_correct,correct,,1,,correct,CHECK,missing_response;unexpected_click_count_1,sub-019_ses-01_task-WorkingMemory_run-1_eeg_events.csv
sub-019,1,9,7,probe_not_shown,C,,feedback_incorrect,wrong,,1,,wrong,CHECK,missing_response;unexpected_click_count_1,sub-019_ses-01_task-WorkingMemory_run-1_eeg_events.csv
sub-019,1,10,5,probe_target,L,,feedback_correct,correct,,1,,correct,CHECK,missing_response;unexpected_click_count_1,sub-019_ses-01_task-WorkingMemory_run-1_eeg_events.csv
sub-019,1,11,5,probe_not_shown,J,ignored_correct,feedback_correct,correct,783.0984173500037,2,True,correct,OK,,sub-019_ses-01_task-WorkingMemory_run-1_eeg_events.csv
sub-019,1,12,7,probe_not_shown,G,ignored_correct,feedback_correct,correct,655.0159644999949,2,True,correct,OK,,sub-019_ses-01_task-WorkingMemory_run-1_eeg_events.csv
sub-019,1,13,3,probe_target,V,,feedback_correct,correct,,1,,correct,CHECK,missing_response;unexpected_click_count_1,sub-019_ses-01_task-WorkingMemory_run-1_eeg_events.csv
sub-019,1,14,7,probe_not_shown,B,ignored_correct,feedback_correct,correct,404.152402000007,2,True,correct,OK,,sub-019_ses-01_task-WorkingMemory_run-1_eeg_events.csv
sub-019,1,15,7,probe_not_shown,F,ignored_correct,feedback_correct,correct,728.734642950003,2,True,correct,OK,,sub-019_ses-01_task-WorkingMemory_run-1_eeg_events.csv
sub-019,1,16,3,probe_not_shown,S,ignored_correct,feedback_correct,correct,349.58857689998695,2,True,correct,OK,,sub-019_ses-01_task-WorkingMemory_run-1_eeg_events.csv
sub-019,1,17,5,probe_not_shown,T,ignored_correct,feedback_correct,correct,521.8822317500017,2,True,correct,OK,,sub-019_ses-01_task-WorkingMemory_run-1_eeg_events.csv
sub-019,1,18,7,probe_not_shown,L,ignored_correct,feedback_correct,correct,484.2727025000204,2,True,correct,OK,,sub-019_ses-01_task-WorkingMemory_run-1_eeg_events.csv
sub-019,1,19,5,probe_target,R,,feedback_correct,correct,,1,,correct,CHECK,missing_response;unexpected_click_count_1,sub-019_ses-01_task-WorkingMemory_run-1_eeg_events.csv
sub-019,1,20,3,probe_not_shown,L,ignored_correct,feedback_correct,correct,499.9766815000039,2,True,correct,OK,,sub-019_ses-01_task-WorkingMemory_run-1_eeg_events.csv
sub-019,1,21,3,probe_target,C,ignored_incorrect,feedback_incorrect,wrong,671.2200702000118,1,True,wrong,CHECK,unexpected_click_count_1,sub-019_ses-01_task-WorkingMemory_run-1_eeg_events.csv
sub-019,1,22,5,probe_target,L,,feedback_correct,correct,,1,,correct,CHECK,missing_response;unexpected_click_count_1,sub-019_ses-01_task-WorkingMemory_run-1_eeg_events.csv
sub-019,1,23,5,probe_target,G,,feedback_correct,correct,,1,,correct,CHECK,missing_response;unexpected_click_count_1,sub-019_ses-01_task-WorkingMemory_run-1_eeg_events.csv
sub-019,1,24,7,probe_target,B,,feedback_correct,correct,,1,,correct,CHECK,missing_response;unexpected_click_count_1,sub-019_ses-01_task-WorkingMemory_run-1_eeg_events.csv
sub-019,1,25,3,probe_target,D,,feedback_correct,correct,,1,,correct,CHECK,missing_response;unexpected_click_count_1,sub-019_ses-01_task-WorkingMemory_run-1_eeg_events.csv
sub-019,2,1,3,probe_target,S,,feedback_correct,correct,,1,,correct,CHECK,missing_response;unexpected_click_count_1,sub-019_ses-01_task-WorkingMemory_run-2_eeg_events.csv
sub-019,2,2,7,probe_not_shown,Z,ignored_correct,feedback_correct,correct,549.939760199999,2,True,correct,OK,,sub-019_ses-01_task-WorkingMemory_run-2_eeg_events.csv
sub-019,2,3,7,probe_target,S,,feedback_correct,correct,,1,,correct,CHECK,missing_response;unexpected_click_count_1,sub-019_ses-01_task-WorkingMemory_run-2_eeg_events.csv
sub-019,2,4,5,probe_not_shown,J,ignored_correct,feedback_correct,correct,606.9542497500006,2,True,correct,OK,,sub-019_ses-01_task-WorkingMemory_run-2_eeg_events.csv
sub-019,2,5,5,probe_target,Q,,feedback_correct,correct,,1,,correct,CHECK,missing_response;unexpected_click_count_1,sub-019_ses-01_task-WorkingMemory_run-2_eeg_events.csv
sub-019,2,6,5,probe_target,K,,feedback_correct,correct,,1,,correct,CHECK,missing_response;unexpected_click_count_1,sub-019_ses-01_task-WorkingMemory_run-2_eeg_events.csv
sub-019,2,7,3,probe_not_shown,X,ignored_correct,feedback_correct,correct,480.32206774999213,2,True,correct,OK,,sub-019_ses-01_task-WorkingMemory_run-2_eeg_events.csv
sub-019,2,8,3,probe_target,R,,feedback_correct,correct,,1,,correct,CHECK,missing_response;unexpected_click_count_1,sub-019_ses-01_task-WorkingMemory_run-2_eeg_events.csv
sub-019,2,9,3,probe_target,K,,feedback_correct,correct,,1,,correct,CHECK,missing_response;unexpected_click_count_1,sub-019_ses-01_task-WorkingMemory_run-2_eeg_events.csv
sub-019,2,10,7,probe_target,G,,feedback_correct,correct,,1,,correct,CHECK,missing_response;unexpected_click_count_1,sub-019_ses-01_task-WorkingMemory_run-2_eeg_events.csv
sub-019,2,11,5,probe_target,X,,feedback_correct,correct,,1,,correct,CHECK,missing_response;unexpected_click_count_1,sub-019_ses-01_task-WorkingMemory_run-2_eeg_events.csv
sub-019,2,12,3,probe_not_shown,B,ignored_correct,feedback_correct,correct,509.77955395000754,2,True,correct,OK,,sub-019_ses-01_task-WorkingMemory_run-2_eeg_events.csv
sub-019,2,13,5,probe_not_shown,Z,ignored_correct,feedback_correct,correct,525.4835449500242,2,True,correct,OK,,sub-019_ses-01_task-WorkingMemory_run-2_eeg_events.csv
sub-019,2,14,5,probe_not_shown,Q,ignored_correct,feedback_correct,correct,765.7446042500378,2,True,correct,OK,,sub-019_ses-01_task-WorkingMemory_run-2_eeg_events.csv
sub-019,2,15,7,probe_not_shown,X,ignored_correct,feedback_correct,correct,990.6517615499906,2,True,correct,OK,,sub-019_ses-01_task-WorkingMemory_run-2_eeg_events.csv
sub-019,2,16,3,probe_not_shown,Q,ignored_correct,feedback_correct,correct,516.5312698500056,2,True,correct,OK,,sub-019_ses-01_task-WorkingMemory_run-2_eeg_events.csv
sub-019,2,17,7,probe_not_shown,L,ignored_correct,feedback_correct,correct,456.1159160500101,2,True,correct,OK,,sub-019_ses-01_task-WorkingMemory_run-2_eeg_events.csv
sub-019,2,18,3,probe_target,R,,feedback_correct,correct,,1,,correct,CHECK,missing_response;unexpected_click_count_1,sub-019_ses-01_task-WorkingMemory_run-2_eeg_events.csv
sub-019,2,19,7,probe_target,Z,,feedback_correct,correct,,1,,correct,CHECK,missing_response;unexpected_click_count_1,sub-019_ses-01_task-WorkingMemory_run-2_eeg_events.csv
sub-019,2,20,3,probe_target,L,,feedback_correct,correct,,1,,correct,CHECK,missing_response;unexpected_click_count_1,sub-019_ses-01_task-WorkingMemory_run-2_eeg_events.csv
sub-019,2,21,7,probe_target,X,,feedback_correct,correct,,1,,correct,CHECK,missing_response;unexpected_click_count_1,sub-019_ses-01_task-WorkingMemory_run-2_eeg_events.csv
sub-019,2,22,5,probe_not_shown,L,ignored_correct,feedback_correct,correct,538.6869004499749,2,True,correct,OK,,sub-019_ses-01_task-WorkingMemory_run-2_eeg_events.csv
sub-019,2,23,5,probe_target,P,,feedback_correct,correct,,1,,correct,CHECK,missing_response;unexpected_click_count_1,sub-019_ses-01_task-WorkingMemory_run-2_eeg_events.csv
sub-019,2,24,7,probe_not_shown,Y,ignored_correct,feedback_correct,correct,596.6516314499895,2,True,correct,OK,,sub-019_ses-01_task-WorkingMemory_run-2_eeg_events.csv
sub-019,2,25,3,probe_target,P,,feedback_correct,correct,,1,,correct,CHECK,missing_response;unexpected_click_count_1,sub-019_ses-01_task-WorkingMemory_run-2_eeg_events.csv
sub-019,3,1,3,probe_not_shown,Y,ignored_correct,feedback_correct,correct,880.1245533500005,2,True,correct,OK,,sub-019_ses-01_task-WorkingMemory_run-3_eeg_events.csv
sub-019,3,2,5,probe_target,W,,feedback_correct,correct,,1,,correct,CHECK,missing_response;unexpected_click_count_1,sub-019_ses-01_task-WorkingMemory_run-3_eeg_events.csv
sub-019,3,3,7,probe_target,W,,feedback_correct,correct,,1,,correct,CHECK,missing_response;unexpected_click_count_1,sub-019_ses-01_task-WorkingMemory_run-3_eeg_events.csv
sub-019,3,4,5,probe_not_shown,V,ignored_correct,feedback_correct,correct,578.2475330000016,2,True,correct,OK,,sub-019_ses-01_task-WorkingMemory_run-3_eeg_events.csv
sub-019,3,5,3,probe_target,R,,feedback_correct,correct,,1,,correct,CHECK,missing_response;unexpected_click_count_1,sub-019_ses-01_task-WorkingMemory_run-3_eeg_events.csv
sub-019,3,6,3,probe_not_shown,Z,ignored_correct,feedback_correct,correct,415.2059348499897,2,True,correct,OK,,sub-019_ses-01_task-WorkingMemory_run-3_eeg_events.csv
sub-019,3,7,7,probe_target,V,,feedback_correct,correct,,1,,correct,CHECK,missing_response;unexpected_click_count_1,sub-019_ses-01_task-WorkingMemory_run-3_eeg_events.csv
sub-019,3,8,7,probe_not_shown,Y,ignored_correct,feedback_correct,correct,584.0490131500119,2,True,correct,OK,,sub-019_ses-01_task-WorkingMemory_run-3_eeg_events.csv
sub-019,3,9,7,probe_target,R,,feedback_correct,correct,,1,,correct,CHECK,missing_response;unexpected_click_count_1,sub-019_ses-01_task-WorkingMemory_run-3_eeg_events.csv
sub-019,3,10,3,probe_target,B,,feedback_correct,correct,,1,,correct,CHECK,missing_response;unexpected_click_count_1,sub-019_ses-01_task-WorkingMemory_run-3_eeg_events.csv
sub-019,3,11,3,probe_target,K,,feedback_correct,correct,,1,,correct,CHECK,missing_response;unexpected_click_count_1,sub-019_ses-01_task-WorkingMemory_run-3_eeg_events.csv
sub-019,3,12,7,probe_target,G,ignored_incorrect,feedback_incorrect,wrong,1128.6879712999798,2,True,wrong,OK,,sub-019_ses-01_task-WorkingMemory_run-3_eeg_events.csv
sub-019,3,13,7,probe_target,P,,feedback_correct,correct,,1,,correct,CHECK,missing_response;unexpected_click_count_1,sub-019_ses-01_task-WorkingMemory_run-3_eeg_events.csv
sub-019,3,14,3,probe_target,T,,feedback_correct,correct,,1,,correct,CHECK,missing_response;unexpected_click_count_1,sub-019_ses-01_task-WorkingMemory_run-3_eeg_events.csv
sub-019,3,15,3,probe_not_shown,M,ignored_correct,feedback_correct,correct,546.9395451000019,2,True,correct,OK,,sub-019_ses-01_task-WorkingMemory_run-3_eeg_events.csv
sub-019,3,16,7,probe_not_shown,P,,feedback_incorrect,wrong,,1,,wrong,CHECK,missing_response;unexpected_click_count_1,sub-019_ses-01_task-WorkingMemory_run-3_eeg_events.csv
sub-019,3,17,5,probe_target,F,ignored_incorrect,feedback_incorrect,wrong,907.031418300001,1,True,wrong,CHECK,unexpected_click_count_1,sub-019_ses-01_task-WorkingMemory_run-3_eeg_events.csv
sub-019,3,18,5,probe_not_shown,G,ignored_correct,feedback_correct,correct,637.3626154999947,2,True,correct,OK,,sub-019_ses-01_task-WorkingMemory_run-3_eeg_events.csv
sub-019,3,19,5,probe_target,Q,,feedback_correct,correct,,1,,correct,CHECK,missing_response;unexpected_click_count_1,sub-019_ses-01_task-WorkingMemory_run-3_eeg_events.csv
sub-019,3,20,5,probe_not_shown,H,ignored_correct,feedback_correct,correct,641.3636362999678,2,True,correct,OK,,sub-019_ses-01_task-WorkingMemory_run-3_eeg_events.csv
sub-019,3,21,5,probe_target,H,,feedback_correct,correct,,1,,correct,CHECK,missing_response;unexpected_click_count_1,sub-019_ses-01_task-WorkingMemory_run-3_eeg_events.csv
sub-019,3,22,5,probe_not_shown,B,ignored_correct,feedback_correct,correct,513.1309192499612,2,True,correct,OK,,sub-019_ses-01_task-WorkingMemory_run-3_eeg_events.csv
sub-019,3,23,7,probe_target,C,,feedback_correct,correct,,1,,correct,CHECK,missing_response;unexpected_click_count_1,sub-019_ses-01_task-WorkingMemory_run-3_eeg_events.csv
sub-019,3,24,3,probe_not_shown,F,ignored_correct,feedback_correct,correct,457.1166278499877,2,True,correct,OK,,sub-019_ses-01_task-WorkingMemory_run-3_eeg_events.csv
sub-019,3,25,7,probe_target,N,,feedback_correct,correct,,1,,correct,CHECK,missing_response;unexpected_click_count_1,sub-019_ses-01_task-WorkingMemory_run-3_eeg_events.csv
sub-020,1,1,5,probe_target,R,,feedback_correct,correct,,1,,correct,CHECK,missing_response;unexpected_click_count_1,sub-020_ses-01_task-WorkingMemory_run-1_eeg_events.csv
sub-020,1,2,5,probe_target,L,,feedback_correct,correct,,1,,correct,CHECK,missing_response;unexpected_click_count_1,sub-020_ses-01_task-WorkingMemory_run-1_eeg_events.csv
sub-020,1,3,3,probe_not_shown,S,ignored_correct,feedback_correct,correct,503.6780753999992,2,True,correct,OK,,sub-020_ses-01_task-WorkingMemory_run-1_eeg_events.csv
sub-020,1,4,7,probe_target,Z,,feedback_correct,correct,,1,,correct,CHECK,missing_response;unexpected_click_count_1,sub-020_ses-01_task-WorkingMemory_run-1_eeg_events.csv
sub-020,1,5,7,probe_not_shown,G,ignored_correct,feedback_correct,correct,479.171843899996,2,True,correct,OK,,sub-020_ses-01_task-WorkingMemory_run-1_eeg_events.csv
sub-020,1,6,3,probe_not_shown,L,ignored_correct,feedback_correct,correct,502.67782105000515,2,True,correct,OK,,sub-020_ses-01_task-WorkingMemory_run-1_eeg_events.csv
sub-020,1,7,7,probe_not_shown,L,ignored_correct,feedback_correct,correct,493.525493750014,2,True,correct,OK,,sub-020_ses-01_task-WorkingMemory_run-1_eeg_events.csv
sub-020,1,8,7,probe_not_shown,B,ignored_correct,feedback_correct,correct,697.9274692000035,2,True,correct,OK,,sub-020_ses-01_task-WorkingMemory_run-1_eeg_events.csv
sub-020,1,9,3,probe_target,D,,feedback_correct,correct,,1,,correct,CHECK,missing_response;unexpected_click_count_1,sub-020_ses-01_task-WorkingMemory_run-1_eeg_events.csv
sub-020,1,10,7,probe_not_shown,F,,feedback_incorrect,wrong,,1,,wrong,CHECK,missing_response;unexpected_click_count_1,sub-020_ses-01_task-WorkingMemory_run-1_eeg_events.csv
sub-020,1,11,3,probe_target,V,,feedback_correct,correct,,1,,correct,CHECK,missing_response;unexpected_click_count_1,sub-020_ses-01_task-WorkingMemory_run-1_eeg_events.csv
sub-020,1,12,7,probe_not_shown,C,ignored_correct,feedback_correct,correct,558.2919626499934,2,True,correct,OK,,sub-020_ses-01_task-WorkingMemory_run-1_eeg_events.csv
sub-020,1,13,3,probe_target,B,,feedback_correct,correct,,1,,correct,CHECK,missing_response;unexpected_click_count_1,sub-020_ses-01_task-WorkingMemory_run-1_eeg_events.csv
sub-020,1,14,3,probe_target,V,,feedback_correct,correct,,1,,correct,CHECK,missing_response;unexpected_click_count_1,sub-020_ses-01_task-WorkingMemory_run-1_eeg_events.csv
sub-020,1,15,5,probe_target,G,,feedback_correct,correct,,1,,correct,CHECK,missing_response;unexpected_click_count_1,sub-020_ses-01_task-WorkingMemory_run-1_eeg_events.csv
sub-020,1,16,5,probe_not_shown,J,ignored_correct,feedback_correct,correct,575.5963627999881,2,True,correct,OK,,sub-020_ses-01_task-WorkingMemory_run-1_eeg_events.csv
sub-020,1,17,5,probe_not_shown,Q,ignored_correct,feedback_correct,correct,547.4392030000163,2,True,correct,OK,,sub-020_ses-01_task-WorkingMemory_run-1_eeg_events.csv
sub-020,1,18,3,probe_target,J,,feedback_correct,correct,,1,,correct,CHECK,missing_response;unexpected_click_count_1,sub-020_ses-01_task-WorkingMemory_run-1_eeg_events.csv
sub-020,1,19,7,probe_target,M,,feedback_correct,correct,,1,,correct,CHECK,missing_response;unexpected_click_count_1,sub-020_ses-01_task-WorkingMemory_run-1_eeg_events.csv
sub-020,1,20,5,probe_target,R,,feedback_correct,correct,,1,,correct,CHECK,missing_response;unexpected_click_count_1,sub-020_ses-01_task-WorkingMemory_run-1_eeg_events.csv
sub-020,1,21,3,probe_target,C,,feedback_correct,correct,,1,,correct,CHECK,missing_response;unexpected_click_count_1,sub-020_ses-01_task-WorkingMemory_run-1_eeg_events.csv
sub-020,1,22,5,probe_not_shown,T,ignored_correct,feedback_correct,correct,588.0495294000139,2,True,correct,OK,,sub-020_ses-01_task-WorkingMemory_run-1_eeg_events.csv
sub-020,1,23,7,probe_target,B,,feedback_correct,correct,,1,,correct,CHECK,missing_response;unexpected_click_count_1,sub-020_ses-01_task-WorkingMemory_run-1_eeg_events.csv
sub-020,1,24,5,probe_target,L,,feedback_correct,correct,,1,,correct,CHECK,missing_response;unexpected_click_count_1,sub-020_ses-01_task-WorkingMemory_run-1_eeg_events.csv
sub-020,1,25,5,probe_target,J,,feedback_correct,correct,,1,,correct,CHECK,missing_response;unexpected_click_count_1,sub-020_ses-01_task-WorkingMemory_run-1_eeg_events.csv
sub-020,2,1,3,probe_target,L,,feedback_correct,correct,,1,,correct,CHECK,missing_response;unexpected_click_count_1,sub-020_ses-01_task-WorkingMemory_run-2_eeg_events.csv
sub-020,2,2,7,probe_target,Z,,feedback_correct,correct,,1,,correct,CHECK,missing_response;unexpected_click_count_1,sub-020_ses-01_task-WorkingMemory_run-2_eeg_events.csv
sub-020,2,3,5,probe_target,P,,feedback_correct,correct,,1,,correct,CHECK,missing_response;unexpected_click_count_1,sub-020_ses-01_task-WorkingMemory_run-2_eeg_events.csv
sub-020,2,4,7,probe_not_shown,Z,ignored_correct,feedback_correct,correct,761.092805399996,2,True,correct,OK,,sub-020_ses-01_task-WorkingMemory_run-2_eeg_events.csv
sub-020,2,5,3,probe_target,K,,feedback_correct,correct,,1,,correct,CHECK,missing_response;unexpected_click_count_1,sub-020_ses-01_task-WorkingMemory_run-2_eeg_events.csv
sub-020,2,6,5,probe_not_shown,J,ignored_correct,feedback_correct,correct,506.32826665000175,2,True,correct,OK,,sub-020_ses-01_task-WorkingMemory_run-2_eeg_events.csv
sub-020,2,7,3,probe_not_shown,Q,ignored_correct,feedback_correct,correct,460.0165346499998,2,True,correct,OK,,sub-020_ses-01_task-WorkingMemory_run-2_eeg_events.csv
sub-020,2,8,3,probe_target,S,,feedback_correct,correct,,1,,correct,CHECK,missing_response;unexpected_click_count_1,sub-020_ses-01_task-WorkingMemory_run-2_eeg_events.csv
sub-020,2,9,7,probe_not_shown,Y,ignored_correct,feedback_correct,correct,868.3199689500034,2,True,correct,OK,,sub-020_ses-01_task-WorkingMemory_run-2_eeg_events.csv
sub-020,2,10,3,probe_not_shown,X,ignored_correct,feedback_correct,correct,552.1398719499994,2,True,correct,OK,,sub-020_ses-01_task-WorkingMemory_run-2_eeg_events.csv
sub-020,2,11,3,probe_not_shown,B,ignored_correct,feedback_correct,correct,482.67227394999645,2,True,correct,OK,,sub-020_ses-01_task-WorkingMemory_run-2_eeg_events.csv
sub-020,2,12,7,probe_not_shown,L,ignored_correct,feedback_correct,correct,511.47957160000806,2,True,correct,OK,,sub-020_ses-01_task-WorkingMemory_run-2_eeg_events.csv
sub-020,2,13,7,probe_target,S,,feedback_correct,correct,,1,,correct,CHECK,missing_response;unexpected_click_count_1,sub-020_ses-01_task-WorkingMemory_run-2_eeg_events.csv
sub-020,2,14,5,probe_not_shown,Z,ignored_correct,feedback_correct,correct,807.1544740500103,2,True,correct,OK,,sub-020_ses-01_task-WorkingMemory_run-2_eeg_events.csv
sub-020,2,15,5,probe_not_shown,Q,ignored_correct,feedback_correct,correct,582.4475497499807,2,True,correct,OK,,sub-020_ses-01_task-WorkingMemory_run-2_eeg_events.csv
sub-020,2,16,5,probe_target,K,,feedback_correct,correct,,1,,correct,CHECK,missing_response;unexpected_click_count_1,sub-020_ses-01_task-WorkingMemory_run-2_eeg_events.csv
sub-020,2,17,3,probe_target,P,,feedback_correct,correct,,1,,correct,CHECK,missing_response;unexpected_click_count_1,sub-020_ses-01_task-WorkingMemory_run-2_eeg_events.csv
sub-020,2,18,5,probe_target,X,,feedback_correct,correct,,1,,correct,CHECK,missing_response;unexpected_click_count_1,sub-020_ses-01_task-WorkingMemory_run-2_eeg_events.csv
sub-020,2,19,7,probe_target,G,,feedback_correct,correct,,1,,correct,CHECK,missing_response;unexpected_click_count_1,sub-020_ses-01_task-WorkingMemory_run-2_eeg_events.csv
sub-020,2,20,5,probe_target,Q,,feedback_correct,correct,,1,,correct,CHECK,missing_response;unexpected_click_count_1,sub-020_ses-01_task-WorkingMemory_run-2_eeg_events.csv
sub-020,2,21,5,probe_not_shown,L,ignored_correct,feedback_correct,correct,541.8372620000155,2,True,correct,OK,,sub-020_ses-01_task-WorkingMemory_run-2_eeg_events.csv
sub-020,2,22,7,probe_not_shown,X,ignored_correct,feedback_correct,correct,677.471621899982,2,True,correct,OK,,sub-020_ses-01_task-WorkingMemory_run-2_eeg_events.csv
sub-020,2,23,3,probe_target,R,,feedback_correct,correct,,1,,correct,CHECK,missing_response;unexpected_click_count_1,sub-020_ses-01_task-WorkingMemory_run-2_eeg_events.csv
sub-020,2,24,3,probe_target,R,,feedback_correct,correct,,1,,correct,CHECK,missing_response;unexpected_click_count_1,sub-020_ses-01_task-WorkingMemory_run-2_eeg_events.csv
sub-020,2,25,7,probe_target,X,,feedback_correct,correct,,1,,correct,CHECK,missing_response;unexpected_click_count_1,sub-020_ses-01_task-WorkingMemory_run-2_eeg_events.csv
sub-020,3,1,3,probe_target,R,,feedback_correct,correct,,1,,correct,CHECK,missing_response;unexpected_click_count_1,sub-020_ses-01_task-WorkingMemory_run-3_eeg_events.csv
sub-020,3,2,7,probe_target,G,,feedback_correct,correct,,1,,correct,CHECK,missing_response;unexpected_click_count_1,sub-020_ses-01_task-WorkingMemory_run-3_eeg_events.csv
sub-020,3,3,3,probe_target,T,,feedback_correct,correct,,1,,correct,CHECK,missing_response;unexpected_click_count_1,sub-020_ses-01_task-WorkingMemory_run-3_eeg_events.csv
sub-020,3,4,7,probe_target,N,,feedback_correct,correct,,1,,correct,CHECK,missing_response;unexpected_click_count_1,sub-020_ses-01_task-WorkingMemory_run-3_eeg_events.csv
sub-020,3,5,5,probe_target,Q,,feedback_correct,correct,,1,,correct,CHECK,missing_response;unexpected_click_count_1,sub-020_ses-01_task-WorkingMemory_run-3_eeg_events.csv
sub-020,3,6,7,probe_target,W,,feedback_correct,correct,,1,,correct,CHECK,missing_response;unexpected_click_count_1,sub-020_ses-01_task-WorkingMemory_run-3_eeg_events.csv
sub-020,3,7,7,probe_target,P,,feedback_correct,correct,,1,,correct,CHECK,missing_response;unexpected_click_count_1,sub-020_ses-01_task-WorkingMemory_run-3_eeg_events.csv
sub-020,3,8,3,probe_not_shown,M,ignored_correct,feedback_correct,correct,403.65173650001816,2,True,correct,OK,,sub-020_ses-01_task-WorkingMemory_run-3_eeg_events.csv
sub-020,3,9,3,probe_not_shown,Z,ignored_correct,feedback_correct,correct,525.0323292499961,2,True,correct,OK,,sub-020_ses-01_task-WorkingMemory_run-3_eeg_events.csv
sub-020,3,10,5,probe_target,W,,feedback_correct,correct,,1,,correct,CHECK,missing_response;unexpected_click_count_1,sub-020_ses-01_task-WorkingMemory_run-3_eeg_events.csv
sub-020,3,11,5,probe_not_shown,V,ignored_correct,feedback_correct,correct,537.3854427500046,2,True,correct,OK,,sub-020_ses-01_task-WorkingMemory_run-3_eeg_events.csv
sub-020,3,12,5,probe_target,F,ignored_incorrect,feedback_incorrect,wrong,953.1402297000168,2,True,wrong,OK,,sub-020_ses-01_task-WorkingMemory_run-3_eeg_events.csv
sub-020,3,13,3,probe_not_shown,Y,ignored_correct,feedback_correct,correct,780.5967417999927,1,True,correct,CHECK,unexpected_click_count_1,sub-020_ses-01_task-WorkingMemory_run-3_eeg_events.csv
sub-020,3,14,3,probe_not_shown,F,ignored_correct,feedback_correct,correct,553.5395142500056,2,True,correct,OK,,sub-020_ses-01_task-WorkingMemory_run-3_eeg_events.csv
sub-020,3,15,3,probe_target,B,,feedback_correct,correct,,1,,correct,CHECK,missing_response;unexpected_click_count_1,sub-020_ses-01_task-WorkingMemory_run-3_eeg_events.csv
sub-020,3,16,7,probe_target,C,,feedback_correct,correct,,1,,correct,CHECK,missing_response;unexpected_click_count_1,sub-020_ses-01_task-WorkingMemory_run-3_eeg_events.csv
sub-020,3,17,7,probe_target,R,,feedback_correct,correct,,1,,correct,CHECK,missing_response;unexpected_click_count_1,sub-020_ses-01_task-WorkingMemory_run-3_eeg_events.csv
sub-020,3,18,5,probe_not_shown,H,ignored_correct,feedback_correct,correct,438.51052229999914,2,True,correct,OK,,sub-020_ses-01_task-WorkingMemory_run-3_eeg_events.csv
sub-020,3,19,5,probe_not_shown,B,ignored_correct,feedback_correct,correct,904.7280279000115,2,True,correct,OK,,sub-020_ses-01_task-WorkingMemory_run-3_eeg_events.csv
sub-020,3,20,7,probe_not_shown,Y,ignored_correct,feedback_correct,correct,738.4361155999941,2,True,correct,OK,,sub-020_ses-01_task-WorkingMemory_run-3_eeg_events.csv
sub-020,3,21,7,probe_not_shown,P,ignored_correct,feedback_correct,correct,821.2569897999929,2,True,correct,OK,,sub-020_ses-01_task-WorkingMemory_run-3_eeg_events.csv
sub-020,3,22,5,probe_not_shown,G,ignored_correct,feedback_correct,correct,663.1671447999834,2,True,correct,OK,,sub-020_ses-01_task-WorkingMemory_run-3_eeg_events.csv
sub-020,3,23,5,probe_target,H,,feedback_correct,correct,,1,,correct,CHECK,missing_response;unexpected_click_count_1,sub-020_ses-01_task-WorkingMemory_run-3_eeg_events.csv
sub-020,3,24,3,probe_target,K,,feedback_correct,correct,,1,,correct,CHECK,missing_response;unexpected_click_count_1,sub-020_ses-01_task-WorkingMemory_run-3_eeg_events.csv
sub-020,3,25,7,probe_target,V,,feedback_correct,correct,,1,,correct,CHECK,missing_response;unexpected_click_count_1,sub-020_ses-01_task-WorkingMemory_run-3_eeg_events.csv
sub-021,1,1,7,probe_not_shown,L,ignored_correct,feedback_correct,correct,444.1635771000001,2,True,correct,OK,,sub-021_ses-01_task-WorkingMemory_run-1_eeg_events.csv
sub-021,1,2,3,probe_target,V,,feedback_correct,correct,,1,,correct,CHECK,missing_response;unexpected_click_count_1,sub-021_ses-01_task-WorkingMemory_run-1_eeg_events.csv
sub-021,1,3,7,probe_not_shown,F,ignored_correct,feedback_correct,correct,368.59425324999756,2,True,correct,OK,,sub-021_ses-01_task-WorkingMemory_run-1_eeg_events.csv
sub-021,1,4,3,probe_not_shown,L,ignored_correct,feedback_correct,correct,397.6016707000017,2,True,correct,OK,,sub-021_ses-01_task-WorkingMemory_run-1_eeg_events.csv
sub-021,1,5,7,probe_target,Z,,feedback_correct,correct,,1,,correct,CHECK,missing_response;unexpected_click_count_1,sub-021_ses-01_task-WorkingMemory_run-1_eeg_events.csv
sub-021,1,6,3,probe_target,B,,feedback_correct,correct,,1,,correct,CHECK,missing_response;unexpected_click_count_1,sub-021_ses-01_task-WorkingMemory_run-1_eeg_events.csv
sub-021,1,7,5,probe_target,J,,feedback_correct,correct,,1,,correct,CHECK,missing_response;unexpected_click_count_1,sub-021_ses-01_task-WorkingMemory_run-1_eeg_events.csv
sub-021,1,8,7,probe_not_shown,B,ignored_correct,feedback_correct,correct,377.54654244999983,2,True,correct,OK,,sub-021_ses-01_task-WorkingMemory_run-1_eeg_events.csv
sub-021,1,9,3,probe_target,D,,feedback_correct,correct,,1,,correct,CHECK,missing_response;unexpected_click_count_1,sub-021_ses-01_task-WorkingMemory_run-1_eeg_events.csv
sub-021,1,10,5,probe_not_shown,T,ignored_correct,feedback_correct,correct,350.48962370000663,2,True,correct,OK,,sub-021_ses-01_task-WorkingMemory_run-1_eeg_events.csv
sub-021,1,11,3,probe_not_shown,S,ignored_correct,feedback_correct,correct,402.55293684997014,2,True,correct,OK,,sub-021_ses-01_task-WorkingMemory_run-1_eeg_events.csv
sub-021,1,12,5,probe_target,R,,feedback_correct,correct,,1,,correct,CHECK,missing_response;unexpected_click_count_1,sub-021_ses-01_task-WorkingMemory_run-1_eeg_events.csv
sub-021,1,13,7,probe_not_shown,C,ignored_correct,feedback_correct,correct,310.37936714998796,2,True,correct,OK,,sub-021_ses-01_task-WorkingMemory_run-1_eeg_events.csv
sub-021,1,14,5,probe_not_shown,Q,ignored_correct,feedback_correct,correct,349.03925279999385,2,True,correct,OK,,sub-021_ses-01_task-WorkingMemory_run-1_eeg_events.csv
sub-021,1,15,7,probe_target,B,,feedback_correct,correct,,1,,correct,CHECK,missing_response;unexpected_click_count_1,sub-021_ses-01_task-WorkingMemory_run-1_eeg_events.csv
sub-021,1,16,5,probe_target,R,,feedback_correct,correct,,1,,correct,CHECK,missing_response;unexpected_click_count_1,sub-021_ses-01_task-WorkingMemory_run-1_eeg_events.csv
sub-021,1,17,3,probe_target,J,,feedback_correct,correct,,1,,correct,CHECK,missing_response;unexpected_click_count_1,sub-021_ses-01_task-WorkingMemory_run-1_eeg_events.csv
sub-021,1,18,7,probe_not_shown,G,ignored_correct,feedback_correct,correct,400.6024380500021,2,True,correct,OK,,sub-021_ses-01_task-WorkingMemory_run-1_eeg_events.csv
sub-021,1,19,5,probe_target,L,,feedback_correct,correct,,1,,correct,CHECK,missing_response;unexpected_click_count_1,sub-021_ses-01_task-WorkingMemory_run-1_eeg_events.csv
sub-021,1,20,5,probe_target,G,,feedback_correct,correct,,1,,correct,CHECK,missing_response;unexpected_click_count_1,sub-021_ses-01_task-WorkingMemory_run-1_eeg_events.csv
sub-021,1,21,7,probe_target,M,,feedback_correct,correct,,1,,correct,CHECK,missing_response;unexpected_click_count_1,sub-021_ses-01_task-WorkingMemory_run-1_eeg_events.csv
sub-021,1,22,5,probe_target,L,,feedback_correct,correct,,1,,correct,CHECK,missing_response;unexpected_click_count_1,sub-021_ses-01_task-WorkingMemory_run-1_eeg_events.csv
sub-021,1,23,5,probe_not_shown,J,ignored_correct,feedback_correct,correct,369.04436835000524,2,True,correct,OK,,sub-021_ses-01_task-WorkingMemory_run-1_eeg_events.csv
sub-021,1,24,3,probe_target,C,,feedback_correct,correct,,1,,correct,CHECK,missing_response;unexpected_click_count_1,sub-021_ses-01_task-WorkingMemory_run-1_eeg_events.csv
sub-021,1,25,3,probe_target,V,,feedback_correct,correct,,1,,correct,CHECK,missing_response;unexpected_click_count_1,sub-021_ses-01_task-WorkingMemory_run-1_eeg_events.csv
sub-021,2,0,0,,,ignored_correct,,,,1,,correct,CHECK,missing_probe;missing_feedback;unexpected_click_count_1,sub-021_ses-01_task-WorkingMemory_run-2_eeg_events.csv
sub-021,2,1,5,probe_target,Q,,feedback_correct,correct,,1,,correct,CHECK,missing_response;unexpected_click_count_1,sub-021_ses-01_task-WorkingMemory_run-2_eeg_events.csv
sub-021,2,2,3,probe_target,R,,feedback_correct,correct,,1,,correct,CHECK,missing_response;unexpected_click_count_1,sub-021_ses-01_task-WorkingMemory_run-2_eeg_events.csv
sub-021,2,3,3,probe_not_shown,X,ignored_correct,feedback_correct,correct,272.5198808999994,2,True,correct,OK,,sub-021_ses-01_task-WorkingMemory_run-2_eeg_events.csv
sub-021,2,4,7,probe_not_shown,X,ignored_correct,feedback_correct,correct,275.8207273000007,2,True,correct,OK,,sub-021_ses-01_task-WorkingMemory_run-2_eeg_events.csv
sub-021,2,5,7,probe_target,X,,feedback_correct,correct,,1,,correct,CHECK,missing_response;unexpected_click_count_1,sub-021_ses-01_task-WorkingMemory_run-2_eeg_events.csv
sub-021,2,6,7,probe_target,S,,feedback_correct,correct,,1,,correct,CHECK,missing_response;unexpected_click_count_1,sub-021_ses-01_task-WorkingMemory_run-2_eeg_events.csv
sub-021,2,7,3,probe_target,P,,feedback_correct,correct,,1,,correct,CHECK,missing_response;unexpected_click_count_1,sub-021_ses-01_task-WorkingMemory_run-2_eeg_events.csv
sub-021,2,8,7,probe_not_shown,L,ignored_correct,feedback_correct,correct,578.3983157499897,2,True,correct,OK,,sub-021_ses-01_task-WorkingMemory_run-2_eeg_events.csv
sub-021,2,9,3,probe_target,L,,feedback_correct,correct,,1,,correct,CHECK,missing_response;unexpected_click_count_1,sub-021_ses-01_task-WorkingMemory_run-2_eeg_events.csv
sub-021,2,10,5,probe_target,P,,feedback_correct,correct,,1,,correct,CHECK,missing_response;unexpected_click_count_1,sub-021_ses-01_task-WorkingMemory_run-2_eeg_events.csv
sub-021,2,11,5,probe_not_shown,Q,ignored_correct,feedback_correct,correct,328.63427004998084,2,True,correct,OK,,sub-021_ses-01_task-WorkingMemory_run-2_eeg_events.csv
sub-021,2,12,3,probe_target,R,,feedback_correct,correct,,1,,correct,CHECK,missing_response;unexpected_click_count_1,sub-021_ses-01_task-WorkingMemory_run-2_eeg_events.csv
sub-021,2,13,7,probe_not_shown,Y,ignored_correct,feedback_correct,correct,327.03385959999287,2,True,correct,OK,,sub-021_ses-01_task-WorkingMemory_run-2_eeg_events.csv
sub-021,2,14,3,probe_not_shown,B,ignored_correct,feedback_correct,correct,420.60785430000396,2,True,correct,OK,,sub-021_ses-01_task-WorkingMemory_run-2_eeg_events.csv
sub-021,2,15,3,probe_target,S,,feedback_correct,correct,,1,,correct,CHECK,missing_response;unexpected_click_count_1,sub-021_ses-01_task-WorkingMemory_run-2_eeg_events.csv
sub-021,2,16,3,probe_not_shown,Q,ignored_correct,feedback_correct,correct,302.17748584999936,2,True,correct,OK,,sub-021_ses-01_task-WorkingMemory_run-2_eeg_events.csv
sub-021,2,17,5,probe_not_shown,L,ignored_correct,feedback_correct,correct,311.22980709999683,2,True,correct,OK,,sub-021_ses-01_task-WorkingMemory_run-2_eeg_events.csv
sub-021,2,18,5,probe_not_shown,J,ignored_correct,feedback_correct,correct,309.3293197499879,2,True,correct,OK,,sub-021_ses-01_task-WorkingMemory_run-2_eeg_events.csv
sub-021,2,19,3,probe_target,K,,feedback_correct,correct,,1,,correct,CHECK,missing_response;unexpected_click_count_1,sub-021_ses-01_task-WorkingMemory_run-2_eeg_events.csv
sub-021,2,20,7,probe_target,Z,,feedback_correct,correct,,1,,correct,CHECK,missing_response;unexpected_click_count_1,sub-021_ses-01_task-WorkingMemory_run-2_eeg_events.csv
sub-021,2,21,5,probe_not_shown,Z,ignored_correct,feedback_correct,correct,287.92383085004985,2,True,correct,OK,,sub-021_ses-01_task-WorkingMemory_run-2_eeg_events.csv
sub-021,2,22,7,probe_target,G,,feedback_correct,correct,,1,,correct,CHECK,missing_response;unexpected_click_count_1,sub-021_ses-01_task-WorkingMemory_run-2_eeg_events.csv
sub-021,2,23,7,probe_not_shown,Z,,feedback_incorrect,wrong,,1,,wrong,CHECK,missing_response;unexpected_click_count_1,sub-021_ses-01_task-WorkingMemory_run-2_eeg_events.csv
sub-021,2,24,5,probe_target,X,,feedback_correct,correct,,1,,correct,CHECK,missing_response;unexpected_click_count_1,sub-021_ses-01_task-WorkingMemory_run-2_eeg_events.csv
sub-021,2,25,5,probe_target,K,,feedback_correct,correct,,1,,correct,CHECK,missing_response;unexpected_click_count_1,sub-021_ses-01_task-WorkingMemory_run-2_eeg_events.csv
sub-021,3,1,5,probe_target,H,,feedback_correct,correct,,1,,correct,CHECK,missing_response;unexpected_click_count_1,sub-021_ses-01_task-WorkingMemory_run-3_eeg_events.csv
sub-021,3,2,3,probe_not_shown,Z,ignored_correct,feedback_correct,correct,361.1424165499993,2,True,correct,OK,,sub-021_ses-01_task-WorkingMemory_run-3_eeg_events.csv
sub-021,3,3,3,probe_target,T,,feedback_correct,correct,,1,,correct,CHECK,missing_response;unexpected_click_count_1,sub-021_ses-01_task-WorkingMemory_run-3_eeg_events.csv
sub-021,3,4,3,probe_not_shown,F,ignored_correct,feedback_correct,correct,277.1709282000011,2,True,correct,OK,,sub-021_ses-01_task-WorkingMemory_run-3_eeg_events.csv
sub-021,3,5,3,probe_not_shown,M,ignored_correct,feedback_correct,correct,255.41536094999174,2,True,correct,OK,,sub-021_ses-01_task-WorkingMemory_run-3_eeg_events.csv
sub-021,3,6,7,probe_target,C,,feedback_correct,correct,,1,,correct,CHECK,missing_response;unexpected_click_count_1,sub-021_ses-01_task-WorkingMemory_run-3_eeg_events.csv
sub-021,3,7,5,probe_target,W,,feedback_correct,correct,,1,,correct,CHECK,missing_response;unexpected_click_count_1,sub-021_ses-01_task-WorkingMemory_run-3_eeg_events.csv
sub-021,3,8,3,probe_target,B,,feedback_correct,correct,,1,,correct,CHECK,missing_response;unexpected_click_count_1,sub-021_ses-01_task-WorkingMemory_run-3_eeg_events.csv
sub-021,3,9,7,probe_target,R,,feedback_correct,correct,,1,,correct,CHECK,missing_response;unexpected_click_count_1,sub-021_ses-01_task-WorkingMemory_run-3_eeg_events.csv
sub-021,3,10,5,probe_not_shown,G,ignored_correct,feedback_correct,correct,393.80077390000224,2,True,correct,OK,,sub-021_ses-01_task-WorkingMemory_run-3_eeg_events.csv
sub-021,3,11,7,probe_target,W,,feedback_correct,correct,,1,,correct,CHECK,missing_response;unexpected_click_count_1,sub-021_ses-01_task-WorkingMemory_run-3_eeg_events.csv
sub-021,3,12,5,probe_not_shown,B,ignored_correct,feedback_correct,correct,406.6540630499949,1,True,correct,CHECK,unexpected_click_count_1,sub-021_ses-01_task-WorkingMemory_run-3_eeg_events.csv
sub-021,3,13,7,probe_target,V,,feedback_correct,correct,,1,,correct,CHECK,missing_response;unexpected_click_count_1,sub-021_ses-01_task-WorkingMemory_run-3_eeg_events.csv
sub-021,3,14,5,probe_target,Q,,feedback_correct,correct,,1,,correct,CHECK,missing_response;unexpected_click_count_1,sub-021_ses-01_task-WorkingMemory_run-3_eeg_events.csv
sub-021,3,15,7,probe_not_shown,P,ignored_correct,feedback_correct,correct,452.71585029998096,1,True,correct,CHECK,unexpected_click_count_1,sub-021_ses-01_task-WorkingMemory_run-3_eeg_events.csv
sub-021,3,16,5,probe_target,F,,feedback_correct,correct,,1,,correct,CHECK,missing_response;unexpected_click_count_1,sub-021_ses-01_task-WorkingMemory_run-3_eeg_events.csv
sub-021,3,17,7,probe_target,G,,feedback_correct,correct,,1,,correct,CHECK,missing_response;unexpected_click_count_1,sub-021_ses-01_task-WorkingMemory_run-3_eeg_events.csv
sub-021,3,18,7,probe_target,P,,feedback_correct,correct,,1,,correct,CHECK,missing_response;unexpected_click_count_1,sub-021_ses-01_task-WorkingMemory_run-3_eeg_events.csv
sub-021,3,19,5,probe_not_shown,V,ignored_correct,feedback_correct,correct,259.61643605001154,2,True,correct,OK,,sub-021_ses-01_task-WorkingMemory_run-3_eeg_events.csv
sub-021,3,20,3,probe_target,R,,feedback_correct,correct,,0,,correct,CHECK,missing_response;unexpected_click_count_0,sub-021_ses-01_task-WorkingMemory_run-3_eeg_events.csv
sub-021,3,21,5,probe_not_shown,H,ignored_correct,feedback_correct,correct,312.42995105002774,2,True,correct,OK,,sub-021_ses-01_task-WorkingMemory_run-3_eeg_events.csv
sub-021,3,22,3,probe_target,K,,feedback_correct,correct,,1,,correct,CHECK,missing_response;unexpected_click_count_1,sub-021_ses-01_task-WorkingMemory_run-3_eeg_events.csv
sub-021,3,23,7,probe_not_shown,Y,ignored_correct,feedback_correct,correct,381.647663849988,2,True,correct,OK,,sub-021_ses-01_task-WorkingMemory_run-3_eeg_events.csv
sub-021,3,24,3,probe_not_shown,Y,ignored_correct,feedback_correct,correct,348.08907624997664,2,True,correct,OK,,sub-021_ses-01_task-WorkingMemory_run-3_eeg_events.csv
sub-021,3,25,7,probe_target,N,,feedback_correct,correct,,1,,correct,CHECK,missing_response;unexpected_click_count_1,sub-021_ses-01_task-WorkingMemory_run-3_eeg_events.csv
sub-022,1,1,7,probe_target,M,,feedback_correct,correct,,0,,correct,CHECK,missing_response;unexpected_click_count_0,sub-022_ses-01_task-WorkingMemory_run-1_eeg_events.csv
sub-022,1,2,5,probe_not_shown,J,ignored_correct,feedback_correct,correct,635.4612026943869,2,True,correct,OK,,sub-022_ses-01_task-WorkingMemory_run-1_eeg_events.csv
sub-022,1,3,3,probe_target,C,,feedback_correct,correct,,0,,correct,CHECK,missing_response;unexpected_click_count_0,sub-022_ses-01_task-WorkingMemory_run-1_eeg_events.csv
sub-022,1,4,5,probe_not_shown,Q,ignored_correct,feedback_correct,correct,717.5820349930873,1,True,correct,CHECK,unexpected_click_count_1,sub-022_ses-01_task-WorkingMemory_run-1_eeg_events.csv
sub-022,1,5,3,probe_not_shown,S,ignored_correct,feedback_correct,correct,566.8938086715061,2,True,correct,OK,,sub-022_ses-01_task-WorkingMemory_run-1_eeg_events.csv
sub-022,1,6,5,probe_not_shown,T,ignored_correct,feedback_correct,correct,637.7617862889892,2,True,correct,OK,,sub-022_ses-01_task-WorkingMemory_run-1_eeg_events.csv
sub-022,1,7,5,probe_target,L,,feedback_correct,correct,,0,,correct,CHECK,missing_response;unexpected_click_count_0,sub-022_ses-01_task-WorkingMemory_run-1_eeg_events.csv
sub-022,1,8,7,probe_not_shown,B,ignored_correct,feedback_correct,correct,561.842527267072,1,True,correct,CHECK,unexpected_click_count_1,sub-022_ses-01_task-WorkingMemory_run-1_eeg_events.csv
sub-022,1,9,3,probe_target,D,,feedback_correct,correct,,0,,correct,CHECK,missing_response;unexpected_click_count_0,sub-022_ses-01_task-WorkingMemory_run-1_eeg_events.csv
sub-022,1,10,5,probe_target,L,,feedback_correct,correct,,0,,correct,CHECK,missing_response;unexpected_click_count_0,sub-022_ses-01_task-WorkingMemory_run-1_eeg_events.csv
sub-022,1,11,3,probe_target,V,,feedback_correct,correct,,0,,correct,CHECK,missing_response;unexpected_click_count_0,sub-022_ses-01_task-WorkingMemory_run-1_eeg_events.csv
sub-022,1,12,3,probe_target,B,,feedback_correct,correct,,0,,correct,CHECK,missing_response;unexpected_click_count_0,sub-022_ses-01_task-WorkingMemory_run-1_eeg_events.csv
sub-022,1,13,3,probe_target,V,,feedback_correct,correct,,0,,correct,CHECK,missing_response;unexpected_click_count_0,sub-022_ses-01_task-WorkingMemory_run-1_eeg_events.csv
sub-022,1,14,5,probe_target,G,,feedback_correct,correct,,0,,correct,CHECK,missing_response;unexpected_click_count_0,sub-022_ses-01_task-WorkingMemory_run-1_eeg_events.csv
sub-022,1,15,5,probe_target,R,,feedback_correct,correct,,0,,correct,CHECK,missing_response;unexpected_click_count_0,sub-022_ses-01_task-WorkingMemory_run-1_eeg_events.csv
sub-022,1,16,3,probe_not_shown,L,ignored_correct,feedback_correct,correct,691.4754123087041,2,True,correct,OK,,sub-022_ses-01_task-WorkingMemory_run-1_eeg_events.csv
sub-022,1,17,7,probe_not_shown,G,ignored_correct,feedback_correct,correct,1202.6550874260429,2,True,correct,OK,,sub-022_ses-01_task-WorkingMemory_run-1_eeg_events.csv
sub-022,1,18,7,probe_target,B,ignored_incorrect,feedback_incorrect,wrong,743.6386449591082,2,True,wrong,OK,,sub-022_ses-01_task-WorkingMemory_run-1_eeg_events.csv
sub-022,1,19,5,probe_target,J,ignored_incorrect,feedback_incorrect,wrong,1075.422811415774,1,True,wrong,CHECK,unexpected_click_count_1,sub-022_ses-01_task-WorkingMemory_run-1_eeg_events.csv
sub-022,1,20,7,probe_not_shown,C,ignored_correct,feedback_correct,correct,766.5444557184528,1,True,correct,CHECK,unexpected_click_count_1,sub-022_ses-01_task-WorkingMemory_run-1_eeg_events.csv
sub-022,1,21,7,probe_not_shown,L,ignored_correct,feedback_correct,correct,582.1476782215177,1,True,correct,CHECK,unexpected_click_count_1,sub-022_ses-01_task-WorkingMemory_run-1_eeg_events.csv
sub-022,1,22,7,,,,,,,0,,unresolved,CHECK,missing_probe;missing_response;missing_feedback;unexpected_click_count_0;unresolved_behavior,sub-022_ses-01_task-WorkingMemory_run-1_eeg_events.csv
sub-022,2,1,5,probe_not_shown,Z,ignored_correct,feedback_correct,correct,921.7485853246053,1,True,correct,CHECK,unexpected_click_count_1,sub-022_ses-01_task-WorkingMemory_run-2_eeg_events.csv
sub-022,2,2,7,probe_not_shown,L,ignored_correct,feedback_correct,correct,754.0215478624523,1,True,correct,CHECK,unexpected_click_count_1,sub-022_ses-01_task-WorkingMemory_run-2_eeg_events.csv
sub-022,2,3,7,probe_not_shown,X,ignored_correct,feedback_correct,correct,707.56405890936,1,True,correct,CHECK,unexpected_click_count_1,sub-022_ses-01_task-WorkingMemory_run-2_eeg_events.csv
sub-022,2,4,5,probe_target,Q,,feedback_correct,correct,,0,,correct,CHECK,missing_response;unexpected_click_count_0,sub-022_ses-01_task-WorkingMemory_run-2_eeg_events.csv
sub-022,2,5,7,probe_target,G,,feedback_correct,correct,,0,,correct,CHECK,missing_response;unexpected_click_count_0,sub-022_ses-01_task-WorkingMemory_run-2_eeg_events.csv
sub-022,2,6,5,probe_target,K,,feedback_correct,correct,,0,,correct,CHECK,missing_response;unexpected_click_count_0,sub-022_ses-01_task-WorkingMemory_run-2_eeg_events.csv
sub-022,2,7,5,probe_not_shown,Q,ignored_correct,feedback_correct,correct,993.0600806833099,1,True,correct,CHECK,unexpected_click_count_1,sub-022_ses-01_task-WorkingMemory_run-2_eeg_events.csv
sub-022,2,8,3,probe_not_shown,B,ignored_correct,feedback_correct,correct,678.159318882259,1,True,correct,CHECK,unexpected_click_count_1,sub-022_ses-01_task-WorkingMemory_run-2_eeg_events.csv
sub-022,2,9,3,probe_target,L,,feedback_correct,correct,,0,,correct,CHECK,missing_response;unexpected_click_count_0,sub-022_ses-01_task-WorkingMemory_run-2_eeg_events.csv
sub-022,2,10,3,probe_not_shown,Q,ignored_correct,feedback_correct,correct,717.0655904948071,1,True,correct,CHECK,unexpected_click_count_1,sub-022_ses-01_task-WorkingMemory_run-2_eeg_events.csv
sub-022,2,11,3,probe_target,R,,feedback_correct,correct,,0,,correct,CHECK,missing_response;unexpected_click_count_0,sub-022_ses-01_task-WorkingMemory_run-2_eeg_events.csv
sub-022,2,12,7,probe_target,Z,,feedback_correct,correct,,0,,correct,CHECK,missing_response;unexpected_click_count_0,sub-022_ses-01_task-WorkingMemory_run-2_eeg_events.csv
sub-022,2,13,5,probe_target,P,,feedback_correct,correct,,0,,correct,CHECK,missing_response;unexpected_click_count_0,sub-022_ses-01_task-WorkingMemory_run-2_eeg_events.csv
sub-022,2,14,3,,,,,,,0,,unresolved,CHECK,missing_probe;missing_response;missing_feedback;unexpected_click_count_0;unresolved_behavior,sub-022_ses-01_task-WorkingMemory_run-2_eeg_events.csv
sub-022,3,1,7,probe_target,V,,feedback_correct,correct,,0,,correct,CHECK,missing_response;unexpected_click_count_0,sub-022_ses-01_task-WorkingMemory_run-3_eeg_events.csv
sub-022,3,2,7,probe_target,C,,feedback_correct,correct,,0,,correct,CHECK,missing_response;unexpected_click_count_0,sub-022_ses-01_task-WorkingMemory_run-3_eeg_events.csv
sub-022,3,3,5,probe_not_shown,V,ignored_correct,feedback_correct,correct,1272.8636803230183,1,True,correct,CHECK,unexpected_click_count_1,sub-022_ses-01_task-WorkingMemory_run-3_eeg_events.csv
sub-022,3,4,7,probe_target,W,ignored_incorrect,feedback_incorrect,wrong,816.9871506354539,1,True,wrong,CHECK,unexpected_click_count_1,sub-022_ses-01_task-WorkingMemory_run-3_eeg_events.csv
sub-022,3,5,7,probe_not_shown,P,ignored_correct,feedback_correct,correct,582.7978364094888,1,True,correct,CHECK,unexpected_click_count_1,sub-022_ses-01_task-WorkingMemory_run-3_eeg_events.csv
sub-022,3,6,5,probe_target,H,,feedback_correct,correct,,1,,correct,CHECK,missing_response;unexpected_click_count_1,sub-022_ses-01_task-WorkingMemory_run-3_eeg_events.csv
sub-022,3,7,3,probe_not_shown,Z,ignored_correct,feedback_correct,correct,1285.6658294944937,1,True,correct,CHECK,unexpected_click_count_1,sub-022_ses-01_task-WorkingMemory_run-3_eeg_events.csv
sub-022,3,8,7,probe_target,N,,feedback_correct,correct,,0,,correct,CHECK,missing_response;unexpected_click_count_0,sub-022_ses-01_task-WorkingMemory_run-3_eeg_events.csv
sub-022,3,9,7,probe_target,R,,feedback_correct,correct,,0,,correct,CHECK,missing_response;unexpected_click_count_0,sub-022_ses-01_task-WorkingMemory_run-3_eeg_events.csv
sub-022,3,10,3,probe_target,B,,feedback_correct,correct,,0,,correct,CHECK,missing_response;unexpected_click_count_0,sub-022_ses-01_task-WorkingMemory_run-3_eeg_events.csv
sub-022,3,11,5,probe_not_shown,B,ignored_correct,feedback_correct,correct,852.8931783570442,1,True,correct,CHECK,unexpected_click_count_1,sub-022_ses-01_task-WorkingMemory_run-3_eeg_events.csv
sub-022,3,12,3,probe_not_shown,Y,ignored_correct,feedback_correct,correct,699.4674221707392,1,True,correct,CHECK,unexpected_click_count_1,sub-022_ses-01_task-WorkingMemory_run-3_eeg_events.csv
sub-022,3,13,5,probe_target,Q,,feedback_correct,correct,,0,,correct,CHECK,missing_response;unexpected_click_count_0,sub-022_ses-01_task-WorkingMemory_run-3_eeg_events.csv
sub-022,3,14,3,probe_target,K,,feedback_correct,correct,,0,,correct,CHECK,missing_response;unexpected_click_count_0,sub-022_ses-01_task-WorkingMemory_run-3_eeg_events.csv
sub-022,3,15,7,probe_target,P,,feedback_correct,correct,,0,,correct,CHECK,missing_response;unexpected_click_count_0,sub-022_ses-01_task-WorkingMemory_run-3_eeg_events.csv
sub-022,3,16,3,probe_target,R,,feedback_correct,correct,,0,,correct,CHECK,missing_response;unexpected_click_count_0,sub-022_ses-01_task-WorkingMemory_run-3_eeg_events.csv
sub-022,3,17,5,probe_not_shown,H,ignored_correct,feedback_correct,correct,1163.795370626147,1,True,correct,CHECK,unexpected_click_count_1,sub-022_ses-01_task-WorkingMemory_run-3_eeg_events.csv
sub-022,3,18,7,probe_target,G,ignored_incorrect,feedback_incorrect,wrong,1255.210716869391,1,True,wrong,CHECK,unexpected_click_count_1,sub-022_ses-01_task-WorkingMemory_run-3_eeg_events.csv
sub-022,3,19,5,probe_target,W,,feedback_correct,correct,,0,,correct,CHECK,missing_response;unexpected_click_count_0,sub-022_ses-01_task-WorkingMemory_run-3_eeg_events.csv
sub-022,3,20,3,probe_not_shown,M,ignored_correct,feedback_correct,correct,1005.3687749541132,1,True,correct,CHECK,unexpected_click_count_1,sub-022_ses-01_task-WorkingMemory_run-3_eeg_events.csv
sub-022,3,21,5,probe_not_shown,G,ignored_correct,feedback_correct,correct,971.4130747289746,1,True,correct,CHECK,unexpected_click_count_1,sub-022_ses-01_task-WorkingMemory_run-3_eeg_events.csv
sub-022,3,22,3,probe_target,T,,feedback_correct,correct,,0,,correct,CHECK,missing_response;unexpected_click_count_0,sub-022_ses-01_task-WorkingMemory_run-3_eeg_events.csv
sub-022,3,23,7,probe_not_shown,Y,ignored_correct,feedback_correct,correct,1400.1350458699744,1,True,correct,CHECK,unexpected_click_count_1,sub-022_ses-01_task-WorkingMemory_run-3_eeg_events.csv
sub-022,3,24,3,probe_not_shown,F,ignored_correct,feedback_correct,correct,781.1811397995916,1,True,correct,CHECK,unexpected_click_count_1,sub-022_ses-01_task-WorkingMemory_run-3_eeg_events.csv
sub-022,3,25,5,probe_target,F,,feedback_correct,correct,,0,,correct,CHECK,missing_response;unexpected_click_count_0,sub-022_ses-01_task-WorkingMemory_run-3_eeg_events.csv
sub-022,4,1,7,probe_not_shown,V,ignored_correct,feedback_correct,correct,894.925147230897,1,True,correct,CHECK,unexpected_click_count_1,sub-022_ses-01_task-WorkingMemory_run-4_eeg_events.csv
sub-022,4,2,7,probe_not_shown,D,ignored_correct,feedback_correct,correct,925.8794759327648,2,True,correct,OK,,sub-022_ses-01_task-WorkingMemory_run-4_eeg_events.csv
sub-022,4,3,3,probe_target,C,,feedback_correct,correct,,0,,correct,CHECK,missing_response;unexpected_click_count_0,sub-022_ses-01_task-WorkingMemory_run-4_eeg_events.csv
sub-022,4,4,7,probe_target,H,,feedback_correct,correct,,0,,correct,CHECK,missing_response;unexpected_click_count_0,sub-022_ses-01_task-WorkingMemory_run-4_eeg_events.csv
sub-022,4,5,3,probe_target,N,,feedback_correct,correct,,0,,correct,CHECK,missing_response;unexpected_click_count_0,sub-022_ses-01_task-WorkingMemory_run-4_eeg_events.csv
sub-022,4,6,3,probe_target,S,,feedback_correct,correct,,0,,correct,CHECK,missing_response;unexpected_click_count_0,sub-022_ses-01_task-WorkingMemory_run-4_eeg_events.csv
sub-022,4,7,5,probe_not_shown,K,ignored_correct,feedback_correct,correct,712.7996786435979,1,True,correct,CHECK,unexpected_click_count_1,sub-022_ses-01_task-WorkingMemory_run-4_eeg_events.csv
sub-022,4,8,5,probe_target,F,,feedback_correct,correct,,0,,correct,CHECK,missing_response;unexpected_click_count_0,sub-022_ses-01_task-WorkingMemory_run-4_eeg_events.csv
sub-022,4,9,5,probe_not_shown,Z,ignored_correct,feedback_correct,correct,839.717426948002,2,True,correct,OK,,sub-022_ses-01_task-WorkingMemory_run-4_eeg_events.csv
sub-022,4,10,7,probe_not_shown,K,ignored_correct,feedback_correct,correct,1565.9189796832798,1,True,correct,CHECK,unexpected_click_count_1,sub-022_ses-01_task-WorkingMemory_run-4_eeg_events.csv
sub-022,4,11,5,probe_target,Y,,feedback_correct,correct,,0,,correct,CHECK,missing_response;unexpected_click_count_0,sub-022_ses-01_task-WorkingMemory_run-4_eeg_events.csv
sub-022,4,12,5,probe_not_shown,J,ignored_correct,feedback_correct,correct,647.440538769064,1,True,correct,CHECK,unexpected_click_count_1,sub-022_ses-01_task-WorkingMemory_run-4_eeg_events.csv
sub-022,4,13,5,probe_target,L,,feedback_correct,correct,,0,,correct,CHECK,missing_response;unexpected_click_count_0,sub-022_ses-01_task-WorkingMemory_run-4_eeg_events.csv
sub-022,4,14,5,probe_not_shown,B,ignored_correct,feedback_correct,correct,1776.7484622762422,2,True,correct,OK,,sub-022_ses-01_task-WorkingMemory_run-4_eeg_events.csv
sub-022,4,15,5,probe_target,M,,feedback_correct,correct,,0,,correct,CHECK,missing_response;unexpected_click_count_0,sub-022_ses-01_task-WorkingMemory_run-4_eeg_events.csv
sub-022,4,16,3,probe_not_shown,B,ignored_correct,feedback_correct,correct,658.8921401207335,1,True,correct,CHECK,unexpected_click_count_1,sub-022_ses-01_task-WorkingMemory_run-4_eeg_events.csv
sub-022,4,17,3,probe_not_shown,R,ignored_correct,feedback_correct,correct,1875.212231563375,2,True,correct,OK,,sub-022_ses-01_task-WorkingMemory_run-4_eeg_events.csv
sub-022,4,18,7,probe_not_shown,Q,ignored_correct,feedback_correct,correct,646.8404548067483,2,True,correct,OK,,sub-022_ses-01_task-WorkingMemory_run-4_eeg_events.csv
sub-022,4,19,7,probe_not_shown,J,ignored_correct,feedback_correct,correct,583.031531730725,2,True,correct,OK,,sub-022_ses-01_task-WorkingMemory_run-4_eeg_events.csv
sub-022,4,20,7,probe_target,K,ignored_incorrect,feedback_incorrect,wrong,789.2603709959658,1,True,wrong,CHECK,unexpected_click_count_1,sub-022_ses-01_task-WorkingMemory_run-4_eeg_events.csv
sub-022,4,21,7,probe_target,D,,feedback_correct,correct,,0,,correct,CHECK,missing_response;unexpected_click_count_0,sub-022_ses-01_task-WorkingMemory_run-4_eeg_events.csv
sub-022,4,22,5,probe_not_shown,B,ignored_correct,feedback_correct,correct,1031.3442242469755,1,True,correct,CHECK,unexpected_click_count_1,sub-022_ses-01_task-WorkingMemory_run-4_eeg_events.csv
sub-022,4,23,3,probe_not_shown,J,ignored_correct,feedback_correct,correct,596.5834268254694,1,True,correct,CHECK,unexpected_click_count_1,sub-022_ses-01_task-WorkingMemory_run-4_eeg_events.csv
sub-022,4,24,3,probe_not_shown,X,ignored_correct,feedback_correct,correct,473.26618199498625,1,True,correct,CHECK,unexpected_click_count_1,sub-022_ses-01_task-WorkingMemory_run-4_eeg_events.csv
sub-022,4,25,3,probe_not_shown,S,ignored_correct,feedback_correct,correct,723.7512101183529,2,True,correct,OK,,sub-022_ses-01_task-WorkingMemory_run-4_eeg_events.csv
sub-022,5,1,5,probe_not_shown,V,ignored_correct,feedback_correct,correct,1191.586288591474,2,True,correct,OK,,sub-022_ses-01_task-WorkingMemory_run-5_eeg_events.csv
sub-022,5,2,3,probe_not_shown,S,ignored_correct,feedback_correct,correct,621.9472331497091,1,True,correct,CHECK,unexpected_click_count_1,sub-022_ses-01_task-WorkingMemory_run-5_eeg_events.csv
sub-022,5,3,5,probe_not_shown,Q,ignored_correct,feedback_correct,correct,821.8784897226869,2,True,correct,OK,,sub-022_ses-01_task-WorkingMemory_run-5_eeg_events.csv
sub-022,5,4,5,probe_target,P,,feedback_correct,correct,,1,,correct,CHECK,missing_response;unexpected_click_count_1,sub-022_ses-01_task-WorkingMemory_run-5_eeg_events.csv
sub-022,5,5,7,probe_not_shown,J,ignored_correct,feedback_correct,correct,832.8302018686227,1,True,correct,CHECK,unexpected_click_count_1,sub-022_ses-01_task-WorkingMemory_run-5_eeg_events.csv
sub-022,5,6,3,probe_target,C,,feedback_correct,correct,,0,,correct,CHECK,missing_response;unexpected_click_count_0,sub-022_ses-01_task-WorkingMemory_run-5_eeg_events.csv
sub-022,5,7,3,probe_target,V,,feedback_correct,correct,,0,,correct,CHECK,missing_response;unexpected_click_count_0,sub-022_ses-01_task-WorkingMemory_run-5_eeg_events.csv
sub-022,5,8,5,probe_target,F,,feedback_correct,correct,,0,,correct,CHECK,missing_response;unexpected_click_count_0,sub-022_ses-01_task-WorkingMemory_run-5_eeg_events.csv
sub-022,5,9,7,probe_target,V,,feedback_correct,correct,,0,,correct,CHECK,missing_response;unexpected_click_count_0,sub-022_ses-01_task-WorkingMemory_run-5_eeg_events.csv
sub-022,5,10,7,probe_not_shown,K,ignored_correct,feedback_correct,correct,1394.9180767741636,2,True,correct,OK,,sub-022_ses-01_task-WorkingMemory_run-5_eeg_events.csv
sub-022,5,11,3,probe_target,J,,feedback_correct,correct,,0,,correct,CHECK,missing_response;unexpected_click_count_0,sub-022_ses-01_task-WorkingMemory_run-5_eeg_events.csv
sub-022,5,12,3,probe_target,D,,feedback_correct,correct,,0,,correct,CHECK,missing_response;unexpected_click_count_0,sub-022_ses-01_task-WorkingMemory_run-5_eeg_events.csv
sub-022,5,13,7,probe_not_shown,L,ignored_correct,feedback_correct,correct,609.8453411946248,2,True,correct,OK,,sub-022_ses-01_task-WorkingMemory_run-5_eeg_events.csv
sub-022,5,14,7,probe_target,W,,feedback_correct,correct,,0,,correct,CHECK,missing_response;unexpected_click_count_0,sub-022_ses-01_task-WorkingMemory_run-5_eeg_events.csv
sub-022,5,15,5,probe_target,H,,feedback_correct,correct,,0,,correct,CHECK,missing_response;unexpected_click_count_0,sub-022_ses-01_task-WorkingMemory_run-5_eeg_events.csv
sub-022,5,16,3,probe_target,K,,feedback_correct,correct,,0,,correct,CHECK,missing_response;unexpected_click_count_0,sub-022_ses-01_task-WorkingMemory_run-5_eeg_events.csv
sub-022,5,17,7,probe_not_shown,Q,ignored_correct,feedback_correct,correct,976.7026943993988,2,True,correct,OK,,sub-022_ses-01_task-WorkingMemory_run-5_eeg_events.csv
sub-022,5,18,7,probe_not_shown,V,,feedback_incorrect,wrong,,0,,wrong,CHECK,missing_response;unexpected_click_count_0,sub-022_ses-01_task-WorkingMemory_run-5_eeg_events.csv
sub-022,5,19,7,probe_target,K,,feedback_correct,correct,,0,,correct,CHECK,missing_response;unexpected_click_count_0,sub-022_ses-01_task-WorkingMemory_run-5_eeg_events.csv
sub-022,5,20,5,probe_not_shown,L,ignored_correct,feedback_correct,correct,1136.7277121762163,1,True,correct,CHECK,unexpected_click_count_1,sub-022_ses-01_task-WorkingMemory_run-5_eeg_events.csv
sub-022,5,21,5,probe_target,W,,feedback_correct,correct,,0,,correct,CHECK,missing_response;unexpected_click_count_0,sub-022_ses-01_task-WorkingMemory_run-5_eeg_events.csv
sub-022,5,22,3,probe_not_shown,Q,ignored_correct,feedback_correct,correct,900.9908578658942,1,True,correct,CHECK,unexpected_click_count_1,sub-022_ses-01_task-WorkingMemory_run-5_eeg_events.csv
sub-022,5,23,7,probe_target,D,,feedback_correct,correct,,0,,correct,CHECK,missing_response;unexpected_click_count_0,sub-022_ses-01_task-WorkingMemory_run-5_eeg_events.csv
sub-022,5,24,3,probe_target,R,,feedback_correct,correct,,0,,correct,CHECK,missing_response;unexpected_click_count_0,sub-022_ses-01_task-WorkingMemory_run-5_eeg_events.csv
sub-022,5,25,3,probe_target,B,,feedback_correct,correct,,0,,correct,CHECK,missing_response;unexpected_click_count_0,sub-022_ses-01_task-WorkingMemory_run-5_eeg_events.csv
sub-022,6,1,3,probe_not_shown,S,ignored_correct,feedback_correct,correct,718.914380527116,2,True,correct,OK,,sub-022_ses-01_task-WorkingMemory_run-6_eeg_events.csv
sub-022,6,2,7,probe_not_shown,L,ignored_correct,feedback_correct,correct,965.453605310031,2,True,correct,OK,,sub-022_ses-01_task-WorkingMemory_run-6_eeg_events.csv
sub-022,6,3,5,probe_not_shown,Q,ignored_correct,feedback_correct,correct,496.5289986444259,2,True,correct,OK,,sub-022_ses-01_task-WorkingMemory_run-6_eeg_events.csv
sub-022,6,4,5,probe_not_shown,T,ignored_correct,feedback_correct,correct,929.4978847575985,2,True,correct,OK,,sub-022_ses-01_task-WorkingMemory_run-6_eeg_events.csv
sub-022,6,5,5,probe_target,G,ignored_incorrect,feedback_incorrect,wrong,847.4348283381551,1,True,wrong,CHECK,unexpected_click_count_1,sub-022_ses-01_task-WorkingMemory_run-6_eeg_events.csv
sub-022,6,6,0,,,,,,,1,,unresolved,CHECK,missing_probe;missing_response;missing_feedback;unexpected_click_count_1;unresolved_behavior,sub-022_ses-01_task-WorkingMemory_run-6_eeg_events.csv
sub-022,6,7,3,probe_not_shown,L,ignored_correct,feedback_correct,correct,560.8392304927547,2,True,correct,OK,,sub-022_ses-01_task-WorkingMemory_run-6_eeg_events.csv
sub-022,6,8,7,probe_target,B,,feedback_correct,correct,,0,,correct,CHECK,missing_response;unexpected_click_count_0,sub-022_ses-01_task-WorkingMemory_run-6_eeg_events.csv
sub-022,6,9,3,probe_target,B,,feedback_correct,correct,,0,,correct,CHECK,missing_response;unexpected_click_count_0,sub-022_ses-01_task-WorkingMemory_run-6_eeg_events.csv
sub-022,6,10,3,probe_target,V,,feedback_correct,correct,,0,,correct,CHECK,missing_response;unexpected_click_count_0,sub-022_ses-01_task-WorkingMemory_run-6_eeg_events.csv
sub-022,6,11,7,probe_not_shown,G,ignored_correct,feedback_correct,correct,478.6761581877363,2,True,correct,OK,,sub-022_ses-01_task-WorkingMemory_run-6_eeg_events.csv
sub-022,6,12,3,probe_target,C,,feedback_correct,correct,,0,,correct,CHECK,missing_response;unexpected_click_count_0,sub-022_ses-01_task-WorkingMemory_run-6_eeg_events.csv
sub-022,6,13,3,probe_target,J,,feedback_correct,correct,,0,,correct,CHECK,missing_response;unexpected_click_count_0,sub-022_ses-01_task-WorkingMemory_run-6_eeg_events.csv
sub-022,6,14,3,probe_target,V,,feedback_correct,correct,,0,,correct,CHECK,missing_response;unexpected_click_count_0,sub-022_ses-01_task-WorkingMemory_run-6_eeg_events.csv
sub-022,6,15,3,probe_target,D,,feedback_correct,correct,,0,,correct,CHECK,missing_response;unexpected_click_count_0,sub-022_ses-01_task-WorkingMemory_run-6_eeg_events.csv
sub-022,6,16,7,probe_target,M,,feedback_correct,correct,,0,,correct,CHECK,missing_response;unexpected_click_count_0,sub-022_ses-01_task-WorkingMemory_run-6_eeg_events.csv
sub-022,6,17,7,probe_not_shown,B,ignored_correct,feedback_correct,correct,866.7879074790399,1,True,correct,CHECK,unexpected_click_count_1,sub-022_ses-01_task-WorkingMemory_run-6_eeg_events.csv
sub-022,6,18,5,probe_target,J,,feedback_correct,correct,,0,,correct,CHECK,missing_response;unexpected_click_count_0,sub-022_ses-01_task-WorkingMemory_run-6_eeg_events.csv
sub-022,6,19,7,probe_not_shown,F,ignored_correct,feedback_correct,correct,694.6105137234554,1,True,correct,CHECK,unexpected_click_count_1,sub-022_ses-01_task-WorkingMemory_run-6_eeg_events.csv
sub-022,6,20,7,probe_not_shown,C,ignored_correct,feedback_correct,correct,804.4279859251692,1,True,correct,CHECK,unexpected_click_count_1,sub-022_ses-01_task-WorkingMemory_run-6_eeg_events.csv
sub-022,6,21,5,probe_not_shown,J,ignored_correct,feedback_correct,correct,1175.236982255592,2,True,correct,OK,,sub-022_ses-01_task-WorkingMemory_run-6_eeg_events.csv
sub-022,6,22,7,probe_target,Z,,feedback_correct,correct,,0,,correct,CHECK,missing_response;unexpected_click_count_0,sub-022_ses-01_task-WorkingMemory_run-6_eeg_events.csv
sub-022,6,23,5,probe_target,R,,feedback_correct,correct,,0,,correct,CHECK,missing_response;unexpected_click_count_0,sub-022_ses-01_task-WorkingMemory_run-6_eeg_events.csv
sub-022,6,24,5,probe_target,R,,feedback_correct,correct,,0,,correct,CHECK,missing_response;unexpected_click_count_0,sub-022_ses-01_task-WorkingMemory_run-6_eeg_events.csv
sub-022,6,25,5,probe_target,L,,feedback_correct,correct,,0,,correct,CHECK,missing_response;unexpected_click_count_0,sub-022_ses-01_task-WorkingMemory_run-6_eeg_events.csv
sub-023,1,0,0,,,,,,,0,,unresolved,CHECK,missing_probe;missing_response;missing_feedback;unexpected_click_count_0;unresolved_behavior,sub-023_ses-01_task-WorkingMemory_run-1_eeg_events.csv
sub-023,1,1,7,probe_not_shown,C,ignored_correct,feedback_correct,correct,1218.6226591201303,1,True,correct,CHECK,unexpected_click_count_1,sub-023_ses-01_task-WorkingMemory_run-1_eeg_events.csv
sub-023,1,2,5,probe_not_shown,T,,feedback_incorrect,wrong,,0,,wrong,CHECK,missing_response;unexpected_click_count_0,sub-023_ses-01_task-WorkingMemory_run-1_eeg_events.csv
sub-023,1,3,5,probe_target,R,,feedback_correct,correct,,0,,correct,CHECK,missing_response;unexpected_click_count_0,sub-023_ses-01_task-WorkingMemory_run-1_eeg_events.csv
sub-023,1,4,3,probe_target,C,,feedback_correct,correct,,0,,correct,CHECK,missing_response;unexpected_click_count_0,sub-023_ses-01_task-WorkingMemory_run-1_eeg_events.csv
sub-023,1,5,3,probe_target,D,,feedback_correct,correct,,0,,correct,CHECK,missing_response;unexpected_click_count_0,sub-023_ses-01_task-WorkingMemory_run-1_eeg_events.csv
sub-023,1,6,5,probe_target,L,,feedback_correct,correct,,0,,correct,CHECK,missing_response;unexpected_click_count_0,sub-023_ses-01_task-WorkingMemory_run-1_eeg_events.csv
sub-023,1,7,3,probe_target,B,,feedback_correct,correct,,0,,correct,CHECK,missing_response;unexpected_click_count_0,sub-023_ses-01_task-WorkingMemory_run-1_eeg_events.csv
sub-023,1,8,3,probe_not_shown,S,ignored_correct,feedback_correct,correct,885.4481134199596,1,True,correct,CHECK,unexpected_click_count_1,sub-023_ses-01_task-WorkingMemory_run-1_eeg_events.csv
sub-023,1,9,7,probe_target,M,,feedback_correct,correct,,0,,correct,CHECK,missing_response;unexpected_click_count_0,sub-023_ses-01_task-WorkingMemory_run-1_eeg_events.csv
sub-023,1,10,5,probe_not_shown,J,ignored_correct,feedback_correct,correct,1071.0896495736379,1,True,correct,CHECK,unexpected_click_count_1,sub-023_ses-01_task-WorkingMemory_run-1_eeg_events.csv
sub-023,1,11,3,probe_not_shown,L,ignored_correct,feedback_correct,correct,864.4434137321659,1,True,correct,CHECK,unexpected_click_count_1,sub-023_ses-01_task-WorkingMemory_run-1_eeg_events.csv
sub-023,1,12,3,probe_target,V,,feedback_correct,correct,,0,,correct,CHECK,missing_response;unexpected_click_count_0,sub-023_ses-01_task-WorkingMemory_run-1_eeg_events.csv
sub-023,1,13,3,probe_target,V,,feedback_correct,correct,,0,,correct,CHECK,missing_response;unexpected_click_count_0,sub-023_ses-01_task-WorkingMemory_run-1_eeg_events.csv
sub-023,1,14,5,probe_target,L,,feedback_correct,correct,,0,,correct,CHECK,missing_response;unexpected_click_count_0,sub-023_ses-01_task-WorkingMemory_run-1_eeg_events.csv
sub-023,1,15,3,probe_target,J,,feedback_correct,correct,,0,,correct,CHECK,missing_response;unexpected_click_count_0,sub-023_ses-01_task-WorkingMemory_run-1_eeg_events.csv
sub-023,1,16,5,probe_not_shown,Q,ignored_correct,feedback_correct,correct,560.7254587931093,1,True,correct,CHECK,unexpected_click_count_1,sub-023_ses-01_task-WorkingMemory_run-1_eeg_events.csv
sub-023,1,17,7,probe_not_shown,B,,feedback_incorrect,wrong,,0,,wrong,CHECK,missing_response;unexpected_click_count_0,sub-023_ses-01_task-WorkingMemory_run-1_eeg_events.csv
sub-023,1,18,7,probe_target,Z,,feedback_correct,correct,,0,,correct,CHECK,missing_response;unexpected_click_count_0,sub-023_ses-01_task-WorkingMemory_run-1_eeg_events.csv
sub-023,1,19,7,probe_not_shown,G,ignored_correct,feedback_correct,correct,649.4453093037009,1,True,correct,CHECK,unexpected_click_count_1,sub-023_ses-01_task-WorkingMemory_run-1_eeg_events.csv
sub-023,1,20,5,probe_target,G,,feedback_correct,correct,,0,,correct,CHECK,missing_response;unexpected_click_count_0,sub-023_ses-01_task-WorkingMemory_run-1_eeg_events.csv
sub-023,1,21,5,probe_target,R,,feedback_correct,correct,,0,,correct,CHECK,missing_response;unexpected_click_count_0,sub-023_ses-01_task-WorkingMemory_run-1_eeg_events.csv
sub-023,1,22,7,probe_target,B,,feedback_correct,correct,,0,,correct,CHECK,missing_response;unexpected_click_count_0,sub-023_ses-01_task-WorkingMemory_run-1_eeg_events.csv
sub-023,1,23,7,probe_not_shown,L,ignored_correct,feedback_correct,correct,965.6660616891459,1,True,correct,CHECK,unexpected_click_count_1,sub-023_ses-01_task-WorkingMemory_run-1_eeg_events.csv
sub-023,1,24,7,probe_not_shown,F,ignored_correct,feedback_correct,correct,696.5058388161124,1,True,correct,CHECK,unexpected_click_count_1,sub-023_ses-01_task-WorkingMemory_run-1_eeg_events.csv
sub-023,1,25,5,probe_target,J,,feedback_correct,correct,,0,,correct,CHECK,missing_response;unexpected_click_count_0,sub-023_ses-01_task-WorkingMemory_run-1_eeg_events.csv
sub-023,2,1,3,probe_target,R,,feedback_correct,correct,,0,,correct,CHECK,missing_response;unexpected_click_count_0,sub-023_ses-01_task-WorkingMemory_run-2_eeg_events.csv
sub-023,2,2,3,probe_not_shown,Q,ignored_correct,feedback_correct,correct,362.6333495209692,1,True,correct,CHECK,unexpected_click_count_1,sub-023_ses-01_task-WorkingMemory_run-2_eeg_events.csv
sub-023,2,3,7,probe_target,G,,feedback_correct,correct,,0,,correct,CHECK,missing_response;unexpected_click_count_0,sub-023_ses-01_task-WorkingMemory_run-2_eeg_events.csv
sub-023,2,4,5,probe_not_shown,Q,ignored_correct,feedback_correct,correct,531.8222367628405,1,True,correct,CHECK,unexpected_click_count_1,sub-023_ses-01_task-WorkingMemory_run-2_eeg_events.csv
sub-023,2,5,5,probe_target,P,,feedback_correct,correct,,0,,correct,CHECK,missing_response;unexpected_click_count_0,sub-023_ses-01_task-WorkingMemory_run-2_eeg_events.csv
sub-023,2,6,3,probe_target,K,,feedback_correct,correct,,0,,correct,CHECK,missing_response;unexpected_click_count_0,sub-023_ses-01_task-WorkingMemory_run-2_eeg_events.csv
sub-023,2,7,5,probe_target,X,,feedback_correct,correct,,0,,correct,CHECK,missing_response;unexpected_click_count_0,sub-023_ses-01_task-WorkingMemory_run-2_eeg_events.csv
sub-023,2,8,3,probe_not_shown,B,ignored_correct,feedback_correct,correct,467.3574198258866,1,True,correct,CHECK,unexpected_click_count_1,sub-023_ses-01_task-WorkingMemory_run-2_eeg_events.csv
sub-023,2,9,5,probe_target,K,,feedback_correct,correct,,0,,correct,CHECK,missing_response;unexpected_click_count_0,sub-023_ses-01_task-WorkingMemory_run-2_eeg_events.csv
sub-023,2,10,5,probe_not_shown,L,ignored_correct,feedback_correct,correct,1161.3669345796807,1,True,correct,CHECK,unexpected_click_count_1,sub-023_ses-01_task-WorkingMemory_run-2_eeg_events.csv
sub-023,2,11,7,probe_not_shown,Z,ignored_correct,feedback_correct,correct,1421.476719497441,1,True,correct,CHECK,unexpected_click_count_1,sub-023_ses-01_task-WorkingMemory_run-2_eeg_events.csv
sub-023,2,12,7,probe_not_shown,Y,ignored_correct,feedback_correct,correct,1797.9132416474458,1,True,correct,CHECK,unexpected_click_count_1,sub-023_ses-01_task-WorkingMemory_run-2_eeg_events.csv
sub-023,2,13,5,probe_target,Q,,feedback_correct,correct,,0,,correct,CHECK,missing_response;unexpected_click_count_0,sub-023_ses-01_task-WorkingMemory_run-2_eeg_events.csv
sub-023,2,14,3,probe_target,S,,feedback_correct,correct,,0,,correct,CHECK,missing_response;unexpected_click_count_0,sub-023_ses-01_task-WorkingMemory_run-2_eeg_events.csv
sub-023,2,15,3,probe_target,L,,feedback_correct,correct,,0,,correct,CHECK,missing_response;unexpected_click_count_0,sub-023_ses-01_task-WorkingMemory_run-2_eeg_events.csv
sub-023,2,16,7,probe_target,Z,,feedback_correct,correct,,0,,correct,CHECK,missing_response;unexpected_click_count_0,sub-023_ses-01_task-WorkingMemory_run-2_eeg_events.csv
sub-023,2,17,7,probe_not_shown,X,ignored_correct,feedback_correct,correct,1457.3349613619212,1,True,correct,CHECK,unexpected_click_count_1,sub-023_ses-01_task-WorkingMemory_run-2_eeg_events.csv
sub-023,2,18,7,probe_target,S,ignored_incorrect,feedback_incorrect,wrong,2174.099706306326,1,True,wrong,CHECK,unexpected_click_count_1,sub-023_ses-01_task-WorkingMemory_run-2_eeg_events.csv
sub-023,2,19,3,probe_target,R,,feedback_correct,correct,,0,,correct,CHECK,missing_response;unexpected_click_count_0,sub-023_ses-01_task-WorkingMemory_run-2_eeg_events.csv
sub-023,2,20,7,probe_target,X,,feedback_correct,correct,,0,,correct,CHECK,missing_response;unexpected_click_count_0,sub-023_ses-01_task-WorkingMemory_run-2_eeg_events.csv
sub-023,2,21,5,probe_not_shown,J,ignored_correct,feedback_correct,correct,715.6644920434919,1,True,correct,CHECK,unexpected_click_count_1,sub-023_ses-01_task-WorkingMemory_run-2_eeg_events.csv
sub-023,2,22,5,probe_not_shown,Z,ignored_correct,feedback_correct,correct,681.3065950256423,1,True,correct,CHECK,unexpected_click_count_1,sub-023_ses-01_task-WorkingMemory_run-2_eeg_events.csv
sub-023,2,23,3,probe_target,P,,feedback_correct,correct,,0,,correct,CHECK,missing_response;unexpected_click_count_0,sub-023_ses-01_task-WorkingMemory_run-2_eeg_events.csv
sub-023,2,24,7,probe_not_shown,L,ignored_correct,feedback_correct,correct,1241.2352919286932,1,True,correct,CHECK,unexpected_click_count_1,sub-023_ses-01_task-WorkingMemory_run-2_eeg_events.csv
sub-023,2,25,3,probe_not_shown,X,ignored_correct,feedback_correct,correct,373.7859128842829,1,True,correct,CHECK,unexpected_click_count_1,sub-023_ses-01_task-WorkingMemory_run-2_eeg_events.csv
sub-023,3,1,3,probe_not_shown,Y,ignored_correct,feedback_correct,correct,431.2084015924247,1,True,correct,CHECK,unexpected_click_count_1,sub-023_ses-01_task-WorkingMemory_run-3_eeg_events.csv
sub-023,3,2,7,probe_target,V,,feedback_correct,correct,,0,,correct,CHECK,missing_response;unexpected_click_count_0,sub-023_ses-01_task-WorkingMemory_run-3_eeg_events.csv
sub-023,3,3,5,probe_not_shown,G,ignored_correct,feedback_correct,correct,944.6874853165355,1,True,correct,CHECK,unexpected_click_count_1,sub-023_ses-01_task-WorkingMemory_run-3_eeg_events.csv
sub-023,3,4,5,probe_target,Q,,feedback_correct,correct,,0,,correct,CHECK,missing_response;unexpected_click_count_0,sub-023_ses-01_task-WorkingMemory_run-3_eeg_events.csv
sub-023,3,5,3,probe_target,K,,feedback_correct,correct,,0,,correct,CHECK,missing_response;unexpected_click_count_0,sub-023_ses-01_task-WorkingMemory_run-3_eeg_events.csv
sub-023,3,6,7,probe_target,C,,feedback_correct,correct,,0,,correct,CHECK,missing_response;unexpected_click_count_0,sub-023_ses-01_task-WorkingMemory_run-3_eeg_events.csv
sub-023,3,7,3,probe_not_shown,M,ignored_correct,feedback_correct,correct,383.6464449939085,1,True,correct,CHECK,unexpected_click_count_1,sub-023_ses-01_task-WorkingMemory_run-3_eeg_events.csv
sub-023,3,8,7,probe_not_shown,P,ignored_correct,feedback_correct,correct,1481.9225410057406,1,True,correct,CHECK,unexpected_click_count_1,sub-023_ses-01_task-WorkingMemory_run-3_eeg_events.csv
sub-023,3,9,3,probe_target,B,ignored_incorrect,feedback_incorrect,wrong,432.95884168457997,1,True,wrong,CHECK,unexpected_click_count_1,sub-023_ses-01_task-WorkingMemory_run-3_eeg_events.csv
sub-023,3,10,7,probe_target,P,,feedback_correct,correct,,0,,correct,CHECK,missing_response;unexpected_click_count_0,sub-023_ses-01_task-WorkingMemory_run-3_eeg_events.csv
sub-023,3,11,5,probe_not_shown,V,ignored_correct,feedback_correct,correct,362.8412147613417,1,True,correct,CHECK,unexpected_click_count_1,sub-023_ses-01_task-WorkingMemory_run-3_eeg_events.csv
sub-023,3,12,7,probe_not_shown,Y,ignored_correct,feedback_correct,correct,3049.0665058756713,1,True,correct,CHECK,unexpected_click_count_1,sub-023_ses-01_task-WorkingMemory_run-3_eeg_events.csv
sub-023,3,13,5,probe_not_shown,B,ignored_correct,feedback_correct,correct,377.69494886056054,1,True,correct,CHECK,unexpected_click_count_1,sub-023_ses-01_task-WorkingMemory_run-3_eeg_events.csv
sub-023,3,14,3,probe_not_shown,Z,ignored_correct,feedback_correct,correct,309.7778751946462,1,True,correct,CHECK,unexpected_click_count_1,sub-023_ses-01_task-WorkingMemory_run-3_eeg_events.csv
sub-023,3,15,5,probe_target,W,,feedback_correct,correct,,0,,correct,CHECK,missing_response;unexpected_click_count_0,sub-023_ses-01_task-WorkingMemory_run-3_eeg_events.csv
sub-023,3,16,3,probe_target,R,,feedback_correct,correct,,0,,correct,CHECK,missing_response;unexpected_click_count_0,sub-023_ses-01_task-WorkingMemory_run-3_eeg_events.csv
sub-023,3,17,5,probe_not_shown,H,ignored_correct,feedback_correct,correct,859.9161746175087,1,True,correct,CHECK,unexpected_click_count_1,sub-023_ses-01_task-WorkingMemory_run-3_eeg_events.csv
sub-023,3,18,7,probe_target,R,,feedback_correct,correct,,0,,correct,CHECK,missing_response;unexpected_click_count_0,sub-023_ses-01_task-WorkingMemory_run-3_eeg_events.csv
sub-023,3,19,3,probe_target,T,,feedback_correct,correct,,0,,correct,CHECK,missing_response;unexpected_click_count_0,sub-023_ses-01_task-WorkingMemory_run-3_eeg_events.csv
sub-023,3,20,5,probe_target,H,,feedback_correct,correct,,0,,correct,CHECK,missing_response;unexpected_click_count_0,sub-023_ses-01_task-WorkingMemory_run-3_eeg_events.csv
sub-023,3,21,7,probe_target,W,,feedback_correct,correct,,0,,correct,CHECK,missing_response;unexpected_click_count_0,sub-023_ses-01_task-WorkingMemory_run-3_eeg_events.csv
sub-023,3,22,3,probe_not_shown,F,ignored_correct,feedback_correct,correct,346.6371412167209,1,True,correct,CHECK,unexpected_click_count_1,sub-023_ses-01_task-WorkingMemory_run-3_eeg_events.csv
sub-023,3,23,7,probe_target,N,,feedback_correct,correct,,0,,correct,CHECK,missing_response;unexpected_click_count_0,sub-023_ses-01_task-WorkingMemory_run-3_eeg_events.csv
sub-023,3,24,5,probe_target,F,,feedback_correct,correct,,0,,correct,CHECK,missing_response;unexpected_click_count_0,sub-023_ses-01_task-WorkingMemory_run-3_eeg_events.csv
sub-023,3,25,7,probe_target,G,,feedback_correct,correct,,0,,correct,CHECK,missing_response;unexpected_click_count_0,sub-023_ses-01_task-WorkingMemory_run-3_eeg_events.csv
sub-023,4,1,5,probe_target,F,,feedback_correct,correct,,0,,correct,CHECK,missing_response;unexpected_click_count_0,sub-023_ses-01_task-WorkingMemory_run-4_eeg_events.csv
sub-023,4,2,5,probe_target,L,,feedback_correct,correct,,0,,correct,CHECK,missing_response;unexpected_click_count_0,sub-023_ses-01_task-WorkingMemory_run-4_eeg_events.csv
sub-023,4,3,3,probe_target,N,,feedback_correct,correct,,0,,correct,CHECK,missing_response;unexpected_click_count_0,sub-023_ses-01_task-WorkingMemory_run-4_eeg_events.csv
sub-023,4,4,5,probe_not_shown,B,ignored_correct,feedback_correct,correct,894.5225121367184,1,True,correct,CHECK,unexpected_click_count_1,sub-023_ses-01_task-WorkingMemory_run-4_eeg_events.csv
sub-023,4,5,7,probe_target,D,,feedback_correct,correct,,0,,correct,CHECK,missing_response;unexpected_click_count_0,sub-023_ses-01_task-WorkingMemory_run-4_eeg_events.csv
sub-023,4,6,3,probe_not_shown,R,ignored_correct,feedback_correct,correct,1056.4037315655296,1,True,correct,CHECK,unexpected_click_count_1,sub-023_ses-01_task-WorkingMemory_run-4_eeg_events.csv
sub-023,4,7,5,probe_not_shown,K,ignored_correct,feedback_correct,correct,727.3902800175274,1,True,correct,CHECK,unexpected_click_count_1,sub-023_ses-01_task-WorkingMemory_run-4_eeg_events.csv
sub-023,4,8,7,probe_target,H,,feedback_correct,correct,,0,,correct,CHECK,missing_response;unexpected_click_count_0,sub-023_ses-01_task-WorkingMemory_run-4_eeg_events.csv
sub-023,4,9,7,probe_not_shown,D,,feedback_incorrect,wrong,,0,,wrong,CHECK,missing_response;unexpected_click_count_0,sub-023_ses-01_task-WorkingMemory_run-4_eeg_events.csv
sub-023,4,10,7,probe_target,K,,feedback_correct,correct,,0,,correct,CHECK,missing_response;unexpected_click_count_0,sub-023_ses-01_task-WorkingMemory_run-4_eeg_events.csv
sub-023,4,11,5,probe_target,Y,,feedback_correct,correct,,0,,correct,CHECK,missing_response;unexpected_click_count_0,sub-023_ses-01_task-WorkingMemory_run-4_eeg_events.csv
sub-023,4,12,5,probe_not_shown,B,ignored_correct,feedback_correct,correct,649.2752152453177,1,True,correct,CHECK,unexpected_click_count_1,sub-023_ses-01_task-WorkingMemory_run-4_eeg_events.csv
sub-023,4,13,7,probe_not_shown,K,ignored_correct,feedback_correct,correct,1947.9256650220195,1,True,correct,CHECK,unexpected_click_count_1,sub-023_ses-01_task-WorkingMemory_run-4_eeg_events.csv
sub-023,4,14,5,probe_target,M,,feedback_correct,correct,,0,,correct,CHECK,missing_response;unexpected_click_count_0,sub-023_ses-01_task-WorkingMemory_run-4_eeg_events.csv
sub-023,4,15,3,probe_target,S,,feedback_correct,correct,,0,,correct,CHECK,missing_response;unexpected_click_count_0,sub-023_ses-01_task-WorkingMemory_run-4_eeg_events.csv
sub-023,4,16,3,probe_not_shown,J,ignored_correct,feedback_correct,correct,306.9591982582351,1,True,correct,CHECK,unexpected_click_count_1,sub-023_ses-01_task-WorkingMemory_run-4_eeg_events.csv
sub-023,4,17,7,probe_not_shown,V,ignored_correct,feedback_correct,correct,348.61723220554995,1,True,correct,CHECK,unexpected_click_count_1,sub-023_ses-01_task-WorkingMemory_run-4_eeg_events.csv
sub-023,4,18,5,probe_not_shown,J,ignored_correct,feedback_correct,correct,857.1152980197512,1,True,correct,CHECK,unexpected_click_count_1,sub-023_ses-01_task-WorkingMemory_run-4_eeg_events.csv
sub-023,4,19,7,probe_not_shown,Q,ignored_correct,feedback_correct,correct,1295.2497939523892,1,True,correct,CHECK,unexpected_click_count_1,sub-023_ses-01_task-WorkingMemory_run-4_eeg_events.csv
sub-023,4,20,3,probe_target,C,,feedback_correct,correct,,0,,correct,CHECK,missing_response;unexpected_click_count_0,sub-023_ses-01_task-WorkingMemory_run-4_eeg_events.csv
sub-023,4,21,3,probe_not_shown,S,ignored_correct,feedback_correct,correct,366.72072352300165,1,True,correct,CHECK,unexpected_click_count_1,sub-023_ses-01_task-WorkingMemory_run-4_eeg_events.csv
sub-023,4,22,7,probe_not_shown,J,ignored_correct,feedback_correct,correct,1334.3573360315058,1,True,correct,CHECK,unexpected_click_count_1,sub-023_ses-01_task-WorkingMemory_run-4_eeg_events.csv
sub-023,4,23,3,probe_not_shown,B,ignored_correct,feedback_correct,correct,263.6008364488953,1,True,correct,CHECK,unexpected_click_count_1,sub-023_ses-01_task-WorkingMemory_run-4_eeg_events.csv
sub-023,4,24,5,probe_not_shown,Z,ignored_correct,feedback_correct,correct,640.8735949706752,1,True,correct,CHECK,unexpected_click_count_1,sub-023_ses-01_task-WorkingMemory_run-4_eeg_events.csv
sub-023,4,25,3,probe_not_shown,X,ignored_correct,feedback_correct,correct,287.6554754587123,1,True,correct,CHECK,unexpected_click_count_1,sub-023_ses-01_task-WorkingMemory_run-4_eeg_events.csv
sub-023,5,1,5,probe_target,W,,feedback_correct,correct,,0,,correct,CHECK,missing_response;unexpected_click_count_0,sub-023_ses-01_task-WorkingMemory_run-5_eeg_events.csv
sub-023,5,2,3,probe_not_shown,S,ignored_correct,feedback_correct,correct,370.6936481958255,1,True,correct,CHECK,unexpected_click_count_1,sub-023_ses-01_task-WorkingMemory_run-5_eeg_events.csv
sub-023,5,3,7,probe_not_shown,Q,ignored_correct,feedback_correct,correct,1611.0069881450545,1,True,correct,CHECK,unexpected_click_count_1,sub-023_ses-01_task-WorkingMemory_run-5_eeg_events.csv
sub-023,5,4,3,probe_target,B,,feedback_correct,correct,,0,,correct,CHECK,missing_response;unexpected_click_count_0,sub-023_ses-01_task-WorkingMemory_run-5_eeg_events.csv
sub-023,5,5,3,probe_target,J,,feedback_correct,correct,,0,,correct,CHECK,missing_response;unexpected_click_count_0,sub-023_ses-01_task-WorkingMemory_run-5_eeg_events.csv
sub-023,5,6,7,probe_not_shown,K,ignored_correct,feedback_correct,correct,1921.6854747150937,1,True,correct,CHECK,unexpected_click_count_1,sub-023_ses-01_task-WorkingMemory_run-5_eeg_events.csv
sub-023,5,7,3,probe_target,C,,feedback_correct,correct,,0,,correct,CHECK,missing_response;unexpected_click_count_0,sub-023_ses-01_task-WorkingMemory_run-5_eeg_events.csv
sub-023,5,8,7,probe_target,W,,feedback_correct,correct,,0,,correct,CHECK,missing_response;unexpected_click_count_0,sub-023_ses-01_task-WorkingMemory_run-5_eeg_events.csv
sub-023,5,9,5,probe_target,F,,feedback_correct,correct,,0,,correct,CHECK,missing_response;unexpected_click_count_0,sub-023_ses-01_task-WorkingMemory_run-5_eeg_events.csv
sub-023,5,10,5,probe_not_shown,Q,ignored_correct,feedback_correct,correct,1348.5406813690206,1,True,correct,CHECK,unexpected_click_count_1,sub-023_ses-01_task-WorkingMemory_run-5_eeg_events.csv
sub-023,5,11,3,probe_target,R,,feedback_correct,correct,,0,,correct,CHECK,missing_response;unexpected_click_count_0,sub-023_ses-01_task-WorkingMemory_run-5_eeg_events.csv
sub-023,5,12,5,probe_not_shown,V,ignored_correct,feedback_correct,correct,639.961673268117,1,True,correct,CHECK,unexpected_click_count_1,sub-023_ses-01_task-WorkingMemory_run-5_eeg_events.csv
sub-023,5,13,7,probe_target,D,,feedback_correct,correct,,0,,correct,CHECK,missing_response;unexpected_click_count_0,sub-023_ses-01_task-WorkingMemory_run-5_eeg_events.csv
sub-023,5,14,7,probe_not_shown,L,ignored_correct,feedback_correct,correct,989.3499391447695,1,True,correct,CHECK,unexpected_click_count_1,sub-023_ses-01_task-WorkingMemory_run-5_eeg_events.csv
sub-023,5,15,5,probe_target,P,,feedback_correct,correct,,0,,correct,CHECK,missing_response;unexpected_click_count_0,sub-023_ses-01_task-WorkingMemory_run-5_eeg_events.csv
sub-023,5,16,5,probe_target,H,,feedback_correct,correct,,0,,correct,CHECK,missing_response;unexpected_click_count_0,sub-023_ses-01_task-WorkingMemory_run-5_eeg_events.csv
sub-023,5,17,3,probe_target,V,,feedback_correct,correct,,0,,correct,CHECK,missing_response;unexpected_click_count_0,sub-023_ses-01_task-WorkingMemory_run-5_eeg_events.csv
sub-023,5,18,5,probe_not_shown,L,ignored_correct,feedback_correct,correct,700.2769107040076,1,True,correct,CHECK,unexpected_click_count_1,sub-023_ses-01_task-WorkingMemory_run-5_eeg_events.csv
sub-023,5,19,7,probe_not_shown,V,ignored_correct,feedback_correct,correct,1496.5280673308298,1,True,correct,CHECK,unexpected_click_count_1,sub-023_ses-01_task-WorkingMemory_run-5_eeg_events.csv
sub-023,5,20,7,probe_not_shown,J,ignored_correct,feedback_correct,correct,1083.1736417784705,1,True,correct,CHECK,unexpected_click_count_1,sub-023_ses-01_task-WorkingMemory_run-5_eeg_events.csv
sub-023,5,21,3,probe_not_shown,Q,ignored_correct,feedback_correct,correct,334.3844754702004,1,True,correct,CHECK,unexpected_click_count_1,sub-023_ses-01_task-WorkingMemory_run-5_eeg_events.csv
sub-023,5,22,7,probe_target,V,,feedback_correct,correct,,0,,correct,CHECK,missing_response;unexpected_click_count_0,sub-023_ses-01_task-WorkingMemory_run-5_eeg_events.csv
sub-023,5,23,3,probe_target,D,,feedback_correct,correct,,0,,correct,CHECK,missing_response;unexpected_click_count_0,sub-023_ses-01_task-WorkingMemory_run-5_eeg_events.csv
sub-023,5,24,7,probe_target,K,,feedback_correct,correct,,0,,correct,CHECK,missing_response;unexpected_click_count_0,sub-023_ses-01_task-WorkingMemory_run-5_eeg_events.csv
sub-023,5,25,3,probe_target,K,,feedback_correct,correct,,0,,correct,CHECK,missing_response;unexpected_click_count_0,sub-023_ses-01_task-WorkingMemory_run-5_eeg_events.csv
sub-024,1,1,5,probe_target,G,ignored_incorrect,feedback_incorrect,wrong,731.9359075499997,2,True,wrong,OK,,sub-024_ses-01_task-WorkingMemory_run-1_eeg_events.csv
sub-024,1,2,5,probe_not_shown,T,ignored_correct,feedback_correct,correct,311.4791138999972,2,True,correct,OK,,sub-024_ses-01_task-WorkingMemory_run-1_eeg_events.csv
sub-024,1,3,3,probe_target,V,ignored_incorrect,feedback_incorrect,wrong,510.82974784999533,2,True,wrong,OK,,sub-024_ses-01_task-WorkingMemory_run-1_eeg_events.csv
sub-024,1,4,7,probe_target,M,ignored_incorrect,feedback_incorrect,wrong,308.8784533500002,2,True,wrong,OK,,sub-024_ses-01_task-WorkingMemory_run-1_eeg_events.csv
sub-024,1,5,7,probe_not_shown,C,ignored_correct,feedback_correct,correct,320.6314385499936,2,True,correct,OK,,sub-024_ses-01_task-WorkingMemory_run-1_eeg_events.csv
sub-024,1,6,7,probe_not_shown,B,ignored_correct,feedback_correct,correct,256.7152041999798,2,True,correct,OK,,sub-024_ses-01_task-WorkingMemory_run-1_eeg_events.csv
sub-024,1,7,3,probe_not_shown,S,ignored_correct,feedback_correct,correct,300.1262303500116,2,True,correct,OK,,sub-024_ses-01_task-WorkingMemory_run-1_eeg_events.csv
sub-024,1,8,5,probe_target,L,ignored_incorrect,feedback_incorrect,wrong,278.6207681000087,2,True,wrong,OK,,sub-024_ses-01_task-WorkingMemory_run-1_eeg_events.csv
sub-024,1,9,7,probe_target,B,ignored_incorrect,feedback_incorrect,wrong,288.42325785000867,2,True,wrong,OK,,sub-024_ses-01_task-WorkingMemory_run-1_eeg_events.csv
sub-024,1,10,7,probe_target,Z,ignored_incorrect,feedback_incorrect,wrong,310.57888529999764,2,True,wrong,OK,,sub-024_ses-01_task-WorkingMemory_run-1_eeg_events.csv
sub-024,1,11,5,probe_target,J,ignored_incorrect,feedback_incorrect,wrong,299.82615410001017,2,True,wrong,OK,,sub-024_ses-01_task-WorkingMemory_run-1_eeg_events.csv
sub-024,1,12,7,probe_not_shown,F,ignored_correct,feedback_correct,correct,281.47149215001264,2,True,correct,OK,,sub-024_ses-01_task-WorkingMemory_run-1_eeg_events.csv
sub-024,1,13,3,probe_target,B,ignored_incorrect,feedback_incorrect,wrong,584.7985355000128,2,True,wrong,OK,,sub-024_ses-01_task-WorkingMemory_run-1_eeg_events.csv
sub-024,1,14,3,probe_not_shown,L,ignored_correct,feedback_correct,correct,393.2498832499841,2,True,correct,OK,,sub-024_ses-01_task-WorkingMemory_run-1_eeg_events.csv
sub-024,1,15,5,probe_target,L,ignored_incorrect,feedback_incorrect,wrong,466.2684295500221,2,True,wrong,OK,,sub-024_ses-01_task-WorkingMemory_run-1_eeg_events.csv
sub-024,1,16,5,probe_not_shown,Q,ignored_correct,feedback_correct,correct,467.66878519998863,2,True,correct,OK,,sub-024_ses-01_task-WorkingMemory_run-1_eeg_events.csv
sub-024,1,17,5,probe_target,R,ignored_incorrect,feedback_incorrect,wrong,712.4309534499771,2,True,wrong,OK,,sub-024_ses-01_task-WorkingMemory_run-1_eeg_events.csv
sub-024,1,18,7,probe_not_shown,L,ignored_correct,feedback_correct,correct,272.5692310500017,2,True,correct,OK,,sub-024_ses-01_task-WorkingMemory_run-1_eeg_events.csv
sub-024,1,19,3,probe_target,C,ignored_incorrect,feedback_incorrect,wrong,554.040723150014,2,True,wrong,OK,,sub-024_ses-01_task-WorkingMemory_run-1_eeg_events.csv
sub-024,1,20,3,probe_target,D,ignored_incorrect,feedback_incorrect,wrong,504.0780329499976,2,True,wrong,OK,,sub-024_ses-01_task-WorkingMemory_run-1_eeg_events.csv
sub-024,1,21,3,probe_target,J,ignored_incorrect,feedback_incorrect,wrong,429.30904205000843,2,True,wrong,OK,,sub-024_ses-01_task-WorkingMemory_run-1_eeg_events.csv
sub-024,1,22,5,probe_target,R,ignored_incorrect,feedback_incorrect,wrong,427.7586482500192,2,True,wrong,OK,,sub-024_ses-01_task-WorkingMemory_run-1_eeg_events.csv
sub-024,1,23,7,probe_not_shown,G,ignored_correct,feedback_correct,correct,358.5410674000159,2,True,correct,OK,,sub-024_ses-01_task-WorkingMemory_run-1_eeg_events.csv
sub-024,1,24,5,probe_not_shown,J,ignored_correct,feedback_correct,correct,490.87467935000313,2,True,correct,OK,,sub-024_ses-01_task-WorkingMemory_run-1_eeg_events.csv
sub-024,1,25,3,probe_target,V,ignored_incorrect,feedback_incorrect,wrong,562.4928700000164,2,True,wrong,OK,,sub-024_ses-01_task-WorkingMemory_run-1_eeg_events.csv
sub-024,2,1,7,probe_target,S,ignored_incorrect,feedback_incorrect,wrong,746.0398454500009,2,True,wrong,OK,,sub-024_ses-01_task-WorkingMemory_run-2_eeg_events.csv
sub-024,2,2,7,probe_target,G,ignored_incorrect,feedback_incorrect,wrong,335.9354858000006,2,True,wrong,OK,,sub-024_ses-01_task-WorkingMemory_run-2_eeg_events.csv
sub-024,2,3,3,probe_not_shown,B,ignored_correct,feedback_correct,correct,445.01324290000775,2,True,correct,OK,,sub-024_ses-01_task-WorkingMemory_run-2_eeg_events.csv
sub-024,2,4,5,probe_target,X,ignored_incorrect,feedback_incorrect,wrong,560.2425654499966,2,True,wrong,OK,,sub-024_ses-01_task-WorkingMemory_run-2_eeg_events.csv
sub-024,2,5,5,probe_target,P,ignored_incorrect,feedback_incorrect,wrong,318.7311077999984,2,True,wrong,OK,,sub-024_ses-01_task-WorkingMemory_run-2_eeg_events.csv
sub-024,2,6,3,probe_target,P,ignored_incorrect,feedback_incorrect,wrong,456.3661318999948,2,True,wrong,OK,,sub-024_ses-01_task-WorkingMemory_run-2_eeg_events.csv
sub-024,2,7,5,probe_not_shown,L,ignored_correct,feedback_correct,correct,207.55281614999694,2,True,correct,OK,,sub-024_ses-01_task-WorkingMemory_run-2_eeg_events.csv
sub-024,2,8,7,probe_target,X,ignored_incorrect,feedback_incorrect,wrong,391.19954889999644,2,True,wrong,OK,,sub-024_ses-01_task-WorkingMemory_run-2_eeg_events.csv
sub-024,2,9,3,probe_target,S,ignored_incorrect,feedback_incorrect,wrong,299.7762842999946,2,True,wrong,OK,,sub-024_ses-01_task-WorkingMemory_run-2_eeg_events.csv
sub-024,2,10,3,probe_target,L,ignored_incorrect,feedback_incorrect,wrong,251.51400299998932,2,True,wrong,OK,,sub-024_ses-01_task-WorkingMemory_run-2_eeg_events.csv
sub-024,2,11,7,probe_not_shown,Z,ignored_correct,feedback_correct,correct,380.5468380999955,2,True,correct,OK,,sub-024_ses-01_task-WorkingMemory_run-2_eeg_events.csv
sub-024,2,12,5,probe_not_shown,Q,ignored_correct,feedback_correct,correct,297.77577525001834,2,True,correct,OK,,sub-024_ses-01_task-WorkingMemory_run-2_eeg_events.csv
sub-024,2,13,7,probe_not_shown,X,ignored_correct,feedback_correct,correct,300.4264497999975,2,True,correct,OK,,sub-024_ses-01_task-WorkingMemory_run-2_eeg_events.csv
sub-024,2,14,7,probe_target,Z,ignored_incorrect,feedback_incorrect,wrong,258.9658993000048,2,True,wrong,OK,,sub-024_ses-01_task-WorkingMemory_run-2_eeg_events.csv
sub-024,2,15,5,probe_not_shown,Z,ignored_correct,feedback_correct,correct,259.11593744999846,2,True,correct,OK,,sub-024_ses-01_task-WorkingMemory_run-2_eeg_events.csv
sub-024,2,16,3,probe_target,R,ignored_incorrect,feedback_incorrect,wrong,438.0614738999866,2,True,wrong,OK,,sub-024_ses-01_task-WorkingMemory_run-2_eeg_events.csv
sub-024,2,17,7,probe_not_shown,Y,ignored_correct,feedback_correct,correct,189.44820904999506,2,True,correct,OK,,sub-024_ses-01_task-WorkingMemory_run-2_eeg_events.csv
sub-024,2,18,5,probe_target,K,ignored_incorrect,feedback_incorrect,wrong,414.55549229998724,2,True,wrong,OK,,sub-024_ses-01_task-WorkingMemory_run-2_eeg_events.csv
sub-024,2,19,3,probe_target,R,ignored_incorrect,feedback_incorrect,wrong,422.50751584998216,2,True,wrong,OK,,sub-024_ses-01_task-WorkingMemory_run-2_eeg_events.csv
sub-024,2,20,7,probe_not_shown,L,ignored_correct,feedback_correct,correct,393.5501470500021,2,True,correct,OK,,sub-024_ses-01_task-WorkingMemory_run-2_eeg_events.csv
sub-024,2,21,3,probe_not_shown,X,ignored_correct,feedback_correct,correct,304.4774806500063,2,True,correct,OK,,sub-024_ses-01_task-WorkingMemory_run-2_eeg_events.csv
sub-024,2,22,5,probe_not_shown,J,ignored_correct,feedback_correct,correct,245.46246305000386,2,True,correct,OK,,sub-024_ses-01_task-WorkingMemory_run-2_eeg_events.csv
sub-024,2,23,5,probe_target,Q,ignored_incorrect,feedback_incorrect,wrong,390.64940890000435,2,True,wrong,OK,,sub-024_ses-01_task-WorkingMemory_run-2_eeg_events.csv
sub-024,2,24,3,probe_target,K,ignored_incorrect,feedback_incorrect,wrong,333.6349004000076,2,True,wrong,OK,,sub-024_ses-01_task-WorkingMemory_run-2_eeg_events.csv
sub-024,2,25,3,probe_not_shown,Q,ignored_correct,feedback_correct,correct,279.27106634998927,2,True,correct,OK,,sub-024_ses-01_task-WorkingMemory_run-2_eeg_events.csv
sub-024,3,1,3,probe_target,B,ignored_incorrect,feedback_incorrect,wrong,457.8665137000007,2,True,wrong,OK,,sub-024_ses-01_task-WorkingMemory_run-3_eeg_events.csv
sub-024,3,2,7,probe_target,G,ignored_incorrect,feedback_incorrect,wrong,227.0077668999984,2,True,wrong,OK,,sub-024_ses-01_task-WorkingMemory_run-3_eeg_events.csv
sub-024,3,3,7,probe_target,C,ignored_incorrect,feedback_incorrect,wrong,157.8401656999995,2,True,wrong,OK,,sub-024_ses-01_task-WorkingMemory_run-3_eeg_events.csv
sub-024,3,4,5,probe_not_shown,G,ignored_correct,feedback_correct,correct,410.6544996500015,2,True,correct,OK,,sub-024_ses-01_task-WorkingMemory_run-3_eeg_events.csv
sub-024,3,5,7,probe_target,P,ignored_incorrect,feedback_incorrect,wrong,230.00853050000296,2,True,wrong,OK,,sub-024_ses-01_task-WorkingMemory_run-3_eeg_events.csv
sub-024,3,6,5,probe_not_shown,V,ignored_correct,feedback_correct,correct,236.6102104500169,2,True,correct,OK,,sub-024_ses-01_task-WorkingMemory_run-3_eeg_events.csv
sub-024,3,7,5,probe_target,H,ignored_incorrect,feedback_incorrect,wrong,411.7047668500163,2,True,wrong,OK,,sub-024_ses-01_task-WorkingMemory_run-3_eeg_events.csv
sub-024,3,8,3,probe_not_shown,Z,ignored_correct,feedback_correct,correct,352.0895965499949,2,True,correct,OK,,sub-024_ses-01_task-WorkingMemory_run-3_eeg_events.csv
sub-024,3,9,3,probe_target,K,ignored_incorrect,feedback_incorrect,wrong,416.20591229999263,2,True,wrong,OK,,sub-024_ses-01_task-WorkingMemory_run-3_eeg_events.csv
sub-024,3,10,5,probe_not_shown,B,ignored_correct,feedback_correct,correct,386.24828895000974,2,True,correct,OK,,sub-024_ses-01_task-WorkingMemory_run-3_eeg_events.csv
sub-024,3,11,7,probe_target,R,ignored_incorrect,feedback_incorrect,wrong,1158.74486685,2,True,wrong,OK,,sub-024_ses-01_task-WorkingMemory_run-3_eeg_events.csv
sub-024,3,12,5,probe_target,Q,ignored_incorrect,feedback_incorrect,wrong,391.2995743500069,2,True,wrong,OK,,sub-024_ses-01_task-WorkingMemory_run-3_eeg_events.csv
sub-024,3,13,3,probe_not_shown,Y,ignored_correct,feedback_correct,correct,466.31866454996634,2,True,correct,OK,,sub-024_ses-01_task-WorkingMemory_run-3_eeg_events.csv
sub-024,3,14,3,probe_target,T,ignored_incorrect,feedback_incorrect,wrong,402.1523360499996,2,True,wrong,OK,,sub-024_ses-01_task-WorkingMemory_run-3_eeg_events.csv
sub-024,3,15,5,probe_target,F,ignored_incorrect,feedback_incorrect,wrong,275.3200609500054,2,True,wrong,OK,,sub-024_ses-01_task-WorkingMemory_run-3_eeg_events.csv
sub-024,3,16,7,probe_not_shown,P,ignored_correct,feedback_correct,correct,339.5864148500259,2,True,correct,OK,,sub-024_ses-01_task-WorkingMemory_run-3_eeg_events.csv
sub-024,3,17,7,probe_target,N,ignored_incorrect,feedback_incorrect,wrong,271.06897915000445,2,True,wrong,OK,,sub-024_ses-01_task-WorkingMemory_run-3_eeg_events.csv
sub-024,3,18,7,probe_target,W,ignored_incorrect,feedback_incorrect,wrong,269.018457350001,2,True,wrong,OK,,sub-024_ses-01_task-WorkingMemory_run-3_eeg_events.csv
sub-024,3,19,7,probe_not_shown,Y,ignored_correct,feedback_correct,correct,230.55867050000234,2,True,correct,OK,,sub-024_ses-01_task-WorkingMemory_run-3_eeg_events.csv
sub-024,3,20,7,probe_target,V,ignored_incorrect,feedback_incorrect,wrong,426.3584958499996,2,True,wrong,OK,,sub-024_ses-01_task-WorkingMemory_run-3_eeg_events.csv
sub-024,3,21,3,probe_not_shown,F,ignored_correct,feedback_correct,correct,575.5464598500112,2,True,correct,OK,,sub-024_ses-01_task-WorkingMemory_run-3_eeg_events.csv
sub-024,3,22,3,probe_target,R,ignored_incorrect,feedback_incorrect,wrong,359.19140380001045,2,True,wrong,OK,,sub-024_ses-01_task-WorkingMemory_run-3_eeg_events.csv
sub-024,3,23,3,probe_not_shown,M,ignored_correct,feedback_correct,correct,432.6100867000059,2,True,correct,OK,,sub-024_ses-01_task-WorkingMemory_run-3_eeg_events.csv
sub-024,3,24,5,probe_target,W,ignored_incorrect,feedback_incorrect,wrong,428.10894130001543,2,True,wrong,OK,,sub-024_ses-01_task-WorkingMemory_run-3_eeg_events.csv
sub-024,3,25,5,probe_not_shown,H,ignored_correct,feedback_correct,correct,426.7085849000141,2,True,correct,OK,,sub-024_ses-01_task-WorkingMemory_run-3_eeg_events.csv
